DATE (MM/DD/YYYY),MST,Avg Wind Speed @ 2m [MPH],Avg Wind Speed @ 5m [MPH],Avg Wind Speed @ 10m [MPH],Avg Wind Speed @ 20m [MPH],Avg Wind Speed @ 50m [MPH],Avg Wind Speed @ 80m [MPH],Peak Wind Speed @ 2m [MPH],Peak Wind Speed @ 5m [MPH],Peak Wind Speed @ 10m [MPH],Peak Wind Speed @ 20m [MPH],Peak Wind Speed @ 50m [MPH],Peak Wind Speed @ 80m [MPH],Turbulence Intensity @ 2m,Turbulence Intensity @ 5m,Turbulence Intensity @ 10m,Turbulence Intensity @ 20m,Turbulence Intensity @ 50m,Turbulence Intensity @ 80m
1/1/2026,04:00,15.8621,16.3744,16.9739,18.6560,23.9352,24.8524,21.5641,22.0562,21.5864,23.6892,31.1829,29.7513,0.239,0.198,0.186,0.198,0.168,0.113
1/1/2026,04:01,16.5623,18.0744,19.8640,21.0048,25.8590,25.3669,23.3536,26.5077,25.7695,26.6643,33.7777,30.6908,0.26,0.258,0.225,0.164,0.114,0.101
1/1/2026,04:02,17.9626,20.0206,21.7654,24.2931,27.4472,27.8275,24.4050,24.5616,29.0802,30.8026,32.8830,33.5540,0.175,0.16,0.175,0.142,0.087,0.102
1/1/2026,04:03,15.9717,17.6696,18.4324,18.8350,21.5417,23.0628,19.5732,22.6602,23.9576,23.0404,29.9749,29.3262,0.146,0.152,0.158,0.108,0.122,0.141
1/1/2026,04:04,12.6186,14.1777,14.8779,15.3253,17.4727,17.3788,16.9783,18.0744,19.6627,20.6469,24.8076,23.8010,0.152,0.139,0.147,0.197,0.265,0.173
1/1/2026,04:05,7.5497,7.8136,8.3035,9.1781,11.4419,13.8958,10.4443,10.7843,11.0259,13.4328,15.0680,20.7140,0.223,0.259,0.242,0.216,0.13,0.229
1/1/2026,04:06,4.8430,5.5498,6.4222,7.3841,11.0751,14.5155,6.1538,8.9880,9.5942,13.1331,14.7034,19.3495,0.128,0.172,0.19,0.317,0.151,0.17
1/1/2026,04:07,8.9209,10.2519,10.8089,13.6453,23.3984,26.5301,15.6809,17.5667,18.5218,21.0943,30.9145,34.4041,0.442,0.397,0.393,0.339,0.205,0.172
1/1/2026,04:08,15.5087,16.7032,18.5442,19.7298,24.0247,27.7604,21.5193,22.1009,23.7115,24.5839,27.7827,31.8316,0.167,0.137,0.132,0.151,0.064,0.095
1/1/2026,04:09,12.8423,13.9003,15.3946,17.3765,22.8391,25.4340,16.2312,19.4166,21.6759,25.9261,29.3039,32.2119,0.149,0.179,0.195,0.185,0.152,0.078
1/1/2026,04:10,14.2157,15.5713,16.8352,18.6337,23.3536,26.3735,17.6763,19.2600,21.6759,24.4273,28.8341,32.3685,0.138,0.119,0.116,0.151,0.132,0.137
1/1/2026,04:11,12.5693,13.9451,15.6429,17.6628,21.2733,23.2641,16.3296,17.7165,21.6759,23.2865,25.3892,27.9617,0.136,0.123,0.161,0.159,0.096,0.106
1/1/2026,04:12,20.3338,23.0852,26.0379,28.9012,36.2160,38.8780,27.1564,29.1920,33.4198,38.1174,42.3899,43.1729,0.233,0.186,0.166,0.186,0.086,0.076
1/1/2026,04:13,21.9667,23.7339,25.1655,27.1117,30.3776,33.2856,30.6908,30.3776,32.7264,33.0843,38.8780,39.9741,0.16,0.154,0.141,0.129,0.15,0.131
1/1/2026,04:14,19.0140,20.7588,22.6154,24.4050,29.7289,31.6303,25.8590,26.9551,28.1407,28.8117,36.3278,36.5292,0.147,0.177,0.159,0.128,0.099,0.082
1/1/2026,04:15,19.1258,20.5798,22.2799,24.4497,27.9617,28.9460,25.4116,26.2393,26.4630,27.9617,33.5093,34.2922,0.129,0.137,0.119,0.091,0.118,0.087
1/1/2026,04:16,14.4126,16.0388,17.1484,18.7679,26.0603,31.3395,18.4771,20.4009,21.5417,23.4878,31.7421,39.1911,0.138,0.127,0.13,0.128,0.122,0.124
1/1/2026,04:17,20.2890,20.7588,22.0562,24.3155,32.3237,34.5159,26.7538,29.1473,29.5276,30.6013,38.5200,38.9898,0.183,0.198,0.167,0.15,0.101,0.085
1/1/2026,04:18,24.6287,26.5301,27.9841,30.3329,35.2989,37.4016,30.9368,31.5855,35.0528,37.5134,42.3899,43.9111,0.117,0.106,0.112,0.104,0.091,0.118
1/1/2026,04:19,23.5549,24.6287,25.7248,27.3354,31.5184,33.2409,29.2591,31.7421,33.6212,31.2947,35.2317,37.7371,0.1,0.118,0.114,0.089,0.073,0.085
1/1/2026,04:20,23.6892,25.9932,28.8565,30.9816,34.3593,35.4554,28.0959,31.5855,35.5002,37.7595,40.1306,38.5648,0.123,0.111,0.117,0.112,0.088,0.065
1/1/2026,04:21,24.8971,26.3958,27.0446,27.8051,33.4646,36.8200,35.8357,36.0147,36.1713,34.3817,41.6965,46.7743,0.14,0.124,0.139,0.116,0.119,0.103
1/1/2026,04:22,25.4787,27.8946,29.7960,34.0014,40.3991,44.4032,32.6816,35.6344,35.0975,41.9426,45.6111,48.1836,0.182,0.146,0.12,0.138,0.079,0.057
1/1/2026,04:23,32.3685,34.3593,35.7686,37.8266,40.5333,40.0188,38.3187,38.6766,40.2649,42.9939,52.9035,45.5217,0.095,0.077,0.06,0.063,0.1,0.07
1/1/2026,04:24,22.6154,24.1365,25.3221,27.1564,28.9460,29.1473,29.3933,30.1315,32.6369,33.1961,34.2028,36.1265,0.125,0.111,0.104,0.096,0.113,0.128
1/1/2026,04:25,20.8706,21.8996,23.1299,24.7405,28.2078,30.5565,25.0537,25.2103,26.6643,28.5209,34.5159,35.0304,0.098,0.08,0.063,0.086,0.122,0.105
1/1/2026,04:26,19.1482,21.4298,23.6444,27.4696,34.3817,34.5159,28.8565,30.7802,32.6816,34.9409,39.8846,38.4753,0.204,0.175,0.152,0.138,0.079,0.06
1/1/2026,04:27,25.5906,27.3577,28.3196,30.2657,33.5988,32.9277,31.8987,32.8830,32.9277,37.5134,39.9741,37.4239,0.174,0.129,0.125,0.135,0.099,0.087
1/1/2026,04:28,29.5499,31.1605,32.8159,34.4041,37.2450,35.4331,36.9318,38.3187,39.6832,44.6492,47.6020,39.8846,0.136,0.149,0.155,0.169,0.115,0.065
1/1/2026,04:29,23.5997,25.3669,27.2235,28.3196,30.7802,30.7579,29.1920,30.7355,31.8987,33.3975,37.6924,36.2160,0.125,0.126,0.109,0.121,0.141,0.124
1/1/2026,04:30,25.4787,26.3287,27.3130,30.5565,32.6145,32.1000,31.8540,32.1448,32.4356,34.5830,38.0055,38.2516,0.108,0.102,0.099,0.071,0.108,0.094
1/1/2026,04:31,20.8035,22.5707,23.2865,24.7853,28.5433,30.1315,25.9485,27.9841,28.3420,31.4513,37.0213,37.5805,0.157,0.146,0.154,0.171,0.162,0.119
1/1/2026,04:32,26.0156,27.0446,26.6195,26.7761,31.6526,32.4579,31.5855,31.1382,30.2657,31.0934,36.1713,34.9633,0.108,0.075,0.071,0.108,0.089,0.062
1/1/2026,04:33,20.8035,21.4746,23.2418,26.4182,28.7670,29.8631,26.9551,27.3354,30.0644,35.0752,36.1713,36.6858,0.18,0.166,0.169,0.154,0.115,0.132
1/1/2026,04:34,17.4749,19.0140,20.1324,20.3785,23.1076,25.9932,22.3246,23.2641,24.2931,25.4787,28.4091,34.6054,0.139,0.138,0.183,0.211,0.13,0.156
1/1/2026,04:35,20.6917,21.7654,23.2641,25.7919,33.9567,35.2765,30.8474,30.8474,31.0039,34.7844,39.8846,40.6675,0.226,0.205,0.199,0.181,0.103,0.101
1/1/2026,04:36,19.3942,20.7364,22.5931,24.7181,27.9617,27.6262,25.1208,25.1432,26.6195,28.0736,32.3237,32.2566,0.107,0.121,0.102,0.09,0.099,0.097
1/1/2026,04:37,22.0786,24.7181,27.1788,30.4447,35.1199,36.3055,29.7513,32.9724,35.5449,36.8647,39.1911,42.6584,0.155,0.131,0.156,0.123,0.107,0.122
1/1/2026,04:38,26.0156,28.2525,30.0421,30.9816,34.4264,34.0238,32.1000,35.2317,36.2831,36.7752,39.7280,38.8780,0.098,0.083,0.076,0.075,0.075,0.079
1/1/2026,04:39,25.8814,28.0512,29.9302,31.3618,37.0213,36.3502,33.6435,34.9857,37.3121,37.9161,41.1373,40.1306,0.13,0.123,0.129,0.13,0.072,0.065
1/1/2026,04:40,19.8864,21.5641,22.5483,24.4721,26.3958,26.8880,27.2459,28.7446,30.0197,32.7040,36.3278,35.1870,0.151,0.159,0.16,0.16,0.212,0.179
1/1/2026,04:41,20.2890,21.7878,22.9510,25.3892,30.1763,31.7198,24.6510,26.5972,26.9103,30.4447,35.7015,38.1621,0.14,0.116,0.097,0.097,0.112,0.104
1/1/2026,04:42,21.3851,22.9957,25.4563,27.9393,29.9973,30.3776,26.5524,27.4919,30.3105,34.2475,35.1423,34.8067,0.11,0.098,0.087,0.095,0.106,0.11
1/1/2026,04:43,20.5351,22.3470,24.7405,27.1117,29.6394,32.6816,25.7024,28.0959,30.0644,33.6883,35.9252,37.7371,0.121,0.107,0.093,0.131,0.081,0.111
1/1/2026,04:44,23.1299,25.3892,27.2906,28.4538,31.6750,33.2185,29.4605,36.8647,35.7462,34.3817,37.1779,38.5200,0.121,0.139,0.125,0.104,0.105,0.086
1/1/2026,04:45,21.5417,23.8457,26.1050,28.6775,31.6303,31.9435,27.9617,29.2815,30.9592,33.0843,34.6725,38.1621,0.132,0.118,0.093,0.08,0.054,0.096
1/1/2026,04:46,24.9418,26.9327,29.1920,31.6526,34.7620,35.2989,30.8921,32.3237,33.9120,35.3883,39.1016,39.7280,0.12,0.136,0.103,0.083,0.074,0.058
1/1/2026,04:47,20.0429,21.5641,23.4207,24.6510,28.4762,31.4737,28.8117,28.9460,29.9078,31.1605,37.5805,40.9136,0.171,0.155,0.145,0.115,0.135,0.109
1/1/2026,04:48,22.2351,24.3155,26.9551,30.8474,35.8581,36.9989,27.1117,30.3329,32.0777,36.8647,40.3543,40.7122,0.121,0.114,0.094,0.089,0.072,0.075
1/1/2026,04:49,25.1208,26.5972,28.0512,29.5052,32.7487,34.0462,31.1382,32.2790,36.6186,37.2674,38.5648,38.5648,0.145,0.14,0.111,0.118,0.097,0.068
1/1/2026,04:50,24.1142,26.1274,27.3801,28.6104,33.9120,32.6816,29.3039,33.9343,36.4844,36.7752,41.1373,40.2872,0.138,0.119,0.108,0.124,0.111,0.106
1/1/2026,04:51,25.7471,27.1117,28.2525,31.3395,36.2831,33.6212,32.5027,35.8805,37.1108,38.5200,42.1215,41.1820,0.148,0.164,0.199,0.124,0.104,0.125
1/1/2026,04:52,27.6262,29.7513,31.4513,33.4422,38.3635,37.6029,32.7935,34.7844,36.2384,38.6095,42.1662,41.3833,0.093,0.092,0.073,0.08,0.073,0.074
1/1/2026,04:53,25.1208,26.8432,28.8565,32.5251,38.1845,39.2806,32.5474,32.5922,36.5292,36.8647,40.6675,43.2176,0.143,0.123,0.129,0.087,0.043,0.069
1/1/2026,04:54,31.6303,33.1738,34.3146,35.3883,38.5648,37.5358,37.3792,39.3253,40.1754,40.4662,44.9401,42.1215,0.097,0.104,0.118,0.093,0.092,0.095
1/1/2026,04:55,25.5906,26.4630,28.7223,31.4066,33.2632,32.5922,29.3933,31.4290,33.8672,34.5830,35.6120,34.5607,0.084,0.1,0.1,0.059,0.048,0.063
1/1/2026,04:56,25.5011,27.1788,28.9907,30.0868,32.1448,33.7106,30.8921,32.8382,34.4041,33.9343,36.3950,37.1108,0.107,0.11,0.102,0.089,0.088,0.072
1/1/2026,04:57,19.9535,21.3404,22.5259,24.5839,27.5814,30.0421,24.9195,27.0446,28.2972,28.5657,31.7421,33.5093,0.116,0.115,0.119,0.11,0.11,0.07
1/1/2026,04:58,21.8325,23.7786,24.6734,26.1498,30.0197,31.4066,24.9195,27.4472,27.4472,29.1696,33.6212,34.9633,0.107,0.075,0.072,0.071,0.056,0.046
1/1/2026,04:59,19.6403,21.4298,22.6602,24.3826,27.6038,28.2749,24.0023,25.5906,28.2301,28.9012,32.9501,33.1514,0.117,0.104,0.11,0.089,0.096,0.067
1/1/2026,05:00,19.4390,20.6917,22.2128,23.1523,29.3710,30.7802,26.2169,26.6866,29.0354,29.4157,39.4596,33.9343,0.158,0.127,0.12,0.115,0.153,0.055
1/1/2026,05:01,22.4588,23.9128,25.7695,27.2011,28.3867,27.6933,26.3958,29.3933,30.5118,32.3908,33.9343,31.4737,0.092,0.1,0.089,0.104,0.102,0.08
1/1/2026,05:02,21.0272,21.5864,22.8839,24.6958,27.0222,27.2906,24.6063,24.5616,25.6800,29.1696,34.4488,33.7777,0.077,0.073,0.066,0.081,0.144,0.196
1/1/2026,05:03,19.6179,21.4970,22.0562,24.2260,29.4605,31.6974,24.8524,26.6419,27.4025,30.1092,32.7935,33.8672,0.135,0.156,0.152,0.114,0.055,0.034
1/1/2026,05:04,22.9062,24.5168,24.8524,26.5077,28.6775,29.6841,29.1473,28.3420,29.5276,29.3486,31.7421,32.9948,0.1,0.079,0.097,0.09,0.057,0.058
1/1/2026,05:05,22.4365,23.0181,23.9576,25.7024,28.1407,28.2301,28.2525,29.7960,29.6618,29.7513,33.4646,32.8830,0.109,0.119,0.14,0.123,0.119,0.114
1/1/2026,05:06,15.6809,15.9538,16.3319,19.4613,24.5168,26.5077,22.6154,21.9667,22.7049,25.7695,31.6974,30.5789,0.217,0.226,0.231,0.191,0.117,0.078
1/1/2026,05:07,23.8905,25.3221,27.5143,29.0578,30.8250,29.7289,32.6369,34.7844,36.2831,39.2582,36.2384,34.5607,0.177,0.16,0.15,0.122,0.105,0.096
1/1/2026,05:08,17.1551,18.6560,19.8416,22.6154,29.1249,30.4447,20.0653,21.6983,22.4588,27.8722,34.3593,35.5897,0.108,0.095,0.073,0.094,0.09,0.078
1/1/2026,05:09,19.5732,20.6917,22.9286,25.2997,29.7513,29.8184,25.8142,28.3420,29.5723,30.7131,37.1779,37.8490,0.183,0.186,0.165,0.126,0.105,0.155
1/1/2026,05:10,19.1929,20.4456,21.6759,22.5931,24.9418,24.1365,26.2616,26.4406,28.0959,27.3577,30.6013,28.8117,0.192,0.174,0.121,0.113,0.102,0.099
1/1/2026,05:11,16.6786,18.1192,20.0429,22.7496,27.3354,28.3196,23.1076,26.1498,27.8051,29.7960,31.9658,36.1713,0.189,0.19,0.156,0.18,0.117,0.12
1/1/2026,05:12,17.1953,18.9245,20.7364,23.8010,27.5367,28.7670,24.1142,25.9037,25.4340,28.4538,32.2119,33.9791,0.202,0.167,0.128,0.084,0.087,0.079
1/1/2026,05:13,18.9692,20.3561,22.2575,23.7563,23.5773,24.6510,23.6668,26.1050,27.8051,29.4605,30.9145,30.6237,0.154,0.122,0.11,0.119,0.155,0.118
1/1/2026,05:14,19.6403,21.6983,23.3984,25.5234,27.9617,28.0288,27.2459,29.2815,31.8316,34.5383,35.7686,33.6212,0.142,0.152,0.166,0.178,0.182,0.164
1/1/2026,05:15,18.4100,19.8193,21.7207,23.7115,25.4116,25.7024,21.2733,24.4945,25.3892,26.9103,29.3486,29.0578,0.106,0.078,0.067,0.093,0.122,0.109
1/1/2026,05:16,18.6113,19.9087,21.0943,23.6220,28.6328,29.6394,26.4630,28.3867,28.2972,29.3486,33.1514,34.9633,0.152,0.126,0.137,0.112,0.074,0.11
1/1/2026,05:17,22.2575,23.0852,24.8076,27.4696,30.8921,30.3329,28.8117,29.5499,30.5565,30.5565,34.5607,36.1265,0.13,0.125,0.101,0.08,0.072,0.097
1/1/2026,05:18,20.1324,22.4365,23.9576,26.7538,30.3105,29.7960,25.5011,27.8499,30.9145,32.0553,33.8225,34.1804,0.12,0.111,0.131,0.113,0.075,0.082
1/1/2026,05:19,16.2267,17.5309,18.7903,20.4232,24.1589,25.8366,22.2128,21.4522,22.6154,24.9195,28.2525,30.3105,0.175,0.141,0.116,0.109,0.101,0.084
1/1/2026,05:20,19.8416,21.3180,22.9062,25.4563,27.9393,31.2053,24.6063,26.8432,28.4315,31.8987,32.8830,36.6410,0.13,0.116,0.116,0.147,0.093,0.083
1/1/2026,05:21,20.0206,21.2956,23.2194,24.8524,28.1854,27.7604,25.5682,27.2011,27.8051,28.7223,32.7487,33.3527,0.165,0.159,0.119,0.102,0.098,0.13
1/1/2026,05:22,17.1640,17.9402,19.1258,20.5127,22.1904,22.4812,19.8640,22.5036,23.1523,24.8300,27.2683,25.9261,0.108,0.128,0.122,0.115,0.114,0.078
1/1/2026,05:23,16.1529,17.4705,18.9469,19.5285,21.2285,19.7521,21.4746,21.5193,22.7049,23.4431,25.5011,23.1076,0.135,0.132,0.129,0.121,0.096,0.072
1/1/2026,05:24,14.7817,16.1686,17.8955,19.5732,21.9220,22.9957,17.4280,21.0048,22.9062,24.5392,28.3644,31.6303,0.103,0.152,0.139,0.108,0.146,0.194
1/1/2026,05:25,16.9739,18.0521,19.4390,23.1970,28.2972,29.9973,20.9601,22.7944,24.4945,27.7156,33.7330,33.3975,0.122,0.128,0.127,0.084,0.086,0.048
1/1/2026,05:26,19.3048,21.1614,22.5931,24.8076,28.2972,27.5814,25.9037,27.7827,29.3262,28.9683,35.7686,30.8921,0.186,0.163,0.139,0.105,0.13,0.061
1/1/2026,05:27,17.8015,19.2153,20.3338,21.8101,22.9957,22.4365,21.7654,25.5906,25.9261,26.7761,28.4538,30.2657,0.111,0.133,0.13,0.119,0.114,0.151
1/1/2026,05:28,16.8531,17.7836,18.7455,20.5351,23.4431,23.2194,23.2194,25.0984,25.3221,25.0313,31.1829,27.9617,0.18,0.188,0.177,0.128,0.184,0.16
1/1/2026,05:29,14.3186,15.2783,17.0343,18.9916,22.5483,21.4522,18.9245,19.6179,21.3851,26.4630,30.8697,25.9261,0.188,0.162,0.136,0.144,0.129,0.112
1/1/2026,05:30,17.7859,19.7745,21.8101,24.2484,26.0603,27.9170,23.5549,25.2550,26.0156,29.6618,30.2881,34.4936,0.111,0.125,0.103,0.098,0.112,0.113
1/1/2026,05:31,13.6543,14.7906,15.5489,16.9895,19.9311,21.3851,19.8640,19.8640,21.3851,24.5839,30.0868,30.4671,0.215,0.208,0.217,0.241,0.202,0.199
1/1/2026,05:32,14.7817,16.9358,18.2534,19.9087,23.3760,22.7049,24.4050,25.6577,27.3577,30.8474,30.0868,30.6908,0.289,0.27,0.261,0.273,0.131,0.197
1/1/2026,05:33,18.6560,20.5574,20.8930,22.1680,25.8590,26.4853,22.8168,25.2997,26.2616,26.3735,29.5052,32.6816,0.12,0.125,0.137,0.122,0.071,0.093
1/1/2026,05:34,15.6653,17.1595,18.5889,19.9087,22.7720,25.5682,21.0719,22.5036,23.2194,25.5234,28.8341,30.8474,0.148,0.157,0.129,0.122,0.15,0.144
1/1/2026,05:35,18.2310,19.7074,22.1009,24.2037,27.3801,27.9170,22.6602,26.0379,26.9103,29.7513,31.8540,32.3685,0.086,0.116,0.097,0.116,0.123,0.085
1/1/2026,05:36,20.5574,22.5707,24.2931,26.5077,30.6460,30.1539,29.7065,29.5947,32.6816,36.4844,37.3792,37.5358,0.209,0.189,0.195,0.191,0.143,0.103
1/1/2026,05:37,19.5061,21.0943,22.7049,24.0918,27.6038,27.5367,26.7090,27.5367,28.6775,31.7421,36.7081,35.8581,0.207,0.192,0.161,0.167,0.148,0.148
1/1/2026,05:38,16.5310,17.9179,19.2377,21.3627,24.4721,24.9418,21.1167,23.1523,22.3694,24.7853,30.9145,30.9592,0.107,0.13,0.111,0.086,0.098,0.122
1/1/2026,05:39,16.6316,18.8574,20.1772,21.4522,22.7496,23.0181,21.7207,23.1076,23.1523,23.7786,28.9236,27.9617,0.115,0.1,0.083,0.078,0.121,0.112
1/1/2026,05:40,17.4123,19.7521,21.4746,23.3536,30.3329,31.0039,24.2037,27.0893,30.9145,35.6344,39.6161,39.3030,0.132,0.164,0.197,0.247,0.15,0.118
1/1/2026,05:41,25.2550,26.8656,29.1920,31.3842,32.3461,31.6750,35.3883,36.9318,41.5623,43.1058,38.7214,37.7819,0.171,0.172,0.15,0.123,0.13,0.116
1/1/2026,05:42,18.8350,20.6246,21.8772,24.7181,26.4182,29.1473,28.0064,28.9460,28.7223,30.1092,31.0710,34.9633,0.198,0.188,0.158,0.123,0.102,0.116
1/1/2026,05:43,18.4995,19.8640,21.4298,23.1747,27.2683,30.6237,21.9667,23.3536,25.3892,28.5657,32.3685,37.6924,0.108,0.114,0.101,0.096,0.096,0.132
1/1/2026,05:44,16.9716,18.4547,20.5127,23.1523,28.2301,29.6618,22.7720,23.1970,25.2326,27.4248,34.2028,34.5607,0.145,0.138,0.112,0.119,0.116,0.106
1/1/2026,05:45,18.4547,20.2890,22.3917,24.3826,29.1473,31.4290,25.5682,26.5972,27.5591,33.4422,35.0304,37.4239,0.135,0.146,0.141,0.173,0.137,0.131
1/1/2026,05:46,13.9585,15.4416,16.9537,18.9021,24.8300,26.2840,22.9733,21.3180,21.6759,25.0313,31.5855,36.4844,0.266,0.177,0.123,0.152,0.178,0.212
1/1/2026,05:47,13.5312,14.6117,16.0992,19.2824,22.0115,23.4655,17.4772,19.6179,20.1548,23.2418,26.0603,30.4223,0.142,0.154,0.136,0.113,0.107,0.144
1/1/2026,05:48,15.9136,17.2915,18.9245,20.8035,26.2169,26.7761,21.1167,22.6154,24.6287,26.0156,36.0818,35.5002,0.231,0.206,0.177,0.171,0.172,0.159
1/1/2026,05:49,18.1192,19.0811,20.6022,21.5641,24.4945,24.0247,22.0562,23.0628,24.6287,26.3735,28.4538,30.2657,0.11,0.099,0.096,0.095,0.084,0.115
1/1/2026,05:50,13.7929,15.0143,15.9628,18.8126,25.6800,29.3710,18.7232,19.0140,21.8325,24.5839,31.8540,34.0909,0.138,0.127,0.147,0.132,0.102,0.087
1/1/2026,05:51,21.3404,24.1813,27.1340,29.9526,36.3502,38.3187,32.7487,35.8357,38.2069,38.3187,43.4637,44.9401,0.239,0.215,0.186,0.206,0.193,0.128
1/1/2026,05:52,30.5789,32.0106,34.4264,37.2897,41.1596,41.9202,37.9384,41.8083,43.8216,44.4927,48.3626,48.0718,0.112,0.109,0.099,0.09,0.082,0.069
1/1/2026,05:53,25.8590,27.7380,29.3262,31.4513,34.6054,33.9343,33.1514,34.7844,39.1016,39.9069,42.3228,41.0254,0.147,0.145,0.141,0.133,0.113,0.092
1/1/2026,05:54,21.2956,24.0023,25.8814,27.3130,30.9592,32.3461,31.4513,31.9882,36.1713,40.7122,45.8125,44.2242,0.149,0.154,0.178,0.223,0.231,0.184
1/1/2026,05:55,22.0786,24.0694,26.5972,29.3933,32.3908,33.1738,28.4091,30.4447,31.9435,36.4844,38.3635,38.6766,0.154,0.136,0.101,0.092,0.084,0.079
1/1/2026,05:56,21.1838,23.4431,25.6800,29.3933,33.5764,35.1870,26.7538,28.3420,30.6013,35.2765,39.5043,39.5714,0.123,0.11,0.109,0.103,0.097,0.086
1/1/2026,05:57,23.4207,25.3445,26.9775,28.3420,28.1407,28.5657,27.8499,29.3933,31.2053,33.3304,34.2028,33.5540,0.12,0.116,0.102,0.103,0.105,0.117
1/1/2026,05:58,20.7364,22.4141,24.8971,27.5814,33.5988,34.6501,27.4472,28.9460,30.1539,33.6883,39.2582,39.0345,0.125,0.131,0.114,0.123,0.079,0.091
1/1/2026,05:59,16.6562,17.7054,18.0073,19.8864,27.3801,29.9749,23.4207,24.8524,26.9551,25.2326,36.3950,38.4753,0.217,0.216,0.201,0.119,0.165,0.146
1/1/2026,06:00,23.4878,25.3669,27.6038,29.6170,30.9816,32.2343,34.9409,34.9857,36.1713,37.0213,39.8175,36.5963,0.203,0.181,0.152,0.129,0.153,0.104
1/1/2026,06:01,24.8747,26.1722,26.5077,28.4986,32.2566,33.7330,31.4961,31.3395,31.4961,32.6369,37.3792,42.7479,0.123,0.102,0.096,0.101,0.076,0.107
1/1/2026,06:02,23.5773,25.5906,27.4025,29.5276,32.4803,34.3146,30.8921,31.1382,32.0329,34.7396,36.6410,38.5200,0.158,0.131,0.109,0.1,0.075,0.04
1/1/2026,06:03,21.0496,22.5931,23.6668,25.8814,30.8250,32.1224,28.6552,30.9816,31.9882,33.3975,34.9857,36.2160,0.205,0.179,0.169,0.145,0.11,0.078
1/1/2026,06:04,13.7102,15.4997,16.9783,18.3205,22.3023,25.9708,18.2310,19.3048,23.7563,24.2260,29.4605,34.0909,0.215,0.179,0.206,0.19,0.184,0.139
1/1/2026,06:05,19.6627,21.8101,23.8681,26.7761,29.1696,29.2815,27.6933,28.2525,29.7736,33.8448,39.8846,33.8672,0.146,0.174,0.165,0.156,0.138,0.081
1/1/2026,06:06,18.7903,21.1838,22.9733,25.4787,29.5276,31.5184,27.5591,28.9907,29.0802,30.9592,34.2028,39.6161,0.22,0.19,0.142,0.115,0.108,0.095
1/1/2026,06:07,19.8640,21.1614,22.2351,23.6444,28.6328,30.4447,23.6668,25.2550,26.3735,28.1183,32.4803,34.3370,0.108,0.107,0.088,0.103,0.073,0.092
1/1/2026,06:08,18.3429,20.4232,22.3917,26.3958,30.7579,31.9658,25.5682,26.6866,29.2368,32.7935,35.6120,38.8780,0.151,0.136,0.125,0.138,0.087,0.105
1/1/2026,06:09,18.5442,20.4232,22.1457,25.4563,30.9368,32.9948,26.0156,26.7985,28.5433,32.1895,37.2226,39.1464,0.164,0.151,0.143,0.14,0.116,0.093
1/1/2026,06:10,23.7563,25.6353,27.2906,31.9658,38.1845,40.7122,30.0421,32.3908,33.4646,39.0569,44.4703,47.4007,0.129,0.147,0.133,0.134,0.098,0.074
1/1/2026,06:11,24.1142,26.1722,27.2906,30.3552,35.9252,35.9699,34.4936,37.3121,36.2384,38.3635,45.7230,43.1729,0.166,0.169,0.144,0.125,0.131,0.117
1/1/2026,06:12,16.9314,18.5442,19.5956,21.2285,26.8656,27.0669,21.3180,22.6154,22.9062,24.0918,35.5002,33.3527,0.137,0.106,0.093,0.083,0.155,0.112
1/1/2026,06:13,20.2890,21.3404,22.9733,23.9128,26.6643,28.8341,27.6933,29.8407,31.0039,31.6079,31.9658,35.5002,0.185,0.196,0.204,0.17,0.082,0.116
1/1/2026,06:14,18.4324,20.5574,22.3246,25.2997,30.8697,35.0304,33.8896,36.3726,36.7305,36.5292,44.6269,45.2085,0.241,0.265,0.26,0.245,0.229,0.172
1/1/2026,06:15,21.3180,23.8681,26.1050,28.7446,33.1738,35.6791,31.1382,32.6816,35.8357,38.5200,39.8846,43.3295,0.24,0.21,0.184,0.161,0.112,0.131
1/1/2026,06:16,27.2011,29.0131,31.5184,35.3660,41.7636,43.5084,44.6045,45.3427,41.6965,42.4571,50.5100,52.2548,0.219,0.19,0.141,0.109,0.098,0.076
1/1/2026,06:17,27.1340,29.4157,32.3908,37.1331,42.1886,41.2715,34.7844,38.9227,40.9583,46.5730,47.0204,44.2690,0.128,0.134,0.123,0.106,0.072,0.042
1/1/2026,06:18,24.4945,26.1498,27.3801,29.2815,32.9724,34.4488,31.4513,34.7844,36.8647,39.6609,41.2938,41.8083,0.155,0.156,0.155,0.148,0.109,0.114
1/1/2026,06:19,20.6469,22.1009,24.1365,26.0379,28.5433,29.8631,26.3064,28.2972,30.2210,31.0039,34.4488,33.8672,0.144,0.139,0.117,0.104,0.099,0.095
1/1/2026,06:20,22.4588,24.0918,25.5906,28.9683,31.6974,35.9252,30.0421,31.5408,35.2541,40.9583,45.2532,48.4968,0.131,0.111,0.12,0.121,0.181,0.145
1/1/2026,06:21,24.7853,26.5301,28.7223,31.8763,39.4148,40.7793,29.9526,32.2343,34.0685,38.9227,45.7677,45.0072,0.102,0.124,0.116,0.131,0.082,0.05
1/1/2026,06:22,26.8656,28.9683,30.8250,34.6278,40.5109,40.1977,35.6344,40.4214,40.6675,42.8373,47.0204,49.7495,0.132,0.156,0.146,0.128,0.076,0.144
1/1/2026,06:23,27.4025,29.7289,31.5408,35.8357,42.4347,41.0702,37.4239,39.9741,41.2715,41.1149,53.3733,46.1480,0.151,0.148,0.132,0.085,0.09,0.074
1/1/2026,06:24,29.4605,32.4579,35.2541,38.0503,39.4372,35.7015,41.1149,44.5598,45.9019,52.7470,55.5655,45.9914,0.208,0.201,0.201,0.18,0.186,0.141
1/1/2026,06:25,22.0338,23.8905,24.8076,27.6933,28.8341,27.8946,38.1398,40.6675,37.8042,39.5714,40.1306,36.1713,0.304,0.299,0.255,0.228,0.179,0.113
1/1/2026,06:26,14.7079,15.9494,16.9023,17.6517,21.5864,24.5392,22.5707,24.0023,23.8905,24.8747,26.3287,32.0553,0.171,0.151,0.116,0.128,0.131,0.152
1/1/2026,06:27,19.5285,21.3404,22.8391,25.4563,32.5922,37.8937,32.8830,34.1804,36.1265,37.0660,43.8440,43.7992,0.383,0.352,0.336,0.259,0.173,0.129
1/1/2026,06:28,22.5259,23.9800,25.7695,28.9683,35.8134,37.4016,29.8407,31.8316,36.4844,37.7147,40.9807,45.2085,0.174,0.188,0.189,0.168,0.097,0.108
1/1/2026,06:29,27.7827,30.8697,32.7040,35.2094,36.9542,36.8647,33.4422,38.1621,36.8200,38.3635,42.4347,43.9111,0.089,0.103,0.083,0.064,0.06,0.072
1/1/2026,06:30,24.0471,25.7024,26.5972,28.4315,32.2566,33.0843,30.8921,30.3329,30.9592,36.4844,38.1621,36.0594,0.131,0.121,0.136,0.151,0.124,0.074
1/1/2026,06:31,21.6983,23.5326,25.0089,26.1274,28.1183,27.0222,31.0039,32.9724,32.0329,33.0395,33.9791,34.8067,0.19,0.176,0.149,0.125,0.088,0.152
1/1/2026,06:32,15.2581,16.6719,18.5218,21.0272,24.5616,26.7090,22.2128,23.5102,25.1879,27.1788,32.9501,35.7462,0.266,0.244,0.217,0.194,0.149,0.132
1/1/2026,06:33,14.5848,16.1484,17.4571,19.9087,24.4945,30.8474,18.1863,22.4588,21.9220,25.7248,32.5251,41.3833,0.162,0.146,0.12,0.135,0.167,0.222
1/1/2026,06:34,21.2733,23.0181,25.4563,29.7065,34.9633,34.4041,32.1000,36.6634,39.8846,44.3808,43.6203,43.1729,0.258,0.289,0.321,0.255,0.166,0.182
1/1/2026,06:35,26.3064,29.2591,31.6526,34.0685,37.2450,36.8200,35.7910,38.0727,38.6543,39.1688,43.6874,42.0320,0.181,0.16,0.107,0.064,0.08,0.072
1/1/2026,06:36,19.0140,19.9535,21.8101,23.4431,28.0288,30.6013,25.2550,26.1050,28.6775,31.2053,38.4082,39.6609,0.17,0.143,0.173,0.157,0.111,0.113
1/1/2026,06:37,15.8286,17.6696,20.3338,22.5259,25.3445,26.1722,19.8640,21.6535,26.4182,28.7670,30.0868,30.8921,0.113,0.135,0.151,0.143,0.11,0.099
1/1/2026,06:38,22.0786,23.1076,23.6668,25.5234,26.5301,25.9485,27.5591,28.0512,28.6775,33.9791,31.1158,29.7513,0.122,0.118,0.112,0.107,0.067,0.082
1/1/2026,06:39,22.5931,25.8366,27.6262,31.4737,36.4844,37.2450,28.9907,31.4290,33.8225,37.0660,43.5755,43.4860,0.178,0.15,0.136,0.1,0.099,0.084
1/1/2026,06:40,25.5234,27.4025,28.5880,29.4157,30.1092,30.8697,32.7487,34.5830,36.1713,39.0122,37.9384,37.6253,0.168,0.172,0.137,0.119,0.094,0.087
1/1/2026,06:41,22.5483,24.1365,26.3511,28.3867,30.1763,31.6750,28.7446,30.9816,32.1448,35.2317,34.2475,35.7015,0.145,0.129,0.121,0.091,0.089,0.081
1/1/2026,06:42,18.9469,20.9377,22.4588,26.2616,31.3395,32.5027,26.0603,26.3511,27.9393,31.9435,39.7727,40.1977,0.142,0.126,0.106,0.072,0.116,0.091
1/1/2026,06:43,21.6088,23.9800,24.9866,26.3064,31.4290,32.3237,27.8499,28.2972,29.7736,31.1605,38.9898,39.0345,0.131,0.113,0.115,0.111,0.105,0.088
1/1/2026,06:44,20.7811,22.8391,25.3669,27.6262,32.8606,31.7421,32.1448,31.9435,32.6369,36.1265,44.2466,40.2425,0.184,0.194,0.157,0.161,0.145,0.133
1/1/2026,06:45,24.1589,26.3511,28.3867,30.1092,32.9053,32.5698,36.7305,40.3543,40.5109,42.0097,49.8389,38.1621,0.219,0.192,0.187,0.158,0.225,0.124
1/1/2026,06:46,20.4009,22.6378,24.8076,27.2011,32.3237,34.2922,25.0537,28.7894,30.7579,32.7487,39.9293,41.7189,0.126,0.121,0.103,0.098,0.12,0.172
1/1/2026,06:47,25.2997,27.2906,30.0421,32.1000,38.3411,39.9293,32.1895,33.0395,39.6832,38.6095,44.0453,44.9401,0.178,0.148,0.149,0.116,0.091,0.093
1/1/2026,06:48,24.6958,27.4472,28.9460,30.5565,34.6501,34.5830,28.9012,33.3751,34.6054,36.8647,40.5109,41.1820,0.117,0.112,0.114,0.132,0.089,0.101
1/1/2026,06:49,19.3048,20.8482,22.1904,23.6668,31.3395,32.7711,26.4630,28.0959,27.4919,31.6974,38.0055,42.1215,0.171,0.158,0.149,0.177,0.112,0.111
1/1/2026,06:50,27.3130,29.3039,30.3552,33.2409,37.5134,38.3411,37.9832,40.5557,41.1149,41.0478,44.2019,42.2334,0.215,0.211,0.2,0.174,0.08,0.071
1/1/2026,06:51,22.2351,24.4945,25.7695,27.4472,29.4828,31.5184,29.1025,30.2434,32.2343,33.3304,34.8291,40.6004,0.129,0.125,0.118,0.106,0.091,0.126
1/1/2026,06:52,20.9825,22.9733,26.4406,29.5947,34.7620,34.7396,26.9998,31.0934,34.4936,37.1779,38.7214,40.2425,0.125,0.147,0.147,0.154,0.104,0.133
1/1/2026,06:53,22.7944,26.7090,28.2972,31.1605,35.6344,36.1936,28.0959,32.4803,34.2475,36.1713,40.0859,42.0320,0.115,0.12,0.108,0.098,0.062,0.093
1/1/2026,06:54,23.3984,25.5682,26.3958,27.2683,29.5499,29.6841,28.9012,30.2434,32.9277,32.9948,36.2384,36.4844,0.118,0.12,0.143,0.117,0.097,0.118
1/1/2026,06:55,18.5666,19.7074,20.8482,22.2351,23.3089,24.6063,23.7563,24.7405,26.5524,28.6552,30.7579,29.6394,0.159,0.161,0.148,0.132,0.144,0.119
1/1/2026,06:56,16.5399,17.7613,17.9850,20.5798,23.4655,23.1076,24.4050,24.7405,26.2169,28.4091,29.6170,32.4579,0.203,0.186,0.181,0.161,0.146,0.223
1/1/2026,06:57,15.6563,16.8218,18.9692,22.2799,28.5209,32.4803,21.4746,22.1009,23.7115,32.7040,42.7479,42.0320,0.206,0.202,0.184,0.254,0.29,0.209
1/1/2026,06:58,23.5773,25.7695,27.6262,29.0578,33.3751,35.0975,28.9012,30.4894,33.6212,35.4331,38.8780,41.8083,0.134,0.132,0.126,0.106,0.1,0.096
1/1/2026,06:59,24.9418,27.2683,29.0354,30.8921,34.7620,36.3055,31.4513,33.2856,35.0081,36.7752,39.1911,40.0859,0.157,0.127,0.124,0.098,0.077,0.058
1/1/2026,07:00,18.8797,20.4456,21.7654,24.3602,30.6684,33.4646,32.9501,32.7264,30.0197,33.4869,40.7570,41.4504,0.249,0.207,0.154,0.131,0.167,0.099
1/1/2026,07:01,24.1142,25.8142,27.5143,28.7670,34.2922,33.3304,31.6526,30.9816,34.2475,36.8200,40.9136,39.8175,0.135,0.112,0.137,0.18,0.11,0.113
1/1/2026,07:02,17.1484,18.5666,19.5061,20.3561,24.6958,26.1945,21.0719,23.7115,25.8814,28.1183,36.1265,36.6410,0.129,0.143,0.172,0.141,0.186,0.231
1/1/2026,07:03,12.9362,14.4148,15.6675,16.6339,20.3114,24.6063,17.9179,21.8996,23.1076,26.6195,28.5209,34.1356,0.188,0.239,0.245,0.266,0.15,0.198
1/1/2026,07:04,17.9179,19.6179,21.1390,23.1299,30.5118,31.0710,23.1747,25.2550,28.0512,33.2409,37.9384,38.4753,0.133,0.187,0.178,0.186,0.148,0.117
1/1/2026,07:05,19.6179,21.7207,22.9286,25.2103,30.7579,33.5317,26.7985,28.4315,30.3552,31.6526,35.8581,38.2069,0.153,0.139,0.146,0.127,0.083,0.072
1/1/2026,07:06,18.6337,20.2666,21.8996,24.2708,29.5947,29.0131,22.5259,25.3892,27.1117,29.7960,35.7015,34.8067,0.14,0.134,0.137,0.116,0.11,0.129
1/1/2026,07:07,12.5984,14.1889,16.1462,18.7679,24.7629,27.7156,17.1774,18.6560,20.4456,22.8839,30.8026,35.2317,0.178,0.183,0.158,0.129,0.123,0.16
1/1/2026,07:08,16.9560,18.5218,19.5956,20.6693,24.0694,25.6800,21.5641,25.3892,26.6195,25.8814,30.0197,36.9542,0.174,0.186,0.18,0.136,0.125,0.115
1/1/2026,07:09,13.0995,14.1732,15.3387,17.1953,23.2641,24.7853,17.4280,21.1614,25.5234,27.7156,35.5002,36.4397,0.142,0.2,0.248,0.234,0.217,0.272
1/1/2026,07:10,20.5127,22.6154,23.3536,25.2997,30.3776,30.1315,23.8234,27.2459,28.8341,28.7670,36.1713,36.4397,0.104,0.079,0.097,0.075,0.12,0.116
1/1/2026,07:11,19.0811,20.6917,22.2575,24.8076,28.3867,27.7827,24.4050,25.2103,26.9103,30.7131,34.5159,33.6659,0.15,0.15,0.144,0.129,0.115,0.082
1/1/2026,07:12,17.7523,19.5061,21.7654,24.8971,29.8407,32.2119,34.3370,34.6725,37.1779,36.9766,42.7926,42.5465,0.358,0.308,0.271,0.198,0.237,0.24
1/1/2026,07:13,24.6958,26.2616,28.2749,30.2434,34.9857,36.9318,32.7935,32.8382,33.9120,35.7686,41.4952,44.1124,0.166,0.159,0.139,0.138,0.134,0.1
1/1/2026,07:14,23.4207,25.1879,26.6419,28.6775,32.7264,33.7554,30.2434,29.7960,30.8474,35.8357,39.1464,38.2516,0.139,0.117,0.084,0.099,0.11,0.075
1/1/2026,07:15,16.0500,16.5869,17.5689,20.2890,24.9866,27.1564,24.4050,23.9128,23.3984,25.0313,27.9841,33.0395,0.184,0.164,0.121,0.12,0.074,0.095
1/1/2026,07:16,13.7683,15.1306,16.8352,18.8574,22.3917,25.2997,18.1863,19.0140,19.7969,21.8996,26.6419,30.8474,0.127,0.13,0.088,0.095,0.082,0.139
1/1/2026,07:17,13.7885,15.0859,16.2446,18.0521,23.3312,24.9866,17.2781,18.8126,19.6179,21.9443,27.9393,31.0039,0.118,0.121,0.096,0.13,0.105,0.096
1/1/2026,07:18,15.7883,18.0968,19.6403,21.0272,26.0379,27.5591,21.0719,24.5616,27.7380,29.9526,38.1621,36.5963,0.128,0.129,0.163,0.187,0.139,0.141
1/1/2026,07:19,20.0877,21.7878,23.9128,26.3735,29.5723,31.0263,27.3577,29.5499,30.3105,32.5922,36.4844,35.9028,0.177,0.16,0.137,0.13,0.156,0.088
1/1/2026,07:20,17.7680,20.1995,21.6759,23.9128,26.6419,28.1630,21.4075,24.8524,26.6195,27.3130,33.5764,33.5540,0.133,0.122,0.124,0.109,0.127,0.13
1/1/2026,07:21,17.7143,19.1482,19.5732,20.8706,24.5839,26.6643,26.1498,27.6038,27.9393,28.9012,35.5002,39.6161,0.201,0.186,0.213,0.201,0.219,0.244
1/1/2026,07:22,21.7878,24.4721,26.0603,27.0669,32.1448,32.2343,26.9998,29.9973,31.2947,31.4513,39.2582,35.3436,0.112,0.116,0.104,0.079,0.102,0.074
1/1/2026,07:23,18.2087,19.6403,20.7811,22.4365,28.2078,29.7960,23.8234,25.6577,24.5392,26.5301,33.6212,37.8490,0.108,0.097,0.087,0.086,0.099,0.11
1/1/2026,07:24,14.2717,16.1216,18.0297,20.1101,24.8971,26.3958,19.6179,21.3627,23.3536,27.0669,27.6262,31.6303,0.225,0.209,0.194,0.181,0.074,0.095
1/1/2026,07:25,19.9758,21.8996,22.8391,24.5168,25.6800,25.1879,24.5616,26.3064,26.5077,30.8474,31.6526,33.5540,0.155,0.141,0.117,0.175,0.14,0.14
1/1/2026,07:26,17.7926,19.5508,20.7364,21.5193,21.8325,23.9576,23.1076,26.3064,27.4025,28.2749,32.4356,32.8382,0.149,0.145,0.146,0.198,0.241,0.265
1/1/2026,07:27,19.3495,21.1390,23.3089,25.8366,29.1920,28.4986,23.3536,26.1945,28.6328,34.7396,37.4239,33.7106,0.112,0.139,0.142,0.173,0.137,0.09
1/1/2026,07:28,17.3318,18.9245,20.5351,22.4141,26.1050,27.2459,21.2733,24.0471,26.2169,29.1025,30.0868,33.0843,0.126,0.139,0.146,0.145,0.071,0.078
1/1/2026,07:29,14.9919,16.4325,17.6069,20.1324,24.6287,27.1564,19.3719,20.9154,20.8930,24.3826,31.8092,34.2475,0.125,0.086,0.111,0.121,0.121,0.109
1/1/2026,07:30,13.0078,13.4082,14.8085,16.0232,22.7496,25.7248,16.3296,17.5667,18.0297,25.6353,31.4961,33.4646,0.141,0.164,0.156,0.195,0.139,0.134
1/1/2026,07:31,15.4371,16.9001,17.3877,18.5666,23.0404,25.4563,18.8350,19.6179,19.9087,21.9443,28.1407,32.7711,0.13,0.078,0.084,0.097,0.107,0.13
1/1/2026,07:32,13.2583,14.4596,15.2581,16.2491,21.4746,24.6063,17.2289,20.2666,19.7074,20.5574,26.9103,31.1158,0.141,0.165,0.132,0.144,0.111,0.142
1/1/2026,07:33,13.0212,14.4707,15.7682,16.4571,22.5931,25.8814,16.1305,20.1548,21.8772,24.7853,36.7976,35.5002,0.123,0.151,0.114,0.142,0.256,0.226
1/1/2026,07:34,17.8709,19.5061,21.4746,23.6668,28.5433,30.6013,26.5972,26.8880,26.4182,29.6170,36.0147,36.8423,0.176,0.188,0.144,0.133,0.103,0.097
1/1/2026,07:35,22.5931,24.0471,26.6866,30.0421,33.2185,33.1961,30.2434,31.8763,34.4488,37.3121,41.6518,37.3121,0.257,0.263,0.233,0.189,0.139,0.073
1/1/2026,07:36,21.2509,22.6378,25.2774,28.5880,31.0039,30.0868,31.0934,32.1895,34.2028,34.8291,36.2384,34.5607,0.176,0.171,0.141,0.119,0.083,0.096
1/1/2026,07:37,18.0521,19.9982,21.1167,23.2418,23.7563,24.3155,21.7654,25.2997,27.6485,29.5052,29.8184,31.4737,0.136,0.141,0.164,0.16,0.147,0.185
1/1/2026,07:38,12.2137,12.5403,13.1308,14.0055,15.1150,17.5935,15.9807,16.5198,15.9583,16.7166,22.2575,22.0115,0.205,0.196,0.133,0.102,0.18,0.122
1/1/2026,07:39,7.3550,8.2453,9.0999,9.3347,12.7908,17.2624,10.2944,11.1332,11.4688,12.7841,15.3812,27.3354,0.271,0.25,0.199,0.197,0.122,0.217
1/1/2026,07:40,12.2204,14.1978,16.0500,17.0544,21.2956,23.5773,18.5666,21.8996,24.3826,25.6800,27.7827,32.9948,0.3,0.286,0.284,0.295,0.197,0.193
1/1/2026,07:41,14.8958,16.4370,18.8126,20.9154,27.6038,30.9816,19.3271,20.9154,24.1365,31.7421,35.5449,36.9542,0.187,0.159,0.215,0.288,0.21,0.144
1/1/2026,07:42,18.3429,20.6693,22.1680,23.8905,27.0893,29.5723,21.9667,25.5458,26.9103,28.3196,32.9948,36.5963,0.141,0.141,0.116,0.124,0.099,0.071
1/1/2026,07:43,15.0591,16.1999,17.0589,19.2824,21.9891,24.1589,18.9692,19.3719,20.9825,23.3760,28.7670,30.2657,0.1,0.116,0.1,0.095,0.136,0.108
1/1/2026,07:44,16.2133,17.0835,17.9402,19.2600,22.3694,23.4207,20.9601,20.6022,21.6759,24.3379,28.4091,28.2301,0.129,0.127,0.093,0.138,0.14,0.121
1/1/2026,07:45,13.5200,14.1061,15.4393,17.2132,18.5666,18.4995,20.2666,19.4166,19.7521,20.8482,22.4141,22.9510,0.194,0.156,0.149,0.118,0.099,0.09
1/1/2026,07:46,13.2516,15.2402,16.6048,18.1639,18.7455,20.1548,17.6271,21.0048,21.8772,23.3760,25.1879,26.1945,0.196,0.17,0.143,0.156,0.152,0.155
1/1/2026,07:47,11.4106,12.5693,14.0390,15.3521,18.0744,20.4903,14.6340,16.3699,18.2310,20.6022,24.5616,27.4919,0.157,0.144,0.151,0.196,0.132,0.095
1/1/2026,07:48,13.8601,15.2738,16.1082,18.3652,23.3312,28.5657,19.9311,20.7140,20.7364,23.2865,31.4290,34.4936,0.182,0.149,0.13,0.153,0.176,0.109
1/1/2026,07:49,16.3744,18.2534,19.5061,22.0562,27.9170,30.6908,21.6088,23.2641,25.0761,26.6195,31.5855,33.5093,0.179,0.167,0.162,0.137,0.05,0.047
1/1/2026,07:50,18.5889,19.7745,20.8035,21.6312,24.4721,26.3511,22.5707,24.9418,26.5524,26.1722,27.8946,30.8474,0.107,0.118,0.114,0.117,0.096,0.107
1/1/2026,07:51,15.0233,16.9247,17.1394,17.7076,20.4009,21.9891,17.4280,20.8035,22.0786,24.5839,23.1523,26.8209,0.089,0.104,0.146,0.153,0.108,0.134
1/1/2026,07:52,13.5290,15.1150,16.0791,17.3698,21.3180,22.1233,17.5264,20.5574,20.4903,20.1995,29.4605,25.2997,0.143,0.169,0.13,0.083,0.133,0.064
1/1/2026,07:53,12.4866,13.8086,15.3141,16.7189,18.9469,19.0363,16.3296,17.7165,18.8574,20.5574,21.4746,21.6535,0.116,0.132,0.115,0.099,0.075,0.067
1/1/2026,07:54,13.5290,14.8264,15.7145,16.3766,20.0653,21.8996,18.9692,20.7140,22.6602,22.5931,23.3984,27.0893,0.22,0.199,0.207,0.175,0.097,0.118
1/1/2026,07:55,11.7171,13.1040,14.6631,17.1797,22.6154,23.8905,15.2335,16.2200,21.8772,24.3379,29.1473,28.5433,0.206,0.166,0.164,0.168,0.152,0.128
1/1/2026,07:56,16.2715,18.4771,19.5956,20.8259,26.4406,27.3801,23.1747,25.3445,25.9261,27.6709,29.3039,29.7960,0.198,0.184,0.156,0.159,0.081,0.052
1/1/2026,07:57,16.2759,17.4928,18.4100,19.0363,22.8391,24.3379,21.8101,22.6154,24.0471,24.4721,28.4538,27.6485,0.165,0.146,0.125,0.108,0.139,0.058
1/1/2026,07:58,11.0147,12.5201,14.5714,15.9180,17.6315,17.9626,13.6856,17.0678,18.2310,19.5956,21.5417,21.6983,0.131,0.132,0.114,0.123,0.082,0.099
1/1/2026,07:59,12.5582,14.6251,16.3475,18.7679,23.8457,24.8076,21.2285,20.6022,20.4009,23.3312,27.3130,27.1340,0.273,0.214,0.166,0.131,0.138,0.096
1/1/2026,08:00,13.6565,14.9562,17.5040,19.4837,22.4812,23.3760,16.0813,18.4100,21.4298,22.6378,25.1208,26.0379,0.108,0.118,0.132,0.079,0.069,0.055
1/1/2026,08:01,14.5669,15.6787,16.4124,18.3652,21.6535,23.6668,17.0276,18.6560,19.9535,22.2351,24.5616,26.0379,0.104,0.101,0.105,0.106,0.07,0.056
1/1/2026,08:02,14.1643,15.4237,16.4974,17.8373,18.7232,23.1970,17.1282,17.6673,19.9087,21.8996,24.3379,25.9932,0.112,0.082,0.074,0.107,0.115,0.062
1/1/2026,08:03,12.5671,15.0859,16.0187,16.2402,16.7815,17.4414,16.4795,18.1639,19.5061,19.3048,20.0653,20.5127,0.125,0.104,0.092,0.076,0.12,0.113
1/1/2026,08:04,10.4577,11.4375,12.4799,13.7236,16.8956,16.5265,13.0883,15.2738,14.4282,16.6182,21.4746,22.0786,0.114,0.117,0.075,0.093,0.178,0.164
1/1/2026,08:05,10.2899,11.0885,11.8804,14.4014,18.2758,19.5061,16.3788,17.3184,17.5353,19.6627,23.9800,25.4116,0.23,0.232,0.209,0.205,0.124,0.137
1/1/2026,08:06,12.6029,14.0502,15.8353,17.0231,18.9916,20.0429,16.6786,17.6673,19.1258,20.6469,23.0852,25.5682,0.144,0.135,0.107,0.118,0.096,0.094
1/1/2026,08:07,11.3547,12.4418,13.0615,13.9764,16.4437,17.1841,13.6364,14.8242,15.8599,16.0702,18.7679,19.5508,0.111,0.079,0.107,0.089,0.085,0.071
1/1/2026,08:08,10.7664,11.6388,12.4978,12.7751,15.3141,19.1034,13.7370,15.1239,15.3655,15.5221,22.6825,22.2351,0.135,0.169,0.126,0.106,0.191,0.075
1/1/2026,08:09,14.2157,15.5064,16.7054,18.8574,21.7430,23.6220,19.8640,19.8640,20.8930,23.7339,26.0603,28.2749,0.176,0.113,0.129,0.111,0.127,0.12
1/1/2026,08:10,13.5916,13.7594,14.2761,15.8151,19.9311,22.4588,18.2310,19.4166,19.9982,21.1390,23.9352,26.3511,0.163,0.191,0.183,0.166,0.113,0.073
1/1/2026,08:11,12.8355,14.1777,15.8509,18.1863,22.5036,23.2194,15.1329,18.4547,20.2443,21.0048,24.5616,27.4025,0.101,0.117,0.1,0.073,0.071,0.125
1/1/2026,08:12,11.5560,12.8982,14.0838,15.8084,18.2758,18.9916,17.1282,18.9692,19.3719,20.1548,21.2733,21.5417,0.189,0.173,0.133,0.127,0.101,0.067
1/1/2026,08:13,12.1488,14.4014,16.0098,17.6315,19.9087,19.1034,14.7839,17.7680,19.4166,22.2351,21.8996,22.6378,0.111,0.113,0.094,0.097,0.053,0.08
1/1/2026,08:14,11.1713,12.1734,12.7908,13.8533,16.3654,16.7502,14.6832,15.0725,14.6273,16.0209,19.5061,22.3917,0.171,0.154,0.089,0.105,0.078,0.134
1/1/2026,08:15,9.0395,9.7038,9.7732,9.3638,12.0168,12.0079,13.6856,14.7750,14.5759,14.3768,16.7882,15.4349,0.239,0.234,0.24,0.256,0.197,0.145
1/1/2026,08:16,6.5140,7.2231,7.7510,8.6167,10.6791,12.1063,8.7487,9.0372,9.5450,11.0930,14.2873,15.7480,0.162,0.142,0.157,0.198,0.18,0.208
1/1/2026,08:17,6.6952,7.4803,7.9366,8.2878,8.9947,9.8783,8.1492,8.8381,9.2497,10.2474,11.6813,13.5021,0.12,0.102,0.094,0.117,0.126,0.188
1/1/2026,08:18,6.0330,7.7599,8.6301,10.1691,13.8780,18.4100,8.8471,9.4868,10.5315,16.5668,19.9087,24.0471,0.244,0.14,0.135,0.228,0.225,0.197
1/1/2026,08:19,9.2542,10.3525,11.3099,11.8916,14.5311,15.9605,11.8401,13.0771,14.9226,18.1192,17.8306,19.7745,0.177,0.156,0.142,0.195,0.117,0.115
1/1/2026,08:20,6.3887,8.4825,9.7799,11.9542,15.7749,18.0968,8.0485,10.9341,11.4196,15.1239,18.8126,21.4970,0.121,0.094,0.091,0.126,0.138,0.129
1/1/2026,08:21,11.2674,12.5649,13.6878,15.2671,15.7950,16.2513,16.0813,17.6673,17.0924,20.4456,21.1167,20.6693,0.196,0.173,0.13,0.131,0.168,0.144
1/1/2026,08:22,10.4174,12.5604,13.3321,13.9205,15.9963,19.3719,13.2382,14.5736,15.5132,16.9649,19.6627,24.3155,0.137,0.085,0.078,0.115,0.128,0.101
1/1/2026,08:23,9.4175,9.9320,10.4935,11.7842,11.6746,17.6696,12.9384,13.3769,14.5759,15.3722,14.2359,23.8010,0.183,0.205,0.169,0.17,0.164,0.192
1/1/2026,08:24,6.7913,8.4444,10.1960,11.7596,16.7591,18.5218,10.4935,12.1801,14.4775,15.8219,23.3984,21.3404,0.218,0.168,0.249,0.229,0.234,0.082
1/1/2026,08:25,10.4196,11.5739,12.5828,13.5402,13.4395,12.2204,12.6387,14.0256,14.4775,15.6720,16.9962,16.1149,0.115,0.103,0.084,0.073,0.17,0.116
1/1/2026,08:26,10.0931,11.9251,12.4172,12.8825,13.1912,16.2558,12.1399,15.4237,14.8734,15.4237,17.1528,24.4721,0.108,0.102,0.102,0.104,0.137,0.185
1/1/2026,08:27,12.0012,13.5178,14.7683,15.4930,18.9469,23.8010,16.0299,18.1639,19.6179,20.1548,21.8996,27.2459,0.162,0.154,0.13,0.168,0.124,0.078
1/1/2026,08:28,13.1554,14.4819,16.1417,17.3363,18.1639,19.1258,17.7277,18.8126,20.4903,20.1548,20.4903,22.9510,0.198,0.171,0.141,0.109,0.077,0.078
1/1/2026,08:29,12.4239,13.7616,15.0814,15.4841,17.0119,19.7521,15.8308,17.6673,19.4613,18.4995,19.5508,22.2799,0.156,0.143,0.08,0.079,0.077,0.067
1/1/2026,08:30,11.2384,12.9832,14.1799,15.3051,15.4214,17.1752,14.7347,16.1216,17.8821,18.8126,20.1772,21.6983,0.146,0.125,0.133,0.118,0.132,0.129
1/1/2026,08:31,8.9433,10.1892,11.1377,11.9184,12.8959,13.9876,11.7417,12.3792,14.1822,14.1285,16.4236,15.9046,0.129,0.119,0.128,0.104,0.093,0.067
1/1/2026,08:32,7.0441,8.3415,9.1535,9.8649,11.7283,15.0277,8.6972,11.1824,11.5180,11.9385,16.5802,23.3312,0.13,0.142,0.127,0.142,0.189,0.144
1/1/2026,08:33,11.3077,12.3882,13.3858,14.9248,19.1929,21.0943,17.2289,20.3561,21.6759,19.2600,23.2418,25.8366,0.264,0.297,0.271,0.177,0.136,0.108
1/1/2026,08:34,14.7481,15.7391,16.2402,16.5958,18.6337,20.1101,17.7277,19.2600,19.3048,20.3114,22.2128,23.2641,0.123,0.134,0.128,0.117,0.125,0.105
1/1/2026,08:35,11.7148,13.1644,14.7504,16.7994,21.9667,22.8391,13.6364,15.4237,18.9692,20.4009,26.6419,26.4630,0.107,0.101,0.112,0.134,0.122,0.084
1/1/2026,08:36,12.3345,13.4664,14.5021,15.7190,17.9179,18.3205,15.8800,17.3184,18.2310,18.3205,22.0115,22.1233,0.151,0.163,0.151,0.127,0.112,0.08
1/1/2026,08:37,9.1893,11.0616,12.3814,14.4394,17.5734,19.5285,12.1399,13.2270,15.8107,18.9021,22.5259,22.1680,0.134,0.104,0.13,0.105,0.129,0.084
1/1/2026,08:38,8.3729,10.5651,11.8423,12.5895,13.9316,15.8644,10.9923,13.4283,14.5267,15.6228,17.5174,18.5218,0.122,0.141,0.158,0.171,0.13,0.11
1/1/2026,08:39,8.0798,9.6882,10.6366,11.3703,12.5112,12.5850,9.5965,11.6321,13.6408,13.5312,15.1731,15.5914,0.114,0.115,0.117,0.094,0.083,0.116
1/1/2026,08:40,9.0820,10.3145,11.2294,12.6879,15.3767,15.3342,13.2874,14.2761,15.3655,17.5130,20.8035,20.4456,0.241,0.197,0.196,0.164,0.166,0.157
1/1/2026,08:41,12.0325,13.3523,14.0166,14.7190,17.9626,19.8640,14.8823,16.3207,16.6987,17.4638,21.8549,22.5931,0.104,0.094,0.112,0.096,0.124,0.102
1/1/2026,08:42,9.0350,10.5695,11.9072,12.5067,14.6385,17.7702,11.2921,12.5783,13.8869,15.0747,18.8126,23.5773,0.136,0.123,0.094,0.101,0.117,0.185
1/1/2026,08:43,9.5942,10.7619,12.0705,13.6095,14.9315,18.5218,14.1844,14.6251,14.7258,19.8416,18.6113,21.4522,0.208,0.16,0.145,0.191,0.132,0.093
1/1/2026,08:44,11.1981,12.8132,14.8063,16.0724,16.2267,19.0363,13.7862,15.4729,18.3652,19.7521,20.4456,21.1838,0.126,0.124,0.126,0.11,0.173,0.079
1/1/2026,08:45,11.9430,13.3612,13.6386,13.8824,14.7079,15.4639,14.5848,16.7189,17.4861,18.0521,19.1929,19.6627,0.127,0.141,0.151,0.174,0.151,0.16
1/1/2026,08:46,10.0573,11.2831,11.5985,12.0727,12.5850,15.2962,13.3366,14.3746,13.4910,14.8756,16.9962,24.0023,0.14,0.103,0.09,0.102,0.136,0.24
1/1/2026,08:47,9.6636,11.0885,12.2025,12.2629,13.5491,16.2066,11.2921,13.1286,13.4418,16.1686,18.7232,21.6535,0.11,0.096,0.052,0.1,0.135,0.15
1/1/2026,08:48,10.8514,12.6812,13.9406,15.2179,19.6627,20.6022,14.2851,17.4190,18.7232,20.8482,24.4945,24.3155,0.156,0.175,0.172,0.205,0.142,0.134
1/1/2026,08:49,13.9853,15.5780,16.6115,18.3652,18.3876,18.9469,17.2781,18.8126,19.3719,21.7430,23.8234,22.2799,0.107,0.114,0.09,0.09,0.109,0.118
1/1/2026,08:50,10.8603,11.6298,11.9072,12.4866,13.0682,14.5826,12.9877,13.3277,13.7885,14.7258,16.1104,19.7074,0.09,0.093,0.085,0.091,0.102,0.14
1/1/2026,08:51,7.8181,9.0708,9.6994,10.8335,10.9006,14.7526,9.8940,11.3323,11.0751,13.0838,13.5581,18.4547,0.114,0.101,0.077,0.1,0.138,0.137
1/1/2026,08:52,8.5272,9.2900,10.2519,11.5985,12.3993,14.9987,10.4443,11.5314,11.9631,14.2292,14.8085,18.5218,0.111,0.14,0.097,0.113,0.095,0.105
1/1/2026,08:53,10.7351,12.0862,13.4060,13.8690,16.6540,19.5061,15.5825,16.7189,19.3048,19.9087,22.7720,25.7248,0.23,0.216,0.209,0.245,0.237,0.214
1/1/2026,08:54,11.1578,12.2450,13.2113,15.3678,19.1929,20.9825,14.8331,17.4682,17.8329,21.9443,25.2326,26.2393,0.172,0.184,0.192,0.182,0.136,0.102
1/1/2026,08:55,11.2719,12.5693,13.5625,14.3253,17.2132,18.2534,13.7862,15.7726,15.9091,16.5668,19.7074,22.0115,0.18,0.189,0.14,0.125,0.099,0.149
1/1/2026,08:56,10.1579,11.1042,12.3054,13.5603,17.8955,18.9916,12.8892,14.2761,14.9718,18.4995,23.3089,22.5931,0.139,0.129,0.107,0.149,0.154,0.132
1/1/2026,08:57,10.6568,12.4687,12.7595,13.6431,16.3990,17.5868,15.4818,15.8219,16.1552,17.1640,21.0048,22.7049,0.17,0.116,0.145,0.121,0.141,0.144
1/1/2026,08:58,8.8448,10.1400,10.5225,11.5784,14.2023,14.0412,11.9900,12.4307,12.3076,13.5312,17.7277,16.9493,0.14,0.13,0.115,0.118,0.12,0.15
1/1/2026,08:59,8.1827,9.2743,10.3302,11.8133,13.7057,17.9179,11.0930,11.9810,12.8020,15.6720,21.0048,23.5773,0.159,0.159,0.131,0.131,0.211,0.135
1/1/2026,09:00,11.5806,13.3635,14.3678,15.5579,18.6337,19.9535,14.7839,16.4213,17.2401,20.1101,21.2285,24.8300,0.129,0.089,0.097,0.174,0.078,0.107
1/1/2026,09:01,13.3075,14.9942,16.0478,17.7456,20.2666,20.1995,16.2312,18.8126,20.7364,21.8996,23.0852,22.2799,0.097,0.128,0.119,0.113,0.072,0.042
1/1/2026,09:02,12.7125,13.6856,14.2761,15.1910,18.1192,19.7074,15.6809,16.2715,17.7344,17.5622,20.8035,22.1233,0.094,0.091,0.093,0.097,0.086,0.098
1/1/2026,09:03,12.1533,13.1935,13.3008,14.4953,18.6560,19.8864,14.7839,16.3207,16.0567,17.7121,21.5417,23.1076,0.124,0.107,0.097,0.146,0.091,0.087
1/1/2026,09:04,10.0125,11.2674,12.2137,12.7416,13.8466,16.7658,12.9877,13.5268,13.5402,16.1686,16.2670,22.9062,0.126,0.14,0.09,0.136,0.084,0.157
1/1/2026,09:05,8.7844,10.3503,11.3144,12.8221,19.1482,22.3694,10.9431,13.9764,14.6273,20.8482,24.6510,25.0537,0.097,0.135,0.178,0.304,0.216,0.07
1/1/2026,09:06,12.9340,14.2045,14.8801,15.4953,19.2600,19.6627,16.6786,17.2177,17.8821,18.1639,22.1680,23.0628,0.169,0.137,0.111,0.11,0.084,0.101
1/1/2026,09:07,11.4442,12.2226,13.1129,14.1128,15.4483,16.1753,14.2359,15.1731,15.2179,15.8219,17.5711,19.3495,0.114,0.089,0.067,0.054,0.081,0.087
1/1/2026,09:08,9.8380,10.7820,11.2339,11.5180,14.4730,18.7232,13.4373,16.4213,17.4369,16.5175,22.3246,23.5773,0.14,0.182,0.18,0.187,0.228,0.176
1/1/2026,09:09,12.0660,13.3277,14.3253,15.3230,16.4527,19.2153,16.1305,18.1192,18.0744,20.3561,20.0653,22.7944,0.136,0.139,0.153,0.158,0.117,0.107
1/1/2026,09:10,13.0749,14.3544,15.0859,15.1373,15.6205,17.7948,16.4795,16.7703,18.3652,18.8126,20.9601,23.5326,0.12,0.115,0.117,0.133,0.16,0.125
1/1/2026,09:11,14.1128,15.9091,16.2491,17.0253,20.0206,22.9062,24.2037,26.2393,25.6353,22.3023,24.8076,26.8209,0.36,0.363,0.319,0.248,0.131,0.126
1/1/2026,09:12,11.2294,12.3367,13.0503,14.2649,19.0587,22.4812,14.0345,15.0725,16.9940,19.5061,26.3735,25.2997,0.141,0.122,0.141,0.149,0.146,0.077
1/1/2026,09:13,12.4418,14.0122,15.0591,16.5086,18.7232,21.2733,14.6832,17.4682,18.7679,20.8035,22.1009,25.2103,0.133,0.141,0.146,0.107,0.091,0.104
1/1/2026,09:14,9.5025,10.4286,11.5269,12.5470,14.5065,20.4232,12.1399,14.2761,15.4147,15.6720,19.3495,23.9576,0.142,0.168,0.165,0.129,0.178,0.083
1/1/2026,09:15,13.1979,14.7190,15.7503,16.8508,18.5218,20.1548,18.4771,19.7521,19.7521,21.3404,23.2418,24.9866,0.222,0.19,0.122,0.111,0.168,0.132
1/1/2026,09:16,13.0637,14.3253,14.6072,16.6585,18.2310,20.2443,14.6340,17.8664,18.6113,20.6917,22.8391,26.3064,0.094,0.1,0.124,0.156,0.149,0.186
1/1/2026,09:17,12.0526,13.0234,14.3119,16.2044,19.0140,20.5127,16.9291,17.8172,19.6179,20.6469,22.6825,25.4116,0.232,0.193,0.204,0.155,0.103,0.15
1/1/2026,09:18,10.2653,11.0706,13.1308,16.2200,20.0206,20.6469,13.1867,13.7773,16.1552,21.3851,23.5102,23.9576,0.158,0.139,0.114,0.128,0.07,0.085
1/1/2026,09:19,11.6321,13.3545,13.9786,14.7101,18.5442,19.2600,16.0299,16.9202,17.1416,18.1639,24.4497,23.1747,0.177,0.153,0.102,0.106,0.144,0.134
1/1/2026,09:20,9.1737,10.4286,11.1265,12.2316,14.7190,15.8263,11.5918,12.7796,14.0838,15.3230,18.6560,18.8350,0.113,0.099,0.102,0.133,0.134,0.13
1/1/2026,09:21,11.4889,12.6118,14.1419,16.6898,21.7430,22.2799,17.4280,18.4100,19.2600,21.8325,28.4091,26.8209,0.299,0.26,0.222,0.234,0.159,0.116
1/1/2026,09:22,14.3589,15.3185,15.4460,15.9426,17.6136,17.4839,18.6784,20.2666,18.8126,19.5956,22.3246,23.0628,0.138,0.144,0.12,0.123,0.126,0.143
1/1/2026,09:23,10.4174,11.7864,12.8669,14.5826,16.8173,18.0521,15.4818,17.5667,17.6360,17.8619,21.6983,22.1233,0.184,0.181,0.16,0.164,0.186,0.148
1/1/2026,09:24,12.2562,13.3545,14.9987,16.5444,18.7232,19.6627,16.4795,17.4190,17.8329,19.2153,22.6825,22.3917,0.169,0.15,0.125,0.078,0.103,0.089
1/1/2026,09:25,10.5897,12.3859,13.4910,14.6586,18.3652,19.0363,13.6364,15.5221,14.9718,17.3139,21.3180,21.8101,0.147,0.11,0.073,0.112,0.061,0.063
1/1/2026,09:26,11.4755,12.0123,12.5268,14.4864,18.2310,20.9601,14.4349,15.5221,16.6003,19.3942,21.0048,25.0537,0.108,0.139,0.16,0.149,0.098,0.088
1/1/2026,09:27,14.2292,15.7190,16.5399,17.8127,19.6627,20.2890,17.7277,19.2153,20.1548,21.7878,22.8839,25.5234,0.161,0.146,0.154,0.109,0.081,0.105
1/1/2026,09:28,11.5739,12.2025,12.6476,14.3835,18.0521,18.1416,13.0883,14.9741,16.6495,16.7658,21.7430,21.9220,0.061,0.124,0.119,0.111,0.126,0.102
1/1/2026,09:29,10.0796,10.8111,11.7037,13.7012,15.9605,16.9068,14.0860,13.3277,15.1195,18.0073,19.2824,20.9825,0.144,0.129,0.118,0.122,0.129,0.132
1/1/2026,09:30,11.0370,11.2876,12.9317,13.9764,13.7169,13.0234,17.1774,17.5667,16.4012,17.4638,17.6740,16.7927,0.217,0.176,0.142,0.12,0.13,0.144
1/1/2026,09:31,10.5762,12.0683,13.4596,14.3768,14.8376,17.5421,13.3366,15.2738,16.0075,17.3139,18.8797,23.3760,0.144,0.143,0.104,0.124,0.139,0.135
1/1/2026,09:32,7.6951,7.9210,8.7822,10.3324,15.1105,17.3407,12.4396,12.8780,12.3076,14.8756,23.5102,22.2351,0.234,0.206,0.128,0.149,0.232,0.158
1/1/2026,09:33,12.9273,14.6139,16.2021,18.4995,20.3114,19.6627,17.9179,21.4075,22.7720,23.6892,24.8076,22.8615,0.169,0.174,0.173,0.131,0.08,0.085
1/1/2026,09:34,14.8130,15.8107,16.2156,17.3743,18.6113,19.6627,22.8615,20.6693,21.1838,20.3561,22.6154,24.6734,0.228,0.17,0.157,0.084,0.112,0.13
1/1/2026,09:35,12.1488,13.4753,14.6989,15.8644,17.4973,18.1639,16.1798,17.0678,18.1192,18.4100,21.0048,21.6088,0.14,0.126,0.138,0.107,0.114,0.099
1/1/2026,09:36,11.5292,13.2740,14.0927,15.4035,18.0297,20.1772,14.1844,16.5690,17.6852,17.8127,19.5956,23.2641,0.123,0.154,0.121,0.102,0.052,0.073
1/1/2026,09:37,10.4062,11.0191,11.7462,13.2963,15.8442,17.4593,13.6856,14.7235,15.0702,16.1686,18.0297,21.0719,0.158,0.179,0.147,0.119,0.066,0.105
1/1/2026,09:38,8.7621,9.8246,10.7910,10.4756,13.4418,16.7904,11.6902,13.9764,13.7393,14.5267,17.4145,20.0206,0.16,0.178,0.162,0.164,0.187,0.127
1/1/2026,09:39,10.1087,11.0236,11.7685,13.2136,16.0791,17.0455,13.0883,15.3722,15.0210,18.1639,20.7588,22.1680,0.135,0.159,0.176,0.161,0.159,0.127
1/1/2026,09:40,13.5849,14.9942,15.7100,17.3049,18.5218,19.7521,16.8799,19.7521,19.1705,20.6469,21.8549,23.4207,0.131,0.145,0.137,0.102,0.087,0.081
1/1/2026,09:41,11.5851,12.2964,12.8646,13.9764,16.9649,15.4908,13.2874,15.8711,16.7972,17.4638,20.0206,20.4456,0.102,0.13,0.124,0.122,0.089,0.123
1/1/2026,09:42,11.0863,12.4732,13.4373,13.9451,15.5266,17.7993,15.0837,19.0140,17.9402,17.2647,20.3785,21.1390,0.168,0.195,0.175,0.123,0.165,0.122
1/1/2026,09:43,9.3593,9.5696,10.4062,12.2181,15.3387,17.9626,12.3904,12.7796,13.4910,14.3276,19.1929,20.8259,0.172,0.127,0.133,0.093,0.178,0.091
1/1/2026,09:44,7.7577,8.6815,10.0729,12.1868,13.8668,16.0254,10.2944,10.3346,11.7663,16.2692,17.6740,19.9311,0.161,0.115,0.088,0.166,0.126,0.168
1/1/2026,09:45,11.0997,12.1421,12.8512,14.0032,16.7166,18.0744,15.4326,15.1239,14.9226,16.7658,18.3429,21.4522,0.161,0.131,0.087,0.094,0.064,0.123
1/1/2026,09:46,10.4264,10.6031,11.6231,12.5246,16.4281,16.5377,14.6340,13.2785,14.9226,16.5668,21.3180,19.6179,0.163,0.108,0.11,0.139,0.15,0.098
1/1/2026,09:47,12.2025,13.1107,14.4775,15.2827,14.8980,15.2827,16.5802,17.5667,19.0587,19.5508,19.1929,18.0521,0.167,0.188,0.146,0.104,0.086,0.084
1/1/2026,09:48,11.9094,13.0727,13.8824,14.8063,15.8487,17.8754,15.1329,15.3230,16.6003,16.7166,19.4390,22.0115,0.103,0.108,0.102,0.078,0.155,0.096
1/1/2026,09:49,10.4375,11.6656,12.4799,13.5536,16.8598,17.9402,13.2874,15.5221,15.4147,16.4683,20.1772,20.0877,0.106,0.119,0.096,0.102,0.083,0.071
1/1/2026,09:50,12.0235,13.2986,14.2403,15.1910,18.0297,17.8642,15.3812,16.7189,18.0297,18.1192,20.6917,20.9825,0.157,0.147,0.148,0.127,0.08,0.085
1/1/2026,09:51,10.0304,11.2965,12.4374,13.7818,15.6809,18.1192,13.0883,14.6743,16.4504,17.2155,18.3429,21.6535,0.123,0.146,0.16,0.125,0.095,0.114
1/1/2026,09:52,11.0214,12.0593,12.4418,12.5671,13.8086,15.1329,15.5310,16.7703,15.9583,16.5175,16.2670,20.1772,0.224,0.198,0.182,0.147,0.075,0.151
1/1/2026,09:53,9.4868,10.9386,11.7215,13.2360,16.0276,15.5132,12.0392,13.6274,13.8377,16.4191,19.0363,18.0968,0.146,0.152,0.12,0.095,0.104,0.084
1/1/2026,09:54,12.9720,14.1061,15.1284,17.3049,20.9825,21.2062,16.9783,18.7232,20.9377,21.7878,23.2418,24.8300,0.139,0.178,0.19,0.141,0.059,0.094
1/1/2026,09:55,12.4418,13.6475,14.3343,16.1842,19.1705,19.8416,14.8823,16.6204,16.7479,18.7008,22.5707,22.2799,0.119,0.121,0.104,0.09,0.066,0.086
1/1/2026,09:56,14.3097,15.3722,15.8107,15.0837,15.5176,15.6026,17.8261,18.6113,19.8640,18.7008,19.7074,20.2443,0.105,0.069,0.091,0.118,0.122,0.117
1/1/2026,09:57,11.3211,12.2674,12.2360,12.3591,12.7349,13.3814,13.9361,14.0748,14.6273,14.9248,17.9402,17.6807,0.123,0.134,0.137,0.148,0.164,0.131
1/1/2026,09:58,8.6927,9.3012,9.8313,10.2966,12.9653,13.4865,11.2428,11.4330,12.3076,12.8848,14.1307,18.6784,0.158,0.157,0.129,0.122,0.073,0.214
1/1/2026,09:59,7.0128,7.7420,8.3975,9.2318,11.9318,12.3613,9.3974,10.4845,10.6814,12.5850,15.0166,16.6361,0.153,0.141,0.124,0.194,0.131,0.177
1/1/2026,10:00,7.6951,8.9835,10.4756,12.2047,14.3074,15.4304,10.8424,13.0771,14.5759,14.8756,17.9850,18.3652,0.24,0.27,0.221,0.179,0.123,0.106
1/1/2026,10:01,8.3415,8.8941,9.4980,10.3168,13.8086,14.4394,10.1445,11.4822,12.4060,13.8310,17.7792,16.3744,0.141,0.172,0.175,0.163,0.165,0.107
1/1/2026,10:02,7.8226,9.2721,10.3324,12.0191,12.8154,14.4417,9.1960,12.6297,13.5402,15.1239,16.0075,17.6293,0.112,0.152,0.167,0.112,0.131,0.112
1/1/2026,10:03,9.5875,10.5449,11.2115,11.7752,13.3948,14.8779,11.5404,12.8288,13.0973,13.4328,17.3094,19.1482,0.093,0.098,0.084,0.084,0.133,0.172
1/1/2026,10:04,9.8358,10.8201,12.1287,12.8736,16.3744,19.1034,13.6856,15.0233,16.4012,16.9649,18.6560,23.2641,0.232,0.18,0.165,0.16,0.108,0.103
1/1/2026,10:05,9.7844,11.0214,12.1175,13.3031,16.1104,16.2402,13.4865,14.5736,16.5489,15.9695,20.1772,20.7588,0.234,0.174,0.156,0.134,0.165,0.138
1/1/2026,10:06,11.5717,12.4955,12.9205,14.9271,16.6003,16.7837,14.5334,15.3722,15.0702,17.7613,19.1258,20.4009,0.162,0.14,0.119,0.114,0.105,0.103
1/1/2026,10:07,13.3411,13.7751,14.1934,14.4417,15.2671,15.5489,16.3788,16.6204,17.1416,16.9649,18.0297,17.7322,0.136,0.157,0.134,0.086,0.089,0.066
1/1/2026,10:08,9.3817,10.5069,11.3189,12.1108,13.3389,12.5962,11.9900,13.0279,12.9004,14.7750,16.0075,15.9046,0.169,0.123,0.101,0.127,0.095,0.127
1/1/2026,10:09,7.6705,8.1939,8.3818,8.6994,10.2787,12.5224,8.6972,9.4376,10.0394,10.2474,12.6186,17.1059,0.094,0.09,0.099,0.091,0.096,0.163
1/1/2026,10:10,5.2926,6.0017,6.9681,7.6839,10.1110,11.1288,6.7533,7.7398,8.8560,9.8492,11.9945,15.0702,0.137,0.15,0.138,0.152,0.095,0.14
1/1/2026,10:11,5.8988,6.4357,6.7600,7.3640,8.7598,8.8806,7.4512,7.9411,9.1021,9.7486,10.4823,10.6299,0.129,0.132,0.152,0.118,0.126,0.092
1/1/2026,10:12,4.8161,5.3933,6.2053,6.9860,7.9568,9.9342,6.7019,6.3440,7.6705,8.3057,10.3771,13.8690,0.172,0.104,0.104,0.074,0.167,0.141
1/1/2026,10:13,6.3775,7.3036,7.8248,9.6121,11.5336,15.2358,9.0462,11.4330,9.9902,13.5804,16.4236,17.3161,0.264,0.265,0.195,0.28,0.308,0.075
1/1/2026,10:14,8.8695,10.0729,10.8491,11.0907,13.7057,14.9271,11.9408,12.6790,12.9988,13.0346,16.7882,18.1416,0.162,0.137,0.107,0.086,0.126,0.104
1/1/2026,10:15,8.7844,10.4107,11.1981,12.5291,14.1710,15.7122,13.0883,14.7235,14.1822,15.0255,17.0499,18.1416,0.189,0.193,0.148,0.122,0.137,0.104
1/1/2026,10:16,6.9636,8.3460,9.2878,10.7485,12.1734,13.2650,9.8940,11.1332,11.9139,13.0346,14.4953,16.1149,0.194,0.157,0.166,0.134,0.107,0.125
1/1/2026,10:17,6.8831,7.6101,8.0798,8.4959,10.8268,11.0728,9.2967,9.9857,10.6299,11.1914,13.8690,14.0770,0.218,0.16,0.148,0.168,0.131,0.119
1/1/2026,10:18,5.1785,6.2724,6.7377,7.2768,10.5293,11.7193,6.4043,7.9903,8.4109,8.0574,12.7237,14.1822,0.128,0.156,0.142,0.091,0.109,0.133
1/1/2026,10:19,4.3352,6.0621,6.8428,7.8964,10.6612,11.9766,5.2568,7.9903,9.1513,10.7932,12.7751,14.4953,0.071,0.133,0.16,0.211,0.17,0.102
1/1/2026,10:20,6.6504,7.9255,8.9477,11.1131,12.0660,12.2495,10.1937,11.2831,10.8782,13.3814,13.4529,13.9719,0.209,0.173,0.127,0.093,0.061,0.056
1/1/2026,10:21,6.2724,7.6101,9.2788,10.3458,11.1377,11.3323,7.9993,9.6367,10.0886,11.5404,12.9317,12.5626,0.076,0.113,0.044,0.075,0.063,0.063
1/1/2026,10:22,5.9950,7.0777,7.5385,8.4847,9.3168,9.5293,8.3482,9.0864,8.9545,10.1960,10.8984,11.4643,0.156,0.133,0.121,0.093,0.068,0.09
1/1/2026,10:23,5.9659,6.6101,7.5183,8.3326,9.5383,9.4578,7.7510,7.7912,8.6569,9.9477,10.9520,11.1511,0.125,0.103,0.076,0.106,0.079,0.085
1/1/2026,10:24,5.7802,6.9256,7.9411,8.6614,10.1557,9.6188,7.6503,8.8873,9.9409,10.2966,11.4196,10.4733,0.159,0.183,0.139,0.114,0.072,0.06
1/1/2026,10:25,5.3552,5.8921,6.6034,7.2812,7.4289,8.8180,7.0508,6.8920,7.8695,9.4511,9.9096,10.6814,0.163,0.084,0.09,0.145,0.192,0.093
1/1/2026,10:26,5.7556,6.3328,6.7533,6.3753,7.0396,8.1447,7.7510,8.4892,8.7576,7.5586,8.5540,10.0036,0.202,0.17,0.132,0.109,0.097,0.122
1/1/2026,10:27,5.1025,5.6796,6.4603,6.9591,6.1068,4.0064,6.9032,6.6437,7.3752,8.0060,7.7197,5.6684,0.147,0.117,0.062,0.09,0.131,0.208
1/1/2026,10:28,5.0555,5.8451,6.1426,6.3037,6.1851,4.8363,6.0039,6.4938,6.8831,7.7085,7.8248,6.0845,0.086,0.054,0.074,0.084,0.138,0.171
1/1/2026,10:29,3.9862,4.6394,5.0309,6.0912,6.3730,5.1002,4.7580,5.7959,6.1918,7.2611,7.5631,6.2411,0.15,0.139,0.117,0.095,0.087,0.147
1/1/2026,10:30,4.7714,5.5834,6.3238,7.0083,7.0799,6.5744,6.3037,7.0419,8.0664,9.6501,8.2923,7.6011,0.2,0.167,0.146,0.19,0.074,0.094
1/1/2026,10:31,4.2681,4.7826,6.3641,6.8495,7.2253,8.0328,5.3060,5.4962,7.5720,7.7085,7.9277,8.9589,0.105,0.087,0.102,0.058,0.073,0.049
1/1/2026,10:32,5.9637,6.5855,6.7779,6.5028,6.8048,6.7108,6.8025,8.6883,8.9545,7.5094,8.0843,8.6458,0.087,0.145,0.146,0.097,0.121,0.19
1/1/2026,10:33,3.2771,3.9482,4.2211,4.7356,5.3172,5.4581,4.9078,5.3463,5.3530,6.5140,7.2499,7.6011,0.265,0.201,0.133,0.223,0.16,0.209
1/1/2026,10:34,2.9393,3.7200,4.3911,5.5767,7.4356,9.6524,5.3552,6.0442,6.2903,7.1604,9.8045,13.3456,0.429,0.261,0.215,0.192,0.229,0.142
1/1/2026,10:35,4.1428,5.1807,6.3686,7.8293,10.5315,8.3706,5.5543,6.4938,8.4109,10.4465,11.8893,10.3682,0.195,0.139,0.13,0.155,0.055,0.107
1/1/2026,10:36,5.9883,7.0620,8.5518,9.8671,10.4733,9.9029,8.5988,9.8850,10.3839,11.0930,11.0549,10.5785,0.193,0.235,0.098,0.052,0.027,0.061
1/1/2026,10:37,5.6416,7.3215,8.2230,9.6815,11.3032,11.5471,6.9524,8.9366,9.5450,11.4419,12.6722,12.6678,0.123,0.096,0.117,0.108,0.095,0.054
1/1/2026,10:38,6.7220,7.7062,8.8180,10.7283,11.3681,11.4665,9.1468,9.2878,10.4823,12.2875,12.8266,12.6678,0.173,0.102,0.13,0.062,0.058,0.053
1/1/2026,10:39,5.8518,6.7757,7.7666,9.7195,11.0974,11.5896,7.5497,8.4377,8.9052,12.7841,12.9832,13.3456,0.151,0.178,0.073,0.124,0.084,0.067
1/1/2026,10:40,6.4178,7.3461,8.6279,10.8447,12.3278,11.3771,8.2990,9.1871,10.2362,13.8802,14.5468,12.6141,0.184,0.122,0.124,0.1,0.099,0.056
1/1/2026,10:41,6.8159,8.1156,9.6412,10.4711,11.8379,10.8693,8.7979,9.9857,12.1600,12.7349,14.2359,12.6141,0.114,0.127,0.111,0.1,0.087,0.079
1/1/2026,10:42,7.5877,8.5429,9.6412,10.3950,11.1220,11.8177,8.6972,9.9857,10.9274,11.8401,12.1510,12.8758,0.107,0.099,0.075,0.064,0.05,0.051
1/1/2026,10:43,6.6437,7.5966,9.0014,10.2586,11.9251,12.3904,8.0485,9.4376,10.8290,11.9877,13.4529,13.2404,0.107,0.13,0.087,0.079,0.085,0.037
1/1/2026,10:44,7.0441,8.4668,9.4466,11.0191,12.1443,11.9117,9.1468,10.8335,11.6164,12.3859,13.0883,12.4575,0.177,0.179,0.115,0.062,0.044,0.029
1/1/2026,10:45,7.4378,8.6771,10.1669,11.1914,12.3009,11.6544,9.1468,10.0841,11.2719,12.6857,13.1935,12.9809,0.14,0.118,0.061,0.067,0.039,0.057
1/1/2026,10:46,7.2096,8.7554,9.3213,10.5539,11.3256,11.6119,8.2498,10.6344,11.1243,12.1868,12.4620,12.6141,0.081,0.104,0.113,0.092,0.051,0.057
1/1/2026,10:47,7.3372,8.5697,8.9858,9.6815,12.0280,12.2964,9.8940,12.2293,12.8512,12.9832,13.4015,13.1890,0.159,0.141,0.167,0.17,0.055,0.064
1/1/2026,10:48,6.8584,8.0507,9.8828,11.6969,13.0906,13.1778,9.1468,10.8827,11.3703,13.6319,14.6005,14.2851,0.121,0.117,0.087,0.094,0.082,0.048
1/1/2026,10:49,8.2476,10.1199,11.8647,13.1129,14.1889,14.5088,11.2428,12.2808,13.5894,14.4282,15.0680,15.2783,0.159,0.105,0.105,0.09,0.042,0.033
1/1/2026,10:50,7.9970,9.0775,10.7910,12.0258,14.7258,15.5243,9.6949,10.6836,12.8512,13.4328,16.9448,17.2110,0.106,0.107,0.08,0.055,0.092,0.065
1/1/2026,10:51,9.6479,10.6299,11.0102,11.7305,13.7661,14.0524,11.9900,13.4283,12.7036,13.5804,15.2246,15.5914,0.118,0.106,0.098,0.068,0.059,0.043
1/1/2026,10:52,7.6481,9.0820,10.0103,11.8065,13.2919,12.5671,9.8448,11.9810,12.6543,13.2829,15.2246,14.4417,0.121,0.153,0.136,0.082,0.084,0.062
1/1/2026,10:53,8.0239,10.2452,11.5963,12.4553,12.2808,11.3703,10.1445,12.0795,12.8020,13.2829,14.2873,13.0324,0.145,0.111,0.067,0.042,0.074,0.093
1/1/2026,10:54,9.0395,10.3928,11.0147,11.5538,11.5717,10.6881,10.3436,11.9318,12.4553,13.0346,12.5671,12.9809,0.072,0.09,0.094,0.063,0.043,0.075
1/1/2026,10:55,8.2297,9.4443,10.3324,11.4017,10.6881,10.7731,9.3459,11.3323,12.4553,12.9340,12.7751,12.0392,0.088,0.133,0.107,0.059,0.094,0.077
1/1/2026,10:56,8.7912,10.5270,10.8805,11.4419,10.9588,10.4443,10.6433,12.1801,12.3568,13.2337,12.3591,11.6746,0.106,0.057,0.068,0.071,0.068,0.069
1/1/2026,10:57,7.6973,10.1311,10.6926,11.1064,10.9520,9.7486,9.0462,11.3815,12.0123,12.4374,12.6186,10.8380,0.116,0.111,0.064,0.059,0.066,0.062
1/1/2026,10:58,7.2633,8.3907,9.2430,10.7731,11.3390,10.4487,9.1960,10.8827,11.2719,11.9877,13.3478,13.0838,0.144,0.126,0.103,0.071,0.102,0.115
1/1/2026,10:59,7.9434,9.2989,10.4778,12.1376,13.3478,12.7125,9.5965,11.2831,12.6543,13.0346,14.9651,13.7639,0.145,0.158,0.111,0.073,0.053,0.044
1/1/2026,11:00,7.5161,9.2766,10.0908,11.4934,13.9898,11.3771,8.7487,10.6344,11.6679,13.5804,16.0075,13.1375,0.095,0.089,0.081,0.091,0.079,0.081
1/1/2026,11:01,8.7330,9.7150,10.1378,10.9185,13.0436,12.8534,12.0392,12.6297,12.5537,12.9340,14.7571,15.6966,0.154,0.147,0.137,0.135,0.071,0.138
1/1/2026,11:02,6.4916,8.4332,10.0506,11.9475,13.5670,12.1958,9.4466,11.5314,12.3076,14.8264,16.2156,13.8153,0.133,0.15,0.114,0.12,0.109,0.076
1/1/2026,11:03,8.4959,9.9342,10.5158,10.9006,12.1913,12.4307,10.3928,11.8312,12.1108,12.7841,14.4439,14.6519,0.138,0.111,0.112,0.091,0.087,0.088
1/1/2026,11:04,6.6034,7.3058,7.8360,9.0685,11.2451,11.7215,7.6011,8.6390,8.7576,10.9923,13.0883,15.4349,0.093,0.096,0.061,0.115,0.069,0.13
1/1/2026,11:05,7.8539,8.9030,9.9432,10.8805,11.9363,12.5268,10.5427,11.6321,13.3925,13.5804,12.8266,14.2851,0.181,0.203,0.2,0.18,0.055,0.067
1/1/2026,11:06,9.2967,10.6903,11.7864,12.4463,11.9341,11.7238,11.5918,13.1778,13.7393,13.3321,13.0369,12.6141,0.137,0.128,0.091,0.043,0.049,0.033
1/1/2026,11:07,8.5317,9.8716,9.8492,10.0349,11.3413,10.7686,9.7955,11.5314,11.2227,11.2921,12.3591,12.0929,0.083,0.091,0.079,0.078,0.044,0.062
1/1/2026,11:08,8.6659,10.1378,11.2518,11.9945,11.3659,10.6478,11.5918,12.5783,12.4553,13.7795,13.6095,12.6141,0.143,0.134,0.07,0.077,0.102,0.111
1/1/2026,11:09,8.0530,9.4421,9.8873,11.5023,11.9363,11.0281,11.2921,11.6813,12.0123,13.4328,14.8600,14.6519,0.204,0.155,0.12,0.086,0.107,0.171
1/1/2026,11:10,8.1514,9.8403,10.8715,11.8848,12.6991,12.4351,9.4466,11.5806,12.2584,13.8310,14.0793,14.3902,0.087,0.108,0.073,0.072,0.047,0.086
1/1/2026,11:11,7.9724,9.2945,10.0819,10.6501,10.6747,11.2607,9.5965,11.2317,11.4688,11.4911,12.4105,12.4575,0.087,0.087,0.078,0.04,0.062,0.054
1/1/2026,11:12,7.7174,9.0551,9.5115,10.0506,10.2742,9.6054,9.2475,10.5337,10.3346,10.8939,11.4732,10.4733,0.11,0.087,0.061,0.055,0.062,0.045
1/1/2026,11:13,6.9412,8.1447,8.4914,8.9567,10.6836,11.3659,7.8494,9.1379,9.4958,10.2474,12.9317,13.7124,0.087,0.067,0.061,0.076,0.128,0.152
1/1/2026,11:14,7.3618,8.0686,8.3214,9.6569,11.2093,11.7037,8.5988,9.6859,10.3346,11.1914,12.9832,12.5626,0.117,0.1,0.085,0.064,0.081,0.045
1/1/2026,11:15,6.4155,7.5586,8.2118,9.1871,9.9007,10.0506,8.7979,10.3346,10.3346,10.8447,11.9945,11.6231,0.178,0.168,0.132,0.1,0.1,0.103
1/1/2026,11:16,7.4132,8.3751,8.7621,9.0909,9.7821,8.8135,9.2475,9.4376,10.1378,10.5449,10.8984,9.5853,0.163,0.099,0.089,0.081,0.062,0.073
1/1/2026,11:17,7.4043,8.7375,9.2430,10.0729,9.7955,10.4756,8.9477,10.3346,10.4823,12.4374,12.2539,12.3524,0.135,0.104,0.092,0.089,0.111,0.089
1/1/2026,11:18,7.5228,8.6748,9.6076,10.5158,12.9116,12.6432,10.0953,11.1332,12.1600,12.6857,14.0256,13.9719,0.153,0.121,0.133,0.12,0.052,0.083
1/1/2026,11:19,7.9970,9.6636,10.8044,11.7081,12.6969,12.0302,10.2452,11.3323,12.6029,12.7349,14.4953,13.6587,0.126,0.099,0.074,0.052,0.08,0.093
1/1/2026,11:20,8.2946,9.5875,10.2139,11.2249,11.9296,12.7394,9.7463,11.5314,11.6679,12.3859,13.0369,13.6587,0.144,0.127,0.1,0.07,0.057,0.036
1/1/2026,11:21,8.5272,10.1356,10.3548,11.3726,12.3993,12.1443,10.8916,12.7282,13.0973,12.8848,13.9227,13.8153,0.149,0.142,0.111,0.082,0.072,0.073
1/1/2026,11:22,8.9679,10.6545,11.2809,12.1846,12.1622,10.9699,11.0930,13.2270,13.1957,13.4820,14.1822,13.2941,0.159,0.129,0.059,0.065,0.077,0.102
1/1/2026,11:23,9.5070,11.3323,11.2764,11.3547,11.5940,12.6946,12.5895,13.8265,13.6901,14.5759,13.4015,14.7571,0.159,0.115,0.121,0.129,0.096,0.069
1/1/2026,11:24,8.5988,9.5271,9.8492,10.4465,12.2450,12.4530,10.4443,11.0818,11.3703,11.9385,13.2963,14.2336,0.102,0.106,0.092,0.069,0.049,0.064
1/1/2026,11:25,8.1313,9.1356,9.6300,10.0617,11.5940,11.7640,9.6949,10.7843,11.7663,11.9877,12.8266,14.7034,0.109,0.077,0.126,0.122,0.061,0.143
1/1/2026,11:26,7.7152,9.0999,9.8805,10.6590,11.3189,13.2002,9.9454,11.2317,11.2719,12.0392,13.9227,15.4349,0.173,0.151,0.088,0.07,0.097,0.09
1/1/2026,11:27,8.0261,9.0820,9.7016,11.4375,11.8848,11.7148,9.6457,10.5337,11.7171,12.4374,13.1935,14.5982,0.073,0.077,0.081,0.056,0.059,0.104
1/1/2026,11:28,7.0329,9.1871,10.3011,11.1265,12.1577,11.3301,8.4981,11.9318,13.1957,12.9340,13.4015,14.0770,0.099,0.149,0.126,0.069,0.064,0.095
1/1/2026,11:29,7.5832,8.6838,10.0528,10.7798,12.5313,12.7304,11.1914,11.7305,13.5894,14.5267,14.6005,16.0612,0.206,0.194,0.208,0.178,0.103,0.131
1/1/2026,11:30,8.5965,9.8582,10.2407,10.5606,10.9118,12.4150,12.7394,14.2247,14.7750,14.0301,12.9832,14.6519,0.248,0.214,0.219,0.16,0.083,0.121
1/1/2026,11:31,6.8338,8.3617,9.0462,10.5203,12.2338,13.1465,10.2944,11.4330,10.7306,13.0346,14.0793,15.5400,0.219,0.149,0.087,0.144,0.094,0.074
1/1/2026,11:32,8.8113,10.0327,11.0885,11.6701,11.8423,11.4151,11.4419,12.0302,12.3568,13.1823,13.6610,13.6587,0.163,0.113,0.079,0.075,0.073,0.105
1/1/2026,11:33,7.2231,8.6212,9.0641,9.4399,9.5361,9.9365,9.5450,11.1332,11.4688,10.9923,11.1086,11.9877,0.155,0.182,0.141,0.096,0.088,0.115
1/1/2026,11:34,5.3194,6.3440,6.8965,7.7465,10.8335,11.4822,6.9032,7.4423,8.6077,9.6994,12.3054,14.3388,0.136,0.136,0.15,0.129,0.075,0.113
1/1/2026,11:35,7.3304,8.2946,9.2766,11.0930,11.5851,11.8222,9.5450,10.8335,12.1108,12.6857,12.7751,13.1375,0.149,0.122,0.134,0.081,0.046,0.062
1/1/2026,11:36,8.2632,9.7016,10.3056,10.4018,10.7440,9.5025,9.9454,10.8335,11.8647,12.4866,12.8266,11.5180,0.102,0.083,0.069,0.066,0.084,0.114
1/1/2026,11:37,6.4737,7.5004,7.9993,8.4869,8.0351,8.6279,7.5004,9.1379,9.3974,9.8492,9.4399,9.5853,0.132,0.121,0.093,0.098,0.085,0.071
1/1/2026,11:38,6.7466,7.6347,7.8830,8.5473,8.0999,7.9613,8.5473,9.7351,9.7441,9.6994,8.9187,9.7933,0.102,0.121,0.126,0.075,0.062,0.136
1/1/2026,11:39,4.4269,4.8228,5.5700,5.9726,7.0866,6.2522,5.6550,5.9950,6.5855,7.6078,8.7106,8.2275,0.16,0.161,0.118,0.121,0.116,0.123
1/1/2026,11:40,5.2836,5.8608,6.2008,6.6303,7.3953,7.7241,7.9501,8.1402,8.7576,9.4511,9.4913,10.5248,0.23,0.247,0.238,0.226,0.163,0.223
1/1/2026,11:41,6.3417,7.1761,7.3058,7.8897,8.4243,7.3752,7.8002,8.9366,8.2632,8.9030,9.8045,8.5406,0.152,0.11,0.066,0.05,0.084,0.081
1/1/2026,11:42,5.4111,6.1605,6.4491,7.3819,8.4646,8.1939,6.9524,8.2386,8.9052,8.9522,9.5450,10.5785,0.176,0.183,0.151,0.114,0.055,0.155
1/1/2026,11:43,4.9839,5.9100,6.6392,7.4803,8.0261,7.7868,6.4536,7.3416,7.1291,9.3012,8.8672,9.1670,0.179,0.16,0.057,0.091,0.073,0.103
1/1/2026,11:44,5.3150,5.6505,5.8943,6.4804,7.1448,7.5944,7.2521,7.2924,7.4244,8.2051,9.1267,9.4287,0.199,0.153,0.137,0.144,0.104,0.092
1/1/2026,11:45,4.1652,5.0309,5.8630,6.6661,7.6839,7.2164,5.2054,7.9411,8.0172,8.1067,10.2206,9.8470,0.117,0.208,0.165,0.101,0.208,0.205
1/1/2026,11:46,4.2166,4.8788,5.2456,5.6729,6.7287,8.1603,5.2054,5.3955,5.6975,6.8629,8.2923,10.2116,0.136,0.082,0.045,0.124,0.096,0.102
1/1/2026,11:47,4.8542,5.8295,6.2187,6.8652,9.8470,10.0953,7.1023,8.0395,7.3260,8.2565,11.7327,11.8312,0.248,0.183,0.094,0.098,0.147,0.127
1/1/2026,11:48,6.6952,8.2096,9.5003,11.1198,10.8044,9.3772,10.2944,12.8288,12.9988,14.3768,13.2449,11.5694,0.287,0.257,0.206,0.154,0.09,0.137
1/1/2026,11:49,6.5184,7.7376,8.2140,9.0954,9.7866,9.3370,8.8471,10.0349,10.6814,10.4465,11.4732,11.2563,0.133,0.132,0.123,0.07,0.086,0.112
1/1/2026,11:50,6.7802,7.6145,7.6794,7.7487,7.1761,7.6884,8.6972,9.4868,9.3974,10.4957,9.0753,8.3304,0.177,0.135,0.128,0.168,0.137,0.065
1/1/2026,11:51,5.0421,5.4783,5.9077,6.6348,5.3642,5.6908,6.4043,6.2947,9.2497,9.0529,6.5721,8.0172,0.136,0.102,0.155,0.171,0.112,0.195
1/1/2026,11:52,5.5387,6.9032,7.2186,7.6995,6.4245,5.9771,7.3506,8.2386,9.2497,10.1467,8.7106,7.3394,0.155,0.076,0.142,0.137,0.146,0.094
1/1/2026,11:53,5.9301,6.3663,6.9815,8.3572,10.8559,10.6747,7.8494,8.0395,9.3974,10.6456,13.1935,12.5626,0.222,0.206,0.194,0.161,0.15,0.125
1/1/2026,11:54,7.7130,9.3191,9.9745,11.6343,12.3278,12.2472,11.0415,12.5291,12.9496,13.7303,14.1307,14.4953,0.2,0.175,0.176,0.137,0.09,0.105
1/1/2026,11:55,8.0686,9.5115,9.8448,10.7418,11.4509,11.8200,10.3436,11.2317,11.8647,12.4866,14.0793,14.0256,0.132,0.105,0.109,0.104,0.099,0.102
1/1/2026,11:56,7.9031,9.1603,10.6232,11.1847,12.1041,11.4755,10.9431,12.0795,11.7171,12.4866,16.2670,14.9137,0.212,0.167,0.078,0.07,0.174,0.148
1/1/2026,11:57,10.2832,11.4128,11.7573,11.2182,12.9273,12.2539,12.5380,13.6766,13.1465,13.0838,14.8600,13.7124,0.091,0.095,0.071,0.084,0.068,0.067
1/1/2026,11:58,8.1290,9.3437,10.1781,10.8111,11.6611,12.1555,11.8401,12.4799,13.5894,14.1777,13.8690,13.8153,0.22,0.19,0.175,0.18,0.121,0.111
1/1/2026,11:59,9.5584,10.2921,10.9811,11.7864,13.0592,12.0772,11.5404,11.9810,12.9496,13.5804,14.4953,13.3970,0.115,0.098,0.102,0.071,0.058,0.074
1/1/2026,12:00,7.1783,7.9456,8.5563,9.8850,11.9922,11.6365,8.3997,9.6367,10.1378,11.7394,13.6095,13.5536,0.106,0.096,0.091,0.097,0.049,0.09
1/1/2026,12:01,5.8362,6.4155,6.7399,7.6973,10.0036,9.6546,7.2007,8.0888,8.5585,10.0975,12.6722,11.8826,0.105,0.114,0.175,0.133,0.108,0.112
1/1/2026,12:02,6.6907,8.0910,8.5205,9.3996,10.5874,9.8492,8.9477,11.2831,11.6164,12.1868,12.0974,11.6746,0.162,0.172,0.188,0.142,0.083,0.089
1/1/2026,12:03,9.1021,10.3011,11.0035,11.1467,11.1086,9.8448,10.6433,12.6297,13.5402,14.2292,12.0459,10.9431,0.144,0.121,0.129,0.136,0.072,0.072
1/1/2026,12:04,4.9794,5.7623,6.2030,6.6571,8.3729,9.2117,7.1515,7.8897,7.6705,8.3550,9.9611,10.6299,0.192,0.151,0.09,0.109,0.134,0.088
1/1/2026,12:05,5.1248,6.0867,7.1627,8.0261,8.7576,9.8805,6.6034,7.8405,8.5585,9.5987,11.2630,12.1958,0.186,0.172,0.096,0.12,0.223,0.133
1/1/2026,12:06,5.6125,6.2321,6.3440,6.6437,7.6973,8.3751,7.2521,7.8405,7.7711,8.9030,9.6479,9.7419,0.106,0.094,0.099,0.134,0.134,0.083
1/1/2026,12:07,5.4268,5.8742,6.2164,6.4111,7.0620,8.6502,6.9524,7.4423,8.3125,8.9522,8.2923,10.0550,0.146,0.155,0.152,0.188,0.092,0.1
1/1/2026,12:08,3.8028,4.7334,5.2344,5.6505,6.6258,8.4959,4.6573,5.6952,6.0934,6.8115,9.2318,10.3682,0.111,0.099,0.1,0.103,0.172,0.101
1/1/2026,12:09,5.6304,6.3999,7.3036,7.7577,8.4869,8.2140,7.0508,7.8405,8.4109,9.3996,9.9096,10.0550,0.134,0.12,0.066,0.114,0.101,0.105
1/1/2026,12:10,5.9368,6.7690,7.1202,7.8964,9.2542,8.2901,6.7019,8.2386,8.4601,9.1513,10.4308,11.3614,0.07,0.083,0.075,0.079,0.065,0.15
1/1/2026,12:11,5.4044,6.3484,6.9725,7.6369,8.0552,8.7397,6.1046,7.4423,8.3617,8.8538,9.0753,9.8984,0.07,0.112,0.106,0.069,0.08,0.062
1/1/2026,12:12,5.4402,6.0330,6.1739,6.5274,7.6928,9.6144,6.7019,7.1425,7.2768,8.0574,9.1267,11.3077,0.106,0.095,0.107,0.159,0.099,0.094
1/1/2026,12:13,4.9324,5.9122,6.8338,8.1738,9.2766,8.1559,6.6526,7.1918,7.8695,10.0975,10.5874,11.6231,0.137,0.12,0.069,0.121,0.085,0.181
1/1/2026,12:14,5.6326,6.1203,6.2634,7.5004,9.2967,7.7980,6.6526,7.2410,7.5720,8.7039,9.9611,9.5338,0.093,0.09,0.109,0.116,0.062,0.204
1/1/2026,12:15,4.6126,4.9951,5.1919,6.4379,7.8047,7.7666,5.8048,6.0442,5.8966,7.4602,10.5874,9.4287,0.122,0.097,0.089,0.124,0.151,0.078
1/1/2026,12:16,4.9056,5.5565,6.0397,7.4423,8.5585,9.1826,6.6526,7.8405,7.2768,8.4042,10.0125,9.9499,0.174,0.186,0.131,0.104,0.081,0.047
1/1/2026,12:17,4.6864,5.4984,6.6549,6.9837,7.8874,8.2834,5.4559,6.9435,8.3617,8.7039,9.6479,9.5338,0.105,0.122,0.122,0.093,0.109,0.082
1/1/2026,12:18,4.5298,5.4335,5.8250,6.2388,5.7623,5.8384,5.8048,6.6929,6.7846,7.1604,7.1985,7.2343,0.112,0.114,0.07,0.063,0.148,0.154
1/1/2026,12:19,3.6350,4.3106,4.5634,5.2009,6.0867,6.8406,5.7042,6.9435,6.1918,6.2142,6.9367,8.3840,0.311,0.292,0.177,0.105,0.094,0.133
1/1/2026,12:20,2.9707,3.4695,3.9236,4.2837,5.6147,5.8899,3.6596,4.0489,5.1069,5.5185,6.6773,6.7645,0.106,0.108,0.126,0.187,0.09,0.078
1/1/2026,12:21,3.0154,3.3465,3.8833,4.4269,5.2367,4.0310,3.5098,3.8990,4.6618,5.1696,5.8429,6.2411,0.119,0.125,0.137,0.1,0.077,0.261
1/1/2026,12:22,2.9483,3.5948,4.3486,4.4672,5.4760,5.8362,3.7603,5.1472,5.2054,5.7668,6.7287,6.8696,0.138,0.214,0.093,0.138,0.134,0.155
1/1/2026,12:23,2.5993,2.7045,3.0803,3.3822,4.0354,4.6640,3.4091,3.6507,3.6753,4.4224,5.1651,5.1964,0.225,0.122,0.082,0.181,0.145,0.062
1/1/2026,12:24,1.1654,1.3019,1.6911,2.5479,3.9929,4.4179,2.2123,2.4025,2.5412,2.9304,4.8005,6.2947,0.472,0.414,0.298,0.068,0.109,0.188
1/1/2026,12:25,2.8655,3.1272,3.4650,3.4091,4.8586,5.7937,3.9102,4.7982,7.0307,6.6124,7.6145,7.3908,0.236,0.308,0.444,0.367,0.277,0.176
1/1/2026,12:26,5.2344,5.8205,6.7869,7.2074,6.4558,5.7847,7.1515,6.9927,7.9680,7.9076,8.7106,6.7130,0.157,0.111,0.091,0.053,0.232,0.106
1/1/2026,12:27,5.4335,5.9525,6.6169,6.9211,5.4984,6.2947,7.0016,7.1425,7.4244,8.6547,6.3126,10.0550,0.23,0.164,0.098,0.104,0.118,0.195
1/1/2026,12:28,4.3508,3.9370,4.3754,5.1539,4.1249,4.2390,5.5543,6.4424,8.0172,8.9522,6.6258,9.7419,0.168,0.245,0.334,0.295,0.329,0.52
1/1/2026,12:29,4.9526,5.0197,4.5611,4.3151,2.2638,1.5368,7.9501,8.1894,7.1783,6.5632,3.8117,3.6305,0.346,0.297,0.25,0.223,0.407,0.55
1/1/2026,12:30,2.7291,3.0758,3.7827,4.4403,4.9638,5.6662,4.4582,4.6976,5.1561,5.4693,8.0843,10.4733,0.35,0.245,0.177,0.11,0.395,0.462
1/1/2026,12:31,2.5725,3.2033,4.0198,3.3755,5.8899,9.9499,4.1585,4.1495,5.5006,4.7222,9.9611,14.0770,0.483,0.237,0.267,0.227,0.319,0.213
1/1/2026,12:32,3.2525,4.2770,4.4023,6.4603,9.6636,11.5247,4.6081,6.4938,7.3752,10.2966,11.0549,14.6519,0.295,0.24,0.374,0.251,0.097,0.125
1/1/2026,12:33,8.3930,9.3728,10.1311,10.6836,10.2854,10.1781,9.9946,11.4822,12.1600,12.0392,12.6186,14.0770,0.139,0.126,0.107,0.069,0.134,0.168
1/1/2026,12:34,7.3260,7.7778,8.3773,8.8091,9.4130,8.4355,10.1445,10.5337,9.9902,10.4465,12.5157,12.5626,0.176,0.167,0.122,0.127,0.12,0.209
1/1/2026,12:35,6.1963,6.9256,6.9077,6.7242,8.2453,9.3258,8.3997,8.6883,8.2140,7.8069,10.4823,13.9205,0.172,0.148,0.107,0.103,0.122,0.226
1/1/2026,12:36,5.3150,5.8854,6.3663,7.1381,8.8583,10.6903,7.1515,7.9411,8.2632,9.8492,10.7418,14.7571,0.159,0.145,0.138,0.133,0.108,0.171
1/1/2026,12:37,7.7622,9.2878,9.6792,11.1332,12.1443,12.0213,10.1445,11.2317,11.6679,13.4820,14.1822,18.6113,0.194,0.155,0.142,0.12,0.113,0.193
1/1/2026,12:38,7.0508,7.7487,8.4892,10.3056,12.9362,13.9227,10.0953,10.4845,11.7171,16.7166,19.7074,18.5218,0.188,0.197,0.171,0.238,0.243,0.171
1/1/2026,12:39,13.4775,15.1172,16.0746,15.9829,16.1954,14.9606,15.4818,18.4100,19.9982,19.1482,21.4298,20.2890,0.121,0.123,0.114,0.106,0.166,0.193
1/1/2026,12:40,10.0148,11.1332,11.7171,12.7304,13.4306,12.9273,12.4888,13.9764,14.5759,14.9741,17.4145,16.1663,0.157,0.157,0.135,0.092,0.14,0.136
1/1/2026,12:41,6.0062,6.4759,6.6728,7.1716,7.9434,7.9009,9.4958,9.2878,9.6434,11.0438,11.5761,12.9809,0.303,0.305,0.286,0.303,0.244,0.329
1/1/2026,12:42,3.4315,4.4157,5.0846,5.2479,5.9301,6.2813,5.6550,7.1425,8.0172,11.6410,10.4308,9.2184,0.287,0.291,0.263,0.408,0.35,0.215
1/1/2026,12:43,10.1937,11.1914,11.5157,11.7842,9.8604,10.0461,14.8823,15.0233,14.7258,14.5759,11.2115,12.4060,0.315,0.217,0.13,0.107,0.067,0.135
1/1/2026,12:44,8.5898,9.3124,9.0305,8.3482,9.1267,9.8000,13.0883,12.2808,12.4060,10.6456,10.7955,13.6073,0.221,0.185,0.228,0.14,0.1,0.156
1/1/2026,12:45,8.1849,8.8672,9.5361,10.4420,9.9029,10.3414,10.4935,11.2831,11.8647,13.1331,14.4439,12.3009,0.205,0.18,0.156,0.169,0.154,0.128
1/1/2026,12:46,7.2902,8.4579,9.7262,10.4554,10.2385,8.8381,9.4466,9.8850,11.3211,12.9340,13.4015,12.3009,0.178,0.113,0.078,0.087,0.161,0.227
1/1/2026,12:47,5.9592,6.4782,7.6436,9.3146,8.2990,9.7911,8.9477,8.9366,10.4331,11.6902,10.9520,11.7260,0.19,0.175,0.152,0.12,0.176,0.129
1/1/2026,12:48,5.2501,5.7892,5.4760,5.9368,6.7287,8.7308,7.1515,7.4915,7.6212,7.8584,8.2923,11.4128,0.181,0.157,0.183,0.196,0.114,0.126
1/1/2026,12:49,6.1538,6.6661,6.9278,7.5139,9.3101,12.4329,7.6011,7.6906,8.7084,9.0014,11.2630,14.3902,0.138,0.11,0.123,0.09,0.164,0.082
1/1/2026,12:50,5.2411,6.0420,7.5698,9.0283,10.6478,12.7080,6.2545,7.4423,10.4823,12.4866,13.6095,15.4349,0.07,0.117,0.171,0.246,0.188,0.107
1/1/2026,12:51,6.4155,7.5116,8.2453,9.1781,10.4554,9.9007,8.4981,9.3862,9.9409,10.7932,13.8176,13.3456,0.191,0.138,0.124,0.115,0.13,0.196
1/1/2026,12:52,8.1402,9.4824,10.9386,11.8692,11.2428,10.3369,14.7347,14.1755,15.0210,16.8173,14.8085,14.9651,0.371,0.259,0.18,0.205,0.19,0.253
1/1/2026,12:53,6.6101,7.8360,9.1178,10.6612,13.6185,13.4753,9.6457,9.9342,12.3076,15.1239,16.2670,18.0521,0.207,0.127,0.171,0.188,0.147,0.192
1/1/2026,12:54,7.0083,8.5026,9.4130,9.9902,9.1558,10.9677,8.4981,11.0326,11.5672,12.5358,12.6186,13.5536,0.16,0.129,0.114,0.117,0.153,0.121
1/1/2026,12:55,5.0957,6.3663,7.7443,7.6772,10.4510,11.6746,8.7979,10.0349,11.0751,11.6902,12.3591,15.8532,0.181,0.22,0.162,0.268,0.106,0.144
1/1/2026,12:56,5.3508,5.7668,6.2299,7.5251,8.7106,9.3437,8.4489,9.3370,9.5450,10.4957,11.8893,13.8690,0.312,0.317,0.284,0.178,0.229,0.284
1/1/2026,12:57,6.2455,6.9792,7.3797,7.6727,8.2655,8.6144,8.3997,8.8381,9.7933,9.8984,10.1177,10.2631,0.182,0.238,0.182,0.131,0.137,0.108
1/1/2026,12:58,3.8632,4.5902,5.3798,7.1604,10.0327,11.1645,8.3997,8.5384,8.8068,10.7932,15.9024,14.9137,0.51,0.4,0.288,0.291,0.328,0.197
1/1/2026,12:59,8.1268,9.3683,10.1087,11.8312,13.6162,12.9720,11.5404,13.5760,15.0210,17.3139,19.7074,15.4863,0.22,0.225,0.243,0.259,0.174,0.106
1/1/2026,13:00,10.5136,11.2831,12.2070,12.7259,14.1352,14.8734,13.9361,14.5244,16.2044,16.4191,18.0968,18.2534,0.15,0.177,0.177,0.147,0.099,0.102
1/1/2026,13:01,10.2116,10.8134,10.7149,11.3525,10.8223,10.6948,12.8892,13.5268,13.0973,14.6273,14.1822,13.7124,0.194,0.194,0.184,0.214,0.17,0.175
1/1/2026,13:02,7.6235,8.2923,8.7442,9.8895,11.7462,12.4888,9.8448,10.5829,10.6814,12.0884,14.6519,16.9493,0.152,0.135,0.124,0.165,0.121,0.23
1/1/2026,13:03,7.5004,8.0060,7.7622,9.2676,11.1936,9.8202,10.1445,10.8827,12.4553,12.4866,16.4236,17.9402,0.18,0.205,0.297,0.165,0.207,0.257
1/1/2026,13:04,4.7199,5.2367,5.5879,6.1314,8.6077,9.6121,7.3014,7.0419,7.7711,8.8023,12.2025,14.9137,0.224,0.207,0.234,0.243,0.205,0.302
1/1/2026,13:05,3.1026,3.7491,4.8542,6.0263,10.4756,13.1442,5.7556,5.4469,6.7846,8.2051,14.4953,15.4863,0.354,0.248,0.167,0.194,0.196,0.128
1/1/2026,13:06,7.2656,8.5764,10.0617,13.5111,18.7008,23.9352,16.9291,19.1034,19.2153,22.0338,26.6419,30.3105,0.576,0.593,0.507,0.331,0.245,0.177
1/1/2026,13:07,13.4820,15.1396,16.5377,17.4727,19.7745,22.1457,19.5732,20.1101,23.1076,22.8391,23.1970,26.6643,0.213,0.206,0.233,0.192,0.083,0.089
1/1/2026,13:08,11.4911,13.2248,14.6698,16.9381,22.5707,25.1655,15.7324,19.0587,20.1995,21.4970,29.1473,30.0644,0.223,0.216,0.231,0.203,0.137,0.111
1/1/2026,13:09,16.6786,18.0744,19.7521,21.6759,26.9551,26.7538,21.4075,22.2575,24.5839,24.2260,30.4447,29.4381,0.176,0.167,0.146,0.104,0.062,0.062
1/1/2026,13:10,15.7570,17.4481,18.2310,19.6627,22.2128,22.4365,21.6759,23.8457,24.0471,25.7695,26.5972,26.3958,0.177,0.178,0.161,0.138,0.078,0.068
1/1/2026,13:11,12.7438,14.0927,15.3387,16.5153,20.9154,23.2641,18.7679,18.3205,19.1705,21.0943,25.1879,25.5234,0.123,0.113,0.095,0.146,0.114,0.078
1/1/2026,13:12,14.3499,15.5601,16.8620,18.0297,21.4746,21.2509,17.4772,18.2758,19.7521,21.7430,27.3130,24.9418,0.12,0.09,0.086,0.104,0.144,0.068
1/1/2026,13:13,15.7301,17.1819,18.0073,18.9692,19.4166,19.5956,18.5218,19.7074,20.5351,21.2062,23.7115,22.1233,0.082,0.087,0.06,0.087,0.094,0.059
1/1/2026,13:14,14.4752,15.8979,16.6115,19.0587,21.9220,21.9667,19.1705,21.7654,21.0496,22.1904,25.6577,25.5682,0.147,0.148,0.126,0.1,0.127,0.089
1/1/2026,13:15,16.1596,17.7232,18.8126,21.0048,22.1680,21.6983,20.0653,22.0115,23.9576,25.2774,28.5657,29.1249,0.132,0.125,0.134,0.124,0.212,0.236
1/1/2026,13:16,14.8465,15.8353,17.2982,18.8126,23.5326,25.9932,18.9245,20.8706,22.6602,25.3669,27.6709,29.2144,0.192,0.188,0.191,0.174,0.08,0.053
1/1/2026,13:17,13.9630,15.7659,16.2334,18.4547,23.7115,26.9998,19.6627,22.4141,20.9825,24.1813,30.3329,30.6237,0.209,0.178,0.176,0.148,0.124,0.079
1/1/2026,13:18,16.3856,18.4100,19.7745,20.5127,22.7049,23.0628,22.5259,24.4497,25.8142,26.4182,26.5972,25.9261,0.134,0.155,0.136,0.127,0.101,0.081
1/1/2026,13:19,16.9962,17.7680,19.1258,21.9443,24.4273,23.1299,20.2219,21.8549,24.3379,26.4630,26.7538,27.1788,0.094,0.115,0.128,0.091,0.05,0.091
1/1/2026,13:20,16.8151,18.7008,19.6403,20.9601,21.7654,21.6312,21.5641,23.7115,24.4945,25.7695,27.4248,25.7248,0.123,0.124,0.154,0.144,0.121,0.099
1/1/2026,13:21,15.9449,17.3497,18.0073,19.8416,22.5036,22.8839,22.3694,23.3536,23.7563,28.1630,30.4000,27.9617,0.135,0.167,0.147,0.193,0.165,0.112
1/1/2026,13:22,19.2377,21.4746,22.5483,24.2037,26.7090,27.1117,24.3155,26.3958,26.2616,28.4538,31.0263,31.8987,0.126,0.119,0.106,0.09,0.099,0.086
1/1/2026,13:23,17.2244,19.1705,20.4009,22.6154,26.0827,25.4787,24.0023,26.1945,26.9998,29.1025,29.5499,28.9012,0.18,0.179,0.161,0.116,0.053,0.067
1/1/2026,13:24,16.6875,17.9626,19.2824,20.1772,22.6154,23.7115,21.8772,22.8615,24.9866,23.6444,25.7471,27.9617,0.126,0.125,0.12,0.096,0.085,0.107
1/1/2026,13:25,14.0032,15.2872,16.0769,17.0991,19.9758,22.7944,19.7745,20.0206,20.1548,22.1457,24.2931,27.0222,0.168,0.142,0.132,0.102,0.122,0.084
1/1/2026,13:26,14.2873,15.3163,17.2624,19.9087,24.0471,26.1498,20.9154,20.3114,23.1076,24.9866,27.7827,32.5698,0.213,0.168,0.164,0.145,0.1,0.106
1/1/2026,13:27,16.9269,18.3876,19.8416,21.0943,25.8142,25.0984,21.4746,23.5997,25.2774,25.3669,30.0197,29.9526,0.131,0.147,0.162,0.169,0.085,0.106
1/1/2026,13:28,13.3657,14.1978,15.0098,16.7144,20.7140,22.0562,18.7232,17.4190,16.7972,21.8325,25.3445,29.3710,0.146,0.116,0.081,0.099,0.109,0.19
1/1/2026,13:29,18.1639,20.1324,22.1904,24.8971,28.3420,27.4025,26.7985,28.9460,28.3867,30.1092,32.9948,30.6237,0.233,0.205,0.164,0.146,0.096,0.079
1/1/2026,13:30,18.5442,20.2219,21.4522,23.8457,29.3262,29.5276,23.9576,25.5906,26.1274,29.5052,32.2119,33.4646,0.132,0.138,0.108,0.113,0.059,0.071
1/1/2026,13:31,17.5331,19.3495,20.7811,23.5773,27.3354,28.2525,23.6220,25.7919,26.1722,28.0064,30.8697,31.9435,0.164,0.148,0.115,0.098,0.059,0.072
1/1/2026,13:32,18.8350,20.2443,21.8549,23.4431,22.7944,22.6154,26.1050,25.5011,26.9998,27.7604,29.6170,28.5880,0.175,0.141,0.118,0.111,0.114,0.095
1/1/2026,13:33,18.0073,19.0140,20.0653,21.6088,25.2326,27.4919,21.4746,23.6444,27.3130,27.6262,32.3237,32.3685,0.101,0.123,0.164,0.168,0.199,0.159
1/1/2026,13:34,18.5666,20.4680,20.6022,22.3917,25.7248,26.3735,21.6088,25.0537,23.8905,26.7761,30.1315,31.6750,0.09,0.099,0.105,0.131,0.085,0.1
1/1/2026,13:35,19.0140,19.9535,20.9154,23.1523,28.1854,28.4538,21.8101,23.6444,25.3221,27.8722,34.5607,33.5540,0.102,0.111,0.123,0.125,0.103,0.101
1/1/2026,13:36,17.6875,18.9916,20.1324,21.0048,21.6535,25.0984,22.7049,22.9957,23.8905,25.7695,27.8946,31.0039,0.126,0.102,0.101,0.085,0.15,0.158
1/1/2026,13:37,16.8620,18.3876,20.5351,23.2865,26.4630,28.0959,19.7745,22.9957,26.1722,27.5591,30.9592,33.0395,0.136,0.148,0.151,0.091,0.085,0.073
1/1/2026,13:38,16.4974,17.5890,18.9245,21.2062,24.6510,26.1945,19.6627,21.0496,22.6154,25.8814,28.4091,28.4986,0.083,0.11,0.111,0.1,0.072,0.047
1/1/2026,13:39,14.6363,15.7883,17.0634,18.8797,22.8839,25.3669,18.1192,18.8574,20.3561,22.3023,27.2683,30.0644,0.122,0.1,0.085,0.082,0.103,0.103
1/1/2026,13:40,16.2581,17.7590,18.9692,20.4456,22.1457,25.4116,20.9154,22.8615,23.8457,24.7405,27.5814,31.0039,0.124,0.13,0.122,0.122,0.11,0.113
1/1/2026,13:41,18.9916,20.3114,21.7654,23.5549,27.5143,28.9236,24.3602,25.4563,27.1117,28.1183,31.2276,32.3685,0.147,0.137,0.129,0.135,0.132,0.08
1/1/2026,13:42,15.5646,17.2557,18.8126,21.0272,23.8234,23.7786,19.3719,22.7049,24.9866,26.0827,27.2235,27.1340,0.171,0.163,0.171,0.129,0.072,0.083
1/1/2026,13:43,16.1909,18.0521,18.6113,20.9154,25.3221,27.9393,20.3785,22.5036,20.5351,24.0247,27.8275,32.7711,0.106,0.113,0.06,0.085,0.057,0.081
1/1/2026,13:44,16.4303,17.6897,18.4995,19.9535,24.4050,27.3577,20.9601,22.5483,23.3984,25.2774,29.1473,29.6841,0.142,0.129,0.116,0.133,0.123,0.08
1/1/2026,13:45,17.9626,19.3495,20.4456,21.7207,24.8747,26.4182,22.8168,23.3984,26.2169,26.8209,30.7131,31.1158,0.155,0.144,0.153,0.11,0.096,0.104
1/1/2026,13:46,19.1929,20.8706,22.3470,23.4207,24.0471,24.9195,23.5549,26.3958,27.2011,30.1539,29.9302,30.6237,0.152,0.134,0.102,0.113,0.151,0.129
1/1/2026,13:47,16.3341,17.4078,18.7903,19.7298,22.9957,23.5549,21.1614,22.0115,24.8300,25.5234,27.3801,29.3262,0.112,0.137,0.117,0.131,0.1,0.113
1/1/2026,13:48,15.6854,17.3832,19.1705,21.0048,24.9866,25.9485,18.3652,20.5574,23.7563,25.9708,27.8275,28.4315,0.116,0.121,0.101,0.088,0.069,0.064
1/1/2026,13:49,13.5044,14.3253,14.7705,16.2581,17.7188,19.6179,17.5778,18.1639,19.4613,20.1548,20.9601,24.5168,0.139,0.133,0.14,0.11,0.121,0.143
1/1/2026,13:50,13.4485,14.7235,16.1641,18.4547,22.5707,23.4655,16.0299,18.2087,18.2758,20.8482,26.3287,27.6038,0.141,0.177,0.081,0.069,0.087,0.119
1/1/2026,13:51,14.0301,15.9717,17.6472,19.7521,22.6154,24.3826,17.3788,19.6179,21.7207,24.4273,26.2169,28.0736,0.111,0.13,0.122,0.111,0.091,0.081
1/1/2026,13:52,16.3386,18.4771,19.3048,19.3942,22.7049,24.8300,20.6246,22.7944,24.0023,23.6892,27.1564,28.5880,0.15,0.141,0.13,0.124,0.096,0.101
1/1/2026,13:53,15.2358,17.3564,18.7008,19.2377,21.1167,23.9800,18.4771,20.6693,22.7049,23.5326,26.3735,29.1249,0.121,0.117,0.124,0.138,0.144,0.113
1/1/2026,13:54,15.7525,17.9402,18.9245,21.3627,26.2840,26.9103,19.5732,22.1680,21.9667,24.0918,32.1224,29.5947,0.131,0.129,0.117,0.07,0.076,0.047
1/1/2026,13:55,14.2359,15.6362,17.6696,19.8416,23.3760,24.9866,19.1705,20.7588,22.7049,24.5392,27.8946,29.6394,0.184,0.179,0.172,0.159,0.102,0.104
1/1/2026,13:56,15.6317,17.1864,19.1034,21.1614,23.6220,22.4141,18.7232,22.7944,23.2194,23.7339,26.4406,26.6195,0.094,0.132,0.102,0.067,0.069,0.122
1/1/2026,13:57,14.0480,14.9226,16.1708,17.2423,22.2799,24.6063,17.4772,19.1034,21.3851,21.3404,25.5011,26.3958,0.107,0.13,0.139,0.144,0.094,0.032
1/1/2026,13:58,12.6253,14.1956,14.1911,15.9426,19.0363,21.9667,16.4303,16.8687,17.1909,19.0140,23.0852,25.0537,0.129,0.117,0.108,0.096,0.146,0.115
1/1/2026,13:59,14.9472,15.8308,17.0387,17.8530,21.3404,25.1432,21.4075,22.2575,22.1233,23.9800,26.2840,28.3867,0.142,0.167,0.143,0.124,0.11,0.081
1/1/2026,14:00,16.3274,18.3205,19.1034,20.9825,25.2550,27.2906,18.4771,20.8035,22.3694,25.2326,30.4000,32.0553,0.074,0.058,0.074,0.084,0.094,0.116
1/1/2026,14:01,17.1953,17.7165,18.7679,21.1838,25.5458,27.4248,20.6693,21.2062,22.5259,25.4340,28.4091,30.4671,0.155,0.132,0.111,0.102,0.061,0.05
1/1/2026,14:02,15.3991,16.9783,18.1416,18.3652,22.6378,27.1117,17.9850,19.6627,20.4903,22.1457,25.9037,29.9526,0.111,0.111,0.087,0.104,0.074,0.06
1/1/2026,14:03,15.3834,16.8285,17.3944,18.1416,21.2062,25.2103,21.4746,22.7049,21.8325,24.9195,26.6866,27.8722,0.16,0.142,0.115,0.137,0.12,0.071
1/1/2026,14:04,15.2112,16.7994,17.7747,19.8193,23.3312,26.3958,19.6627,21.1167,23.2194,23.8234,26.9998,28.3420,0.153,0.145,0.124,0.122,0.106,0.038
1/1/2026,14:05,16.8643,17.8709,19.3048,21.0272,25.1655,26.2840,21.0719,22.4141,22.6602,24.9866,26.5972,28.1183,0.144,0.154,0.114,0.112,0.034,0.039
1/1/2026,14:06,15.3879,16.9716,17.3072,19.1034,22.1009,24.3602,18.7679,21.6983,21.0943,22.7496,24.8747,25.8366,0.119,0.124,0.109,0.1,0.077,0.052
1/1/2026,14:07,14.0636,16.1909,17.7031,19.0363,22.1457,25.1432,17.3788,19.9535,21.8325,22.1904,25.2326,26.9775,0.105,0.093,0.102,0.087,0.074,0.038
1/1/2026,14:08,12.9675,14.2292,15.8397,17.2177,20.3785,23.9352,15.3320,16.9202,18.8574,19.5061,24.6510,26.6643,0.11,0.123,0.104,0.075,0.094,0.076
1/1/2026,14:09,13.9339,15.9203,17.1148,18.6784,22.0562,25.0313,17.1774,18.5666,20.2890,21.3404,25.3892,26.7761,0.131,0.106,0.088,0.083,0.082,0.03
1/1/2026,14:10,13.9853,15.9784,17.1819,18.4100,23.1970,24.9418,18.3205,20.1548,20.6469,22.8391,25.7024,26.3958,0.145,0.137,0.153,0.128,0.075,0.033
1/1/2026,14:11,14.3410,15.7928,17.1685,17.6002,20.7588,23.3089,18.5218,19.3048,19.7969,21.0943,25.8590,26.0827,0.158,0.142,0.1,0.095,0.119,0.098
1/1/2026,14:12,12.3121,14.8175,16.6137,18.6337,22.2128,24.5616,15.5310,17.6673,19.6627,22.7496,25.2774,26.7090,0.133,0.116,0.113,0.109,0.078,0.043
1/1/2026,14:13,14.4640,16.4817,17.4660,18.6560,21.7207,24.8971,17.2289,19.2600,20.6469,22.1009,24.7629,27.9617,0.109,0.087,0.083,0.097,0.088,0.067
1/1/2026,14:14,14.8376,16.5332,17.4168,19.4613,21.8549,23.6220,18.0297,18.8126,20.2890,22.1457,24.9642,26.8656,0.102,0.102,0.076,0.058,0.083,0.072
1/1/2026,14:15,14.0189,15.8800,17.0790,19.5285,23.7786,27.9617,16.5287,20.1101,19.9087,25.2774,26.9998,30.7802,0.104,0.105,0.079,0.13,0.09,0.067
1/1/2026,14:16,14.9964,17.1193,18.9692,20.4456,24.1365,25.2103,19.0811,21.4075,21.7207,23.4431,28.0512,28.1183,0.138,0.102,0.091,0.079,0.095,0.068
1/1/2026,14:17,15.1351,16.3878,17.7367,19.1929,21.8996,23.6892,17.8261,18.8574,21.6312,22.7944,23.3984,25.8814,0.098,0.104,0.121,0.106,0.052,0.039
1/1/2026,14:18,15.8241,17.6897,18.6560,19.6850,22.1457,23.8457,17.7769,20.0206,20.9377,21.9443,23.7115,26.1945,0.067,0.073,0.068,0.07,0.052,0.029
1/1/2026,14:19,14.1889,15.6921,16.6898,18.1639,23.4207,25.4116,18.4324,20.0653,18.7679,20.6022,26.2169,28.9683,0.162,0.134,0.055,0.087,0.068,0.08
1/1/2026,14:20,14.1844,15.4707,16.7614,17.6472,19.9982,21.7207,18.8350,19.7074,21.0496,20.6917,23.8681,24.1589,0.147,0.15,0.155,0.11,0.118,0.06
1/1/2026,14:21,11.4419,12.2808,12.6946,14.0032,18.2310,18.7679,14.3835,14.3746,15.0210,16.9157,20.3338,21.6535,0.131,0.129,0.134,0.109,0.075,0.105
1/1/2026,14:22,10.0438,11.2249,12.3278,13.3925,16.0746,18.4771,13.1375,14.4238,15.2179,16.6674,18.6560,21.2956,0.129,0.13,0.101,0.139,0.108,0.112
1/1/2026,14:23,12.4933,12.9161,13.8153,14.6206,16.5981,19.9758,16.8799,15.3722,15.7615,17.7613,20.8035,23.4207,0.129,0.109,0.086,0.095,0.098,0.072
1/1/2026,14:24,12.2987,13.2002,14.3074,15.8778,19.0140,19.7074,16.0813,15.2224,15.8599,18.9021,20.8482,21.2285,0.132,0.102,0.06,0.101,0.067,0.052
1/1/2026,14:25,10.0483,10.7060,11.4665,12.0437,13.4261,15.0702,12.8378,13.8265,14.4282,15.0747,16.6853,16.9493,0.156,0.151,0.13,0.142,0.119,0.084
1/1/2026,14:26,7.2432,7.7980,9.0574,10.9543,14.0703,17.4347,9.4958,9.8850,12.1600,12.7841,17.8843,20.2890,0.188,0.179,0.169,0.106,0.126,0.149
1/1/2026,14:27,9.6390,10.3168,11.3010,12.5201,14.5535,16.0008,14.0860,14.1755,14.9718,18.3205,18.1416,19.3048,0.187,0.162,0.151,0.172,0.097,0.13
1/1/2026,14:28,10.7910,11.7551,12.2070,13.3210,16.4169,18.0297,14.5848,16.0209,15.3163,16.4683,19.2824,21.3404,0.171,0.172,0.146,0.156,0.121,0.113
1/1/2026,14:29,10.9252,11.9631,12.2830,12.7505,13.8064,16.3207,14.3835,15.9225,15.7615,16.5668,18.2981,20.5127,0.153,0.155,0.153,0.184,0.161,0.132
1/1/2026,14:30,10.2250,11.0684,11.3927,12.7684,13.1532,13.2113,14.8331,15.5713,15.1687,17.3631,16.3207,17.0030,0.15,0.144,0.138,0.216,0.121,0.156
1/1/2026,14:31,10.6076,11.4732,11.9251,12.2405,14.9248,18.0073,14.3835,16.0209,17.2401,16.7166,20.2890,20.2443,0.225,0.238,0.241,0.227,0.182,0.098
1/1/2026,14:32,10.7105,11.6902,12.7640,14.7101,16.0858,17.7635,16.9291,17.6673,18.4771,20.1995,20.6917,20.6022,0.258,0.247,0.243,0.208,0.236,0.105
1/1/2026,14:33,11.8133,13.2986,13.7683,14.4148,16.8329,18.1192,15.6317,16.4213,16.4012,17.0656,19.3495,20.5127,0.154,0.083,0.072,0.079,0.064,0.076
1/1/2026,14:34,10.5785,11.7685,13.3612,14.4372,17.2311,18.3429,12.4888,13.8265,15.1687,16.2200,19.3495,21.0272,0.101,0.096,0.084,0.06,0.076,0.099
1/1/2026,14:35,9.8291,11.0281,11.7976,13.0257,13.4507,15.1687,11.0930,12.9295,14.2806,15.0255,16.4750,18.2534,0.075,0.081,0.101,0.107,0.097,0.099
1/1/2026,14:36,8.6950,9.4063,9.9298,11.2540,12.9698,15.5914,11.1914,11.1824,11.7171,13.8310,14.6005,17.3676,0.122,0.083,0.082,0.129,0.08,0.082
1/1/2026,14:37,9.5987,10.2966,10.9834,12.5559,14.6989,15.8621,14.4842,16.9202,16.8464,17.1148,19.0811,20.4009,0.236,0.245,0.227,0.155,0.172,0.14
1/1/2026,14:38,12.1689,13.2874,14.3052,15.5959,21.0496,21.8325,15.4818,17.1193,18.5218,21.0048,26.1722,24.4721,0.181,0.177,0.192,0.166,0.12,0.087
1/1/2026,14:39,12.4776,14.0435,15.0702,15.0054,15.8017,19.5285,14.6832,17.3676,18.8574,18.3652,19.8640,26.0827,0.096,0.107,0.123,0.164,0.11,0.125
1/1/2026,14:40,10.8536,11.9117,12.4060,13.7997,15.6026,17.9402,15.9315,17.7165,18.4771,19.0140,22.0562,22.1680,0.191,0.186,0.206,0.204,0.203,0.099
1/1/2026,14:41,11.6701,12.7282,13.5111,13.9831,17.3922,19.8864,14.1844,15.8219,16.1552,18.8126,20.6022,22.3246,0.13,0.117,0.093,0.126,0.141,0.073
1/1/2026,14:42,11.4710,13.1487,13.9428,15.2872,19.1705,19.5732,14.0860,16.7189,18.2758,20.2443,22.3694,22.4365,0.125,0.115,0.103,0.132,0.103,0.056
1/1/2026,14:43,12.8244,14.1263,15.2179,17.2982,20.2890,20.2219,17.3788,17.7680,19.0587,21.4522,24.4497,24.5168,0.17,0.131,0.099,0.116,0.125,0.094
1/1/2026,14:44,10.7261,11.7596,13.2046,15.3096,18.8126,19.4837,14.0345,15.3722,16.9940,19.4613,21.6312,22.7049,0.15,0.154,0.167,0.172,0.099,0.086
1/1/2026,14:45,12.4351,13.5066,13.8287,15.3454,16.7256,18.6337,15.5825,19.0587,19.0140,19.1482,20.3338,23.1747,0.13,0.154,0.16,0.159,0.137,0.108
1/1/2026,14:46,11.8737,12.8378,13.5335,14.5915,15.6205,17.0477,15.8308,16.6696,16.1552,17.2647,18.8126,19.5061,0.145,0.126,0.128,0.093,0.076,0.054
1/1/2026,14:47,9.0081,9.4533,10.1311,11.1399,13.5111,14.3947,11.8401,12.8780,13.1465,13.6319,16.9448,16.3744,0.139,0.136,0.134,0.117,0.156,0.07
1/1/2026,14:48,6.5005,6.7600,7.3170,8.9746,13.0212,14.3410,8.1984,9.7351,10.1378,10.6948,17.9402,18.0521,0.127,0.138,0.133,0.139,0.16,0.135
1/1/2026,14:49,7.8315,8.5406,9.6009,11.7931,15.2313,16.6025,9.2475,10.7328,11.0751,15.0747,19.0811,18.6113,0.133,0.084,0.092,0.117,0.15,0.078
1/1/2026,14:50,9.3661,10.0506,10.6098,11.9452,12.7774,13.4552,11.5404,12.7796,12.9988,14.6765,16.3207,18.3652,0.141,0.161,0.115,0.132,0.134,0.184
1/1/2026,14:51,6.8562,7.2141,8.3729,9.2632,12.7729,14.6340,8.2990,8.1402,10.8290,10.9923,16.7368,17.2110,0.106,0.086,0.116,0.109,0.223,0.143
1/1/2026,14:52,6.2992,6.6817,7.4222,9.6770,12.9250,14.5132,8.7487,9.3370,10.0394,12.6365,16.7882,17.0030,0.261,0.242,0.181,0.161,0.125,0.117
1/1/2026,14:53,4.8094,5.2523,6.7309,8.7889,11.2249,11.9587,6.9524,7.4915,9.0529,11.6410,13.8690,14.6519,0.177,0.195,0.154,0.126,0.103,0.096
1/1/2026,14:54,4.4001,4.7222,5.8183,6.8942,9.8403,8.9254,7.5004,7.5407,9.3482,10.1960,12.7751,10.9945,0.308,0.297,0.35,0.305,0.172,0.165
1/1/2026,14:55,3.8006,3.9437,4.9123,6.4491,7.6123,8.0284,5.0555,5.4469,8.8068,10.8939,11.0549,11.0997,0.201,0.19,0.328,0.303,0.172,0.175
1/1/2026,14:56,3.1899,3.4225,5.0286,4.7781,5.4089,7.6772,4.0086,4.7468,7.5720,10.1467,8.7621,14.2851,0.15,0.163,0.226,0.323,0.315,0.426
1/1/2026,14:57,6.5855,6.9121,7.2365,8.6569,13.3836,15.7279,14.1844,12.7282,11.8647,12.3367,19.0363,21.1390,0.392,0.282,0.233,0.202,0.19,0.179
1/1/2026,14:58,9.2207,10.3704,11.3569,14.2739,18.4324,21.0496,13.2874,15.1731,15.5132,18.4100,21.9443,22.3917,0.288,0.301,0.269,0.181,0.145,0.05
1/1/2026,14:59,7.2835,7.4960,8.1782,8.7956,12.3993,15.5982,10.8424,10.9834,10.9766,14.2292,17.6226,20.1324,0.219,0.2,0.184,0.266,0.206,0.154
1/1/2026,15:00,6.3328,6.4849,6.9009,9.1625,11.0974,15.9001,8.8985,8.0395,9.5450,12.3367,15.5892,19.9758,0.187,0.116,0.173,0.192,0.206,0.109
1/1/2026,15:01,5.3105,5.5029,7.6660,9.7419,11.9967,12.6588,8.1492,8.1894,10.6299,12.2383,15.6943,18.5666,0.307,0.256,0.164,0.187,0.227,0.217
1/1/2026,15:02,6.0285,6.4267,6.9121,7.3707,11.2786,14.4730,8.3997,8.0888,9.6434,10.3950,14.6005,19.6627,0.161,0.126,0.163,0.202,0.131,0.135
1/1/2026,15:03,5.5901,6.7802,7.4110,7.7107,8.3796,12.0772,6.8025,7.9411,8.4109,8.5048,11.2630,17.8910,0.122,0.084,0.075,0.062,0.123,0.186
1/1/2026,15:04,7.3170,7.7309,7.6302,8.3863,8.7889,8.8538,8.8985,9.0864,8.8560,9.5987,9.8559,12.6678,0.081,0.069,0.069,0.073,0.093,0.196
1/1/2026,15:05,6.4424,6.5990,6.6303,6.6392,5.2948,7.7040,7.5497,7.5407,7.7711,8.3550,7.4579,11.4128,0.097,0.115,0.128,0.128,0.272,0.16
1/1/2026,15:06,6.4357,6.7734,7.0687,6.5900,6.5565,8.6726,7.2521,7.3416,7.9188,7.8069,9.0753,13.1375,0.092,0.073,0.097,0.119,0.305,0.162
1/1/2026,15:07,5.0555,5.6214,5.9637,7.1000,9.0931,9.6658,6.3037,6.8920,7.6212,8.1067,10.9520,11.8312,0.112,0.118,0.131,0.088,0.1,0.133
1/1/2026,15:08,10.0349,10.7977,11.1265,11.8714,15.1754,12.5179,15.0322,15.4729,15.2671,15.9695,21.1167,20.2443,0.322,0.285,0.24,0.224,0.19,0.235
1/1/2026,15:09,7.9344,8.5294,8.8516,9.7844,16.6249,18.5218,10.9923,10.6836,12.1108,12.3367,22.0562,20.7588,0.137,0.142,0.207,0.199,0.107,0.067
1/1/2026,15:10,8.7084,9.0864,8.9858,8.6256,9.4891,11.2451,12.9384,12.5291,12.5045,11.6902,13.6610,15.9046,0.218,0.149,0.184,0.211,0.248,0.216
1/1/2026,15:11,6.9658,7.1627,7.3998,8.3997,12.1399,14.5781,7.6995,8.7375,9.1513,10.5449,21.2285,22.3246,0.07,0.097,0.1,0.161,0.307,0.245
1/1/2026,15:12,9.5674,10.3771,11.5672,12.6946,15.5176,15.8934,10.9923,13.3277,15.5624,16.7166,20.2219,20.0877,0.12,0.152,0.204,0.183,0.157,0.11
1/1/2026,15:13,10.1333,11.1645,11.1578,11.6902,12.0459,11.3234,15.4818,15.9717,14.2806,14.9741,17.5711,15.1731,0.175,0.15,0.153,0.161,0.239,0.138
1/1/2026,15:14,7.0441,7.2007,8.0306,10.4443,12.7997,15.9538,9.1960,9.4868,10.5315,16.4191,21.5864,21.6535,0.138,0.162,0.149,0.194,0.266,0.181
1/1/2026,15:15,10.3212,11.1847,11.6410,12.4553,15.0568,17.5644,14.5848,14.5736,14.4775,16.4683,19.5508,22.1233,0.143,0.155,0.147,0.157,0.165,0.157
1/1/2026,15:16,10.1736,10.4800,10.9453,10.8559,13.3053,11.9273,11.7909,12.2808,12.9496,13.3814,16.9448,14.4953,0.082,0.086,0.083,0.132,0.121,0.088
1/1/2026,15:17,7.3886,7.9031,8.9052,10.6053,12.1197,10.6724,9.6457,11.3323,11.8155,13.3814,16.4750,16.1663,0.19,0.211,0.146,0.13,0.255,0.324
1/1/2026,15:18,5.9972,6.3149,7.2141,7.8226,9.2766,10.6008,7.9501,8.9366,10.0394,11.2428,11.5247,14.7571,0.239,0.252,0.228,0.248,0.157,0.213
1/1/2026,15:19,6.7846,7.2096,7.6235,8.4534,9.0372,11.2048,8.2990,8.7889,9.4958,10.4957,12.9317,18.5666,0.103,0.119,0.088,0.094,0.173,0.261
1/1/2026,15:20,7.7823,8.9343,10.1781,11.1131,13.9562,14.4842,12.1891,13.2270,13.5402,13.8310,18.1416,17.8373,0.261,0.28,0.158,0.104,0.138,0.143
1/1/2026,15:21,9.7240,10.4062,10.7731,12.3568,11.6589,12.7841,12.5895,13.2785,12.7528,17.8619,15.1731,15.0702,0.152,0.137,0.128,0.208,0.171,0.087
1/1/2026,15:22,7.7062,7.9165,7.8114,7.8941,9.2162,11.2786,9.4958,9.7351,9.3482,9.4511,12.9317,13.9719,0.135,0.152,0.116,0.12,0.187,0.153
1/1/2026,15:23,5.9838,5.9122,6.2209,6.0554,7.2633,8.2297,8.2990,8.7375,8.9052,8.0060,9.1781,10.4196,0.268,0.31,0.239,0.236,0.163,0.155
1/1/2026,15:24,6.0397,6.5408,7.2723,7.3886,8.8784,9.7195,8.2498,8.9880,9.8425,9.7486,11.0549,12.5626,0.161,0.176,0.191,0.139,0.13,0.138
1/1/2026,15:25,5.3530,6.2097,6.8584,7.0732,11.2518,12.0750,7.1515,7.5899,8.7576,9.3012,16.5287,16.1663,0.128,0.121,0.136,0.122,0.199,0.154
1/1/2026,15:26,8.0574,8.4981,9.1088,9.3482,10.0103,11.9542,9.4958,9.3862,10.3346,11.4419,11.8379,15.0166,0.093,0.062,0.055,0.133,0.156,0.096
1/1/2026,15:27,5.5901,5.9122,6.8316,7.4378,9.5025,11.5493,7.3506,8.2386,8.7576,9.3504,12.0459,13.6587,0.171,0.172,0.132,0.132,0.115,0.079
1/1/2026,15:28,5.2456,6.0666,6.6996,7.1649,9.3929,8.9679,6.7533,7.8897,8.5585,9.6501,12.1510,12.1958,0.078,0.144,0.123,0.113,0.131,0.16
1/1/2026,15:29,6.9681,7.4020,7.8919,8.4332,9.5830,9.9857,9.3459,9.4868,9.7933,11.0930,12.4105,12.4060,0.186,0.14,0.115,0.162,0.152,0.111
1/1/2026,15:30,6.2947,6.8741,7.8628,8.6100,10.4935,10.4398,8.6480,9.4376,10.3839,11.9385,13.6095,12.9273,0.231,0.212,0.218,0.28,0.176,0.108
1/1/2026,15:31,7.8539,8.0999,8.6592,9.2766,11.7327,13.1241,10.3928,10.3839,10.9766,10.7440,16.7882,17.2624,0.169,0.16,0.127,0.078,0.218,0.184
1/1/2026,15:32,10.4062,11.4732,12.0929,12.9116,14.3835,13.7012,12.2897,13.2785,13.7885,14.7750,17.1528,16.3744,0.14,0.082,0.073,0.086,0.078,0.088
1/1/2026,15:33,10.1221,10.8648,11.5672,12.1152,12.8892,12.8378,12.3389,13.4283,14.1330,14.1777,14.3902,14.8600,0.143,0.144,0.117,0.098,0.052,0.068
1/1/2026,15:34,9.4824,10.5516,11.1042,12.0906,11.4397,10.4286,15.7816,15.2738,13.6901,13.4820,13.6610,14.0770,0.221,0.175,0.119,0.078,0.069,0.132
1/1/2026,15:35,8.0999,8.7889,9.4801,10.7887,11.2585,12.1555,13.2874,12.7282,12.5045,13.5312,13.6095,14.4953,0.237,0.199,0.154,0.135,0.111,0.114
1/1/2026,15:36,8.3393,8.7889,9.3034,10.1512,11.2473,11.4419,11.0415,11.3323,11.8647,13.0838,13.2963,14.3902,0.183,0.136,0.143,0.119,0.095,0.106
1/1/2026,15:37,10.4957,10.9789,12.0213,13.1219,13.3478,13.0838,14.3343,15.0725,14.0345,14.7750,16.5802,14.9137,0.161,0.157,0.1,0.066,0.102,0.09
1/1/2026,15:38,8.3550,9.9812,11.1332,12.8355,16.8956,17.3720,10.4935,12.8288,13.7393,15.5713,18.9692,19.3942,0.149,0.171,0.138,0.098,0.082,0.08
1/1/2026,15:39,9.0395,9.9700,11.2227,13.5223,15.7570,16.6562,11.5918,12.3792,14.0345,15.6720,18.1863,18.8350,0.135,0.124,0.118,0.067,0.095,0.068
1/1/2026,15:40,10.7351,11.7685,13.0078,14.0502,15.1217,16.7345,14.5848,13.9249,14.7750,16.0702,15.9538,18.2981,0.118,0.116,0.073,0.073,0.035,0.06
1/1/2026,15:41,9.1468,9.8515,10.8044,11.4486,13.0794,13.0883,11.5404,11.8312,13.1957,13.6319,14.7034,15.6966,0.098,0.092,0.138,0.104,0.082,0.088
1/1/2026,15:42,8.2789,8.6950,9.2587,10.3883,13.1532,14.4349,9.6949,10.3346,10.8782,12.0884,15.1731,16.8464,0.097,0.081,0.088,0.116,0.095,0.074
1/1/2026,15:43,8.1894,8.8896,9.8336,11.5538,14.1061,15.4707,9.6949,10.5829,12.3076,13.1823,15.8509,18.2534,0.119,0.078,0.106,0.071,0.081,0.076
1/1/2026,15:44,12.5761,13.3098,14.1464,14.9718,16.1552,16.0769,14.5848,15.7212,15.7122,16.7166,19.1258,20.7140,0.116,0.094,0.071,0.051,0.087,0.101
1/1/2026,15:45,10.5628,12.2428,13.9339,16.0142,18.1192,19.4166,13.7370,16.0702,18.6784,19.3495,21.0048,22.4365,0.128,0.1,0.112,0.107,0.086,0.066
1/1/2026,15:46,11.2518,12.5738,12.8780,14.3522,16.7166,17.7725,15.0322,16.7703,16.3520,18.2087,20.8482,20.7588,0.196,0.174,0.167,0.166,0.148,0.09
1/1/2026,15:47,8.6972,9.8537,10.7597,12.1846,14.5155,16.4213,11.5404,12.8780,13.8377,16.5175,19.6627,20.8706,0.193,0.19,0.18,0.198,0.191,0.141
1/1/2026,15:48,11.2272,12.1443,12.6342,13.7460,14.8264,15.9024,13.6856,15.6720,16.0567,18.0073,20.9601,21.5417,0.107,0.128,0.129,0.147,0.241,0.215
1/1/2026,15:49,9.4555,9.9499,11.0549,11.1265,10.9565,10.7731,12.4888,13.6766,14.4282,14.3768,13.7147,13.4507,0.116,0.144,0.153,0.165,0.141,0.11
1/1/2026,15:50,6.1896,6.3775,7.5385,8.6793,10.2385,14.2582,9.2967,9.5361,9.5450,13.2337,14.6005,18.8797,0.19,0.16,0.151,0.15,0.159,0.176
1/1/2026,15:51,7.1291,8.0932,9.1468,11.8580,15.0546,17.0790,8.8471,9.9342,12.2584,15.5221,19.2377,20.1324,0.149,0.137,0.184,0.137,0.152,0.129
1/1/2026,15:52,10.8491,11.6902,13.3791,15.4125,18.1639,18.9469,14.5848,15.4237,17.0924,19.0140,22.7273,22.2799,0.193,0.183,0.2,0.161,0.135,0.092
1/1/2026,15:53,12.6454,13.4462,14.2157,14.3835,15.4080,16.1932,16.3296,17.3676,16.9940,17.3139,17.1014,20.1772,0.173,0.166,0.14,0.121,0.068,0.111
1/1/2026,15:54,6.7824,7.0821,8.0530,9.1871,12.6700,14.2627,9.0462,9.2878,11.8647,12.9832,16.0590,18.4100,0.123,0.146,0.138,0.185,0.103,0.123
1/1/2026,15:55,8.7844,10.1110,11.1601,13.9205,19.8640,19.3942,13.2874,16.1708,18.0744,19.5956,22.8839,22.0115,0.201,0.235,0.23,0.194,0.091,0.094
1/1/2026,15:56,11.3838,11.8871,12.6969,12.8176,15.0993,17.2311,14.8823,15.5713,16.0567,17.3631,19.5956,22.7944,0.166,0.151,0.141,0.143,0.129,0.17
1/1/2026,15:57,11.7059,12.7572,14.3969,17.2624,20.1101,20.0653,15.7324,15.6720,18.0744,19.9535,22.5707,22.4365,0.178,0.126,0.13,0.097,0.051,0.044
1/1/2026,15:58,12.7394,14.1777,15.6317,17.6718,19.8864,19.7745,14.9830,15.9717,19.0587,19.9982,21.7430,22.0786,0.084,0.076,0.111,0.08,0.054,0.063
1/1/2026,15:59,11.9743,12.4776,13.4932,14.6855,16.3207,15.2447,15.0837,15.4237,16.5489,18.0521,18.9692,17.6293,0.137,0.126,0.116,0.118,0.091,0.092
1/1/2026,16:00,9.1379,9.9253,10.5225,10.9565,11.6902,11.3703,12.7394,12.7796,13.4418,14.1777,14.1822,15.0166,0.173,0.117,0.113,0.146,0.144,0.156
1/1/2026,16:01,6.6571,7.2074,7.4289,8.3930,8.9768,9.7911,8.0999,8.6883,8.4601,9.2005,10.3771,11.6746,0.149,0.105,0.091,0.058,0.119,0.083
1/1/2026,16:02,4.9772,5.3508,5.7064,6.4290,7.1761,8.4825,6.8517,6.6437,7.0799,8.5048,9.6994,15.0166,0.175,0.138,0.152,0.159,0.103,0.269
1/1/2026,16:03,4.4672,4.4873,5.9391,7.9098,13.4731,15.0300,5.4067,5.1964,9.2497,12.4866,15.5892,17.9850,0.111,0.111,0.219,0.268,0.123,0.098
1/1/2026,16:04,7.9814,8.6480,9.4622,10.7776,15.2962,16.5198,10.0953,10.7843,11.8647,13.3814,18.2534,20.7588,0.133,0.137,0.123,0.151,0.123,0.122
1/1/2026,16:05,9.1759,10.2653,11.1444,11.8938,13.5111,15.5534,13.4373,14.3253,15.2179,14.4282,16.5802,19.4613,0.249,0.243,0.206,0.144,0.15,0.117
1/1/2026,16:06,9.5897,10.6210,11.7596,12.7774,14.4752,15.0076,13.8847,14.3746,14.6273,18.2087,17.3631,17.5242,0.221,0.207,0.165,0.217,0.157,0.108
1/1/2026,16:07,9.0618,9.5495,10.0908,10.7149,12.1197,12.2606,11.6410,11.5314,12.1600,12.8848,15.3812,14.0256,0.138,0.109,0.108,0.094,0.111,0.067
1/1/2026,16:08,8.5742,9.4041,9.5853,9.8291,9.7732,9.1826,11.4911,11.6321,12.1600,12.8848,14.9114,12.8758,0.156,0.124,0.105,0.124,0.27,0.161
1/1/2026,16:09,7.3998,7.9098,8.5183,8.8247,6.7779,7.2454,8.9970,9.9857,10.5807,10.0975,8.4489,8.6458,0.117,0.119,0.122,0.088,0.121,0.088
1/1/2026,16:10,3.6842,3.9035,4.8340,5.1807,8.1984,9.1468,6.4536,6.6929,6.5855,6.9121,10.6389,11.7260,0.332,0.288,0.158,0.239,0.174,0.176
1/1/2026,16:11,6.0912,6.2880,7.0642,7.4087,5.5744,5.8742,9.1960,9.5361,9.6949,10.9431,8.5026,9.4801,0.226,0.27,0.252,0.291,0.24,0.449
1/1/2026,16:12,6.3753,6.2836,6.7466,7.1806,6.0129,6.7958,8.3482,8.1894,8.2140,9.8984,7.6145,9.0104,0.236,0.231,0.157,0.152,0.136,0.167
1/1/2026,16:13,5.3575,5.2590,4.8676,5.4939,6.7220,8.3125,6.8025,6.7936,6.5855,6.5140,8.1357,10.1065,0.157,0.21,0.255,0.109,0.127,0.118
1/1/2026,16:14,2.5881,2.8431,3.7200,5.3530,7.3349,8.4288,3.2100,3.5008,4.6618,6.6124,8.7106,9.4801,0.089,0.117,0.132,0.104,0.112,0.059
1/1/2026,16:15,2.6597,2.9460,3.3867,4.1652,5.3306,7.3573,4.4582,4.3978,4.9101,5.5677,6.5721,8.0172,0.299,0.281,0.32,0.269,0.125,0.067
1/1/2026,16:16,3.0266,3.2682,4.1562,4.8094,5.6550,8.6637,3.9102,4.0981,4.8609,5.4179,6.6258,10.6299,0.171,0.117,0.071,0.085,0.083,0.108
1/1/2026,16:17,3.6328,3.8140,3.9527,3.9594,5.7243,6.5654,4.5074,4.5477,5.1561,4.6730,8.0843,8.8023,0.139,0.119,0.148,0.093,0.157,0.193
1/1/2026,16:18,3.1093,2.9259,3.0176,3.0132,3.9885,5.4402,3.8095,3.5992,3.4292,3.6261,4.9571,6.5028,0.174,0.156,0.09,0.102,0.148,0.1
1/1/2026,16:19,0.9015,1.1229,1.3444,3.0199,3.8095,4.8116,1.7649,1.9551,2.3935,3.9750,5.0085,5.4581,0.382,0.293,0.291,0.139,0.192,0.08
1/1/2026,16:20,0.7091,1.1722,1.9730,1.9886,2.7693,3.2861,0.8165,1.8544,2.2951,2.3823,3.6015,3.9437,0.066,0.345,0.087,0.197,0.201,0.125
1/1/2026,16:21,0.6666,0.8836,1.3511,2.0848,3.5344,4.7915,0.6666,1.2057,1.7023,2.9796,5.4268,6.6079,0,0.187,0.093,0.225,0.262,0.295
1/1/2026,16:22,0.9820,1.2348,2.1363,2.7827,3.9840,5.1472,2.9125,3.2011,4.3665,3.7759,4.8005,5.8764,0.677,0.741,0.573,0.281,0.109,0.081
1/1/2026,16:23,2.4763,2.4427,2.7984,2.5501,3.6842,3.1429,3.1608,3.1518,3.2816,2.9304,4.4873,4.3106,0.192,0.139,0.079,0.071,0.122,0.153
1/1/2026,16:24,1.7918,1.9752,2.2034,2.3152,1.5301,1.2885,2.3622,2.2034,2.6396,2.7805,2.5591,2.0110,0.248,0.069,0.129,0.088,0.339,0.212
1/1/2026,16:25,1.1901,1.5099,1.8522,1.7224,1.2751,2.6664,1.8634,2.3040,2.3443,2.5814,1.6732,3.4740,0.368,0.412,0.211,0.287,0.225,0.174
1/1/2026,16:26,0.6666,0.7113,0.9574,0.7874,0.8679,2.7917,0.6666,0.7561,1.2594,1.0894,1.2057,3.6305,0,0.022,0.147,0.145,0.25,0.147
1/1/2026,16:27,0.6666,0.7181,0.9418,0.7404,1.3936,2.8409,0.6666,0.7561,1.3086,0.7404,2.0915,3.5254,0,0.028,0.192,0,0.238,0.184
1/1/2026,16:28,0.6666,0.7516,1.4428,1.4719,1.8656,2.6485,0.6666,0.8567,1.7023,1.9842,2.7156,3.8386,0,0.08,0.096,0.286,0.213,0.169
1/1/2026,16:29,0.6823,1.2728,2.0893,1.9215,2.5501,3.7223,0.8657,1.5547,2.4427,2.3823,3.1854,4.6752,0.059,0.181,0.101,0.153,0.116,0.083
1/1/2026,16:30,0.6688,1.0402,1.1475,1.4272,2.9349,3.9213,0.7158,1.4048,1.5547,1.8857,4.0198,5.0935,0.013,0.127,0.148,0.249,0.189,0.111
1/1/2026,16:31,0.6778,1.1431,1.1744,1.0558,3.0042,3.0042,0.7158,1.3064,1.3578,1.6352,3.7581,3.7871,0.03,0.053,0.091,0.29,0.132,0.136
1/1/2026,16:32,0.6890,1.4227,1.5055,0.7404,2.4875,2.5456,0.7673,1.6553,1.9506,0.7404,3.4449,3.4225,0.055,0.069,0.163,0,0.129,0.175
1/1/2026,16:33,1.6665,1.8634,1.9886,0.9664,1.6419,2.1586,2.3622,2.1542,2.1967,1.3869,2.1430,2.6910,0.314,0.125,0.066,0.269,0.176,0.092
1/1/2026,16:34,2.0065,1.1833,1.0939,0.7807,0.8500,1.7739,2.9125,1.4562,1.4070,1.1386,1.2572,2.4293,0.164,0.11,0.129,0.135,0.155,0.173
1/1/2026,16:35,1.5457,1.9059,1.6911,0.7427,0.9060,1.1050,2.0132,2.4025,2.0490,0.7896,1.6732,1.3847,0.156,0.173,0.122,0.012,0.494,0.105
1/1/2026,16:36,1.8611,1.7470,1.7627,0.9731,1.1341,1.8432,2.1631,2.6016,2.4427,1.3377,1.3601,3.2659,0.1,0.22,0.142,0.225,0.095,0.294
1/1/2026,16:37,0.9283,3.0132,3.0646,2.2817,0.7762,2.4002,1.4652,3.6999,3.8252,3.2279,1.2572,3.2122,0.313,0.163,0.135,0.292,0.378,0.158
1/1/2026,16:38,2.0938,2.8230,4.1674,4.3374,1.4540,1.8343,2.8610,3.4001,4.6618,4.9705,1.8298,2.2727,0.259,0.162,0.072,0.109,0.14,0.167
1/1/2026,16:39,2.9281,3.6641,4.5611,5.0778,3.8498,1.6151,3.3107,4.4985,4.9101,5.2702,4.6976,2.1676,0.096,0.186,0.045,0.024,0.246,0.139
1/1/2026,16:40,3.3129,4.2927,3.8095,4.5007,4.3933,2.4964,3.9594,4.8474,4.4157,4.8206,4.5924,3.9952,0.149,0.071,0.088,0.046,0.04,0.285
1/1/2026,16:41,3.5120,3.3196,3.3822,3.8363,4.2770,3.6552,3.9594,3.7491,3.6261,4.1741,4.4358,3.9952,0.085,0.042,0.061,0.052,0.026,0.062
1/1/2026,16:42,3.2279,3.2167,2.9751,3.8565,4.1294,2.6016,3.5590,3.5992,3.1339,4.2748,4.5924,3.5791,0.042,0.068,0.027,0.074,0.059,0.167
1/1/2026,16:43,3.1608,3.1407,3.2726,3.7603,4.6170,2.2996,3.3599,3.4001,3.7245,4.0242,5.4268,3.2122,0.02,0.029,0.083,0.053,0.076,0.224
1/1/2026,16:44,3.2368,3.0288,3.4494,3.7088,3.7603,1.4115,3.4605,3.3509,3.6753,4.2233,4.8519,2.6910,0.046,0.069,0.058,0.066,0.204,0.395
1/1/2026,16:45,2.8655,3.4561,3.6328,3.7961,2.4964,1.5368,3.4605,4.5477,4.1204,4.2748,3.3934,2.6910,0.16,0.139,0.09,0.065,0.16,0.406
1/1/2026,16:46,1.5278,2.5881,3.2972,3.4494,2.9707,1.7336,2.1631,3.2011,3.8744,4.0242,3.7066,2.5344,0.237,0.075,0.099,0.11,0.17,0.4
1/1/2026,16:47,1.4674,2.7179,3.1876,2.9259,2.9125,1.2303,1.8634,3.0020,3.4292,3.8766,3.6015,1.7493,0.146,0.044,0.063,0.22,0.177,0.249
1/1/2026,16:48,1.6039,3.0310,3.3241,2.8745,2.5031,1.1789,1.9640,3.4001,3.5769,3.2793,3.8117,1.8030,0.166,0.058,0.048,0.119,0.19,0.29
1/1/2026,16:49,1.9103,3.6037,3.7424,3.5299,3.0176,2.1855,2.2123,3.8498,3.9236,3.8766,3.9146,3.7357,0.102,0.052,0.028,0.052,0.146,0.367
1/1/2026,16:50,1.6956,3.8587,3.9974,3.4851,2.6888,2.0736,2.1631,4.1495,4.2681,3.8252,3.2368,2.5859,0.12,0.063,0.048,0.044,0.096,0.189
1/1/2026,16:51,2.0110,3.8744,4.0824,3.3040,2.5412,1.8813,2.2123,4.0981,4.7110,4.1249,3.3420,2.3779,0.071,0.04,0.056,0.111,0.197,0.172
1/1/2026,16:52,2.0915,3.6529,3.7111,3.3778,2.0557,1.9707,2.4137,4.2479,3.9728,4.1249,2.6127,2.7939,0.08,0.059,0.038,0.074,0.147,0.199
1/1/2026,16:53,1.8701,3.2301,3.4292,3.4851,2.4718,2.7895,2.1139,3.5500,3.6261,3.8766,3.1339,3.2659,0.097,0.083,0.031,0.057,0.161,0.093
1/1/2026,16:54,2.1385,3.1921,3.5299,3.6977,2.8968,2.1407,3.1608,3.5992,3.8252,3.9258,3.5500,3.0557,0.306,0.084,0.047,0.047,0.118,0.222
1/1/2026,16:55,2.4315,3.0243,3.2167,3.2480,2.1497,1.2370,3.2100,3.4494,3.4292,3.3778,2.6642,1.5412,0.119,0.078,0.038,0.024,0.157,0.163
1/1/2026,16:56,1.9528,2.3555,2.5344,2.8342,2.5680,1.8992,2.4137,2.7022,2.8879,3.0803,3.0803,2.3779,0.112,0.086,0.065,0.082,0.123,0.185
1/1/2026,16:57,1.6106,1.8678,2.1832,2.4629,2.2079,2.2750,1.8634,2.1542,2.3443,2.6306,2.5591,2.8991,0.096,0.078,0.032,0.035,0.096,0.12
1/1/2026,16:58,1.0782,1.2974,1.9171,2.6821,2.1944,1.8902,1.4160,1.6039,2.2951,2.8297,2.4562,2.4293,0.183,0.079,0.117,0.032,0.05,0.174
1/1/2026,16:59,0.6800,1.2012,1.7538,2.1877,2.7045,1.2572,0.7158,1.4048,2.0982,2.7313,3.1854,1.8544,0.033,0.078,0.11,0.181,0.129,0.263
1/1/2026,17:00,0.6733,1.6039,1.6486,1.5234,2.4114,1.1118,0.7158,1.7045,1.7023,1.6866,2.7156,1.4361,0.027,0.039,0.03,0.07,0.076,0.187
1/1/2026,17:01,0.6845,1.0961,1.3914,1.7761,2.7246,2.1676,0.7673,1.4562,1.6039,2.0334,2.9774,2.7939,0.042,0.157,0.1,0.079,0.071,0.308
1/1/2026,17:02,0.6935,1.1744,1.4719,1.6777,2.6195,2.2034,0.7158,1.5055,1.6531,2.0334,3.2368,2.6373,0.035,0.156,0.088,0.104,0.099,0.112
1/1/2026,17:03,0.6733,1.0335,1.7605,1.7314,2.1631,1.9730,0.7673,1.5055,1.9506,2.0848,2.4025,2.6910,0.033,0.208,0.085,0.124,0.093,0.153
1/1/2026,17:04,0.8970,1.0200,1.5189,1.3265,2.1273,2.1184,1.4160,1.2057,1.8030,1.5368,2.4562,2.3242,0.319,0.118,0.102,0.083,0.076,0.096
1/1/2026,17:05,1.0804,0.8389,1.6732,1.5301,1.5502,1.4205,1.3645,1.0066,1.8522,1.7851,1.9349,2.1676,0.18,0.091,0.052,0.085,0.085,0.283
1/1/2026,17:06,1.1565,0.8411,1.4965,0.9552,1.8388,1.7180,1.3645,1.1050,1.6039,1.3377,2.1944,2.1161,0.112,0.165,0.036,0.244,0.152,0.178
1/1/2026,17:07,1.0715,1.2840,1.5905,0.7404,1.9730,1.1744,1.3645,1.4562,1.7023,0.7404,2.2459,1.8544,0.14,0.059,0.059,0,0.067,0.234
1/1/2026,17:08,0.9306,1.5256,1.7717,0.7404,2.2683,1.6486,1.5636,1.6039,1.8522,0.7404,2.8722,2.1676,0.32,0.044,0.03,0,0.157,0.138
1/1/2026,17:09,1.0245,1.8499,2.2660,1.4786,2.4338,1.3847,1.5144,2.3040,2.9863,2.6306,2.8208,1.6978,0.255,0.132,0.131,0.567,0.096,0.103
1/1/2026,17:10,2.4427,2.6262,2.9393,2.8968,3.0445,2.2011,2.9125,2.8521,3.0847,3.3286,3.6552,2.7939,0.169,0.071,0.029,0.065,0.132,0.218
1/1/2026,17:11,2.0871,2.4942,2.8029,2.9572,4.0533,3.8654,2.6620,2.8521,3.1339,3.3778,4.5410,6.7130,0.156,0.091,0.081,0.115,0.073,0.341
1/1/2026,17:12,1.9260,1.7538,1.9976,2.0557,4.4515,6.5319,2.1139,2.0535,2.4427,2.3823,4.9056,8.1223,0.045,0.079,0.09,0.147,0.065,0.148
1/1/2026,17:13,2.6843,2.3354,2.2302,2.2459,5.7020,6.5274,2.9125,2.7022,2.5904,2.4830,6.5207,7.8091,0.079,0.1,0.085,0.077,0.1,0.063
1/1/2026,17:14,3.5657,3.2615,3.4382,2.8812,5.7467,7.5676,3.9102,3.7491,4.0712,3.1295,6.4692,8.9589,0.084,0.078,0.105,0.092,0.075,0.112
1/1/2026,17:15,4.0757,4.2837,4.5343,3.5411,5.2657,7.5251,4.3576,4.7468,5.0577,3.7267,5.9480,8.3840,0.044,0.084,0.065,0.043,0.052,0.057
1/1/2026,17:16,3.2145,3.5209,3.6954,3.2257,6.1918,7.4132,3.8587,4.0981,4.5634,3.6775,7.1470,8.0172,0.102,0.091,0.108,0.111,0.071,0.058
1/1/2026,17:17,2.6664,2.9147,2.7693,2.3219,5.4939,6.5005,2.9125,3.1518,3.0355,2.6306,6.2075,7.2343,0.045,0.039,0.04,0.105,0.073,0.041
1/1/2026,17:18,2.6597,3.0624,3.0176,2.4092,5.5856,6.7734,2.9617,3.2503,3.2816,2.9304,6.2612,8.4355,0.073,0.041,0.053,0.135,0.058,0.111
1/1/2026,17:19,3.2436,3.1899,3.2346,3.6149,5.0599,7.5966,3.6596,3.5500,3.4784,4.1249,5.5297,8.4892,0.054,0.048,0.031,0.08,0.054,0.062
1/1/2026,17:20,3.8296,3.6820,3.5679,3.3912,4.7535,6.2142,4.7580,4.5477,4.3665,4.3240,5.2188,7.4445,0.154,0.145,0.141,0.088,0.048,0.086
1/1/2026,17:21,4.6685,4.5678,4.1316,3.4583,4.2703,4.8184,5.3552,5.0957,4.9101,4.1249,4.5924,5.4581,0.098,0.082,0.136,0.103,0.041,0.053
1/1/2026,17:22,4.4023,4.6148,4.4605,3.6999,4.1137,5.1651,4.9078,4.8967,5.2546,4.4739,4.5924,5.6147,0.06,0.031,0.089,0.087,0.049,0.067
1/1/2026,17:23,4.4873,4.7088,4.6573,3.8856,4.4470,5.5118,4.8564,4.9481,5.0085,4.4739,5.3217,6.1382,0.036,0.029,0.061,0.094,0.085,0.077
1/1/2026,17:24,4.3128,4.2636,4.3083,4.0578,4.3598,5.7780,4.5566,4.7468,4.6618,4.5723,5.1136,6.6594,0.029,0.045,0.056,0.095,0.097,0.092
1/1/2026,17:25,3.6887,3.7916,4.5991,4.1875,3.9236,5.6259,4.3576,4.4470,4.8609,4.5723,4.8519,6.1896,0.083,0.081,0.036,0.051,0.134,0.051
1/1/2026,17:26,3.8386,4.2412,4.5186,4.4851,4.5320,5.6527,4.0086,4.4985,4.7110,4.8720,5.8966,6.0845,0.035,0.039,0.019,0.048,0.135,0.059
1/1/2026,17:27,3.4404,3.9661,4.4649,4.4448,4.7602,6.2075,3.9594,4.4985,4.8609,5.1203,5.7914,6.9211,0.087,0.07,0.053,0.089,0.091,0.063
1/1/2026,17:28,3.3912,3.7737,4.2323,4.6103,4.5410,6.3999,3.9102,4.4470,4.6618,5.2188,5.2188,6.8159,0.126,0.078,0.058,0.063,0.098,0.034
1/1/2026,17:29,3.7469,3.4136,3.6977,4.5947,4.7669,6.8003,4.3576,4.0489,4.1204,4.8720,6.1560,7.1828,0.091,0.096,0.081,0.033,0.138,0.033
1/1/2026,17:30,3.5769,3.1384,3.4024,4.0489,4.5141,6.6504,3.9102,3.5500,3.8744,4.5723,5.1136,7.3908,0.05,0.048,0.091,0.052,0.094,0.064
1/1/2026,17:31,2.9192,2.8521,3.2682,3.8453,4.6036,7.2477,3.8587,3.6999,3.5276,4.2748,5.5297,7.4960,0.195,0.176,0.047,0.07,0.102,0.023
1/1/2026,17:32,2.1788,1.9864,3.5187,3.4180,3.6350,6.5923,2.5613,2.5031,3.9236,3.8252,4.6976,7.1828,0.102,0.11,0.068,0.093,0.113,0.053
1/1/2026,17:33,2.5546,2.4204,2.7022,3.4829,4.1652,6.6034,3.2100,2.8521,3.1339,3.6261,4.8005,7.4445,0.16,0.141,0.089,0.027,0.077,0.067
1/1/2026,17:34,2.5635,2.5904,3.2570,3.4941,3.6395,6.7600,2.9125,2.8029,3.5769,3.6775,4.2278,8.0172,0.078,0.044,0.065,0.036,0.139,0.072
1/1/2026,17:35,2.8588,3.1518,3.7446,3.9929,4.1339,5.3575,3.1116,3.5500,4.1696,4.2233,4.9571,6.9725,0.043,0.063,0.048,0.033,0.108,0.144
1/1/2026,17:36,2.8275,2.8834,3.5209,4.3956,4.2345,5.0555,3.0109,3.1518,4.0220,4.6215,5.1136,5.9279,0.032,0.047,0.046,0.034,0.109,0.099
1/1/2026,17:37,3.0221,3.1295,3.6015,4.4739,4.0511,4.4068,3.1608,3.4001,3.8744,4.7222,4.4873,5.4581,0.027,0.052,0.05,0.037,0.072,0.121
1/1/2026,17:38,2.9550,3.2749,3.8185,4.5768,4.4135,4.2547,3.1116,3.5992,4.1696,5.6169,4.9056,4.7266,0.033,0.061,0.065,0.072,0.059,0.075
1/1/2026,17:39,2.9371,3.0847,3.8162,5.0778,5.0890,4.4336,3.1608,3.8006,4.8609,5.8675,5.6863,5.7198,0.05,0.176,0.145,0.074,0.094,0.151
1/1/2026,17:40,3.2592,3.3800,3.6753,5.5946,4.4135,3.5500,3.8095,3.8006,4.0220,6.5140,7.0933,4.8318,0.085,0.048,0.061,0.064,0.318,0.215
1/1/2026,17:41,3.4941,3.7200,4.1383,5.5051,6.2768,5.1226,4.0086,4.2994,4.7624,6.6124,6.9367,6.0330,0.094,0.114,0.056,0.072,0.052,0.087
1/1/2026,17:42,3.1832,3.5388,4.1652,5.5744,7.0061,6.3753,4.0578,4.1495,5.2546,6.3641,7.7197,7.6011,0.098,0.094,0.106,0.059,0.046,0.114
1/1/2026,17:43,3.1026,3.4538,4.5097,5.9614,7.9657,6.7198,3.7088,4.1495,5.0085,7.1112,9.1781,8.3840,0.093,0.115,0.052,0.121,0.088,0.175
1/1/2026,17:44,3.0221,3.4561,4.1383,5.2859,6.6348,6.0375,3.6596,4.2994,5.5006,6.9613,8.2923,7.6526,0.109,0.155,0.13,0.136,0.114,0.107
1/1/2026,17:45,3.8185,4.4068,5.1181,6.1628,8.0217,7.5653,5.0063,5.5946,5.8474,7.1604,8.8672,8.6972,0.158,0.197,0.085,0.083,0.067,0.102
1/1/2026,17:46,3.9527,4.1540,4.4940,5.3508,7.8516,7.7487,4.9078,5.1472,5.7981,7.1604,9.2318,9.8984,0.089,0.132,0.163,0.116,0.087,0.137
1/1/2026,17:47,4.9078,5.3933,6.3014,6.6303,7.2723,7.6056,6.0531,6.4424,7.8695,7.8069,8.8672,8.5406,0.121,0.102,0.134,0.111,0.106,0.092
1/1/2026,17:48,4.0824,4.4493,4.8295,5.3619,7.0531,7.4512,5.1069,5.5454,5.5498,6.7130,8.6055,8.8538,0.148,0.127,0.088,0.129,0.089,0.116
1/1/2026,17:49,4.6416,4.9951,5.1338,5.0577,6.3104,6.7578,5.5051,6.0442,6.1426,5.4179,8.0328,7.8606,0.106,0.114,0.088,0.046,0.149,0.099
1/1/2026,17:50,3.9840,4.0578,4.4448,5.2411,6.8831,6.3842,4.4068,4.6484,5.0085,6.6124,7.5631,8.0709,0.089,0.088,0.063,0.144,0.073,0.162
1/1/2026,17:51,3.9862,4.6372,5.2143,6.2836,6.1918,4.9414,4.7065,5.7959,6.2411,7.2611,7.6145,7.5474,0.104,0.136,0.107,0.05,0.141,0.239
1/1/2026,17:52,4.9817,5.2232,5.7646,6.6146,5.6863,4.5387,5.8048,6.2947,7.1291,7.2096,6.8338,6.1382,0.081,0.102,0.088,0.059,0.188,0.201
1/1/2026,17:53,4.6081,4.7691,5.0488,5.8071,6.6817,4.9682,5.7556,5.6952,6.4871,6.5140,7.3036,6.2411,0.079,0.102,0.143,0.077,0.057,0.127
1/1/2026,17:54,4.5276,4.8363,5.2523,6.5386,6.7913,4.1204,6.1046,6.8920,7.1291,7.6593,7.5116,6.3462,0.118,0.202,0.173,0.104,0.067,0.303
1/1/2026,17:55,5.0577,5.7266,6.3082,6.8182,6.5028,4.2927,6.3037,6.8428,7.7219,7.7577,7.4065,6.7645,0.137,0.105,0.106,0.076,0.085,0.378
1/1/2026,17:56,4.4247,4.7088,5.1382,5.4514,5.8496,4.6864,5.1561,5.4469,6.1918,6.1158,7.1985,5.5633,0.079,0.076,0.081,0.064,0.104,0.124
1/1/2026,17:57,4.6573,5.0443,5.6930,5.9077,6.8137,5.1651,6.7019,7.1918,6.9815,6.5140,8.0328,5.7713,0.189,0.182,0.113,0.068,0.095,0.061
1/1/2026,17:58,4.9660,5.1673,5.6796,6.0979,7.0978,5.9279,5.5051,5.7445,6.4871,6.9121,7.9792,7.4960,0.064,0.083,0.097,0.05,0.055,0.213
1/1/2026,17:59,4.2524,4.3128,4.7311,5.8093,8.1335,8.1715,4.9078,4.7468,5.1561,7.0620,10.7418,9.4287,0.082,0.062,0.046,0.113,0.133,0.082
1/1/2026,18:00,4.1070,4.2927,5.0599,6.6549,8.4579,7.7689,4.5566,4.9973,5.9950,8.2565,10.2742,9.4801,0.056,0.072,0.059,0.093,0.116,0.078
1/1/2026,18:01,6.1941,6.9166,7.2499,7.0821,8.5071,7.8763,7.0016,8.2386,8.5585,8.3057,10.4308,11.2048,0.092,0.11,0.096,0.107,0.117,0.149
1/1/2026,18:02,4.9749,5.3843,5.7534,6.0845,8.7912,10.5069,6.2545,6.4424,6.6840,7.4602,10.5874,11.1511,0.098,0.119,0.121,0.146,0.139,0.03
1/1/2026,18:03,4.4761,4.6282,5.2747,5.9189,8.5160,10.4353,5.3552,5.2971,6.6348,7.6078,10.5337,11.5180,0.089,0.095,0.135,0.13,0.157,0.068
1/1/2026,18:04,4.3687,4.5835,5.2456,5.8272,8.6502,10.2877,5.1069,5.5946,6.6840,7.7085,10.4823,11.4643,0.085,0.124,0.218,0.184,0.121,0.065
1/1/2026,18:05,3.7469,4.0086,4.8474,5.7422,7.1537,8.9388,5.4559,5.3463,6.0934,6.7130,8.0843,11.3077,0.259,0.164,0.132,0.08,0.084,0.131
1/1/2026,18:06,3.3576,3.7245,4.5432,5.1338,8.5809,9.2005,3.8587,4.5477,6.4379,6.9121,9.5965,10.4196,0.081,0.087,0.165,0.168,0.076,0.075
1/1/2026,18:07,4.7960,5.0309,5.8272,6.4580,8.2767,8.6748,5.7556,6.2947,6.8831,7.2096,9.4399,10.2631,0.12,0.14,0.112,0.077,0.094,0.134
1/1/2026,18:08,4.7490,4.9503,5.8227,6.8965,7.9389,10.2094,5.3060,6.0934,7.1291,8.5048,9.3347,10.9945,0.109,0.122,0.114,0.115,0.099,0.065
1/1/2026,18:09,5.3082,5.4469,5.8988,6.5363,10.2295,8.9209,6.8517,6.7936,6.5855,8.0574,11.4196,10.9945,0.168,0.113,0.066,0.148,0.061,0.174
1/1/2026,18:10,4.2256,4.5410,5.2948,6.0017,9.6144,11.5336,5.5051,5.9950,7.5228,8.0060,12.3591,13.7639,0.122,0.166,0.191,0.155,0.136,0.087
1/1/2026,18:11,4.4291,4.5387,4.9101,6.3596,9.2721,11.3167,5.9055,5.8451,6.6348,8.4556,11.4732,12.4060,0.138,0.173,0.206,0.222,0.102,0.05
1/1/2026,18:12,5.4223,5.8026,6.6370,7.0777,9.3124,9.3124,6.3529,7.4423,8.1648,9.0014,11.1086,10.9431,0.08,0.137,0.126,0.155,0.111,0.125
1/1/2026,18:13,4.7378,5.0935,5.6885,5.9995,8.3147,9.7530,5.3552,5.5946,6.5855,6.8629,9.7530,11.2048,0.076,0.075,0.103,0.065,0.095,0.125
1/1/2026,18:14,2.9349,4.2189,4.7557,4.6774,7.7622,9.1289,4.1585,5.5454,5.8966,5.5185,8.8135,10.7351,0.223,0.12,0.1,0.107,0.087,0.113
1/1/2026,18:15,3.3353,4.0086,4.7445,4.9347,7.5765,8.3975,4.2077,4.8967,5.8474,6.5632,8.3975,9.6367,0.149,0.129,0.089,0.161,0.064,0.087
1/1/2026,18:16,2.8678,2.9192,4.0220,5.1136,7.3327,6.6012,3.4605,3.5500,5.3530,5.9167,8.2923,7.8606,0.131,0.111,0.132,0.101,0.064,0.11
1/1/2026,18:17,3.2234,3.7424,4.1875,4.6573,6.4222,5.4760,3.7088,4.5477,5.6975,7.4602,7.1985,6.4513,0.083,0.097,0.166,0.271,0.066,0.086
1/1/2026,18:18,3.3219,3.8520,4.4716,5.7959,6.4290,5.9301,4.2077,5.0465,5.6483,7.5094,7.2499,7.6011,0.174,0.167,0.193,0.164,0.063,0.154
1/1/2026,18:19,3.1496,3.4896,3.9862,4.9481,6.6101,4.4291,4.5566,4.1987,5.3038,6.0666,7.7711,6.0845,0.237,0.12,0.183,0.119,0.106,0.26
1/1/2026,18:20,3.7558,4.4112,5.0644,5.5677,5.5923,4.2703,4.9571,5.1964,5.8966,6.3641,6.5721,5.5118,0.222,0.15,0.092,0.066,0.082,0.201
1/1/2026,18:21,3.6440,4.2278,4.7177,5.0644,4.8228,3.7849,4.5566,5.0465,5.6975,5.9659,5.4268,5.4067,0.129,0.094,0.106,0.083,0.092,0.207
1/1/2026,18:22,3.4941,3.7648,4.1674,4.2681,5.0868,4.9436,4.1585,4.0489,4.4649,5.3686,6.4692,6.7645,0.086,0.054,0.06,0.116,0.155,0.195
1/1/2026,18:23,3.5724,3.5813,3.3845,4.0399,5.8831,5.7825,4.1093,3.9996,4.2681,5.4693,6.9367,6.6079,0.079,0.071,0.158,0.205,0.086,0.107
1/1/2026,18:24,3.0221,3.2816,3.4180,4.0354,5.9883,4.6864,3.7088,3.8498,4.1696,5.0711,7.6682,5.6684,0.134,0.131,0.118,0.131,0.137,0.105
1/1/2026,18:25,2.7246,2.7783,3.9102,5.5140,6.2925,4.9526,3.3107,3.4494,5.4514,6.3149,7.5631,5.7713,0.129,0.114,0.18,0.1,0.14,0.089
1/1/2026,18:26,2.6910,2.8342,3.3084,4.6730,6.3082,5.2613,3.5590,3.5992,3.7759,5.0711,7.0419,6.3999,0.164,0.148,0.097,0.061,0.101,0.185
1/1/2026,18:27,2.5054,2.8789,3.2547,4.1450,5.9704,4.2770,3.2615,3.7491,4.1696,5.4179,6.8853,5.1450,0.146,0.144,0.153,0.134,0.115,0.154
1/1/2026,18:28,2.9393,3.1496,3.8788,5.1696,5.0085,3.6596,3.3599,3.5008,4.5141,5.7176,6.3641,4.7266,0.116,0.075,0.107,0.071,0.085,0.158
1/1/2026,18:29,2.8253,3.2167,4.0712,4.5835,5.7758,4.1898,3.9102,3.9504,4.6126,5.1203,6.3126,5.3015,0.192,0.148,0.079,0.079,0.048,0.126
1/1/2026,18:30,3.2547,3.5612,4.2457,4.9973,5.7512,4.6394,3.8095,4.2994,5.0085,5.4179,6.3126,5.3015,0.123,0.143,0.125,0.077,0.053,0.082
1/1/2026,18:31,3.9817,4.1607,4.3508,5.0644,5.0935,4.5611,4.8072,4.6976,5.1069,6.0151,5.6348,5.2501,0.098,0.075,0.116,0.092,0.046,0.076
1/1/2026,18:32,4.4493,4.4023,4.2032,5.0130,5.3373,3.4717,5.0063,5.1964,5.1069,5.5677,5.9995,4.5701,0.08,0.084,0.09,0.065,0.073,0.155
1/1/2026,18:33,4.4001,4.2725,4.2189,4.4605,4.7938,4.2233,4.8564,4.8474,4.5141,4.9213,5.4783,5.2501,0.05,0.086,0.045,0.052,0.058,0.144
1/1/2026,18:34,4.0444,3.7156,4.4806,4.5991,4.0936,3.8744,5.0063,4.0981,4.8116,4.8206,4.5410,4.4135,0.118,0.073,0.055,0.028,0.052,0.084
1/1/2026,18:35,3.4874,3.9549,4.5701,4.5790,4.0198,4.0914,3.8095,4.6484,5.2054,4.7714,4.2278,4.9884,0.052,0.066,0.073,0.028,0.034,0.161
1/1/2026,18:36,3.6305,3.7737,4.0041,4.2144,3.2391,2.9505,4.4068,4.4985,4.3173,4.6215,3.9146,4.0489,0.107,0.084,0.055,0.066,0.121,0.139
1/1/2026,18:37,3.0221,3.5165,3.6999,3.8050,2.5971,2.5971,3.6596,3.8990,4.3173,4.3732,3.2905,3.0042,0.135,0.074,0.074,0.073,0.111,0.081
1/1/2026,18:38,3.7245,3.9236,4.4470,4.6416,3.4382,2.5098,4.2591,4.5969,5.1069,5.3194,4.2793,3.0042,0.058,0.062,0.099,0.101,0.128,0.129
1/1/2026,18:39,4.5701,4.8340,5.3060,5.8093,5.6058,2.8946,4.9571,5.1964,5.7981,6.5140,6.6258,3.4225,0.043,0.034,0.045,0.05,0.119,0.066
1/1/2026,18:40,4.0869,4.3061,4.7938,5.8093,6.9546,4.3106,4.6573,4.6484,5.3038,6.3149,7.5631,4.7803,0.077,0.028,0.054,0.055,0.045,0.062
1/1/2026,18:41,3.9817,4.4806,5.3261,6.4715,7.7711,5.2121,4.6081,5.1472,6.0934,7.4602,8.5026,5.6147,0.086,0.1,0.073,0.089,0.049,0.039
1/1/2026,18:42,3.5769,4.0712,4.9369,5.7623,6.8473,5.3664,4.0086,4.9481,5.5991,6.5632,7.9277,6.2947,0.086,0.111,0.074,0.062,0.085,0.08
1/1/2026,18:43,3.2279,3.3599,3.7670,4.1719,6.1672,4.9727,3.5098,3.6999,4.4157,5.2188,6.7824,5.5118,0.036,0.06,0.058,0.126,0.073,0.051
1/1/2026,18:44,2.8543,2.8678,3.2055,3.7446,6.4245,4.0824,3.1116,3.2011,4.3173,4.6215,6.9367,5.1964,0.067,0.062,0.105,0.103,0.052,0.108
1/1/2026,18:45,2.8051,3.1384,3.7871,4.4291,6.7108,3.3308,3.2615,4.1495,4.4649,5.0711,7.5631,3.9437,0.085,0.138,0.102,0.073,0.079,0.077
1/1/2026,18:46,2.8991,3.0087,3.6507,4.4537,6.3171,5.1897,3.4091,3.8006,4.3665,5.1696,7.0419,6.1382,0.122,0.128,0.087,0.073,0.086,0.133
1/1/2026,18:47,3.7267,3.6887,4.1450,4.7401,6.3663,5.9659,4.4068,4.4470,4.4649,5.2188,7.0419,6.3999,0.076,0.074,0.045,0.067,0.059,0.051
1/1/2026,18:48,4.2815,4.1831,4.1853,4.7155,6.6348,5.2792,4.7065,4.5969,4.5141,5.1696,7.2499,6.3462,0.052,0.052,0.041,0.066,0.053,0.078
1/1/2026,18:49,3.2749,2.9438,3.4270,3.9124,6.5565,5.4805,3.8095,3.6507,4.5141,4.6730,7.3550,6.5565,0.081,0.134,0.184,0.105,0.062,0.091
1/1/2026,18:50,2.6709,2.5591,2.8476,3.9862,5.3664,3.3778,3.0601,3.1518,3.2816,4.5723,6.2075,4.4672,0.06,0.109,0.073,0.081,0.078,0.111
1/1/2026,18:51,2.0446,2.1229,2.9371,3.7961,3.9974,3.6596,2.6127,3.1004,3.4292,4.1741,4.6439,4.2054,0.103,0.193,0.084,0.054,0.071,0.076
1/1/2026,18:52,1.8611,1.4518,2.0267,2.9953,3.6127,3.6798,2.1631,1.8544,2.8387,3.9750,4.3329,4.4135,0.077,0.153,0.166,0.138,0.146,0.088
1/1/2026,18:53,1.5480,1.2079,2.0065,3.1921,2.5166,3.2972,1.7649,1.4048,2.2951,3.6775,3.1854,4.2054,0.082,0.089,0.095,0.084,0.166,0.194
1/1/2026,18:54,1.8030,1.8432,2.6910,3.5366,2.8185,2.0871,2.0625,2.2526,3.1832,3.8252,3.3420,3.3174,0.083,0.175,0.116,0.067,0.133,0.294
1/1/2026,18:55,1.8768,2.2705,3.1787,3.6149,3.2301,2.5971,2.1139,2.5523,3.6261,3.8766,3.6015,3.0557,0.042,0.081,0.08,0.028,0.072,0.147
1/1/2026,18:56,2.3197,2.9035,3.9907,3.6127,2.9550,2.2481,2.5121,3.2503,4.2681,3.8766,3.5500,2.6373,0.034,0.075,0.036,0.036,0.123,0.092
1/1/2026,18:57,2.3219,3.1518,3.6999,3.9996,3.2972,2.6262,2.6127,3.3509,3.8252,4.3732,3.4986,3.1071,0.057,0.035,0.019,0.046,0.033,0.087
1/1/2026,18:58,2.5814,3.0154,3.6507,4.0064,2.9796,2.2034,2.6620,3.1518,3.8744,4.5231,3.2905,2.3779,0.018,0.022,0.025,0.052,0.067,0.063
1/1/2026,18:59,2.6798,2.7402,3.2078,3.6619,2.5121,1.4451,2.8118,2.8521,3.5276,3.9750,2.7156,1.9059,0.033,0.022,0.061,0.048,0.075,0.11
1/1/2026,19:00,2.1251,2.7604,3.3196,3.5455,2.0490,1.4361,2.4137,3.0512,3.7245,3.9258,2.4025,1.6978,0.08,0.079,0.082,0.063,0.081,0.137
1/1/2026,19:01,1.5211,1.8701,2.4852,3.1183,1.6553,0.5011,1.9640,2.7022,2.9371,3.7759,2.2459,0.9664,0.232,0.184,0.113,0.084,0.312,0.397
1/1/2026,19:02,0.6890,1.0089,1.4384,2.7022,0.5055,0.3400,0.8657,1.6039,1.9506,3.2279,0.7360,0.3400,0.071,0.297,0.187,0.12,0.173,0
1/1/2026,19:03,0.6666,0.7091,0.9775,2.1407,0.5413,0.3646,0.6666,0.7561,1.1118,2.4315,0.6308,0.4966,0,0.019,0.094,0.06,0.103,0.123
1/1/2026,19:04,0.9731,0.7673,1.0066,1.4898,0.6644,1.0536,2.1631,1.1565,1.5547,1.9842,0.8389,1.7493,0.536,0.149,0.216,0.14,0.182,0.357
1/1/2026,19:05,3.4628,2.1631,2.0446,1.2303,0.8500,1.7739,4.5074,3.2011,2.3443,1.5368,1.0491,2.1161,0.217,0.263,0.119,0.147,0.224,0.086
1/1/2026,19:06,4.1875,3.5388,2.4338,1.6732,1.1766,1.5681,4.4582,3.6999,2.9371,1.7851,1.4137,1.9596,0.036,0.022,0.1,0.047,0.131,0.117
1/1/2026,19:07,4.0153,3.4829,2.6754,1.4786,1.4026,1.8790,4.2077,3.6507,2.9863,1.8343,1.5166,2.1676,0.022,0.021,0.043,0.183,0.045,0.117
1/1/2026,19:08,3.7402,3.1451,2.2436,0.7404,1.4227,1.9461,3.9102,3.4001,2.4919,0.7404,1.6218,2.1161,0.02,0.059,0.065,0,0.072,0.036
1/1/2026,19:09,3.8386,3.3084,2.6463,0.7404,1.4831,1.9305,3.9594,3.5008,2.9863,0.7404,1.5703,2.0625,0.019,0.028,0.063,0,0.024,0.049
1/1/2026,19:10,3.9773,3.1384,2.7783,0.7404,1.5211,2.0871,4.2591,3.5008,2.9371,0.7404,1.5703,2.2213,0.028,0.061,0.039,0,0.024,0.05
1/1/2026,19:11,4.5566,3.7402,3.0557,0.7404,1.6173,2.6843,4.7580,4.1987,3.3800,0.7404,1.7269,3.1071,0.023,0.071,0.05,0,0.041,0.124
1/1/2026,19:12,4.8474,4.4291,3.8677,2.7626,2.2615,3.3733,5.3060,4.7468,4.3173,3.3778,2.7693,3.8386,0.05,0.027,0.071,0.217,0.149,0.066
1/1/2026,19:13,5.2948,5.0264,4.4023,3.7021,2.9281,4.0511,5.6550,5.4469,4.7624,4.0242,3.0803,4.4672,0.034,0.04,0.038,0.051,0.034,0.065
1/1/2026,19:14,4.9392,5.2054,5.0711,4.1227,3.3822,3.8610,5.6058,5.7445,5.6975,4.7714,3.6015,3.9952,0.078,0.052,0.063,0.056,0.04,0.018
1/1/2026,19:15,3.5858,4.1696,4.4202,5.5319,3.4919,3.3196,4.1093,4.6484,5.5006,6.3641,3.9661,3.8923,0.08,0.075,0.08,0.059,0.064,0.115
1/1/2026,19:16,3.4494,3.9124,4.9682,6.3082,3.6999,2.6843,3.9102,4.6976,5.8474,6.7130,4.2793,2.7939,0.073,0.089,0.088,0.032,0.042,0.027
1/1/2026,19:17,3.8296,4.1115,4.4493,5.6304,5.0913,2.3846,4.3576,5.0465,5.7981,6.4647,5.8966,2.6373,0.078,0.096,0.17,0.113,0.077,0.039
1/1/2026,19:18,2.9080,3.4292,3.7759,4.9011,5.0980,2.6530,3.1608,4.0981,4.5634,5.8160,5.6348,3.0557,0.076,0.085,0.111,0.084,0.079,0.078
1/1/2026,19:19,2.8476,3.4180,4.1585,5.0823,3.8185,3.6529,3.5098,3.8498,4.7110,5.3686,4.4358,4.2569,0.13,0.058,0.06,0.038,0.087,0.126
1/1/2026,19:20,2.6664,3.2279,4.3218,5.3709,4.5030,4.4560,2.9125,3.9996,5.0577,5.6684,4.8519,4.8318,0.063,0.122,0.07,0.035,0.06,0.057
1/1/2026,19:21,4.0108,4.4873,5.5252,5.2635,4.7669,4.2189,4.9078,5.2456,6.3887,5.5677,5.2188,4.6752,0.163,0.102,0.089,0.035,0.05,0.069
1/1/2026,19:22,4.4202,4.8832,6.7108,7.1761,5.2635,4.1204,4.7065,5.5454,7.3752,8.1559,5.5834,5.2501,0.037,0.072,0.05,0.095,0.044,0.162
1/1/2026,19:23,3.8185,4.1764,5.3686,5.3015,5.7556,5.3329,4.2077,4.6484,6.2903,6.7623,6.4155,7.2343,0.078,0.058,0.069,0.112,0.067,0.135
1/1/2026,19:24,3.5925,4.3486,5.2904,4.9324,6.2455,8.2006,4.6573,5.8451,6.8831,6.8629,7.4579,9.1155,0.097,0.132,0.132,0.202,0.147,0.049
1/1/2026,19:25,5.0756,5.3194,5.6035,5.7266,7.2745,8.0239,5.9055,5.9950,6.6840,6.4647,7.8763,9.0618,0.083,0.069,0.08,0.092,0.058,0.079
1/1/2026,19:26,4.5522,4.6484,5.2948,6.2992,7.6190,8.5361,5.5543,5.5946,5.7981,7.0106,8.7621,9.5338,0.147,0.143,0.066,0.083,0.083,0.067
1/1/2026,19:27,4.2614,4.0981,4.3889,4.9168,7.8248,9.1155,4.9571,4.3978,5.4514,6.4133,8.8135,10.1602,0.088,0.034,0.104,0.121,0.062,0.047
1/1/2026,19:28,2.9953,3.3532,3.9460,4.7266,8.1760,9.3370,3.9102,4.0489,4.4157,5.3686,9.6479,9.9499,0.177,0.103,0.075,0.053,0.08,0.025
1/1/2026,19:29,2.9058,3.2682,4.4783,6.0196,9.2721,8.8046,4.1585,4.1495,5.5006,7.3595,10.3771,9.2721,0.146,0.105,0.109,0.076,0.05,0.024
1/1/2026,19:30,3.3084,3.8006,4.8094,5.1852,8.4601,7.8830,3.8095,4.3978,5.6975,6.5140,8.9701,8.4355,0.107,0.085,0.107,0.163,0.051,0.039
1/1/2026,19:31,3.1563,3.3397,3.6708,5.1606,8.0865,7.8449,3.4091,3.8990,4.7110,5.9659,8.7106,8.5921,0.048,0.074,0.134,0.084,0.038,0.05
1/1/2026,19:32,2.3980,2.9528,3.5702,4.6081,7.0821,6.7421,3.0109,3.5008,4.3173,5.4693,8.0843,7.2857,0.143,0.175,0.152,0.086,0.083,0.049
1/1/2026,19:33,1.3198,1.7426,2.7425,4.6953,5.6304,6.3104,1.7135,2.0043,3.6261,5.9167,7.5116,6.7130,0.181,0.108,0.122,0.126,0.113,0.038
1/1/2026,19:34,1.5122,1.4809,2.7581,3.9795,6.1337,6.4178,2.1631,1.7538,3.2816,4.6215,6.7287,7.1828,0.21,0.151,0.083,0.072,0.091,0.071
1/1/2026,19:35,3.6104,3.4650,3.1295,3.8542,7.4177,6.6750,4.3083,4.8474,4.8116,5.1696,8.5026,7.4960,0.138,0.265,0.288,0.177,0.091,0.077
1/1/2026,19:36,3.7871,4.0578,4.5634,4.9257,6.7533,7.4311,4.1585,4.8967,5.5991,5.5185,7.8248,7.9657,0.071,0.099,0.165,0.079,0.08,0.037
1/1/2026,19:37,3.4158,3.6373,4.6059,4.9861,6.2299,6.7019,4.4582,4.6484,5.9950,5.7176,7.1985,7.2857,0.155,0.14,0.191,0.084,0.051,0.043
1/1/2026,19:38,2.6843,2.5926,3.1451,4.3151,5.8921,6.0442,3.0601,2.8029,3.7245,5.0711,6.6773,7.0777,0.065,0.055,0.11,0.109,0.075,0.085
1/1/2026,19:39,2.2929,2.7671,3.6059,4.0578,5.2434,5.9592,3.0109,3.5500,4.5141,5.1203,6.3126,6.6594,0.152,0.149,0.107,0.141,0.142,0.062
1/1/2026,19:40,2.4226,2.5658,2.8924,3.5925,4.2323,5.9570,3.2100,3.3017,3.2324,4.4739,4.6976,6.9211,0.232,0.157,0.085,0.128,0.06,0.108
1/1/2026,19:41,2.5904,2.8275,3.2682,4.2144,5.2568,4.5857,3.0601,4.6976,4.8116,4.6730,5.9480,5.0935,0.088,0.232,0.127,0.059,0.077,0.094
1/1/2026,19:42,3.4247,4.5589,5.0443,5.1763,5.0555,3.5567,4.1585,5.5454,6.2411,5.9167,6.4692,4.0489,0.13,0.173,0.154,0.117,0.15,0.075
1/1/2026,19:43,2.4830,3.2480,4.2815,4.8497,6.3082,5.1785,3.0601,3.9996,5.2054,5.5677,6.7287,6.5028,0.127,0.13,0.086,0.051,0.044,0.177
1/1/2026,19:44,3.0780,3.5433,4.2658,3.9974,6.2299,6.5117,4.1585,4.0981,5.1561,5.3686,7.1470,7.3908,0.117,0.073,0.106,0.157,0.089,0.052
1/1/2026,19:45,4.9481,4.9884,4.9347,4.6909,5.5722,5.4917,6.3037,6.3440,6.1918,5.6684,6.6773,6.3462,0.176,0.191,0.135,0.096,0.114,0.1
1/1/2026,19:46,5.4067,5.4380,5.1807,5.4984,4.5835,4.2166,6.5028,6.6437,6.1918,6.0666,5.7914,4.8832,0.165,0.175,0.161,0.039,0.147,0.077
1/1/2026,19:47,3.3576,3.5433,4.1294,4.4649,4.5835,4.3083,3.8095,3.8990,4.8609,5.3194,5.7400,5.1450,0.047,0.049,0.083,0.081,0.127,0.105
1/1/2026,19:48,2.6463,2.7671,3.1899,3.6440,3.6954,3.4292,3.1116,3.4001,3.6753,3.9750,5.3217,4.7266,0.114,0.108,0.081,0.046,0.178,0.179
1/1/2026,19:49,2.0557,2.3689,2.9707,3.1205,1.6643,2.4964,2.5121,2.8521,3.1832,3.5769,3.4986,3.6820,0.102,0.099,0.038,0.082,0.606,0.323
1/1/2026,19:50,1.9707,1.9573,2.2302,2.0222,1.4070,2.8968,2.4137,2.5523,2.7380,2.9796,2.5076,3.7357,0.138,0.136,0.11,0.281,0.393,0.169
1/1/2026,19:51,1.3690,1.5144,2.1944,1.8388,1.1207,2.4092,1.6643,1.8052,2.3935,2.2839,1.6732,2.9505,0.123,0.1,0.059,0.15,0.317,0.121
1/1/2026,19:52,0.9843,1.6419,2.3354,1.5368,1.8432,1.9484,1.4160,2.0535,2.7380,2.7313,2.5591,2.5344,0.268,0.184,0.158,0.509,0.271,0.137
1/1/2026,19:53,1.4898,1.9238,2.5121,1.2303,1.0715,1.6688,1.9640,2.2034,3.1339,2.4830,1.5703,2.0625,0.185,0.087,0.128,0.44,0.338,0.117
1/1/2026,19:54,1.2415,1.2795,1.3690,0.7471,0.7337,1.0424,1.9148,1.9551,1.8522,0.8903,0.9440,1.7493,0.292,0.341,0.212,0.036,0.14,0.397
1/1/2026,19:55,0.6823,0.7225,0.8344,0.7404,0.4474,1.2907,0.7673,0.8075,1.0625,0.7404,0.6308,1.7493,0.039,0.04,0.062,0,0.105,0.21
1/1/2026,19:56,0.6733,0.7315,0.8970,0.7404,0.4317,1.3735,0.7158,0.8075,1.0133,0.7404,0.4742,2.2727,0.027,0.04,0.072,0,0.047,0.448
1/1/2026,19:57,0.7404,0.8008,1.2012,0.7404,0.8635,2.7089,1.3645,0.9574,1.4070,0.7404,1.6732,3.6305,0.224,0.092,0.082,0,0.49,0.219
1/1/2026,19:58,1.4898,1.1789,1.6218,0.7494,1.8544,3.0087,2.0132,1.6039,2.1967,0.9395,2.5591,3.3174,0.152,0.15,0.132,0.048,0.198,0.068
1/1/2026,19:59,1.9998,2.1452,2.4785,2.1050,2.2280,2.9483,2.4137,2.4025,2.6396,2.4830,2.8208,3.1071,0.103,0.086,0.058,0.141,0.137,0.04
1/1/2026,20:00,2.5479,2.5412,2.8141,2.8185,1.9864,2.6127,2.6620,2.6530,3.0355,2.9796,2.8722,2.9505,0.028,0.03,0.039,0.048,0.248,0.086
