DATE (MM/DD/YYYY),MST,Avg Wind Speed @ 2m [m/s],Avg Wind Speed @ 5m [m/s],Avg Wind Speed @ 10m [m/s],Avg Wind Speed @ 20m [m/s],Avg Wind Speed @ 50m [m/s],Avg Wind Speed @ 80m [m/s],Peak Wind Speed @ 2m [m/s],Peak Wind Speed @ 5m [m/s],Peak Wind Speed @ 10m [m/s],Peak Wind Speed @ 20m [m/s],Peak Wind Speed @ 50m [m/s],Peak Wind Speed @ 80m [m/s],Turbulence Intensity @ 2m,Turbulence Intensity @ 5m,Turbulence Intensity @ 10m,Turbulence Intensity @ 20m,Turbulence Intensity @ 50m,Turbulence Intensity @ 80m
1/1/2026,04:00,7.090993184,7.320011776,7.588012256,8.339978239999999,10.699991807999998,11.110016896,9.640015264,9.860003648,9.649984256,10.590019968,13.940003616,13.300021152,0.239,0.198,0.186,0.198,0.168,0.113
1/1/2026,04:01,7.404010592,8.079979776,8.88000256,9.389985792,11.56000736,11.340018976,10.439993344,11.850002208,11.51999728,11.920008672,15.099983008,13.720015232,0.26,0.258,0.225,0.164,0.114,0.101
1/1/2026,04:02,8.030000703999999,8.950009024,9.730004416,10.859987424,12.269996288,12.4400056,10.9100112,10.980017664,13.000012608,13.769994304,14.700016320000001,14.999980160000002,0.175,0.16,0.175,0.142,0.087,0.102
1/1/2026,04:03,7.139988768,7.899017983999999,8.240020096,8.4199984,9.630001567999999,10.309994112,8.750003328,10.130015808,10.710005504,10.299980416,13.399979296,13.109984448,0.146,0.152,0.158,0.108,0.122,0.141
1/1/2026,04:04,5.641018944,6.337999008,6.651016416,6.851022112,7.8109958079999995,7.769018751999999,7.589979232,8.079979776,8.790013408,9.229990176,11.089989504,10.63999904,0.152,0.139,0.147,0.197,0.265,0.173
1/1/2026,04:05,3.375017888,3.492991744,3.7119966399999997,4.102977824,5.114986976,6.2119784319999996,4.669019872,4.821013472,4.9290183359999995,6.0049989120000005,6.7359987199999996,9.25998656,0.223,0.259,0.242,0.216,0.13,0.229
1/1/2026,04:06,2.16501472,2.480982592,2.870980288,3.3009880639999998,4.951012704,6.4890091199999995,2.750994752,4.0179955199999995,4.288991168,5.871021024,6.573007936,8.65000048,0.128,0.172,0.19,0.317,0.151,0.17
1/1/2026,04:07,3.9879991359999996,4.583009376,4.832010656,6.0999949120000005,10.460020735999999,11.860015904,7.009989536,7.853017568,8.279985472,9.429995872,13.82001808,15.380008863999999,0.442,0.397,0.393,0.339,0.205,0.172
1/1/2026,04:08,6.933009247999999,7.4669985279999995,8.289999168,8.820009792,10.740001888,12.410009216,9.619987872000001,9.879986336,10.599988960000001,10.989986656,12.419978208,14.229998464000001,0.167,0.137,0.132,0.151,0.064,0.095
1/1/2026,04:09,5.741021792,6.213990111999999,6.882001984,7.76799056,10.209991264,11.37001536,7.255995648000001,8.679996864,9.689994336,11.590003744,13.100015456,14.400007775999999,0.149,0.179,0.195,0.185,0.152,0.078
1/1/2026,04:10,6.3549865279999995,6.960993952,7.526007808,8.330009248,10.439993344,11.79000944,7.902013152,8.609990400000001,9.689994336,10.919980191999999,12.889996064,14.47001424,0.138,0.119,0.116,0.151,0.132,0.137
1/1/2026,04:11,5.618979872,6.234017504,6.993002015999999,7.895978112,9.510016032,10.399983264,7.299984383999999,7.91998416,9.689994336,10.409996959999999,11.349987967999999,12.499998368,0.136,0.123,0.161,0.159,0.096,0.106
1/1/2026,04:12,9.090021952,10.320007808,11.639982816,12.919992448,16.19000064,17.38002112,12.139997056,13.04999168,14.939987392,17.040002496,18.949980896,19.300013216,0.233,0.186,0.166,0.186,0.086,0.076
1/1/2026,04:13,9.819993568,10.610002655999999,11.24998512,12.120014368,13.580002304,14.879994624,13.720015232,13.580002304,14.630009856,14.790005471999999,17.38002112,17.870021664,0.16,0.154,0.141,0.129,0.15,0.131
1/1/2026,04:14,8.50001856,9.280013952000001,10.109988416,10.9100112,13.290007456,14.140009311999998,11.56000736,12.050007904000001,12.580018528,12.879982367999999,16.239979712,16.330013568000002,0.147,0.177,0.159,0.128,0.099,0.082
1/1/2026,04:15,8.549997632,9.199993791999999,9.960006496,10.929993888,12.499998368,12.94001984,11.360001664,11.730016672,11.83001952,12.499998368,14.979997472,15.329985088,0.129,0.137,0.119,0.091,0.118,0.087
1/1/2026,04:16,6.4430087039999995,7.169985151999999,7.666020735999999,8.390002016,11.649996512000001,14.01001008,8.260002784,9.120018336,9.630001567999999,10.499986112,14.189988384,17.519989344,0.138,0.127,0.13,0.128,0.122,0.124
1/1/2026,04:17,9.069994560000001,9.280013952000001,9.860003648,10.87000112,14.449986848,15.429987936,11.960018752,13.030008992,13.200018304,13.680005152,17.219980800000002,17.430000192,0.183,0.198,0.167,0.15,0.101,0.085
1/1/2026,04:18,11.010014047999999,11.860015904,12.510012064,13.560019616,15.780020256000002,16.720011264,13.829987072,14.119981919999999,15.670003711999998,16.769990336,18.949980896,19.630018143999997,0.117,0.106,0.112,0.104,0.091,0.118
1/1/2026,04:19,10.529982496,11.010014047999999,11.500014592,12.220017216,14.089985536,14.860011936000001,13.079988064,14.189988384,15.030021248,13.989982688,15.749979167999998,16.869993184,0.1,0.118,0.114,0.089,0.073,0.085
1/1/2026,04:20,10.590019968,11.620000128000001,12.90000976,13.850014464,15.359981472,15.849982015999998,12.559991136,14.119981919999999,15.870009408,16.88000688,17.939983424,17.240008191999998,0.123,0.111,0.117,0.112,0.088,0.065
1/1/2026,04:21,11.129999583999998,11.799978432,12.090017984,12.429991904,14.960014783999998,16.4600128,16.019991328,16.100011488,16.170017952000002,15.369995168,18.64000336,20.909983072,0.14,0.124,0.139,0.116,0.119,0.103
1/1/2026,04:22,11.389998047999999,12.470001984,13.32000384,15.199985855999998,18.060013664,19.850006527999998,14.609982464000002,15.930002176,15.689986399999999,18.750019904,20.389986143999998,21.539996543999997,0.182,0.146,0.12,0.138,0.079,0.057
1/1/2026,04:23,14.47001424,15.359981472,15.989994944,16.910003264,18.120006431999997,17.890004352,17.129991648,17.289987264,18.000020896,19.219993056,23.64998064,20.350020768,0.095,0.077,0.06,0.063,0.1,0.07
1/1/2026,04:24,10.109988416,10.789980960000001,11.319991583999998,12.139997056,12.94001984,13.030008992,13.139980831999999,13.46998576,14.589999775999999,14.839984544,15.290019712000001,16.14999056,0.125,0.111,0.104,0.096,0.113,0.128
1/1/2026,04:25,9.329993024,9.789997183999999,10.339990495999999,11.05999312,12.610014911999999,13.65997776,11.200006047999999,11.270012512,11.920008672,12.749983136,15.429987936,15.659990016,0.098,0.08,0.063,0.086,0.122,0.105
1/1/2026,04:26,8.560011328,9.579977792,10.569992576,12.280009984,15.369995168,15.429987936,12.90000976,13.759980608,14.609982464000002,15.619979936,17.830011583999998,17.199998112,0.204,0.175,0.152,0.138,0.079,0.06
1/1/2026,04:27,11.440021823999999,12.229986208,12.659993984,13.529978528,15.020007552,14.719999008,14.259994848,14.700016320000001,14.719999008,16.769990336,17.870021664,16.729980256,0.174,0.129,0.125,0.135,0.099,0.087
1/1/2026,04:28,13.209987296,13.929989919999999,14.670019936,15.380008863999999,16.650004799999998,15.840013024000001,16.509991872,17.129991648,17.739977728,19.959978368,21.27999808,17.830011583999998,0.136,0.149,0.155,0.169,0.115,0.065
1/1/2026,04:29,10.550009888,11.340018976,12.16999344,12.659993984,13.759980608,13.750011616,13.04999168,13.739997919999999,14.259994848,14.9300184,16.850010496,16.19000064,0.125,0.126,0.109,0.121,0.141,0.124
1/1/2026,04:30,11.389998047999999,11.769982048000001,12.210003519999999,13.65997776,14.57998608,14.349984000000001,14.24001216,14.370011391999999,14.500010624,15.459984319999998,16.98997872,17.099995264,0.108,0.102,0.099,0.071,0.108,0.094
1/1/2026,04:31,9.29999664,10.090005728,10.409996959999999,11.080020511999999,12.759996831999999,13.46998576,11.60001744,12.510012064,12.67000768,14.059989152,16.550001952,16.79998672,0.157,0.146,0.154,0.171,0.162,0.119
1/1/2026,04:32,11.630013823999999,12.090017984,11.899981279999999,11.969987743999999,14.149978304,14.509979616,14.119981919999999,13.920020928,13.529978528,13.899993536,16.170017952000002,15.629993631999998,0.108,0.075,0.071,0.108,0.089,0.062
1/1/2026,04:33,9.29999664,9.600005183999999,10.390014272,11.809992128,12.85999968,13.350000223999999,12.050007904000001,12.220017216,13.439989376,15.680017408000001,16.170017952000002,16.400020032,0.18,0.166,0.169,0.154,0.115,0.132
1/1/2026,04:34,7.8119792960000005,8.50001856,8.999988096000001,9.11000464,10.330021504000001,11.620000128000001,9.979989184,10.399983264,10.859987424,11.389998047999999,12.700004064,15.469998016000002,0.139,0.138,0.183,0.211,0.13,0.156
1/1/2026,04:35,9.250017568,9.730004416,10.399983264,11.530010976,15.180003167999999,15.770006559999999,13.790021696,13.790021696,13.859983456,15.550018175999998,17.830011583999998,18.179999199999997,0.226,0.205,0.199,0.181,0.103,0.101
1/1/2026,04:36,8.669983168,9.270000256,10.100019424,11.049979424,12.499998368,12.350016448,11.230002432,11.240016128,11.899981279999999,12.550022144,14.449986848,14.419990464,0.107,0.121,0.102,0.09,0.099,0.097
1/1/2026,04:37,9.870017344,11.049979424,12.150010752,13.609998688000001,15.700000096,16.23001072,13.300021152,14.739981696,15.889992095999999,16.479995488,17.519989344,19.070011136,0.155,0.131,0.156,0.123,0.107,0.122
1/1/2026,04:38,11.630013823999999,12.629997600000001,13.430020384,13.850014464,15.389977856,15.209999552000001,14.349984000000001,15.749979167999998,16.219997023999998,16.439985408,17.76000512,17.38002112,0.098,0.083,0.076,0.075,0.075,0.079
1/1/2026,04:39,11.570021056,12.540008448,13.379996607999999,14.019979072,16.550001952,16.249993408,15.039990240000002,15.640007328000001,16.680001184,16.950013344,18.390018592,17.939983424,0.13,0.123,0.129,0.13,0.072,0.065
1/1/2026,04:40,8.890016256,9.640015264,10.079992032,10.940007584,11.799978432,12.02001152,12.180007135999999,12.849985984,13.420006687999999,14.61999616,16.239979712,15.729996479999999,0.151,0.159,0.16,0.16,0.212,0.179
1/1/2026,04:41,9.069994560000001,9.740018112,10.26001504,11.349987967999999,13.490013152,14.180019392,11.01998304,11.890012288,12.029980512,13.609998688000001,15.95999856,17.059985184000002,0.14,0.116,0.097,0.097,0.112,0.104
1/1/2026,04:42,9.559995104,10.279997728,11.379984352,12.489984672,13.409992992,13.580002304,11.869984896,12.289978976,13.55000592,15.3100024,15.710013792,15.559987168,0.11,0.098,0.087,0.095,0.106,0.11
1/1/2026,04:43,9.180011104,9.99000288,11.05999312,12.120014368,13.249997376,14.609982464000002,11.490000896,12.559991136,13.439989376,15.060017632,16.060001407999998,16.869993184,0.121,0.107,0.093,0.131,0.081,0.111
1/1/2026,04:44,10.339990495999999,11.349987967999999,12.199989824000001,12.719986752,14.159992,14.84999824,13.17002192,16.479995488,15.979981248000001,15.369995168,16.620008416,17.219980800000002,0.121,0.139,0.125,0.104,0.105,0.086
1/1/2026,04:45,9.630001567999999,10.659981728,11.6699792,12.8199896,14.140009311999998,14.28002224,12.499998368,13.09000176,13.840000768,14.790005471999999,15.4999944,17.059985184000002,0.132,0.118,0.093,0.08,0.054,0.096
1/1/2026,04:46,11.149982272,12.039994208,13.04999168,14.149978304,15.54000448,15.780020256000002,13.810004383999999,14.449986848,15.16002048,15.819985632,17.479979263999997,17.76000512,0.12,0.136,0.103,0.083,0.074,0.058
1/1/2026,04:47,8.959978015999999,9.640015264,10.469989728,11.01998304,12.730000447999998,14.070002848,12.879982367999999,12.94001984,13.369982912000001,13.929989919999999,16.79998672,18.290015744,0.171,0.155,0.145,0.115,0.135,0.109
1/1/2026,04:48,9.939979103999999,10.87000112,12.050007904000001,13.790021696,16.030005024,16.539988256,12.120014368,13.560019616,14.340015008,16.479995488,18.039986272,18.199981888,0.121,0.114,0.094,0.089,0.072,0.075
1/1/2026,04:49,11.230002432,11.890012288,12.540008448,13.190004607999999,14.639978848,15.220013247999999,13.920020928,14.430004160000001,16.369978944,16.660018496,17.240008191999998,17.240008191999998,0.145,0.14,0.111,0.118,0.097,0.068
1/1/2026,04:50,10.780011968,11.679992896,12.239999904,12.789993216,15.16002048,14.609982464000002,13.100015456,15.169989472,16.309986176,16.439985408,18.390018592,18.009989888,0.138,0.119,0.108,0.124,0.111,0.106
1/1/2026,04:51,11.509983584,12.120014368,12.629997600000001,14.01001008,16.219997023999998,15.030021248,14.530007007999998,16.04001872,16.590012031999997,17.219980800000002,18.829995359999998,18.41000128,0.148,0.164,0.199,0.124,0.104,0.125
1/1/2026,04:52,12.350016448,13.300021152,14.059989152,14.950001088,17.15001904,16.810000415999998,14.660006240000001,15.550018175999998,16.200014336,17.25999088,18.849978048,18.499990432,0.093,0.092,0.073,0.08,0.073,0.074
1/1/2026,04:53,11.230002432,11.999984128,12.90000976,14.540020704,17.06999888,17.559999424,14.549989696,14.570017087999998,16.330013568000002,16.479995488,18.179999199999997,19.319995904,0.143,0.123,0.129,0.087,0.043,0.069
1/1/2026,04:54,14.140009311999998,14.830015551999999,15.339998783999999,15.819985632,17.240008191999998,16.780004032,16.709997568,17.579982112,17.960010816,18.090010048,20.090022304,18.829995359999998,0.097,0.104,0.118,0.093,0.092,0.095
1/1/2026,04:55,11.440021823999999,11.83001952,12.840016992,14.040006464000001,14.869980927999999,14.570017087999998,13.139980831999999,14.050020159999999,15.139993087999999,15.459984319999998,15.91998848,15.450015328,0.084,0.1,0.1,0.059,0.048,0.063
1/1/2026,04:56,11.400011744,12.150010752,12.960002528,13.450003072,14.370011391999999,15.069986624,13.810004383999999,14.679988928,15.380008863999999,15.169989472,16.2700208,16.590012031999997,0.107,0.11,0.102,0.089,0.088,0.072
1/1/2026,04:57,8.92001264,9.540012416,10.069978336,10.989986656,12.329989055999999,13.430020384,11.14001328,12.090017984,12.649980288,12.770010528,14.189988384,14.979997472,0.116,0.115,0.119,0.11,0.11,0.07
1/1/2026,04:58,9.7600008,10.629985344,11.029996736000001,11.690006592,13.420006687999999,14.040006464000001,11.14001328,12.269996288,12.269996288,13.039977984,15.030021248,15.629993631999998,0.107,0.075,0.072,0.071,0.056,0.046
1/1/2026,04:59,8.779999712,9.579977792,10.130015808,10.899997504,12.340002752,12.640011295999999,10.729988192,11.440021823999999,12.619983904,12.919992448,14.730012704,14.820001856000001,0.117,0.104,0.11,0.089,0.096,0.067
1/1/2026,05:00,8.69001056,9.250017568,9.930010112,10.350004192,13.13001184,13.759980608,11.720002976,11.929977663999999,12.979985216,13.149994528,17.640019584,15.169989472,0.158,0.127,0.12,0.115,0.153,0.055
1/1/2026,05:01,10.039981952,10.689978112,11.51999728,12.159979744,12.689990368,12.380012832,11.799978432,13.139980831999999,13.639995072,14.479983231999999,15.169989472,14.070002848,0.092,0.1,0.089,0.104,0.102,0.08
1/1/2026,05:02,9.399999488,9.649984256,10.230018656,11.040010431999999,12.080004288000001,12.199989824000001,11.000000352,10.980017664,11.4799872,13.039977984,15.399991552,15.099983008,0.077,0.073,0.066,0.081,0.144,0.196
1/1/2026,05:03,8.769986015999999,9.61001888,9.860003648,10.82999104,13.17002192,14.170005695999999,11.110016896,11.909994976,12.250013599999999,13.460016768000001,14.660006240000001,15.139993087999999,0.135,0.156,0.152,0.114,0.055,0.034
1/1/2026,05:04,10.239987648,10.959990272,11.110016896,11.850002208,12.8199896,13.269980064,13.030008992,12.67000768,13.200018304,13.119998144,14.189988384,14.749995391999999,0.1,0.079,0.097,0.09,0.057,0.058
1/1/2026,05:05,10.030012959999999,10.290011424,10.710005504,11.490000896,12.580018528,12.619983904,12.629997600000001,13.32000384,13.260011072,13.300021152,14.960014783999998,14.700016320000001,0.109,0.119,0.14,0.123,0.119,0.114
1/1/2026,05:06,7.009989536,7.1319867519999995,7.301012576000001,8.699979552,10.959990272,11.850002208,10.109988416,9.819993568,10.149998495999998,11.51999728,14.170005695999999,13.669991456,0.217,0.226,0.231,0.191,0.117,0.078
1/1/2026,05:07,10.68000912,11.319991583999998,12.299992671999998,12.989998912,13.780007999999999,13.290007456,14.589999775999999,15.550018175999998,16.219997023999998,17.549985728,16.200014336,15.450015328,0.177,0.16,0.15,0.122,0.105,0.096
1/1/2026,05:08,7.669015904,8.339978239999999,8.869988864,10.109988416,13.019995296,13.609998688000001,8.969991712,9.700008032,10.039981952,12.459988288,15.359981472,15.910019488,0.108,0.095,0.073,0.094,0.09,0.078
1/1/2026,05:09,8.750003328,9.250017568,10.250001344,11.309977888,13.300021152,13.330017536,11.539979967999999,12.67000768,13.220000992,13.729984224,16.620008416,16.920016959999998,0.183,0.186,0.165,0.126,0.105,0.155
1/1/2026,05:10,8.579994016,9.140001024,9.689994336,10.100019424,11.149982272,10.789980960000001,11.739985664,11.820005823999999,12.559991136,12.229986208,13.680005152,12.879982367999999,0.192,0.174,0.121,0.113,0.102,0.099
1/1/2026,05:11,7.456001344,8.100007168,8.959978015999999,10.169981184000001,12.220017216,12.659993984,10.330021504000001,11.690006592,12.429991904,13.32000384,14.289991232,16.170017952000002,0.189,0.19,0.156,0.18,0.117,0.12
1/1/2026,05:12,7.686986912,8.460008479999999,9.270000256,10.63999904,12.310006368,12.85999968,10.780011968,11.579990048,11.37001536,12.719986752,14.400007775999999,15.190016864,0.202,0.167,0.128,0.084,0.087,0.079
1/1/2026,05:13,8.479991168,9.099990944,9.9499928,10.620016352,10.539996192,11.01998304,10.580006271999999,11.6699792,12.429991904,13.17002192,13.82001808,13.690018848,0.154,0.122,0.11,0.119,0.155,0.118
1/1/2026,05:14,8.779999712,9.700008032,10.460020735999999,11.409980736,12.499998368,12.529994752,12.180007135999999,13.09000176,14.229998464000001,15.440001632,15.989994944,15.030021248,0.142,0.152,0.166,0.178,0.182,0.164
1/1/2026,05:15,8.2300064,8.860019871999999,9.710021728000001,10.599988960000001,11.360001664,11.490000896,9.510016032,10.95002128,11.349987967999999,12.029980512,13.119998144,12.989998912,0.106,0.078,0.067,0.093,0.122,0.109
1/1/2026,05:16,8.319995552,8.899985248,9.429995872,10.55997888,12.800006911999999,13.249997376,11.83001952,12.689990368,12.649980288,13.119998144,14.820001856000001,15.629993631999998,0.152,0.126,0.137,0.112,0.074,0.11
1/1/2026,05:17,9.9499928,10.320007808,11.089989504,12.280009984,13.810004383999999,13.560019616,12.879982367999999,13.209987296,13.65997776,13.65997776,15.450015328,16.14999056,0.13,0.125,0.101,0.08,0.072,0.097
1/1/2026,05:18,8.999988096000001,10.030012959999999,10.710005504,11.960018752,13.55000592,13.32000384,11.400011744,12.450019296,13.82001808,14.330001312,15.120010399999998,15.280006016,0.12,0.111,0.131,0.113,0.075,0.082
1/1/2026,05:19,7.253983968,7.837013536,8.400015711999998,9.129987328,10.799994655999999,11.549993664,9.930010112,9.589991488,10.109988416,11.14001328,12.629997600000001,13.55000592,0.175,0.141,0.116,0.109,0.101,0.084
1/1/2026,05:20,8.869988864,9.52999872,10.239987648,11.379984352,12.489984672,13.950017312,11.000000352,11.999984128,12.71001776,14.259994848,14.700016320000001,16.379992639999998,0.13,0.116,0.116,0.147,0.093,0.083
1/1/2026,05:21,8.950009024,9.519985024,10.380000576,11.110016896,12.600001216,12.410009216,11.430008128,12.159979744,12.429991904,12.840016992,14.639978848,14.909991007999999,0.165,0.159,0.119,0.102,0.098,0.13
1/1/2026,05:22,7.67299456,8.019987008000001,8.549997632,9.169997407999999,9.919996416,10.049995648000001,8.88000256,10.060009344,10.350004192,11.1000032,12.190020832,11.590003744,0.108,0.128,0.122,0.115,0.114,0.078
1/1/2026,05:23,7.220992416,7.81001232,8.470022175999999,8.730020640000001,9.48998864,8.829978784,9.600005183999999,9.619987872000001,10.149998495999998,10.480003424,11.400011744,10.330021504000001,0.135,0.132,0.129,0.121,0.096,0.072
1/1/2026,05:24,6.608011168,7.228010944,8.000004319999999,8.750003328,9.80001088,10.279997728,7.791013120000001,9.389985792,10.239987648,10.970003968,12.680021376,14.140009311999998,0.103,0.152,0.139,0.108,0.146,0.194
1/1/2026,05:25,7.588012256,8.070010783999999,8.69001056,10.369986879999999,12.649980288,13.409992992,9.370003104,10.190008576,10.95002128,12.389981824,15.080000319999998,14.9300184,0.122,0.128,0.127,0.084,0.086,0.048
1/1/2026,05:26,8.630017792,9.459992256,10.100019424,11.089989504,12.649980288,12.329989055999999,11.579990048,12.419978208,13.109984448,12.949988831999999,15.989994944,13.810004383999999,0.186,0.163,0.139,0.105,0.13,0.061
1/1/2026,05:27,7.9579825600000005,8.590007712,9.090021952,9.749987103999999,10.279997728,10.030012959999999,9.730004416,11.440021823999999,11.590003744,11.969987743999999,12.719986752,13.529978528,0.111,0.133,0.13,0.119,0.114,0.151
1/1/2026,05:28,7.534009824000001,7.949980544,8.379988319999999,9.180011104,10.480003424,10.380000576,10.380000576,11.219988736000001,11.319991583999998,11.189992352,13.940003616,12.499998368,0.18,0.188,0.177,0.128,0.184,0.16
1/1/2026,05:29,6.400986944,6.8300112319999995,7.615013472000001,8.490004864,10.079992032,9.589991488,8.460008479999999,8.769986015999999,9.559995104,11.83001952,13.799990688000001,11.590003744,0.188,0.162,0.136,0.144,0.129,0.112
1/1/2026,05:30,7.951008736,8.83999248,9.749987103999999,10.840004736,11.649996512000001,12.480015680000001,10.529982496,11.2899952,11.630013823999999,13.260011072,13.539992224,15.420018944,0.111,0.125,0.103,0.098,0.112,0.113
1/1/2026,05:31,6.104018271999999,6.611989824,6.950980255999999,7.59498608,8.909998944,9.559995104,8.88000256,8.88000256,9.559995104,10.989986656,13.450003072,13.620012383999999,0.215,0.208,0.217,0.241,0.202,0.199
1/1/2026,05:32,6.608011168,7.5709800320000005,8.159999936,8.899985248,10.450007040000001,10.149998495999998,10.9100112,11.470018207999999,12.229986208,13.790021696,13.450003072,13.720015232,0.289,0.27,0.261,0.273,0.131,0.197
1/1/2026,05:33,8.339978239999999,9.189980096000001,9.34000672,9.90998272,11.56000736,11.839988512,10.200022272,11.309977888,11.739985664,11.79000944,13.190004607999999,14.609982464000002,0.12,0.125,0.137,0.122,0.071,0.093
1/1/2026,05:34,7.003015712,7.67098288,8.309981855999999,8.899985248,10.179994879999999,11.430008128,9.419982176,10.060009344,10.380000576,11.409980736,12.889996064,13.790021696,0.148,0.157,0.129,0.122,0.15,0.144
1/1/2026,05:35,8.14998624,8.809996095999999,9.879986336,10.820022048,12.239999904,12.480015680000001,10.130015808,11.639982816,12.029980512,13.300021152,14.24001216,14.47001424,0.086,0.116,0.097,0.116,0.123,0.085
1/1/2026,05:36,9.189980096000001,10.090005728,10.859987424,11.850002208,13.69998784,13.479999456,13.279993759999998,13.230014687999999,14.609982464000002,16.309986176,16.709997568,16.780004032,0.209,0.189,0.195,0.191,0.143,0.103
1/1/2026,05:37,8.720006944,9.429995872,10.149998495999998,10.769998271999999,12.340002752,12.310006368,11.93999136,12.310006368,12.8199896,14.189988384,16.409989024,16.030005024,0.207,0.192,0.161,0.167,0.148,0.148
1/1/2026,05:38,7.390018239999999,8.010018016,8.600021408,9.549981408,10.940007584,11.149982272,9.440009568,10.350004192,10.000016576,11.080020511999999,13.82001808,13.840000768,0.107,0.13,0.111,0.086,0.098,0.122
1/1/2026,05:39,7.434990463999999,8.430012095999999,9.020015488,9.589991488,10.169981184000001,10.290011424,9.710021728000001,10.330021504000001,10.350004192,10.629985344,12.930006144,12.499998368,0.115,0.1,0.083,0.078,0.121,0.112
1/1/2026,05:40,7.783994591999999,8.829978784,9.600005183999999,10.439993344,13.560019616,13.859983456,10.820022048,12.110000672,13.82001808,15.930002176,17.709981344000003,17.57001312,0.132,0.164,0.197,0.247,0.15,0.118
1/1/2026,05:41,11.2899952,12.009997824000001,13.04999168,14.029992768,14.460000544,14.159992,15.819985632,16.509991872,18.580010592,19.270016832,17.310014656,16.890020576,0.171,0.172,0.15,0.123,0.13,0.116
1/1/2026,05:42,8.4199984,9.220021184,9.779983488,11.049979424,11.809992128,13.030008992,12.519981055999999,12.94001984,12.840016992,13.460016768000001,13.88997984,15.629993631999998,0.198,0.188,0.158,0.123,0.102,0.116
1/1/2026,05:43,8.27001648,8.88000256,9.579977792,10.360017888,12.190020832,13.690018848,9.819993568,10.439993344,11.349987967999999,12.770010528,14.47001424,16.850010496,0.108,0.114,0.101,0.096,0.096,0.132
1/1/2026,05:44,7.586984063999999,8.249989088,9.169997407999999,10.350004192,12.619983904,13.260011072,10.179994879999999,10.369986879999999,11.279981504,12.259982592,15.290019712000001,15.450015328,0.145,0.138,0.112,0.119,0.116,0.106
1/1/2026,05:45,8.249989088,9.069994560000001,10.009985568,10.899997504,13.030008992,14.050020159999999,11.430008128,11.890012288,12.320020064,14.950001088,15.659990016,16.729980256,0.135,0.146,0.141,0.173,0.137,0.131
1/1/2026,05:46,6.2400078400000005,6.903012864,7.578982048,8.449994784,11.1000032,11.749999359999999,10.269984031999998,9.52999872,9.689994336,11.189992352,14.119981919999999,16.309986176,0.266,0.177,0.123,0.152,0.178,0.212
1/1/2026,05:47,6.048987648,6.5320143680000005,7.196986368,8.620004095999999,9.84002096,10.49001712,7.813007488,8.769986015999999,9.010001792,10.390014272,11.649996512000001,13.599984992,0.142,0.154,0.136,0.113,0.107,0.144
1/1/2026,05:48,7.1140157440000005,7.729992159999999,8.460008479999999,9.29999664,11.720002976,11.969987743999999,9.440009568,10.109988416,11.010014047999999,11.630013823999999,16.130007872,15.870009408,0.231,0.206,0.177,0.171,0.172,0.159
1/1/2026,05:49,8.100007168,8.530014944,9.210007488,9.640015264,10.95002128,10.740001888,9.860003648,10.309994112,11.010014047999999,11.79000944,12.719986752,13.529978528,0.11,0.099,0.096,0.095,0.084,0.115
1/1/2026,05:50,6.1659780159999995,6.711992672,7.136010112,8.409984704,11.4799872,13.13001184,8.370019328,8.50001856,9.7600008,10.989986656,14.24001216,15.239995935999998,0.138,0.127,0.147,0.132,0.102,0.087
1/1/2026,05:51,9.540012416,10.810008352,12.12998336,13.390010304,16.249993408,17.129991648,14.639978848,16.019991328,17.080012575999998,17.129991648,19.430012448,20.090022304,0.239,0.215,0.186,0.206,0.193,0.128
1/1/2026,05:52,13.669991456,14.310018623999998,15.389977856,16.669987488,18.399987583999998,18.740006208,16.959982336,18.689982432,19.590008064,19.890016608,21.620016704,21.490017472,0.112,0.109,0.099,0.09,0.082,0.069
1/1/2026,05:53,11.56000736,12.39999552,13.109984448,14.059989152,15.469998016000002,15.169989472,14.820001856000001,15.550018175999998,17.479979263999997,17.839980576,18.919984512,18.339994815999997,0.147,0.145,0.141,0.133,0.113,0.092
1/1/2026,05:54,9.519985024,10.729988192,11.570021056,12.210003519999999,13.840000768,14.460000544,14.059989152,14.300004928,16.170017952000002,18.199981888,20.48002,19.769986368,0.149,0.154,0.178,0.223,0.231,0.184
1/1/2026,05:55,9.870017344,10.759984576,11.890012288,13.139980831999999,14.479983231999999,14.830015551999999,12.700004064,13.609998688000001,14.28002224,16.309986176,17.15001904,17.289987264,0.154,0.136,0.101,0.092,0.084,0.079
1/1/2026,05:56,9.470005952000001,10.480003424,11.4799872,13.139980831999999,15.009993856,15.729996479999999,11.960018752,12.67000768,13.680005152,15.770006559999999,17.660002272,17.689998655999997,0.123,0.11,0.109,0.103,0.097,0.086
1/1/2026,05:57,10.469989728,11.33000528,12.060021599999999,12.67000768,12.580018528,12.770010528,12.450019296,13.139980831999999,13.950017312,14.900022016,15.290019712000001,14.999980160000002,0.12,0.116,0.102,0.103,0.105,0.117
1/1/2026,05:58,9.270000256,10.019999264,11.129999583999998,12.329989055999999,15.020007552,15.489980704,12.269996288,12.94001984,13.479999456,15.060017632,17.549985728,17.44998288,0.125,0.131,0.114,0.123,0.079,0.091
1/1/2026,05:59,7.445987647999999,7.915022016,8.049983392,8.890016256,12.239999904,13.399979296,10.469989728,11.110016896,12.050007904000001,11.279981504,16.2700208,17.199998112,0.217,0.216,0.201,0.119,0.165,0.146
1/1/2026,06:00,10.499986112,11.340018976,12.340002752,13.23998368,13.850014464,14.410021471999999,15.619979936,15.640007328000001,16.170017952000002,16.550001952,17.8000152,16.360009952,0.203,0.181,0.152,0.129,0.153,0.104
1/1/2026,06:01,11.119985888,11.700020288,11.850002208,12.740014144,14.419990464,15.080000319999998,14.080016544,14.01001008,14.080016544,14.589999775999999,16.709997568,19.110021216,0.123,0.102,0.096,0.101,0.076,0.107
1/1/2026,06:02,10.539996192,11.440021823999999,12.250013599999999,13.200018304,14.519993312,15.339998783999999,13.810004383999999,13.920020928,14.319987615999999,15.529990784,16.379992639999998,17.219980800000002,0.158,0.131,0.109,0.1,0.075,0.04
1/1/2026,06:03,9.410013184,10.100019424,10.580006271999999,11.570021056,13.780007999999999,14.359997695999999,12.810020608,13.850014464,14.300004928,14.9300184,15.640007328000001,16.19000064,0.205,0.179,0.169,0.145,0.11,0.078
1/1/2026,06:04,6.129007808,6.928985888000001,7.589979232,8.189996319999999,9.970020192,11.609986432,8.14998624,8.630017792,10.620016352,10.82999104,13.17002192,15.239995935999998,0.215,0.179,0.206,0.19,0.184,0.139
1/1/2026,06:05,8.790013408,9.749987103999999,10.669995424,11.969987743999999,13.039977984,13.09000176,12.380012832,12.629997600000001,13.309990143999999,15.129979392,17.830011583999998,15.139993087999999,0.146,0.174,0.165,0.156,0.138,0.081
1/1/2026,06:06,8.400015711999998,9.470005952000001,10.269984031999998,11.389998047999999,13.200018304,14.089985536,12.320020064,12.960002528,13.000012608,13.840000768,15.290019712000001,17.709981344000003,0.22,0.19,0.142,0.115,0.108,0.095
1/1/2026,06:07,8.88000256,9.459992256,9.939979103999999,10.569992576,12.800006911999999,13.609998688000001,10.580006271999999,11.2899952,11.79000944,12.570004832,14.519993312,15.350012480000002,0.108,0.107,0.088,0.103,0.073,0.092
1/1/2026,06:08,8.200010016,9.129987328,10.009985568,11.799978432,13.750011616,14.289991232,11.430008128,11.929977663999999,13.070019072,14.660006240000001,15.91998848,17.38002112,0.151,0.136,0.125,0.138,0.087,0.105
1/1/2026,06:09,8.289999168,9.129987328,9.900013728000001,11.379984352,13.829987072,14.749995391999999,11.630013823999999,11.98000144,12.759996831999999,14.389994080000001,16.639991104,17.500006656,0.164,0.151,0.143,0.14,0.116,0.093
1/1/2026,06:10,10.620016352,11.460004512,12.199989824000001,14.289991232,17.06999888,18.199981888,13.430020384,14.479983231999999,14.960014783999998,17.459996575999998,19.880002912000002,21.190008928,0.129,0.147,0.133,0.134,0.098,0.074
1/1/2026,06:11,10.780011968,11.700020288,12.199989824000001,13.569988608,16.060001407999998,16.079984096,15.420018944,16.680001184,16.200014336,17.15001904,20.440009919999998,19.300013216,0.166,0.169,0.144,0.125,0.131,0.117
1/1/2026,06:12,7.569013056,8.289999168,8.760017024,9.48998864,12.009997824000001,12.099986976,9.52999872,10.109988416,10.239987648,10.769998271999999,15.870009408,14.909991007999999,0.137,0.106,0.093,0.083,0.155,0.112
1/1/2026,06:13,9.069994560000001,9.540012416,10.269984031999998,10.689978112,11.920008672,12.889996064,12.380012832,13.339986527999999,13.859983456,14.129995616,14.289991232,15.870009408,0.185,0.196,0.204,0.17,0.082,0.116
1/1/2026,06:14,8.240020096,9.189980096000001,9.979989184,11.309977888,13.799990688000001,15.659990016,15.150006784,16.260007104,16.42000272,16.330013568000002,19.950009376,20.21000784,0.241,0.265,0.26,0.245,0.229,0.172
1/1/2026,06:15,9.52999872,10.669995424,11.6699792,12.849985984,14.830015551999999,15.949984864,13.920020928,14.609982464000002,16.019991328,17.219980800000002,17.830011583999998,19.370019680000002,0.24,0.21,0.184,0.161,0.112,0.131
1/1/2026,06:16,12.159979744,12.970016224,14.089985536,15.810016639999999,18.669999744,19.449995136000002,19.93999568,20.270000608,18.64000336,18.980021983999997,22.5799904,23.359985792,0.219,0.19,0.141,0.109,0.098,0.076
1/1/2026,06:17,12.12998336,13.149994528,14.479983231999999,16.599981023999998,18.859991744,18.45001136,15.550018175999998,17.400003808,18.309998432,20.819993919999998,21.019999616,19.790013759999997,0.128,0.134,0.123,0.106,0.072,0.042
1/1/2026,06:18,10.95002128,11.690006592,12.239999904,13.09000176,14.739981696,15.399991552,14.059989152,15.550018175999998,16.479995488,17.730008736,18.459980352,18.689982432,0.155,0.156,0.155,0.148,0.109,0.114
1/1/2026,06:19,9.229990176,9.879986336,10.789980960000001,11.639982816,12.759996831999999,13.350000223999999,11.760013056,12.649980288,13.50999584,13.859983456,15.399991552,15.139993087999999,0.144,0.139,0.117,0.104,0.099,0.095
1/1/2026,06:20,10.039981952,10.769998271999999,11.440021823999999,12.949988831999999,14.170005695999999,16.060001407999998,13.430020384,14.099999232,15.759992864,18.309998432,20.229990528,21.680009472,0.131,0.111,0.12,0.121,0.181,0.145
1/1/2026,06:21,11.080020511999999,11.860015904,12.840016992,14.249981152,17.619992191999998,18.229978272,13.390010304,14.410021471999999,15.22998224,17.400003808,20.459992608,20.120018688,0.102,0.124,0.116,0.131,0.082,0.05
1/1/2026,06:22,12.009997824000001,12.949988831999999,13.780007999999999,15.480011712,18.109992736,17.969979807999998,15.930002176,18.069982656,18.179999199999997,19.149986591999998,21.019999616,22.240016479999998,0.132,0.156,0.146,0.128,0.076,0.144
1/1/2026,06:23,12.250013599999999,13.290007456,14.099999232,16.019991328,18.970008288,18.360022208,16.729980256,17.870021664,18.45001136,18.380004896,23.860000032,20.63000192,0.151,0.148,0.132,0.085,0.09,0.074
1/1/2026,06:24,13.17002192,14.509979616,15.759992864,17.010006112,17.630005888,15.95999856,18.380004896,19.920012992,20.519985375999998,23.58001888,24.84000112,20.559995456,0.208,0.201,0.201,0.18,0.186,0.141
1/1/2026,06:25,9.849989952,10.68000912,11.089989504,12.380012832,12.889996064,12.470001984,17.050016192,18.179999199999997,16.899989568,17.689998655999997,17.939983424,16.170017952000002,0.304,0.299,0.255,0.228,0.179,0.113
1/1/2026,06:26,6.5750196160000005,7.130019776,7.556004192,7.8910159680000005,9.649984256,10.970003968,10.090005728,10.729988192,10.68000912,11.119985888,11.769982048000001,14.330001312,0.171,0.151,0.116,0.128,0.131,0.152
1/1/2026,06:27,8.730020640000001,9.540012416,10.209991264,11.379984352,14.570017087999998,16.939999648,14.700016320000001,15.280006016,16.14999056,16.56998464,19.60002176,19.579994367999998,0.383,0.352,0.336,0.259,0.173,0.129
1/1/2026,06:28,10.069978336,10.7200192,11.51999728,12.949988831999999,16.010022336,16.720011264,13.339986527999999,14.229998464000001,16.309986176,16.859979488,18.320012128,20.21000784,0.174,0.188,0.189,0.168,0.097,0.108
1/1/2026,06:29,12.419978208,13.799990688000001,14.61999616,15.740010176,16.520005568,16.479995488,14.950001088,17.059985184000002,16.4600128,17.15001904,18.970008288,19.630018143999997,0.089,0.103,0.083,0.064,0.06,0.072
1/1/2026,06:30,10.750015584,11.490000896,11.890012288,12.71001776,14.419990464,14.790005471999999,13.810004383999999,13.560019616,13.840000768,16.309986176,17.059985184000002,16.119994176,0.131,0.121,0.136,0.151,0.124,0.074
1/1/2026,06:31,9.700008032,10.520013504,11.179978656,11.679992896,12.570004832,12.080004288000001,13.859983456,14.739981696,14.319987615999999,14.769978079999998,15.190016864,15.559987168,0.19,0.176,0.149,0.125,0.088,0.152
1/1/2026,06:32,6.820981024,7.453006176000001,8.279985472,9.399999488,10.980017664,11.93999136,9.930010112,10.509999808,11.259998816,12.150010752,14.730012704,15.979981248000001,0.266,0.244,0.217,0.194,0.149,0.132
1/1/2026,06:33,6.519988992,7.218980735999999,7.804021984,8.899985248,10.95002128,13.790021696,8.130003552,10.039981952,9.80001088,11.500014592,14.540020704,18.499990432,0.162,0.146,0.12,0.135,0.167,0.222
1/1/2026,06:34,9.510016032,10.290011424,11.379984352,13.279993759999998,15.629993631999998,15.380008863999999,14.349984000000001,16.390006336000003,17.830011583999998,19.839992832,19.500018912,19.300013216,0.258,0.289,0.321,0.255,0.166,0.182
1/1/2026,06:35,11.760013056,13.079988064,14.149978304,15.22998224,16.650004799999998,16.4600128,16.000008639999997,17.020019807999997,17.280018272,17.510020351999998,19.530015296,18.78998528,0.181,0.16,0.107,0.064,0.08,0.072
1/1/2026,06:36,8.50001856,8.92001264,9.749987103999999,10.480003424,12.529994752,13.680005152,11.2899952,11.6699792,12.8199896,13.950017312,17.170001728,17.730008736,0.17,0.143,0.173,0.157,0.111,0.113
1/1/2026,06:37,7.076017343999999,7.899017983999999,9.090021952,10.069978336,11.33000528,11.700020288,8.88000256,9.67998064,11.809992128,12.85999968,13.450003072,13.810004383999999,0.113,0.135,0.151,0.143,0.11,0.099
1/1/2026,06:38,9.870017344,10.330021504000001,10.580006271999999,11.409980736,11.860015904,11.60001744,12.320020064,12.540008448,12.8199896,15.190016864,13.910007232,13.300021152,0.122,0.118,0.112,0.107,0.067,0.082
1/1/2026,06:39,10.100019424,11.549993664,12.350016448,14.070002848,16.309986176,16.650004799999998,12.960002528,14.050020159999999,15.120010399999998,16.56998464,19.47999152,19.439981439999997,0.178,0.15,0.136,0.1,0.099,0.084
1/1/2026,06:40,11.409980736,12.250013599999999,12.77997952,13.149994528,13.460016768000001,13.799990688000001,14.639978848,15.459984319999998,16.170017952000002,17.440013888,16.959982336,16.820014112000003,0.168,0.172,0.137,0.119,0.094,0.087
1/1/2026,06:41,10.079992032,10.789980960000001,11.779995743999999,12.689990368,13.490013152,14.159992,12.849985984,13.850014464,14.370011391999999,15.749979167999998,15.3100024,15.95999856,0.145,0.129,0.121,0.091,0.089,0.081
1/1/2026,06:42,8.470022175999999,9.359989407999999,10.039981952,11.739985664,14.01001008,14.530007007999998,11.649996512000001,11.779995743999999,12.489984672,14.28002224,17.779987808,17.969979807999998,0.142,0.126,0.106,0.072,0.116,0.091
1/1/2026,06:43,9.659997952,10.7200192,11.170009664,11.760013056,14.050020159999999,14.449986848,12.450019296,12.649980288,13.309990143999999,13.929989919999999,17.430000192,17.44998288,0.131,0.113,0.115,0.111,0.105,0.088
1/1/2026,06:44,9.289982943999998,10.209991264,11.340018976,12.350016448,14.690002623999998,14.189988384,14.370011391999999,14.28002224,14.589999775999999,16.14999056,19.780000064,17.9900072,0.184,0.194,0.157,0.161,0.145,0.133
1/1/2026,06:45,10.799994655999999,11.779995743999999,12.689990368,13.460016768000001,14.709985311999999,14.560003392,16.42000272,18.039986272,18.109992736,18.780016288000002,22.279981856,17.059985184000002,0.219,0.192,0.187,0.158,0.225,0.124
1/1/2026,06:46,9.120018336,10.120002112,11.089989504,12.159979744,14.449986848,15.329985088,11.200006047999999,12.870013376,13.750011616,14.639978848,17.849994272,18.650017056,0.126,0.121,0.103,0.098,0.12,0.172
1/1/2026,06:47,11.309977888,12.199989824000001,13.430020384,14.349984000000001,17.140005344,17.849994272,14.389994080000001,14.769978079999998,17.739977728,17.25999088,19.690010911999998,20.090022304,0.178,0.148,0.149,0.116,0.091,0.093
1/1/2026,06:48,11.040010431999999,12.269996288,12.94001984,13.65997776,15.489980704,15.459984319999998,12.919992448,14.920004704000002,15.469998016000002,16.479995488,18.109992736,18.41000128,0.117,0.112,0.114,0.132,0.089,0.101
1/1/2026,06:49,8.630017792,9.319979327999999,9.919996416,10.580006271999999,14.01001008,14.649992543999998,11.83001952,12.559991136,12.289978976,14.170005695999999,16.98997872,18.829995359999998,0.171,0.158,0.149,0.177,0.112,0.111
1/1/2026,06:50,12.210003519999999,13.100015456,13.569988608,14.860011936000001,16.769990336,17.140005344,16.980009728,18.130020128,18.380004896,18.350008512000002,19.760017376,18.880019136,0.215,0.211,0.2,0.174,0.08,0.071
1/1/2026,06:51,9.939979103999999,10.95002128,11.51999728,12.269996288,13.179990912000001,14.089985536,13.0099816,13.520009536,14.410021471999999,14.900022016,15.570000863999999,18.150002816,0.129,0.125,0.118,0.106,0.091,0.126
1/1/2026,06:52,9.3800168,10.269984031999998,11.820005823999999,13.230014687999999,15.54000448,15.529990784,12.069990592,13.899993536,15.420018944,16.620008416,17.310014656,17.9900072,0.125,0.147,0.147,0.154,0.104,0.133
1/1/2026,06:53,10.190008576,11.93999136,12.649980288,13.929989919999999,15.930002176,16.179986944000003,12.559991136,14.519993312,15.3100024,16.170017952000002,17.920000736000002,18.78998528,0.115,0.12,0.108,0.098,0.062,0.093
1/1/2026,06:54,10.460020735999999,11.430008128,11.799978432,12.190020832,13.209987296,13.269980064,12.919992448,13.520009536,14.719999008,14.749995391999999,16.200014336,16.309986176,0.118,0.12,0.143,0.117,0.097,0.118
1/1/2026,06:55,8.300012864000001,8.809996095999999,9.319979327999999,9.939979103999999,10.420010656,11.000000352,10.620016352,11.05999312,11.869984896,12.810020608,13.750011616,13.249997376,0.159,0.161,0.148,0.132,0.144,0.119
1/1/2026,06:56,7.393996896,7.940011552,8.0400144,9.199993791999999,10.49001712,10.330021504000001,10.9100112,11.05999312,11.720002976,12.700004064,13.23998368,14.509979616,0.203,0.186,0.181,0.161,0.146,0.223
1/1/2026,06:57,6.998992352,7.520017472,8.479991168,9.960006496,12.749983136,14.519993312,9.600005183999999,9.879986336,10.599988960000001,14.61999616,19.110021216,18.78998528,0.206,0.202,0.184,0.254,0.29,0.209
1/1/2026,06:58,10.539996192,11.51999728,12.350016448,12.989998912,14.920004704000002,15.689986399999999,12.919992448,13.629981376,15.030021248,15.840013024000001,17.38002112,18.689982432,0.134,0.132,0.126,0.106,0.1,0.096
1/1/2026,06:59,11.149982272,12.190020832,12.979985216,13.810004383999999,15.54000448,16.23001072,14.059989152,14.879994624,15.650021023999999,16.439985408,17.519989344,17.920000736000002,0.157,0.127,0.124,0.098,0.077,0.058
1/1/2026,07:00,8.439981088,9.140001024,9.730004416,10.889983808,13.710001535999998,14.960014783999998,14.730012704,14.630009856,13.420006687999999,14.969983776,18.22000928,18.529986816,0.249,0.207,0.154,0.131,0.167,0.099
1/1/2026,07:01,10.780011968,11.539979967999999,12.299992671999998,12.85999968,15.329985088,14.900022016,14.149978304,13.850014464,15.3100024,16.4600128,18.290015744,17.8000152,0.135,0.112,0.137,0.18,0.11,0.113
1/1/2026,07:02,7.666020735999999,8.300012864000001,8.720006944,9.099990944,11.040010431999999,11.70998928,9.419982176,10.599988960000001,11.570021056,12.570004832,16.14999056,16.379992639999998,0.129,0.143,0.172,0.141,0.186,0.231
1/1/2026,07:03,5.782998848,6.443992192,7.0039992,7.436018656,9.080008256,11.000000352,8.010018016,9.789997183999999,10.330021504000001,11.899981279999999,12.749983136,15.259978623999999,0.188,0.239,0.245,0.266,0.15,0.198
1/1/2026,07:04,8.010018016,8.769986015999999,9.44997856,10.339990495999999,13.639995072,13.88997984,10.360017888,11.2899952,12.540008448,14.860011936000001,16.959982336,17.199998112,0.133,0.187,0.178,0.186,0.148,0.117
1/1/2026,07:05,8.769986015999999,9.710021728000001,10.250001344,11.270012512,13.750011616,14.990011168,11.98000144,12.71001776,13.569988608,14.149978304,16.030005024,17.080012575999998,0.153,0.139,0.146,0.127,0.083,0.072
1/1/2026,07:06,8.330009248,9.059980864,9.789997183999999,10.850018432,13.230014687999999,12.970016224,10.069978336,11.349987967999999,12.120014368,13.32000384,15.95999856,15.559987168,0.14,0.134,0.137,0.116,0.11,0.129
1/1/2026,07:07,5.631988736,6.343005856,7.217997248,8.390002016,11.070006816,12.389981824,7.678984895999999,8.339978239999999,9.140001024,10.230018656,13.769994304,15.749979167999998,0.178,0.183,0.158,0.129,0.123,0.16
1/1/2026,07:08,7.58001024,8.279985472,8.760017024,9.240003871999999,10.759984576,11.4799872,9.640015264,11.349987967999999,11.899981279999999,11.570021056,13.420006687999999,16.520005568,0.174,0.186,0.18,0.136,0.125,0.115
1/1/2026,07:09,5.8560004800000005,6.335987328,6.857012448,7.686986912,10.399983264,11.080020511999999,7.791013120000001,9.459992256,11.409980736,12.389981824,15.870009408,16.290003488,0.142,0.2,0.248,0.234,0.217,0.272
1/1/2026,07:10,9.169997407999999,10.109988416,10.439993344,11.309977888,13.580002304,13.46998576,10.650012735999999,12.180007135999999,12.889996064,12.85999968,16.170017952000002,16.290003488,0.104,0.079,0.097,0.075,0.12,0.116
1/1/2026,07:11,8.530014944,9.250017568,9.9499928,11.089989504,12.689990368,12.419978208,10.9100112,11.270012512,12.029980512,13.729984224,15.429987936,15.050003936,0.15,0.15,0.144,0.129,0.115,0.082
1/1/2026,07:12,7.935988192000001,8.720006944,9.730004416,11.129999583999998,13.339986527999999,14.400007775999999,15.350012480000002,15.4999944,16.620008416,16.530019264,19.130003904,19.019987360000002,0.358,0.308,0.271,0.198,0.237,0.24
1/1/2026,07:13,11.040010431999999,11.739985664,12.640011295999999,13.520009536,15.640007328000001,16.509991872,14.660006240000001,14.679988928,15.16002048,15.989994944,18.550014207999997,19.720007296,0.166,0.159,0.139,0.138,0.134,0.1
1/1/2026,07:14,10.469989728,11.259998816,11.909994976,12.8199896,14.630009856,15.090014016000001,13.520009536,13.32000384,13.790021696,16.019991328,17.500006656,17.099995264,0.139,0.117,0.084,0.099,0.11,0.075
1/1/2026,07:15,7.1749920000000005,7.4150077759999995,7.8540010559999995,9.069994560000001,11.170009664,12.139997056,10.9100112,10.689978112,10.460020735999999,11.189992352,12.510012064,14.769978079999998,0.184,0.164,0.121,0.12,0.074,0.095
1/1/2026,07:16,6.154980832,6.763983423999999,7.526007808,8.430012095999999,10.009985568,11.309977888,8.130003552,8.50001856,8.850006176,9.789997183999999,11.909994976,13.790021696,0.127,0.13,0.088,0.095,0.082,0.139
1/1/2026,07:17,6.16401104,6.744000736,7.261985983999999,8.070010783999999,10.429979648,11.170009664,7.724001823999999,8.409984704,8.769986015999999,9.809979872,12.489984672,13.859983456,0.118,0.121,0.096,0.13,0.105,0.096
1/1/2026,07:18,7.058001632,8.089993472000002,8.779999712,9.399999488,11.639982816,12.320020064,9.419982176,10.980017664,12.39999552,13.390010304,17.059985184000002,16.360009952,0.128,0.129,0.163,0.187,0.139,0.141
1/1/2026,07:19,8.980005408,9.740018112,10.689978112,11.79000944,13.220000992,13.869997152,12.229986208,13.209987296,13.55000592,14.570017087999998,16.309986176,16.049987712,0.177,0.16,0.137,0.13,0.156,0.088
1/1/2026,07:20,7.9430067200000005,9.02998448,9.689994336,10.689978112,11.909994976,12.58998752,9.5700088,11.110016896,11.899981279999999,12.210003519999999,15.009993856,14.999980160000002,0.133,0.122,0.124,0.109,0.127,0.13
1/1/2026,07:21,7.919000672,8.560011328,8.750003328,9.329993024,10.989986656,11.920008672,11.690006592,12.340002752,12.489984672,12.919992448,15.870009408,17.709981344000003,0.201,0.186,0.213,0.201,0.219,0.244
1/1/2026,07:22,9.740018112,10.940007584,11.649996512000001,12.099986976,14.370011391999999,14.410021471999999,12.069990592,13.409992992,13.989982688,14.059989152,17.549985728,15.800002944000001,0.112,0.116,0.104,0.079,0.102,0.074
1/1/2026,07:23,8.140017248,8.779999712,9.289982943999998,10.030012959999999,12.610014911999999,13.32000384,10.650012735999999,11.470018207999999,10.970003968,11.860015904,15.030021248,16.920016959999998,0.108,0.097,0.087,0.086,0.099,0.11
1/1/2026,07:24,6.380020768,7.207000064,8.059997088,8.990019104,11.129999583999998,11.799978432,8.769986015999999,9.549981408,10.439993344,12.099986976,12.350016448,14.140009311999998,0.225,0.209,0.194,0.181,0.074,0.095
1/1/2026,07:25,8.929981632,9.789997183999999,10.209991264,10.959990272,11.4799872,11.259998816,10.980017664,11.760013056,11.850002208,13.790021696,14.149978304,14.999980160000002,0.155,0.141,0.117,0.175,0.14,0.14
1/1/2026,07:26,7.954003904,8.739989631999999,9.270000256,9.619987872000001,9.7600008,10.710005504,10.330021504000001,11.760013056,12.250013599999999,12.640011295999999,14.500010624,14.679988928,0.149,0.145,0.146,0.198,0.241,0.265
1/1/2026,07:27,8.65000048,9.44997856,10.420010656,11.549993664,13.04999168,12.740014144,10.439993344,11.70998928,12.800006911999999,15.529990784,16.729980256,15.069986624,0.112,0.139,0.142,0.173,0.137,0.09
1/1/2026,07:28,7.7480078720000005,8.460008479999999,9.180011104,10.019999264,11.6699792,12.180007135999999,9.510016032,10.750015584,11.720002976,13.0099816,13.450003072,14.790005471999999,0.126,0.139,0.146,0.145,0.071,0.078
1/1/2026,07:29,6.7019789759999995,7.3459848,7.870988575999999,8.999988096000001,11.010014047999999,12.139997056,8.660014176,9.350020416000001,9.34000672,10.899997504,14.219984768,15.3100024,0.125,0.086,0.111,0.121,0.121,0.109
1/1/2026,07:30,5.815006911999999,5.994001728000001,6.61999184,7.163011328,10.169981184000001,11.500014592,7.299984383999999,7.853017568,8.059997088,11.460004512,14.080016544,14.960014783999998,0.141,0.164,0.156,0.195,0.139,0.134
1/1/2026,07:31,6.901001183999999,7.5550207039999995,7.772997407999999,8.300012864000001,10.299980416,11.379984352,8.4199984,8.769986015999999,8.899985248,9.809979872,12.580018528,14.649992543999998,0.13,0.078,0.084,0.097,0.107,0.13
1/1/2026,07:32,5.926990432,6.464019584,6.820981024,7.263997663999999,9.600005183999999,11.000000352,7.702007456,9.059980864,8.809996095999999,9.189980096000001,12.029980512,13.910007232,0.141,0.165,0.132,0.144,0.111,0.142
1/1/2026,07:33,5.820997248,6.468981728,7.049016128,7.356981984,10.100019424,11.570021056,7.210978720000001,9.010001792,9.779983488,11.080020511999999,16.449999104,15.870009408,0.123,0.151,0.114,0.142,0.256,0.226
1/1/2026,07:34,7.989007136,8.720006944,9.600005183999999,10.580006271999999,12.759996831999999,13.680005152,11.890012288,12.02001152,11.809992128,13.23998368,16.100011488,16.469981792000002,0.176,0.188,0.144,0.133,0.103,0.097
1/1/2026,07:35,10.100019424,10.750015584,11.929977663999999,13.430020384,14.84999824,14.839984544,13.520009536,14.249981152,15.399991552,16.680001184,18.620020672,16.680001184,0.257,0.263,0.233,0.189,0.139,0.073
1/1/2026,07:36,9.500002336,10.120002112,11.300008896,12.77997952,13.859983456,13.450003072,13.899993536,14.389994080000001,15.290019712000001,15.570000863999999,16.200014336,15.450015328,0.176,0.171,0.141,0.119,0.083,0.096
1/1/2026,07:37,8.070010783999999,8.939995328,9.440009568,10.390014272,10.620016352,10.87000112,9.730004416,11.309977888,12.359985439999999,13.190004607999999,13.330017536,14.070002848,0.136,0.141,0.164,0.16,0.147,0.185
1/1/2026,07:38,5.460012448,5.606015712,5.869992832,6.26101872,6.7570096,7.864998239999999,7.144012128,7.385011392,7.133998431999999,7.4729888639999995,9.9499928,9.84002096,0.205,0.196,0.133,0.102,0.18,0.122
1/1/2026,07:39,3.2879792,3.685978912,4.068019296,4.172984287999999,5.717999232,7.7169832959999995,4.602008575999999,4.976985728,5.1270123519999995,5.715004064,6.8760116479999995,12.220017216,0.271,0.25,0.199,0.197,0.122,0.217
1/1/2026,07:40,5.463007616,6.346984512000001,7.1749920000000005,7.623998976,9.519985024,10.539996192,8.300012864000001,9.789997183999999,10.899997504,11.4799872,12.419978208,14.749995391999999,0.3,0.286,0.284,0.295,0.197,0.193
1/1/2026,07:41,6.659018432,7.347996480000001,8.409984704,9.350020416000001,12.340002752,13.850014464,8.639986784000001,9.350020416000001,10.789980960000001,14.189988384,15.889992095999999,16.520005568,0.187,0.159,0.215,0.288,0.21,0.144
1/1/2026,07:42,8.200010016,9.240003871999999,9.90998272,10.68000912,12.110000672,13.220000992,9.819993568,11.419994432,12.029980512,12.659993984,14.749995391999999,16.360009952,0.141,0.141,0.116,0.124,0.099,0.071
1/1/2026,07:43,6.732020064,7.242003296,7.626010656,8.620004095999999,9.830007264,10.799994655999999,8.479991168,8.660014176,9.3800168,10.450007040000001,12.85999968,13.529978528,0.1,0.116,0.1,0.095,0.136,0.108
1/1/2026,07:44,7.247993632,7.63700784,8.019987008000001,8.609990400000001,10.000016576,10.469989728,9.370003104,9.210007488,9.689994336,10.880014816000001,12.700004064,12.619983904,0.129,0.127,0.093,0.138,0.14,0.121
1/1/2026,07:45,6.0439808,6.3059909439999995,6.901984671999999,7.694988928,8.300012864000001,8.27001648,9.059980864,8.679996864,8.829978784,9.319979327999999,10.019999264,10.26001504,0.194,0.156,0.149,0.118,0.099,0.09
1/1/2026,07:46,5.923995264,6.812979008,7.423009792,8.119989856,8.379988319999999,9.010001792,7.880018783999999,9.389985792,9.779983488,10.450007040000001,11.259998816,11.70998928,0.196,0.17,0.143,0.156,0.152,0.155
1/1/2026,07:47,5.100994624,5.618979872,6.27599456,6.863002784,8.079979776,9.159983712,6.54198336,7.3180000960000005,8.14998624,9.210007488,10.980017664,12.289978976,0.157,0.144,0.151,0.196,0.132,0.095
1/1/2026,07:48,6.1960191039999994,6.827999552,7.201009728,8.209979008000001,10.429979648,12.770010528,8.909998944,9.25998656,9.270000256,10.409996959999999,14.050020159999999,15.420018944,0.182,0.149,0.13,0.153,0.176,0.109
1/1/2026,07:49,7.320011776,8.159999936,8.720006944,9.860003648,12.480015680000001,13.720015232,9.659997952,10.399983264,11.210019744,11.899981279999999,14.119981919999999,14.979997472,0.179,0.167,0.162,0.137,0.05,0.047
1/1/2026,07:50,8.309981855999999,8.83999248,9.29999664,9.670011648,10.940007584,11.779995743999999,10.090005728,11.149982272,11.869984896,11.700020288,12.470001984,13.790021696,0.107,0.118,0.114,0.117,0.096,0.107
1/1/2026,07:51,6.716016032000001,7.566017888,7.6619973759999995,7.916005503999999,9.120018336,9.830007264,7.791013120000001,9.29999664,9.870017344,10.989986656,10.350004192,11.990015136,0.089,0.104,0.146,0.153,0.108,0.134
1/1/2026,07:52,6.04800416,6.7570096,7.188000864,7.764995392,9.52999872,9.890000032,7.835001855999999,9.189980096000001,9.159983712,9.02998448,13.17002192,11.309977888,0.143,0.169,0.13,0.083,0.133,0.064
1/1/2026,07:53,5.582009663999999,6.172996544,6.846015264,7.474017056,8.470022175999999,8.509987552,7.299984383999999,7.91998416,8.430012095999999,9.189980096000001,9.600005183999999,9.67998064,0.116,0.132,0.115,0.099,0.075,0.067
1/1/2026,07:54,6.04800416,6.627993856,7.0250100799999995,7.320995264,8.969991712,9.789997183999999,8.479991168,9.25998656,10.130015808,10.100019424,10.460020735999999,12.110000672,0.22,0.199,0.207,0.175,0.097,0.118
1/1/2026,07:55,5.238012384,5.8580121599999995,6.554992224,7.680013088,10.109988416,10.68000912,6.809983839999999,7.250988799999999,9.779983488,10.880014816000001,13.030008992,12.759996831999999,0.206,0.166,0.164,0.168,0.152,0.128
1/1/2026,07:56,7.274011359999999,8.260002784,8.760017024,9.310010336,11.820005823999999,12.239999904,10.360017888,11.33000528,11.590003744,12.369999135999999,13.100015456,13.32000384,0.198,0.184,0.156,0.159,0.081,0.052
1/1/2026,07:57,7.275978336,7.8199813119999995,8.2300064,8.509987552,10.209991264,10.880014816000001,9.749987103999999,10.109988416,10.750015584,10.940007584,12.719986752,12.359985439999999,0.165,0.146,0.125,0.108,0.139,0.058
1/1/2026,07:58,4.924011488,5.596985504,6.513998656,7.11598272,7.881985759999999,8.030000703999999,6.118010624,7.629989311999999,8.14998624,8.760017024,9.630001567999999,9.700008032,0.131,0.132,0.114,0.123,0.082,0.099
1/1/2026,07:59,5.614017727999999,6.538004704,7.3079864,8.390002016,10.659981728,11.089989504,9.48998864,9.210007488,9.120018336,10.429979648,12.210003519999999,12.12998336,0.273,0.214,0.166,0.131,0.138,0.096
1/1/2026,08:00,6.1050017599999995,6.686019648,7.82498816,8.709993248,10.049995648000001,10.450007040000001,7.188984351999999,8.2300064,9.579977792,10.120002112,11.230002432,11.639982816,0.108,0.118,0.132,0.079,0.069,0.055
1/1/2026,08:01,6.511986976,7.009006048,7.336999296000001,8.209979008000001,9.67998064,10.580006271999999,7.612018303999999,8.339978239999999,8.92001264,9.939979103999999,10.980017664,11.639982816,0.104,0.101,0.105,0.106,0.07,0.056
1/1/2026,08:02,6.332008672000001,6.895010848,7.374997695999999,7.973986591999999,8.370019328,10.369986879999999,7.656990528,7.897989792000001,8.899985248,9.789997183999999,10.880014816000001,11.620000128000001,0.112,0.082,0.074,0.107,0.115,0.062
1/1/2026,08:03,5.617996384,6.744000736,7.160999648,7.260019008,7.502001760000001,7.7970034560000006,7.3669956800000005,8.119989856,8.720006944,8.630017792,8.969991712,9.169997407999999,0.125,0.104,0.092,0.076,0.12,0.113
1/1/2026,08:04,4.675010208000001,5.11302,5.579014496,6.134998144,7.5530090240000005,7.388006559999999,5.850993632,6.827999552,6.4499825280000005,7.429000128,9.600005183999999,9.870017344,0.114,0.117,0.075,0.093,0.178,0.164
1/1/2026,08:05,4.5999968959999995,4.95700304,5.311014016,6.4380018560000005,8.170013632,8.720006944,7.321978751999999,7.742017536,7.838980512,8.790013408,10.7200192,11.360001664,0.23,0.232,0.209,0.205,0.124,0.137
1/1/2026,08:06,5.634000416,6.281001408,7.079012512,7.6100066239999995,8.490004864,8.959978015999999,7.456001344,7.897989792000001,8.549997632,9.229990176,10.320007808,11.430008128,0.144,0.135,0.107,0.118,0.096,0.094
1/1/2026,08:07,5.076005088,5.561982272,5.83901296,6.2480098559999995,7.350991648,7.681980064,6.0960162559999995,6.627010368,7.090009696,7.184022208,8.390002016,8.739989631999999,0.111,0.079,0.107,0.089,0.085,0.071
1/1/2026,08:08,4.813011456,5.203009152,5.587016512,5.710980704,6.846015264,8.539983936,6.14098848,6.760988256,6.86899312,6.938999584,10.1399848,9.939979103999999,0.135,0.169,0.126,0.106,0.191,0.075
1/1/2026,08:09,6.3549865279999995,6.931981056,7.4679820160000006,8.430012095999999,9.719990719999998,10.55997888,8.88000256,8.88000256,9.34000672,10.610002655999999,11.649996512000001,12.640011295999999,0.176,0.113,0.129,0.111,0.127,0.12
1/1/2026,08:10,6.075988864,6.1510021759999995,6.381987744,7.069982304,8.909998944,10.039981952,8.14998624,8.679996864,8.939995328,9.44997856,10.699991807999998,11.779995743999999,0.163,0.191,0.183,0.166,0.113,0.073
1/1/2026,08:11,5.73798192,6.337999008,7.0859863359999995,8.130003552,10.060009344,10.380000576,6.765011616,8.249989088,9.050011871999999,9.389985792,10.980017664,12.250013599999999,0.101,0.117,0.1,0.073,0.071,0.125
1/1/2026,08:12,5.16599424,5.766011327999999,6.296021952,7.066987136,8.170013632,8.490004864,7.656990528,8.479991168,8.660014176,9.010001792,9.510016032,9.630001567999999,0.189,0.173,0.133,0.127,0.101,0.067
1/1/2026,08:13,5.430999551999999,6.4380018560000005,7.157020992,7.881985759999999,8.899985248,8.539983936,6.608994655999999,7.9430067200000005,8.679996864,9.939979103999999,9.789997183999999,10.120002112,0.111,0.113,0.094,0.097,0.053,0.08
1/1/2026,08:14,4.994017952,5.441996736,5.717999232,6.192979232,7.315988416000001,7.488009408,6.563977727999999,6.738010399999999,6.538988192,7.161983136,8.720006944,10.009985568,0.171,0.154,0.089,0.105,0.078,0.134
1/1/2026,08:15,4.04101808,4.337986752,4.369011327999999,4.185993152,5.371990272,5.3680116159999995,6.118010624,6.605016,6.516010336,6.427004672,7.504996928,6.900017696,0.239,0.234,0.24,0.256,0.197,0.145
1/1/2026,08:16,2.91201856,3.229014624,3.46500704,3.8520095679999997,4.773984864,5.412000352,3.911018848,4.039989888,4.2669968,4.95901472,6.386994592,7.0399859199999995,0.162,0.142,0.157,0.198,0.18,0.208
1/1/2026,08:17,2.9930222079999997,3.343993312,3.5479776640000003,3.704978112,4.0209906879999995,4.415995231999999,3.6430183680000003,3.9509842240000004,4.134985888,4.580997696,5.2220083520000005,6.035978784,0.12,0.102,0.094,0.117,0.126,0.188
1/1/2026,08:18,2.69699232,3.468985696,3.857999904,4.545994464,6.20402112,8.2300064,3.9550075839999996,4.240979072,4.708001759999999,7.406022272,8.899985248,10.750015584,0.244,0.14,0.135,0.228,0.225,0.197
1/1/2026,08:19,4.136997568,4.627981599999999,5.055977696,5.316020864,6.495982944,7.1349819199999995,5.292998304,5.845986784,6.670999104,8.100007168,7.970991424,8.83999248,0.177,0.156,0.142,0.195,0.117,0.115
1/1/2026,08:20,2.856004448,3.7920168,4.372006496,5.344005568,7.052011296,8.089993472000002,3.5980014400000004,4.887980064000001,5.105017984000001,6.760988256,8.409984704,9.61001888,0.121,0.094,0.091,0.126,0.138,0.129
1/1/2026,08:21,5.036978496,5.617012895999999,6.118994111999999,6.825004384,7.0609968,7.264981152,7.188984351999999,7.897989792000001,7.640986496000001,9.140001024,9.440009568,9.240003871999999,0.196,0.173,0.13,0.131,0.168,0.144
1/1/2026,08:22,4.656994496,5.615001216,5.959981984000001,6.22302032,7.150985952,8.660014176,5.918004928,6.514982144,6.935020927999999,7.583988896,8.790013408,10.87000112,0.137,0.085,0.078,0.115,0.128,0.101
1/1/2026,08:23,4.2099992,4.44000128,4.6910142399999994,5.268008768,5.219013184,7.899017983999999,5.783982335999999,5.980009376,6.516010336,6.871988288,6.364016736,10.63999904,0.183,0.205,0.169,0.17,0.164,0.192
1/1/2026,08:24,3.035982752,3.774984576,4.55801984,5.257011584000001,7.491988064,8.279985472,4.6910142399999994,5.444991904,6.4720216,7.073022175999999,10.460020735999999,9.540012416,0.218,0.168,0.249,0.229,0.234,0.082
1/1/2026,08:25,4.657977984,5.173996256,5.625014912,6.053011008,6.0079940800000005,5.463007616,5.650004448,6.270004224,6.4720216,7.00601088,7.597981248000001,7.204004895999999,0.115,0.103,0.084,0.073,0.17,0.116
1/1/2026,08:26,4.512019424,5.330996704,5.550985088,5.7589928,5.896994048,7.266992832000001,5.427020896,6.895010848,6.649004736,6.895010848,7.6679877119999995,10.940007584,0.108,0.102,0.102,0.104,0.137,0.185
1/1/2026,08:27,5.365016448,6.042997312,6.602020832,6.92599072,8.470022175999999,10.63999904,7.1660064960000005,8.119989856,8.769986015999999,9.010001792,9.789997183999999,12.180007135999999,0.162,0.154,0.13,0.168,0.124,0.078
1/1/2026,08:28,5.880990016,6.473988576,7.215985568,7.750019552,8.119989856,8.549997632,7.924991007999999,8.409984704,9.159983712,9.010001792,9.159983712,10.26001504,0.198,0.171,0.141,0.109,0.077,0.078
1/1/2026,08:29,5.553980256,6.151985664,6.741989056,6.922012064,7.6049997760000005,8.829978784,7.0770008319999995,7.897989792000001,8.699979552,8.27001648,8.739989631999999,9.960006496,0.156,0.143,0.08,0.079,0.077,0.067
1/1/2026,08:30,5.0240143360000005,5.804009728,6.338982496,6.8419919039999995,6.893982656,7.678001408,6.587000288,7.207000064,7.994013984,8.409984704,9.020015488,9.700008032,0.146,0.125,0.133,0.118,0.132,0.129
1/1/2026,08:31,3.998012832,4.554979968,4.978997408000001,5.328001536,5.764983136,6.253016704,5.249009568,5.533997568,6.340010688,6.31600464,7.342006144,7.109992384,0.129,0.119,0.128,0.104,0.093,0.067
1/1/2026,08:32,3.1489944640000003,3.72898416,4.09198064,4.410004896,5.243019232,6.717983008,3.887996288,4.9989800959999995,5.14900672,5.3369870399999995,7.412012608,10.429979648,0.13,0.142,0.127,0.142,0.189,0.144
1/1/2026,08:33,5.054994208,5.538020928,5.983988032,6.671982592,8.579994016,9.429995872,7.702007456,9.099990944,9.689994336,8.609990400000001,10.390014272,11.549993664,0.264,0.297,0.271,0.177,0.136,0.108
1/1/2026,08:34,6.5929906240000005,7.036007264,7.260019008,7.4189864320000005,8.330009248,8.990019104,7.924991007999999,8.609990400000001,8.630017792,9.080008256,9.930010112,10.399983264,0.123,0.134,0.128,0.117,0.125,0.105
1/1/2026,08:35,5.236984192,5.885013376,6.594018816,7.510003776,9.819993568,10.209991264,6.0960162559999995,6.895010848,8.479991168,9.120018336,11.909994976,11.83001952,0.107,0.101,0.112,0.134,0.122,0.084
1/1/2026,08:36,5.51401488,6.020019456,6.483018784,7.027021759999999,8.010018016,8.189996319999999,7.0989952,7.742017536,8.14998624,8.189996319999999,9.84002096,9.890000032,0.151,0.163,0.151,0.127,0.112,0.08
1/1/2026,08:37,4.107984672,4.9449776640000005,5.5349810559999995,6.4549893759999994,7.856012735999999,8.730020640000001,5.427020896,5.91299808,7.068015328,8.449994784,10.069978336,9.90998272,0.134,0.104,0.13,0.105,0.129,0.084
1/1/2026,08:38,3.743021216,4.723022304,5.293981791999999,5.628010079999999,6.227982464,7.092021376,4.913997792,6.002987232,6.494015968,6.984016512,7.830978495999999,8.279985472,0.122,0.141,0.158,0.171,0.13,0.11
1/1/2026,08:39,3.6119937920000003,4.331012928,4.7549856639999994,5.082978912,5.593006848,5.6259984,4.2900193600000005,5.200013984,6.097983232,6.048987648,6.782982624,6.969979456,0.114,0.115,0.117,0.094,0.083,0.116
1/1/2026,08:40,4.06001728,4.61099408,5.019990976,5.671998816,6.873999968,6.855000767999999,5.939999296,6.381987744,6.86899312,7.829011520000001,9.29999664,9.140001024,0.241,0.197,0.196,0.164,0.166,0.157
1/1/2026,08:41,5.3790088,5.969012192,6.265980864,6.57998176,8.030000703999999,8.88000256,6.652983392,7.296005727999999,7.464986848,7.807017151999999,9.770014496,10.100019424,0.104,0.094,0.112,0.096,0.124,0.102
1/1/2026,08:42,4.0390064,4.72498928,5.322994688,5.590995168,6.54399504,7.943990208,5.048020384,5.623003232,6.207999776,6.7389938879999995,8.409984704,10.539996192,0.136,0.123,0.094,0.101,0.117,0.185
1/1/2026,08:43,4.288991168,4.810999776,5.395996319999999,6.08399088,6.67497776,8.279985472,6.340994176,6.538004704,6.5830216319999995,8.869988864,8.319995552,9.589991488,0.208,0.16,0.145,0.191,0.132,0.093
1/1/2026,08:44,5.005998624,5.728012928,6.619008352,7.185005695999999,7.253983968,8.509987552,6.1629828479999995,6.917005216,8.209979008000001,8.829978784,9.140001024,9.470005952000001,0.126,0.124,0.126,0.11,0.173,0.079
1/1/2026,08:45,5.338998719999999,5.972990848,6.096999744,6.2059880960000005,6.5750196160000005,6.912981856,6.519988992,7.474017056,7.816986144,8.070010783999999,8.579994016,8.790013408,0.127,0.141,0.151,0.174,0.151,0.16
1/1/2026,08:46,4.4960153919999994,5.043997023999999,5.1849934399999995,5.396979807999999,5.6259984,6.838013248,5.961993664,6.426021184,6.03101664,6.649988224,7.597981248000001,10.729988192,0.14,0.103,0.09,0.102,0.136,0.24
1/1/2026,08:47,4.320015744,4.95700304,5.4550056,5.482006816,6.056989664,7.244998464000001,5.048020384,5.869009344,6.009022272,7.228010944,8.370019328,9.67998064,0.11,0.096,0.052,0.1,0.135,0.15
1/1/2026,08:48,4.851009856,5.669003648,6.232005824,6.803010016,8.790013408,9.210007488,6.386011104,7.78698976,8.370019328,9.319979327999999,10.95002128,10.87000112,0.156,0.175,0.172,0.205,0.142,0.134
1/1/2026,08:49,6.2519885120000005,6.96398912,7.426004959999999,8.209979008000001,8.219992704,8.470022175999999,7.724001823999999,8.409984704,8.660014176,9.719990719999998,10.650012735999999,9.960006496,0.107,0.114,0.09,0.09,0.109,0.118
1/1/2026,08:50,4.854988512,5.198985791999999,5.322994688,5.582009663999999,5.842008128,6.519005504,5.806021408,5.958015008,6.16401104,6.5830216319999995,7.201993215999999,8.809996095999999,0.09,0.093,0.085,0.091,0.102,0.14
1/1/2026,08:51,3.495003424,4.055010432,4.3360197760000005,4.84300784,4.873004224000001,6.595002303999999,4.42301376,5.065991392,4.951012704,5.848981952,6.061013023999999,8.249989088,0.114,0.101,0.077,0.1,0.138,0.137
1/1/2026,08:52,3.811999488,4.1530016,4.583009376,5.1849934399999995,5.542983072,6.705018848,4.669019872,5.154997056,5.347984224,6.361021568,6.61999184,8.279985472,0.111,0.14,0.097,0.113,0.095,0.105
1/1/2026,08:53,4.799019103999999,5.403014848,5.9930182400000005,6.19999776,7.44500416,8.720006944,6.9660008,7.474017056,8.630017792,8.899985248,10.179994879999999,11.500014592,0.23,0.216,0.209,0.245,0.237,0.214
1/1/2026,08:54,4.987982912,5.4740047999999994,5.905979552,6.870021312,8.579994016,9.3800168,6.630989024,7.808984128,7.972019615999999,9.809979872,11.279981504,11.730016672,0.172,0.184,0.192,0.182,0.136,0.102
1/1/2026,08:55,5.038990176,5.618979872,6.06298,6.4039821120000004,7.694988928,8.159999936,6.1629828479999995,7.050983104,7.112004064,7.406022272,8.809996095999999,9.84002096,0.18,0.189,0.14,0.125,0.099,0.149
1/1/2026,08:56,4.540987616,4.964021568,5.501006016,6.0619965119999994,8.000004319999999,8.490004864,5.761987968000001,6.381987744,6.6929934719999995,8.27001648,10.420010656,10.100019424,0.139,0.129,0.107,0.149,0.154,0.132
1/1/2026,08:57,4.764015872,5.574007648,5.70400688,6.099011424,7.33100896,7.862003072,6.920983872,7.073022175999999,7.222020608,7.67299456,9.389985792,10.149998495999998,0.17,0.116,0.145,0.121,0.141,0.144
1/1/2026,08:58,3.9539793919999995,4.5329856,4.7039784000000004,5.176007936,6.3489961919999995,6.276978048,5.3600096,5.557020128,5.501989504,6.048987648,7.924991007999999,7.577015072,0.14,0.13,0.115,0.118,0.12,0.15
1/1/2026,08:59,3.6579942080000003,4.145983072,4.618012608,5.281017632,6.126996128,8.010018016,4.95901472,5.35598624,5.723006079999999,7.00601088,9.389985792,10.539996192,0.159,0.159,0.131,0.131,0.211,0.135
1/1/2026,09:00,5.176991424,5.97401904,6.422981312,6.955003616,8.330009248,8.92001264,6.608994655999999,7.340977951999999,7.707014304,8.990019104,9.48998864,11.1000032,0.129,0.089,0.097,0.174,0.078,0.107
1/1/2026,09:01,5.9489848,6.703007167999999,7.1740085119999994,7.932993024,9.059980864,9.02998448,7.255995648000001,8.409984704,9.270000256,9.789997183999999,10.320007808,9.960006496,0.097,0.128,0.119,0.113,0.072,0.042
1/1/2026,09:02,5.682996,6.118010624,6.381987744,6.7909846400000005,8.100007168,8.809996095999999,7.009989536,7.274011359999999,7.927986176,7.851005888,9.29999664,9.890000032,0.094,0.091,0.093,0.097,0.086,0.098
1/1/2026,09:03,5.433011232,5.89802224,5.945989632,6.479978912,8.339978239999999,8.890016256,6.608994655999999,7.296005727999999,7.177987168,7.918017184,9.630001567999999,10.330021504000001,0.124,0.107,0.097,0.146,0.091,0.087
1/1/2026,09:04,4.475987999999999,5.036978496,5.460012448,5.696004864,6.189984064,7.494983231999999,5.806021408,6.0470206719999995,6.053011008,7.228010944,7.2719996799999995,10.239987648,0.126,0.14,0.09,0.136,0.084,0.157
1/1/2026,09:05,3.926978176,4.626998112,5.057989375999999,5.731991584,8.560011328,10.000016576,4.892003423999999,6.2480098559999995,6.538988192,9.319979327999999,11.01998304,11.200006047999999,0.097,0.135,0.178,0.304,0.216,0.07
1/1/2026,09:06,5.78201536,6.34997968,6.651999904,6.927018912,8.609990400000001,8.790013408,7.456001344,7.697000608,7.994013984,8.119989856,9.90998272,10.309994112,0.169,0.137,0.111,0.11,0.084,0.101
1/1/2026,09:07,5.116015168,5.463991104,5.861990816,6.3089861119999995,6.906008032,7.231006112,6.364016736,6.782982624,6.803010016,7.073022175999999,7.854984544000001,8.65000048,0.114,0.089,0.067,0.054,0.081,0.087
1/1/2026,09:08,4.39797952,4.81998528,5.022002656,5.14900672,6.47000992,8.370019328,6.007010592,7.340977951999999,7.794991776000001,7.383983199999999,9.979989184,10.539996192,0.14,0.182,0.18,0.187,0.228,0.176
1/1/2026,09:09,5.39398464,5.958015008,6.4039821120000004,6.84999392,7.355015008,8.590007712,7.210978720000001,8.100007168,8.079979776,9.099990944,8.969991712,10.190008576,0.136,0.139,0.153,0.158,0.117,0.107
1/1/2026,09:10,5.845003296,6.416990976,6.744000736,6.766978592,6.98298832,7.954987392,7.3669956800000005,7.496994911999999,8.209979008000001,8.409984704,9.370003104,10.520013504,0.12,0.115,0.117,0.133,0.16,0.125
1/1/2026,09:11,6.3089861119999995,7.112004064,7.263997663999999,7.6109901120000005,8.950009024,10.239987648,10.820022048,11.730016672,11.460004512,9.970020192,11.089989504,11.990015136,0.36,0.363,0.319,0.248,0.131,0.126
1/1/2026,09:12,5.019990976,5.5149983680000005,5.834006112,6.376980896,8.520001248,10.049995648000001,6.273982879999999,6.738010399999999,7.59699776,8.720006944,11.79000944,11.309977888,0.141,0.122,0.141,0.149,0.146,0.077
1/1/2026,09:13,5.561982272,6.264013888,6.732020064,7.380004544,8.370019328,9.510016032,6.563977727999999,7.808984128,8.390002016,9.29999664,9.879986336,11.270012512,0.133,0.141,0.146,0.107,0.091,0.104
1/1/2026,09:14,4.2479976,4.662001344,5.152985375999999,5.6090108800000005,6.484985760000001,9.129987328,5.427020896,6.381987744,6.8909874879999995,7.00601088,8.65000048,10.710005504,0.142,0.168,0.165,0.129,0.178,0.083
1/1/2026,09:15,5.899989216,6.57998176,7.041014111999999,7.532981631999999,8.279985472,9.010001792,8.260002784,8.829978784,8.829978784,9.540012416,10.390014272,11.170009664,0.222,0.19,0.122,0.111,0.168,0.132
1/1/2026,09:16,5.839996448,6.4039821120000004,6.530002688000001,7.44701584,8.14998624,9.050011871999999,6.54198336,7.986995455999999,8.319995552,9.250017568,10.209991264,11.760013056,0.094,0.1,0.124,0.156,0.149,0.186
1/1/2026,09:17,5.387994304,5.821980736,6.397991776,7.244014976,8.50001856,9.169997407999999,7.567984863999999,7.965001088,8.769986015999999,9.229990176,10.1399848,11.360001664,0.232,0.193,0.204,0.155,0.103,0.15
1/1/2026,09:18,4.588999712,4.949001024,5.869992832,7.250988799999999,8.950009024,9.229990176,5.894982368,6.159004192,7.222020608,9.559995104,10.509999808,10.710005504,0.158,0.139,0.114,0.128,0.07,0.085
1/1/2026,09:19,5.200013984,5.96999568,6.248993344,6.576003104,8.289999168,8.609990400000001,7.1660064960000005,7.564006208,7.662980864,8.119989856,10.929993888,10.360017888,0.177,0.153,0.102,0.106,0.144,0.134
1/1/2026,09:20,4.101010848,4.662001344,4.97399056,5.468014464,6.57998176,7.074989152,5.1819982719999995,5.712992384,6.296021952,6.84999392,8.339978239999999,8.4199984,0.113,0.099,0.102,0.133,0.134,0.13
1/1/2026,09:21,5.1359978559999995,5.637979072,6.321994976,7.461008192,9.719990719999998,9.960006496,7.791013120000001,8.2300064,8.609990400000001,9.7600008,12.700004064,11.990015136,0.299,0.26,0.222,0.234,0.159,0.116
1/1/2026,09:22,6.419002656,6.84798224,6.90497984,7.126979904,7.873983744,7.816002655999999,8.349991936,9.059980864,8.409984704,8.760017024,9.979989184,10.309994112,0.138,0.144,0.12,0.123,0.126,0.143
1/1/2026,09:23,4.656994496,5.268992256,5.752018976,6.519005504,7.518005791999999,8.070010783999999,6.920983872,7.853017568,7.88399744,7.984983775999999,9.700008032,9.890000032,0.184,0.181,0.16,0.164,0.186,0.148
1/1/2026,09:24,5.479011648,5.96999568,6.705018848,7.396008576,8.370019328,8.790013408,7.3669956800000005,7.78698976,7.972019615999999,8.590007712,10.1399848,10.009985568,0.169,0.15,0.125,0.078,0.103,0.089
1/1/2026,09:25,4.734019488,5.536992735999999,6.03101664,6.5529805439999995,8.209979008000001,8.509987552,6.0960162559999995,6.938999584,6.6929934719999995,7.740005856,9.52999872,9.749987103999999,0.147,0.11,0.073,0.112,0.061,0.063
1/1/2026,09:26,5.13000752,5.369978592,5.599980672,6.476000256,8.14998624,9.370003104,6.4529776960000005,6.938999584,7.420998112,8.669983168,9.389985792,11.200006047999999,0.108,0.139,0.16,0.149,0.098,0.088
1/1/2026,09:27,6.361021568,7.027021759999999,7.393996896,7.962989407999999,8.790013408,9.069994560000001,7.924991007999999,8.590007712,9.010001792,9.740018112,10.230018656,11.409980736,0.161,0.146,0.154,0.109,0.081,0.105
1/1/2026,09:28,5.173996256,5.4550056,5.653983104,6.42999984,8.070010783999999,8.110020864,5.850993632,6.694021664,7.44299248,7.494983231999999,9.719990719999998,9.80001088,0.061,0.124,0.119,0.111,0.126,0.102
1/1/2026,09:29,4.505984384,4.832994144,5.232022048,6.124984448,7.1349819199999995,7.558015872,6.29700544,5.958015008,6.75902128,8.049983392,8.620004095999999,9.3800168,0.144,0.129,0.118,0.122,0.129,0.132
1/1/2026,09:30,4.933980480000001,5.046008703999999,5.780987167999999,6.2480098559999995,6.132002976,5.821980736,7.678984895999999,7.853017568,7.331992447999999,7.807017151999999,7.90098496,7.507008608,0.217,0.176,0.142,0.12,0.13,0.144
1/1/2026,09:31,4.727984448,5.395012832,6.0169795839999995,6.427004672,6.633000704,7.8420203840000005,5.961993664,6.827999552,7.1559928,7.740005856,8.439981088,10.450007040000001,0.144,0.143,0.104,0.124,0.139,0.135
1/1/2026,09:32,3.440017504,3.54100384,3.925994688,4.618996096,6.75499792,7.751986527999999,5.560998784,5.75698112,5.501989504,6.649988224,10.509999808,9.939979103999999,0.234,0.206,0.128,0.149,0.232,0.158
1/1/2026,09:33,5.779020192,6.532997856,7.242986784,8.27001648,9.080008256,8.790013408,8.010018016,9.5700088,10.179994879999999,10.590019968,11.089989504,10.220004959999999,0.169,0.174,0.173,0.131,0.08,0.085
1/1/2026,09:34,6.62200352,7.068015328,7.249021823999999,7.767007072,8.319995552,8.790013408,10.220004959999999,9.240003871999999,9.470005952000001,9.099990944,10.109988416,11.029996736000001,0.228,0.17,0.157,0.084,0.112,0.13
1/1/2026,09:35,5.430999551999999,6.023998112,6.570996256,7.092021376,7.821992991999999,8.119989856,7.233017792,7.629989311999999,8.100007168,8.2300064,9.389985792,9.659997952,0.14,0.126,0.138,0.107,0.114,0.099
1/1/2026,09:36,5.154013568,5.93400896,6.300000608,6.88598064,8.059997088,9.020015488,6.340994176,7.40700576,7.905991807999999,7.962989407999999,8.760017024,10.399983264,0.123,0.154,0.121,0.102,0.052,0.073
1/1/2026,09:37,4.651987648,4.925978464,5.251021248,5.943977952,7.082991168,7.8050054719999995,6.118010624,6.58199344,6.736982208,7.228010944,8.059997088,9.419982176,0.158,0.179,0.147,0.119,0.066,0.105
1/1/2026,09:38,3.917009184,4.391989184,4.82400864,4.683012224,6.009022272,7.505980416000001,5.225987008000001,6.2480098559999995,6.142016672,6.494015968,7.78497808,8.950009024,0.16,0.178,0.162,0.164,0.187,0.127
1/1/2026,09:39,4.518993248,4.927990144,5.26099024,5.9070077439999995,7.188000864,7.62002032,5.850993632,6.871988288,6.71498784,8.119989856,9.280013952000001,9.90998272,0.135,0.159,0.176,0.161,0.159,0.127
1/1/2026,09:40,6.072993695999999,6.703007167999999,7.0229984000000005,7.735982496,8.279985472,8.829978784,7.545990496,8.829978784,8.56998032,9.229990176,9.770014496,10.469989728,0.131,0.145,0.137,0.102,0.087,0.081
1/1/2026,09:41,5.179003104,5.496982656,5.750990784,6.2480098559999995,7.583988896,6.925007232,5.939999296,7.095016544,7.509020288,7.807017151999999,8.950009024,9.140001024,0.102,0.13,0.124,0.122,0.089,0.123
1/1/2026,09:42,4.956019552,5.576019328,6.007010592,6.234017504,6.941011264,7.9569990719999995,6.743017248,8.50001856,8.019987008000001,7.718011488,9.11000464,9.44997856,0.168,0.195,0.175,0.123,0.165,0.122
1/1/2026,09:43,4.183981471999999,4.277993984,4.651987648,5.461979424,6.857012448,8.030000703999999,5.539004416,5.712992384,6.03101664,6.405010304,8.579994016,9.310010336,0.172,0.127,0.133,0.093,0.178,0.091
1/1/2026,09:44,3.4680022079999997,3.88097776,4.5029892160000005,5.447987072,6.199014271999999,7.163994816000001,4.602008575999999,4.619979584,5.260006752,7.2729831680000006,7.90098496,8.909998944,0.161,0.115,0.088,0.166,0.126,0.168
1/1/2026,09:45,4.962009888,5.428004383999999,5.745000448,6.259990527999999,7.4729888639999995,8.079979776,6.898989504,6.760988256,6.670999104,7.494983231999999,8.200010016,9.589991488,0.161,0.131,0.087,0.094,0.064,0.123
1/1/2026,09:46,4.661017856,4.7400098239999995,5.195990624,5.598997184,7.344017824,7.393013408000001,6.54198336,5.93602064,6.670999104,7.406022272,9.52999872,8.769986015999999,0.163,0.108,0.11,0.139,0.15,0.098
1/1/2026,09:47,5.4550056,5.8610073279999995,6.4720216,6.831978208,6.66000192,6.831978208,7.412012608,7.853017568,8.520001248,8.739989631999999,8.579994016,8.070010783999999,0.167,0.188,0.146,0.104,0.086,0.084
1/1/2026,09:48,5.323978176,5.844019808,6.2059880960000005,6.619008352,7.085002847999999,7.9910188159999995,6.765011616,6.84999392,7.420998112,7.4729888639999995,8.69001056,9.84002096,0.103,0.108,0.102,0.078,0.155,0.096
1/1/2026,09:49,4.66598,5.214989824,5.579014496,6.0590013439999995,7.537004992,8.019987008000001,5.939999296,6.938999584,6.8909874879999995,7.361988832,9.020015488,8.980005408,0.106,0.119,0.096,0.102,0.083,0.071
1/1/2026,09:50,5.37498544,5.945006144,6.365983711999999,6.7909846400000005,8.059997088,7.986011968,6.8760116479999995,7.474017056,8.059997088,8.100007168,9.250017568,9.3800168,0.157,0.147,0.148,0.127,0.08,0.085
1/1/2026,09:51,4.483990016,5.04998736,5.560015296,6.161015872,7.009989536,8.100007168,5.850993632,6.559999072,7.353986815999999,7.69601712,8.200010016,9.67998064,0.123,0.146,0.16,0.125,0.095,0.114
1/1/2026,09:52,4.927006656,5.390989472,5.561982272,5.617996384,6.172996544,6.765011616,6.94297824,7.496994911999999,7.133998431999999,7.383983199999999,7.2719996799999995,9.020015488,0.224,0.198,0.182,0.147,0.075,0.151
1/1/2026,09:53,4.240979072,4.889991744,5.23997936,5.91702144,7.164978304,6.935020927999999,5.382003967999999,6.091992896,6.186005408,7.339994464,8.509987552,8.089993472000002,0.146,0.152,0.12,0.095,0.104,0.084
1/1/2026,09:54,5.79900288,6.3059909439999995,6.762999936,7.735982496,9.3800168,9.480019647999999,7.589979232,8.370019328,9.359989407999999,9.740018112,10.390014272,11.1000032,0.139,0.178,0.19,0.141,0.059,0.094
1/1/2026,09:55,5.561982272,6.100978400000001,6.408005472,7.234984768,8.56998032,8.869988864,6.652983392,7.429983616,7.486981216,8.360005632,10.090005728,9.960006496,0.119,0.121,0.104,0.09,0.066,0.086
1/1/2026,09:56,6.397008287999999,6.871988288,7.068015328,6.743017248,6.9369879039999995,6.974986304000001,7.968979744,8.319995552,8.88000256,8.360005632,8.809996095999999,9.050011871999999,0.105,0.069,0.091,0.118,0.122,0.117
1/1/2026,09:57,5.060984544,5.484018496,5.469981440000001,5.525012064,5.693009696,5.982021056,6.229994144,6.291998592,6.538988192,6.671982592,8.019987008000001,7.903980128000001,0.123,0.134,0.137,0.148,0.164,0.131
1/1/2026,09:58,3.8859846080000002,4.1580084479999995,4.394984352,4.6029920639999995,5.796007712,6.02900496,5.025981312,5.11100832,5.501989504,5.760020992,6.316988127999999,8.349991936,0.158,0.157,0.129,0.122,0.073,0.214
1/1/2026,09:59,3.135002112,3.46098368,3.7540184000000005,4.126983872,5.333991872,5.5259955519999995,4.2010136959999995,4.686990880000001,4.775013056,5.6259984,6.713020864,7.437002143999999,0.153,0.141,0.124,0.194,0.131,0.177
1/1/2026,10:00,3.440017504,4.01598384,4.683012224,5.455989088,6.395980096,6.898006016,4.8469864959999995,5.845986784,6.516010336,6.649988224,8.0400144,8.209979008000001,0.24,0.27,0.221,0.179,0.123,0.106
1/1/2026,10:01,3.72898416,3.976018464,4.24598592,4.612022272,6.172996544,6.4549893759999994,4.534997280000001,5.133002688,5.54597824,6.18301024,7.9480135679999995,7.320011776,0.141,0.172,0.175,0.163,0.165,0.107
1/1/2026,10:02,3.497015104,4.144999584,4.618996096,5.373018464,5.728996416,6.456017568,4.11097984,5.645981088,6.053011008,6.760988256,7.1559928,7.881002272,0.112,0.152,0.167,0.112,0.131,0.112
1/1/2026,10:03,4.285996,4.713992096,5.011988959999999,5.263985408,5.988011392,6.651016416,5.159020416,5.734986751999999,5.855016992,6.0049989120000005,7.737994176,8.560011328,0.093,0.098,0.084,0.084,0.133,0.172
1/1/2026,10:04,4.3969960320000006,4.837017504,5.422014048,5.7550141439999996,7.320011776,8.539983936,6.118010624,6.716016032000001,7.331992447999999,7.583988896,8.339978239999999,10.399983264,0.232,0.18,0.165,0.16,0.108,0.103
1/1/2026,10:05,4.374018176,4.927006656,5.4170072,5.9470178240000005,7.201993215999999,7.260019008,6.02900496,6.514982144,7.398020256,7.13900528,9.020015488,9.280013952000001,0.234,0.174,0.156,0.134,0.165,0.138
1/1/2026,10:06,5.1730127679999995,5.58598832,5.77598032,6.673010784,7.420998112,7.502985248,6.497011136,6.871988288,6.736982208,7.940011552,8.549997632,9.120018336,0.162,0.14,0.119,0.114,0.105,0.103
1/1/2026,10:07,5.964005344,6.158020704,6.345017536,6.456017568,6.825004384,6.950980255999999,7.321978751999999,7.429983616,7.662980864,7.583988896,8.059997088,7.927002687999999,0.136,0.157,0.134,0.086,0.089,0.066
1/1/2026,10:08,4.193995168,4.697004576,5.060001056,5.414012032,5.963021856,5.631005248,5.3600096,5.823992416,5.7669948159999995,6.605016,7.1559928,7.109992384,0.169,0.123,0.101,0.127,0.095,0.127
1/1/2026,10:09,3.42902032,3.6630010559999997,3.746999872,3.888979776,4.5949900480000005,5.598013696,3.887996288,4.2189847039999995,4.4880133760000005,4.580997696,5.641018944,7.647021536,0.094,0.09,0.099,0.091,0.096,0.163
1/1/2026,10:10,2.3660039040000003,2.682999968,3.1150194239999998,3.435010656,4.52002144,4.9750187519999995,3.018995232,3.460000192,3.9589862399999998,4.402986368,5.3620212800000004,6.736982208,0.137,0.15,0.138,0.152,0.095,0.14
1/1/2026,10:11,2.636999552,2.8770153279999997,3.0219904,3.29200256,3.915980992,3.9699834239999996,3.330984448,3.5499893439999997,4.069002784,4.358014144,4.6860073920000005,4.7519904959999995,0.129,0.132,0.152,0.118,0.126,0.092
1/1/2026,10:12,2.152989344,2.411020832,2.7740173120000002,3.12302144,3.5570078720000002,4.440984768,2.996017376,2.83602176,3.42902032,3.712980128,4.638978784,6.19999776,0.172,0.104,0.104,0.074,0.167,0.141
1/1/2026,10:13,2.8509976,3.2650013440000003,3.4979985919999996,4.296993184,5.155980544,6.811012032,4.044013248000001,5.11100832,4.466019008,6.070982015999999,7.342006144,7.740989343999999,0.264,0.265,0.195,0.28,0.308,0.075
1/1/2026,10:14,3.96502128,4.5029892160000005,4.8499816639999995,4.957986528,6.126996128,6.673010784,5.338015232,5.66802016,5.810983552,5.826987583999999,7.504996928,8.110020864,0.162,0.137,0.107,0.086,0.126,0.104
1/1/2026,10:15,3.926978176,4.653999328,5.005998624,5.601008864,6.33500384,7.023981888,5.850993632,6.58199344,6.340010688,6.71699952,7.621987296,8.110020864,0.189,0.193,0.148,0.122,0.137,0.104
1/1/2026,10:16,3.113007744,3.73099584,4.152018112,4.80500944,5.441996736,5.9299856,4.42301376,4.976985728,5.325989856,5.826987583999999,6.479978912,7.204004895999999,0.194,0.157,0.166,0.134,0.107,0.125
1/1/2026,10:17,3.077021024,3.402019104,3.6119937920000003,3.7980071360000003,4.840012672,4.949984512,4.155996768,4.464007328,4.7519904959999995,5.003003456,6.19999776,6.29298208,0.218,0.16,0.148,0.168,0.131,0.119
1/1/2026,10:18,2.31499664,2.804013696,3.012021408,3.253020672,4.707018272,5.238995872,2.862978272,3.571983712,3.760008736,3.6019800959999997,5.688002847999999,6.340010688,0.128,0.156,0.142,0.091,0.109,0.133
1/1/2026,10:19,1.938007808,2.710001184,3.059005312,3.530006656,4.765982847999999,5.354019264,2.349999872,3.571983712,4.090997152,4.824992128,5.710980704,6.479978912,0.071,0.133,0.16,0.211,0.17,0.102
1/1/2026,10:20,2.972994816,3.54301552,3.9999798079999995,4.968000224,5.39398464,5.476016479999999,4.5569916479999995,5.043997023999999,4.862990528,5.982021056,6.0139844159999996,6.245998176,0.209,0.173,0.127,0.093,0.061,0.056
1/1/2026,10:21,2.804013696,3.402019104,4.147994752,4.624986432,4.978997408000001,5.065991392,3.576007072,4.307990368,4.510007744,5.159020416,5.780987167999999,5.615984704,0.076,0.113,0.044,0.075,0.063,0.063
1/1/2026,10:22,2.6800048,3.164015008,3.37001104,3.793000288,4.1649822720000005,4.259978272,3.731979328,4.061984256,4.0030196799999995,4.55801984,4.8720207360000005,5.125000672,0.156,0.133,0.121,0.093,0.068,0.09
1/1/2026,10:23,2.666995936,2.954979104,3.360980832,3.725005504,4.264001631999999,4.228014912,3.46500704,3.482978048,3.869980576,4.447019807999999,4.89598208,4.984987744,0.125,0.103,0.076,0.106,0.079,0.085
1/1/2026,10:24,2.583980608,3.096020224,3.5499893439999997,3.871992256,4.540004128,4.299988352,3.419990112,3.972978592,4.443979936,4.6029920639999995,5.105017984000001,4.681984032,0.159,0.183,0.139,0.114,0.072,0.06
1/1/2026,10:25,2.393988608,2.634004384,2.951983936,3.254987648,3.3210154559999996,3.94199872,3.151989632,3.08099968,3.5179812800000003,4.225019744,4.429987584,4.775013056,0.163,0.084,0.09,0.145,0.192,0.093
1/1/2026,10:26,2.5729834240000002,2.8310149119999997,3.018995232,2.850014112,3.146982784,3.641006688,3.46500704,3.7950119680000003,3.914997504,3.378996544,3.82398016,4.472009344,0.202,0.17,0.132,0.109,0.097,0.122
1/1/2026,10:27,2.2810216,2.5390083839999997,2.888012512,3.110996064,2.729983872,1.791021056,3.086006528,2.969999648,3.297009408,3.57900224,3.451014688,2.534001536,0.147,0.117,0.062,0.09,0.131,0.208
1/1/2026,10:28,2.26001072,2.6129935040000003,2.7459879039999997,2.818006048,2.7649871040000003,2.162019552,2.683983456,2.902988352,3.077021024,3.44600784,3.4979985919999996,2.72001488,0.086,0.054,0.074,0.084,0.138,0.171
1/1/2026,10:29,1.781990848,2.073997376,2.249013536,2.723010048,2.84898592,2.279993408,2.12701632,2.5909991359999998,2.767982272,3.2460021439999998,3.381008224,2.790021344,0.15,0.139,0.117,0.095,0.087,0.147
1/1/2026,10:30,2.133006656,2.496003136,2.826991552,3.132990432,3.164998496,2.939019776,2.818006048,3.148010976,3.606003456,4.3139807039999996,3.7069897919999995,3.3979957439999997,0.2,0.167,0.146,0.19,0.074,0.094
1/1/2026,10:31,1.9080114239999997,2.1380135040000003,2.845007264,3.06200048,3.229998112,3.590982912,2.37199424,2.4570212479999998,3.38498688,3.44600784,3.5439990079999997,4.004986656,0.105,0.087,0.102,0.058,0.073,0.049
1/1/2026,10:32,2.666012448,2.9439819199999997,3.029992416,2.9070117119999996,3.042017792,2.999996032,3.0409896,3.884017632,4.0030196799999995,3.357002176,3.614005472,3.865018432,0.087,0.145,0.146,0.097,0.121,0.19
1/1/2026,10:33,1.464994784,1.765003328,1.887000544,2.117002624,2.3770010879999997,2.439989024,2.193982912,2.390009952,2.3930051199999998,2.91201856,3.240995296,3.3979957439999997,0.265,0.201,0.133,0.223,0.16,0.209
1/1/2026,10:34,1.313984672,1.6629888000000002,1.962997344,2.4930079679999997,3.324010624,4.315008896,2.393988608,2.701999168,2.812015712,3.200985216,4.383003680000001,5.966017023999999,0.429,0.261,0.215,0.192,0.229,0.142
1/1/2026,10:35,1.8519973120000002,2.315980128,2.8470189439999998,3.500010272,4.708001759999999,3.7419930239999997,2.4829942719999996,2.902988352,3.760008736,4.67000336,5.314992672,4.635000128,0.195,0.139,0.13,0.155,0.055,0.107
1/1/2026,10:36,2.677009632,3.15699648,3.822996672,4.410988384,4.681984032,4.426992416,3.8440075520000003,4.4189904,4.642018656,4.95901472,4.941982496,4.72901264,0.193,0.235,0.098,0.052,0.027,0.061
1/1/2026,10:37,2.522020864,3.27300336,3.6760099200000003,4.32801776,5.052982528,5.162015584,3.108000896,3.995017664,4.2669968,5.114986976,5.664980288,5.6630133119999995,0.123,0.096,0.117,0.108,0.095,0.054
1/1/2026,10:38,3.00500288,3.444979648,3.94199872,4.7959792320000005,5.081995424,5.12598416,4.088985472,4.152018112,4.6860073920000005,5.493004,5.734003263999999,5.6630133119999995,0.173,0.102,0.13,0.062,0.058,0.053
1/1/2026,10:39,2.615988672,3.0290089279999997,3.4719808640000003,4.34500528,4.960981696,5.181014784,3.375017888,3.7719894079999996,3.9809806080000003,5.715004064,5.804009728,5.966017023999999,0.151,0.178,0.073,0.124,0.084,0.067
1/1/2026,10:40,2.869013312,3.284000544,3.857016416,4.848014688,5.5110197119999995,5.086018784,3.70998496,4.107001184,4.575990848,6.205004608,6.503001471999999,5.639007264,0.184,0.122,0.124,0.1,0.099,0.056
1/1/2026,10:41,3.046979936,3.6279978240000004,4.310002047999999,4.681000544,5.292014816,4.859011872,3.933013216,4.464007328,5.4360064,5.693009696,6.364016736,5.639007264,0.114,0.127,0.111,0.1,0.087,0.079
1/1/2026,10:42,3.3920054079999997,3.819018016,4.310002047999999,4.6469808,4.97197888,5.2829846080000005,3.887996288,4.464007328,4.884984896,5.292998304,5.4319830399999995,5.755997632,0.107,0.099,0.075,0.064,0.05,0.051
1/1/2026,10:43,2.969999648,3.395984064,4.023985856,4.586004544,5.330996704,5.539004416,3.5980014400000004,4.2189847039999995,4.84099616,5.358981408,6.0139844159999996,5.9189884159999995,0.107,0.13,0.087,0.079,0.085,0.037
1/1/2026,10:44,3.1489944640000003,3.7849982719999997,4.223008064,4.925978464,5.4289878719999995,5.3250063679999995,4.088985472,4.84300784,5.192995456,5.536992735999999,5.850993632,5.5690007999999995,0.177,0.179,0.115,0.062,0.044,0.029
1/1/2026,10:45,3.324994112,3.8790107839999997,4.545010976,5.003003456,5.498994336,5.209982976,4.088985472,4.507996063999999,5.038990176,5.671015328,5.89802224,5.802981536,0.14,0.118,0.061,0.067,0.039,0.057
1/1/2026,10:46,3.222979584,3.914014016,4.166993952,4.718015456,5.062996224,5.190983776,3.6879905920000002,4.754002175999999,4.973007072,5.447987072,5.571012479999999,5.639007264,0.081,0.104,0.113,0.092,0.051,0.057
1/1/2026,10:47,3.280021888,3.8309986879999998,4.017012031999999,4.32801776,5.37699712,5.496982656,4.42301376,5.466986272,5.745000448,5.804009728,5.99100656,5.89601056,0.159,0.141,0.167,0.17,0.055,0.064
1/1/2026,10:48,3.0659791359999997,3.598984928,4.418006912,5.228982176,5.852021824,5.891003712,4.088985472,4.865002208,5.082978912,6.094004576,6.52700752,6.386011104,0.121,0.117,0.087,0.094,0.082,0.048
1/1/2026,10:49,3.687007104,4.524000096,5.303995487999999,5.861990816,6.343005856,6.486013952,5.025981312,5.490008832,6.075005376,6.4499825280000005,6.7359987199999996,6.8300112319999995,0.159,0.105,0.105,0.09,0.042,0.033
1/1/2026,10:50,3.5749788799999997,4.0580056,4.82400864,5.376013632,6.5830216319999995,6.939983072,4.334008096,4.775996544,5.745000448,6.0049989120000005,7.575003392,7.694005439999999,0.106,0.107,0.08,0.055,0.092,0.065
1/1/2026,10:51,4.312997216,4.7519904959999995,4.921999808,5.244002719999999,6.1539973439999995,6.281984896,5.3600096,6.002987232,5.679017344,6.070982015999999,6.806005184,6.969979456,0.118,0.106,0.098,0.068,0.059,0.043
1/1/2026,10:52,3.419006624,4.06001728,4.475004512,5.27797776,5.942010976,5.617996384,4.401019391999999,5.35598624,5.656978272,5.937987616,6.806005184,6.456017568,0.121,0.153,0.136,0.082,0.084,0.062
1/1/2026,10:53,3.5870042559999997,4.580014208000001,5.184009951999999,5.568017311999999,5.490008832,5.082978912,4.534997280000001,5.40001968,5.723006079999999,5.937987616,6.386994592,5.826004096,0.145,0.111,0.067,0.042,0.074,0.093
1/1/2026,10:54,4.04101808,4.6459973119999995,4.924011488,5.165010752000001,5.1730127679999995,4.778008224,4.624002944,5.333991872,5.568017311999999,5.826987583999999,5.617996384,5.802981536,0.072,0.09,0.094,0.063,0.043,0.075
1/1/2026,10:55,3.679005088,4.221979872,4.618996096,5.097015968,4.778008224,4.816006624,4.177991136,5.065991392,5.568017311999999,5.78201536,5.710980704,5.382003967999999,0.088,0.133,0.107,0.059,0.094,0.077
1/1/2026,10:56,3.930018048,4.705990079999999,4.86401872,5.114986976,4.899021952,4.669019872,4.757980832,5.444991904,5.523983872,5.915993248,5.525012064,5.219013184,0.106,0.057,0.068,0.071,0.068,0.069
1/1/2026,10:57,3.441000992,4.529006944,4.780019904,4.965005056,4.89598208,4.358014144,4.044013248000001,5.0879857600000005,5.369978592,5.560015296,5.641018944,4.845019519999999,0.116,0.111,0.064,0.059,0.066,0.062
1/1/2026,10:58,3.246985632,3.750978528,4.13199072,4.816006624,5.06898656,4.670986848,4.11097984,4.865002208,5.038990176,5.358981408,5.967000511999999,5.848981952,0.144,0.126,0.103,0.071,0.102,0.115
1/1/2026,10:59,3.551017536,4.156980256,4.683995712,5.425992704,5.967000511999999,5.682996,4.2900193600000005,5.043997023999999,5.656978272,5.826987583999999,6.6899983039999995,6.153013855999999,0.145,0.158,0.111,0.073,0.053,0.044
1/1/2026,11:00,3.359997344,4.147011264,4.510991231999999,5.138009535999999,6.254000192,5.086018784,3.911018848,4.754002175999999,5.216018016,6.070982015999999,7.1559928,5.872987999999999,0.095,0.089,0.081,0.091,0.079,0.081
1/1/2026,11:01,3.90400032,4.3429936,4.532002112,4.88100624,5.831010944,5.745983936,5.382003967999999,5.645981088,5.612006048,5.78201536,6.597013983999999,7.017008064,0.154,0.147,0.137,0.135,0.071,0.138
1/1/2026,11:02,2.902004864,3.7699777279999998,4.4930202239999995,5.3410104,6.06499168,5.452010432,4.223008064,5.154997056,5.501989504,6.627993856,7.249021823999999,6.175991712,0.133,0.15,0.114,0.12,0.109,0.076
1/1/2026,11:03,3.7980071360000003,4.440984768,4.7009832320000005,4.873004224000001,5.449998752,5.557020128,4.6459973119999995,5.289019648,5.414012032,5.715004064,6.457001055999999,6.5499853759999995,0.138,0.111,0.112,0.091,0.087,0.088
1/1/2026,11:04,2.951983936,3.2659848319999996,3.50300544,4.05398224,5.0270095040000005,5.23997936,3.3979957439999997,3.86197856,3.914997504,4.913997792,5.850993632,6.900017696,0.093,0.096,0.061,0.115,0.069,0.13
1/1/2026,11:05,3.511007456,3.97999712,4.445008128,4.86401872,5.336003551999999,5.599980672,4.713008608,5.200013984,5.9869832,6.070982015999999,5.734003263999999,6.386011104,0.181,0.203,0.2,0.18,0.055,0.067
1/1/2026,11:06,4.155996768,4.778991712,5.268992256,5.563993952000001,5.335020064,5.241007552,5.1819982719999995,5.891003712,6.142016672,5.959981984000001,5.828015776,5.639007264,0.137,0.128,0.091,0.043,0.049,0.033
1/1/2026,11:07,3.8140111680000004,4.413000064,4.402986368,4.486001696,5.0700147520000005,4.813994943999999,4.37898032,5.154997056,5.016995808,5.048020384,5.525012064,5.406010016,0.083,0.091,0.079,0.078,0.044,0.062
1/1/2026,11:08,3.8740039360000003,4.532002112,5.030004672,5.3620212800000004,5.0810119359999995,4.759992512,5.1819982719999995,5.623003232,5.568017311999999,6.15998768,6.08399088,5.639007264,0.143,0.134,0.07,0.077,0.102,0.111
1/1/2026,11:09,3.6000131200000003,4.220996384,4.420018592,5.141988192,5.336003551999999,4.930001824,5.048020384,5.2220083520000005,5.369978592,6.0049989120000005,6.643014399999999,6.5499853759999995,0.204,0.155,0.12,0.086,0.107,0.171
1/1/2026,11:10,3.644001856,4.3990077119999995,4.859995359999999,5.312980992,5.677005664,5.558987104,4.223008064,5.176991424,5.479995136,6.18301024,6.2940102719999995,6.432995008,0.087,0.108,0.073,0.072,0.047,0.086
1/1/2026,11:11,3.563981696,4.1550132799999995,4.507012575999999,4.761020704,4.772017888,5.033983328,4.2900193600000005,5.021019168,5.1270123519999995,5.136981344,5.54798992,5.5690007999999995,0.087,0.087,0.078,0.04,0.062,0.054
1/1/2026,11:12,3.4499864959999997,4.047991904,4.25202096,4.4930202239999995,4.592978368,4.293998016,4.1340024,4.708985247999999,4.619979584,4.870009056,5.128979328,4.681984032,0.11,0.087,0.061,0.055,0.062,0.045
1/1/2026,11:13,3.1029940480000002,3.641006688,3.795995456,4.004003168,4.775996544,5.0810119359999995,3.508995776,4.085006816,4.245002432,4.580997696,5.780987167999999,6.129991296,0.087,0.067,0.061,0.076,0.128,0.152
1/1/2026,11:14,3.2910190719999997,3.606986944,3.719998656,4.317020576,5.011005472,5.232022048,3.8440075520000003,4.329984736,4.619979584,5.003003456,5.804009728,5.615984704,0.117,0.1,0.085,0.064,0.081,0.045
1/1/2026,11:15,2.8679851199999997,3.378996544,3.671003072,4.107001184,4.426008928,4.4930202239999995,3.933013216,4.619979584,4.619979584,4.848014688,5.3620212800000004,5.195990624,0.178,0.168,0.132,0.1,0.1,0.103
1/1/2026,11:16,3.313996928,3.744004704,3.917009184,4.0639959359999995,4.372989984,3.9399870399999997,4.1340024,4.2189847039999995,4.532002112,4.713992096,4.8720207360000005,4.285012512,0.163,0.099,0.089,0.081,0.062,0.073
1/1/2026,11:17,3.310018272,3.906012,4.13199072,4.5029892160000005,4.37898032,4.683012224,3.9999798079999995,4.619979584,4.6860073920000005,5.560015296,5.477983456,5.522016895999999,0.135,0.104,0.092,0.089,0.111,0.089
1/1/2026,11:18,3.362992512,3.8779825919999995,4.294981504,4.7009832320000005,5.772001664,5.652016128,4.513002912,4.976985728,5.4360064,5.671015328,6.270004224,6.245998176,0.153,0.121,0.133,0.12,0.052,0.083
1/1/2026,11:19,3.5749788799999997,4.320015744,4.829998976,5.2339890239999995,5.676022176,5.3779806080000006,4.580014208000001,5.065991392,5.634000416,5.693009696,6.479978912,6.105985248,0.126,0.099,0.074,0.052,0.08,0.093
1/1/2026,11:20,3.7080179840000005,4.285996,4.566021856,5.017979296,5.333008384,5.695021376,4.356985952,5.154997056,5.216018016,5.536992735999999,5.828015776,6.105985248,0.144,0.127,0.1,0.07,0.057,0.036
1/1/2026,11:21,3.811999488,4.531018624,4.629009792,5.084007104,5.542983072,5.4289878719999995,4.868980864,5.690014528,5.855016992,5.760020992,6.224003808,6.175991712,0.149,0.142,0.111,0.082,0.072,0.073
1/1/2026,11:22,4.009010016,4.76298768,5.043013536,5.447003584,5.436989888,4.903984096,4.95901472,5.91299808,5.899005728,6.026993279999999,6.340010688,5.942994464,0.159,0.129,0.059,0.065,0.077,0.102
1/1/2026,11:23,4.25000928,5.065991392,5.041001856,5.076005088,5.18298176,5.674993983999999,5.628010079999999,6.18099856,6.120022304,6.516010336,5.99100656,6.597013983999999,0.159,0.115,0.121,0.129,0.096,0.069
1/1/2026,11:24,3.8440075520000003,4.258994784,4.402986368,4.67000336,5.4740047999999994,5.56698912,4.669019872,4.954007872,5.082978912,5.3369870399999995,5.943977952,6.362988543999999,0.102,0.106,0.092,0.069,0.049,0.064
1/1/2026,11:25,3.6350163519999996,4.083978624,4.3049952000000005,4.497982368,5.18298176,5.258978559999999,4.334008096,4.821013472,5.260006752,5.358981408,5.734003263999999,6.573007936,0.109,0.077,0.126,0.122,0.061,0.143
1/1/2026,11:26,3.449003008,4.068019296,4.4169787199999995,4.76499936,5.060001056,5.901017408,4.445991616,5.021019168,5.038990176,5.382003967999999,6.224003808,6.900017696,0.173,0.151,0.088,0.07,0.097,0.09
1/1/2026,11:27,3.587987744,4.06001728,4.337003264,5.11302,5.312980992,5.236984192,4.312013728,4.708985247999999,5.238012384,5.560015296,5.89802224,6.525979328,0.073,0.077,0.081,0.056,0.059,0.104
1/1/2026,11:28,3.143987616,4.107001184,4.605003744,4.97399056,5.434978208,5.065007904,3.7989906240000004,5.333991872,5.899005728,5.78201536,5.99100656,6.29298208,0.099,0.149,0.126,0.069,0.064,0.095
1/1/2026,11:29,3.389993728,3.8820059519999996,4.494003712,4.819001792,5.601992352,5.690998016,5.003003456,5.244002719999999,6.075005376,6.494015968,6.52700752,7.179998847999999,0.206,0.194,0.208,0.178,0.103,0.131
1/1/2026,11:30,3.84297936,4.407009728,4.578002528,4.721010624000001,4.878011072,5.5500016,5.695021376,6.359009888,6.605016,6.272015904,5.804009728,6.5499853759999995,0.248,0.214,0.219,0.16,0.083,0.121
1/1/2026,11:31,3.054981952,3.7380143680000004,4.044013248000001,4.702994912,5.4689979520000005,5.87701136,4.602008575999999,5.11100832,4.797007424,5.826987583999999,6.2940102719999995,6.947001599999999,0.219,0.149,0.087,0.144,0.094,0.074
1/1/2026,11:32,3.9390035519999995,4.485018208,4.95700304,5.217001504,5.293981791999999,5.103006304,5.114986976,5.3779806080000006,5.523983872,5.893015392,6.107013439999999,6.105985248,0.163,0.113,0.079,0.075,0.073,0.105
1/1/2026,11:33,3.229014624,3.854021248,4.052015264,4.220012896,4.263018143999999,4.4420129600000005,4.2669968,4.976985728,5.1270123519999995,4.913997792,4.965988543999999,5.358981408,0.155,0.182,0.141,0.096,0.088,0.115
1/1/2026,11:34,2.377984576,2.83602176,3.08301136,3.46299536,4.84300784,5.133002688,3.086006528,3.327005792,3.8479862079999996,4.3360197760000005,5.501006016,6.410017152,0.136,0.136,0.15,0.129,0.075,0.113
1/1/2026,11:35,3.276982016,3.7080179840000005,4.147011264,4.95901472,5.179003104,5.284996288,4.2669968,4.84300784,5.414012032,5.671015328,5.710980704,5.872987999999999,0.149,0.122,0.134,0.081,0.046,0.062
1/1/2026,11:36,3.6939809279999998,4.337003264,4.607015424,4.650020672,4.80299776,4.2479976,4.445991616,4.84300784,5.303995487999999,5.582009663999999,5.734003263999999,5.14900672,0.102,0.083,0.069,0.066,0.084,0.114
1/1/2026,11:37,2.894002848,3.352978816,3.576007072,3.793983776,3.592011104,3.857016416,3.352978816,4.085006816,4.2010136959999995,4.402986368,4.220012896,4.285012512,0.132,0.121,0.093,0.098,0.085,0.071
1/1/2026,11:38,3.016000064,3.4130162879999997,3.52401632,3.820984992,3.620979296,3.5590195519999996,3.820984992,4.351979104,4.3560024639999995,4.3360197760000005,3.987015648,4.377996832,0.102,0.121,0.126,0.075,0.062,0.136
1/1/2026,11:39,1.9790013759999998,2.155984512,2.4900128,2.6699911039999997,3.167993664,2.794983488,2.5280112,2.6800048,2.9439819199999997,3.400990912,3.8939866239999996,3.6780215999999997,0.16,0.161,0.118,0.121,0.116,0.123
1/1/2026,11:40,2.3619805439999997,2.620012032,2.772005632,2.964009312,3.305994912,3.4529816639999997,3.554012704,3.638995008,3.914997504,4.225019744,4.242990752,4.705006592,0.23,0.247,0.238,0.226,0.163,0.223
1/1/2026,11:41,2.8349935680000002,3.208003744,3.2659848319999996,3.5270114880000003,3.765999072,3.297009408,3.4870014080000002,3.995017664,3.6939809279999998,3.97999712,4.383003680000001,3.8179898239999996,0.152,0.11,0.066,0.05,0.084,0.081
1/1/2026,11:42,2.418978144,2.75398992,2.8830056639999997,3.300004576,3.7840147840000005,3.6630010559999997,3.108000896,3.682983744,3.9809806080000003,4.001991488,4.2669968,4.72901264,0.176,0.183,0.151,0.114,0.055,0.155
1/1/2026,11:43,2.228002656,2.6420064,2.9679879679999996,3.343993312,3.587987744,3.4810110720000003,2.885017344,3.2819888639999997,3.186992864,4.1580084479999995,3.963993088,4.09801568,0.179,0.16,0.057,0.091,0.073,0.103
1/1/2026,11:44,2.3760176,2.52599952,2.634987872,2.896998016,3.194011392,3.395000576,3.241978784,3.259994496,3.319003776,3.668007904,4.079999968,4.215006047999999,0.199,0.153,0.137,0.144,0.104,0.092
1/1/2026,11:45,1.8620110079999999,2.249013536,2.62099552,2.980013344,3.435010656,3.226019456,2.327022016,3.5499893439999997,3.584009088,3.624019168,4.569017024,4.4020028799999995,0.117,0.208,0.165,0.101,0.208,0.205
1/1/2026,11:46,1.8849888639999999,2.181018752,2.344993024,2.536013216,3.0079980479999997,3.6479805119999997,2.327022016,2.41200432,2.5470104,3.067990816,3.7069897919999995,4.564993664,0.136,0.082,0.045,0.124,0.096,0.102
1/1/2026,11:47,2.1700215679999997,2.60601968,2.780007648,3.0690190079999997,4.4020028799999995,4.513002912,3.1750121919999996,3.5939780800000003,3.27501504,3.6909857600000002,5.244986207999999,5.289019648,0.248,0.183,0.094,0.098,0.147,0.127
1/1/2026,11:48,2.9930222079999997,3.670019584,4.247014112,4.970995392,4.829998976,4.191983488,4.602008575999999,5.734986751999999,5.810983552,6.427004672,5.921000095999999,5.171984576,0.287,0.257,0.206,0.154,0.09,0.137
1/1/2026,11:49,2.9139855359999998,3.4590167039999997,3.67198656,4.066007615999999,4.375001664,4.17401248,3.9550075839999996,4.486001696,4.775013056,4.67000336,5.128979328,5.032016351999999,0.133,0.132,0.123,0.07,0.086,0.112
1/1/2026,11:50,3.031020608,3.4039860799999997,3.432998976,3.463978848,3.208003744,3.4370223359999996,3.887996288,4.240979072,4.2010136959999995,4.691997728,4.057022112,3.7240220159999997,0.177,0.135,0.128,0.168,0.137,0.065
1/1/2026,11:51,2.254020384,2.449019232,2.640978208,2.9660209920000002,2.398011968,2.544015232,2.862978272,2.813982688,4.134985888,4.047008416,2.9379915839999997,3.584009088,0.136,0.102,0.155,0.171,0.112,0.195
1/1/2026,11:52,2.4760204480000003,3.086006528,3.227002944,3.44198448,2.87200848,2.672002784,3.286012224,3.682983744,4.134985888,4.535980768,3.8939866239999996,3.281005376,0.155,0.076,0.142,0.137,0.146,0.094
1/1/2026,11:53,2.650991904,2.845990752,3.1210097599999997,3.736002688,4.853021536,4.772017888,3.508995776,3.5939780800000003,4.2010136959999995,4.759009024,5.89802224,5.615984704,0.222,0.206,0.194,0.161,0.15,0.125
1/1/2026,11:54,3.44801952,4.166010464,4.45900048,5.200997472,5.5110197119999995,5.474988288,4.93599216,5.601008864,5.788989184,6.137993312,6.316988127999999,6.479978912,0.2,0.175,0.176,0.137,0.09,0.105
1/1/2026,11:55,3.606986944,4.25202096,4.401019391999999,4.802014272,5.1190103360000005,5.2840128,4.624002944,5.021019168,5.303995487999999,5.582009663999999,6.2940102719999995,6.270004224,0.132,0.105,0.109,0.104,0.099,0.102
1/1/2026,11:56,3.533001824,4.095020512,4.748995328,5.000008288,5.4110168640000005,5.13000752,4.892003423999999,5.40001968,5.238012384,5.582009663999999,7.2719996799999995,6.667020448,0.212,0.167,0.078,0.07,0.174,0.148
1/1/2026,11:57,4.597001728,5.101978112,5.255983392,5.014984128,5.779020192,5.477983456,5.60498752,6.113987264,5.87701136,5.848981952,6.643014399999999,6.129991296,0.091,0.095,0.071,0.084,0.068,0.067
1/1/2026,11:58,3.63398816,4.177007648,4.550017824,4.832994144,5.212978144,5.43399472,5.292998304,5.579014496,6.075005376,6.337999008,6.19999776,6.175991712,0.22,0.19,0.175,0.18,0.121,0.111
1/1/2026,11:59,4.272987136,4.600980384,4.908990944,5.268992256,5.837984768,5.398991488,5.159020416,5.35598624,5.788989184,6.070982015999999,6.479978912,5.98899488,0.115,0.098,0.102,0.071,0.058,0.074
1/1/2026,12:00,3.208987232,3.552001024,3.8250083520000002,4.4189904,5.360993088,5.20198096,3.755001888,4.307990368,4.532002112,5.247981376,6.08399088,6.0590013439999995,0.106,0.096,0.091,0.097,0.049,0.09
1/1/2026,12:01,2.6090148479999997,2.8679851199999997,3.0130048959999995,3.441000992,4.472009344,4.315992384,3.2190009280000003,3.6160171520000004,3.82599184,4.5139864,5.664980288,5.311997504,0.105,0.114,0.175,0.133,0.108,0.112
1/1/2026,12:02,2.991010528,3.6170006399999997,3.80900432,4.201997184,4.732991296,4.402986368,3.9999798079999995,5.043997023999999,5.192995456,5.447987072,5.4080216960000005,5.219013184,0.162,0.172,0.188,0.142,0.083,0.089
1/1/2026,12:03,4.069002784,4.605003744,4.91900464,4.983020767999999,4.965988543999999,4.401019391999999,4.757980832,5.645981088,6.053011008,6.361021568,5.384999135999999,4.892003423999999,0.144,0.121,0.129,0.136,0.072,0.072
1/1/2026,12:04,2.225990976,2.575978592,2.77298912,2.975989984,3.743021216,4.117998368,3.19700656,3.5270114880000003,3.42902032,3.7350192,4.453010144,4.7519904959999995,0.192,0.151,0.09,0.109,0.134,0.088
1/1/2026,12:05,2.290990592,2.720998368,3.202013408,3.587987744,3.914997504,4.4169787199999995,2.951983936,3.5050171199999998,3.82599184,4.291002848,5.03501152,5.452010432,0.186,0.172,0.096,0.12,0.223,0.133
1/1/2026,12:06,2.509012,2.7859979839999998,2.83602176,2.969999648,3.441000992,3.744004704,3.241978784,3.5050171199999998,3.4739925439999997,3.97999712,4.312997216,4.355018975999999,0.106,0.094,0.099,0.134,0.134,0.083
1/1/2026,12:07,2.425996672,2.626002368,2.778979456,2.866018144,3.15699648,3.8669854079999997,3.108000896,3.327005792,3.71602,4.001991488,3.7069897919999995,4.4949872,0.146,0.155,0.152,0.188,0.092,0.1
1/1/2026,12:08,1.700003712,2.116019136,2.339986176,2.52599952,2.961997632,3.7980071360000003,2.081999392,2.545982208,2.723993536,3.0450129599999998,4.126983872,4.635000128,0.111,0.099,0.1,0.103,0.172,0.101
1/1/2026,12:09,2.517014016,2.861011296,3.2650013440000003,3.4680022079999997,3.793983776,3.67198656,3.151989632,3.5050171199999998,3.760008736,4.201997184,4.429987584,4.4949872,0.134,0.12,0.066,0.114,0.101,0.105
1/1/2026,12:10,2.653987072,3.02601376,3.183014208,3.530006656,4.136997568,3.706006304,2.996017376,3.682983744,3.782003104,4.090997152,4.662984831999999,5.079000256,0.07,0.083,0.075,0.079,0.065,0.15
1/1/2026,12:11,2.415982976,2.837988736,3.1169864,3.413999776,3.6009966079999995,3.9069954879999997,2.729000384,3.327005792,3.7380143680000004,3.9580027519999996,4.057022112,4.424980736,0.07,0.112,0.106,0.069,0.08,0.062
1/1/2026,12:12,2.431987008,2.69699232,2.759980256,2.918008896,3.438989312,4.2980213759999994,2.996017376,3.1929832,3.253020672,3.6019800959999997,4.079999968,5.054994208,0.106,0.095,0.107,0.159,0.099,0.094
1/1/2026,12:13,2.2049800960000003,2.6429898880000002,3.054981952,3.6540155519999997,4.147011264,3.6460135360000003,2.9739783039999996,3.2150222719999997,3.5179812800000003,4.5139864,4.732991296,5.195990624,0.137,0.12,0.069,0.121,0.085,0.181
1/1/2026,12:14,2.5179975039999998,2.736018912,2.799990336,3.352978816,4.155996768,3.48601792,2.9739783039999996,3.23701664,3.38498688,3.8909914560000005,4.453010144,4.2619899519999995,0.093,0.09,0.109,0.116,0.062,0.204
1/1/2026,12:15,2.062016704,2.233009504,2.320986976,2.877998816,3.489013088,3.4719808640000003,2.594977792,2.701999168,2.636016064,3.3350078080000003,4.732991296,4.215006047999999,0.122,0.097,0.089,0.124,0.151,0.078
1/1/2026,12:16,2.192999424,2.4839777599999997,2.699987488,3.327005792,3.82599184,4.104989504000001,2.9739783039999996,3.5050171199999998,3.253020672,3.7570135679999996,4.475987999999999,4.4480032959999996,0.174,0.186,0.131,0.104,0.081,0.047
1/1/2026,12:17,2.095008256,2.458004736,2.975006496,3.121993248,3.525983296,3.703011136,2.439005536,3.10402224,3.7380143680000004,3.8909914560000005,4.312997216,4.2619899519999995,0.105,0.122,0.122,0.093,0.109,0.082
1/1/2026,12:18,2.025001792,2.42899184,2.604008,2.788993152,2.575978592,2.609998336,2.594977792,2.991994016,3.0329875840000002,3.200985216,3.21801744,3.2340214720000002,0.112,0.114,0.07,0.063,0.148,0.154
1/1/2026,12:19,1.6249904,1.927010624,2.040022336,2.325010336,2.720998368,3.058021824,2.550005568,3.10402224,2.767982272,2.777995968,3.100982368,3.74798336,0.311,0.292,0.177,0.105,0.094,0.133
1/1/2026,12:20,1.328021728,1.55100528,1.7540061439999999,1.9149852479999998,2.509995488,2.633020896,1.635987584,1.8100202559999998,2.282988576,2.4669902400000003,2.985020192,3.02400208,0.106,0.108,0.126,0.187,0.09,0.078
1/1/2026,12:21,1.348004416,1.4960193599999998,1.7359904320000001,1.9790013759999998,2.3410143679999997,1.8020182399999998,1.5690209919999998,1.74300896,2.084011072,2.311017984,2.612010016,2.790021344,0.119,0.125,0.137,0.1,0.077,0.261
1/1/2026,12:22,1.318008032,1.607019392,1.943998144,1.997017088,2.44799104,2.6090148479999997,1.681004512,2.3010042879999997,2.327022016,2.577990272,3.0079980479999997,3.070985984,0.138,0.214,0.093,0.138,0.134,0.155
1/1/2026,12:23,1.161991072,1.20901968,1.377017312,1.5119786880000001,1.803985216,2.0849945599999997,1.5240040639999999,1.632008928,1.643006112,1.9769896959999997,2.309006304,2.3229986559999998,0.225,0.122,0.082,0.181,0.145,0.062
1/1/2026,12:24,0.520980416,0.582001376,0.7559893440000001,1.139013216,1.784986016,1.9749780160000001,0.9889865919999999,1.0740136,1.136018048,1.310006016,2.14601552,2.813982688,0.472,0.414,0.298,0.068,0.109,0.188
1/1/2026,12:25,1.28099312,1.3979834880000002,1.5489936,1.5240040639999999,2.171988544,2.590015648,1.7480158080000001,2.1449873279999996,3.1430041280000003,2.956007296,3.4039860799999997,3.3039832319999998,0.236,0.308,0.444,0.367,0.277,0.176
1/1/2026,12:26,2.339986176,2.60199632,3.034015776,3.221996096,2.886000832,2.585992288,3.19700656,3.126016608,3.56201472,3.535013504,3.8939866239999996,3.00097952,0.157,0.111,0.091,0.053,0.232,0.106
1/1/2026,12:27,2.42899184,2.6610055999999997,2.958018976,3.094008544,2.458004736,2.813982688,3.1299952639999997,3.1929832,3.319003776,3.868997088,2.8219847039999997,4.4949872,0.23,0.164,0.098,0.104,0.118,0.195
1/1/2026,12:28,1.9449816319999997,1.7599964799999999,1.955978816,2.303999456,1.8439952960000001,1.89500256,2.4829942719999996,2.880010496,3.584009088,4.001991488,2.961997632,4.355018975999999,0.168,0.245,0.334,0.295,0.329,0.52
1/1/2026,12:29,2.2140103040000003,2.2440066880000002,2.0389941439999997,1.929022304,1.0120091519999999,0.687011072,3.554012704,3.6609893759999994,3.208987232,2.934012928,1.703982368,1.62297872,0.346,0.297,0.25,0.223,0.407,0.55
1/1/2026,12:30,1.220016864,1.375005632,1.691018208,1.9849917119999998,2.219017152,2.5330180479999997,1.9929937279999999,2.100015104,2.3049829440000003,2.444995872,3.614005472,4.681984032,0.35,0.245,0.177,0.11,0.395,0.462
1/1/2026,12:31,1.1500104,1.432003232,1.797011392,1.5089835200000001,2.633020896,4.4480032959999996,1.85901584,1.85499248,2.458988224,2.111012288,4.453010144,6.29298208,0.483,0.237,0.267,0.227,0.319,0.213
1/1/2026,12:32,1.4539976,1.91199008,1.9680041920000002,2.888012512,4.320015744,5.152001888,2.060005024,2.902988352,3.297009408,4.6029920639999995,4.941982496,6.5499853759999995,0.295,0.24,0.374,0.251,0.097,0.125
1/1/2026,12:33,3.7520067200000002,4.190016512,4.529006944,4.775996544,4.597985216,4.550017824,4.467985984,5.133002688,5.4360064,5.382003967999999,5.641018944,6.29298208,0.139,0.126,0.107,0.069,0.134,0.168
1/1/2026,12:34,3.27501504,3.476987712,3.744988192,3.9380200640000003,4.20798752,3.7710059199999995,4.534997280000001,4.708985247999999,4.466019008,4.67000336,5.595018528000001,5.615984704,0.176,0.167,0.122,0.127,0.12,0.209
1/1/2026,12:35,2.769993952,3.096020224,3.088018208,3.005986368,3.685978912,4.169005631999999,3.755001888,3.884017632,3.67198656,3.489996576,4.6860073920000005,6.22302032,0.172,0.148,0.107,0.103,0.122,0.226
1/1/2026,12:36,2.3760176,2.631009216,2.845990752,3.1910162239999997,3.960014432,4.778991712,3.19700656,3.5499893439999997,3.6939809279999998,4.402986368,4.802014272,6.597013983999999,0.159,0.145,0.138,0.133,0.108,0.171
1/1/2026,12:37,3.470013888,4.152018112,4.326989568,4.976985728,5.4289878719999995,5.3740019519999995,4.534997280000001,5.021019168,5.216018016,6.026993279999999,6.340010688,8.319995552,0.194,0.155,0.142,0.12,0.113,0.193
1/1/2026,12:38,3.151989632,3.463978848,3.7950119680000003,4.607015424,5.782998848,6.224003808,4.513002912,4.686990880000001,5.238012384,7.4729888639999995,8.809996095999999,8.279985472,0.188,0.197,0.171,0.238,0.243,0.171
1/1/2026,12:39,6.024981599999999,6.757993088,7.185989184,7.144995616,7.239991615999999,6.687986624,6.920983872,8.2300064,8.939995328,8.560011328,9.579977792,9.069994560000001,0.121,0.123,0.114,0.106,0.166,0.193
1/1/2026,12:40,4.477016192,4.976985728,5.238012384,5.690998016,6.004015424,5.779020192,5.582993151999999,6.2480098559999995,6.516010336,6.694021664,7.78497808,7.226982752,0.157,0.157,0.135,0.092,0.14,0.136
1/1/2026,12:41,2.6850116479999997,2.894986336,2.9830085119999996,3.2059920639999997,3.551017536,3.532018336,4.245002432,4.152018112,4.310985536,4.937020351999999,5.174979744,5.802981536,0.303,0.305,0.286,0.303,0.244,0.329
1/1/2026,12:42,1.53401776,1.973994528,2.273019584,2.3460212159999996,2.650991904,2.807992352,2.5280112,3.1929832,3.584009088,5.20399264,4.662984831999999,4.120993536,0.287,0.291,0.263,0.408,0.35,0.215
1/1/2026,12:43,4.5569916479999995,5.003003456,5.147978528,5.268008768,4.407993216,4.491008544,6.652983392,6.716016032000001,6.5830216319999995,6.516010336,5.011988959999999,5.54597824,0.315,0.217,0.13,0.107,0.067,0.135
1/1/2026,12:44,3.839984192,4.163015296,4.03699472,3.731979328,4.079999968,4.380992,5.850993632,5.490008832,5.54597824,4.759009024,4.8260203200000005,6.083007392,0.221,0.185,0.228,0.14,0.1,0.156
1/1/2026,12:45,3.6589776960000004,3.963993088,4.263018143999999,4.66799168,4.426992416,4.623019456,4.6910142399999994,5.043997023999999,5.303995487999999,5.871021024,6.457001055999999,5.498994336,0.205,0.18,0.156,0.169,0.154,0.128
1/1/2026,12:46,3.259011008,3.781019616,4.3480004480000005,4.673982015999999,4.57701904,3.9509842240000004,4.223008064,4.4189904,5.060984544,5.78201536,5.99100656,5.498994336,0.178,0.113,0.078,0.087,0.161,0.227
1/1/2026,12:47,2.664000768,2.8960145280000003,3.416994944,4.163998784,3.70998496,4.377013344,3.9999798079999995,3.995017664,4.664013024,5.225987008000001,4.89598208,5.24199104,0.19,0.175,0.152,0.12,0.176,0.129
1/1/2026,12:48,2.3470047039999997,2.588003968,2.44799104,2.653987072,3.0079980479999997,3.903016832,3.19700656,3.34900016,3.406981248,3.5130191359999996,3.7069897919999995,5.101978112,0.181,0.157,0.183,0.196,0.114,0.126
1/1/2026,12:49,2.750994752,2.980013344,3.0970037120000002,3.359013856,4.1619871040000005,5.558003616,3.3979957439999997,3.4380058239999998,3.8930031359999995,4.023985856,5.03501152,6.432995008,0.138,0.11,0.123,0.09,0.164,0.082
1/1/2026,12:50,2.342981344,2.70101568,3.384003392,4.036011232,4.759992512,5.68098432,2.79601168,3.327005792,4.6860073920000005,5.582009663999999,6.08399088,6.900017696,0.07,0.117,0.171,0.246,0.188,0.107
1/1/2026,12:51,2.8679851199999997,3.3579856639999996,3.685978912,4.102977824,4.673982015999999,4.426008928,3.7989906240000004,4.196006848000001,4.443979936,4.824992128,6.177019904,5.966017023999999,0.191,0.138,0.124,0.115,0.13,0.196
1/1/2026,12:52,3.638995008,4.239012096,4.889991744,5.306007168,5.025981312,4.621007776,6.587000288,6.33701552,6.71498784,7.518005791999999,6.61999184,6.6899983039999995,0.371,0.259,0.18,0.205,0.19,0.253
1/1/2026,12:53,2.954979104,3.50300544,4.076021312,4.765982847999999,6.08801424,6.023998112,4.312013728,4.440984768,5.501989504,6.760988256,7.2719996799999995,8.070010783999999,0.207,0.127,0.171,0.188,0.147,0.192
1/1/2026,12:54,3.132990432,3.801002304,4.20798752,4.466019008,4.093008832,4.903000608,3.7989906240000004,4.932013504,5.171001088,5.604004032,5.641018944,6.0590013439999995,0.16,0.129,0.114,0.117,0.153,0.121
1/1/2026,12:55,2.277981728,2.845990752,3.4620118719999997,3.432015488,4.67201504,5.219013184,3.933013216,4.486001696,4.951012704,5.225987008000001,5.525012064,7.087014527999999,0.181,0.22,0.162,0.268,0.106,0.144
1/1/2026,12:56,2.3920216319999996,2.577990272,2.785014496,3.364020704,3.8939866239999996,4.177007648,3.776996256,4.17401248,4.2669968,4.691997728,5.314992672,6.19999776,0.312,0.317,0.284,0.178,0.229,0.284
1/1/2026,12:57,2.7919883199999997,3.1199815679999996,3.299021088,3.430003808,3.6950091199999995,3.850981376,3.755001888,3.9509842240000004,4.377996832,4.424980736,4.523016608,4.5880162239999995,0.182,0.238,0.182,0.131,0.137,0.108
1/1/2026,12:58,1.727004928,2.0520030080000002,2.404985792,3.200985216,4.485018208,4.99097808,3.755001888,3.8170063359999995,3.936991872,4.824992128,7.109008896,6.667020448,0.51,0.4,0.288,0.291,0.328,0.197
1/1/2026,12:59,3.6330046719999998,4.188004832,4.518993248,5.289019648,6.086986048,5.79900288,5.159020416,6.06901504,6.71498784,7.740005856,8.809996095999999,6.922995552,0.22,0.225,0.243,0.259,0.174,0.106
1/1/2026,13:00,4.699999744,5.043997023999999,5.4570172800000005,5.688986335999999,6.318999807999999,6.649004736,6.229994144,6.492987776,7.244014976,7.339994464,8.089993472000002,8.159999936,0.15,0.177,0.177,0.147,0.099,0.102
1/1/2026,13:01,4.564993664,4.834022335999999,4.789988896,5.0750215999999995,4.8380009920000004,4.781003392000001,5.761987968000001,6.0470206719999995,5.855016992,6.538988192,6.340010688,6.129991296,0.194,0.194,0.184,0.214,0.17,0.175
1/1/2026,13:02,3.40800944,3.7069897919999995,3.9090071679999996,4.42100208,5.251021248,5.582993151999999,4.401019391999999,4.730979616,4.775013056,5.403998336,6.5499853759999995,7.577015072,0.152,0.135,0.124,0.165,0.121,0.23
1/1/2026,13:03,3.352978816,3.57900224,3.470013888,4.142987904,5.003986944,4.3900222079999995,4.534997280000001,4.865002208,5.568017311999999,5.582009663999999,7.342006144,8.019987008000001,0.18,0.205,0.297,0.165,0.207,0.257
1/1/2026,13:04,2.109984096,2.3410143679999997,2.498014816,2.740981056,3.8479862079999996,4.296993184,3.264017856,3.148010976,3.4739925439999997,3.9349801920000003,5.4550056,6.667020448,0.224,0.207,0.234,0.243,0.205,0.302
1/1/2026,13:05,1.386986304,1.6759976639999998,2.1700215679999997,2.693997152,4.683012224,5.875983167999999,2.5729834240000002,2.434982176,3.0329875840000002,3.668007904,6.479978912,6.922995552,0.354,0.248,0.167,0.194,0.196,0.128
1/1/2026,13:06,3.248013824,3.8339938559999998,4.497982368,6.040002144000001,8.360005632,10.699991807999998,7.567984863999999,8.539983936,8.590007712,9.849989952,11.909994976,13.55000592,0.576,0.593,0.507,0.331,0.245,0.177
1/1/2026,13:07,6.026993279999999,6.768006784,7.393013408000001,7.8109958079999995,8.83999248,9.900013728000001,8.750003328,8.990019104,10.330021504000001,10.209991264,10.369986879999999,11.920008672,0.213,0.206,0.233,0.192,0.083,0.089
1/1/2026,13:08,5.136981344,5.912014592,6.557987392,7.572008223999999,10.090005728,11.24998512,7.033012096,8.520001248,9.02998448,9.61001888,13.030008992,13.439989376,0.223,0.216,0.231,0.203,0.137,0.111
1/1/2026,13:09,7.456001344,8.079979776,8.829978784,9.689994336,12.050007904000001,11.960018752,9.5700088,9.9499928,10.989986656,10.82999104,13.609998688000001,13.160008223999998,0.176,0.167,0.146,0.104,0.062,0.062
1/1/2026,13:10,7.04400928,7.799998624,8.14998624,8.790013408,9.930010112,10.030012959999999,9.689994336,10.659981728,10.750015584,11.51999728,11.890012288,11.799978432,0.177,0.178,0.161,0.138,0.078,0.068
1/1/2026,13:11,5.696988352,6.300000608,6.857012448,7.382999712,9.350020416000001,10.399983264,8.390002016,8.189996319999999,8.56998032,9.429995872,11.259998816,11.409980736,0.123,0.113,0.095,0.146,0.114,0.078
1/1/2026,13:12,6.414979296,6.955987104,7.537988479999999,8.059997088,9.600005183999999,9.500002336,7.813007488,8.170013632,8.829978784,9.719990719999998,12.210003519999999,11.149982272,0.12,0.09,0.086,0.104,0.144,0.068
1/1/2026,13:13,7.031983904,7.680996575999999,8.049983392,8.479991168,8.679996864,8.760017024,8.279985472,8.809996095999999,9.180011104,9.480019647999999,10.599988960000001,9.890000032,0.082,0.087,0.06,0.087,0.094,0.059
1/1/2026,13:14,6.470993407999999,7.106997216,7.426004959999999,8.520001248,9.80001088,9.819993568,8.56998032,9.730004416,9.410013184,9.919996416,11.470018207999999,11.430008128,0.147,0.148,0.126,0.1,0.127,0.089
1/1/2026,13:15,7.2239875840000005,7.922979327999999,8.409984704,9.389985792,9.90998272,9.700008032,8.969991712,9.84002096,10.710005504,11.300008896,12.770010528,13.019995296,0.132,0.125,0.134,0.124,0.212,0.236
1/1/2026,13:16,6.63697936,7.079012512,7.732987328,8.409984704,10.520013504,11.620000128000001,8.460008479999999,9.329993024,10.130015808,11.340018976,12.369999135999999,13.060005376000001,0.192,0.188,0.191,0.174,0.08,0.053
1/1/2026,13:17,6.2420195199999995,7.047987936,7.256979136,8.249989088,10.599988960000001,12.069990592,8.790013408,10.019999264,9.3800168,10.810008352,13.560019616,13.690018848,0.209,0.178,0.176,0.148,0.124,0.079
1/1/2026,13:18,7.325018624,8.2300064,8.83999248,9.169997407999999,10.149998495999998,10.309994112,10.069978336,10.929993888,11.539979967999999,11.809992128,11.890012288,11.590003744,0.134,0.155,0.136,0.127,0.101,0.081
1/1/2026,13:19,7.597981248000001,7.9430067200000005,8.549997632,9.809979872,10.919980191999999,10.339990495999999,9.039998176000001,9.770014496,10.880014816000001,11.83001952,11.960018752,12.150010752,0.094,0.115,0.128,0.091,0.05,0.091
1/1/2026,13:20,7.517022304,8.360005632,8.779999712,9.370003104,9.730004416,9.670011648,9.640015264,10.599988960000001,10.95002128,11.51999728,12.259982592,11.500014592,0.123,0.124,0.154,0.144,0.121,0.099
1/1/2026,13:21,7.128008096,7.7560098879999995,8.049983392,8.869988864,10.060009344,10.230018656,10.000016576,10.439993344,10.620016352,12.58998752,13.590015999999999,12.499998368,0.135,0.167,0.147,0.193,0.165,0.112
1/1/2026,13:22,8.600021408,9.600005183999999,10.079992032,10.820022048,11.93999136,12.120014368,10.87000112,11.799978432,11.739985664,12.719986752,13.869997152,14.259994848,0.126,0.119,0.106,0.09,0.099,0.086
1/1/2026,13:23,7.699995776,8.56998032,9.120018336,10.109988416,11.660010208,11.389998047999999,10.729988192,11.70998928,12.069990592,13.0099816,13.209987296,12.919992448,0.18,0.179,0.161,0.116,0.053,0.067
1/1/2026,13:24,7.45998,8.030000703999999,8.620004095999999,9.020015488,10.109988416,10.599988960000001,9.779983488,10.220004959999999,11.170009664,10.569992576,11.509983584,12.499998368,0.126,0.125,0.12,0.096,0.085,0.107
1/1/2026,13:25,6.259990527999999,6.833989888,7.187017375999999,7.643981664,8.929981632,10.190008576,8.83999248,8.950009024,9.010001792,9.900013728000001,10.859987424,12.080004288000001,0.168,0.142,0.132,0.102,0.122,0.084
1/1/2026,13:26,6.386994592,6.846998752,7.7169832959999995,8.899985248,10.750015584,11.690006592,9.350020416000001,9.080008256,10.330021504000001,11.170009664,12.419978208,14.560003392,0.213,0.168,0.164,0.145,0.1,0.106
1/1/2026,13:27,7.5670013759999994,8.219992704,8.869988864,9.429995872,11.539979967999999,11.219988736000001,9.600005183999999,10.550009888,11.300008896,11.340018976,13.420006687999999,13.390010304,0.131,0.147,0.162,0.169,0.085,0.106
1/1/2026,13:28,5.975002528,6.346984512000001,6.709980992,7.472005376,9.25998656,9.860003648,8.370019328,7.78698976,7.509020288,9.7600008,11.33000528,13.13001184,0.146,0.116,0.081,0.099,0.109,0.19
1/1/2026,13:29,8.119989856,8.999988096000001,9.919996416,11.129999583999998,12.67000768,12.250013599999999,11.98000144,12.94001984,12.689990368,13.460016768000001,14.749995391999999,13.690018848,0.233,0.205,0.164,0.146,0.096,0.079
1/1/2026,13:30,8.289999168,9.039998176000001,9.589991488,10.659981728,13.109984448,13.200018304,10.710005504,11.440021823999999,11.679992896,13.190004607999999,14.400007775999999,14.960014783999998,0.132,0.138,0.108,0.113,0.059,0.071
1/1/2026,13:31,7.837997024000001,8.65000048,9.289982943999998,10.539996192,12.220017216,12.629997600000001,10.55997888,11.530010976,11.700020288,12.519981055999999,13.799990688000001,14.28002224,0.164,0.148,0.115,0.098,0.059,0.072
1/1/2026,13:32,8.4199984,9.050011871999999,9.770014496,10.480003424,10.190008576,10.109988416,11.6699792,11.400011744,12.069990592,12.410009216,13.23998368,12.77997952,0.175,0.141,0.118,0.111,0.114,0.095
1/1/2026,13:33,8.049983392,8.50001856,8.969991712,9.659997952,11.279981504,12.289978976,9.600005183999999,10.569992576,12.210003519999999,12.350016448,14.449986848,14.47001424,0.101,0.123,0.164,0.168,0.199,0.159
1/1/2026,13:34,8.300012864000001,9.15001472,9.210007488,10.009985568,11.500014592,11.79000944,9.659997952,11.200006047999999,10.68000912,11.969987743999999,13.46998576,14.159992,0.09,0.099,0.105,0.131,0.085,0.1
1/1/2026,13:35,8.50001856,8.92001264,9.350020416000001,10.350004192,12.600001216,12.719986752,9.749987103999999,10.569992576,11.319991583999998,12.459988288,15.450015328,14.999980160000002,0.102,0.111,0.123,0.125,0.103,0.101
1/1/2026,13:36,7.90702,8.490004864,8.999988096000001,9.389985792,9.67998064,11.219988736000001,10.149998495999998,10.279997728,10.68000912,11.51999728,12.470001984,13.859983456,0.126,0.102,0.101,0.085,0.15,0.158
1/1/2026,13:37,7.537988479999999,8.219992704,9.180011104,10.409996959999999,11.83001952,12.559991136,8.83999248,10.279997728,11.700020288,12.320020064,13.840000768,14.769978079999998,0.136,0.148,0.151,0.091,0.085,0.073
1/1/2026,13:38,7.374997695999999,7.8629865599999995,8.460008479999999,9.480019647999999,11.01998304,11.70998928,8.790013408,9.410013184,10.109988416,11.570021056,12.700004064,12.740014144,0.083,0.11,0.111,0.1,0.072,0.047
1/1/2026,13:39,6.543011552,7.058001632,7.628022336000001,8.439981088,10.230018656,11.340018976,8.100007168,8.430012095999999,9.099990944,9.970020192,12.190020832,13.439989376,0.122,0.1,0.085,0.082,0.103,0.103
1/1/2026,13:40,7.268021023999999,7.93898336,8.479991168,9.140001024,9.900013728000001,11.360001664,9.350020416000001,10.220004959999999,10.659981728,11.05999312,12.329989055999999,13.859983456,0.124,0.13,0.122,0.122,0.11,0.113
1/1/2026,13:41,8.490004864,9.080008256,9.730004416,10.529982496,12.299992671999998,12.930006144,10.889983808,11.379984352,12.120014368,12.570004832,13.959986304,14.47001424,0.147,0.137,0.129,0.135,0.132,0.08
1/1/2026,13:42,6.957998784,7.713988128,8.409984704,9.399999488,10.650012735999999,10.629985344,8.660014176,10.149998495999998,11.170009664,11.660010208,12.16999344,12.12998336,0.171,0.163,0.171,0.129,0.072,0.083
1/1/2026,13:43,7.2379799359999994,8.070010783999999,8.319995552,9.350020416000001,11.319991583999998,12.489984672,9.11000464,10.060009344,9.180011104,10.740001888,12.4400056,14.649992543999998,0.106,0.113,0.06,0.085,0.057,0.081
1/1/2026,13:44,7.345001311999999,7.908003487999999,8.27001648,8.92001264,10.9100112,12.229986208,9.370003104,10.079992032,10.460020735999999,11.300008896,13.030008992,13.269980064,0.142,0.129,0.116,0.133,0.123,0.08
1/1/2026,13:45,8.030000703999999,8.65000048,9.140001024,9.710021728000001,11.119985888,11.809992128,10.200022272,10.460020735999999,11.720002976,11.990015136,13.729984224,13.910007232,0.155,0.144,0.153,0.11,0.096,0.104
1/1/2026,13:46,8.579994016,9.329993024,9.99000288,10.469989728,10.750015584,11.14001328,10.529982496,11.799978432,12.159979744,13.479999456,13.379996607999999,13.690018848,0.152,0.134,0.102,0.113,0.151,0.129
1/1/2026,13:47,7.301996064,7.781982912000001,8.400015711999998,8.820009792,10.279997728,10.529982496,9.459992256,9.84002096,11.1000032,11.409980736,12.239999904,13.109984448,0.112,0.137,0.117,0.131,0.1,0.113
1/1/2026,13:48,7.012001216,7.770985727999999,8.56998032,9.389985792,11.170009664,11.60001744,8.209979008000001,9.189980096000001,10.620016352,11.609986432,12.4400056,12.71001776,0.116,0.121,0.101,0.088,0.069,0.064
1/1/2026,13:49,6.037006976,6.4039821120000004,6.60300432,7.268021023999999,7.921012352000001,8.769986015999999,7.857979712,8.119989856,8.699979552,9.010001792,9.370003104,10.959990272,0.139,0.133,0.14,0.11,0.121,0.143
1/1/2026,13:50,6.012017439999999,6.58199344,7.225999264,8.249989088,10.090005728,10.49001712,7.1660064960000005,8.140017248,8.170013632,9.319979327999999,11.769982048000001,12.340002752,0.141,0.177,0.081,0.069,0.087,0.119
1/1/2026,13:51,6.272015904,7.139988768,7.889004288000001,8.829978784,10.109988416,10.899997504,7.769018751999999,8.769986015999999,9.710021728000001,10.919980191999999,11.720002976,12.550022144,0.111,0.13,0.122,0.111,0.091,0.081
1/1/2026,13:52,7.304007744,8.260002784,8.630017792,8.669983168,10.149998495999998,11.1000032,9.220021184,10.190008576,10.729988192,10.590019968,12.139997056,12.77997952,0.15,0.141,0.13,0.124,0.096,0.101
1/1/2026,13:53,6.811012032,7.759005056,8.360005632,8.600021408,9.440009568,10.7200192,8.260002784,9.240003871999999,10.149998495999998,10.520013504,11.79000944,13.019995296,0.121,0.117,0.124,0.138,0.144,0.113
1/1/2026,13:54,7.041997599999999,8.019987008000001,8.460008479999999,9.549981408,11.749999359999999,12.029980512,8.750003328,9.90998272,9.819993568,10.769998271999999,14.359997695999999,13.230014687999999,0.131,0.129,0.117,0.07,0.076,0.047
1/1/2026,13:55,6.364016736,6.990006848,7.899017983999999,8.869988864,10.450007040000001,11.170009664,8.56998032,9.280013952000001,10.149998495999998,10.970003968,12.470001984,13.249997376,0.184,0.179,0.172,0.159,0.102,0.104
1/1/2026,13:56,6.987995168,7.683008255999999,8.539983936,9.459992256,10.55997888,10.019999264,8.370019328,10.190008576,10.380000576,10.610002655999999,11.820005823999999,11.899981279999999,0.094,0.132,0.102,0.067,0.069,0.122
1/1/2026,13:57,6.28001792,6.670999104,7.2289944319999995,7.707997792,9.960006496,11.000000352,7.813007488,8.539983936,9.559995104,9.540012416,11.400011744,11.799978432,0.107,0.13,0.139,0.144,0.094,0.032
1/1/2026,13:58,5.644014112,6.346001024,6.343989344,7.126979904,8.509987552,9.819993568,7.345001311999999,7.540983648,7.685019936,8.50001856,10.320007808,11.200006047999999,0.129,0.117,0.108,0.096,0.146,0.115
1/1/2026,13:59,6.681996288,7.0770008319999995,7.616980448,7.981005120000001,9.540012416,11.240016128,9.5700088,9.9499928,9.890000032,10.7200192,11.749999359999999,12.689990368,0.142,0.167,0.143,0.124,0.11,0.081
1/1/2026,14:00,7.299000896,8.189996319999999,8.539983936,9.3800168,11.2899952,12.199989824000001,8.260002784,9.29999664,10.000016576,11.279981504,13.590015999999999,14.330001312,0.074,0.058,0.074,0.084,0.094,0.116
1/1/2026,14:01,7.686986912,7.91998416,8.390002016,9.470005952000001,11.419994432,12.259982592,9.240003871999999,9.480019647999999,10.069978336,11.37001536,12.700004064,13.620012383999999,0.155,0.132,0.111,0.102,0.061,0.05
1/1/2026,14:02,6.884013664,7.589979232,8.110020864,8.209979008000001,10.120002112,12.120014368,8.0400144,8.790013408,9.159983712,9.900013728000001,11.579990048,13.390010304,0.111,0.111,0.087,0.104,0.074,0.06
1/1/2026,14:03,6.876995136,7.523012639999999,7.775992576,8.110020864,9.480019647999999,11.270012512,9.600005183999999,10.149998495999998,9.7600008,11.14001328,11.929977663999999,12.459988288,0.16,0.142,0.115,0.137,0.12,0.071
1/1/2026,14:04,6.800014848,7.510003776,7.946001888,8.860019871999999,10.429979648,11.799978432,8.790013408,9.440009568,10.380000576,10.650012735999999,12.069990592,12.67000768,0.153,0.145,0.124,0.122,0.106,0.038
1/1/2026,14:05,7.539016672,7.989007136,8.630017792,9.399999488,11.24998512,11.749999359999999,9.419982176,10.019999264,10.130015808,11.170009664,11.890012288,12.570004832,0.144,0.154,0.114,0.112,0.034,0.039
1/1/2026,14:06,6.8790068159999995,7.586984063999999,7.737010688000001,8.539983936,9.879986336,10.889983808,8.390002016,9.700008032,9.429995872,10.169981184000001,11.119985888,11.549993664,0.119,0.124,0.109,0.1,0.077,0.052
1/1/2026,14:07,6.286991744,7.2379799359999994,7.913993823999999,8.509987552,9.900013728000001,11.240016128,7.769018751999999,8.92001264,9.7600008,9.919996416,11.279981504,12.060021599999999,0.105,0.093,0.102,0.087,0.074,0.038
1/1/2026,14:08,5.7969912,6.361021568,7.0809794880000005,7.697000608,9.11000464,10.699991807999998,6.85401728,7.564006208,8.430012095999999,8.720006944,11.01998304,11.920008672,0.11,0.123,0.104,0.075,0.094,0.076
1/1/2026,14:09,6.229010656,7.117010912,7.651000192,8.349991936,9.860003648,11.189992352,7.678984895999999,8.300012864000001,9.069994560000001,9.540012416,11.349987967999999,11.969987743999999,0.131,0.106,0.088,0.083,0.082,0.03
1/1/2026,14:10,6.2519885120000005,7.142983936,7.680996575999999,8.2300064,10.369986879999999,11.149982272,8.189996319999999,9.010001792,9.229990176,10.209991264,11.490000896,11.799978432,0.145,0.137,0.153,0.128,0.075,0.033
1/1/2026,14:11,6.411000639999999,7.060013312,7.675006240000001,7.867993408,9.280013952000001,10.420010656,8.279985472,8.630017792,8.850006176,9.429995872,11.56000736,11.660010208,0.158,0.142,0.1,0.095,0.119,0.098
1/1/2026,14:12,5.504001184,6.6240152000000005,7.426988448,8.330009248,9.930010112,10.980017664,6.94297824,7.897989792000001,8.790013408,10.169981184000001,11.300008896,11.93999136,0.133,0.116,0.113,0.109,0.078,0.043
1/1/2026,14:13,6.46598656,7.367979168,7.80800064,8.339978239999999,9.710021728000001,11.129999583999998,7.702007456,8.609990400000001,9.229990176,9.879986336,11.070006816,12.499998368,0.109,0.087,0.083,0.097,0.088,0.067
1/1/2026,14:14,6.633000704,7.391001728,7.786006271999999,8.699979552,9.770014496,10.55997888,8.059997088,8.409984704,9.069994560000001,9.900013728000001,11.159995968,12.009997824000001,0.102,0.102,0.076,0.058,0.083,0.072
1/1/2026,14:15,6.267009056,7.0989952,7.63499616,8.730020640000001,10.629985344,12.499998368,7.388990048,8.990019104,8.899985248,11.300008896,12.069990592,13.759980608,0.104,0.105,0.079,0.13,0.09,0.067
1/1/2026,14:16,6.703990655999999,7.6530118719999995,8.479991168,9.140001024,10.789980960000001,11.270012512,8.530014944,9.5700088,9.710021728000001,10.480003424,12.540008448,12.570004832,0.138,0.102,0.091,0.079,0.095,0.068
1/1/2026,14:17,6.765995104,7.326002111999999,7.929014368,8.579994016,9.789997183999999,10.590019968,7.968979744,8.430012095999999,9.670011648,10.190008576,10.460020735999999,11.570021056,0.098,0.104,0.121,0.106,0.052,0.039
1/1/2026,14:18,7.0740056639999995,7.908003487999999,8.339978239999999,8.7999824,9.900013728000001,10.659981728,7.946985376000001,8.950009024,9.359989407999999,9.809979872,10.599988960000001,11.70998928,0.067,0.073,0.068,0.07,0.052,0.029
1/1/2026,14:19,6.343005856,7.014996384,7.461008192,8.119989856,10.469989728,11.360001664,8.240020096,8.969991712,8.390002016,9.210007488,11.720002976,12.949988831999999,0.162,0.134,0.055,0.087,0.068,0.08
1/1/2026,14:20,6.340994176,6.9160217280000005,7.493016255999999,7.889004288000001,8.939995328,9.710021728000001,8.4199984,8.809996095999999,9.410013184,9.250017568,10.669995424,10.799994655999999,0.147,0.15,0.155,0.11,0.118,0.06
1/1/2026,14:21,5.114986976,5.490008832,5.674993983999999,6.259990527999999,8.14998624,8.390002016,6.42999984,6.426021184,6.71498784,7.5619945280000005,9.090021952,9.67998064,0.131,0.129,0.134,0.109,0.075,0.105
1/1/2026,14:22,4.489980352,5.017979296,5.5110197119999995,5.9869832,7.185989184,8.260002784,5.872987999999999,6.448015552,6.803010016,7.450994496,8.339978239999999,9.519985024,0.129,0.13,0.101,0.139,0.108,0.112
1/1/2026,14:23,5.585004832,5.774013344,6.175991712,6.535993024,7.420014623999999,8.929981632,7.545990496,6.871988288,7.04602096,7.940011552,9.29999664,10.469989728,0.129,0.109,0.086,0.095,0.098,0.072
1/1/2026,14:24,5.498010848,5.901017408,6.395980096,7.098011712,8.50001856,8.809996095999999,7.188984351999999,6.805021696,7.090009696,8.449994784,9.319979327999999,9.48998864,0.132,0.102,0.06,0.101,0.067,0.052
1/1/2026,14:25,4.491992032,4.7860102399999995,5.12598416,5.384015647999999,6.002003744,6.736982208,5.739010112,6.18099856,6.4499825280000005,6.7389938879999995,7.458996512000001,7.577015072,0.156,0.151,0.13,0.142,0.119,0.084
1/1/2026,14:26,3.238000128,3.48601792,4.049020096,4.897010272,6.289986912,7.794008288,4.245002432,4.4189904,5.4360064,5.715004064,7.994997472,9.069994560000001,0.188,0.179,0.169,0.106,0.126,0.149
1/1/2026,14:27,4.309018559999999,4.612022272,5.05199904,5.596985504,6.505996639999999,7.152997632000001,6.29700544,6.33701552,6.6929934719999995,8.189996319999999,8.110020864,8.630017792,0.187,0.162,0.151,0.172,0.097,0.13
1/1/2026,14:28,4.82400864,5.254999904,5.4570172800000005,5.955019839999999,7.339010975999999,8.059997088,6.519988992,7.161983136,6.846998752,7.361988832,8.620004095999999,9.540012416,0.171,0.172,0.146,0.156,0.121,0.113
1/1/2026,14:29,4.884001408,5.347984224,5.490992319999999,5.69998352,6.172013056,7.296005727999999,6.42999984,7.1179944,7.04602096,7.406022272,8.179982624,9.169997407999999,0.153,0.155,0.153,0.184,0.161,0.132
1/1/2026,14:30,4.570984,4.948017536,5.092992607999999,5.707985536,5.880006528,5.905979552,6.630989024,6.960993952,6.7810156479999995,7.7620002239999994,7.296005727999999,7.6010211199999995,0.15,0.144,0.138,0.216,0.121,0.156
1/1/2026,14:31,4.742021504,5.128979328,5.330996704,5.4719931200000005,6.671982592,8.049983392,6.42999984,7.161983136,7.707014304,7.4729888639999995,9.069994560000001,9.050011871999999,0.225,0.238,0.241,0.227,0.182,0.098
1/1/2026,14:32,4.788021919999999,5.225987008000001,5.7060185599999995,6.576003104,7.190996031999999,7.94099504,7.567984863999999,7.897989792000001,8.260002784,9.02998448,9.250017568,9.210007488,0.258,0.247,0.243,0.208,0.236,0.105
1/1/2026,14:33,5.281017632,5.945006144,6.154980832,6.443992192,7.5249796159999995,8.100007168,6.987995168,7.340977951999999,7.331992447999999,7.629005824,8.65000048,9.169997407999999,0.154,0.083,0.072,0.079,0.064,0.076
1/1/2026,14:34,4.72901264,5.26099024,5.972990848,6.454005888,7.702990944000001,8.200010016,5.582993151999999,6.18099856,6.7810156479999995,7.250988799999999,8.65000048,9.399999488,0.101,0.096,0.084,0.06,0.076,0.099
1/1/2026,14:35,4.394000864,4.930001824,5.273999104,5.823008928,6.013000927999999,6.7810156479999995,4.95901472,5.78000368,6.383999424,6.71699952,7.364984000000001,8.159999936,0.075,0.081,0.101,0.107,0.097,0.099
1/1/2026,14:36,3.8870128,4.204992352,4.439017792,5.03098816,5.798019392,6.969979456,5.003003456,4.9989800959999995,5.238012384,6.18301024,6.52700752,7.764011903999999,0.122,0.083,0.082,0.129,0.08,0.082
1/1/2026,14:37,4.291002848,4.6029920639999995,4.910019136,5.612989536,6.570996256,7.090993184,6.475016768,7.564006208,7.531014655999999,7.651000192,8.530014944,9.120018336,0.236,0.245,0.227,0.155,0.172,0.14
1/1/2026,14:38,5.439985056,5.939999296,6.394996608,6.971991136,9.410013184,9.7600008,6.920983872,7.6530118719999995,8.279985472,9.389985792,11.700020288,10.940007584,0.181,0.177,0.192,0.166,0.12,0.087
1/1/2026,14:39,5.577986304,6.27800624,6.736982208,6.708014016,7.063991968,8.730020640000001,6.563977727999999,7.764011903999999,8.430012095999999,8.209979008000001,8.88000256,11.660010208,0.096,0.107,0.123,0.164,0.11,0.125
1/1/2026,14:40,4.851993344,5.3250063679999995,5.54597824,6.169017888,6.974986304000001,8.019987008000001,7.122017759999999,7.91998416,8.260002784,8.50001856,9.860003648,9.90998272,0.191,0.186,0.206,0.204,0.203,0.099
1/1/2026,14:41,5.217001504,5.690014528,6.040002144000001,6.251005024,7.775009087999999,8.890016256,6.340994176,7.073022175999999,7.222020608,8.409984704,9.210007488,9.979989184,0.13,0.117,0.093,0.126,0.141,0.073
1/1/2026,14:42,5.12799584,5.877994848,6.232989312,6.833989888,8.56998032,8.750003328,6.29700544,7.474017056,8.170013632,9.050011871999999,10.000016576,10.030012959999999,0.125,0.115,0.103,0.132,0.103,0.056
1/1/2026,14:43,5.733019776,6.315021152,6.803010016,7.732987328,9.069994560000001,9.039998176000001,7.769018751999999,7.9430067200000005,8.520001248,9.589991488,10.929993888,10.959990272,0.17,0.131,0.099,0.116,0.125,0.094
1/1/2026,14:44,4.794995744,5.257011584000001,5.902984384,6.844003583999999,8.409984704,8.709993248,6.273982879999999,6.871988288,7.59699776,8.699979552,9.670011648,10.149998495999998,0.15,0.154,0.167,0.172,0.099,0.086
1/1/2026,14:45,5.558987104,6.037990464,6.181982048,6.860007616,7.477012224,8.330009248,6.9660008,8.520001248,8.50001856,8.560011328,9.090021952,10.360017888,0.13,0.154,0.16,0.159,0.137,0.108
1/1/2026,14:46,5.308018848,5.739010112,6.05001584,6.52298416,6.98298832,7.621003807999999,7.0770008319999995,7.451977983999999,7.222020608,7.718011488,8.409984704,8.720006944,0.145,0.126,0.128,0.093,0.076,0.054
1/1/2026,14:47,4.026981024,4.226003232,4.529006944,4.979980896000001,6.040002144000001,6.435006688,5.292998304,5.75698112,5.87701136,6.094004576,7.575003392,7.320011776,0.139,0.136,0.134,0.117,0.156,0.07
1/1/2026,14:48,2.90598352,3.0219904,3.27099168,4.012005184,5.820997248,6.411000639999999,3.6650127359999995,4.351979104,4.532002112,4.781003392000001,8.019987008000001,8.070010783999999,0.127,0.138,0.133,0.139,0.16,0.135
1/1/2026,14:49,3.50099376,3.8179898239999996,4.291986336,5.271987424000001,6.809000351999999,7.4219816,4.1340024,4.7979909119999995,4.951012704,6.7389938879999995,8.530014944,8.319995552,0.133,0.084,0.092,0.117,0.15,0.078
1/1/2026,14:50,4.187021344,4.4930202239999995,4.7430049919999995,5.3399822079999995,5.712008896,6.015012608,5.159020416,5.712992384,5.810983552,6.56098256,7.296005727999999,8.209979008000001,0.141,0.161,0.115,0.132,0.134,0.184
1/1/2026,14:51,3.064995648,3.2249912640000002,3.743021216,4.141020928,5.709997216,6.54198336,3.70998496,3.638995008,4.84099616,4.913997792,7.482019071999999,7.694005439999999,0.106,0.086,0.116,0.109,0.223,0.143
1/1/2026,14:52,2.815994368,2.986987168,3.318020288,4.32600608,5.777992,6.487980928,3.911018848,4.17401248,4.4880133760000005,5.64902096,7.504996928,7.6010211199999995,0.261,0.242,0.181,0.161,0.125,0.117
1/1/2026,14:53,2.149994176,2.347988192,3.008981536,3.928989856,5.017979296,5.346017248,3.108000896,3.34900016,4.047008416,5.20399264,6.19999776,6.5499853759999995,0.177,0.195,0.154,0.126,0.103,0.096
1/1/2026,14:54,1.967020704,2.111012288,2.601012832,3.081983168,4.3990077119999995,3.990010816,3.352978816,3.370994528,4.179019328,4.55801984,5.710980704,4.91498128,0.308,0.297,0.35,0.305,0.172,0.165
1/1/2026,14:55,1.699020224,1.762991648,2.195994592,2.8830056639999997,3.403002592,3.5890159359999996,2.26001072,2.434982176,3.936991872,4.870009056,4.941982496,4.962009888,0.201,0.19,0.328,0.303,0.172,0.175
1/1/2026,14:56,1.426012896,1.5299943999999999,2.247985344,2.136001824,2.417994656,3.432015488,1.792004544,2.1220094720000002,3.38498688,4.535980768,3.917009184,6.386011104,0.15,0.163,0.226,0.323,0.315,0.426
1/1/2026,14:57,2.9439819199999997,3.0899851839999997,3.23500496,3.869980576,5.983004544,7.0310004159999995,6.340994176,5.690014528,5.303995487999999,5.5149983680000005,8.509987552,9.44997856,0.392,0.282,0.233,0.202,0.19,0.179
1/1/2026,14:58,4.122021728,4.635983616,5.076988576,6.381004256,8.240020096,9.410013184,5.939999296,6.782982624,6.935020927999999,8.2300064,9.809979872,10.009985568,0.288,0.301,0.269,0.181,0.145,0.05
1/1/2026,14:59,3.25601584,3.35101184,3.655982528,3.9319850240000003,5.542983072,6.973019328,4.8469864959999995,4.910019136,4.906979263999999,6.361021568,7.878007103999999,8.999988096000001,0.219,0.2,0.184,0.266,0.206,0.154
1/1/2026,15:00,2.8310149119999997,2.899009696,3.084978336,4.096004,4.960981696,7.107980704,3.97798544,3.5939780800000003,4.2669968,5.5149983680000005,6.968995968,8.929981632,0.187,0.116,0.173,0.192,0.206,0.109
1/1/2026,15:01,2.37400592,2.460016416,3.42700864,4.355018975999999,5.363004768000001,5.658989952,3.6430183680000003,3.6609893759999994,4.7519904959999995,5.471009632,7.015979872,8.300012864000001,0.307,0.256,0.164,0.187,0.227,0.217
1/1/2026,15:02,2.6949806400000003,2.872991968,3.0899851839999997,3.2949977280000002,5.041985344,6.47000992,3.755001888,3.6160171520000004,4.310985536,4.6469808,6.52700752,8.790013408,0.161,0.126,0.163,0.202,0.131,0.135
1/1/2026,15:03,2.4989983039999997,3.031020608,3.3130134399999998,3.446991328,3.746016384,5.398991488,3.0409896,3.5499893439999997,3.760008736,3.8019857919999995,5.03501152,7.997992639999999,0.122,0.084,0.075,0.062,0.123,0.186
1/1/2026,15:04,3.27099168,3.456021536,3.4110046080000003,3.7490115520000002,3.928989856,3.9580027519999996,3.97798544,4.061984256,3.9589862399999998,4.291002848,4.405981536,5.6630133119999995,0.081,0.069,0.069,0.073,0.093,0.196
1/1/2026,15:05,2.880010496,2.95001696,2.964009312,2.9679879679999996,2.366987392,3.4439961599999998,3.375017888,3.370994528,3.4739925439999997,3.7350192,3.333979616,5.101978112,0.097,0.115,0.128,0.128,0.272,0.16
1/1/2026,15:06,2.8770153279999997,3.027980736,3.1599916479999997,2.9459936,2.93101776,3.8769991039999994,3.241978784,3.2819888639999997,3.540020352,3.489996576,4.057022112,5.872987999999999,0.092,0.073,0.097,0.119,0.305,0.162
1/1/2026,15:07,2.26001072,2.512990656,2.666012448,3.173984,4.064979424,4.320999232,2.818006048,3.08099968,3.406981248,3.624019168,4.89598208,5.289019648,0.112,0.118,0.131,0.088,0.1,0.133
1/1/2026,15:08,4.486001696,4.827003808000001,4.97399056,5.306990656,6.7840108159999994,5.596002016,6.719994688,6.917005216,6.825004384,7.13900528,9.440009568,9.050011871999999,0.322,0.285,0.24,0.224,0.19,0.235
1/1/2026,15:09,3.546994176,3.8129829760000002,3.9570192639999995,4.374018176,7.431995296,8.279985472,4.913997792,4.775996544,5.414012032,5.5149983680000005,9.860003648,9.280013952000001,0.137,0.142,0.207,0.199,0.107,0.067
1/1/2026,15:10,3.8930031359999995,4.061984256,4.017012031999999,3.8559882240000003,4.242007264000001,5.0270095040000005,5.783982335999999,5.601008864,5.59001168,5.225987008000001,6.107013439999999,7.109992384,0.218,0.149,0.184,0.211,0.248,0.216
1/1/2026,15:11,3.113991232,3.202013408,3.308006592,3.755001888,5.427020896,6.516993823999999,3.44198448,3.906012,4.090997152,4.713992096,9.48998864,9.979989184,0.07,0.097,0.1,0.161,0.307,0.245
1/1/2026,15:12,4.277010496,4.638978784,5.171001088,5.674993983999999,6.9369879039999995,7.104985536,4.913997792,5.958015008,6.957015296,7.4729888639999995,9.039998176000001,8.980005408,0.12,0.152,0.204,0.183,0.157,0.11
1/1/2026,15:13,4.529990432,4.99097808,4.987982912,5.225987008000001,5.384999135999999,5.062012736,6.920983872,7.139988768,6.383999424,6.694021664,7.854984544000001,6.782982624,0.175,0.15,0.153,0.161,0.239,0.138
1/1/2026,15:14,3.1489944640000003,3.2190009280000003,3.5899994239999997,4.669019872,5.721977888,7.1319867519999995,4.11097984,4.240979072,4.708001759999999,7.339994464,9.649984256,9.67998064,0.138,0.162,0.149,0.194,0.266,0.181
1/1/2026,15:15,4.613989247999999,5.000008288,5.20399264,5.568017311999999,6.730991872000001,7.851989376,6.519988992,6.514982144,6.4720216,7.361988832,8.739989631999999,9.890000032,0.143,0.155,0.147,0.157,0.165,0.157
1/1/2026,15:16,4.548006144,4.6849792,4.892986912,4.853021536,5.948001312000001,5.3319801920000005,5.2710039360000005,5.490008832,5.788989184,5.982021056,7.575003392,6.479978912,0.082,0.086,0.083,0.132,0.121,0.088
1/1/2026,15:17,3.302999744,3.533001824,3.9809806080000003,4.740993312,5.417990688,4.770989696,4.312013728,5.065991392,5.28200112,5.982021056,7.364984000000001,7.226982752,0.19,0.211,0.146,0.13,0.255,0.324
1/1/2026,15:18,2.680988288,2.823012896,3.2249912640000002,3.497015104,4.147011264,4.738981632,3.554012704,3.995017664,4.4880133760000005,5.025981312,5.152001888,6.597013983999999,0.239,0.252,0.228,0.248,0.157,0.213
1/1/2026,15:19,3.0329875840000002,3.222979584,3.40800944,3.779007936,4.039989888,5.008993792,3.70998496,3.928989856,4.245002432,4.691997728,5.780987167999999,8.300012864000001,0.103,0.119,0.088,0.094,0.173,0.261
1/1/2026,15:20,3.478999392,3.993989472,4.550017824,4.968000224,6.238979648,6.475016768,5.449015264,5.91299808,6.053011008,6.18301024,8.110020864,7.973986591999999,0.261,0.28,0.158,0.104,0.138,0.143
1/1/2026,15:21,4.34701696,4.651987648,4.816006624,5.523983872,5.211994656,5.715004064,5.628010079999999,5.93602064,5.701011712000001,7.984983775999999,6.782982624,6.736982208,0.152,0.137,0.128,0.208,0.171,0.087
1/1/2026,15:22,3.444979648,3.53899216,3.492008256,3.5289784639999997,4.120010048,5.041985344,4.245002432,4.351979104,4.179019328,4.225019744,5.780987167999999,6.245998176,0.135,0.152,0.116,0.12,0.187,0.153
1/1/2026,15:23,2.6749979519999996,2.6429898880000002,2.780991136,2.707006016,3.246985632,3.679005088,3.70998496,3.906012,3.9809806080000003,3.57900224,4.102977824,4.657977984,0.268,0.31,0.239,0.236,0.163,0.155
1/1/2026,15:24,2.699987488,2.923999232,3.251008992,3.302999744,3.9689999359999995,4.34500528,3.6879905920000002,4.0179955199999995,4.3999912,4.358014144,4.941982496,5.615984704,0.161,0.176,0.191,0.139,0.13,0.138
1/1/2026,15:25,2.3930051199999998,2.775984288,3.0659791359999997,3.162003328,5.030004672,5.398008,3.19700656,3.392988896,3.914997504,4.1580084479999995,7.388990048,7.226982752,0.128,0.121,0.136,0.122,0.199,0.154
1/1/2026,15:26,3.6019800959999997,3.7989906240000004,4.071997952,4.179019328,4.475004512,5.344005568,4.245002432,4.196006848000001,4.619979584,5.114986976,5.292014816,6.713020864,0.093,0.062,0.055,0.133,0.156,0.096
1/1/2026,15:27,2.4989983039999997,2.6429898880000002,3.0539984639999997,3.324994112,4.2479976,5.162999072,3.286012224,3.682983744,3.914997504,4.180002816,5.384999135999999,6.105985248,0.171,0.172,0.132,0.132,0.115,0.079
1/1/2026,15:28,2.344993024,2.712012864,2.994989184,3.202996896,4.199002016,4.009010016,3.018995232,3.5270114880000003,3.82599184,4.3139807039999996,5.4319830399999995,5.452010432,0.078,0.144,0.123,0.113,0.131,0.16
1/1/2026,15:29,3.1150194239999998,3.30899008,3.527994976,3.7699777279999998,4.28398432,4.464007328,4.177991136,4.240979072,4.377996832,4.95901472,5.54798992,5.54597824,0.186,0.14,0.115,0.162,0.152,0.111
1/1/2026,15:30,2.813982688,3.0729976640000003,3.514986112,3.8490143999999997,4.6910142399999994,4.667008192,3.86600192,4.2189847039999995,4.642018656,5.3369870399999995,6.08399088,5.779020192,0.231,0.212,0.218,0.28,0.176,0.108
1/1/2026,15:31,3.511007456,3.620979296,3.871008768,4.147011264,5.244986207999999,5.866997664,4.6459973119999995,4.642018656,4.906979263999999,4.80299776,7.504996928,7.7169832959999995,0.169,0.16,0.127,0.078,0.218,0.184
1/1/2026,15:32,4.651987648,5.128979328,5.406010016,5.772001664,6.42999984,6.124984448,5.493987488,5.93602064,6.16401104,6.605016,7.6679877119999995,7.320011776,0.14,0.082,0.073,0.086,0.078,0.088
1/1/2026,15:33,4.524983584,4.857000192,5.171001088,5.415979008,5.761987968000001,5.739010112,5.515981856,6.002987232,6.31801632,6.337999008,6.432995008,6.643014399999999,0.143,0.144,0.117,0.098,0.052,0.068
1/1/2026,15:34,4.239012096,4.716987264,4.964021568,5.404981824,5.114003488,4.662001344,7.055006464,6.827999552,6.120022304,6.026993279999999,6.107013439999999,6.29298208,0.221,0.175,0.119,0.078,0.069,0.132
1/1/2026,15:35,3.620979296,3.928989856,4.237983904,4.822980448,5.03299984,5.43399472,5.939999296,5.690014528,5.59001168,6.048987648,6.08399088,6.479978912,0.237,0.199,0.154,0.135,0.111,0.114
1/1/2026,15:36,3.728000672,3.928989856,4.158991936,4.537992448,5.027992992,5.114986976,4.93599216,5.065991392,5.303995487999999,5.848981952,5.943977952,6.432995008,0.183,0.136,0.143,0.119,0.095,0.106
1/1/2026,15:37,4.691997728,4.908007456,5.3740019519999995,5.866014176,5.967000511999999,5.848981952,6.408005472,6.738010399999999,6.273982879999999,6.605016,7.412012608,6.667020448,0.161,0.157,0.1,0.066,0.102,0.09
1/1/2026,15:38,3.7350192,4.461995647999999,4.976985728,5.73798192,7.5530090240000005,7.76597888,4.6910142399999994,5.734986751999999,6.142016672,6.960993952,8.479991168,8.669983168,0.149,0.171,0.138,0.098,0.082,0.08
1/1/2026,15:39,4.04101808,4.4569888,5.016995808,6.045008992,7.04400928,7.445987647999999,5.1819982719999995,5.533997568,6.273982879999999,7.00601088,8.130003552,8.4199984,0.135,0.124,0.118,0.067,0.095,0.068
1/1/2026,15:40,4.799019103999999,5.26099024,5.815006911999999,6.281001408,6.760004768,7.48099088,6.519988992,6.224987295999999,6.605016,7.184022208,7.1319867519999995,8.179982624,0.118,0.116,0.073,0.073,0.035,0.06
1/1/2026,15:41,4.088985472,4.404014559999999,4.829998976,5.117982144,5.847014976,5.850993632,5.159020416,5.289019648,5.899005728,6.094004576,6.573007936,7.017008064,0.098,0.092,0.138,0.104,0.082,0.088
1/1/2026,15:42,3.700999456,3.8870128,4.139009248,4.643985632,5.880006528,6.4529776960000005,4.334008096,4.619979584,4.862990528,5.403998336,6.782982624,7.531014655999999,0.097,0.081,0.088,0.116,0.095,0.074
1/1/2026,15:43,3.6609893759999994,3.9740067839999997,4.396012544,5.165010752000001,6.3059909439999995,6.9160217280000005,4.334008096,4.730979616,5.501989504,5.893015392,7.0859863359999995,8.159999936,0.119,0.078,0.106,0.071,0.081,0.076
1/1/2026,15:44,5.622019744,5.950012992,6.324006656,6.6929934719999995,7.222020608,7.187017375999999,6.519988992,7.0280052479999995,7.023981888,7.4729888639999995,8.549997632,9.25998656,0.116,0.094,0.071,0.051,0.087,0.101
1/1/2026,15:45,4.721994112,5.473021312,6.229010656,7.158987967999999,8.100007168,8.679996864,6.14098848,7.184022208,8.349991936,8.65000048,9.389985792,10.030012959999999,0.128,0.1,0.112,0.107,0.086,0.066
1/1/2026,15:46,5.030004672,5.6209915520000004,5.75698112,6.416007488,7.4729888639999995,7.9450184,6.719994688,7.496994911999999,7.30999808,8.140017248,9.319979327999999,9.280013952000001,0.196,0.174,0.167,0.166,0.148,0.09
1/1/2026,15:47,3.887996288,4.4049980479999995,4.810016288,5.447003584,6.4890091199999995,7.340977951999999,5.159020416,5.75698112,6.186005408,7.383983199999999,8.790013408,9.329993024,0.193,0.19,0.18,0.198,0.191,0.141
1/1/2026,15:48,5.019007488,5.4289878719999995,5.647992768,6.1450118400000004,6.627993856,7.109008896,6.118010624,7.00601088,7.177987168,8.049983392,9.370003104,9.630001567999999,0.107,0.128,0.129,0.147,0.241,0.215
1/1/2026,15:49,4.22698672,4.4480032959999996,4.941982496,4.97399056,4.89799376,4.816006624,5.582993151999999,6.113987264,6.4499825280000005,6.427004672,6.131019488,6.013000927999999,0.116,0.144,0.153,0.165,0.141,0.11
1/1/2026,15:50,2.766998784,2.8509976,3.37001104,3.879994272,4.57701904,6.373985728,4.155996768,4.263018143999999,4.2669968,5.915993248,6.52700752,8.439981088,0.19,0.16,0.151,0.15,0.159,0.176
1/1/2026,15:51,3.186992864,3.617984128,4.088985472,5.30100032,6.7300083840000005,7.63499616,3.9550075839999996,4.440984768,5.479995136,6.938999584,8.600021408,8.999988096000001,0.149,0.137,0.184,0.137,0.152,0.129
1/1/2026,15:52,4.8499816639999995,5.225987008000001,5.980992863999999,6.890003999999999,8.119989856,8.470022175999999,6.519988992,6.895010848,7.640986496000001,8.50001856,10.160012192,9.960006496,0.193,0.183,0.2,0.161,0.135,0.092
1/1/2026,15:53,5.652999616,6.010989248,6.3549865279999995,6.42999984,6.8879923199999995,7.239008128,7.299984383999999,7.764011903999999,7.59699776,7.740005856,7.645009856000001,9.020015488,0.173,0.166,0.14,0.121,0.068,0.111
1/1/2026,15:54,3.032004096,3.1659819839999996,3.6000131200000003,4.107001184,5.6639968,6.375997408,4.044013248000001,4.152018112,5.303995487999999,5.804009728,7.17901536,8.2300064,0.123,0.146,0.138,0.185,0.103,0.123
1/1/2026,15:55,3.926978176,4.52002144,4.989011104,6.22302032,8.88000256,8.669983168,5.939999296,7.2289944319999995,8.079979776,8.760017024,10.230018656,9.84002096,0.201,0.235,0.23,0.194,0.091,0.094
1/1/2026,15:56,5.089013952,5.314009184,5.676022176,5.729979904,6.749991071999999,7.702990944000001,6.652983392,6.960993952,7.177987168,7.7620002239999994,8.760017024,10.190008576,0.166,0.151,0.141,0.143,0.129,0.17
1/1/2026,15:57,5.233005535999999,5.702978688,6.435990176,7.7169832959999995,8.990019104,8.969991712,7.033012096,7.00601088,8.079979776,8.92001264,10.090005728,10.030012959999999,0.178,0.126,0.13,0.097,0.051,0.044
1/1/2026,15:58,5.695021376,6.337999008,6.987995168,7.9000014720000005,8.890016256,8.83999248,6.69800032,7.139988768,8.520001248,8.939995328,9.719990719999998,9.870017344,0.084,0.076,0.111,0.08,0.054,0.063
1/1/2026,15:59,5.352991072,5.577986304,6.032000128,6.56500592,7.296005727999999,6.814990688,6.743017248,6.895010848,7.398020256,8.070010783999999,8.479991168,7.881002272,0.137,0.126,0.116,0.118,0.091,0.092
1/1/2026,16:00,4.085006816,4.437006112,4.7039784000000004,4.89799376,5.225987008000001,5.082978912,5.695021376,5.712992384,6.009022272,6.337999008,6.340010688,6.713020864,0.173,0.117,0.113,0.146,0.144,0.156
1/1/2026,16:01,2.975989984,3.221996096,3.3210154559999996,3.7520067200000002,4.0129886720000005,4.377013344,3.620979296,3.884017632,3.782003104,4.11299152,4.638978784,5.219013184,0.149,0.105,0.091,0.058,0.119,0.083
1/1/2026,16:02,2.2250074879999997,2.3920216319999996,2.550989056,2.87402016,3.208003744,3.7920168,3.062983968,2.969999648,3.164998496,3.8019857919999995,4.3360197760000005,6.713020864,0.175,0.138,0.152,0.159,0.103,0.269
1/1/2026,16:03,1.997017088,2.006002592,2.6550152639999998,3.535996992,6.023014624,6.7190112,2.4170111679999997,2.3229986559999998,4.134985888,5.582009663999999,6.968995968,8.0400144,0.111,0.111,0.219,0.268,0.123,0.098
1/1/2026,16:04,3.568005056,3.86600192,4.229981887999999,4.818018304,6.838013248,7.385011392,4.513002912,4.821013472,5.303995487999999,5.982021056,8.159999936,9.280013952000001,0.133,0.137,0.123,0.151,0.123,0.122
1/1/2026,16:05,4.101994336,4.588999712,4.981992576,5.3170043520000005,6.040002144000001,6.952991936,6.007010592,6.4039821120000004,6.803010016,6.4499825280000005,7.412012608,8.699979552,0.249,0.243,0.206,0.144,0.15,0.117
1/1/2026,16:06,4.286979488,4.74801184,5.257011584000001,5.712008896,6.470993407999999,6.708997504,6.207016288,6.426021184,6.538988192,8.140017248,7.7620002239999994,7.834018368,0.221,0.207,0.165,0.217,0.157,0.108
1/1/2026,16:07,4.050987072,4.26900848,4.510991231999999,4.789988896,5.417990688,5.480978624,5.20399264,5.154997056,5.4360064,5.760020992,6.8760116479999995,6.270004224,0.138,0.109,0.108,0.094,0.111,0.067
1/1/2026,16:08,3.8330103679999996,4.2040088639999995,4.285012512,4.394000864,4.369011327999999,4.104989504000001,5.136981344,5.200013984,5.4360064,5.760020992,6.665992256,5.755997632,0.156,0.124,0.105,0.124,0.27,0.161
1/1/2026,16:09,3.308006592,3.535996992,3.808020832,3.944993888,3.029992416,3.238983616,4.02201888,4.464007328,4.729996128,4.5139864,3.776996256,3.865018432,0.117,0.119,0.122,0.088,0.121,0.088
1/1/2026,16:10,1.646984768,1.7450206400000001,2.1609913599999997,2.315980128,3.6650127359999995,4.088985472,2.885017344,2.991994016,2.9439819199999997,3.0899851839999997,4.756013856,5.24199104,0.332,0.288,0.158,0.239,0.174,0.176
1/1/2026,16:11,2.723010048,2.81098752,3.157979968,3.3119852479999996,2.491979776,2.626002368,4.11097984,4.263018143999999,4.334008096,4.892003423999999,3.801002304,4.237983904,0.226,0.27,0.252,0.291,0.24,0.449
1/1/2026,16:12,2.850014112,2.809020544,3.016000064,3.210015424,2.688006816,3.037994432,3.731979328,3.6609893759999994,3.67198656,4.424980736,3.4039860799999997,4.028009216,0.236,0.231,0.157,0.152,0.136,0.167
1/1/2026,16:13,2.3950168,2.3509833600000003,2.176011904,2.455993056,3.00500288,3.71602,3.0409896,3.037010944,2.9439819199999997,2.91201856,3.636983328,4.51800976,0.157,0.21,0.255,0.109,0.127,0.118
1/1/2026,16:14,1.156984224,1.270979424,1.6629888000000002,2.3930051199999998,3.278993696,3.7680107520000004,1.4349984,1.5649976319999999,2.084011072,2.956007296,3.8939866239999996,4.237983904,0.089,0.117,0.132,0.104,0.112,0.059
1/1/2026,16:15,1.188992288,1.3169798400000001,1.513990368,1.8620110079999999,2.3829914239999996,3.2890073920000003,1.9929937279999999,1.9659925120000001,2.1950111039999998,2.488984608,2.9379915839999997,3.584009088,0.299,0.281,0.32,0.269,0.125,0.067
1/1/2026,16:16,1.353011264,1.461016128,1.857987648,2.149994176,2.5280112,3.873020448,1.7480158080000001,1.8320146239999997,2.173016736,2.422018016,2.961997632,4.7519904959999995,0.171,0.117,0.071,0.085,0.083,0.108
1/1/2026,16:17,1.624006912,1.70501056,1.767015008,1.770010176,2.558991072,2.934996416,2.0149880959999997,2.0330038079999997,2.3049829440000003,2.08901792,3.614005472,3.9349801920000003,0.139,0.119,0.148,0.093,0.157,0.193
1/1/2026,16:18,1.389981472,1.307994336,1.348987904,1.3470209279999998,1.78301904,2.431987008,1.70299888,1.608986368,1.5329895679999999,1.621011744,2.2160219839999997,2.9070117119999996,0.174,0.156,0.09,0.102,0.148,0.1
1/1/2026,16:19,0.40300655999999996,0.501981216,0.601000576,1.3500160959999998,1.70299888,2.150977664,0.788980896,0.8740079040000001,1.0699902399999999,1.7769840000000001,2.23899984,2.439989024,0.382,0.293,0.291,0.139,0.192,0.08
1/1/2026,16:20,0.31699606399999997,0.524020288,0.88200992,0.8889837439999999,1.237987872,1.4690181439999999,0.36500815999999997,0.828990976,1.0260015040000001,1.064983392,1.61001456,1.762991648,0.066,0.345,0.087,0.197,0.201,0.125
1/1/2026,16:21,0.297996864,0.395004544,0.603995744,0.931988992,1.580018176,2.14199216,0.297996864,0.538996128,0.7609961919999999,1.332000384,2.425996672,2.953995616,0.0,0.187,0.093,0.225,0.262,0.295
1/1/2026,16:22,0.43899328,0.552004992,0.9550115519999999,1.2439782080000001,1.78100736,2.3010042879999997,1.302004,1.4310197439999999,1.95200016,1.687978336,2.14601552,2.626985856,0.677,0.741,0.573,0.281,0.109,0.081
1/1/2026,16:23,1.1070051520000002,1.091984608,1.250996736,1.139996704,1.646984768,1.405002016,1.413004032,1.408980672,1.467006464,1.310006016,2.006002592,1.927010624,0.192,0.139,0.079,0.071,0.122,0.153
1/1/2026,16:24,0.801006272,0.882993408,0.9850079359999999,1.0349870079999999,0.684015904,0.57601104,1.055997888,0.9850079359999999,1.1800067840000001,1.24299472,1.144020064,0.89899744,0.248,0.069,0.129,0.088,0.339,0.212
1/1/2026,16:25,0.532022304,0.674985696,0.828007488,0.769981696,0.5700207039999999,1.191987456,0.833014336,1.0299801599999998,1.047995872,1.153989056,0.747987328,1.5530169600000001,0.368,0.412,0.211,0.287,0.225,0.174
1/1/2026,16:26,0.297996864,0.317979552,0.427996096,0.351999296,0.387986016,1.248001568,0.297996864,0.338006944,0.563002176,0.48700537599999993,0.538996128,1.62297872,0.0,0.022,0.147,0.145,0.25,0.147
1/1/2026,16:27,0.297996864,0.321019424,0.421022272,0.33098841599999995,0.622994944,1.269995936,0.297996864,0.338006944,0.584996544,0.33098841599999995,0.93498416,1.575994816,0.0,0.028,0.192,0.0,0.238,0.184
1/1/2026,16:28,0.297996864,0.335995264,0.644989312,0.657998176,0.833997824,1.1839854399999998,0.297996864,0.382979168,0.7609961919999999,0.887016768,1.213981824,1.716007744,0.0,0.08,0.096,0.286,0.213,0.169
1/1/2026,16:29,0.305015392,0.568992512,0.934000672,0.85898736,1.139996704,1.664016992,0.387002528,0.695013088,1.091984608,1.064983392,1.424001216,2.090001408,0.059,0.181,0.101,0.153,0.116,0.083
1/1/2026,16:30,0.29898035199999995,0.465011008,0.5129784,0.638015488,1.3120176959999998,1.752977952,0.319991232,0.6280017920000001,0.695013088,0.842983328,1.797011392,2.2769982399999997,0.013,0.127,0.148,0.249,0.189,0.111
1/1/2026,16:31,0.303003712,0.511011424,0.525003776,0.471984832,1.342997568,1.342997568,0.319991232,0.584013056,0.606990912,0.730999808,1.680021024,1.692985184,0.03,0.053,0.091,0.29,0.132,0.136
1/1/2026,16:32,0.30801056,0.636003808,0.6730187200000001,0.33098841599999995,1.112012,1.137985024,0.343013792,0.739985312,0.871996224,0.33098841599999995,1.540008096,1.5299943999999999,0.055,0.069,0.163,0.0,0.129,0.175
1/1/2026,16:33,0.74499216,0.833014336,0.8889837439999999,0.432019456,0.733994976,0.9649805439999999,1.055997888,0.9630135679999999,0.9820127679999999,0.619999776,0.9580067199999999,1.20298464,0.314,0.125,0.066,0.269,0.176,0.092
1/1/2026,16:34,0.89698576,0.528982432,0.48901705600000006,0.34900412799999997,0.379984,0.793004256,1.302004,0.650979648,0.62898528,0.508999744,0.562018688,1.085994272,0.164,0.11,0.129,0.135,0.155,0.173
1/1/2026,16:35,0.690989728,0.852013536,0.7559893440000001,0.332016608,0.40501824000000003,0.4939792,0.899980928,1.0740136,0.91598496,0.352982784,0.747987328,0.619016288,0.156,0.173,0.122,0.012,0.494,0.105
1/1/2026,16:36,0.8319861439999999,0.78097888,0.787997408,0.43501462399999996,0.5069880640000001,0.823984128,0.966992224,1.1630192639999999,1.091984608,0.5980054079999999,0.608019104,1.4599879359999999,0.1,0.22,0.142,0.225,0.095,0.294
1/1/2026,16:37,0.414987232,1.3470209279999998,1.369998784,1.020011168,0.346992448,1.0729854079999999,0.655003008,1.654003296,1.7100174080000001,1.443000416,0.562018688,1.4359818880000002,0.313,0.163,0.135,0.292,0.378,0.158
1/1/2026,16:38,0.9360123519999999,1.2619939199999999,1.8629944959999998,1.9389912959999998,0.6499961599999999,0.820005472,1.2789814400000001,1.519980704,2.084011072,2.22201232,0.817993792,1.015987808,0.259,0.162,0.072,0.109,0.14,0.167
1/1/2026,16:39,1.308977824,1.6379992639999998,2.0389941439999997,2.269979712,1.721014592,0.722014304,1.4800153280000001,2.01100944,2.1950111039999998,2.355990208,2.100015104,0.969003904,0.096,0.186,0.045,0.024,0.246,0.139
1/1/2026,16:40,1.480998816,1.919008608,1.70299888,2.011992928,1.963980832,1.115990656,1.770010176,2.166981696,1.973994528,2.1550010239999997,2.052986496,1.786014208,0.149,0.071,0.088,0.046,0.04,0.285
1/1/2026,16:41,1.57000448,1.4839939839999998,1.5119786880000001,1.714979552,1.91199008,1.634020608,1.770010176,1.6759976639999998,1.621011744,1.865989664,1.9829800320000002,1.786014208,0.085,0.042,0.061,0.052,0.026,0.062
1/1/2026,16:42,1.443000416,1.437993568,1.329988704,1.72400976,1.8460069760000002,1.1630192639999999,1.59101536,1.608986368,1.400978656,1.911006592,2.052986496,1.6000008639999999,0.042,0.068,0.027,0.074,0.059,0.167
1/1/2026,16:43,1.413004032,1.404018528,1.462983104,1.681004512,2.0639836799999998,1.028013184,1.502009696,1.519980704,1.66500048,1.7989783680000002,2.425996672,1.4359818880000002,0.02,0.029,0.083,0.053,0.076,0.224
1/1/2026,16:44,1.446979072,1.353994752,1.5420197759999998,1.657981952,1.681004512,0.6309969599999999,1.5469819200000001,1.497986336,1.643006112,1.887984032,2.168993376,1.20298464,0.046,0.069,0.058,0.066,0.204,0.395
1/1/2026,16:45,1.28099312,1.545014944,1.624006912,1.697008544,1.115990656,0.687011072,1.5469819200000001,2.0330038079999997,1.841983616,1.911006592,1.516985536,1.20298464,0.16,0.139,0.09,0.065,0.16,0.406
1/1/2026,16:46,0.682987712,1.156984224,1.4739802880000001,1.5420197759999998,1.328021728,0.774988544,0.966992224,1.4310197439999999,1.732011776,1.7989783680000002,1.656998464,1.1329781760000002,0.237,0.075,0.099,0.11,0.17,0.4
1/1/2026,16:47,0.655986496,1.2150100160000001,1.424984704,1.307994336,1.302004,0.549993312,0.833014336,1.3420140799999998,1.5329895679999999,1.732995264,1.61001456,0.782007072,0.146,0.044,0.063,0.22,0.177,0.249
1/1/2026,16:48,0.717007456,1.3549782400000001,1.486005664,1.28501648,1.118985824,0.527015456,0.87798656,1.519980704,1.5990173760000002,1.465978272,1.703982368,0.8060131199999999,0.166,0.058,0.048,0.119,0.19,0.29
1/1/2026,16:49,0.853980512,1.610998048,1.673002496,1.578006496,1.348987904,0.9770059200000001,0.9889865919999999,1.721014592,1.7540061439999999,1.732995264,1.749982784,1.670007328,0.102,0.052,0.028,0.052,0.146,0.367
1/1/2026,16:50,0.758001024,1.7249932479999999,1.7869976959999998,1.557979104,1.202001152,0.9269821439999999,0.966992224,1.85499248,1.9080114239999997,1.7100174080000001,1.446979072,1.156000736,0.12,0.063,0.048,0.044,0.096,0.189
1/1/2026,16:51,0.89899744,1.732011776,1.8249960959999998,1.47702016,1.136018048,0.841016352,0.9889865919999999,1.8320146239999997,2.10600544,1.8439952960000001,1.49400768,1.063016416,0.071,0.04,0.056,0.111,0.197,0.172
1/1/2026,16:52,0.93498416,1.6329924159999998,1.659010144,1.510011712,0.918980128,0.880981728,1.0790204479999999,1.8989812159999997,1.776000512,1.8439952960000001,1.167981408,1.248985056,0.08,0.059,0.038,0.074,0.147,0.199
1/1/2026,16:53,0.8360095040000001,1.443983904,1.5329895679999999,1.557979104,1.104993472,1.24701808,0.9449978560000001,1.586992,1.621011744,1.732995264,1.400978656,1.4599879359999999,0.097,0.083,0.031,0.057,0.161,0.093
1/1/2026,16:54,0.95599504,1.426996384,1.578006496,1.653019808,1.2949854719999998,0.9569785279999999,1.413004032,1.608986368,1.7100174080000001,1.754989632,1.586992,1.366020128,0.306,0.084,0.047,0.047,0.118,0.222
1/1/2026,16:55,1.0869777600000001,1.3519830720000001,1.437993568,1.45198592,0.9610018880000001,0.55298848,1.4349984,1.5420197759999998,1.5329895679999999,1.510011712,1.191003968,0.688978048,0.119,0.078,0.038,0.024,0.157,0.163
1/1/2026,16:56,0.872979712,1.05300272,1.1329781760000002,1.267000768,1.14799872,0.849018368,1.0790204479999999,1.207991488,1.2910068160000001,1.377017312,1.377017312,1.063016416,0.112,0.086,0.065,0.082,0.123,0.185
1/1/2026,16:57,0.720002624,0.8349813119999999,0.9759777279999999,1.101014816,0.987019616,1.017016,0.833014336,0.9630135679999999,1.047995872,1.175983424,1.144020064,1.296013664,0.096,0.078,0.032,0.035,0.096,0.12
1/1/2026,16:58,0.48199852800000004,0.579989696,0.857020384,1.199005984,0.980984576,0.844995008,0.63300864,0.717007456,1.0260015040000001,1.2649890879999999,1.098019648,1.085994272,0.183,0.079,0.117,0.032,0.05,0.174
1/1/2026,16:59,0.3039872,0.536984448,0.784018752,0.977989408,1.20901968,0.562018688,0.319991232,0.6280017920000001,0.937979328,1.221000352,1.424001216,0.828990976,0.033,0.078,0.11,0.181,0.129,0.263
1/1/2026,17:00,0.300992032,0.717007456,0.7369901440000001,0.681020736,1.077992256,0.49701907199999995,0.319991232,0.7619796799999999,0.7609961919999999,0.753977664,1.213981824,0.641994144,0.027,0.039,0.03,0.07,0.076,0.187
1/1/2026,17:01,0.30599888,0.49000054400000004,0.622011456,0.7939877439999999,1.2180051840000001,0.969003904,0.343013792,0.650979648,0.717007456,0.9090111359999999,1.331016896,1.248985056,0.042,0.157,0.1,0.079,0.071,0.308
1/1/2026,17:02,0.31002224,0.525003776,0.657998176,0.749999008,1.17102128,0.9850079359999999,0.319991232,0.6730187200000001,0.739001824,0.9090111359999999,1.446979072,1.178978592,0.035,0.156,0.088,0.104,0.099,0.112
1/1/2026,17:03,0.300992032,0.46201584,0.7870139199999999,0.774005056,0.966992224,0.88200992,0.343013792,0.6730187200000001,0.871996224,0.931988992,1.0740136,1.20298464,0.033,0.208,0.085,0.124,0.093,0.153
1/1/2026,17:04,0.40099488,0.4559808,0.6790090559999999,0.59299856,0.950988192,0.9470095359999999,0.63300864,0.538996128,0.8060131199999999,0.687011072,1.098019648,1.0390103679999998,0.319,0.118,0.102,0.083,0.076,0.096
1/1/2026,17:05,0.482982016,0.375021856,0.747987328,0.684015904,0.693001408,0.6350203200000001,0.60998608,0.449990464,0.828007488,0.798011104,0.864977696,0.969003904,0.18,0.091,0.052,0.085,0.085,0.283
1/1/2026,17:06,0.51700176,0.37600534399999996,0.6689953599999999,0.427012608,0.822017152,0.7680147199999999,0.60998608,0.4939792,0.717007456,0.5980054079999999,0.980984576,0.9459813439999999,0.112,0.165,0.036,0.244,0.152,0.178
1/1/2026,17:07,0.47900335999999993,0.57399936,0.71101712,0.33098841599999995,0.88200992,0.525003776,0.60998608,0.650979648,0.7609961919999999,0.33098841599999995,1.0040071359999998,0.828990976,0.14,0.059,0.059,0.0,0.067,0.234
1/1/2026,17:08,0.41601542399999997,0.682004224,0.792020768,0.33098841599999995,1.014020832,0.7369901440000001,0.6989917440000001,0.717007456,0.828007488,0.33098841599999995,1.283988288,0.969003904,0.32,0.044,0.03,0.0,0.157,0.138
1/1/2026,17:09,0.45799248,0.8269792960000001,1.01299264,0.660993344,1.088005952,0.619016288,0.676997376,1.0299801599999998,1.3349955519999999,1.175983424,1.261010432,0.758984512,0.255,0.132,0.131,0.567,0.096,0.103
1/1/2026,17:10,1.091984608,1.174016448,1.313984672,1.2949854719999998,1.36101328,0.9839797439999999,1.302004,1.275002784,1.378984288,1.488017344,1.634020608,1.248985056,0.169,0.071,0.029,0.065,0.132,0.218
1/1/2026,17:11,0.933017184,1.115007168,1.2530084160000001,1.321986688,1.8119872320000001,1.727988416,1.19002048,1.275002784,1.400978656,1.510011712,2.03000864,3.00097952,0.156,0.091,0.081,0.115,0.073,0.341
1/1/2026,17:12,0.8609990399999999,0.784018752,0.893007104,0.918980128,1.98999856,2.920020576,0.9449978560000001,0.91799664,1.091984608,1.064983392,2.192999424,3.6309929919999995,0.045,0.079,0.09,0.147,0.065,0.148
1/1/2026,17:13,1.199989472,1.0440172159999999,0.996988608,1.0040071359999998,2.54902208,2.918008896,1.302004,1.207991488,1.1580124159999998,1.11000032,2.915013728,3.490980064,0.079,0.1,0.085,0.077,0.1,0.063
1/1/2026,17:14,1.594010528,1.4580209599999998,1.537012928,1.2880116480000001,2.5690047679999997,3.3830199039999997,1.7480158080000001,1.6759976639999998,1.819989248,1.39901168,2.8919911679999997,4.004986656,0.084,0.078,0.105,0.092,0.075,0.112
1/1/2026,17:15,1.822000928,1.9149852479999998,2.027013472,1.583013344,2.353978528,3.364020704,1.9480215039999997,2.1220094720000002,2.2609942079999996,1.665983968,2.6589939200000003,3.74798336,0.044,0.084,0.065,0.043,0.052,0.057
1/1/2026,17:16,1.43701008,1.573983136,1.6519916159999999,1.442016928,2.767982272,3.313996928,1.7249932479999999,1.8320146239999997,2.040022336,1.6439896,3.19499488,3.584009088,0.102,0.091,0.108,0.111,0.071,0.058
1/1/2026,17:17,1.191987456,1.3029874879999999,1.237987872,1.0379821759999999,2.455993056,2.90598352,1.302004,1.408980672,1.35698992,1.175983424,2.7750008,3.2340214720000002,0.045,0.039,0.04,0.105,0.073,0.041
1/1/2026,17:18,1.188992288,1.369015296,1.348987904,1.0770087679999998,2.4969866240000003,3.027980736,1.323998368,1.453014112,1.467006464,1.310006016,2.799006848,3.7710059199999995,0.073,0.041,0.053,0.135,0.058,0.111
1/1/2026,17:19,1.450018944,1.426012896,1.4459955839999998,1.616004896,2.2619776959999998,3.395984064,1.635987584,1.586992,1.554983936,1.8439952960000001,2.471997088,3.7950119680000003,0.054,0.048,0.031,0.08,0.054,0.062
1/1/2026,17:20,1.711984384,1.64600128,1.594994016,1.516002048,2.12500464,2.777995968,2.12701632,2.0330038079999997,1.95200016,1.93300096,2.333012352,3.3279892799999997,0.154,0.145,0.141,0.088,0.048,0.086
1/1/2026,17:21,2.08700624,2.041989312,1.8469904639999999,1.545998432,1.9089949119999998,2.1540175359999996,2.393988608,2.277981728,2.1950111039999998,1.8439952960000001,2.052986496,2.439989024,0.098,0.082,0.136,0.103,0.041,0.053
1/1/2026,17:22,1.9680041920000002,2.063000192,1.9940219199999998,1.654003296,1.8389884479999998,2.309006304,2.193982912,2.189020768,2.349016384,2.000012256,2.052986496,2.509995488,0.06,0.031,0.089,0.087,0.049,0.067
1/1/2026,17:23,2.006002592,2.105021952,2.081999392,1.737018624,1.98798688,2.463995072,2.171005056,2.211998624,2.23899984,2.000012256,2.379012768,2.7440209280000003,0.036,0.029,0.061,0.094,0.085,0.077
1/1/2026,17:24,1.9279941120000001,1.905999744,1.925982432,1.8139989120000002,1.9490049919999999,2.58299712,2.0369824640000003,2.1220094720000002,2.084011072,2.044000992,2.285983744,2.9770181759999996,0.029,0.045,0.056,0.095,0.097,0.092
1/1/2026,17:25,1.648996448,1.694996864,2.055981664,1.87198,1.7540061439999999,2.515002336,1.9480215039999997,1.98798688,2.173016736,2.044000992,2.168993376,2.766998784,0.083,0.081,0.036,0.051,0.134,0.051
1/1/2026,17:26,1.716007744,1.895986048,2.019994944,2.005019104,2.02598528,2.526983008,1.792004544,2.01100944,2.10600544,2.17797888,2.636016064,2.72001488,0.035,0.039,0.019,0.048,0.135,0.059
1/1/2026,17:27,1.537996416,1.773005344,1.995988896,1.9870033919999999,2.127999808,2.7750008,1.770010176,2.01100944,2.173016736,2.288978912,2.588987456,3.094008544,0.087,0.07,0.053,0.089,0.091,0.063
1/1/2026,17:28,1.516002048,1.6869948479999999,1.8920073920000002,2.0609885119999998,2.03000864,2.861011296,1.7480158080000001,1.98798688,2.084011072,2.333012352,2.333012352,3.046979936,0.126,0.078,0.058,0.063,0.098,0.034
1/1/2026,17:29,1.6750141760000001,1.526015744,1.653019808,2.0540146879999996,2.1309949759999998,3.040006112,1.9480215039999997,1.8100202559999998,1.841983616,2.17797888,2.7519782399999997,3.210998912,0.091,0.096,0.081,0.033,0.138,0.033
1/1/2026,17:30,1.5990173760000002,1.402990336,1.521008896,1.8100202559999998,2.017983264,2.972994816,1.7480158080000001,1.586992,1.732011776,2.044000992,2.285983744,3.3039832319999998,0.05,0.048,0.091,0.052,0.094,0.064
1/1/2026,17:31,1.304999168,1.275002784,1.461016128,1.7190029119999999,2.0579933440000002,3.2400118079999998,1.7249932479999999,1.654003296,1.576978304,1.911006592,2.471997088,3.35101184,0.195,0.176,0.047,0.07,0.102,0.023
1/1/2026,17:32,0.9740107519999999,0.888000256,1.572999648,1.52798272,1.6249904,2.9470217919999997,1.1450035520000001,1.118985824,1.7540061439999999,1.7100174080000001,2.100015104,3.210998912,0.102,0.11,0.068,0.093,0.113,0.053
1/1/2026,17:33,1.1420083840000002,1.0820156159999998,1.207991488,1.556995616,1.8620110079999999,2.951983936,1.4349984,1.275002784,1.400978656,1.621011744,2.14601552,3.3279892799999997,0.16,0.141,0.089,0.027,0.077,0.067
1/1/2026,17:34,1.1459870399999998,1.1580124159999998,1.45600928,1.5620024639999999,1.62700208,3.0219904,1.302004,1.2530084160000001,1.5990173760000002,1.6439896,1.8899957120000002,3.584009088,0.078,0.044,0.065,0.036,0.139,0.072
1/1/2026,17:35,1.277997952,1.408980672,1.673985984,1.784986016,1.8480186559999998,2.3950168,1.391009664,1.586992,1.863977984,1.887984032,2.2160219839999997,3.1169864,0.043,0.063,0.048,0.033,0.108,0.144
1/1/2026,17:36,1.2640056,1.288995136,1.573983136,1.965009024,1.89299088,2.26001072,1.345992736,1.408980672,1.79799488,2.06599536,2.285983744,2.650008416,0.032,0.047,0.046,0.034,0.109,0.099
1/1/2026,17:37,1.350999584,1.39901168,1.61001456,2.000012256,1.811003744,1.9700158719999998,1.413004032,1.519980704,1.732011776,2.111012288,2.006002592,2.439989024,0.027,0.052,0.05,0.037,0.072,0.121
1/1/2026,17:38,1.3210032,1.464011296,1.70702224,2.0460126720000003,1.97301104,1.902021088,1.391009664,1.608986368,1.863977984,2.510978976,2.192999424,2.1129792640000002,0.033,0.061,0.065,0.072,0.059,0.075
1/1/2026,17:39,1.313001184,1.378984288,1.705994048,2.269979712,2.2749865600000003,1.981996544,1.413004032,1.699020224,2.173016736,2.6230072,2.542003552,2.556979392,0.05,0.176,0.145,0.074,0.094,0.151
1/1/2026,17:40,1.4569927679999999,1.5109952,1.643006112,2.501009984,1.97301104,1.586992,1.70299888,1.699020224,1.79799488,2.91201856,3.170988832,2.160007872,0.085,0.048,0.061,0.064,0.318,0.215
1/1/2026,17:41,1.5620024639999999,1.6629888000000002,1.849985632,2.460999904,2.805980672,2.2900071040000003,1.792004544,1.9220037760000002,2.1289832960000004,2.956007296,3.100982368,2.69699232,0.094,0.114,0.056,0.072,0.052,0.087
1/1/2026,17:42,1.4230177279999998,1.5819851520000001,1.8620110079999999,2.491979776,3.132006944,2.850014112,1.8139989120000002,1.85499248,2.349016384,2.845007264,3.451014688,3.3979957439999997,0.098,0.094,0.106,0.059,0.046,0.114
1/1/2026,17:43,1.386986304,1.5439867520000001,2.016016288,2.664984256,3.560986528,3.004019392,1.657981952,1.85499248,2.23899984,3.178990848,4.102977824,3.74798336,0.093,0.115,0.052,0.121,0.088,0.175
1/1/2026,17:44,1.350999584,1.545014944,1.849985632,2.363008736,2.9660209920000002,2.699004,1.635987584,1.9220037760000002,2.458988224,3.1119795519999998,3.7069897919999995,3.421018304,0.109,0.155,0.13,0.136,0.114,0.107
1/1/2026,17:45,1.70702224,1.9700158719999998,2.287995424,2.7550181119999997,3.5860207679999996,3.3819917119999996,2.2380163520000003,2.501009984,2.614021696,3.200985216,3.963993088,3.887996288,0.158,0.197,0.085,0.083,0.067,0.102
1/1/2026,17:46,1.767015008,1.85700416,2.0089977599999997,2.3920216319999996,3.509979264,3.463978848,2.193982912,2.3010042879999997,2.591982624,3.200985216,4.126983872,4.424980736,0.089,0.132,0.163,0.116,0.087,0.137
1/1/2026,17:47,2.193982912,2.411020832,2.816977856,2.964009312,3.251008992,3.400007424,2.7059778239999996,2.880010496,3.5179812800000003,3.489996576,3.963993088,3.8179898239999996,0.121,0.102,0.134,0.111,0.106,0.092
1/1/2026,17:48,1.8249960959999998,1.989015072,2.1589796800000003,2.396983776,3.153017824,3.330984448,2.282988576,2.479015616,2.480982592,3.00097952,3.8470027199999994,3.9580027519999996,0.148,0.127,0.088,0.129,0.089,0.116
1/1/2026,17:49,2.074980864,2.233009504,2.295013952,2.2609942079999996,2.821001216,3.021006912,2.460999904,2.701999168,2.7459879039999997,2.422018016,3.590982912,3.5140026239999997,0.106,0.114,0.088,0.046,0.149,0.099
1/1/2026,17:50,1.78100736,1.8139989120000002,1.9870033919999999,2.342981344,3.077021024,2.853992768,1.9700158719999998,2.0780207359999996,2.23899984,2.956007296,3.381008224,3.608015136,0.089,0.088,0.063,0.144,0.073,0.162
1/1/2026,17:51,1.781990848,2.0730138879999997,2.331000672,2.809020544,2.767982272,2.209003456,2.10399376,2.5909991359999998,2.790021344,3.2460021439999998,3.4039860799999997,3.3739896959999998,0.104,0.136,0.107,0.05,0.141,0.239
1/1/2026,17:52,2.227019168,2.334979328,2.577006784,2.9569907840000003,2.542003552,2.028980448,2.594977792,2.813982688,3.186992864,3.222979584,3.054981952,2.7440209280000003,0.081,0.102,0.088,0.059,0.188,0.201
1/1/2026,17:53,2.060005024,2.131978464,2.257015552,2.596005984,2.986987168,2.220984128,2.5729834240000002,2.545982208,2.899993184,2.91201856,3.2650013440000003,2.790021344,0.079,0.102,0.143,0.077,0.057,0.127
1/1/2026,17:54,2.0240183039999997,2.162019552,2.347988192,2.9230157439999997,3.035982752,1.841983616,2.729000384,3.08099968,3.186992864,3.424013472,3.3579856639999996,2.8370052479999996,0.118,0.202,0.173,0.104,0.067,0.303
1/1/2026,17:55,2.2609942079999996,2.560019264,2.8200177280000003,3.0480081279999998,2.9070117119999996,1.919008608,2.818006048,3.059005312,3.451998176,3.4680022079999997,3.31100176,3.02400208,0.137,0.105,0.106,0.076,0.085,0.378
1/1/2026,17:56,1.978017888,2.105021952,2.296980928,2.436993856,2.6150051839999997,2.095008256,2.3049829440000003,2.434982176,2.767982272,2.734007232,3.21801744,2.4870176319999997,0.079,0.076,0.081,0.064,0.104,0.124
1/1/2026,17:57,2.081999392,2.255003872,2.5449987199999997,2.640978208,3.045996448,2.309006304,2.996017376,3.2150222719999997,3.1210097599999997,2.91201856,3.590982912,2.580001952,0.189,0.182,0.113,0.068,0.095,0.061
1/1/2026,17:58,2.22000064,2.309989792,2.5390083839999997,2.726005216,3.173000512,2.650008416,2.460999904,2.56802128,2.899993184,3.0899851839999997,3.567021568,3.35101184,0.064,0.083,0.097,0.05,0.055,0.213
1/1/2026,17:59,1.9009928959999998,1.9279941120000001,2.1149909439999997,2.596989472,3.6359998399999998,3.65298736,2.193982912,2.1220094720000002,2.3049829440000003,3.15699648,4.802014272,4.215006047999999,0.082,0.062,0.046,0.113,0.133,0.082
1/1/2026,18:00,1.83599328,1.919008608,2.2619776959999998,2.975006496,3.781019616,3.473009056,2.0369824640000003,2.233992992,2.6800048,3.6909857600000002,4.592978368,4.237983904,0.056,0.072,0.059,0.093,0.116,0.078
1/1/2026,18:01,2.769010464,3.091996864,3.240995296,3.1659819839999996,3.8030139839999997,3.521021152,3.1299952639999997,3.682983744,3.82599184,3.712980128,4.662984831999999,5.008993792,0.092,0.11,0.096,0.107,0.117,0.149
1/1/2026,18:02,2.223979296,2.4069974719999996,2.571999936,2.72001488,3.930018048,4.697004576,2.79601168,2.880010496,2.98801536,3.3350078080000003,4.732991296,4.984987744,0.098,0.119,0.121,0.146,0.139,0.03
1/1/2026,18:03,2.000995744,2.0689905279999996,2.358001888,2.645985056,3.80699264,4.664996512,2.393988608,2.368015584,2.9660209920000002,3.400990912,4.708985247999999,5.14900672,0.089,0.095,0.135,0.13,0.157,0.068
1/1/2026,18:04,1.9529836479999998,2.04900784,2.344993024,2.604991488,3.8669854079999997,4.599013407999999,2.282988576,2.501009984,2.98801536,3.44600784,4.6860073920000005,5.125000672,0.085,0.124,0.218,0.184,0.121,0.065
1/1/2026,18:05,1.6750141760000001,1.792004544,2.166981696,2.5669930880000003,3.197990048,3.9960011520000003,2.439005536,2.390009952,2.723993536,3.00097952,3.614005472,5.054994208,0.259,0.164,0.132,0.08,0.084,0.131
1/1/2026,18:06,1.500981504,1.66500048,2.030992128,2.295013952,3.836005536,4.11299152,1.7249932479999999,2.0330038079999997,2.877998816,3.0899851839999997,4.2900193600000005,4.657977984,0.081,0.087,0.165,0.168,0.076,0.075
1/1/2026,18:07,2.14400384,2.249013536,2.604991488,2.88698432,3.7000159679999998,3.8779825919999995,2.5729834240000002,2.813982688,3.077021024,3.222979584,4.220012896,4.5880162239999995,0.12,0.14,0.112,0.077,0.094,0.134
1/1/2026,18:08,2.12299296,2.212982112,2.602979808,3.08301136,3.549005856,4.564010176,2.37199424,2.723993536,3.186992864,3.8019857919999995,4.172984287999999,4.91498128,0.109,0.122,0.114,0.115,0.099,0.065
1/1/2026,18:09,2.372977728,2.434982176,2.636999552,2.921987552,4.57299568,3.9879991359999996,3.062983968,3.037010944,2.9439819199999997,3.6019800959999997,5.105017984000001,4.91498128,0.168,0.113,0.066,0.148,0.061,0.174
1/1/2026,18:10,1.889012224,2.03000864,2.366987392,2.682999968,4.2980213759999994,5.155980544,2.460999904,2.6800048,3.362992512,3.57900224,5.525012064,6.153013855999999,0.122,0.166,0.191,0.155,0.136,0.087
1/1/2026,18:11,1.979984864,2.028980448,2.1950111039999998,2.842995584,4.144999584,5.059017568000001,2.63999472,2.6129935040000003,2.9660209920000002,3.7799914240000003,5.128979328,5.54597824,0.138,0.173,0.206,0.222,0.102,0.05
1/1/2026,18:12,2.423984992,2.5939943039999998,2.96700448,3.164015008,4.163015296,4.163015296,2.840000416,3.327005792,3.6499921919999996,4.023985856,4.965988543999999,4.892003423999999,0.08,0.137,0.126,0.155,0.111,0.125
1/1/2026,18:13,2.117986112,2.2769982399999997,2.5429870400000003,2.68201648,3.717003488,4.35998112,2.393988608,2.501009984,2.9439819199999997,3.067990816,4.35998112,5.008993792,0.076,0.075,0.103,0.065,0.095,0.125
1/1/2026,18:14,1.3120176959999998,1.8860170559999998,2.125988128,2.0909848959999997,3.470013888,4.080983456,1.85901584,2.479015616,2.636016064,2.4669902400000003,3.9399870399999997,4.799019103999999,0.223,0.12,0.1,0.107,0.087,0.113
1/1/2026,18:15,1.491012512,1.792004544,2.12098128,2.206008288,3.38699856,3.7540184000000005,1.881010208,2.189020768,2.614021696,2.934012928,3.7540184000000005,4.307990368,0.149,0.129,0.089,0.161,0.064,0.087
1/1/2026,18:16,1.282021312,1.304999168,1.79799488,2.285983744,3.278010208,2.9510004480000003,1.5469819200000001,1.586992,2.3930051199999998,2.6450015679999996,3.7069897919999995,3.5140026239999997,0.131,0.111,0.132,0.101,0.064,0.11
1/1/2026,18:17,1.440988736,1.673002496,1.87198,2.081999392,2.870980288,2.44799104,1.657981952,2.0330038079999997,2.5470104,3.3350078080000003,3.21801744,2.883989152,0.083,0.097,0.166,0.271,0.066,0.086
1/1/2026,18:18,1.485022176,1.7219980799999999,1.9989840639999998,2.5909991359999998,2.87402016,2.650991904,1.881010208,2.2559873599999998,2.525016032,3.357002176,3.240995296,3.3979957439999997,0.174,0.167,0.193,0.164,0.063,0.154
1/1/2026,18:19,1.407997184,1.5599907839999998,1.781990848,2.211998624,2.954979104,1.979984864,2.0369824640000003,1.8769868479999998,2.371010752,2.712012864,3.4739925439999997,2.72001488,0.237,0.12,0.183,0.119,0.106,0.26
1/1/2026,18:20,1.6789928319999998,1.971982848,2.263989376,2.488984608,2.499981792,1.9089949119999998,2.2160219839999997,2.3229986559999998,2.636016064,2.845007264,2.9379915839999997,2.463995072,0.222,0.15,0.092,0.066,0.082,0.201
1/1/2026,18:21,1.62901376,1.8899957120000002,2.1090006079999997,2.263989376,2.155984512,1.692001696,2.0369824640000003,2.2559873599999998,2.5470104,2.666995936,2.425996672,2.4170111679999997,0.129,0.094,0.106,0.083,0.092,0.207
1/1/2026,18:22,1.5620024639999999,1.683016192,1.8629944959999998,1.9080114239999997,2.274003072,2.209986944,1.85901584,1.8100202559999998,1.995988896,2.399978944,2.8919911679999997,3.02400208,0.086,0.054,0.06,0.116,0.155,0.195
1/1/2026,18:23,1.597005696,1.600984352,1.51300688,1.8059968960000001,2.6299810239999997,2.5850087999999998,1.837021472,1.787981184,1.9080114239999997,2.444995872,3.100982368,2.953995616,0.079,0.071,0.158,0.205,0.086,0.107
1/1/2026,18:24,1.350999584,1.467006464,1.52798272,1.803985216,2.677009632,2.095008256,1.657981952,1.721014592,1.863977984,2.266984544,3.4279921279999996,2.534001536,0.134,0.131,0.118,0.131,0.137,0.105
1/1/2026,18:25,1.2180051840000001,1.242011232,1.7480158080000001,2.46497856,2.8129992,2.2140103040000003,1.4800153280000001,1.5420197759999998,2.436993856,2.823012896,3.381008224,2.580001952,0.129,0.114,0.18,0.1,0.14,0.089
1/1/2026,18:26,1.20298464,1.267000768,1.478987136,2.08901792,2.8200177280000003,2.352011552,1.59101536,1.608986368,1.687978336,2.266984544,3.148010976,2.861011296,0.164,0.148,0.097,0.061,0.101,0.185
1/1/2026,18:27,1.1200140159999998,1.286983456,1.454981088,1.8529807999999999,2.669007616,1.91199008,1.4580209599999998,1.6759976639999998,1.863977984,2.422018016,3.078004512,2.3000208,0.146,0.144,0.153,0.134,0.115,0.154
1/1/2026,18:28,1.313984672,1.407997184,1.733978752,2.311017984,2.23899984,1.635987584,1.502009696,1.5649976319999999,2.017983264,2.555995904,2.845007264,2.1129792640000002,0.116,0.075,0.107,0.071,0.085,0.158
1/1/2026,18:29,1.263022112,1.437993568,1.819989248,2.04900784,2.5820136320000002,1.873008192,1.7480158080000001,1.765986816,2.062016704,2.288978912,2.8219847039999997,2.36998256,0.192,0.148,0.079,0.079,0.048,0.126
1/1/2026,18:30,1.454981088,1.591998848,1.897997728,2.233992992,2.571016448,2.073997376,1.70299888,1.9220037760000002,2.23899984,2.422018016,2.8219847039999997,2.36998256,0.123,0.143,0.125,0.077,0.053,0.082
1/1/2026,18:31,1.779979168,1.859999328,1.9449816319999997,2.263989376,2.2769982399999997,2.0389941439999997,2.1490106879999997,2.100015104,2.282988576,2.6889903040000003,2.518980992,2.3470047039999997,0.098,0.075,0.116,0.092,0.046,0.076
1/1/2026,18:32,1.989015072,1.9680041920000002,1.878998528,2.24101152,2.385986592,1.551988768,2.2380163520000003,2.3229986559999998,2.282988576,2.488984608,2.68201648,2.043017504,0.08,0.084,0.09,0.065,0.073,0.155
1/1/2026,18:33,1.967020704,1.9099784,1.8860170559999998,1.9940219199999998,2.143020352,1.887984032,2.171005056,2.166981696,2.017983264,2.2000179519999996,2.449019232,2.3470047039999997,0.05,0.086,0.045,0.052,0.058,0.144
1/1/2026,18:34,1.8080085760000002,1.6610218239999999,2.0030074239999998,2.055981664,1.830002944,1.732011776,2.2380163520000003,1.8320146239999997,2.150977664,2.1550010239999997,2.03000864,1.97301104,0.118,0.073,0.055,0.028,0.052,0.084
1/1/2026,18:35,1.559007296,1.767998496,2.043017504,2.04699616,1.797011392,1.829019456,1.70299888,2.0780207359999996,2.327022016,2.133006656,1.8899957120000002,2.230014336,0.052,0.066,0.073,0.028,0.034,0.161
1/1/2026,18:36,1.62297872,1.6869948479999999,1.789992864,1.8840053760000002,1.4480072640000001,1.31899152,1.9700158719999998,2.01100944,1.9300057920000002,2.06599536,1.749982784,1.8100202559999998,0.107,0.084,0.055,0.066,0.121,0.139
1/1/2026,18:37,1.350999584,1.57201616,1.654003296,1.7009872000000001,1.161007584,1.161007584,1.635987584,1.74300896,1.9300057920000002,1.9549953279999999,1.4709851200000001,1.342997568,0.135,0.074,0.074,0.073,0.111,0.081
1/1/2026,18:38,1.66500048,1.7540061439999999,1.98798688,2.074980864,1.537012928,1.121980992,1.903988064,2.054998176,2.282988576,2.377984576,1.913018272,1.342997568,0.058,0.062,0.099,0.101,0.128,0.129
1/1/2026,18:39,2.043017504,2.1609913599999997,2.37199424,2.596989472,2.5060168320000002,1.294001984,2.2160219839999997,2.3229986559999998,2.591982624,2.91201856,2.961997632,1.5299943999999999,0.043,0.034,0.045,0.05,0.119,0.066
1/1/2026,18:40,1.8270077759999999,1.924998944,2.143020352,2.596989472,3.108984384,1.927010624,2.081999392,2.0780207359999996,2.371010752,2.823012896,3.381008224,2.136985312,0.077,0.028,0.054,0.055,0.045,0.062
1/1/2026,18:41,1.779979168,2.0030074239999998,2.3809797440000002,2.89301936,3.4739925439999997,2.3300171840000004,2.060005024,2.3010042879999997,2.723993536,3.3350078080000003,3.801002304,2.509995488,0.086,0.1,0.073,0.089,0.049,0.039
1/1/2026,18:42,1.5990173760000002,1.819989248,2.2069917759999997,2.575978592,3.061016992,2.3989954559999997,1.792004544,2.211998624,2.503021664,2.934012928,3.5439990079999997,2.813982688,0.086,0.111,0.074,0.062,0.085,0.08
1/1/2026,18:43,1.443000416,1.502009696,1.6839996799999999,1.8650061759999998,2.756985088,2.222995808,1.5690209919999998,1.654003296,1.973994528,2.333012352,3.032004096,2.463995072,0.036,0.06,0.058,0.126,0.073,0.051
1/1/2026,18:44,1.275986272,1.282021312,1.43298672,1.673985984,2.87200848,1.8249960959999998,1.391009664,1.4310197439999999,1.9300057920000002,2.06599536,3.100982368,2.3229986559999998,0.067,0.062,0.105,0.103,0.052,0.108
1/1/2026,18:45,1.253991904,1.402990336,1.692985184,1.979984864,2.999996032,1.4890008319999999,1.4580209599999998,1.85499248,1.995988896,2.266984544,3.381008224,1.762991648,0.085,0.138,0.102,0.073,0.079,0.077
1/1/2026,18:46,1.296013664,1.345009248,1.632008928,1.9909820480000002,2.823996384,2.3200034880000002,1.5240040639999999,1.699020224,1.95200016,2.311017984,3.148010976,2.7440209280000003,0.122,0.128,0.087,0.073,0.086,0.133
1/1/2026,18:47,1.665983968,1.648996448,1.8529807999999999,2.119014304,2.845990752,2.666995936,1.9700158719999998,1.98798688,1.995988896,2.333012352,3.148010976,2.861011296,0.076,0.074,0.045,0.067,0.059,0.051
1/1/2026,18:48,1.91400176,1.8700130239999997,1.8709965119999998,2.10801712,2.9660209920000002,2.3600135680000003,2.10399376,2.054998176,2.017983264,2.311017984,3.240995296,2.8370052479999996,0.052,0.052,0.041,0.066,0.053,0.078
1/1/2026,18:49,1.464011296,1.315996352,1.53200608,1.7489992959999998,2.93101776,2.45000272,1.70299888,1.632008928,2.017983264,2.08901792,3.2879792,2.93101776,0.081,0.134,0.184,0.105,0.062,0.091
1/1/2026,18:50,1.193999136,1.144020064,1.272991104,1.781990848,2.3989954559999997,1.510011712,1.3679871039999998,1.408980672,1.467006464,2.044000992,2.7750008,1.997017088,0.06,0.109,0.073,0.081,0.078,0.111
1/1/2026,18:51,0.914017984,0.949021216,1.313001184,1.697008544,1.7869976959999998,1.635987584,1.167981408,1.386002816,1.5329895679999999,1.865989664,2.076009056,1.879982016,0.103,0.193,0.084,0.054,0.071,0.076
1/1/2026,18:52,0.8319861439999999,0.649012672,0.906015968,1.339018912,1.6150214079999998,1.645017792,0.966992224,0.828990976,1.2690124479999998,1.7769840000000001,1.9369796160000001,1.97301104,0.077,0.153,0.166,0.138,0.146,0.088
1/1/2026,18:53,0.69201792,0.539979616,0.89698576,1.426996384,1.125020864,1.4739802880000001,0.788980896,0.6280017920000001,1.0260015040000001,1.6439896,1.424001216,1.879982016,0.082,0.089,0.095,0.084,0.166,0.194
1/1/2026,18:54,0.8060131199999999,0.823984128,1.20298464,1.581001664,1.2599822399999998,0.933017184,0.92202,1.007002304,1.4230177279999998,1.7100174080000001,1.49400768,1.4830104960000001,0.083,0.175,0.116,0.067,0.133,0.294
1/1/2026,18:55,0.839004672,1.01500432,1.421006048,1.616004896,1.443983904,1.161007584,0.9449978560000001,1.1409801919999998,1.621011744,1.732995264,1.61001456,1.366020128,0.042,0.081,0.08,0.028,0.072,0.147
1/1/2026,18:56,1.036998688,1.29798064,1.784002528,1.6150214079999998,1.3210032,1.004990624,1.123009184,1.453014112,1.9080114239999997,1.732995264,1.586992,1.178978592,0.034,0.075,0.036,0.036,0.123,0.092
1/1/2026,18:57,1.0379821759999999,1.408980672,1.654003296,1.787981184,1.4739802880000001,1.174016448,1.167981408,1.497986336,1.7100174080000001,1.9549953279999999,1.564014144,1.388997984,0.057,0.035,0.019,0.046,0.033,0.087
1/1/2026,18:58,1.153989056,1.348004416,1.632008928,1.791021056,1.332000384,0.9850079359999999,1.19002048,1.408980672,1.732011776,2.0220066240000003,1.4709851200000001,1.063016416,0.018,0.022,0.025,0.052,0.067,0.063
1/1/2026,18:59,1.197977792,1.224979008,1.434014912,1.6370157760000001,1.123009184,0.646017504,1.2569870719999998,1.275002784,1.576978304,1.7769840000000001,1.213981824,0.852013536,0.033,0.022,0.061,0.048,0.075,0.11
1/1/2026,19:00,0.950004704,1.234009216,1.4839939839999998,1.58498032,0.91598496,0.641994144,1.0790204479999999,1.364008448,1.66500048,1.754989632,1.0740136,0.758984512,0.08,0.079,0.082,0.063,0.081,0.137
1/1/2026,19:01,0.679992544,0.8360095040000001,1.1109838079999999,1.394004832,0.739985312,0.22401174399999998,0.87798656,1.207991488,1.313001184,1.687978336,1.0040071359999998,0.432019456,0.232,0.184,0.113,0.084,0.312,0.397
1/1/2026,19:02,0.30801056,0.45101865599999996,0.6430223359999999,1.207991488,0.22597871999999997,0.1519936,0.387002528,0.717007456,0.871996224,1.443000416,0.32902144,0.1519936,0.071,0.297,0.187,0.12,0.173,0.0
1/1/2026,19:03,0.297996864,0.31699606399999997,0.4369816,0.9569785279999999,0.241982752,0.162990784,0.297996864,0.338006944,0.49701907199999995,1.0869777600000001,0.281992832,0.222000064,0.0,0.019,0.094,0.06,0.103,0.123
1/1/2026,19:04,0.43501462399999996,0.343013792,0.449990464,0.666000192,0.297013376,0.47100134400000004,0.966992224,0.51700176,0.695013088,0.887016768,0.375021856,0.782007072,0.536,0.149,0.216,0.14,0.182,0.357
1/1/2026,19:05,1.548010112,0.966992224,0.914017984,0.549993312,0.379984,0.793004256,2.0149880959999997,1.4310197439999999,1.047995872,0.687011072,0.468989664,0.9459813439999999,0.217,0.263,0.119,0.147,0.224,0.086
1/1/2026,19:06,1.87198,1.5819851520000001,1.088005952,0.747987328,0.5259872640000001,0.701003424,1.9929937279999999,1.654003296,1.313001184,0.798011104,0.631980448,0.876019584,0.036,0.022,0.1,0.047,0.131,0.117
1/1/2026,19:07,1.7949997119999999,1.556995616,1.1960108159999998,0.660993344,0.627018304,0.83998816,1.881010208,1.632008928,1.3349955519999999,0.820005472,0.677980864,0.969003904,0.022,0.021,0.043,0.183,0.045,0.117
1/1/2026,19:08,1.6720190080000001,1.4059855039999998,1.0029789439999999,0.33098841599999995,0.636003808,0.8699845439999999,1.7480158080000001,1.519980704,1.1139789759999998,0.33098841599999995,0.725009472,0.9459813439999999,0.02,0.059,0.065,0.0,0.072,0.036
1/1/2026,19:09,1.716007744,1.478987136,1.1830019520000001,0.33098841599999995,0.663005024,0.86301072,1.770010176,1.5649976319999999,1.3349955519999999,0.33098841599999995,0.701986912,0.92202,0.019,0.028,0.063,0.0,0.024,0.049
1/1/2026,19:10,1.778012192,1.402990336,1.242011232,0.33098841599999995,0.679992544,0.933017184,1.903988064,1.5649976319999999,1.313001184,0.33098841599999995,0.701986912,0.9930099519999999,0.028,0.061,0.039,0.0,0.024,0.05
1/1/2026,19:11,2.0369824640000003,1.6720190080000001,1.366020128,0.33098841599999995,0.7229977919999999,1.199989472,2.12701632,1.8769868479999998,1.5109952,0.33098841599999995,0.7719933760000001,1.388997984,0.023,0.071,0.05,0.0,0.041,0.124
1/1/2026,19:12,2.166981696,1.979984864,1.729016608,1.234992704,1.01098096,1.508000032,2.37199424,2.1220094720000002,1.9300057920000002,1.510011712,1.237987872,1.716007744,0.05,0.027,0.071,0.217,0.149,0.066
1/1/2026,19:13,2.366987392,2.247001856,1.9680041920000002,1.654986784,1.308977824,1.811003744,2.5280112,2.434982176,2.1289832960000004,1.7989783680000002,1.377017312,1.997017088,0.034,0.04,0.038,0.051,0.034,0.065
1/1/2026,19:14,2.208019968,2.327022016,2.266984544,1.843011808,1.5119786880000001,1.72602144,2.5060168320000002,2.56802128,2.5470104,2.133006656,1.61001456,1.786014208,0.078,0.052,0.063,0.056,0.04,0.018
1/1/2026,19:15,1.6029960319999998,1.863977984,1.976006208,2.472980576,1.561018976,1.4839939839999998,1.837021472,2.0780207359999996,2.458988224,2.845007264,1.773005344,1.740013792,0.08,0.075,0.08,0.059,0.064,0.115
1/1/2026,19:16,1.5420197759999998,1.7489992959999998,2.220984128,2.8200177280000003,1.654003296,1.199989472,1.7480158080000001,2.100015104,2.614021696,3.00097952,1.913018272,1.248985056,0.073,0.089,0.088,0.032,0.042,0.027
1/1/2026,19:17,1.711984384,1.8380049600000001,1.989015072,2.517014016,2.276014752,1.066011584,1.9480215039999997,2.2559873599999998,2.591982624,2.889979488,2.636016064,1.178978592,0.078,0.096,0.17,0.113,0.077,0.039
1/1/2026,19:18,1.2999923199999999,1.5329895679999999,1.687978336,2.1909877439999996,2.27900992,1.18599712,1.413004032,1.8320146239999997,2.040022336,2.5999846399999997,2.518980992,1.366020128,0.076,0.085,0.111,0.084,0.079,0.078
1/1/2026,19:19,1.272991104,1.52798272,1.85901584,2.271991392,1.70702224,1.6329924159999998,1.5690209919999998,1.721014592,2.10600544,2.399978944,1.9829800320000002,1.9030045759999998,0.13,0.058,0.06,0.038,0.087,0.126
1/1/2026,19:20,1.191987456,1.443000416,1.9320174719999998,2.401007136,2.01302112,1.9920102400000002,1.302004,1.787981184,2.2609942079999996,2.534001536,2.168993376,2.160007872,0.063,0.122,0.07,0.035,0.06,0.057
1/1/2026,19:21,1.7929880319999998,2.006002592,2.469985408,2.3529950399999997,2.1309949759999998,1.8860170559999998,2.193982912,2.344993024,2.856004448,2.488984608,2.333012352,2.090001408,0.163,0.102,0.089,0.035,0.05,0.069
1/1/2026,19:22,1.976006208,2.1829857280000002,2.999996032,3.208003744,2.3529950399999997,1.841983616,2.10399376,2.479015616,3.297009408,3.6460135360000003,2.496003136,2.3470047039999997,0.037,0.072,0.05,0.095,0.044,0.162
1/1/2026,19:23,1.70702224,1.867017856,2.399978944,2.36998256,2.5729834240000002,2.3840196160000002,1.881010208,2.0780207359999996,2.812015712,3.0230185919999997,2.8679851199999997,3.2340214720000002,0.078,0.058,0.069,0.112,0.067,0.135
1/1/2026,19:24,1.6059911999999998,1.943998144,2.365020416,2.2049800960000003,2.7919883199999997,3.6659962239999997,2.081999392,2.6129935040000003,3.077021024,3.067990816,3.333979616,4.07499312,0.097,0.132,0.132,0.202,0.147,0.049
1/1/2026,19:25,2.268996224,2.377984576,2.50498864,2.560019264,3.2519924799999997,3.5870042559999997,2.63999472,2.6800048,2.98801536,2.889979488,3.521021152,4.050987072,0.083,0.069,0.08,0.092,0.058,0.079
1/1/2026,19:26,2.035015488,2.0780207359999996,2.366987392,2.815994368,3.40599776,3.815978144,2.4829942719999996,2.501009984,2.591982624,3.134018624,3.917009184,4.2619899519999995,0.147,0.143,0.066,0.083,0.083,0.067
1/1/2026,19:27,1.905016256,1.8320146239999997,1.9620138559999998,2.198006272,3.4979985919999996,4.07499312,2.2160219839999997,1.9659925120000001,2.436993856,2.8670016319999996,3.9399870399999997,4.5420158079999995,0.088,0.034,0.104,0.121,0.062,0.047
1/1/2026,19:28,1.339018912,1.499014528,1.76401984,2.1129792640000002,3.65499904,4.17401248,1.7480158080000001,1.8100202559999998,1.973994528,2.399978944,4.312997216,4.4480032959999996,0.177,0.103,0.075,0.053,0.08,0.025
1/1/2026,19:29,1.299008832,1.461016128,2.001979232,2.6910019839999997,4.144999584,3.9360083840000004,1.85901584,1.85499248,2.458988224,3.28999088,4.638978784,4.144999584,0.146,0.105,0.109,0.076,0.05,0.024
1/1/2026,19:30,1.478987136,1.699020224,2.149994176,2.317991808,3.782003104,3.52401632,1.70299888,1.9659925120000001,2.5470104,2.91201856,4.0099935040000005,3.7710059199999995,0.107,0.085,0.107,0.163,0.051,0.039
1/1/2026,19:31,1.4109923519999998,1.492979488,1.6409944319999998,2.3069946239999997,3.6149889599999994,3.506984096,1.5240040639999999,1.74300896,2.10600544,2.666995936,3.8939866239999996,3.841012384,0.048,0.074,0.134,0.084,0.038,0.05
1/1/2026,19:32,1.07200192,1.320019712,1.596022208,2.060005024,3.1659819839999996,3.0139883839999997,1.345992736,1.5649976319999999,1.9300057920000002,2.444995872,3.614005472,3.256999328,0.143,0.175,0.152,0.086,0.083,0.049
1/1/2026,19:33,0.5900033920000001,0.779011904,1.2260072,2.098986912,2.517014016,2.821001216,0.76600304,0.896002272,1.621011744,2.6450015679999996,3.3579856639999996,3.00097952,0.181,0.108,0.122,0.126,0.113,0.038
1/1/2026,19:34,0.676013888,0.662021536,1.232981024,1.77899568,2.742009248,2.869013312,0.966992224,0.784018752,1.467006464,2.06599536,3.0079980479999997,3.210998912,0.21,0.151,0.083,0.072,0.091,0.071
1/1/2026,19:35,1.613993216,1.5489936,1.39901168,1.722981568,3.3160086079999997,2.9839919999999998,1.925982432,2.166981696,2.150977664,2.311017984,3.801002304,3.35101184,0.138,0.265,0.288,0.177,0.091,0.077
1/1/2026,19:36,1.692985184,1.8139989120000002,2.040022336,2.201984928,3.018995232,3.3219989439999997,1.85901584,2.189020768,2.503021664,2.4669902400000003,3.4979985919999996,3.560986528,0.071,0.099,0.165,0.079,0.08,0.037
1/1/2026,19:37,1.5269992319999999,1.626018592,2.059021536,2.2289861440000003,2.785014496,2.996017376,1.9929937279999999,2.0780207359999996,2.6800048,2.555995904,3.21801744,3.256999328,0.155,0.14,0.191,0.084,0.051,0.043
1/1/2026,19:38,1.199989472,1.158995904,1.4059855039999998,1.929022304,2.634004384,2.701999168,1.3679871039999998,1.2530084160000001,1.66500048,2.266984544,2.985020192,3.164015008,0.065,0.055,0.11,0.109,0.075,0.085
1/1/2026,19:39,1.025018016,1.237004384,1.611981536,1.8139989120000002,2.344009536,2.664000768,1.345992736,1.586992,2.017983264,2.288978912,2.8219847039999997,2.9770181759999996,0.152,0.149,0.107,0.141,0.142,0.062
1/1/2026,19:40,1.082999104,1.147015232,1.293018496,1.6059911999999998,1.8920073920000002,2.66301728,1.4349984,1.475991968,1.4450120960000001,2.000012256,2.100015104,3.094008544,0.232,0.157,0.085,0.128,0.06,0.108
1/1/2026,19:41,1.1580124159999998,1.2640056,1.461016128,1.8840053760000002,2.349999872,2.049991328,1.3679871039999998,2.100015104,2.150977664,2.08901792,2.6589939200000003,2.2769982399999997,0.088,0.232,0.127,0.059,0.077,0.094
1/1/2026,19:42,1.530977888,2.038010656,2.255003872,2.3140131520000002,2.26001072,1.5899871680000002,1.85901584,2.479015616,2.790021344,2.6450015679999996,2.8919911679999997,1.8100202559999998,0.13,0.173,0.154,0.117,0.15,0.075
1/1/2026,19:43,1.11000032,1.45198592,1.91400176,2.1680098880000003,2.8200177280000003,2.31499664,1.3679871039999998,1.787981184,2.327022016,2.488984608,3.0079980479999997,2.9070117119999996,0.127,0.13,0.086,0.051,0.044,0.177
1/1/2026,19:44,1.3759891199999998,1.583996832,1.9069832319999998,1.7869976959999998,2.785014496,2.910990368,1.85901584,1.8320146239999997,2.3049829440000003,2.399978944,3.19499488,3.3039832319999998,0.117,0.073,0.106,0.157,0.089,0.052
1/1/2026,19:45,2.211998624,2.230014336,2.206008288,2.097019936,2.490996288,2.455009568,2.818006048,2.83602176,2.767982272,2.534001536,2.985020192,2.8370052479999996,0.176,0.191,0.135,0.096,0.114,0.1
1/1/2026,19:46,2.4170111679999997,2.43100352,2.315980128,2.458004736,2.04900784,1.8849888639999999,2.9070117119999996,2.969999648,2.767982272,2.712012864,2.588987456,2.1829857280000002,0.165,0.175,0.161,0.039,0.147,0.077
1/1/2026,19:47,1.500981504,1.583996832,1.8460069760000002,1.995988896,2.04900784,1.925982432,1.70299888,1.74300896,2.173016736,2.377984576,2.5660096,2.3000208,0.047,0.049,0.083,0.081,0.127,0.105
1/1/2026,19:48,1.1830019520000001,1.237004384,1.426012896,1.62901376,1.6519916159999999,1.5329895679999999,1.391009664,1.519980704,1.643006112,1.7769840000000001,2.379012768,2.1129792640000002,0.114,0.108,0.081,0.046,0.178,0.179
1/1/2026,19:49,0.918980128,1.058993056,1.328021728,1.39498832,0.744008672,1.115990656,1.123009184,1.275002784,1.4230177279999998,1.5990173760000002,1.564014144,1.64600128,0.102,0.099,0.038,0.082,0.606,0.323
1/1/2026,19:50,0.880981728,0.874991392,0.996988608,0.9040042880000001,0.62898528,1.2949854719999998,1.0790204479999999,1.1409801919999998,1.22399552,1.332000384,1.120997504,1.670007328,0.138,0.136,0.11,0.281,0.393,0.169
1/1/2026,19:51,0.61199776,0.676997376,0.980984576,0.822017152,0.500997728,1.0770087679999998,0.744008672,0.806996608,1.0699902399999999,1.020994656,0.747987328,1.31899152,0.123,0.1,0.059,0.15,0.317,0.121
1/1/2026,19:52,0.44002147199999997,0.733994976,1.0440172159999999,0.687011072,0.823984128,0.871012736,0.63300864,0.91799664,1.22399552,1.221000352,1.144020064,1.1329781760000002,0.268,0.184,0.158,0.509,0.271,0.137
1/1/2026,19:53,0.666000192,0.860015552,1.123009184,0.549993312,0.47900335999999993,0.746020352,0.87798656,0.9850079359999999,1.400978656,1.11000032,0.701986912,0.92202,0.185,0.087,0.128,0.44,0.338,0.117
1/1/2026,19:54,0.55500016,0.57198768,0.61199776,0.333983584,0.327993248,0.465994496,0.855992192,0.8740079040000001,0.828007488,0.397999712,0.42200575999999995,0.782007072,0.292,0.341,0.212,0.036,0.14,0.397
1/1/2026,19:55,0.305015392,0.3229864,0.373010176,0.33098841599999995,0.200005696,0.576994528,0.343013792,0.3609848,0.47498,0.33098841599999995,0.281992832,0.782007072,0.039,0.04,0.062,0.0,0.105,0.21
1/1/2026,19:56,0.300992032,0.32700976000000004,0.40099488,0.33098841599999995,0.192987168,0.61400944,0.319991232,0.3609848,0.452985632,0.33098841599999995,0.211986368,1.015987808,0.027,0.04,0.072,0.0,0.047,0.448
1/1/2026,19:57,0.33098841599999995,0.357989632,0.536984448,0.33098841599999995,0.38601904000000004,1.210986656,0.60998608,0.427996096,0.62898528,0.33098841599999995,0.747987328,1.62297872,0.224,0.092,0.082,0.0,0.49,0.219
1/1/2026,19:58,0.666000192,0.527015456,0.725009472,0.335011776,0.828990976,1.345009248,0.899980928,0.717007456,0.9820127679999999,0.41999408,1.144020064,1.4830104960000001,0.152,0.15,0.132,0.048,0.198,0.068
1/1/2026,19:59,0.893990592,0.958990208,1.1079886399999999,0.9410192,0.9960051200000001,1.318008032,1.0790204479999999,1.0740136,1.1800067840000001,1.11000032,1.261010432,1.388997984,0.103,0.086,0.058,0.141,0.137,0.04
1/1/2026,20:00,1.139013216,1.136018048,1.258015264,1.2599822399999998,0.888000256,1.167981408,1.19002048,1.18599712,1.35698992,1.332000384,1.283988288,1.31899152,0.028,0.03,0.039,0.048,0.248,0.086
