I_U,T_INT,seed,nodes_completed,sim_duration_s,total_survey_time_s,fleet_distance_m,conv_time_min_s,conv_time_max_s,conv_time_mean_s,wall_time_s,error
0.050,3.000,0,30,88.000,88.000,2176.440,15.000,49.700,20.230,7.410,
0.050,3.000,1,30,97.000,97.000,1883.990,15.000,63.800,25.520,6.830,
0.050,3.000,2,30,85.000,85.000,1872.900,15.000,44.400,22.200,6.790,
0.050,3.000,3,30,94.000,94.000,1884.770,15.000,45.200,23.400,6.660,
0.050,3.000,4,30,75.000,75.000,1825.070,15.000,40.400,20.850,6.590,
0.050,3.000,5,30,93.000,93.000,2095.620,15.000,59.300,24.000,7.190,
0.050,3.000,6,30,80.000,80.000,2014.210,15.000,46.400,22.240,7.200,
0.050,3.000,7,30,74.000,74.000,1866.550,15.000,65.100,21.050,6.490,
0.050,3.000,8,30,108.000,108.000,1677.280,15.000,53.300,22.390,6.290,
0.050,3.000,9,30,99.000,99.000,1987.310,15.000,42.600,21.940,7.130,
0.050,3.500,0,30,90.000,90.000,2176.440,17.500,52.000,22.160,6.800,
0.050,3.500,1,30,106.000,106.000,1876.490,17.500,69.700,29.550,6.390,
0.050,3.500,2,30,90.000,90.000,1940.520,17.500,52.800,22.950,6.370,
0.050,3.500,3,30,105.000,105.000,1936.050,17.500,49.000,28.450,6.940,
0.050,3.500,4,30,127.000,127.000,1853.390,17.500,70.300,25.450,6.630,
0.050,3.500,5,30,102.000,102.000,2091.270,17.500,65.200,28.560,6.670,
0.050,3.500,6,30,114.000,114.000,2027.290,17.500,66.300,28.390,6.680,
0.050,3.500,7,30,106.000,106.000,1823.890,17.500,73.500,28.740,6.260,
0.050,3.500,8,30,112.000,112.000,1666.280,17.500,57.500,25.500,6.110,
0.050,3.500,9,30,106.000,106.000,2003.440,17.500,46.800,25.540,6.620,
0.050,4.000,0,30,116.000,116.000,2183.250,20.000,59.200,27.100,6.590,
0.050,4.000,1,30,119.000,119.000,1873.190,20.000,80.900,32.820,6.480,
0.050,4.000,2,30,119.000,119.000,1944.710,20.000,65.400,26.410,6.400,
0.050,4.000,3,30,119.000,119.000,1892.900,20.000,60.400,31.600,6.470,
0.050,4.000,4,30,134.000,134.000,1830.120,20.000,76.700,29.900,6.270,
0.050,4.000,5,30,110.000,110.000,2094.500,20.000,70.700,32.130,7.150,
0.050,4.000,6,30,144.000,144.000,1977.370,20.000,79.000,32.070,6.800,
0.050,4.000,7,30,119.000,119.000,1933.880,20.000,80.300,30.410,6.560,
0.050,4.000,8,30,120.000,120.000,1694.860,20.000,59.600,26.270,6.330,
0.050,4.000,9,30,108.000,108.000,1999.770,20.000,45.800,28.560,6.490,
0.050,4.500,0,30,127.000,127.000,2159.170,22.500,63.700,28.790,7.130,
0.050,4.500,1,30,129.000,129.000,1865.200,22.500,87.200,35.550,6.780,
0.050,4.500,2,30,118.000,118.000,1953.500,22.500,61.900,29.000,6.840,
0.050,4.500,3,30,112.000,112.000,1881.570,22.500,70.600,34.240,7.110,
0.050,4.500,4,30,139.000,139.000,1833.260,22.500,80.400,34.660,6.870,
0.050,4.500,5,30,141.000,141.000,2086.320,22.500,73.700,41.960,7.340,
0.050,4.500,6,30,151.000,151.000,2003.600,22.500,87.100,37.610,7.060,
0.050,4.500,7,30,124.000,124.000,1934.030,22.500,91.000,34.410,6.450,
0.050,4.500,8,30,121.000,121.000,1713.350,22.500,60.700,29.190,6.630,
0.050,4.500,9,30,129.000,129.000,1989.790,22.500,75.500,30.630,6.740,
0.050,5.000,0,30,135.000,135.000,2177.790,25.000,68.900,33.590,6.690,
0.050,5.000,1,30,131.000,131.000,1857.580,25.000,86.500,39.900,6.890,
0.050,5.000,2,30,114.000,114.000,1932.940,25.000,60.200,33.650,6.800,
0.050,5.000,3,30,123.000,123.000,1888.380,25.000,72.500,38.700,7.100,
0.050,5.000,4,30,141.000,141.000,1833.260,25.000,81.500,37.050,7.000,
0.050,5.000,5,30,159.000,159.000,2086.320,25.000,80.600,45.420,7.210,
0.050,5.000,6,30,161.000,161.000,1968.650,25.000,91.500,40.620,7.190,
0.050,5.000,7,30,137.000,137.000,1888.260,25.000,95.600,39.300,6.510,
0.050,5.000,8,30,121.000,121.000,1696.280,25.000,58.600,32.340,6.310,
0.050,5.000,9,30,131.000,131.000,1987.440,25.000,78.900,34.660,6.750,
0.050,5.500,0,30,143.000,143.000,2136.460,27.500,70.500,37.660,7.000,
0.050,5.500,1,30,134.000,134.000,1860.990,27.500,92.600,43.170,6.790,
0.050,5.500,2,30,132.000,132.000,1977.610,27.500,72.500,37.080,6.690,
0.050,5.500,3,30,136.000,136.000,1888.490,27.500,84.300,43.430,6.720,
0.050,5.500,4,30,147.000,147.000,1846.430,27.500,86.900,41.180,6.630,
0.050,5.500,5,30,162.000,162.000,2086.320,27.500,87.800,47.600,7.030,
0.050,5.500,6,30,173.000,173.000,1984.990,27.500,99.200,44.160,7.140,
0.050,5.500,7,30,133.000,133.000,1858.840,27.500,100.100,44.200,6.530,
0.050,5.500,8,30,120.000,120.000,1717.510,27.500,92.900,35.900,6.910,
0.050,5.500,9,30,133.000,133.000,1987.430,27.500,79.900,36.830,7.250,
0.050,6.000,0,30,145.000,145.000,2126.360,30.000,73.700,38.540,6.880,
0.050,6.000,1,30,133.000,133.000,1871.460,30.000,98.600,44.670,6.820,
0.050,6.000,2,30,140.000,140.000,1904.210,30.000,76.000,41.000,6.490,
0.050,6.000,3,30,140.000,140.000,1902.430,30.000,87.200,45.480,7.090,
0.050,6.000,4,30,157.000,157.000,1859.270,30.000,94.900,44.680,6.770,
0.050,6.000,5,30,161.000,161.000,2099.160,30.000,100.000,50.310,7.370,
0.050,6.000,6,30,150.000,150.000,2019.920,30.000,100.400,45.550,6.580,
0.050,6.000,7,30,131.000,131.000,1848.560,30.000,105.000,46.340,6.430,
0.050,6.000,8,30,139.000,139.000,1650.190,30.000,99.700,43.280,6.310,
0.050,6.000,9,30,153.000,153.000,1929.880,30.000,82.700,44.010,7.400,
0.050,6.500,0,30,147.000,147.000,2142.840,32.500,79.000,41.310,7.100,
0.050,6.500,1,30,211.000,211.000,1865.870,32.500,120.200,53.190,6.580,
0.050,6.500,2,30,147.000,147.000,1911.860,32.500,84.500,43.460,7.250,
0.050,6.500,3,30,206.000,206.000,1899.460,32.500,122.800,53.870,6.900,
0.050,6.500,4,30,159.000,159.000,1865.510,32.500,93.400,47.970,6.900,
0.050,6.500,5,30,212.000,212.000,2134.460,32.500,108.100,54.760,6.990,
0.050,6.500,6,30,184.000,184.000,2013.270,32.500,104.200,51.030,6.790,
0.050,6.500,7,30,133.000,133.000,1871.540,32.500,109.300,48.690,6.900,
0.050,6.500,8,30,157.000,157.000,1618.140,32.500,105.500,48.240,6.580,
0.050,6.500,9,30,154.000,154.000,2054.340,32.500,86.300,48.160,7.590,
0.050,7.000,0,30,141.000,141.000,2098.020,35.000,84.200,43.700,7.220,
0.050,7.000,1,30,223.000,223.000,1880.100,35.000,130.300,54.690,6.720,
0.050,7.000,2,30,155.000,155.000,1911.860,35.000,82.300,46.670,6.730,
0.050,7.000,3,30,195.000,195.000,1899.460,35.000,128.100,56.560,7.300,
0.050,7.000,4,30,175.000,175.000,1880.810,35.000,108.300,52.780,6.960,
0.050,7.000,5,30,171.000,171.000,2148.490,35.000,110.200,55.280,7.280,
0.050,7.000,6,30,177.000,177.000,2060.430,35.000,135.200,56.240,7.290,
0.050,7.000,7,30,179.000,179.000,1871.540,35.000,116.100,51.440,6.340,
0.050,7.000,8,30,169.000,169.000,1611.190,35.000,109.900,51.950,6.880,
0.050,7.000,9,30,165.000,165.000,1981.180,35.000,91.900,52.660,6.960,
0.060,3.000,0,30,88.000,88.000,2176.440,15.000,49.700,20.230,6.850,
0.060,3.000,1,30,97.000,97.000,1883.990,15.000,63.800,25.520,6.800,
0.060,3.000,2,30,85.000,85.000,1872.900,15.000,44.400,22.200,7.170,
0.060,3.000,3,30,94.000,94.000,1884.770,15.000,45.200,23.400,6.620,
0.060,3.000,4,30,75.000,75.000,1825.070,15.000,40.400,20.850,6.650,
0.060,3.000,5,30,93.000,93.000,2095.620,15.000,59.300,24.000,7.580,
0.060,3.000,6,30,80.000,80.000,2014.210,15.000,46.400,22.240,7.550,
0.060,3.000,7,30,74.000,74.000,1866.550,15.000,65.100,21.050,6.490,
0.060,3.000,8,30,108.000,108.000,1677.280,15.000,53.300,22.390,6.200,
0.060,3.000,9,30,99.000,99.000,1987.310,15.000,42.600,21.940,7.130,
0.060,3.500,0,30,90.000,90.000,2176.440,17.500,52.000,22.160,6.940,
0.060,3.500,1,30,106.000,106.000,1876.490,17.500,69.700,29.550,6.950,
0.060,3.500,2,30,90.000,90.000,1940.520,17.500,52.800,22.950,6.820,
0.060,3.500,3,30,105.000,105.000,1936.050,17.500,49.000,28.450,6.890,
0.060,3.500,4,30,127.000,127.000,1853.390,17.500,70.300,25.450,6.870,
0.060,3.500,5,30,102.000,102.000,2091.270,17.500,65.200,28.560,7.120,
0.060,3.500,6,30,114.000,114.000,2027.290,17.500,66.300,28.390,6.850,
0.060,3.500,7,30,106.000,106.000,1823.890,17.500,73.500,28.740,6.820,
0.060,3.500,8,30,112.000,112.000,1666.280,17.500,57.500,25.500,7.460,
0.060,3.500,9,30,106.000,106.000,2003.440,17.500,46.800,25.540,7.030,
0.060,4.000,0,30,116.000,116.000,2183.250,20.000,59.200,27.100,7.810,
0.060,4.000,1,30,119.000,119.000,1873.190,20.000,80.900,32.820,6.980,
0.060,4.000,2,30,119.000,119.000,1944.710,20.000,65.400,26.410,7.060,
0.060,4.000,3,30,119.000,119.000,1892.900,20.000,60.400,31.600,6.860,
0.060,4.000,4,30,134.000,134.000,1830.120,20.000,76.700,29.900,6.930,
0.060,4.000,5,30,110.000,110.000,2094.500,20.000,70.700,32.130,7.450,
0.060,4.000,6,30,144.000,144.000,1977.370,20.000,79.000,32.070,7.200,
0.060,4.000,7,30,119.000,119.000,1933.880,20.000,80.300,30.410,6.990,
0.060,4.000,8,30,120.000,120.000,1694.860,20.000,59.600,26.270,6.920,
0.060,4.000,9,30,108.000,108.000,1999.770,20.000,45.800,28.560,7.360,
0.060,4.500,0,30,127.000,127.000,2159.170,22.500,63.700,28.790,7.630,
0.060,4.500,1,30,129.000,129.000,1865.200,22.500,87.200,35.550,7.430,
0.060,4.500,2,30,118.000,118.000,1953.500,22.500,61.900,29.000,6.780,
0.060,4.500,3,30,112.000,112.000,1881.570,22.500,70.600,34.240,7.310,
0.060,4.500,4,30,139.000,139.000,1833.260,22.500,80.400,34.660,7.330,
0.060,4.500,5,30,141.000,141.000,2086.320,22.500,73.700,41.960,7.470,
0.060,4.500,6,30,151.000,151.000,2003.600,22.500,87.100,37.610,7.030,
0.060,4.500,7,30,124.000,124.000,1934.030,22.500,91.000,34.410,6.740,
0.060,4.500,8,30,121.000,121.000,1713.350,22.500,60.700,29.190,7.280,
0.060,4.500,9,30,129.000,129.000,1989.790,22.500,75.500,30.630,7.360,
0.060,5.000,0,30,135.000,135.000,2177.790,25.000,68.900,33.590,7.270,
0.060,5.000,1,30,131.000,131.000,1857.580,25.000,86.500,39.900,7.320,
0.060,5.000,2,30,114.000,114.000,1932.940,25.000,60.200,33.650,7.090,
0.060,5.000,3,30,123.000,123.000,1888.380,25.000,72.500,38.700,7.120,
0.060,5.000,4,30,141.000,141.000,1833.260,25.000,81.500,37.050,6.730,
0.060,5.000,5,30,159.000,159.000,2086.320,25.000,80.600,45.420,7.640,
0.060,5.000,6,30,161.000,161.000,1968.650,25.000,91.500,40.620,7.060,
0.060,5.000,7,30,137.000,137.000,1888.260,25.000,95.600,39.300,6.530,
0.060,5.000,8,30,121.000,121.000,1696.280,25.000,58.600,32.340,7.100,
0.060,5.000,9,30,131.000,131.000,1987.440,25.000,78.900,34.660,7.850,
0.060,5.500,0,30,143.000,143.000,2136.460,27.500,70.500,37.660,7.330,
0.060,5.500,1,30,134.000,134.000,1860.990,27.500,92.600,43.170,7.170,
0.060,5.500,2,30,132.000,132.000,1977.610,27.500,72.500,37.080,7.040,
0.060,5.500,3,30,136.000,136.000,1888.490,27.500,84.300,43.430,7.380,
0.060,5.500,4,30,147.000,147.000,1846.430,27.500,86.900,41.180,7.320,
0.060,5.500,5,30,162.000,162.000,2086.320,27.500,87.800,47.600,7.950,
0.060,5.500,6,30,173.000,173.000,1984.990,27.500,99.200,44.160,7.390,
0.060,5.500,7,30,133.000,133.000,1858.840,27.500,100.100,44.200,7.190,
0.060,5.500,8,30,120.000,120.000,1717.510,27.500,92.900,35.900,7.690,
0.060,5.500,9,30,133.000,133.000,1987.430,27.500,79.900,36.830,7.420,
0.060,6.000,0,30,145.000,145.000,2126.360,30.000,73.700,38.540,7.810,
0.060,6.000,1,30,133.000,133.000,1871.460,30.000,98.600,44.670,7.380,
0.060,6.000,2,30,140.000,140.000,1904.210,30.000,76.000,41.000,7.070,
0.060,6.000,3,30,140.000,140.000,1902.430,30.000,87.200,45.480,7.520,
0.060,6.000,4,30,157.000,157.000,1859.270,30.000,94.900,44.680,7.360,
0.060,6.000,5,30,161.000,161.000,2099.160,30.000,100.000,50.310,7.860,
0.060,6.000,6,30,150.000,150.000,2019.920,30.000,100.400,45.550,7.750,
0.060,6.000,7,30,131.000,131.000,1848.560,30.000,105.000,46.340,7.180,
0.060,6.000,8,30,139.000,139.000,1650.190,30.000,99.700,43.280,7.180,
0.060,6.000,9,30,153.000,153.000,1929.880,30.000,82.700,44.010,7.460,
0.060,6.500,0,30,147.000,147.000,2142.840,32.500,79.000,41.310,7.450,
0.060,6.500,1,30,211.000,211.000,1865.870,32.500,120.200,53.190,7.080,
0.060,6.500,2,30,147.000,147.000,1911.860,32.500,84.500,43.460,7.240,
0.060,6.500,3,30,206.000,206.000,1899.460,32.500,122.800,53.870,7.620,
0.060,6.500,4,30,159.000,159.000,1865.510,32.500,93.400,47.970,7.210,
0.060,6.500,5,30,212.000,212.000,2134.460,32.500,108.100,54.760,7.870,
0.060,6.500,6,30,184.000,184.000,2013.270,32.500,104.200,51.030,7.520,
0.060,6.500,7,30,133.000,133.000,1871.540,32.500,109.300,48.690,7.310,
0.060,6.500,8,30,157.000,157.000,1618.140,32.500,105.500,48.240,7.370,
0.060,6.500,9,30,154.000,154.000,2054.340,32.500,86.300,48.160,7.760,
0.060,7.000,0,30,141.000,141.000,2098.020,35.000,84.200,43.700,7.410,
0.060,7.000,1,30,223.000,223.000,1880.100,35.000,130.300,54.690,7.480,
0.060,7.000,2,30,155.000,155.000,1911.860,35.000,82.300,46.670,7.370,
0.060,7.000,3,30,195.000,195.000,1899.460,35.000,128.100,56.560,7.840,
0.060,7.000,4,30,175.000,175.000,1880.810,35.000,108.300,52.780,7.710,
0.060,7.000,5,30,171.000,171.000,2148.490,35.000,110.200,55.280,8.050,
0.060,7.000,6,30,177.000,177.000,2060.430,35.000,135.200,56.240,7.740,
0.060,7.000,7,30,179.000,179.000,1871.540,35.000,116.100,51.440,7.090,
0.060,7.000,8,30,169.000,169.000,1611.190,35.000,109.900,51.950,7.040,
0.060,7.000,9,30,165.000,165.000,1981.180,35.000,91.900,52.660,7.960,
0.070,3.000,0,30,88.000,88.000,2176.440,15.000,49.700,20.230,7.810,
0.070,3.000,1,30,97.000,97.000,1883.990,15.000,63.800,25.520,7.660,
0.070,3.000,2,30,85.000,85.000,1872.900,15.000,44.400,22.200,7.520,
0.070,3.000,3,30,94.000,94.000,1884.770,15.000,45.200,23.400,7.970,
0.070,3.000,4,30,75.000,75.000,1825.070,15.000,40.400,20.850,7.960,
0.070,3.000,5,30,93.000,93.000,2095.620,15.000,59.300,24.000,8.230,
0.070,3.000,6,30,80.000,80.000,2014.210,15.000,46.400,22.240,8.200,
0.070,3.000,7,30,74.000,74.000,1866.550,15.000,65.100,21.050,7.740,
0.070,3.000,8,30,108.000,108.000,1677.280,15.000,53.300,22.390,7.650,
0.070,3.000,9,30,99.000,99.000,1987.310,15.000,42.600,21.940,8.080,
0.070,3.500,0,30,90.000,90.000,2176.440,17.500,52.000,22.160,8.490,
0.070,3.500,1,30,106.000,106.000,1876.490,17.500,69.700,29.550,7.500,
0.070,3.500,2,30,90.000,90.000,1940.520,17.500,52.800,22.950,7.430,
0.070,3.500,3,30,105.000,105.000,1936.050,17.500,49.000,28.450,7.760,
0.070,3.500,4,30,127.000,127.000,1853.390,17.500,70.300,25.450,7.390,
0.070,3.500,5,30,102.000,102.000,2091.270,17.500,65.200,28.560,8.070,
0.070,3.500,6,30,114.000,114.000,2027.290,17.500,66.300,28.390,7.660,
0.070,3.500,7,30,106.000,106.000,1823.890,17.500,73.500,28.740,7.130,
0.070,3.500,8,30,112.000,112.000,1666.280,17.500,57.500,25.500,7.090,
0.070,3.500,9,30,106.000,106.000,2003.440,17.500,46.800,25.540,7.640,
0.070,4.000,0,30,116.000,116.000,2183.250,20.000,59.200,27.100,7.560,
0.070,4.000,1,30,119.000,119.000,1873.190,20.000,80.900,32.820,7.490,
0.070,4.000,2,30,119.000,119.000,1944.710,20.000,65.400,26.410,7.320,
0.070,4.000,3,30,119.000,119.000,1892.900,20.000,60.400,31.600,7.420,
0.070,4.000,4,30,134.000,134.000,1830.120,20.000,76.700,29.900,7.220,
0.070,4.000,5,30,110.000,110.000,2094.500,20.000,70.700,32.130,7.630,
0.070,4.000,6,30,144.000,144.000,1977.370,20.000,79.000,32.070,7.460,
0.070,4.000,7,30,119.000,119.000,1933.880,20.000,80.300,30.410,7.260,
0.070,4.000,8,30,120.000,120.000,1694.860,20.000,59.600,26.270,7.440,
0.070,4.000,9,30,108.000,108.000,1999.770,20.000,45.800,28.560,7.830,
0.070,4.500,0,30,127.000,127.000,2159.170,22.500,63.700,28.790,8.090,
0.070,4.500,1,30,129.000,129.000,1865.200,22.500,87.200,35.550,7.630,
0.070,4.500,2,30,118.000,118.000,1953.500,22.500,61.900,29.000,7.600,
0.070,4.500,3,30,112.000,112.000,1881.570,22.500,70.600,34.240,7.760,
0.070,4.500,4,30,139.000,139.000,1833.260,22.500,80.400,34.660,7.410,
0.070,4.500,5,30,141.000,141.000,2086.320,22.500,73.700,41.960,7.560,
0.070,4.500,6,30,151.000,151.000,2003.600,22.500,87.100,37.610,7.660,
0.070,4.500,7,30,124.000,124.000,1934.030,22.500,91.000,34.410,7.700,
0.070,4.500,8,30,121.000,121.000,1713.350,22.500,60.700,29.190,7.430,
0.070,4.500,9,30,129.000,129.000,1989.790,22.500,75.500,30.630,7.460,
0.070,5.000,0,30,135.000,135.000,2177.790,25.000,68.900,33.590,7.650,
0.070,5.000,1,30,131.000,131.000,1857.580,25.000,86.500,39.900,7.140,
0.070,5.000,2,30,114.000,114.000,1932.940,25.000,60.200,33.650,7.650,
0.070,5.000,3,30,123.000,123.000,1888.380,25.000,72.500,38.700,7.830,
0.070,5.000,4,30,141.000,141.000,1833.260,25.000,81.500,37.050,7.650,
0.070,5.000,5,30,159.000,159.000,2086.320,25.000,80.600,45.420,7.820,
0.070,5.000,6,30,161.000,161.000,1968.650,25.000,91.500,40.620,7.930,
0.070,5.000,7,30,137.000,137.000,1888.260,25.000,95.600,39.300,7.200,
0.070,5.000,8,30,121.000,121.000,1696.280,25.000,58.600,32.340,7.240,
0.070,5.000,9,30,131.000,131.000,1987.440,25.000,78.900,34.660,8.320,
0.070,5.500,0,30,143.000,143.000,2136.460,27.500,70.500,37.660,8.760,
0.070,5.500,1,30,134.000,134.000,1860.990,27.500,92.600,43.170,8.290,
0.070,5.500,2,30,132.000,132.000,1977.610,27.500,72.500,37.080,8.130,
0.070,5.500,3,30,136.000,136.000,1888.490,27.500,84.300,43.430,8.090,
0.070,5.500,4,30,147.000,147.000,1846.430,27.500,86.900,41.180,8.100,
0.070,5.500,5,30,162.000,162.000,2086.320,27.500,87.800,47.600,8.420,
0.070,5.500,6,30,173.000,173.000,1984.990,27.500,99.200,44.160,8.340,
0.070,5.500,7,30,133.000,133.000,1858.840,27.500,100.100,44.200,7.930,
0.070,5.500,8,30,120.000,120.000,1717.510,27.500,92.900,35.900,8.360,
0.070,5.500,9,30,133.000,133.000,1987.430,27.500,79.900,36.830,8.550,
0.070,6.000,0,30,145.000,145.000,2126.360,30.000,73.700,38.540,8.530,
0.070,6.000,1,30,133.000,133.000,1871.460,30.000,98.600,44.670,8.230,
0.070,6.000,2,30,140.000,140.000,1904.210,30.000,76.000,41.000,8.220,
0.070,6.000,3,30,140.000,140.000,1902.430,30.000,87.200,45.480,8.420,
0.070,6.000,4,30,157.000,157.000,1859.270,30.000,94.900,44.680,8.090,
0.070,6.000,5,30,161.000,161.000,2099.160,30.000,100.000,50.310,8.490,
0.070,6.000,6,30,150.000,150.000,2019.920,30.000,100.400,45.550,8.570,
0.070,6.000,7,30,131.000,131.000,1848.560,30.000,105.000,46.340,8.210,
0.070,6.000,8,30,139.000,139.000,1650.190,30.000,99.700,43.280,8.010,
0.070,6.000,9,30,153.000,153.000,1929.880,30.000,82.700,44.010,7.860,
0.070,6.500,0,30,147.000,147.000,2142.840,32.500,79.000,41.310,7.750,
0.070,6.500,1,30,211.000,211.000,1865.870,32.500,120.200,53.190,7.830,
0.070,6.500,2,30,147.000,147.000,1911.860,32.500,84.500,43.460,7.430,
0.070,6.500,3,30,206.000,206.000,1899.460,32.500,122.800,53.870,7.790,
0.070,6.500,4,30,159.000,159.000,1865.510,32.500,93.400,47.970,7.630,
0.070,6.500,5,30,212.000,212.000,2134.460,32.500,108.100,54.760,8.280,
0.070,6.500,6,30,184.000,184.000,2013.270,32.500,104.200,51.030,7.900,
0.070,6.500,7,30,133.000,133.000,1871.540,32.500,109.300,48.690,7.200,
0.070,6.500,8,30,157.000,157.000,1618.140,32.500,105.500,48.240,6.900,
0.070,6.500,9,30,154.000,154.000,2054.340,32.500,86.300,48.160,7.910,
0.070,7.000,0,30,141.000,141.000,2098.020,35.000,84.200,43.700,7.900,
0.070,7.000,1,30,223.000,223.000,1880.100,35.000,130.300,54.690,7.550,
0.070,7.000,2,30,155.000,155.000,1911.860,35.000,82.300,46.670,7.710,
0.070,7.000,3,30,195.000,195.000,1899.460,35.000,128.100,56.560,8.300,
0.070,7.000,4,30,175.000,175.000,1880.810,35.000,108.300,52.780,7.800,
0.070,7.000,5,30,171.000,171.000,2148.490,35.000,110.200,55.280,8.220,
0.070,7.000,6,30,177.000,177.000,2060.430,35.000,135.200,56.240,8.280,
0.070,7.000,7,30,179.000,179.000,1871.540,35.000,116.100,51.440,7.560,
0.070,7.000,8,30,169.000,169.000,1611.190,35.000,109.900,51.950,7.440,
0.070,7.000,9,30,165.000,165.000,1981.180,35.000,91.900,52.660,7.640,
0.080,3.000,0,30,88.000,88.000,2176.440,15.000,49.700,20.230,8.140,
0.080,3.000,1,30,97.000,97.000,1883.990,15.000,63.800,25.520,7.190,
0.080,3.000,2,30,85.000,85.000,1872.900,15.000,44.400,22.200,7.080,
0.080,3.000,3,30,94.000,94.000,1884.770,15.000,45.200,23.400,7.140,
0.080,3.000,4,30,75.000,75.000,1825.070,15.000,40.400,20.850,7.300,
0.080,3.000,5,30,93.000,93.000,2095.620,15.000,59.300,24.000,8.420,
0.080,3.000,6,30,80.000,80.000,2014.210,15.000,46.400,22.240,7.850,
0.080,3.000,7,30,74.000,74.000,1866.550,15.000,65.100,21.050,7.150,
0.080,3.000,8,30,108.000,108.000,1677.280,15.000,53.300,22.390,7.080,
0.080,3.000,9,30,99.000,99.000,1987.310,15.000,42.600,21.940,7.940,
0.080,3.500,0,30,90.000,90.000,2176.440,17.500,52.000,22.160,8.370,
0.080,3.500,1,30,106.000,106.000,1876.490,17.500,69.700,29.550,7.640,
0.080,3.500,2,30,90.000,90.000,1940.520,17.500,52.800,22.950,7.450,
0.080,3.500,3,30,105.000,105.000,1936.050,17.500,49.000,28.450,7.870,
0.080,3.500,4,30,127.000,127.000,1853.390,17.500,70.300,25.450,7.510,
0.080,3.500,5,30,102.000,102.000,2091.270,17.500,65.200,28.560,7.920,
0.080,3.500,6,30,114.000,114.000,2027.290,17.500,66.300,28.390,7.920,
0.080,3.500,7,30,106.000,106.000,1823.890,17.500,73.500,28.740,7.520,
0.080,3.500,8,30,112.000,112.000,1666.280,17.500,57.500,25.500,7.460,
0.080,3.500,9,30,106.000,106.000,2003.440,17.500,46.800,25.540,8.090,
0.080,4.000,0,30,116.000,116.000,2183.250,20.000,59.200,27.100,8.330,
0.080,4.000,1,30,119.000,119.000,1873.190,20.000,80.900,32.820,8.050,
0.080,4.000,2,30,119.000,119.000,1944.710,20.000,65.400,26.410,7.600,
0.080,4.000,3,30,119.000,119.000,1892.900,20.000,60.400,31.600,8.020,
0.080,4.000,4,30,134.000,134.000,1830.120,20.000,76.700,29.900,7.850,
0.080,4.000,5,30,110.000,110.000,2094.500,20.000,70.700,32.130,8.400,
0.080,4.000,6,30,144.000,144.000,1977.370,20.000,79.000,32.070,8.500,
0.080,4.000,7,30,119.000,119.000,1933.880,20.000,80.300,30.410,7.880,
0.080,4.000,8,30,120.000,120.000,1694.860,20.000,59.600,26.270,7.850,
0.080,4.000,9,30,108.000,108.000,1999.770,20.000,45.800,28.560,8.310,
0.080,4.500,0,30,127.000,127.000,2159.170,22.500,63.700,28.790,8.460,
0.080,4.500,1,30,129.000,129.000,1865.200,22.500,87.200,35.550,7.860,
0.080,4.500,2,30,118.000,118.000,1953.500,22.500,61.900,29.000,7.800,
0.080,4.500,3,30,112.000,112.000,1881.570,22.500,70.600,34.240,8.160,
0.080,4.500,4,30,139.000,139.000,1833.260,22.500,80.400,34.660,7.760,
0.080,4.500,5,30,141.000,141.000,2086.320,22.500,73.700,41.960,8.490,
0.080,4.500,6,30,151.000,151.000,2003.600,22.500,87.100,37.610,8.320,
0.080,4.500,7,30,124.000,124.000,1934.030,22.500,91.000,34.410,7.550,
0.080,4.500,8,30,121.000,121.000,1713.350,22.500,60.700,29.190,7.820,
0.080,4.500,9,30,129.000,129.000,1989.790,22.500,75.500,30.630,8.250,
0.080,5.000,0,30,135.000,135.000,2177.790,25.000,68.900,33.590,8.230,
0.080,5.000,1,30,131.000,131.000,1857.580,25.000,86.500,39.900,7.990,
0.080,5.000,2,30,114.000,114.000,1932.940,25.000,60.200,33.650,8.060,
0.080,5.000,3,30,123.000,123.000,1888.380,25.000,72.500,38.700,8.250,
0.080,5.000,4,30,141.000,141.000,1833.260,25.000,81.500,37.050,7.690,
0.080,5.000,5,30,159.000,159.000,2086.320,25.000,80.600,45.420,8.230,
0.080,5.000,6,30,161.000,161.000,1968.650,25.000,91.500,40.620,8.410,
0.080,5.000,7,30,137.000,137.000,1888.260,25.000,95.600,39.300,7.760,
0.080,5.000,8,30,121.000,121.000,1696.280,25.000,58.600,32.340,7.530,
0.080,5.000,9,30,131.000,131.000,1987.440,25.000,78.900,34.660,8.220,
0.080,5.500,0,30,143.000,143.000,2136.460,27.500,70.500,37.660,8.670,
0.080,5.500,1,30,134.000,134.000,1860.990,27.500,92.600,43.170,8.270,
0.080,5.500,2,30,132.000,132.000,1977.610,27.500,72.500,37.080,7.970,
0.080,5.500,3,30,136.000,136.000,1888.490,27.500,84.300,43.430,8.530,
0.080,5.500,4,30,147.000,147.000,1846.430,27.500,86.900,41.180,8.120,
0.080,5.500,5,30,162.000,162.000,2086.320,27.500,87.800,47.600,8.610,
0.080,5.500,6,30,173.000,173.000,1984.990,27.500,99.200,44.160,8.640,
0.080,5.500,7,30,133.000,133.000,1858.840,27.500,100.100,44.200,7.690,
0.080,5.500,8,30,120.000,120.000,1717.510,27.500,92.900,35.900,7.910,
0.080,5.500,9,30,133.000,133.000,1987.430,27.500,79.900,36.830,7.470,
0.080,6.000,0,30,145.000,145.000,2126.360,30.000,73.700,38.540,7.850,
0.080,6.000,1,30,133.000,133.000,1871.460,30.000,98.600,44.670,8.100,
0.080,6.000,2,30,140.000,140.000,1904.210,30.000,76.000,41.000,7.260,
0.080,6.000,3,30,140.000,140.000,1902.430,30.000,87.200,45.480,7.900,
0.080,6.000,4,30,157.000,157.000,1859.270,30.000,94.900,44.680,8.100,
0.080,6.000,5,30,161.000,161.000,2099.160,30.000,100.000,50.310,8.300,
0.080,6.000,6,30,150.000,150.000,2019.920,30.000,100.400,45.550,7.950,
0.080,6.000,7,30,131.000,131.000,1848.560,30.000,105.000,46.340,6.870,
0.080,6.000,8,30,139.000,139.000,1650.190,30.000,99.700,43.280,7.210,
0.080,6.000,9,30,153.000,153.000,1929.880,30.000,82.700,44.010,7.550,
0.080,6.500,0,30,147.000,147.000,2142.840,32.500,79.000,41.310,7.910,
0.080,6.500,1,30,211.000,211.000,1865.870,32.500,120.200,53.190,7.630,
0.080,6.500,2,30,147.000,147.000,1911.860,32.500,84.500,43.460,7.650,
0.080,6.500,3,30,206.000,206.000,1899.460,32.500,122.800,53.870,8.160,
0.080,6.500,4,30,159.000,159.000,1865.510,32.500,93.400,47.970,7.410,
0.080,6.500,5,30,212.000,212.000,2134.460,32.500,108.100,54.760,8.030,
0.080,6.500,6,30,184.000,184.000,2013.270,32.500,104.200,51.030,7.990,
0.080,6.500,7,30,133.000,133.000,1871.540,32.500,109.300,48.690,7.760,
0.080,6.500,8,30,157.000,157.000,1618.140,32.500,105.500,48.240,7.310,
0.080,6.500,9,30,154.000,154.000,2054.340,32.500,86.300,48.160,7.970,
0.080,7.000,0,30,141.000,141.000,2098.020,35.000,84.200,43.700,7.860,
0.080,7.000,1,30,223.000,223.000,1880.100,35.000,130.300,54.690,7.170,
0.080,7.000,2,30,155.000,155.000,1911.860,35.000,82.300,46.670,7.830,
0.080,7.000,3,30,195.000,195.000,1899.460,35.000,128.100,56.560,7.990,
0.080,7.000,4,30,175.000,175.000,1880.810,35.000,108.300,52.780,7.710,
0.080,7.000,5,30,171.000,171.000,2148.490,35.000,110.200,55.280,8.290,
0.080,7.000,6,30,177.000,177.000,2060.430,35.000,135.200,56.240,8.520,
0.080,7.000,7,30,179.000,179.000,1871.540,35.000,116.100,51.440,7.750,
0.080,7.000,8,30,169.000,169.000,1611.190,35.000,109.900,51.950,7.330,
0.080,7.000,9,30,165.000,165.000,1981.180,35.000,91.900,52.660,8.040,
0.090,3.000,0,30,88.000,88.000,2176.440,15.000,49.700,20.230,8.400,
0.090,3.000,1,30,97.000,97.000,1883.990,15.000,63.800,25.520,7.650,
0.090,3.000,2,30,85.000,85.000,1872.900,15.000,44.400,22.200,7.520,
0.090,3.000,3,30,94.000,94.000,1884.770,15.000,45.200,23.400,7.960,
0.090,3.000,4,30,75.000,75.000,1825.070,15.000,40.400,20.850,7.520,
0.090,3.000,5,30,93.000,93.000,2095.620,15.000,59.300,24.000,8.400,
0.090,3.000,6,30,80.000,80.000,2014.210,15.000,46.400,22.240,8.420,
0.090,3.000,7,30,74.000,74.000,1866.550,15.000,65.100,21.050,7.300,
0.090,3.000,8,30,108.000,108.000,1677.280,15.000,53.300,22.390,8.050,
0.090,3.000,9,30,99.000,99.000,1987.310,15.000,42.600,21.940,8.290,
0.090,3.500,0,30,90.000,90.000,2176.440,17.500,52.000,22.160,8.560,
0.090,3.500,1,30,106.000,106.000,1876.490,17.500,69.700,29.550,8.040,
0.090,3.500,2,30,90.000,90.000,1940.520,17.500,52.800,22.950,7.780,
0.090,3.500,3,30,105.000,105.000,1936.050,17.500,49.000,28.450,7.900,
0.090,3.500,4,30,127.000,127.000,1853.390,17.500,70.300,25.450,7.790,
0.090,3.500,5,30,102.000,102.000,2091.270,17.500,65.200,28.560,8.330,
0.090,3.500,6,30,114.000,114.000,2027.290,17.500,66.300,28.390,8.170,
0.090,3.500,7,30,106.000,106.000,1823.890,17.500,73.500,28.740,7.360,
0.090,3.500,8,30,112.000,112.000,1666.280,17.500,57.500,25.500,7.510,
0.090,3.500,9,30,106.000,106.000,2003.440,17.500,46.800,25.540,7.660,
0.090,4.000,0,30,116.000,116.000,2183.250,20.000,59.200,27.100,7.550,
0.090,4.000,1,30,119.000,119.000,1873.190,20.000,80.900,32.820,7.640,
0.090,4.000,2,30,119.000,119.000,1944.710,20.000,65.400,26.410,7.520,
0.090,4.000,3,30,119.000,119.000,1892.900,20.000,60.400,31.600,7.970,
0.090,4.000,4,30,134.000,134.000,1830.120,20.000,76.700,29.900,7.750,
0.090,4.000,5,30,110.000,110.000,2094.500,20.000,70.700,32.130,8.150,
0.090,4.000,6,30,144.000,144.000,1977.370,20.000,79.000,32.070,7.740,
0.090,4.000,7,30,119.000,119.000,1933.880,20.000,80.300,30.410,7.640,
0.090,4.000,8,30,120.000,120.000,1694.860,20.000,59.600,26.270,7.090,
0.090,4.000,9,30,108.000,108.000,1999.770,20.000,45.800,28.560,8.080,
0.090,4.500,0,30,127.000,127.000,2159.170,22.500,63.700,28.790,8.100,
0.090,4.500,1,30,129.000,129.000,1865.200,22.500,87.200,35.550,7.730,
0.090,4.500,2,30,118.000,118.000,1953.500,22.500,61.900,29.000,7.600,
0.090,4.500,3,30,112.000,112.000,1881.570,22.500,70.600,34.240,7.400,
0.090,4.500,4,30,139.000,139.000,1833.260,22.500,80.400,34.660,7.610,
0.090,4.500,5,30,141.000,141.000,2086.320,22.500,73.700,41.960,7.890,
0.090,4.500,6,30,151.000,151.000,2003.600,22.500,87.100,37.610,7.810,
0.090,4.500,7,30,124.000,124.000,1934.030,22.500,91.000,34.410,7.840,
0.090,4.500,8,30,121.000,121.000,1713.350,22.500,60.700,29.190,7.630,
0.090,4.500,9,30,129.000,129.000,1989.790,22.500,75.500,30.630,8.000,
0.090,5.000,0,30,135.000,135.000,2177.790,25.000,68.900,33.590,8.160,
0.090,5.000,1,30,131.000,131.000,1857.580,25.000,86.500,39.900,7.780,
0.090,5.000,2,30,114.000,114.000,1932.940,25.000,60.200,33.650,7.830,
0.090,5.000,3,30,123.000,123.000,1888.380,25.000,72.500,38.700,7.590,
0.090,5.000,4,30,141.000,141.000,1833.260,25.000,81.500,37.050,7.370,
0.090,5.000,5,30,159.000,159.000,2086.320,25.000,80.600,45.420,7.960,
0.090,5.000,6,30,161.000,161.000,1968.650,25.000,91.500,40.620,7.730,
0.090,5.000,7,30,137.000,137.000,1888.260,25.000,95.600,39.300,7.530,
0.090,5.000,8,30,121.000,121.000,1696.280,25.000,58.600,32.340,6.980,
0.090,5.000,9,30,131.000,131.000,1987.440,25.000,78.900,34.660,7.700,
0.090,5.500,0,30,143.000,143.000,2136.460,27.500,70.500,37.660,8.030,
0.090,5.500,1,30,134.000,134.000,1860.990,27.500,92.600,43.170,7.540,
0.090,5.500,2,30,132.000,132.000,1977.610,27.500,72.500,37.080,7.490,
0.090,5.500,3,30,136.000,136.000,1888.490,27.500,84.300,43.430,7.590,
0.090,5.500,4,30,147.000,147.000,1846.430,27.500,86.900,41.180,7.580,
0.090,5.500,5,30,162.000,162.000,2086.320,27.500,87.800,47.600,8.510,
0.090,5.500,6,30,173.000,173.000,1984.990,27.500,99.200,44.160,8.220,
0.090,5.500,7,30,133.000,133.000,1858.840,27.500,100.100,44.200,7.800,
0.090,5.500,8,30,120.000,120.000,1717.510,27.500,92.900,35.900,7.340,
0.090,5.500,9,30,133.000,133.000,1987.430,27.500,79.900,36.830,8.160,
0.090,6.000,0,30,145.000,145.000,2126.360,30.000,73.700,38.540,8.510,
0.090,6.000,1,30,133.000,133.000,1871.460,30.000,98.600,44.670,8.080,
0.090,6.000,2,30,140.000,140.000,1904.210,30.000,76.000,41.000,8.110,
0.090,6.000,3,30,140.000,140.000,1902.430,30.000,87.200,45.480,8.330,
0.090,6.000,4,30,157.000,157.000,1859.270,30.000,94.900,44.680,8.100,
0.090,6.000,5,30,161.000,161.000,2099.160,30.000,100.000,50.320,8.240,
0.090,6.000,6,30,150.000,150.000,2019.920,30.000,100.400,45.550,8.150,
0.090,6.000,7,30,131.000,131.000,1848.560,30.000,105.000,46.340,7.410,
0.090,6.000,8,30,139.000,139.000,1650.190,30.000,99.700,43.280,7.570,
0.090,6.000,9,30,153.000,153.000,1929.880,30.000,82.700,44.010,7.620,
0.090,6.500,0,30,147.000,147.000,2142.840,32.500,79.000,41.310,7.940,
0.090,6.500,1,30,211.000,211.000,1865.870,32.500,120.200,53.190,7.690,
0.090,6.500,2,30,147.000,147.000,1911.860,32.500,84.500,43.460,7.520,
0.090,6.500,3,30,206.000,206.000,1899.460,32.500,122.800,53.870,8.120,
0.090,6.500,4,30,159.000,159.000,1865.510,32.500,93.400,47.970,7.540,
0.090,6.500,5,30,212.000,212.000,2134.460,32.500,108.100,54.760,8.340,
0.090,6.500,6,30,184.000,184.000,2013.270,32.500,104.200,51.030,8.430,
0.090,6.500,7,30,133.000,133.000,1871.540,32.500,109.300,48.690,7.710,
0.090,6.500,8,30,157.000,157.000,1618.140,32.500,105.500,48.240,7.540,
0.090,6.500,9,30,154.000,154.000,2054.340,32.500,86.300,48.160,7.690,
0.090,7.000,0,30,141.000,141.000,2098.020,35.000,84.200,43.700,8.080,
0.090,7.000,1,30,223.000,223.000,1880.100,35.000,130.300,54.690,7.370,
0.090,7.000,2,30,155.000,155.000,1911.860,35.000,82.300,46.670,7.560,
0.090,7.000,3,30,195.000,195.000,1899.460,35.000,128.100,56.560,7.480,
0.090,7.000,4,30,175.000,175.000,1880.810,35.000,108.300,52.780,7.650,
0.090,7.000,5,30,171.000,171.000,2148.490,35.000,110.200,55.280,7.890,
0.090,7.000,6,30,177.000,177.000,2060.430,35.000,135.200,56.240,7.950,
0.090,7.000,7,30,179.000,179.000,1871.540,35.000,116.100,51.440,7.320,
0.090,7.000,8,30,169.000,169.000,1611.190,35.000,109.900,51.950,7.140,
0.090,7.000,9,30,165.000,165.000,1981.180,35.000,91.900,52.660,7.380,
0.100,3.000,0,30,88.000,88.000,2176.440,15.000,49.700,20.230,7.510,
0.100,3.000,1,30,97.000,97.000,1883.990,15.000,63.800,25.520,7.270,
0.100,3.000,2,30,85.000,85.000,1872.900,15.000,44.400,22.200,7.320,
0.100,3.000,3,30,94.000,94.000,1884.770,15.000,45.200,23.400,7.550,
0.100,3.000,4,30,75.000,75.000,1825.070,15.000,40.400,20.850,7.390,
0.100,3.000,5,30,93.000,93.000,2095.620,15.000,59.300,24.000,8.200,
0.100,3.000,6,30,80.000,80.000,2014.210,15.000,46.400,22.240,7.780,
0.100,3.000,7,30,74.000,74.000,1866.550,15.000,65.100,21.050,7.500,
0.100,3.000,8,30,108.000,108.000,1677.280,15.000,53.300,22.390,7.250,
0.100,3.000,9,30,99.000,99.000,1987.310,15.000,42.600,21.940,7.690,
0.100,3.500,0,30,90.000,90.000,2176.440,17.500,52.000,22.160,8.010,
0.100,3.500,1,30,106.000,106.000,1876.490,17.500,69.700,29.550,7.810,
0.100,3.500,2,30,90.000,90.000,1940.520,17.500,52.800,22.950,7.600,
0.100,3.500,3,30,105.000,105.000,1936.050,17.500,49.000,28.450,7.630,
0.100,3.500,4,30,127.000,127.000,1853.390,17.500,70.300,25.450,7.030,
0.100,3.500,5,30,102.000,102.000,2091.270,17.500,65.200,28.560,7.860,
0.100,3.500,6,30,114.000,114.000,2027.290,17.500,66.300,28.390,7.630,
0.100,3.500,7,30,106.000,106.000,1823.890,17.500,73.500,28.740,7.410,
0.100,3.500,8,30,112.000,112.000,1666.280,17.500,57.500,25.500,7.170,
0.100,3.500,9,30,106.000,106.000,2003.440,17.500,46.800,25.540,8.170,
0.100,4.000,0,30,116.000,116.000,2183.250,20.000,59.200,27.100,8.110,
0.100,4.000,1,30,119.000,119.000,1873.190,20.000,80.900,32.820,7.440,
0.100,4.000,2,30,119.000,119.000,1944.710,20.000,65.400,26.410,7.560,
0.100,4.000,3,30,119.000,119.000,1892.900,20.000,60.400,31.600,7.970,
0.100,4.000,4,30,134.000,134.000,1830.120,20.000,76.700,29.900,7.540,
0.100,4.000,5,30,110.000,110.000,2094.500,20.000,70.700,32.130,8.190,
0.100,4.000,6,30,144.000,144.000,1977.370,20.000,79.000,32.070,8.240,
0.100,4.000,7,30,119.000,119.000,1933.880,20.000,80.300,30.410,7.270,
0.100,4.000,8,30,120.000,120.000,1694.860,20.000,59.600,26.270,7.410,
0.100,4.000,9,30,108.000,108.000,1999.770,20.000,45.800,28.560,8.250,
0.100,4.500,0,30,127.000,127.000,2159.170,22.500,63.700,28.790,7.630,
0.100,4.500,1,30,129.000,129.000,1865.200,22.500,87.200,35.550,7.720,
0.100,4.500,2,30,118.000,118.000,1953.500,22.500,61.900,29.000,7.350,
0.100,4.500,3,30,112.000,112.000,1881.570,22.500,70.600,34.240,7.750,
0.100,4.500,4,30,139.000,139.000,1833.260,22.500,80.400,34.660,7.500,
0.100,4.500,5,30,141.000,141.000,2086.320,22.500,73.700,41.960,7.990,
0.100,4.500,6,30,151.000,151.000,2003.600,22.500,85.800,37.660,7.700,
0.100,4.500,7,30,124.000,124.000,1934.030,22.500,91.000,34.410,7.740,
0.100,4.500,8,30,121.000,121.000,1713.350,22.500,60.700,29.190,7.440,
0.100,4.500,9,30,129.000,129.000,1989.790,22.500,75.500,30.630,7.950,
0.100,5.000,0,30,135.000,135.000,2177.790,25.000,68.900,33.590,7.360,
0.100,5.000,1,30,131.000,131.000,1857.580,25.000,86.500,39.900,8.210,
0.100,5.000,2,30,114.000,114.000,1932.940,25.000,60.200,33.650,7.560,
0.100,5.000,3,30,123.000,123.000,1888.380,25.000,72.500,38.700,7.660,
0.100,5.000,4,30,141.000,141.000,1833.260,25.000,81.500,37.050,7.610,
0.100,5.000,5,30,159.000,159.000,2086.320,25.000,80.600,45.420,8.260,
0.100,5.000,6,30,161.000,161.000,1968.650,25.000,91.500,40.620,7.810,
0.100,5.000,7,30,137.000,137.000,1888.260,25.000,95.600,39.300,7.010,
0.100,5.000,8,30,121.000,121.000,1696.280,25.000,58.600,32.340,7.320,
0.100,5.000,9,30,131.000,131.000,1987.440,25.000,78.900,34.660,7.520,
0.100,5.500,0,30,143.000,143.000,2136.460,27.500,70.500,37.680,7.840,
0.100,5.500,1,30,134.000,134.000,1860.990,27.500,92.600,43.170,7.740,
0.100,5.500,2,30,132.000,132.000,1977.610,27.500,72.500,37.080,7.900,
0.100,5.500,3,30,136.000,136.000,1888.490,27.500,84.300,43.430,7.990,
0.100,5.500,4,30,147.000,147.000,1846.430,27.500,86.900,41.180,7.320,
0.100,5.500,5,30,162.000,162.000,2086.320,27.500,87.800,47.610,8.320,
0.100,5.500,6,30,173.000,173.000,1984.990,27.500,99.200,44.160,8.110,
0.100,5.500,7,30,133.000,133.000,1858.840,27.500,100.100,44.200,7.660,
0.100,5.500,8,30,120.000,120.000,1717.510,27.500,92.900,35.900,8.050,
0.100,5.500,9,30,161.000,161.000,2061.520,27.500,74.200,37.760,9.160,
0.100,6.000,0,30,125.000,125.000,2108.850,30.000,75.200,37.900,9.250,
0.100,6.000,1,30,138.000,138.000,1871.460,30.000,98.600,44.830,9.300,
0.100,6.000,2,30,140.000,140.000,1904.210,30.000,76.000,41.000,8.890,
0.100,6.000,3,30,140.000,140.000,1902.430,30.000,87.200,45.480,9.360,
0.100,6.000,4,30,157.000,157.000,1859.270,30.000,94.900,44.680,8.990,
0.100,6.000,5,30,167.000,167.000,2099.160,30.000,100.000,50.530,9.510,
0.100,6.000,6,30,150.000,150.000,2019.920,30.000,100.400,45.550,9.480,
0.100,6.000,7,30,131.000,131.000,1848.560,30.000,105.000,46.340,8.760,
0.100,6.000,8,30,139.000,139.000,1650.190,30.000,99.700,43.280,9.110,
0.100,6.000,9,30,151.000,151.000,1982.790,30.000,78.800,43.700,9.370,
0.100,6.500,0,30,147.000,147.000,2142.840,32.500,79.000,41.310,9.510,
0.100,6.500,1,30,211.000,211.000,1865.870,32.500,120.200,53.190,8.420,
0.100,6.500,2,30,147.000,147.000,1911.860,32.500,84.500,43.460,8.740,
0.100,6.500,3,30,206.000,206.000,1899.460,32.500,122.800,53.870,9.210,
0.100,6.500,4,30,159.000,159.000,1865.510,32.500,93.400,47.970,8.850,
0.100,6.500,5,30,212.000,212.000,2134.460,32.500,108.100,54.760,9.560,
0.100,6.500,6,30,184.000,184.000,2013.270,32.500,104.200,51.030,9.310,
0.100,6.500,7,30,133.000,133.000,1871.540,32.500,109.300,48.690,8.820,
0.100,6.500,8,30,157.000,157.000,1618.140,32.500,105.500,48.240,8.570,
0.100,6.500,9,30,154.000,154.000,2054.340,32.500,86.300,48.160,8.790,
0.100,7.000,0,30,141.000,141.000,2098.020,35.000,84.200,43.700,9.010,
0.100,7.000,1,30,223.000,223.000,1880.100,35.000,130.300,54.690,8.420,
0.100,7.000,2,30,155.000,155.000,1911.860,35.000,82.300,46.670,8.070,
0.100,7.000,3,30,195.000,195.000,1899.460,35.000,128.100,56.560,8.740,
0.100,7.000,4,30,175.000,175.000,1880.810,35.000,108.300,52.780,8.600,
0.100,7.000,5,30,171.000,171.000,2148.490,35.000,110.200,55.280,8.830,
0.100,7.000,6,30,177.000,177.000,2060.430,35.000,135.200,56.240,8.690,
0.100,7.000,7,30,179.000,179.000,1871.540,35.000,116.100,51.470,8.260,
0.100,7.000,8,30,169.000,169.000,1611.190,35.000,109.900,51.950,8.070,
0.100,7.000,9,30,165.000,165.000,1981.180,35.000,91.900,52.660,8.860,
0.110,3.000,0,30,88.000,88.000,2176.440,15.000,49.700,20.230,9.060,
0.110,3.000,1,30,97.000,97.000,1883.990,15.000,63.800,25.520,8.370,
0.110,3.000,2,30,85.000,85.000,1872.900,15.000,44.400,22.200,8.310,
0.110,3.000,3,30,94.000,94.000,1884.770,15.000,45.200,23.400,8.210,
0.110,3.000,4,30,75.000,75.000,1825.070,15.000,40.400,20.850,8.380,
0.110,3.000,5,30,93.000,93.000,2095.620,15.000,59.300,24.460,8.670,
0.110,3.000,6,30,80.000,80.000,2014.210,15.000,46.400,22.240,8.840,
0.110,3.000,7,30,74.000,74.000,1866.550,15.000,65.800,21.070,7.870,
0.110,3.000,8,30,108.000,108.000,1677.280,15.000,53.300,22.390,8.100,
0.110,3.000,9,30,99.000,99.000,1987.310,15.000,42.600,21.940,8.560,
0.110,3.500,0,30,90.000,90.000,2176.440,17.500,52.000,22.160,8.240,
0.110,3.500,1,30,106.000,106.000,1876.490,17.500,69.700,29.550,7.790,
0.110,3.500,2,30,90.000,90.000,1940.520,17.500,52.800,22.950,7.990,
0.110,3.500,3,30,105.000,105.000,1936.050,17.500,49.000,28.450,8.300,
0.110,3.500,4,30,127.000,127.000,1853.390,17.500,70.300,25.450,7.520,
0.110,3.500,5,30,102.000,102.000,2091.270,17.500,65.200,28.560,8.060,
0.110,3.500,6,30,125.000,125.000,2027.290,17.500,88.600,29.350,8.110,
0.110,3.500,7,30,106.000,106.000,1823.890,17.500,73.500,28.740,7.370,
0.110,3.500,8,30,112.000,112.000,1666.280,17.500,57.500,25.500,7.470,
0.110,3.500,9,30,106.000,106.000,2003.440,17.500,46.800,25.550,8.710,
0.110,4.000,0,30,116.000,116.000,2183.250,20.000,59.200,27.100,8.670,
0.110,4.000,1,30,119.000,119.000,1873.190,20.000,80.900,32.820,8.100,
0.110,4.000,2,30,119.000,119.000,1944.710,20.000,65.400,26.430,8.180,
0.110,4.000,3,30,119.000,119.000,1892.900,20.000,60.400,31.600,8.280,
0.110,4.000,4,30,134.000,134.000,1830.120,20.000,76.700,29.900,8.160,
0.110,4.000,5,30,110.000,110.000,2094.500,20.000,70.700,32.130,8.830,
0.110,4.000,6,30,144.000,144.000,1977.370,20.000,79.000,32.070,8.690,
0.110,4.000,7,30,119.000,119.000,1933.880,20.000,80.300,30.410,8.410,
0.110,4.000,8,30,120.000,120.000,1694.860,20.000,59.600,26.290,8.280,
0.110,4.000,9,30,108.000,108.000,1999.770,20.000,45.800,28.560,8.460,
0.110,4.500,0,30,127.000,127.000,2159.170,22.500,63.700,28.790,8.830,
0.110,4.500,1,30,129.000,129.000,1865.200,22.500,87.200,35.550,8.080,
0.110,4.500,2,30,118.000,118.000,1953.500,22.500,61.900,29.030,8.330,
0.110,4.500,3,30,112.000,112.000,1881.570,22.500,70.600,34.230,8.300,
0.110,4.500,4,30,139.000,139.000,1833.260,22.500,80.400,35.810,8.150,
0.110,4.500,5,30,141.000,141.000,2086.320,22.500,73.700,41.680,8.770,
0.110,4.500,6,30,152.000,152.000,2003.600,22.500,85.600,37.670,8.470,
0.110,4.500,7,30,124.000,124.000,1934.030,22.500,91.000,34.410,8.460,
0.110,4.500,8,30,121.000,121.000,1713.350,22.500,60.700,29.190,8.160,
0.110,4.500,9,30,129.000,129.000,1989.790,22.500,75.500,30.630,8.800,
0.110,5.000,0,30,135.000,135.000,2177.790,25.000,68.900,33.590,8.800,
0.110,5.000,1,30,131.000,131.000,1857.580,25.000,86.500,39.900,8.470,
0.110,5.000,2,30,114.000,114.000,1932.940,25.000,60.300,33.660,8.400,
0.110,5.000,3,30,123.000,123.000,1888.490,25.000,72.500,39.680,8.910,
0.110,5.000,4,30,141.000,141.000,1833.260,25.000,81.500,37.050,8.710,
0.110,5.000,5,30,159.000,159.000,2086.320,25.000,80.600,45.420,9.190,
0.110,5.000,6,30,161.000,161.000,1968.650,25.000,91.500,40.620,8.940,
0.110,5.000,7,30,137.000,137.000,1888.260,25.000,95.600,39.300,8.260,
0.110,5.000,8,30,121.000,121.000,1696.280,25.000,58.600,32.340,8.220,
0.110,5.000,9,30,115.000,115.000,2009.950,25.000,71.900,33.940,7.980,
0.110,5.500,0,30,144.000,144.000,2136.710,27.500,70.500,37.720,8.170,
0.110,5.500,1,30,134.000,134.000,1860.990,27.500,92.600,43.220,7.580,
0.110,5.500,2,30,132.000,132.000,1977.610,27.500,72.500,37.080,7.820,
0.110,5.500,3,30,136.000,136.000,1888.490,27.500,84.300,43.430,7.920,
0.110,5.500,4,30,147.000,147.000,1846.430,27.500,86.900,42.480,8.120,
0.110,5.500,5,30,162.000,162.000,2086.320,27.500,87.800,47.680,8.470,
0.110,5.500,6,30,173.000,173.000,1984.990,27.500,99.200,44.160,8.230,
0.110,5.500,7,30,133.000,133.000,1858.840,27.500,100.100,44.200,7.220,
0.110,5.500,8,30,121.000,121.000,1719.200,27.500,92.900,36.440,8.730,
0.110,5.500,9,30,161.000,161.000,2061.520,27.500,74.200,37.760,10.410,
0.110,6.000,0,30,125.000,125.000,2108.850,30.000,76.200,37.940,10.330,
0.110,6.000,1,30,140.000,140.000,1871.460,30.000,98.600,44.910,10.080,
0.110,6.000,2,30,140.000,140.000,1904.210,30.000,76.000,41.000,10.000,
0.110,6.000,3,30,140.000,140.000,1902.430,30.000,87.200,45.480,10.290,
0.110,6.000,4,30,157.000,157.000,1859.270,30.000,94.900,44.680,9.980,
0.110,6.000,5,30,167.000,167.000,2099.160,30.000,100.000,50.530,10.700,
0.110,6.000,6,30,150.000,150.000,2019.920,30.000,100.400,45.550,10.400,
0.110,6.000,7,30,131.000,131.000,1848.560,30.000,105.000,46.340,9.570,
0.110,6.000,8,30,139.000,139.000,1650.190,30.000,99.700,43.560,10.150,
0.110,6.000,9,30,151.000,151.000,1982.790,30.000,78.800,43.840,10.040,
0.110,6.500,0,30,147.000,147.000,2142.840,32.500,79.000,41.310,10.240,
0.110,6.500,1,30,211.000,211.000,1865.870,32.500,120.200,53.190,9.790,
0.110,6.500,2,30,147.000,147.000,1911.860,32.500,84.500,43.460,9.800,
0.110,6.500,3,30,206.000,206.000,1899.460,32.500,122.800,53.870,9.990,
0.110,6.500,4,30,159.000,159.000,1865.510,32.500,93.400,47.970,9.730,
0.110,6.500,5,30,212.000,212.000,2134.460,32.500,108.100,54.760,10.260,
0.110,6.500,6,30,184.000,184.000,2013.270,32.500,104.200,51.030,9.860,
0.110,6.500,7,30,133.000,133.000,1871.540,32.500,109.300,48.790,9.330,
0.110,6.500,8,30,157.000,157.000,1618.140,32.500,105.500,48.240,9.180,
0.110,6.500,9,30,154.000,154.000,2054.340,32.500,86.300,48.160,9.510,
0.110,7.000,0,30,141.000,141.000,2098.020,35.000,84.200,43.790,9.450,
0.110,7.000,1,30,223.000,223.000,1880.100,35.000,130.300,54.690,9.160,
0.110,7.000,2,30,155.000,155.000,1911.860,35.000,82.300,46.670,9.040,
0.110,7.000,3,30,195.000,195.000,1899.460,35.000,128.100,56.560,9.610,
0.110,7.000,4,30,175.000,175.000,1880.810,35.000,108.300,52.810,9.280,
0.110,7.000,5,30,171.000,171.000,2148.490,35.000,110.200,55.280,9.820,
0.110,7.000,6,30,177.000,177.000,2060.430,35.000,135.200,56.240,9.490,
0.110,7.000,7,30,179.000,179.000,1871.540,35.000,116.100,51.670,9.120,
0.110,7.000,8,30,176.000,176.000,1660.510,35.000,109.900,52.740,8.980,
0.110,7.000,9,30,165.000,165.000,1981.180,35.000,91.900,52.660,9.420,
0.120,3.000,0,30,88.000,88.000,2176.440,15.000,49.700,20.230,9.640,
0.120,3.000,1,30,102.000,102.000,1876.530,15.000,68.200,27.310,9.180,
0.120,3.000,2,30,85.000,85.000,1872.900,15.000,44.400,22.200,8.970,
0.120,3.000,3,30,94.000,94.000,1884.770,15.000,45.200,23.400,9.160,
0.120,3.000,4,30,75.000,75.000,1825.070,15.000,40.400,20.760,9.120,
0.120,3.000,5,30,97.000,97.000,2095.620,15.000,59.500,24.740,9.930,
0.120,3.000,6,30,80.000,80.000,2014.210,15.000,46.400,22.240,9.650,
0.120,3.000,7,30,80.000,80.000,1866.550,15.000,71.600,21.270,8.960,
0.120,3.000,8,30,108.000,108.000,1677.280,15.000,53.300,22.390,8.900,
0.120,3.000,9,30,99.000,99.000,1987.310,15.000,42.600,21.980,9.690,
0.120,3.500,0,30,90.000,90.000,2100.150,17.500,54.900,23.400,9.730,
0.120,3.500,1,30,108.000,108.000,1876.490,17.500,72.300,29.720,9.240,
0.120,3.500,2,30,90.000,90.000,1940.520,17.500,52.800,23.310,9.190,
0.120,3.500,3,30,104.000,104.000,1914.840,17.500,54.700,28.880,9.420,
0.120,3.500,4,30,130.000,130.000,1853.390,17.500,73.500,25.600,9.040,
0.120,3.500,5,30,102.000,102.000,2091.270,17.500,65.200,28.580,9.830,
0.120,3.500,6,30,131.000,131.000,2027.290,17.500,94.600,29.560,9.730,
0.120,3.500,7,30,113.000,113.000,1823.890,17.500,79.000,29.190,9.030,
0.120,3.500,8,30,112.000,112.000,1666.280,17.500,57.500,25.500,9.130,
0.120,3.500,9,30,106.000,106.000,2003.440,17.500,46.800,25.610,9.460,
0.120,4.000,0,30,116.000,116.000,2183.250,20.000,59.200,27.100,9.510,
0.120,4.000,1,30,122.000,122.000,1873.190,20.000,83.300,32.970,9.150,
0.120,4.000,2,30,119.000,119.000,1944.710,20.000,65.400,26.450,9.090,
0.120,4.000,3,30,106.000,106.000,1892.900,20.000,60.400,31.140,9.470,
0.120,4.000,4,30,137.000,137.000,1830.120,20.000,79.400,29.990,8.910,
0.120,4.000,5,30,110.000,110.000,2094.500,20.000,70.700,32.170,9.980,
0.120,4.000,6,30,148.000,148.000,1977.370,20.000,82.300,32.180,9.490,
0.120,4.000,7,30,119.000,119.000,1933.880,20.000,89.600,31.460,9.080,
0.120,4.000,8,30,120.000,120.000,1694.860,20.000,59.600,26.350,8.740,
0.120,4.000,9,30,108.000,108.000,1999.770,20.000,58.700,29.210,9.680,
0.120,4.500,0,30,127.000,127.000,2159.170,22.500,63.700,28.790,9.890,
0.120,4.500,1,30,129.000,129.000,1865.200,22.500,87.200,35.640,9.250,
0.120,4.500,2,30,118.000,118.000,1953.500,22.500,61.900,29.050,9.160,
0.120,4.500,3,30,112.000,112.000,1881.570,22.500,70.600,34.140,9.390,
0.120,4.500,4,30,140.000,140.000,1833.260,22.500,81.400,36.190,9.330,
0.120,4.500,5,30,149.000,149.000,2086.320,22.500,73.700,42.180,9.710,
0.120,4.500,6,30,154.000,154.000,2003.600,22.500,86.100,37.730,9.660,
0.120,4.500,7,30,130.000,130.000,1934.030,22.500,94.200,35.520,9.280,
0.120,4.500,8,30,121.000,121.000,1713.350,22.500,60.700,29.190,9.200,
0.120,4.500,9,30,101.000,101.000,2016.080,22.500,60.800,29.810,10.810,
0.120,5.000,0,30,142.000,142.000,2189.060,25.000,67.300,33.740,10.890,
0.120,5.000,1,30,131.000,131.000,1857.580,25.000,88.100,39.960,10.440,
0.120,5.000,2,30,114.000,114.000,1932.940,25.000,60.800,33.700,10.360,
0.120,5.000,3,30,123.000,123.000,1888.490,25.000,72.500,39.680,10.660,
0.120,5.000,4,30,141.000,141.000,1833.260,25.000,81.500,38.010,10.390,
0.120,5.000,5,30,159.000,159.000,2086.320,25.000,80.600,45.420,10.920,
0.120,5.000,6,30,161.000,161.000,1968.650,25.000,91.500,40.760,10.710,
0.120,5.000,7,30,137.000,137.000,1888.260,25.000,97.900,39.370,9.990,
0.120,5.000,8,30,121.000,121.000,1696.280,25.000,58.600,32.410,9.930,
0.120,5.000,9,30,115.000,115.000,2009.950,25.000,71.900,33.940,10.600,
0.120,5.500,0,30,150.000,150.000,2132.970,27.500,70.500,37.940,10.820,
0.120,5.500,1,30,134.000,134.000,1860.990,27.500,92.600,43.230,10.280,
0.120,5.500,2,30,132.000,132.000,1977.610,27.500,72.500,37.080,10.320,
0.120,5.500,3,30,136.000,136.000,1888.490,27.500,84.300,43.430,10.670,
0.120,5.500,4,30,147.000,147.000,1846.430,27.500,86.900,42.530,10.700,
0.120,5.500,5,30,165.000,165.000,2086.320,27.500,87.800,48.390,11.480,
0.120,5.500,6,30,173.000,173.000,1984.990,27.500,99.200,44.160,11.160,
0.120,5.500,7,30,133.000,133.000,1858.840,27.500,101.600,44.200,10.740,
0.120,5.500,8,30,121.000,121.000,1719.200,27.500,92.900,36.520,11.050,
0.120,5.500,9,30,161.000,161.000,2061.520,27.500,74.200,37.760,11.970,
0.120,6.000,0,30,125.000,125.000,2108.850,30.000,77.100,37.970,11.920,
0.120,6.000,1,30,142.000,142.000,1871.460,30.000,98.600,44.950,11.730,
0.120,6.000,2,30,140.000,140.000,1904.210,30.000,78.100,41.100,11.510,
0.120,6.000,3,30,140.000,140.000,1902.430,30.000,87.200,45.480,11.740,
0.120,6.000,4,30,157.000,157.000,1859.270,30.000,94.900,44.680,11.550,
0.120,6.000,5,30,167.000,167.000,2099.160,30.000,100.000,50.540,12.130,
0.120,6.000,6,30,150.000,150.000,2019.920,30.000,100.400,45.550,11.870,
0.120,6.000,7,30,131.000,131.000,1848.560,30.000,105.300,46.350,11.130,
0.120,6.000,8,30,139.000,139.000,1650.190,30.000,99.700,43.630,11.460,
0.120,6.000,9,30,151.000,151.000,1982.790,30.000,78.800,43.890,10.360,
0.120,6.500,0,30,147.000,147.000,2142.840,32.500,79.300,41.350,10.670,
0.120,6.500,1,30,211.000,211.000,1865.870,32.500,120.200,53.190,10.320,
0.120,6.500,2,30,147.000,147.000,1911.860,32.500,78.200,43.260,10.210,
0.120,6.500,3,30,211.000,211.000,1899.460,32.500,122.800,54.050,10.350,
0.120,6.500,4,30,159.000,159.000,1865.510,32.500,93.400,47.970,10.020,
0.120,6.500,5,30,212.000,212.000,2134.460,32.500,108.100,54.760,10.230,
0.120,6.500,6,30,184.000,184.000,2013.270,32.500,136.500,53.000,9.520,
0.120,6.500,7,30,134.000,134.000,1871.540,32.500,109.300,48.850,9.270,
0.120,6.500,8,30,157.000,157.000,1618.140,32.500,105.500,48.190,9.200,
0.120,6.500,9,30,154.000,154.000,2054.340,32.500,86.300,48.160,7.470,
0.120,7.000,0,30,141.000,141.000,2098.020,35.000,84.200,43.810,7.750,
0.120,7.000,1,30,223.000,223.000,1880.100,35.000,130.300,54.690,7.500,
0.120,7.000,2,30,155.000,155.000,1911.860,35.000,82.300,46.670,7.300,
0.120,7.000,3,30,195.000,195.000,1899.460,35.000,128.100,56.560,7.990,
0.120,7.000,4,30,175.000,175.000,1880.810,35.000,108.300,52.940,7.450,
0.120,7.000,5,30,171.000,171.000,2148.490,35.000,110.200,55.280,8.130,
0.120,7.000,6,30,177.000,177.000,2060.430,35.000,140.900,56.440,8.300,
0.120,7.000,7,30,179.000,179.000,1871.540,35.000,116.100,51.710,7.790,
0.120,7.000,8,30,177.000,177.000,1660.510,35.000,109.900,52.740,7.360,
0.120,7.000,9,30,165.000,165.000,1981.180,35.000,91.900,52.660,9.620,
0.130,3.000,0,30,88.000,88.000,2176.440,15.000,49.700,20.240,9.570,
0.130,3.000,1,30,106.000,106.000,1876.530,15.000,72.600,27.990,9.130,
0.130,3.000,2,30,86.000,86.000,1872.900,15.000,44.400,22.210,8.970,
0.130,3.000,3,30,94.000,94.000,1884.770,15.000,45.200,23.460,9.220,
0.130,3.000,4,30,84.000,84.000,1825.070,15.000,49.100,21.190,9.070,
0.130,3.000,5,30,102.000,102.000,2095.620,15.000,64.200,25.130,9.990,
0.130,3.000,6,30,127.000,127.000,2014.210,15.000,92.500,23.790,9.640,
0.130,3.000,7,30,86.000,86.000,1866.550,15.000,77.900,21.460,8.820,
0.130,3.000,8,30,108.000,108.000,1677.280,15.000,53.300,22.690,9.090,
0.130,3.000,9,30,99.000,99.000,1987.310,15.000,42.600,21.990,9.720,
0.130,3.500,0,30,90.000,90.000,2100.150,17.500,56.700,23.460,9.290,
0.130,3.500,1,30,114.000,114.000,1876.490,17.500,77.700,30.220,9.020,
0.130,3.500,2,30,90.000,90.000,1940.520,17.500,52.800,23.330,8.790,
0.130,3.500,3,30,119.000,119.000,1914.840,17.500,55.300,29.400,9.090,
0.130,3.500,4,30,132.000,132.000,1825.080,17.500,77.400,26.450,8.890,
0.130,3.500,5,30,109.000,109.000,2100.420,17.500,69.200,29.650,10.000,
0.130,3.500,6,30,141.000,141.000,2027.290,17.500,104.300,30.010,10.050,
0.130,3.500,7,30,113.000,113.000,1823.890,17.500,89.700,29.550,8.850,
0.130,3.500,8,30,112.000,112.000,1666.280,17.500,57.500,25.530,8.650,
0.130,3.500,9,30,106.000,106.000,2003.440,17.500,46.800,25.650,10.270,
0.130,4.000,0,30,116.000,116.000,2183.250,20.000,59.900,27.120,10.630,
0.130,4.000,1,30,127.000,127.000,1873.190,20.000,88.600,33.490,9.930,
0.130,4.000,2,30,121.000,121.000,1944.710,20.000,67.600,26.560,9.910,
0.130,4.000,3,30,108.000,108.000,1871.790,20.000,66.900,31.430,10.350,
0.130,4.000,4,30,142.000,142.000,1830.120,20.000,84.900,30.930,10.030,
0.130,4.000,5,30,114.000,114.000,2094.500,20.000,74.000,32.490,10.670,
0.130,4.000,6,30,154.000,154.000,1977.370,20.000,89.000,32.550,10.360,
0.130,4.000,7,30,119.000,119.000,1933.880,20.000,95.000,31.640,9.640,
0.130,4.000,8,30,120.000,120.000,1694.860,20.000,59.600,26.470,10.030,
0.130,4.000,9,30,108.000,108.000,1970.800,20.000,59.200,29.260,9.690,
0.130,4.500,0,30,127.000,127.000,2159.170,22.500,63.700,28.790,10.040,
0.130,4.500,1,30,134.000,134.000,1865.200,22.500,92.300,36.340,9.570,
0.130,4.500,2,30,118.000,118.000,1953.500,22.500,61.900,29.060,9.610,
0.130,4.500,3,30,115.000,115.000,1902.350,22.500,73.100,34.990,9.340,
0.130,4.500,4,30,145.000,145.000,1833.260,22.500,87.000,36.440,9.700,
0.130,4.500,5,30,159.000,159.000,2086.320,22.500,83.700,42.480,9.690,
0.130,4.500,6,30,159.000,159.000,2003.600,22.500,90.400,38.010,9.480,
0.130,4.500,7,30,130.000,130.000,1934.030,22.500,99.500,35.710,8.880,
0.130,4.500,8,30,121.000,121.000,1713.350,22.500,60.700,29.220,8.860,
0.130,4.500,9,30,101.000,101.000,2016.080,22.500,60.800,29.830,10.480,
0.130,5.000,0,30,118.000,118.000,2216.240,25.000,67.300,33.470,9.960,
0.130,5.000,1,30,131.000,131.000,1857.580,25.000,94.100,40.600,9.930,
0.130,5.000,2,30,114.000,114.000,1932.940,25.000,61.300,33.730,10.050,
0.130,5.000,3,30,135.000,135.000,1888.490,25.000,84.200,40.210,10.110,
0.130,5.000,4,30,145.000,145.000,1833.260,25.000,85.600,38.150,9.420,
0.130,5.000,5,30,162.000,162.000,2086.320,25.000,83.400,45.520,11.490,
0.130,5.000,6,30,165.000,165.000,1968.650,25.000,95.400,41.000,11.480,
0.130,5.000,7,30,137.000,137.000,1888.260,25.000,104.300,39.550,10.730,
0.130,5.000,8,30,121.000,121.000,1696.280,25.000,58.600,32.460,10.180,
0.130,5.000,9,30,115.000,115.000,2009.950,25.000,71.900,33.940,14.560,
0.130,5.500,0,30,132.000,132.000,2161.320,27.500,75.500,37.030,15.810,
0.130,5.500,1,30,134.000,134.000,1860.990,27.500,100.300,43.540,14.680,
0.130,5.500,2,30,132.000,132.000,1977.610,27.500,72.800,37.190,14.520,
0.130,5.500,3,30,139.000,139.000,1888.490,27.500,87.900,43.630,14.960,
0.130,5.500,4,30,151.000,151.000,1851.460,27.500,90.200,42.870,14.350,
0.130,5.500,5,30,169.000,169.000,2086.320,27.500,87.800,48.550,16.120,
0.130,5.500,6,30,196.000,196.000,1984.990,27.500,122.100,44.980,15.320,
0.130,5.500,7,30,133.000,133.000,1859.080,27.500,108.300,44.260,14.170,
0.130,5.500,8,30,121.000,121.000,1719.200,27.500,95.000,36.640,14.990,
0.130,5.500,9,30,161.000,161.000,2061.520,27.500,74.200,37.760,15.840,
0.130,6.000,0,30,151.000,151.000,2171.630,30.000,77.800,38.920,15.630,
0.130,6.000,1,30,143.000,143.000,1871.460,30.000,105.900,45.240,16.010,
0.130,6.000,2,30,140.000,140.000,1904.210,30.000,77.300,41.120,15.330,
0.130,6.000,3,30,150.000,150.000,1902.430,30.000,97.400,45.870,15.600,
0.130,6.000,4,30,170.000,170.000,1859.270,30.000,107.800,45.320,15.360,
0.130,6.000,5,30,168.000,168.000,2099.160,30.000,102.500,50.650,15.670,
0.130,6.000,6,30,150.000,150.000,2019.920,30.000,100.400,45.550,15.540,
0.130,6.000,7,30,131.000,131.000,1848.560,30.000,112.000,46.580,14.540,
0.130,6.000,8,30,165.000,165.000,1641.240,30.000,100.100,45.240,13.820,
0.130,6.000,9,30,151.000,151.000,1982.790,30.000,78.800,43.920,14.340,
0.130,6.500,0,30,147.000,147.000,2142.840,32.500,80.000,41.400,14.870,
0.130,6.500,1,30,217.000,217.000,1865.870,32.500,126.100,53.740,13.900,
0.130,6.500,2,30,147.000,147.000,1911.860,32.500,77.000,43.690,13.550,
0.130,6.500,3,30,218.000,218.000,1899.460,32.500,124.900,54.570,14.160,
0.130,6.500,4,30,170.000,170.000,1865.510,32.500,104.500,48.380,13.840,
0.130,6.500,5,30,212.000,212.000,2134.460,32.500,108.100,54.800,15.090,
0.130,6.500,6,30,184.000,184.000,2013.270,32.500,145.100,54.590,14.720,
0.130,6.500,7,30,135.000,135.000,1871.540,32.500,118.200,49.180,14.050,
0.130,6.500,8,30,172.000,172.000,1618.140,32.500,105.500,49.000,13.330,
0.130,6.500,9,30,154.000,154.000,2054.340,32.500,86.300,48.160,8.760,
0.130,7.000,0,30,141.000,141.000,2098.020,35.000,84.200,43.830,8.220,
0.130,7.000,1,30,224.000,224.000,1880.100,35.000,131.600,55.250,7.910,
0.130,7.000,2,30,155.000,155.000,1911.860,35.000,82.300,46.670,8.010,
0.130,7.000,3,30,195.000,195.000,1899.460,35.000,128.100,56.730,8.370,
0.130,7.000,4,30,177.000,177.000,1880.810,35.000,111.000,52.860,7.840,
0.130,7.000,5,30,171.000,171.000,2148.490,35.000,114.300,55.960,7.550,
0.130,7.000,6,30,178.000,178.000,2060.430,35.000,149.900,56.780,7.750,
0.130,7.000,7,30,179.000,179.000,1871.540,35.000,121.900,52.030,6.420,
0.130,7.000,8,30,177.000,177.000,1705.370,35.000,117.600,52.530,7.480,
0.130,7.000,9,30,165.000,165.000,1981.180,35.000,91.900,52.660,7.220,
0.140,3.000,0,30,87.000,87.000,2156.350,15.000,50.100,20.280,6.810,
0.140,3.000,1,30,110.000,110.000,1854.430,15.000,76.500,28.670,7.660,
0.140,3.000,2,30,88.000,88.000,1872.900,15.000,44.400,22.640,7.080,
0.140,3.000,3,30,96.000,96.000,1877.890,15.000,52.500,23.980,6.760,
0.140,3.000,4,30,89.000,89.000,1825.070,15.000,54.500,21.390,6.630,
0.140,3.000,5,30,108.000,108.000,2095.620,15.000,70.600,25.610,7.410,
0.140,3.000,6,30,138.000,138.000,2012.620,15.000,102.600,25.980,7.180,
0.140,3.000,7,30,97.000,97.000,1866.550,15.000,88.200,21.870,6.400,
0.140,3.000,8,30,108.000,108.000,1677.280,15.000,53.300,22.890,7.420,
0.140,3.000,9,30,99.000,99.000,1987.310,15.000,42.600,22.650,7.230,
0.140,3.500,0,30,90.000,90.000,2100.150,17.500,60.300,23.580,7.120,
0.140,3.500,1,30,122.000,122.000,1847.150,17.500,85.600,31.630,6.860,
0.140,3.500,2,30,113.000,113.000,1940.520,17.500,64.300,24.100,6.930,
0.140,3.500,3,30,110.000,110.000,1908.540,17.500,69.200,29.640,7.230,
0.140,3.500,4,30,136.000,136.000,1825.080,17.500,81.900,26.790,6.720,
0.140,3.500,5,30,114.000,114.000,2100.420,17.500,74.700,30.270,7.850,
0.140,3.500,6,30,150.000,150.000,1966.830,17.500,113.100,30.640,7.030,
0.140,3.500,7,30,118.000,118.000,1823.890,17.500,94.900,30.010,7.070,
0.140,3.500,8,30,114.000,114.000,1684.420,17.500,57.500,25.410,7.090,
0.140,3.500,9,30,106.000,106.000,1973.120,17.500,46.800,25.710,7.330,
0.140,4.000,0,30,116.000,116.000,2183.250,20.000,63.800,27.320,7.070,
0.140,4.000,1,30,132.000,132.000,1873.190,20.000,93.400,34.100,6.950,
0.140,4.000,2,30,126.000,126.000,1944.710,20.000,72.400,26.730,7.660,
0.140,4.000,3,30,113.000,113.000,1871.790,20.000,71.800,31.580,7.570,
0.140,4.000,4,30,148.000,148.000,1830.120,20.000,90.900,31.340,6.710,
0.140,4.000,5,30,119.000,119.000,2063.490,20.000,78.300,34.590,7.280,
0.140,4.000,6,30,160.000,160.000,1977.370,20.000,94.800,33.240,7.480,
0.140,4.000,7,30,121.000,121.000,1933.880,20.000,100.100,32.020,6.960,
0.140,4.000,8,30,120.000,120.000,1694.860,20.000,59.600,27.300,7.340,
0.140,4.000,9,30,108.000,108.000,1970.800,20.000,59.500,29.270,7.090,
0.140,4.500,0,30,127.000,127.000,2159.170,22.500,66.800,28.890,7.560,
0.140,4.500,1,30,140.000,140.000,1865.200,22.500,98.400,36.970,7.530,
0.140,4.500,2,30,119.000,119.000,1953.500,22.500,62.100,29.180,6.960,
0.140,4.500,3,30,120.000,120.000,1902.350,22.500,78.100,35.490,7.870,
0.140,4.500,4,30,153.000,153.000,1833.260,22.500,95.000,36.740,6.980,
0.140,4.500,5,30,170.000,170.000,2009.120,22.500,94.400,43.010,7.170,
0.140,4.500,6,30,164.000,164.000,2003.600,22.500,95.500,38.470,7.580,
0.140,4.500,7,30,131.000,131.000,1934.030,22.500,105.800,36.020,7.220,
0.140,4.500,8,30,121.000,121.000,1713.350,22.500,60.700,29.510,7.150,
0.140,4.500,9,30,113.000,113.000,2016.080,22.500,71.900,31.110,7.510,
0.140,5.000,0,30,118.000,118.000,2216.240,25.000,69.600,33.620,7.430,
0.140,5.000,1,30,135.000,135.000,1857.580,25.000,101.600,41.500,7.270,
0.140,5.000,2,30,114.000,114.000,1932.940,25.000,61.700,33.760,7.060,
0.140,5.000,3,30,147.000,147.000,1888.490,25.000,96.300,40.850,7.520,
0.140,5.000,4,30,153.000,153.000,1833.260,25.000,93.300,38.800,6.520,
0.140,5.000,5,30,173.000,173.000,2061.090,25.000,94.200,46.710,7.540,
0.140,5.000,6,30,148.000,148.000,2005.450,25.000,137.800,42.490,7.120,
0.140,5.000,7,30,137.000,137.000,1888.260,25.000,110.000,39.890,6.980,
0.140,5.000,8,30,121.000,121.000,1653.280,25.000,97.000,34.590,6.850,
0.140,5.000,9,30,117.000,117.000,2009.950,25.000,73.100,34.020,7.410,
0.140,5.500,0,30,132.000,132.000,2161.320,27.500,76.200,37.100,7.470,
0.140,5.500,1,30,134.000,134.000,1860.990,27.500,109.400,44.260,6.930,
0.140,5.500,2,30,133.000,133.000,1977.610,27.500,75.600,37.320,7.080,
0.140,5.500,3,30,151.000,151.000,1888.490,27.500,99.900,44.200,7.240,
0.140,5.500,4,30,172.000,172.000,1851.460,27.500,110.600,43.900,7.220,
0.140,5.500,5,30,174.000,174.000,2086.320,27.500,93.000,47.710,7.450,
0.140,5.500,6,30,154.000,154.000,1986.240,27.500,143.300,44.990,7.930,
0.140,5.500,7,30,133.000,133.000,1812.780,27.500,118.300,44.720,6.740,
0.140,5.500,8,30,121.000,121.000,1719.200,27.500,102.100,37.210,7.220,
0.140,5.500,9,30,161.000,161.000,2061.520,27.500,77.800,38.100,7.520,
0.140,6.000,0,30,151.000,151.000,2171.630,30.000,78.500,38.980,8.170,
0.140,6.000,1,30,144.000,144.000,1871.460,30.000,124.000,46.110,7.040,
0.140,6.000,2,30,140.000,140.000,1904.210,30.000,77.300,41.150,7.770,
0.140,6.000,3,30,156.000,156.000,1902.430,30.000,103.700,46.240,7.220,
0.140,6.000,4,30,179.000,179.000,1860.450,30.000,116.700,46.040,7.130,
0.140,6.000,5,30,171.000,171.000,2099.160,30.000,108.100,51.090,7.650,
0.140,6.000,6,30,160.000,160.000,2032.340,30.000,149.100,48.120,7.850,
0.140,6.000,7,30,131.000,131.000,1848.560,30.000,122.700,46.930,7.010,
0.140,6.000,8,30,174.000,174.000,1641.240,30.000,106.600,45.890,7.420,
0.140,6.000,9,30,152.000,152.000,1982.790,30.000,88.000,44.250,7.480,
0.140,6.500,0,30,147.000,147.000,2142.840,32.500,80.500,41.540,7.700,
0.140,6.500,1,30,224.000,224.000,1865.870,32.500,133.500,55.020,7.030,
0.140,6.500,2,30,147.000,147.000,1911.860,32.500,76.800,43.690,7.330,
0.140,6.500,3,30,231.000,231.000,1899.460,32.500,137.200,55.840,7.680,
0.140,6.500,4,30,177.000,177.000,1865.510,32.500,112.000,49.010,7.020,
0.140,6.500,5,30,213.000,213.000,2134.460,32.500,116.400,55.840,7.550,
0.140,6.500,6,30,184.000,184.000,2013.270,32.500,154.300,55.330,7.400,
0.140,6.500,7,30,136.000,136.000,1871.540,32.500,127.100,49.500,7.310,
0.140,6.500,8,30,181.000,181.000,1618.140,32.500,119.700,49.860,6.690,
0.140,6.500,9,30,154.000,154.000,2054.340,32.500,115.900,49.250,7.390,
0.140,7.000,0,30,141.000,141.000,2098.020,35.000,84.200,43.880,7.360,
0.140,7.000,1,30,230.000,230.000,1880.100,35.000,137.900,56.050,7.320,
0.140,7.000,2,30,155.000,155.000,1911.860,35.000,82.800,46.690,7.260,
0.140,7.000,3,30,288.000,288.000,1899.460,35.000,190.600,62.780,7.250,
0.140,7.000,4,30,186.000,186.000,1880.810,35.000,119.600,53.570,7.700,
0.140,7.000,5,30,171.000,171.000,2148.490,35.000,119.600,56.460,7.470,
0.140,7.000,6,30,181.000,181.000,2060.430,35.000,170.600,57.700,7.380,
0.140,7.000,7,30,183.000,183.000,1871.540,35.000,130.800,52.510,6.870,
0.140,7.000,8,30,186.000,186.000,1705.370,35.000,134.600,53.490,7.000,
0.140,7.000,9,30,165.000,165.000,1981.180,35.000,119.200,53.570,7.140,
0.150,3.000,0,30,89.000,89.000,2156.350,15.000,59.800,21.620,7.600,
0.150,3.000,1,30,117.000,117.000,1833.580,15.000,83.800,30.700,7.130,
0.150,3.000,2,30,109.000,109.000,1872.900,15.000,63.600,24.060,7.120,
0.150,3.000,3,30,109.000,109.000,1910.080,15.000,69.500,25.930,7.240,
0.150,3.000,4,30,94.000,94.000,1825.070,15.000,59.400,21.710,6.870,
0.150,3.000,5,30,113.000,113.000,2043.410,15.000,75.500,26.790,8.120,
0.150,3.000,6,30,145.000,145.000,2003.530,15.000,109.200,26.320,7.510,
0.150,3.000,7,30,119.000,119.000,1864.020,15.000,93.500,24.850,6.730,
0.150,3.000,8,30,109.000,109.000,1677.280,15.000,54.100,23.010,6.640,
0.150,3.000,9,30,101.000,101.000,1984.340,15.000,44.900,22.980,6.830,
0.150,3.500,0,30,97.000,97.000,2100.150,17.500,64.000,23.920,7.270,
0.150,3.500,1,30,127.000,127.000,1847.150,17.500,90.400,32.830,7.030,
0.150,3.500,2,30,117.000,117.000,1872.980,17.500,68.100,24.650,7.590,
0.150,3.500,3,30,114.000,114.000,1908.540,17.500,73.900,29.990,7.780,
0.150,3.500,4,30,141.000,141.000,1825.080,17.500,86.700,26.850,7.070,
0.150,3.500,5,30,118.000,118.000,2100.420,17.500,78.700,30.840,7.270,
0.150,3.500,6,30,155.000,155.000,1966.830,17.500,118.600,31.610,7.230,
0.150,3.500,7,30,121.000,121.000,1823.890,17.500,99.600,30.500,7.000,
0.150,3.500,8,30,114.000,114.000,1679.760,17.500,57.500,25.410,6.920,
0.150,3.500,9,30,109.000,109.000,1973.120,17.500,59.000,26.640,6.910,
0.150,4.000,0,30,116.000,116.000,2183.250,20.000,67.600,27.450,7.600,
0.150,4.000,1,30,137.000,137.000,1841.320,20.000,98.700,35.040,7.100,
0.150,4.000,2,30,146.000,146.000,1944.710,20.000,92.300,27.470,7.660,
0.150,4.000,3,30,118.000,118.000,1878.060,20.000,78.900,32.550,7.410,
0.150,4.000,4,30,156.000,156.000,1766.980,20.000,98.200,33.890,6.950,
0.150,4.000,5,30,123.000,123.000,2063.490,20.000,82.700,35.560,7.470,
0.150,4.000,6,30,165.000,165.000,1977.370,20.000,100.000,33.750,7.630,
0.150,4.000,7,30,124.000,124.000,1854.590,20.000,106.200,32.670,6.600,
0.150,4.000,8,30,119.000,119.000,1630.230,20.000,91.900,30.550,7.370,
0.150,4.000,9,30,113.000,113.000,1970.800,20.000,72.400,30.350,7.260,
0.150,4.500,0,30,127.000,127.000,2170.820,22.500,70.500,29.400,7.630,
0.150,4.500,1,30,146.000,146.000,1865.200,22.500,104.400,38.150,7.570,
0.150,4.500,2,30,124.000,124.000,1953.500,22.500,67.700,29.300,6.910,
0.150,4.500,3,30,138.000,138.000,1902.350,22.500,96.700,36.480,7.690,
0.150,4.500,4,30,162.000,162.000,1833.260,22.500,103.100,38.370,7.100,
0.150,4.500,5,30,175.000,175.000,2015.960,22.500,99.400,44.490,6.970,
0.150,4.500,6,30,149.000,149.000,2005.500,22.500,138.800,39.020,7.480,
0.150,4.500,7,30,139.000,139.000,1868.990,22.500,112.000,38.340,7.400,
0.150,4.500,8,30,125.000,125.000,1649.190,22.500,97.500,32.660,6.720,
0.150,4.500,9,30,117.000,117.000,2016.080,22.500,75.700,31.390,7.120,
0.150,5.000,0,30,118.000,118.000,2216.240,25.000,74.400,34.110,7.470,
0.150,5.000,1,30,142.000,142.000,1857.580,25.000,110.700,42.680,7.110,
0.150,5.000,2,30,114.000,114.000,1932.940,25.000,63.300,33.910,7.800,
0.150,5.000,3,30,152.000,152.000,1888.490,25.000,101.600,41.240,7.180,
0.150,5.000,4,30,167.000,167.000,1833.260,25.000,108.900,40.120,7.520,
0.150,5.000,5,30,177.000,177.000,2064.520,25.000,104.300,48.030,7.570,
0.150,5.000,6,30,156.000,156.000,2005.450,25.000,145.400,43.340,7.660,
0.150,5.000,7,30,138.000,138.000,1888.260,25.000,121.400,40.900,6.660,
0.150,5.000,8,30,121.000,121.000,1653.280,25.000,103.100,35.030,7.190,
0.150,5.000,9,30,121.000,121.000,2009.950,25.000,79.200,34.620,7.340,
0.150,5.500,0,30,132.000,132.000,2161.320,27.500,76.700,37.280,7.120,
0.150,5.500,1,30,140.000,140.000,1876.680,27.500,126.000,45.920,6.670,
0.150,5.500,2,30,144.000,144.000,1887.450,27.500,86.500,37.120,7.110,
0.150,5.500,3,30,158.000,158.000,1902.430,27.500,106.400,44.520,7.450,
0.150,5.500,4,30,179.000,179.000,1851.460,27.500,117.400,44.830,7.830,
0.150,5.500,5,30,179.000,179.000,2096.180,27.500,115.100,51.370,7.740,
0.150,5.500,6,30,163.000,163.000,1986.240,27.500,152.100,46.320,7.650,
0.150,5.500,7,30,135.000,135.000,1812.780,27.500,126.900,45.530,6.990,
0.150,5.500,8,30,125.000,125.000,1719.200,27.500,115.600,37.980,7.450,
0.150,5.500,9,30,161.000,161.000,2061.520,27.500,89.600,38.520,7.940,
0.150,6.000,0,30,151.000,151.000,2171.630,30.000,78.900,39.180,7.320,
0.150,6.000,1,30,144.000,144.000,1871.460,30.000,132.100,46.540,6.880,
0.150,6.000,2,30,146.000,146.000,1904.210,30.000,86.200,41.750,7.200,
0.150,6.000,3,30,162.000,162.000,1902.430,30.000,110.000,47.010,7.480,
0.150,6.000,4,30,186.000,186.000,1860.450,30.000,122.200,46.660,7.690,
0.150,6.000,5,30,175.000,175.000,2151.720,30.000,119.000,53.870,8.280,
0.150,6.000,6,30,179.000,179.000,1980.830,30.000,168.700,48.960,7.330,
0.150,6.000,7,30,140.000,140.000,1848.560,30.000,131.400,47.570,6.680,
0.150,6.000,8,30,178.000,178.000,1641.240,30.000,131.900,47.140,7.080,
0.150,6.000,9,30,153.000,153.000,1982.790,30.000,117.800,45.300,7.560,
0.150,6.500,0,30,147.000,147.000,2142.840,32.500,92.300,42.730,7.290,
0.150,6.500,1,30,230.000,230.000,1865.870,32.500,139.600,55.970,6.820,
0.150,6.500,2,30,151.000,151.000,1869.070,32.500,85.200,44.670,7.520,
0.150,6.500,3,30,283.000,283.000,1899.460,32.500,190.000,58.290,7.390,
0.150,6.500,4,30,186.000,186.000,1869.610,32.500,120.100,53.440,6.900,
0.150,6.500,5,30,220.000,220.000,2134.460,32.500,121.900,58.570,7.680,
0.150,6.500,6,30,246.000,246.000,2013.270,32.500,176.200,58.770,7.550,
0.150,6.500,7,30,143.000,143.000,1845.040,32.500,134.600,49.980,6.950,
0.150,6.500,8,30,187.000,187.000,1618.140,32.500,137.600,51.320,6.680,
0.150,6.500,9,30,167.000,167.000,2054.340,32.500,121.400,49.880,7.740,
0.150,7.000,0,30,141.000,141.000,2098.020,35.000,104.800,44.750,7.520,
0.150,7.000,1,30,239.000,239.000,1880.100,35.000,146.800,57.200,7.320,
0.150,7.000,2,30,151.000,151.000,1821.700,35.000,86.200,46.710,7.240,
0.150,7.000,3,30,315.000,315.000,1899.460,35.000,217.500,66.770,7.530,
0.150,7.000,4,30,204.000,204.000,1900.020,35.000,132.400,56.830,7.100,
0.150,7.000,5,30,197.000,197.000,2148.490,35.000,132.900,57.940,7.570,
0.150,7.000,6,30,193.000,193.000,2060.430,35.000,182.900,58.680,7.260,
0.150,7.000,7,30,190.000,190.000,1871.540,35.000,138.400,53.050,6.980,
0.150,7.000,8,30,192.000,192.000,1645.540,35.000,142.400,54.470,6.940,
0.150,7.000,9,30,168.000,168.000,1981.180,35.000,124.800,54.210,7.730,
0.160,3.000,0,30,97.000,97.000,2094.680,15.000,63.300,22.040,7.640,
0.160,3.000,1,30,122.000,122.000,1836.020,15.000,88.900,33.030,6.920,
0.160,3.000,2,30,112.000,112.000,1872.900,15.000,66.700,24.550,7.110,
0.160,3.000,3,30,114.000,114.000,1910.080,15.000,74.900,27.550,7.190,
0.160,3.000,4,30,97.000,97.000,1825.070,15.000,62.500,22.400,7.490,
0.160,3.000,5,30,118.000,118.000,2046.500,15.000,79.700,27.890,7.750,
0.160,3.000,6,30,151.000,151.000,1936.210,15.000,115.900,29.040,7.480,
0.160,3.000,7,30,106.000,106.000,1790.610,15.000,97.900,25.880,6.310,
0.160,3.000,8,30,112.000,112.000,1619.610,15.000,84.100,24.240,6.750,
0.160,3.000,9,30,106.000,106.000,1984.320,15.000,53.500,23.990,7.540,
0.160,3.500,0,30,102.000,102.000,2069.390,17.500,67.600,24.930,7.470,
0.160,3.500,1,30,132.000,132.000,1817.310,17.500,94.800,34.520,7.340,
0.160,3.500,2,30,122.000,122.000,1872.980,17.500,73.700,25.090,7.160,
0.160,3.500,3,30,118.000,118.000,1933.820,17.500,80.100,31.670,7.580,
0.160,3.500,4,30,146.000,146.000,1824.550,17.500,91.900,28.930,7.090,
0.160,3.500,5,30,122.000,122.000,2118.310,17.500,82.900,32.660,8.070,
0.160,3.500,6,30,161.000,161.000,1949.910,17.500,124.700,33.400,7.730,
0.160,3.500,7,30,126.000,126.000,1823.890,17.500,105.400,32.490,7.220,
0.160,3.500,8,30,114.000,114.000,1608.920,17.500,91.200,26.920,6.790,
0.160,3.500,9,30,112.000,112.000,1996.720,17.500,61.200,26.970,7.400,
0.160,4.000,0,30,119.000,119.000,2168.580,20.000,71.000,28.900,7.410,
0.160,4.000,1,30,143.000,143.000,1841.320,20.000,104.300,36.470,7.140,
0.160,4.000,2,30,150.000,150.000,1877.160,20.000,97.000,28.460,7.250,
0.160,4.000,3,30,124.000,124.000,1878.060,20.000,82.900,33.430,7.530,
0.160,4.000,4,30,164.000,164.000,1766.980,20.000,106.700,35.080,6.980,
0.160,4.000,5,30,181.000,181.000,2034.520,20.000,99.100,40.840,7.580,
0.160,4.000,6,30,149.000,149.000,1905.050,20.000,138.300,38.820,7.210,
0.160,4.000,7,30,128.000,128.000,1823.890,20.000,112.400,34.300,6.980,
0.160,4.000,8,30,119.000,119.000,1660.420,20.000,97.100,30.740,7.340,
0.160,4.000,9,30,116.000,116.000,1990.810,20.000,75.900,30.730,7.120,
0.160,4.500,0,30,128.000,128.000,2170.820,22.500,74.300,29.600,7.930,
0.160,4.500,1,30,151.000,151.000,1870.940,22.500,110.000,39.370,6.730,
0.160,4.500,2,30,128.000,128.000,1953.500,22.500,71.300,30.020,7.220,
0.160,4.500,3,30,158.000,158.000,1902.350,22.500,116.800,40.970,7.480,
0.160,4.500,4,30,167.000,167.000,1833.260,22.500,108.800,38.670,6.740,
0.160,4.500,5,30,179.000,179.000,2030.290,22.500,104.800,46.470,7.680,
0.160,4.500,6,30,156.000,156.000,1946.530,22.500,146.000,40.820,7.240,
0.160,4.500,7,30,143.000,143.000,1868.990,22.500,122.600,40.110,6.990,
0.160,4.500,8,30,130.000,130.000,1640.110,22.500,103.100,36.270,6.980,
0.160,4.500,9,30,121.000,121.000,2022.450,22.500,80.000,32.180,7.530,
0.160,5.000,0,30,118.000,118.000,2216.240,25.000,77.600,34.290,7.360,
0.160,5.000,1,30,149.000,149.000,1884.760,25.000,126.700,45.200,7.240,
0.160,5.000,2,30,114.000,114.000,1932.940,25.000,66.500,34.080,7.290,
0.160,5.000,3,30,158.000,158.000,1888.490,25.000,107.800,42.150,7.680,
0.160,5.000,4,30,177.000,177.000,1833.260,25.000,117.100,41.050,7.060,
0.160,5.000,5,30,184.000,184.000,2099.350,25.000,116.300,50.320,7.300,
0.160,5.000,6,30,174.000,174.000,2052.660,25.000,163.500,48.290,7.550,
0.160,5.000,7,30,163.000,163.000,1886.660,25.000,129.800,43.860,6.940,
0.160,5.000,8,30,125.000,125.000,1640.110,25.000,116.000,36.130,6.880,
0.160,5.000,9,30,126.000,126.000,2009.950,25.000,90.500,36.210,7.860,
0.160,5.500,0,30,126.000,126.000,2119.760,27.500,91.100,37.700,7.900,
0.160,5.500,1,30,147.000,147.000,1876.680,27.500,133.200,47.590,7.180,
0.160,5.500,2,30,148.000,148.000,1887.450,27.500,90.800,37.840,7.280,
0.160,5.500,3,30,163.000,163.000,1902.430,27.500,112.000,45.210,7.410,
0.160,5.500,4,30,187.000,187.000,1851.460,27.500,124.800,46.630,7.280,
0.160,5.500,5,30,185.000,185.000,2099.350,27.500,120.600,51.690,7.410,
0.160,5.500,6,30,183.000,183.000,1927.270,27.500,173.000,48.480,7.690,
0.160,5.500,7,30,164.000,164.000,1812.780,27.500,134.000,47.950,6.800,
0.160,5.500,8,30,143.000,143.000,1719.200,27.500,133.300,38.920,6.770,
0.160,5.500,9,30,161.000,161.000,2061.520,27.500,118.900,41.250,7.930,
0.160,6.000,0,30,126.000,126.000,2122.620,30.000,107.300,39.570,7.910,
0.160,6.000,1,30,151.000,151.000,1871.460,30.000,139.400,47.500,7.480,
0.160,6.000,2,30,148.000,148.000,1895.320,30.000,89.300,42.250,7.220,
0.160,6.000,3,30,168.000,168.000,1902.430,30.000,115.900,47.660,7.010,
0.160,6.000,4,30,199.000,199.000,1866.460,30.000,134.200,48.890,7.090,
0.160,6.000,5,30,212.000,212.000,2137.070,30.000,132.500,59.490,8.020,
0.160,6.000,6,30,251.000,251.000,2004.110,30.000,180.200,54.970,7.090,
0.160,6.000,7,30,163.000,163.000,1848.560,30.000,139.100,49.670,7.010,
0.160,6.000,8,30,185.000,185.000,1641.240,30.000,139.100,48.280,6.870,
0.160,6.000,9,30,152.000,152.000,1982.790,30.000,123.000,46.390,7.400,
0.160,6.500,0,30,147.000,147.000,2142.840,32.500,114.100,43.520,7.780,
0.160,6.500,1,30,238.000,238.000,1872.240,32.500,158.200,57.540,7.420,
0.160,6.500,2,30,157.000,157.000,1870.330,32.500,89.800,44.700,7.220,
0.160,6.500,3,30,308.000,308.000,1899.460,32.500,214.100,61.890,7.320,
0.160,6.500,4,30,204.000,204.000,1869.610,32.500,136.100,55.590,7.620,
0.160,6.500,5,30,243.000,243.000,2134.460,32.500,139.200,63.050,7.590,
0.160,6.500,6,30,254.000,254.000,1992.170,32.500,188.500,59.160,7.090,
0.160,6.500,7,30,182.000,182.000,1845.040,32.500,143.000,53.760,6.990,
0.160,6.500,8,30,170.000,170.000,1656.900,32.500,144.100,51.150,7.890,
0.160,6.500,9,30,174.000,174.000,2054.340,32.500,128.500,51.260,8.030,
0.160,7.000,0,30,179.000,179.000,2145.200,35.000,116.600,48.100,7.820,
0.160,7.000,1,30,241.000,241.000,1880.100,35.000,163.000,59.500,7.070,
0.160,7.000,2,30,151.000,151.000,1821.700,35.000,90.800,46.260,7.400,
0.160,7.000,3,30,334.000,334.000,1899.460,35.000,236.500,68.940,7.460,
0.160,7.000,4,30,260.000,260.000,1900.020,35.000,193.300,60.150,6.890,
0.160,7.000,5,30,201.000,201.000,2080.950,35.000,150.100,63.010,7.170,
0.160,7.000,6,30,222.000,222.000,2022.660,35.000,211.800,59.240,7.740,
0.160,7.000,7,30,197.000,197.000,1845.040,35.000,146.400,55.380,7.230,
0.160,7.000,8,30,159.000,159.000,1639.120,35.000,149.700,55.240,6.910,
0.160,7.000,9,30,175.000,175.000,1981.180,35.000,132.800,54.960,7.870,
0.170,3.000,0,30,101.000,101.000,2151.610,15.000,66.800,22.970,7.300,
0.170,3.000,1,30,127.000,127.000,1842.120,15.000,93.200,35.110,7.440,
0.170,3.000,2,30,117.000,117.000,1852.820,15.000,70.200,26.010,7.120,
0.170,3.000,3,30,120.000,120.000,1910.080,15.000,80.500,29.030,7.440,
0.170,3.000,4,30,145.000,145.000,1826.180,15.000,89.500,27.730,7.150,
0.170,3.000,5,30,119.000,119.000,2074.900,15.000,82.800,27.230,8.160,
0.170,3.000,6,30,157.000,157.000,1948.350,15.000,121.600,32.920,7.550,
0.170,3.000,7,30,112.000,112.000,1790.610,15.000,103.200,26.750,7.230,
0.170,3.000,8,30,116.000,116.000,1590.500,15.000,89.600,25.050,6.750,
0.170,3.000,9,30,125.000,125.000,1895.130,15.000,71.600,25.070,7.220,
0.170,3.500,0,30,106.000,106.000,2069.390,17.500,70.900,25.350,7.400,
0.170,3.500,1,30,138.000,138.000,1827.630,17.500,100.200,36.440,7.470,
0.170,3.500,2,30,128.000,128.000,1879.500,17.500,76.300,25.790,7.430,
0.170,3.500,3,30,136.000,136.000,1919.220,17.500,96.000,33.310,7.510,
0.170,3.500,4,30,163.000,163.000,1780.940,17.500,105.900,34.210,6.970,
0.170,3.500,5,30,127.000,127.000,2118.310,17.500,89.300,35.210,8.240,
0.170,3.500,6,30,167.000,167.000,1950.820,17.500,130.200,37.730,7.780,
0.170,3.500,7,30,142.000,142.000,1819.480,17.500,110.400,33.910,7.250,
0.170,3.500,8,30,117.000,117.000,1608.920,17.500,95.700,28.590,6.950,
0.170,3.500,9,30,115.000,115.000,2017.520,17.500,75.400,29.430,7.430,
0.170,4.000,0,30,126.000,126.000,2168.580,20.000,74.700,30.800,7.870,
0.170,4.000,1,30,149.000,149.000,1841.320,20.000,110.100,37.480,6.920,
0.170,4.000,2,30,209.000,209.000,1877.160,20.000,156.000,31.130,7.460,
0.170,4.000,3,30,187.000,187.000,1878.060,20.000,114.200,38.470,7.520,
0.170,4.000,4,30,168.000,168.000,1770.130,20.000,109.800,36.250,7.190,
0.170,4.000,5,30,185.000,185.000,2039.950,20.000,104.100,43.710,7.900,
0.170,4.000,6,30,156.000,156.000,1970.910,20.000,145.100,42.720,7.410,
0.170,4.000,7,30,146.000,146.000,1823.890,20.000,122.900,35.840,7.240,
0.170,4.000,8,30,119.000,119.000,1647.240,20.000,102.200,32.530,7.170,
0.170,4.000,9,30,120.000,120.000,2017.510,20.000,80.000,32.330,7.200,
0.170,4.500,0,30,132.000,132.000,2153.050,22.500,78.400,30.350,8.250,
0.170,4.500,1,30,160.000,160.000,1870.940,22.500,125.400,41.340,7.540,
0.170,4.500,2,30,150.000,150.000,1953.500,22.500,93.100,30.850,7.080,
0.170,4.500,3,30,163.000,163.000,1902.350,22.500,122.000,41.600,7.440,
0.170,4.500,4,30,173.000,173.000,1769.760,22.500,114.300,41.370,7.570,
0.170,4.500,5,30,186.000,186.000,2046.850,22.500,116.700,50.090,7.890,
0.170,4.500,6,30,175.000,175.000,1971.170,22.500,164.100,45.500,7.580,
0.170,4.500,7,30,175.000,175.000,1868.990,22.500,131.100,43.710,6.880,
0.170,4.500,8,30,135.000,135.000,1640.110,22.500,115.500,37.480,7.860,
0.170,4.500,9,30,125.000,125.000,2009.960,22.500,90.000,32.970,7.580,
0.170,5.000,0,30,118.000,118.000,2216.240,25.000,92.200,35.020,7.880,
0.170,5.000,1,30,160.000,160.000,1861.300,25.000,133.300,47.670,7.620,
0.170,5.000,2,30,114.000,114.000,1932.940,25.000,84.000,34.700,7.450,
0.170,5.000,3,30,164.000,164.000,1888.490,25.000,113.100,43.610,7.570,
0.170,5.000,4,30,186.000,186.000,1833.260,25.000,125.700,42.310,7.600,
0.170,5.000,5,30,208.000,208.000,2052.950,25.000,121.400,54.180,8.420,
0.170,5.000,6,30,187.000,187.000,1993.420,25.000,174.200,51.240,8.190,
0.170,5.000,7,30,168.000,168.000,1863.640,25.000,136.400,46.060,7.420,
0.170,5.000,8,30,143.000,143.000,1640.110,25.000,133.600,37.460,6.650,
0.170,5.000,9,30,131.000,131.000,2009.950,25.000,119.000,38.280,8.150,
0.170,5.500,0,30,126.000,126.000,2092.100,27.500,112.400,38.640,7.650,
0.170,5.500,1,30,168.000,168.000,1878.680,27.500,140.400,50.840,7.460,
0.170,5.500,2,30,183.000,183.000,1743.840,27.500,100.500,42.850,6.750,
0.170,5.500,3,30,191.000,191.000,1948.470,27.500,140.100,50.430,7.870,
0.170,5.500,4,30,251.000,251.000,1865.200,27.500,188.100,51.120,7.480,
0.170,5.500,5,30,205.000,205.000,2062.350,27.500,136.900,58.320,8.170,
0.170,5.500,6,30,194.000,194.000,1927.270,27.500,183.400,50.200,7.750,
0.170,5.500,7,30,170.000,170.000,1812.780,27.500,142.200,49.070,7.620,
0.170,5.500,8,30,189.000,189.000,1676.180,27.500,139.800,44.440,7.040,
0.170,5.500,9,30,164.000,164.000,2061.670,27.500,123.800,42.570,7.730,
0.170,6.000,0,30,126.000,126.000,2122.620,30.000,116.000,39.990,7.590,
0.170,6.000,1,30,173.000,173.000,1871.460,30.000,161.600,50.050,7.330,
0.170,6.000,2,30,184.000,184.000,1782.210,30.000,100.900,45.340,7.130,
0.170,6.000,3,30,226.000,226.000,1902.430,30.000,173.500,50.980,7.540,
0.170,6.000,4,30,254.000,254.000,1875.840,30.000,190.100,56.200,7.730,
0.170,6.000,5,30,220.000,220.000,2159.890,30.000,147.500,62.190,8.170,
0.170,6.000,6,30,260.000,260.000,2004.110,30.000,193.900,56.720,7.810,
0.170,6.000,7,30,169.000,169.000,1848.560,30.000,147.000,51.530,6.950,
0.170,6.000,8,30,155.000,155.000,1595.910,30.000,145.400,49.290,7.200,
0.170,6.000,9,30,156.000,156.000,1944.460,30.000,130.500,47.410,7.640,
0.170,6.500,0,30,147.000,147.000,2122.740,32.500,118.900,45.670,8.120,
0.170,6.500,1,30,178.000,178.000,1852.460,32.500,166.700,56.680,7.350,
0.170,6.500,2,30,162.000,162.000,1753.740,32.500,103.400,46.790,6.980,
0.170,6.500,3,30,319.000,319.000,1899.460,32.500,226.000,64.370,7.790,
0.170,6.500,4,30,226.000,226.000,1869.610,32.500,140.800,58.160,7.400,
0.170,6.500,5,30,249.000,249.000,2056.370,32.500,152.500,67.080,7.460,
0.170,6.500,6,30,263.000,263.000,1955.750,32.500,220.000,61.770,7.530,
0.170,6.500,7,30,189.000,189.000,1845.040,32.500,151.600,55.250,7.660,
0.170,6.500,8,30,171.000,171.000,1658.580,32.500,152.500,53.520,7.300,
0.170,6.500,9,30,192.000,192.000,2047.730,32.500,136.000,52.510,7.860,
0.170,7.000,0,30,182.000,182.000,2145.200,35.000,121.500,48.700,7.960,
0.170,7.000,1,30,183.000,183.000,1854.690,35.000,171.200,60.230,7.440,
0.170,7.000,2,30,162.000,162.000,1708.700,35.000,105.200,49.240,7.500,
0.170,7.000,3,30,348.000,348.000,1899.460,35.000,250.400,73.010,7.760,
0.170,7.000,4,30,270.000,270.000,1801.910,35.000,203.800,62.240,7.150,
0.170,7.000,5,30,217.000,217.000,2072.880,35.000,157.600,65.710,7.860,
0.170,7.000,6,30,255.000,255.000,2060.540,35.000,232.000,65.850,7.720,
0.170,7.000,7,30,203.000,203.000,1845.040,35.000,155.100,57.020,8.100,
0.170,7.000,8,30,231.000,231.000,1614.300,35.000,220.300,63.050,7.370,
0.170,7.000,9,30,194.000,194.000,1981.180,35.000,143.600,56.520,7.650,
0.180,3.000,0,30,105.000,105.000,2151.610,15.000,70.200,23.550,8.170,
0.180,3.000,1,30,131.000,131.000,1856.040,15.000,97.200,36.630,7.320,
0.180,3.000,2,30,127.000,127.000,1859.340,15.000,75.900,26.990,7.280,
0.180,3.000,3,30,137.000,137.000,1881.410,15.000,97.700,30.950,7.700,
0.180,3.000,4,30,157.000,157.000,1807.300,15.000,97.300,29.040,7.480,
0.180,3.000,5,30,126.000,126.000,2074.900,15.000,89.100,28.830,7.840,
0.180,3.000,6,30,163.000,163.000,1948.350,15.000,127.900,33.950,7.620,
0.180,3.000,7,30,116.000,116.000,1818.170,15.000,107.900,27.890,7.380,
0.180,3.000,8,30,103.000,103.000,1548.520,15.000,93.600,24.610,7.030,
0.180,3.000,9,30,112.000,112.000,1979.900,15.000,62.500,26.710,7.730,
0.180,3.500,0,30,110.000,110.000,2069.390,17.500,74.500,25.580,7.750,
0.180,3.500,1,30,144.000,144.000,1828.220,17.500,105.100,38.780,6.980,
0.180,3.500,2,30,151.000,151.000,1879.500,17.500,96.100,27.300,7.130,
0.180,3.500,3,30,148.000,148.000,1874.010,17.500,108.000,35.510,7.400,
0.180,3.500,4,30,166.000,166.000,1780.940,17.500,106.200,33.100,7.200,
0.180,3.500,5,30,131.000,131.000,2115.650,17.500,98.800,37.930,7.720,
0.180,3.500,6,30,184.000,184.000,1950.820,17.500,148.000,39.500,8.180,
0.180,3.500,7,30,130.000,130.000,1769.820,17.500,121.900,34.540,7.070,
0.180,3.500,8,30,122.000,122.000,1577.380,17.500,100.500,31.040,7.120,
0.180,3.500,9,30,119.000,119.000,2000.430,17.500,79.100,30.320,7.540,
0.180,4.000,0,30,128.000,128.000,2168.580,20.000,78.600,31.790,8.170,
0.180,4.000,1,30,157.000,157.000,1820.410,20.000,117.100,40.250,7.100,
0.180,4.000,2,30,151.000,151.000,1877.160,20.000,95.300,29.590,7.170,
0.180,4.000,3,30,192.000,192.000,1878.060,20.000,119.200,39.820,7.660,
0.180,4.000,4,30,169.000,169.000,1814.530,20.000,119.300,40.950,7.760,
0.180,4.000,5,30,187.000,187.000,2011.930,20.000,116.000,45.560,7.650,
0.180,4.000,6,30,163.000,163.000,1899.030,20.000,153.000,44.420,7.660,
0.180,4.000,7,30,161.000,161.000,1823.890,20.000,131.200,37.890,7.050,
0.180,4.000,8,30,131.000,131.000,1630.950,20.000,114.200,34.470,7.620,
0.180,4.000,9,30,124.000,124.000,2000.430,20.000,87.800,33.040,7.480,
0.180,4.500,0,30,134.000,134.000,2168.430,22.500,92.500,31.330,7.830,
0.180,4.500,1,30,170.000,170.000,1822.690,22.500,132.400,45.840,7.470,
0.180,4.500,2,30,111.000,111.000,1884.060,22.500,96.000,31.230,7.270,
0.180,4.500,3,30,176.000,176.000,1920.290,22.500,134.100,45.200,8.000,
0.180,4.500,4,30,181.000,181.000,1816.150,22.500,124.500,43.480,7.190,
0.180,4.500,5,30,187.000,187.000,2046.850,22.500,121.600,52.080,7.640,
0.180,4.500,6,30,184.000,184.000,1971.170,22.500,174.000,48.550,7.490,
0.180,4.500,7,30,182.000,182.000,1799.630,22.500,138.000,45.140,7.320,
0.180,4.500,8,30,142.000,142.000,1631.460,22.500,132.900,40.650,7.430,
0.180,4.500,9,30,131.000,131.000,2007.010,22.500,118.100,36.210,7.560,
0.180,5.000,0,30,124.000,124.000,2193.760,25.000,113.600,36.080,8.020,
0.180,5.000,1,30,165.000,165.000,1840.390,25.000,140.400,52.230,7.090,
0.180,5.000,2,30,158.000,158.000,1830.750,25.000,100.100,38.870,7.500,
0.180,5.000,3,30,170.000,170.000,1882.860,25.000,119.800,45.100,7.880,
0.180,5.000,4,30,199.000,199.000,1822.850,25.000,138.100,44.420,7.080,
0.180,5.000,5,30,218.000,218.000,2068.350,25.000,137.900,59.320,8.010,
0.180,5.000,6,30,247.000,247.000,2019.340,25.000,184.300,55.070,8.120,
0.180,5.000,7,30,170.000,170.000,1853.140,25.000,144.200,47.650,7.180,
0.180,5.000,8,30,149.000,149.000,1623.810,25.000,139.700,39.880,6.740,
0.180,5.000,9,30,136.000,136.000,2007.050,25.000,123.700,38.760,7.950,
0.180,5.500,0,30,128.000,128.000,2100.920,27.500,117.400,39.250,8.000,
0.180,5.500,1,30,175.000,175.000,1854.350,27.500,163.300,56.020,7.280,
0.180,5.500,2,30,187.000,187.000,1743.840,27.500,104.900,43.630,7.080,
0.180,5.500,3,30,222.000,222.000,1902.430,27.500,170.700,49.390,7.770,
0.180,5.500,4,30,260.000,260.000,1912.280,27.500,196.900,53.370,7.820,
0.180,5.500,5,30,223.000,223.000,2032.940,27.500,150.300,64.520,8.220,
0.180,5.500,6,30,216.000,216.000,1927.270,27.500,205.700,53.790,7.660,
0.180,5.500,7,30,177.000,177.000,1812.540,27.500,150.500,52.470,6.640,
0.180,5.500,8,30,156.000,156.000,1624.080,27.500,146.100,45.620,6.900,
0.180,5.500,9,30,213.000,213.000,1976.390,27.500,146.800,52.470,7.570,
0.180,6.000,0,30,131.000,131.000,2122.620,30.000,120.500,40.380,8.000,
0.180,6.000,1,30,181.000,181.000,1854.350,30.000,169.200,53.890,7.540,
0.180,6.000,2,30,188.000,188.000,1782.210,30.000,106.100,46.810,7.210,
0.180,6.000,3,30,243.000,243.000,1948.470,30.000,190.600,59.230,8.280,
0.180,6.000,4,30,260.000,260.000,1880.480,30.000,195.000,60.730,7.700,
0.180,6.000,5,30,246.000,246.000,2151.830,30.000,154.400,66.690,8.230,
0.180,6.000,6,30,268.000,268.000,2020.920,30.000,222.000,62.150,7.990,
0.180,6.000,7,30,184.000,184.000,1838.670,30.000,155.100,55.190,7.700,
0.180,6.000,8,30,226.000,226.000,1529.870,30.000,215.200,55.410,6.850,
0.180,6.000,9,30,159.000,159.000,1976.390,30.000,140.400,50.670,7.770,
0.180,6.500,0,30,139.000,139.000,2087.890,32.500,123.800,46.180,8.110,
0.180,6.500,1,30,215.000,215.000,1852.140,32.500,174.400,62.340,7.500,
0.180,6.500,2,30,166.000,166.000,1753.740,32.500,108.000,47.550,6.710,
0.180,6.500,3,30,341.000,341.000,1899.460,32.500,247.900,67.490,8.310,
0.180,6.500,4,30,264.000,264.000,1863.490,32.500,199.000,62.000,7.830,
0.180,6.500,5,30,252.000,252.000,2056.370,32.500,160.400,70.900,8.110,
0.180,6.500,6,30,272.000,272.000,1955.750,32.500,234.000,65.110,7.630,
0.180,6.500,7,30,195.000,195.000,1838.910,32.500,158.400,57.940,7.660,
0.180,6.500,8,30,232.000,232.000,1654.610,32.500,221.900,59.110,7.460,
0.180,6.500,9,30,228.000,228.000,2020.720,32.500,160.400,58.240,7.730,
0.180,7.000,0,30,148.000,148.000,2149.370,35.000,126.700,48.290,8.200,
0.180,7.000,1,30,268.000,268.000,1870.250,35.000,178.600,71.350,7.750,
0.180,7.000,2,30,263.000,263.000,1708.700,35.000,254.300,57.180,6.870,
0.180,7.000,3,30,374.000,374.000,1899.460,35.000,276.200,75.980,8.070,
0.180,7.000,4,30,277.000,277.000,1801.910,35.000,209.500,64.330,7.090,
0.180,7.000,5,30,242.000,242.000,2107.180,35.000,165.100,69.630,7.850,
0.180,7.000,6,30,294.000,294.000,2023.790,35.000,283.400,70.780,7.480,
0.180,7.000,7,30,220.000,220.000,1827.950,35.000,162.300,60.520,6.990,
0.180,7.000,8,30,239.000,239.000,1587.020,35.000,228.800,67.410,7.670,
0.180,7.000,9,30,239.000,239.000,1981.180,35.000,169.900,59.350,7.600,
0.190,3.000,0,30,109.000,109.000,2151.610,15.000,73.500,24.410,8.250,
0.190,3.000,1,30,147.000,147.000,1856.040,15.000,101.200,38.620,7.270,
0.190,3.000,2,30,148.000,148.000,1857.430,15.000,94.900,28.710,7.390,
0.190,3.000,3,30,148.000,148.000,1882.390,15.000,108.400,32.750,7.520,
0.190,3.000,4,30,122.000,122.000,1764.390,15.000,110.900,29.550,7.630,
0.190,3.000,5,30,156.000,156.000,2030.900,15.000,119.900,36.010,8.230,
0.190,3.000,6,30,171.000,171.000,1971.260,15.000,135.800,33.280,7.530,
0.190,3.000,7,30,127.000,127.000,1810.710,15.000,119.000,30.880,6.520,
0.190,3.000,8,30,108.000,108.000,1554.770,15.000,98.300,27.640,6.900,
0.190,3.000,9,30,117.000,117.000,1921.920,15.000,73.800,27.830,7.750,
0.190,3.500,0,30,118.000,118.000,2131.450,17.500,79.400,27.720,8.400,
0.190,3.500,1,30,149.000,149.000,1848.070,17.500,110.600,41.550,7.360,
0.190,3.500,2,30,128.000,128.000,1879.710,17.500,72.000,28.190,7.340,
0.190,3.500,3,30,187.000,187.000,1890.800,17.500,113.100,39.060,7.100,
0.190,3.500,4,30,137.000,137.000,1794.040,17.500,118.200,35.160,7.860,
0.190,3.500,5,30,160.000,160.000,2089.230,17.500,120.700,41.030,7.760,
0.190,3.500,6,30,194.000,194.000,1950.820,17.500,157.400,40.940,7.450,
0.190,3.500,7,30,138.000,138.000,1769.820,17.500,129.900,36.120,7.210,
0.190,3.500,8,30,120.000,120.000,1501.980,17.500,105.300,30.990,6.870,
0.190,3.500,9,30,122.000,122.000,1922.890,17.500,82.400,32.720,7.490,
0.190,4.000,0,30,132.000,132.000,2168.400,20.000,91.700,32.860,7.520,
0.190,4.000,1,30,162.000,162.000,1824.020,20.000,130.200,42.830,7.270,
0.190,4.000,2,30,117.000,117.000,1838.160,20.000,96.500,31.550,7.020,
0.190,4.000,3,30,197.000,197.000,1889.410,20.000,125.500,41.590,7.910,
0.190,4.000,4,30,177.000,177.000,1814.530,20.000,124.900,43.560,7.770,
0.190,4.000,5,30,205.000,205.000,2033.680,20.000,128.900,52.320,7.300,
0.190,4.000,6,30,182.000,182.000,1952.260,20.000,171.400,47.560,7.900,
0.190,4.000,7,30,156.000,156.000,1788.600,20.000,138.100,38.630,7.190,
0.190,4.000,8,30,141.000,141.000,1630.950,20.000,131.300,35.810,6.940,
0.190,4.000,9,30,129.000,129.000,1937.200,20.000,116.000,35.960,7.040,
0.190,4.500,0,30,185.000,185.000,2168.430,22.500,113.600,33.940,7.800,
0.190,4.500,1,30,179.000,179.000,1824.020,22.500,139.200,49.130,7.390,
0.190,4.500,2,30,198.000,198.000,1882.220,22.500,122.600,35.830,7.160,
0.190,4.500,3,30,181.000,181.000,1920.290,22.500,139.500,45.080,7.710,
0.190,4.500,4,30,195.000,195.000,1782.870,22.500,136.500,45.370,7.810,
0.190,4.500,5,30,164.000,164.000,1973.430,22.500,138.100,55.580,7.280,
0.190,4.500,6,30,217.000,217.000,1952.510,22.500,183.900,55.400,7.800,
0.190,4.500,7,30,189.000,189.000,1799.630,22.500,145.600,46.470,7.380,
0.190,4.500,8,30,206.000,206.000,1627.330,22.500,138.800,44.710,7.350,
0.190,4.500,9,30,156.000,156.000,1925.880,22.500,122.500,39.560,7.640,
0.190,5.000,0,30,128.000,128.000,2052.340,25.000,118.000,37.830,7.840,
0.190,5.000,1,30,176.000,176.000,1840.390,25.000,164.000,54.980,7.520,
0.190,5.000,2,30,167.000,167.000,1840.830,25.000,105.600,43.580,7.130,
0.190,5.000,3,30,216.000,216.000,1882.860,25.000,165.600,48.060,7.850,
0.190,5.000,4,30,252.000,252.000,1822.850,25.000,192.000,48.300,7.850,
0.190,5.000,5,30,172.000,172.000,1969.630,25.000,151.500,58.550,7.490,
0.190,5.000,6,30,254.000,254.000,2019.340,25.000,205.600,60.640,7.800,
0.190,5.000,7,30,183.000,183.000,1810.430,25.000,152.400,52.620,6.680,
0.190,5.000,8,30,213.000,213.000,1601.960,25.000,202.100,49.040,7.150,
0.190,5.000,9,30,178.000,178.000,2018.970,25.000,131.200,45.570,7.930,
0.190,5.500,0,30,132.000,132.000,2100.920,27.500,122.000,40.240,7.910,
0.190,5.500,1,30,182.000,182.000,1840.390,27.500,170.800,57.980,7.470,
0.190,5.500,2,30,192.000,192.000,1691.680,27.500,109.100,46.850,6.950,
0.190,5.500,3,30,239.000,239.000,1948.470,27.500,187.600,55.160,7.850,
0.190,5.500,4,30,264.000,264.000,1912.280,27.500,199.800,55.000,7.910,
0.190,5.500,5,30,243.000,243.000,2051.200,27.500,156.100,64.580,7.810,
0.190,5.500,6,30,263.000,263.000,2000.370,27.500,222.200,63.960,7.930,
0.190,5.500,7,30,186.000,186.000,1812.540,27.500,157.100,54.310,6.810,
0.190,5.500,8,30,253.000,253.000,1555.880,27.500,215.400,56.590,7.110,
0.190,5.500,9,30,226.000,226.000,1976.390,27.500,158.500,54.640,8.020,
0.190,6.000,0,30,136.000,136.000,2107.160,30.000,125.400,43.300,7.670,
0.190,6.000,1,30,213.000,213.000,1867.360,30.000,191.200,66.280,7.510,
0.190,6.000,2,30,244.000,244.000,1691.680,30.000,235.400,54.220,6.640,
0.190,6.000,3,30,329.000,329.000,1948.470,30.000,242.600,67.720,7.950,
0.190,6.000,4,30,269.000,269.000,1872.100,30.000,203.300,60.840,7.430,
0.190,6.000,5,30,248.000,248.000,2051.810,30.000,161.800,68.600,8.340,
0.190,6.000,6,30,275.000,275.000,2020.920,30.000,235.300,66.130,8.060,
0.190,6.000,7,30,191.000,191.000,1838.670,30.000,161.900,57.290,6.930,
0.190,6.000,8,30,233.000,233.000,1584.060,30.000,222.800,59.050,7.070,
0.190,6.000,9,30,169.000,169.000,1976.390,30.000,150.200,52.950,7.220,
0.190,6.500,0,30,148.000,148.000,2087.890,32.500,137.400,48.470,7.240,
0.190,6.500,1,30,214.000,214.000,1868.150,32.500,202.600,67.850,7.140,
0.190,6.500,2,30,278.000,278.000,1746.730,32.500,269.400,57.960,6.750,
0.190,6.500,3,30,362.000,362.000,1915.070,32.500,269.500,70.710,7.520,
0.190,6.500,4,30,273.000,273.000,1863.490,32.500,207.200,67.500,8.020,
0.190,6.500,5,30,250.000,250.000,2051.810,32.500,181.600,71.140,8.720,
0.190,6.500,6,30,293.000,293.000,2023.790,32.500,282.800,71.230,8.930,
0.190,6.500,7,30,200.000,200.000,1845.290,32.500,174.100,64.390,7.490,
0.190,6.500,8,30,274.000,274.000,1598.980,32.500,231.300,66.310,7.110,
0.190,6.500,9,30,241.000,241.000,2020.720,32.500,173.800,60.780,7.280,
0.190,7.000,0,30,151.000,151.000,2149.370,35.000,140.700,49.340,7.950,
0.190,7.000,1,30,239.000,239.000,1813.390,35.000,209.400,74.570,7.880,
0.190,7.000,2,30,294.000,294.000,1708.700,35.000,285.800,60.940,6.940,
0.190,7.000,3,30,389.000,389.000,1915.070,35.000,292.200,79.250,7.450,
0.190,7.000,4,30,275.000,275.000,1801.910,35.000,206.400,66.750,7.180,
0.190,7.000,5,30,253.000,253.000,2092.450,35.000,186.000,70.720,7.560,
0.190,7.000,6,30,307.000,307.000,2023.790,35.000,296.300,74.470,8.140,
0.190,7.000,7,30,228.000,228.000,1844.460,35.000,177.600,62.860,7.900,
0.190,7.000,8,30,284.000,284.000,1618.880,35.000,238.600,77.150,7.570,
0.190,7.000,9,30,246.000,246.000,2009.810,35.000,176.400,62.570,7.460,
0.200,3.000,0,30,115.000,115.000,2152.310,15.000,79.100,25.390,7.950,
0.200,3.000,1,30,140.000,140.000,1812.390,15.000,106.200,39.230,7.190,
0.200,3.000,2,30,144.000,144.000,1857.830,15.000,87.300,32.700,7.960,
0.200,3.000,3,30,152.000,152.000,1892.430,15.000,111.200,35.210,7.270,
0.200,3.000,4,30,127.000,127.000,1792.090,15.000,115.100,33.010,7.090,
0.200,3.000,5,30,165.000,165.000,2064.770,15.000,127.300,39.080,8.210,
0.200,3.000,6,30,188.000,188.000,1922.250,15.000,151.400,35.580,7.640,
0.200,3.000,7,30,135.000,135.000,1789.460,15.000,126.200,34.390,7.430,
0.200,3.000,8,30,177.000,177.000,1574.580,15.000,118.400,33.260,6.770,
0.200,3.000,9,30,121.000,121.000,1936.540,15.000,80.400,33.420,7.240,
0.200,3.500,0,30,128.000,128.000,2168.400,17.500,89.900,30.820,7.540,
0.200,3.500,1,30,157.000,157.000,1831.470,17.500,124.300,43.500,7.390,
0.200,3.500,2,30,129.000,129.000,1864.830,17.500,95.900,31.390,7.380,
0.200,3.500,3,30,196.000,196.000,1910.970,17.500,122.000,41.600,7.540,
0.200,3.500,4,30,142.000,142.000,1849.580,17.500,123.400,39.630,8.050,
0.200,3.500,5,30,199.000,199.000,2107.900,17.500,130.000,50.410,7.690,
0.200,3.500,6,30,202.000,202.000,1901.820,17.500,164.900,45.780,7.810,
0.200,3.500,7,30,147.000,147.000,1808.130,17.500,135.700,41.090,7.200,
0.200,3.500,8,30,128.000,128.000,1518.570,17.500,117.100,32.760,6.990,
0.200,3.500,9,30,127.000,127.000,1922.890,17.500,109.900,36.490,7.280,
0.200,4.000,0,30,134.000,134.000,2168.400,20.000,111.700,34.270,8.080,
0.200,4.000,1,30,173.000,173.000,1835.030,20.000,136.800,48.720,7.270,
0.200,4.000,2,30,167.000,167.000,1793.800,20.000,103.000,36.240,7.600,
0.200,4.000,3,30,202.000,202.000,1914.190,20.000,130.300,43.250,7.370,
0.200,4.000,4,30,183.000,183.000,1800.250,20.000,133.500,44.830,7.500,
0.200,4.000,5,30,206.000,206.000,2001.460,20.000,137.400,56.890,7.890,
0.200,4.000,6,30,191.000,191.000,1952.260,20.000,180.600,53.690,7.380,
0.200,4.000,7,30,160.000,160.000,1792.490,20.000,145.500,42.110,7.140,
0.200,4.000,8,30,195.000,195.000,1623.200,20.000,136.900,39.300,7.230,
0.200,4.000,9,30,134.000,134.000,1937.200,20.000,120.300,40.190,7.260,
0.200,4.500,0,30,189.000,189.000,2168.430,22.500,117.800,35.630,8.020,
0.200,4.500,1,30,185.000,185.000,1873.120,22.500,168.300,54.540,7.330,
0.200,4.500,2,30,203.000,203.000,1882.220,22.500,127.700,38.290,7.920,
0.200,4.500,3,30,225.000,225.000,1922.040,22.500,171.900,54.090,7.800,
0.200,4.500,4,30,247.000,247.000,1789.890,22.500,188.000,51.190,7.470,
0.200,4.500,5,30,217.000,217.000,1936.170,22.500,151.700,62.880,7.570,
0.200,4.500,6,30,250.000,250.000,1952.510,22.500,197.200,58.450,7.560,
0.200,4.500,7,30,194.000,194.000,1832.420,22.500,153.300,47.310,7.170,
0.200,4.500,8,30,212.000,212.000,1644.410,22.500,199.800,48.800,7.410,
0.200,4.500,9,30,159.000,159.000,1925.870,22.500,129.600,42.950,7.510,
0.200,5.000,0,30,133.000,133.000,2052.340,25.000,122.500,38.350,7.260,
0.200,5.000,1,30,188.000,188.000,1879.540,25.000,177.800,61.360,7.730,
0.200,5.000,2,30,172.000,172.000,1776.730,25.000,132.400,47.350,7.140,
0.200,5.000,3,30,240.000,240.000,1895.120,25.000,187.100,52.140,8.040,
0.200,5.000,4,30,263.000,263.000,1840.550,25.000,200.300,56.580,7.930,
0.200,5.000,5,30,236.000,236.000,1969.630,25.000,164.800,66.070,8.180,
0.200,5.000,6,30,262.000,262.000,2031.240,25.000,220.900,63.800,7.550,
0.200,5.000,7,30,181.000,181.000,1881.040,25.000,158.600,52.760,6.870,
0.200,5.000,8,30,225.000,225.000,1607.240,25.000,214.400,50.730,7.580,
0.200,5.000,9,30,262.000,262.000,1897.650,25.000,174.900,53.750,7.780,
0.200,5.500,0,30,176.000,176.000,2097.030,27.500,132.700,45.220,8.280,
0.200,5.500,1,30,201.000,201.000,1839.300,27.500,190.600,62.810,7.180,
0.200,5.500,2,30,244.000,244.000,1691.680,27.500,235.300,53.470,7.170,
0.200,5.500,3,30,248.000,248.000,1947.240,27.500,196.100,59.320,8.350,
0.200,5.500,4,30,274.000,274.000,1814.000,27.500,209.400,66.470,7.300,
0.200,5.500,5,30,257.000,257.000,2051.200,27.500,169.800,72.740,7.870,
0.200,5.500,6,30,273.000,273.000,1935.580,27.500,233.900,65.610,7.750,
0.200,5.500,7,30,201.000,201.000,1870.010,27.500,172.400,60.480,6.970,
0.200,5.500,8,30,262.000,262.000,1578.530,27.500,222.700,60.220,6.980,
0.200,5.500,9,30,169.000,169.000,1975.330,27.500,150.900,54.940,7.690,
0.200,6.000,0,30,157.000,157.000,2107.160,30.000,140.300,45.750,8.120,
0.200,6.000,1,30,238.000,238.000,1862.120,30.000,202.400,68.910,7.480,
0.200,6.000,2,30,280.000,280.000,1691.680,30.000,272.000,60.120,7.540,
0.200,6.000,3,30,344.000,344.000,1948.470,30.000,257.200,74.560,8.210,
0.200,6.000,4,30,274.000,274.000,1830.390,30.000,206.600,68.980,7.880,
0.200,6.000,5,30,319.000,319.000,2041.040,30.000,189.900,83.280,7.340,
0.200,6.000,6,30,291.000,291.000,2020.920,30.000,280.800,69.040,7.630,
0.200,6.000,7,30,199.000,199.000,1845.290,30.000,177.100,62.390,7.220,
0.200,6.000,8,30,242.000,242.000,1543.030,30.000,232.000,65.140,7.690,
0.200,6.000,9,30,246.000,246.000,1970.520,30.000,176.100,61.060,7.510,
0.200,6.500,0,30,154.000,154.000,2087.890,32.500,143.700,49.410,7.920,
0.200,6.500,1,30,277.000,277.000,1893.420,32.500,209.600,72.860,8.030,
0.200,6.500,2,30,297.000,297.000,1764.650,32.500,288.900,63.970,7.160,
0.200,6.500,3,30,378.000,378.000,1915.070,32.500,285.600,79.230,7.520,
0.200,6.500,4,30,297.000,297.000,1847.120,32.500,231.200,73.290,7.830,
0.200,6.500,5,30,326.000,326.000,2044.510,32.500,199.000,88.420,8.040,
0.200,6.500,6,30,305.000,305.000,1977.900,32.500,295.000,74.240,7.740,
0.200,6.500,7,30,253.000,253.000,1845.290,32.500,244.900,69.710,6.800,
0.200,6.500,8,30,286.000,286.000,1541.470,32.500,240.600,84.370,7.250,
0.200,6.500,9,30,248.000,248.000,2028.090,32.500,180.400,66.290,8.400,
0.200,7.000,0,30,164.000,164.000,2149.370,35.000,153.400,51.210,7.630,
0.200,7.000,1,30,284.000,284.000,1833.250,35.000,220.000,79.250,7.910,
0.200,7.000,2,30,311.000,311.000,1708.700,35.000,302.700,66.250,7.560,
0.200,7.000,3,30,403.000,403.000,1935.250,35.000,305.500,82.990,7.180,
0.200,7.000,4,30,291.000,291.000,1796.630,35.000,223.500,75.540,7.370,
0.200,7.000,5,30,279.000,279.000,2075.910,35.000,208.700,81.670,7.380,
0.200,7.000,6,30,333.000,333.000,2023.790,35.000,322.800,80.650,7.430,
0.200,7.000,7,30,264.000,264.000,1845.290,35.000,255.600,71.090,7.220,
0.200,7.000,8,30,312.000,312.000,1622.290,35.000,247.900,97.370,6.880,
0.200,7.000,9,30,253.000,253.000,2003.080,35.000,183.800,66.920,5.710,
