I_U,T_INT,seed,nodes_completed,sim_duration_s,total_survey_time_s,fleet_distance_m,conv_time_min_s,conv_time_max_s,conv_time_mean_s,wall_time_s,error
0.050,3.000,0,30,88.000,88.000,2176.440,15.000,49.700,20.230,4.460,
0.050,3.000,1,30,97.000,97.000,1883.990,15.000,63.800,25.520,4.310,
0.050,3.000,2,30,85.000,85.000,1872.900,15.000,44.400,22.200,4.260,
0.050,3.000,3,30,94.000,94.000,1884.770,15.000,45.200,23.400,4.270,
0.050,3.000,4,30,75.000,75.000,1825.070,15.000,40.400,20.850,4.300,
0.050,3.000,5,30,93.000,93.000,2095.620,15.000,59.300,24.000,4.450,
0.050,3.000,6,30,80.000,80.000,2014.210,15.000,46.400,22.240,4.450,
0.050,3.000,7,30,74.000,74.000,1866.550,15.000,65.100,21.050,4.170,
0.050,3.000,8,30,108.000,108.000,1677.280,15.000,53.300,22.390,4.290,
0.050,3.000,9,30,99.000,99.000,1987.310,15.000,42.600,21.940,4.350,
0.050,3.500,0,30,90.000,90.000,2176.440,17.500,52.000,22.160,4.280,
0.050,3.500,1,30,106.000,106.000,1876.490,17.500,69.700,29.550,4.120,
0.050,3.500,2,30,90.000,90.000,1940.520,17.500,52.800,22.950,4.170,
0.050,3.500,3,30,105.000,105.000,1936.050,17.500,49.000,28.450,4.280,
0.050,3.500,4,30,127.000,127.000,1853.390,17.500,70.300,25.450,4.140,
0.050,3.500,5,30,102.000,102.000,2091.270,17.500,65.200,28.560,4.260,
0.050,3.500,6,30,114.000,114.000,2027.290,17.500,66.300,28.390,4.190,
0.050,3.500,7,30,106.000,106.000,1823.890,17.500,73.500,28.740,4.000,
0.050,3.500,8,30,112.000,112.000,1666.280,17.500,57.500,25.500,4.120,
0.050,3.500,9,30,106.000,106.000,2003.440,17.500,46.800,25.540,4.300,
0.050,4.000,0,30,116.000,116.000,2183.250,20.000,59.200,27.100,4.420,
0.050,4.000,1,30,119.000,119.000,1873.190,20.000,80.900,32.820,4.210,
0.050,4.000,2,30,119.000,119.000,1944.710,20.000,65.400,26.410,4.210,
0.050,4.000,3,30,119.000,119.000,1892.900,20.000,60.400,31.600,4.280,
0.050,4.000,4,30,134.000,134.000,1830.120,20.000,76.700,29.900,4.170,
0.050,4.000,5,30,110.000,110.000,2094.500,20.000,70.700,32.130,4.380,
0.050,4.000,6,30,144.000,144.000,1977.370,20.000,79.000,32.070,4.240,
0.050,4.000,7,30,119.000,119.000,1933.880,20.000,80.300,30.410,4.330,
0.050,4.000,8,30,120.000,120.000,1694.860,20.000,59.600,26.270,4.310,
0.050,4.000,9,30,108.000,108.000,1999.770,20.000,45.800,28.560,4.550,
0.050,4.500,0,30,127.000,127.000,2159.170,22.500,63.700,28.790,4.600,
0.050,4.500,1,30,129.000,129.000,1865.200,22.500,87.200,35.550,4.390,
0.050,4.500,2,30,118.000,118.000,1953.500,22.500,61.900,29.000,4.370,
0.050,4.500,3,30,112.000,112.000,1881.570,22.500,70.600,34.240,4.450,
0.050,4.500,4,30,139.000,139.000,1833.260,22.500,80.400,34.660,4.300,
0.050,4.500,5,30,141.000,141.000,2086.320,22.500,73.700,41.960,4.430,
0.050,4.500,6,30,151.000,151.000,2003.600,22.500,87.100,37.610,4.450,
0.050,4.500,7,30,124.000,124.000,1934.030,22.500,91.000,34.410,4.300,
0.050,4.500,8,30,121.000,121.000,1713.350,22.500,60.700,29.190,4.260,
0.050,4.500,9,30,129.000,129.000,1989.790,22.500,75.500,30.630,4.380,
0.050,5.000,0,30,135.000,135.000,2177.790,25.000,68.900,33.590,4.440,
0.050,5.000,1,30,131.000,131.000,1857.580,25.000,86.500,39.900,4.330,
0.050,5.000,2,30,114.000,114.000,1932.940,25.000,60.200,33.650,4.240,
0.050,5.000,3,30,123.000,123.000,1888.380,25.000,72.500,38.700,4.360,
0.050,5.000,4,30,141.000,141.000,1833.260,25.000,81.500,37.050,4.200,
0.050,5.000,5,30,159.000,159.000,2086.320,25.000,80.600,45.420,4.590,
0.050,5.000,6,30,161.000,161.000,1968.650,25.000,91.500,40.620,4.450,
0.050,5.000,7,30,137.000,137.000,1888.260,25.000,95.600,39.300,4.240,
0.050,5.000,8,30,121.000,121.000,1696.280,25.000,58.600,32.340,4.230,
0.050,5.000,9,30,131.000,131.000,1987.440,25.000,78.900,34.660,4.410,
0.050,5.500,0,30,143.000,143.000,2136.460,27.500,70.500,37.660,4.470,
0.050,5.500,1,30,134.000,134.000,1860.990,27.500,92.600,43.170,4.340,
0.050,5.500,2,30,132.000,132.000,1977.610,27.500,72.500,37.080,4.330,
0.050,5.500,3,30,136.000,136.000,1888.490,27.500,84.300,43.430,4.410,
0.050,5.500,4,30,147.000,147.000,1846.430,27.500,86.900,41.180,4.390,
0.050,5.500,5,30,162.000,162.000,2086.320,27.500,87.800,47.600,4.590,
0.050,5.500,6,30,173.000,173.000,1984.990,27.500,99.200,44.160,4.450,
0.050,5.500,7,30,133.000,133.000,1858.840,27.500,100.100,44.200,4.290,
0.050,5.500,8,30,120.000,120.000,1717.510,27.500,92.900,35.900,4.380,
0.050,5.500,9,30,133.000,133.000,1987.430,27.500,79.900,36.830,4.360,
0.050,6.000,0,30,145.000,145.000,2126.360,30.000,73.700,38.540,4.490,
0.050,6.000,1,30,133.000,133.000,1871.460,30.000,98.600,44.670,4.360,
0.050,6.000,2,30,140.000,140.000,1904.210,30.000,76.000,41.000,4.340,
0.050,6.000,3,30,140.000,140.000,1902.430,30.000,87.200,45.480,4.540,
0.050,6.000,4,30,157.000,157.000,1859.270,30.000,94.900,44.680,4.430,
0.050,6.000,5,30,161.000,161.000,2099.160,30.000,100.000,50.310,4.590,
0.050,6.000,6,30,150.000,150.000,2019.920,30.000,100.400,45.550,4.500,
0.050,6.000,7,30,131.000,131.000,1848.560,30.000,105.000,46.340,4.280,
0.050,6.000,8,30,139.000,139.000,1650.190,30.000,99.700,43.280,4.360,
0.050,6.000,9,30,153.000,153.000,1929.880,30.000,82.700,44.010,4.500,
0.050,6.500,0,30,147.000,147.000,2142.840,32.500,79.000,41.310,4.570,
0.050,6.500,1,30,211.000,211.000,1865.870,32.500,120.200,53.190,4.330,
0.050,6.500,2,30,147.000,147.000,1911.860,32.500,84.500,43.460,4.400,
0.050,6.500,3,30,206.000,206.000,1899.460,32.500,122.800,53.870,4.590,
0.050,6.500,4,30,159.000,159.000,1865.510,32.500,93.400,47.970,4.430,
0.050,6.500,5,30,212.000,212.000,2134.460,32.500,108.100,54.760,4.680,
0.050,6.500,6,30,184.000,184.000,2013.270,32.500,104.200,51.030,4.500,
0.050,6.500,7,30,133.000,133.000,1871.540,32.500,109.300,48.690,4.360,
0.050,6.500,8,30,157.000,157.000,1618.140,32.500,105.500,48.240,4.330,
0.050,6.500,9,30,154.000,154.000,2054.340,32.500,86.300,48.160,4.520,
0.050,7.000,0,30,141.000,141.000,2098.020,35.000,84.200,43.700,4.500,
0.050,7.000,1,30,223.000,223.000,1880.100,35.000,130.300,54.690,4.490,
0.050,7.000,2,30,155.000,155.000,1911.860,35.000,82.300,46.670,4.400,
0.050,7.000,3,30,195.000,195.000,1899.460,35.000,128.100,56.560,4.600,
0.050,7.000,4,30,175.000,175.000,1880.810,35.000,108.300,52.780,4.490,
0.050,7.000,5,30,171.000,171.000,2148.490,35.000,110.200,55.280,4.740,
0.050,7.000,6,30,177.000,177.000,2060.430,35.000,135.200,56.240,4.610,
0.050,7.000,7,30,179.000,179.000,1871.540,35.000,116.100,51.440,4.360,
0.050,7.000,8,30,169.000,169.000,1611.190,35.000,109.900,51.950,4.300,
0.050,7.000,9,30,165.000,165.000,1981.180,35.000,91.900,52.660,4.490,
0.060,3.000,0,30,88.000,88.000,2176.440,15.000,49.700,20.230,4.690,
0.060,3.000,1,30,97.000,97.000,1883.990,15.000,63.800,25.520,4.470,
0.060,3.000,2,30,85.000,85.000,1872.900,15.000,44.400,22.200,4.410,
0.060,3.000,3,30,94.000,94.000,1884.770,15.000,45.200,23.400,4.480,
0.060,3.000,4,30,75.000,75.000,1825.070,15.000,40.400,20.850,4.440,
0.060,3.000,5,30,93.000,93.000,2095.620,15.000,59.300,24.000,4.690,
0.060,3.000,6,30,80.000,80.000,2014.210,15.000,46.400,22.240,4.590,
0.060,3.000,7,30,74.000,74.000,1866.550,15.000,65.100,21.050,4.310,
0.060,3.000,8,30,108.000,108.000,1677.280,15.000,53.300,22.390,4.320,
0.060,3.000,9,30,99.000,99.000,1987.310,15.000,42.600,21.940,4.700,
0.060,3.500,0,30,90.000,90.000,2176.440,17.500,52.000,22.160,4.690,
0.060,3.500,1,30,106.000,106.000,1876.490,17.500,69.700,29.550,4.490,
0.060,3.500,2,30,90.000,90.000,1940.520,17.500,52.800,22.950,4.440,
0.060,3.500,3,30,105.000,105.000,1936.050,17.500,49.000,28.450,4.570,
0.060,3.500,4,30,127.000,127.000,1853.390,17.500,70.300,25.450,4.460,
0.060,3.500,5,30,102.000,102.000,2091.270,17.500,65.200,28.560,4.660,
0.060,3.500,6,30,114.000,114.000,2027.290,17.500,66.300,28.390,4.580,
0.060,3.500,7,30,106.000,106.000,1823.890,17.500,73.500,28.740,4.330,
0.060,3.500,8,30,112.000,112.000,1666.280,17.500,57.500,25.500,4.370,
0.060,3.500,9,30,106.000,106.000,2003.440,17.500,46.800,25.540,4.640,
0.060,4.000,0,30,116.000,116.000,2183.250,20.000,59.200,27.100,4.690,
0.060,4.000,1,30,119.000,119.000,1873.190,20.000,80.900,32.820,4.510,
0.060,4.000,2,30,119.000,119.000,1944.710,20.000,65.400,26.410,4.510,
0.060,4.000,3,30,119.000,119.000,1892.900,20.000,60.400,31.600,4.600,
0.060,4.000,4,30,134.000,134.000,1830.120,20.000,76.700,29.900,4.480,
0.060,4.000,5,30,110.000,110.000,2094.500,20.000,70.700,32.130,4.670,
0.060,4.000,6,30,144.000,144.000,1977.370,20.000,79.000,32.070,4.530,
0.060,4.000,7,30,119.000,119.000,1933.880,20.000,80.300,30.410,4.450,
0.060,4.000,8,30,120.000,120.000,1694.860,20.000,59.600,26.270,4.390,
0.060,4.000,9,30,108.000,108.000,1999.770,20.000,45.800,28.560,4.640,
0.060,4.500,0,30,127.000,127.000,2159.170,22.500,63.700,28.790,4.730,
0.060,4.500,1,30,129.000,129.000,1865.200,22.500,87.200,35.550,4.530,
0.060,4.500,2,30,118.000,118.000,1953.500,22.500,61.900,29.000,4.510,
0.060,4.500,3,30,112.000,112.000,1881.570,22.500,70.600,34.240,4.580,
0.060,4.500,4,30,139.000,139.000,1833.260,22.500,80.400,34.660,4.420,
0.060,4.500,5,30,141.000,141.000,2086.320,22.500,73.700,41.960,4.610,
0.060,4.500,6,30,151.000,151.000,2003.600,22.500,87.100,37.610,4.670,
0.060,4.500,7,30,124.000,124.000,1934.030,22.500,91.000,34.410,4.520,
0.060,4.500,8,30,121.000,121.000,1713.350,22.500,60.700,29.190,4.510,
0.060,4.500,9,30,129.000,129.000,1989.790,22.500,75.500,30.630,4.640,
0.060,5.000,0,30,135.000,135.000,2177.790,25.000,68.900,33.590,4.710,
0.060,5.000,1,30,131.000,131.000,1857.580,25.000,86.500,39.900,4.550,
0.060,5.000,2,30,114.000,114.000,1932.940,25.000,60.200,33.650,4.550,
0.060,5.000,3,30,123.000,123.000,1888.380,25.000,72.500,38.700,4.570,
0.060,5.000,4,30,141.000,141.000,1833.260,25.000,81.500,37.050,4.430,
0.060,5.000,5,30,159.000,159.000,2086.320,25.000,80.600,45.420,4.750,
0.060,5.000,6,30,161.000,161.000,1968.650,25.000,91.500,40.620,4.680,
0.060,5.000,7,30,137.000,137.000,1888.260,25.000,95.600,39.300,4.400,
0.060,5.000,8,30,121.000,121.000,1696.280,25.000,58.600,32.340,4.350,
0.060,5.000,9,30,131.000,131.000,1987.440,25.000,78.900,34.660,4.560,
0.060,5.500,0,30,143.000,143.000,2136.460,27.500,70.500,37.660,4.650,
0.060,5.500,1,30,134.000,134.000,1860.990,27.500,92.600,43.170,4.520,
0.060,5.500,2,30,132.000,132.000,1977.610,27.500,72.500,37.080,4.500,
0.060,5.500,3,30,136.000,136.000,1888.490,27.500,84.300,43.430,4.600,
0.060,5.500,4,30,147.000,147.000,1846.430,27.500,86.900,41.180,4.540,
0.060,5.500,5,30,162.000,162.000,2086.320,27.500,87.800,47.600,4.810,
0.060,5.500,6,30,173.000,173.000,1984.990,27.500,99.200,44.160,4.680,
0.060,5.500,7,30,133.000,133.000,1858.840,27.500,100.100,44.200,4.490,
0.060,5.500,8,30,120.000,120.000,1717.510,27.500,92.900,35.900,4.520,
0.060,5.500,9,30,133.000,133.000,1987.430,27.500,79.900,36.830,4.560,
0.060,6.000,0,30,145.000,145.000,2126.360,30.000,73.700,38.540,4.690,
0.060,6.000,1,30,133.000,133.000,1871.460,30.000,98.600,44.670,4.570,
0.060,6.000,2,30,140.000,140.000,1904.210,30.000,76.000,41.000,4.500,
0.060,6.000,3,30,140.000,140.000,1902.430,30.000,87.200,45.480,4.630,
0.060,6.000,4,30,157.000,157.000,1859.270,30.000,94.900,44.680,4.530,
0.060,6.000,5,30,161.000,161.000,2099.160,30.000,100.000,50.310,4.760,
0.060,6.000,6,30,150.000,150.000,2019.920,30.000,100.400,45.550,4.690,
0.060,6.000,7,30,131.000,131.000,1848.560,30.000,105.000,46.340,4.420,
0.060,6.000,8,30,139.000,139.000,1650.190,30.000,99.700,43.280,4.460,
0.060,6.000,9,30,153.000,153.000,1929.880,30.000,82.700,44.010,4.670,
0.060,6.500,0,30,147.000,147.000,2142.840,32.500,79.000,41.310,4.720,
0.060,6.500,1,30,211.000,211.000,1865.870,32.500,120.200,53.190,4.480,
0.060,6.500,2,30,147.000,147.000,1911.860,32.500,84.500,43.460,4.580,
0.060,6.500,3,30,206.000,206.000,1899.460,32.500,122.800,53.870,4.750,
0.060,6.500,4,30,159.000,159.000,1865.510,32.500,93.400,47.970,4.570,
0.060,6.500,5,30,212.000,212.000,2134.460,32.500,108.100,54.760,4.850,
0.060,6.500,6,30,184.000,184.000,2013.270,32.500,104.200,51.030,4.680,
0.060,6.500,7,30,133.000,133.000,1871.540,32.500,109.300,48.690,4.520,
0.060,6.500,8,30,157.000,157.000,1618.140,32.500,105.500,48.240,4.450,
0.060,6.500,9,30,154.000,154.000,2054.340,32.500,86.300,48.160,4.660,
0.060,7.000,0,30,141.000,141.000,2098.020,35.000,84.200,43.700,4.630,
0.060,7.000,1,30,223.000,223.000,1880.100,35.000,130.300,54.690,4.580,
0.060,7.000,2,30,155.000,155.000,1911.860,35.000,82.300,46.670,4.560,
0.060,7.000,3,30,195.000,195.000,1899.460,35.000,128.100,56.560,4.770,
0.060,7.000,4,30,175.000,175.000,1880.810,35.000,108.300,52.780,4.600,
0.060,7.000,5,30,171.000,171.000,2148.490,35.000,110.200,55.280,4.850,
0.060,7.000,6,30,177.000,177.000,2060.430,35.000,135.200,56.240,4.760,
0.060,7.000,7,30,179.000,179.000,1871.540,35.000,116.100,51.440,4.480,
0.060,7.000,8,30,169.000,169.000,1611.190,35.000,109.900,51.950,4.400,
0.060,7.000,9,30,165.000,165.000,1981.180,35.000,91.900,52.660,4.640,
0.070,3.000,0,30,88.000,88.000,2176.440,15.000,49.700,20.230,4.890,
0.070,3.000,1,30,97.000,97.000,1883.990,15.000,63.800,25.520,4.650,
0.070,3.000,2,30,85.000,85.000,1872.900,15.000,44.400,22.200,4.540,
0.070,3.000,3,30,94.000,94.000,1884.770,15.000,45.200,23.400,4.640,
0.070,3.000,4,30,75.000,75.000,1825.070,15.000,40.400,20.850,4.640,
0.070,3.000,5,30,93.000,93.000,2095.620,15.000,59.300,24.000,4.920,
0.070,3.000,6,30,80.000,80.000,2014.210,15.000,46.400,22.240,4.790,
0.070,3.000,7,30,74.000,74.000,1866.550,15.000,65.100,21.050,4.490,
0.070,3.000,8,30,108.000,108.000,1677.280,15.000,53.300,22.390,4.490,
0.070,3.000,9,30,99.000,99.000,1987.310,15.000,42.600,21.940,4.900,
0.070,3.500,0,30,90.000,90.000,2176.440,17.500,52.000,22.160,4.890,
0.070,3.500,1,30,106.000,106.000,1876.490,17.500,69.700,29.550,4.660,
0.070,3.500,2,30,90.000,90.000,1940.520,17.500,52.800,22.950,4.690,
0.070,3.500,3,30,105.000,105.000,1936.050,17.500,49.000,28.450,4.820,
0.070,3.500,4,30,127.000,127.000,1853.390,17.500,70.300,25.450,4.660,
0.070,3.500,5,30,102.000,102.000,2091.270,17.500,65.200,28.560,4.880,
0.070,3.500,6,30,114.000,114.000,2027.290,17.500,66.300,28.390,4.770,
0.070,3.500,7,30,106.000,106.000,1823.890,17.500,73.500,28.740,4.480,
0.070,3.500,8,30,112.000,112.000,1666.280,17.500,57.500,25.500,4.520,
0.070,3.500,9,30,106.000,106.000,2003.440,17.500,46.800,25.540,4.760,
0.070,4.000,0,30,116.000,116.000,2183.250,20.000,59.200,27.100,4.900,
0.070,4.000,1,30,119.000,119.000,1873.190,20.000,80.900,32.820,4.710,
0.070,4.000,2,30,119.000,119.000,1944.710,20.000,65.400,26.410,4.640,
0.070,4.000,3,30,119.000,119.000,1892.900,20.000,60.400,31.600,4.750,
0.070,4.000,4,30,134.000,134.000,1830.120,20.000,76.700,29.900,4.660,
0.070,4.000,5,30,110.000,110.000,2094.500,20.000,70.700,32.130,4.810,
0.070,4.000,6,30,144.000,144.000,1977.370,20.000,79.000,32.070,4.720,
0.070,4.000,7,30,119.000,119.000,1933.880,20.000,80.300,30.410,4.660,
0.070,4.000,8,30,120.000,120.000,1694.860,20.000,59.600,26.270,4.580,
0.070,4.000,9,30,108.000,108.000,1999.770,20.000,45.800,28.560,4.830,
0.070,4.500,0,30,127.000,127.000,2159.170,22.500,63.700,28.790,4.900,
0.070,4.500,1,30,129.000,129.000,1865.200,22.500,87.200,35.550,4.720,
0.070,4.500,2,30,118.000,118.000,1953.500,22.500,61.900,29.000,4.660,
0.070,4.500,3,30,112.000,112.000,1881.570,22.500,70.600,34.240,4.740,
0.070,4.500,4,30,139.000,139.000,1833.260,22.500,80.400,34.660,4.580,
0.070,4.500,5,30,141.000,141.000,2086.320,22.500,73.700,41.960,4.720,
0.070,4.500,6,30,151.000,151.000,2003.600,22.500,87.100,37.610,4.810,
0.070,4.500,7,30,124.000,124.000,1934.030,22.500,91.000,34.410,4.670,
0.070,4.500,8,30,121.000,121.000,1713.350,22.500,60.700,29.190,4.660,
0.070,4.500,9,30,129.000,129.000,1989.790,22.500,75.500,30.630,4.810,
0.070,5.000,0,30,135.000,135.000,2177.790,25.000,68.900,33.590,4.890,
0.070,5.000,1,30,131.000,131.000,1857.580,25.000,86.500,39.900,4.720,
0.070,5.000,2,30,114.000,114.000,1932.940,25.000,60.200,33.650,4.690,
0.070,5.000,3,30,123.000,123.000,1888.380,25.000,72.500,38.700,4.800,
0.070,5.000,4,30,141.000,141.000,1833.260,25.000,81.500,37.050,4.600,
0.070,5.000,5,30,159.000,159.000,2086.320,25.000,80.600,45.420,4.930,
0.070,5.000,6,30,161.000,161.000,1968.650,25.000,91.500,40.620,4.770,
0.070,5.000,7,30,137.000,137.000,1888.260,25.000,95.600,39.300,4.600,
0.070,5.000,8,30,121.000,121.000,1696.280,25.000,58.600,32.340,4.520,
0.070,5.000,9,30,131.000,131.000,1987.440,25.000,78.900,34.660,4.710,
0.070,5.500,0,30,143.000,143.000,2136.460,27.500,70.500,37.660,4.830,
0.070,5.500,1,30,134.000,134.000,1860.990,27.500,92.600,43.170,4.670,
0.070,5.500,2,30,132.000,132.000,1977.610,27.500,72.500,37.080,4.710,
0.070,5.500,3,30,136.000,136.000,1888.490,27.500,84.300,43.430,4.740,
0.070,5.500,4,30,147.000,147.000,1846.430,27.500,86.900,41.180,4.740,
0.070,5.500,5,30,162.000,162.000,2086.320,27.500,87.800,47.600,4.980,
0.070,5.500,6,30,173.000,173.000,1984.990,27.500,99.200,44.160,4.830,
0.070,5.500,7,30,133.000,133.000,1858.840,27.500,100.100,44.200,4.570,
0.070,5.500,8,30,120.000,120.000,1717.510,27.500,92.900,35.900,4.710,
0.070,5.500,9,30,133.000,133.000,1987.430,27.500,79.900,36.830,4.700,
0.070,6.000,0,30,145.000,145.000,2126.360,30.000,73.700,38.540,4.840,
0.070,6.000,1,30,133.000,133.000,1871.460,30.000,98.600,44.670,4.700,
0.070,6.000,2,30,140.000,140.000,1904.210,30.000,76.000,41.000,4.660,
0.070,6.000,3,30,140.000,140.000,1902.430,30.000,87.200,45.480,4.770,
0.070,6.000,4,30,157.000,157.000,1859.270,30.000,94.900,44.680,4.720,
0.070,6.000,5,30,161.000,161.000,2099.160,30.000,100.000,50.310,4.880,
0.070,6.000,6,30,150.000,150.000,2019.920,30.000,100.400,45.550,4.800,
0.070,6.000,7,30,131.000,131.000,1848.560,30.000,105.000,46.340,4.570,
0.070,6.000,8,30,139.000,139.000,1650.190,30.000,99.700,43.280,4.610,
0.070,6.000,9,30,153.000,153.000,1929.880,30.000,82.700,44.010,4.770,
0.070,6.500,0,30,147.000,147.000,2142.840,32.500,79.000,41.310,4.850,
0.070,6.500,1,30,211.000,211.000,1865.870,32.500,120.200,53.190,4.620,
0.070,6.500,2,30,147.000,147.000,1911.860,32.500,84.500,43.460,4.650,
0.070,6.500,3,30,206.000,206.000,1899.460,32.500,122.800,53.870,4.800,
0.070,6.500,4,30,159.000,159.000,1865.510,32.500,93.400,47.970,4.650,
0.070,6.500,5,30,212.000,212.000,2134.460,32.500,108.100,54.760,4.940,
0.070,6.500,6,30,184.000,184.000,2013.270,32.500,104.200,51.030,4.780,
0.070,6.500,7,30,133.000,133.000,1871.540,32.500,109.300,48.690,4.600,
0.070,6.500,8,30,157.000,157.000,1618.140,32.500,105.500,48.240,4.570,
0.070,6.500,9,30,154.000,154.000,2054.340,32.500,86.300,48.160,4.820,
0.070,7.000,0,30,141.000,141.000,2098.020,35.000,84.200,43.700,4.720,
0.070,7.000,1,30,223.000,223.000,1880.100,35.000,130.300,54.690,4.700,
0.070,7.000,2,30,155.000,155.000,1911.860,35.000,82.300,46.670,4.680,
0.070,7.000,3,30,195.000,195.000,1899.460,35.000,128.100,56.560,4.880,
0.070,7.000,4,30,175.000,175.000,1880.810,35.000,108.300,52.780,4.770,
0.070,7.000,5,30,171.000,171.000,2148.490,35.000,110.200,55.280,4.960,
0.070,7.000,6,30,177.000,177.000,2060.430,35.000,135.200,56.240,4.880,
0.070,7.000,7,30,179.000,179.000,1871.540,35.000,116.100,51.440,4.620,
0.070,7.000,8,30,169.000,169.000,1611.190,35.000,109.900,51.950,4.520,
0.070,7.000,9,30,165.000,165.000,1981.180,35.000,91.900,52.660,4.730,
0.080,3.000,0,30,88.000,88.000,2176.440,15.000,49.700,20.230,4.910,
0.080,3.000,1,30,97.000,97.000,1883.990,15.000,63.800,25.520,4.710,
0.080,3.000,2,30,85.000,85.000,1872.900,15.000,44.400,22.200,4.620,
0.080,3.000,3,30,94.000,94.000,1884.770,15.000,45.200,23.400,4.640,
0.080,3.000,4,30,75.000,75.000,1825.070,15.000,40.400,20.850,4.590,
0.080,3.000,5,30,93.000,93.000,2095.620,15.000,59.300,24.000,4.940,
0.080,3.000,6,30,80.000,80.000,2014.210,15.000,46.400,22.240,4.830,
0.080,3.000,7,30,74.000,74.000,1866.550,15.000,65.100,21.050,4.490,
0.080,3.000,8,30,108.000,108.000,1677.280,15.000,53.300,22.390,4.550,
0.080,3.000,9,30,99.000,99.000,1987.310,15.000,42.600,21.940,4.970,
0.080,3.500,0,30,90.000,90.000,2176.440,17.500,52.000,22.160,4.930,
0.080,3.500,1,30,106.000,106.000,1876.490,17.500,69.700,29.550,4.670,
0.080,3.500,2,30,90.000,90.000,1940.520,17.500,52.800,22.950,4.660,
0.080,3.500,3,30,105.000,105.000,1936.050,17.500,49.000,28.450,4.840,
0.080,3.500,4,30,127.000,127.000,1853.390,17.500,70.300,25.450,4.680,
0.080,3.500,5,30,102.000,102.000,2091.270,17.500,65.200,28.560,4.900,
0.080,3.500,6,30,114.000,114.000,2027.290,17.500,66.300,28.390,4.810,
0.080,3.500,7,30,106.000,106.000,1823.890,17.500,73.500,28.740,4.540,
0.080,3.500,8,30,112.000,112.000,1666.280,17.500,57.500,25.500,4.570,
0.080,3.500,9,30,106.000,106.000,2003.440,17.500,46.800,25.540,4.810,
0.080,4.000,0,30,116.000,116.000,2183.250,20.000,59.200,27.100,4.890,
0.080,4.000,1,30,119.000,119.000,1873.190,20.000,80.900,32.820,4.740,
0.080,4.000,2,30,119.000,119.000,1944.710,20.000,65.400,26.410,4.690,
0.080,4.000,3,30,119.000,119.000,1892.900,20.000,60.400,31.600,4.800,
0.080,4.000,4,30,134.000,134.000,1830.120,20.000,76.700,29.900,4.700,
0.080,4.000,5,30,110.000,110.000,2094.500,20.000,70.700,32.130,4.840,
0.080,4.000,6,30,144.000,144.000,1977.370,20.000,79.000,32.070,4.740,
0.080,4.000,7,30,119.000,119.000,1933.880,20.000,80.300,30.410,4.650,
0.080,4.000,8,30,120.000,120.000,1694.860,20.000,59.600,26.270,4.580,
0.080,4.000,9,30,108.000,108.000,1999.770,20.000,45.800,28.560,4.840,
0.080,4.500,0,30,127.000,127.000,2159.170,22.500,63.700,28.790,4.930,
0.080,4.500,1,30,129.000,129.000,1865.200,22.500,87.200,35.550,4.770,
0.080,4.500,2,30,118.000,118.000,1953.500,22.500,61.900,29.000,4.750,
0.080,4.500,3,30,112.000,112.000,1881.570,22.500,70.600,34.240,4.770,
0.080,4.500,4,30,139.000,139.000,1833.260,22.500,80.400,34.660,4.630,
0.080,4.500,5,30,141.000,141.000,2086.320,22.500,73.700,41.960,4.810,
0.080,4.500,6,30,151.000,151.000,2003.600,22.500,87.100,37.610,4.790,
0.080,4.500,7,30,124.000,124.000,1934.030,22.500,91.000,34.410,4.670,
0.080,4.500,8,30,121.000,121.000,1713.350,22.500,60.700,29.190,4.660,
0.080,4.500,9,30,129.000,129.000,1989.790,22.500,75.500,30.630,4.820,
0.080,5.000,0,30,135.000,135.000,2177.790,25.000,68.900,33.590,4.900,
0.080,5.000,1,30,131.000,131.000,1857.580,25.000,86.500,39.900,4.680,
0.080,5.000,2,30,114.000,114.000,1932.940,25.000,60.200,33.650,4.700,
0.080,5.000,3,30,123.000,123.000,1888.380,25.000,72.500,38.700,4.780,
0.080,5.000,4,30,141.000,141.000,1833.260,25.000,81.500,37.050,4.580,
0.080,5.000,5,30,159.000,159.000,2086.320,25.000,80.600,45.420,4.930,
0.080,5.000,6,30,161.000,161.000,1968.650,25.000,91.500,40.620,4.930,
0.080,5.000,7,30,137.000,137.000,1888.260,25.000,95.600,39.300,4.700,
0.080,5.000,8,30,121.000,121.000,1696.280,25.000,58.600,32.340,4.620,
0.080,5.000,9,30,131.000,131.000,1987.440,25.000,78.900,34.660,5.020,
0.080,5.500,0,30,143.000,143.000,2136.460,27.500,70.500,37.660,5.180,
0.080,5.500,1,30,134.000,134.000,1860.990,27.500,92.600,43.170,5.030,
0.080,5.500,2,30,132.000,132.000,1977.610,27.500,72.500,37.080,5.040,
0.080,5.500,3,30,136.000,136.000,1888.490,27.500,84.300,43.430,5.120,
0.080,5.500,4,30,147.000,147.000,1846.430,27.500,86.900,41.180,6.700,
0.080,5.500,5,30,162.000,162.000,2086.320,27.500,87.800,47.600,6.990,
0.080,5.500,6,30,173.000,173.000,1984.990,27.500,99.200,44.160,6.840,
0.080,5.500,7,30,133.000,133.000,1858.840,27.500,100.100,44.200,6.590,
0.080,5.500,8,30,120.000,120.000,1717.510,27.500,92.900,35.900,6.560,
0.080,5.500,9,30,133.000,133.000,1987.430,27.500,79.900,36.830,6.550,
0.080,6.000,0,30,145.000,145.000,2126.360,30.000,73.700,38.540,6.640,
0.080,6.000,1,30,133.000,133.000,1871.460,30.000,98.600,44.670,6.440,
0.080,6.000,2,30,140.000,140.000,1904.210,30.000,76.000,41.000,6.360,
0.080,6.000,3,30,140.000,140.000,1902.430,30.000,87.200,45.480,5.160,
0.080,6.000,4,30,157.000,157.000,1859.270,30.000,94.900,44.680,5.080,
0.080,6.000,5,30,161.000,161.000,2099.160,30.000,100.000,50.310,5.270,
0.080,6.000,6,30,150.000,150.000,2019.920,30.000,100.400,45.550,5.170,
0.080,6.000,7,30,131.000,131.000,1848.560,30.000,105.000,46.340,4.900,
0.080,6.000,8,30,139.000,139.000,1650.190,30.000,99.700,43.280,4.960,
0.080,6.000,9,30,153.000,153.000,1929.880,30.000,82.700,44.010,5.100,
0.080,6.500,0,30,147.000,147.000,2142.840,32.500,79.000,41.310,5.190,
0.080,6.500,1,30,211.000,211.000,1865.870,32.500,120.200,53.190,4.970,
0.080,6.500,2,30,147.000,147.000,1911.860,32.500,84.500,43.460,5.460,
0.080,6.500,3,30,206.000,206.000,1899.460,32.500,122.800,53.870,5.570,
0.080,6.500,4,30,159.000,159.000,1865.510,32.500,93.400,47.970,5.420,
0.080,6.500,5,30,212.000,212.000,2134.460,32.500,108.100,54.760,5.850,
0.080,6.500,6,30,184.000,184.000,2013.270,32.500,104.200,51.030,5.610,
0.080,6.500,7,30,133.000,133.000,1871.540,32.500,109.300,48.690,5.370,
0.080,6.500,8,30,157.000,157.000,1618.140,32.500,105.500,48.240,5.280,
0.080,6.500,9,30,154.000,154.000,2054.340,32.500,86.300,48.160,5.730,
0.080,7.000,0,30,141.000,141.000,2098.020,35.000,84.200,43.700,5.600,
0.080,7.000,1,30,223.000,223.000,1880.100,35.000,130.300,54.690,5.260,
0.080,7.000,2,30,155.000,155.000,1911.860,35.000,82.300,46.670,5.130,
0.080,7.000,3,30,195.000,195.000,1899.460,35.000,128.100,56.560,5.390,
0.080,7.000,4,30,175.000,175.000,1880.810,35.000,108.300,52.780,5.260,
0.080,7.000,5,30,171.000,171.000,2148.490,35.000,110.200,55.280,5.470,
0.080,7.000,6,30,177.000,177.000,2060.430,35.000,135.200,56.240,5.360,
0.080,7.000,7,30,179.000,179.000,1871.540,35.000,116.100,51.440,5.010,
0.080,7.000,8,30,169.000,169.000,1611.190,35.000,109.900,51.950,4.900,
0.080,7.000,9,30,165.000,165.000,1981.180,35.000,91.900,52.660,5.140,
0.090,3.000,0,30,88.000,88.000,2176.440,15.000,49.700,20.230,5.220,
0.090,3.000,1,30,97.000,97.000,1883.990,15.000,64.000,26.050,4.980,
0.090,3.000,2,30,85.000,85.000,1872.900,15.000,44.400,22.200,4.860,
0.090,3.000,3,30,94.000,94.000,1884.770,15.000,45.200,23.400,4.920,
0.090,3.000,4,30,75.000,75.000,1825.070,15.000,40.400,20.850,4.920,
0.090,3.000,5,30,93.000,93.000,2095.620,15.000,59.300,24.020,5.240,
0.090,3.000,6,30,80.000,80.000,2014.210,15.000,46.400,22.240,5.060,
0.090,3.000,7,30,75.000,75.000,1866.550,15.000,66.500,21.100,4.740,
0.090,3.000,8,30,108.000,108.000,1677.280,15.000,53.300,22.390,4.770,
0.090,3.000,9,30,99.000,99.000,1987.310,15.000,42.600,21.940,5.540,
0.090,3.500,0,30,90.000,90.000,2176.440,17.500,52.000,22.160,5.490,
0.090,3.500,1,30,106.000,106.000,1876.490,17.500,69.700,29.550,5.230,
0.090,3.500,2,30,90.000,90.000,1940.520,17.500,52.800,22.950,5.280,
0.090,3.500,3,30,105.000,105.000,1936.050,17.500,49.000,28.450,5.400,
0.090,3.500,4,30,127.000,127.000,1853.390,17.500,70.300,25.450,5.240,
0.090,3.500,5,30,102.000,102.000,2091.270,17.500,65.200,28.560,5.460,
0.090,3.500,6,30,126.000,126.000,2027.290,17.500,89.600,29.380,5.300,
0.090,3.500,7,30,106.000,106.000,1823.890,17.500,73.800,28.750,5.010,
0.090,3.500,8,30,112.000,112.000,1666.280,17.500,57.500,25.500,4.650,
0.090,3.500,9,30,106.000,106.000,2003.440,17.500,46.800,25.540,4.940,
0.090,4.000,0,30,116.000,116.000,2183.250,20.000,59.200,27.100,4.980,
0.090,4.000,1,30,119.000,119.000,1873.190,20.000,80.900,32.820,4.780,
0.090,4.000,2,30,119.000,119.000,1944.710,20.000,65.400,26.410,4.750,
0.090,4.000,3,30,119.000,119.000,1892.900,20.000,60.400,31.600,4.870,
0.090,4.000,4,30,134.000,134.000,1830.120,20.000,76.700,29.900,4.760,
0.090,4.000,5,30,110.000,110.000,2094.500,20.000,70.700,32.130,4.930,
0.090,4.000,6,30,144.000,144.000,1977.370,20.000,79.000,32.070,4.800,
0.090,4.000,7,30,119.000,119.000,1933.880,20.000,80.300,30.410,4.790,
0.090,4.000,8,30,120.000,120.000,1694.860,20.000,59.600,26.270,4.620,
0.090,4.000,9,30,108.000,108.000,1999.770,20.000,45.800,28.560,4.900,
0.090,4.500,0,30,127.000,127.000,2159.170,22.500,63.700,28.790,4.960,
0.090,4.500,1,30,129.000,129.000,1865.200,22.500,87.200,35.550,4.800,
0.090,4.500,2,30,118.000,118.000,1953.500,22.500,61.900,29.000,4.730,
0.090,4.500,3,30,112.000,112.000,1881.570,22.500,70.600,34.240,4.830,
0.090,4.500,4,30,139.000,139.000,1833.260,22.500,80.400,34.660,4.680,
0.090,4.500,5,30,141.000,141.000,2086.320,22.500,73.700,41.960,4.850,
0.090,4.500,6,30,151.000,151.000,2003.600,22.500,87.100,37.610,4.930,
0.090,4.500,7,30,124.000,124.000,1934.030,22.500,91.000,34.410,4.710,
0.090,4.500,8,30,121.000,121.000,1713.350,22.500,60.700,29.190,4.700,
0.090,4.500,9,30,129.000,129.000,1989.790,22.500,75.500,30.630,4.890,
0.090,5.000,0,30,135.000,135.000,2177.790,25.000,68.900,33.590,4.990,
0.090,5.000,1,30,131.000,131.000,1857.580,25.000,86.500,39.900,4.780,
0.090,5.000,2,30,114.000,114.000,1932.940,25.000,60.200,33.650,4.770,
0.090,5.000,3,30,123.000,123.000,1888.380,25.000,72.500,38.700,4.870,
0.090,5.000,4,30,141.000,141.000,1833.260,25.000,81.500,37.050,4.660,
0.090,5.000,5,30,159.000,159.000,2086.320,25.000,80.600,45.420,5.000,
0.090,5.000,6,30,161.000,161.000,1968.650,25.000,91.500,40.620,4.920,
0.090,5.000,7,30,137.000,137.000,1888.260,25.000,95.600,39.300,4.700,
0.090,5.000,8,30,121.000,121.000,1696.280,25.000,58.600,32.340,4.620,
0.090,5.000,9,30,131.000,131.000,1987.440,25.000,78.900,34.660,4.810,
0.090,5.500,0,30,143.000,143.000,2136.460,27.500,70.500,37.660,4.930,
0.090,5.500,1,30,134.000,134.000,1860.990,27.500,92.600,43.170,4.760,
0.090,5.500,2,30,132.000,132.000,1977.610,27.500,72.500,37.080,4.760,
0.090,5.500,3,30,136.000,136.000,1888.490,27.500,84.300,43.430,4.850,
0.090,5.500,4,30,147.000,147.000,1846.430,27.500,86.900,41.180,4.820,
0.090,5.500,5,30,162.000,162.000,2086.320,27.500,87.800,47.600,5.030,
0.090,5.500,6,30,173.000,173.000,1984.990,27.500,99.200,44.160,4.900,
0.090,5.500,7,30,133.000,133.000,1858.840,27.500,100.100,44.200,4.670,
0.090,5.500,8,30,120.000,120.000,1717.510,27.500,92.900,35.900,4.780,
0.090,5.500,9,30,133.000,133.000,1987.430,27.500,79.900,36.830,4.830,
0.090,6.000,0,30,145.000,145.000,2126.360,30.000,73.700,38.540,4.930,
0.090,6.000,1,30,133.000,133.000,1871.460,30.000,98.600,44.670,4.820,
0.090,6.000,2,30,140.000,140.000,1904.210,30.000,76.000,41.000,4.750,
0.090,6.000,3,30,140.000,140.000,1902.430,30.000,87.200,45.480,4.950,
0.090,6.000,4,30,157.000,157.000,1859.270,30.000,94.900,44.680,4.840,
0.090,6.000,5,30,161.000,161.000,2099.160,30.000,100.000,50.320,5.070,
0.090,6.000,6,30,150.000,150.000,2019.920,30.000,100.400,45.550,5.000,
0.090,6.000,7,30,131.000,131.000,1848.560,30.000,105.000,46.340,4.670,
0.090,6.000,8,30,139.000,139.000,1650.190,30.000,99.700,43.280,4.770,
0.090,6.000,9,30,153.000,153.000,1929.880,30.000,82.700,44.010,4.910,
0.090,6.500,0,30,147.000,147.000,2142.840,32.500,79.000,41.310,5.050,
0.090,6.500,1,30,211.000,211.000,1865.870,32.500,120.200,53.190,4.800,
0.090,6.500,2,30,147.000,147.000,1911.860,32.500,84.500,43.460,4.800,
0.090,6.500,3,30,206.000,206.000,1899.460,32.500,122.800,53.870,4.940,
0.090,6.500,4,30,159.000,159.000,1865.510,32.500,93.400,47.970,4.820,
0.090,6.500,5,30,212.000,212.000,2134.460,32.500,108.100,54.760,5.100,
0.090,6.500,6,30,184.000,184.000,2013.270,32.500,104.200,51.030,4.970,
0.090,6.500,7,30,133.000,133.000,1871.540,32.500,109.300,48.690,4.800,
0.090,6.500,8,30,157.000,157.000,1618.140,32.500,105.500,48.240,4.720,
0.090,6.500,9,30,154.000,154.000,2054.340,32.500,86.300,48.160,5.010,
0.090,7.000,0,30,141.000,141.000,2098.020,35.000,84.200,43.700,4.900,
0.090,7.000,1,30,223.000,223.000,1880.100,35.000,130.300,54.690,4.860,
0.090,7.000,2,30,155.000,155.000,1911.860,35.000,82.300,46.670,4.810,
0.090,7.000,3,30,195.000,195.000,1899.460,35.000,128.100,56.560,5.020,
0.090,7.000,4,30,175.000,175.000,1880.810,35.000,108.300,52.780,4.930,
0.090,7.000,5,30,171.000,171.000,2148.490,35.000,110.200,55.280,5.130,
0.090,7.000,6,30,177.000,177.000,2060.430,35.000,135.200,56.240,5.020,
0.090,7.000,7,30,179.000,179.000,1871.540,35.000,116.100,51.440,4.840,
0.090,7.000,8,30,169.000,169.000,1611.190,35.000,109.900,51.950,4.720,
0.090,7.000,9,30,165.000,165.000,1981.180,35.000,91.900,52.660,4.940,
0.100,3.000,0,30,88.000,88.000,2176.440,15.000,49.700,20.230,5.050,
0.100,3.000,1,30,104.000,104.000,1869.260,15.000,70.300,27.260,4.820,
0.100,3.000,2,30,85.000,85.000,1872.900,15.000,44.400,22.200,4.800,
0.100,3.000,3,30,94.000,94.000,1884.770,15.000,45.200,23.400,4.820,
0.100,3.000,4,30,75.000,75.000,1825.070,15.000,40.400,20.850,4.820,
0.100,3.000,5,30,100.000,100.000,2095.620,15.000,62.100,24.430,5.100,
0.100,3.000,6,30,95.000,95.000,2014.210,15.000,61.100,22.730,4.990,
0.100,3.000,7,30,83.000,83.000,1866.550,15.000,74.300,21.360,4.680,
0.100,3.000,8,30,108.000,108.000,1677.280,15.000,53.300,22.390,4.680,
0.100,3.000,9,30,99.000,99.000,1987.310,15.000,42.600,21.940,5.130,
0.100,3.500,0,30,90.000,90.000,2176.440,17.500,52.000,22.160,5.090,
0.100,3.500,1,30,110.000,110.000,1876.490,17.500,73.600,29.880,4.870,
0.100,3.500,2,30,90.000,90.000,1940.520,17.500,52.800,22.950,4.890,
0.100,3.500,3,30,105.000,105.000,1936.050,17.500,49.000,28.450,5.050,
0.100,3.500,4,30,132.000,132.000,1853.390,17.500,75.400,25.620,4.880,
0.100,3.500,5,30,104.000,104.000,2091.270,17.500,65.200,28.700,5.120,
0.100,3.500,6,30,134.000,134.000,2027.290,17.500,97.400,29.710,4.980,
0.100,3.500,7,30,106.000,106.000,1823.890,17.500,80.800,28.980,4.710,
0.100,3.500,8,30,112.000,112.000,1666.280,17.500,57.500,25.500,4.750,
0.100,3.500,9,30,106.000,106.000,2003.440,17.500,46.800,25.540,5.030,
0.100,4.000,0,30,116.000,116.000,2183.250,20.000,59.200,27.100,5.140,
0.100,4.000,1,30,124.000,124.000,1873.190,20.000,86.000,33.110,4.890,
0.100,4.000,2,30,119.000,119.000,1944.710,20.000,65.400,26.410,4.860,
0.100,4.000,3,30,119.000,119.000,1892.900,20.000,62.700,31.680,4.980,
0.100,4.000,4,30,139.000,139.000,1830.120,20.000,82.000,30.070,4.850,
0.100,4.000,5,30,112.000,112.000,2094.500,20.000,71.600,32.280,5.080,
0.100,4.000,6,30,150.000,150.000,1977.370,20.000,84.800,32.320,4.930,
0.100,4.000,7,30,119.000,119.000,1933.880,20.000,91.800,30.790,4.850,
0.100,4.000,8,30,120.000,120.000,1694.860,20.000,59.600,26.270,4.760,
0.100,4.000,9,30,108.000,108.000,1999.770,20.000,45.800,28.560,5.110,
0.100,4.500,0,30,127.000,127.000,2159.170,22.500,63.700,28.790,5.160,
0.100,4.500,1,30,131.000,131.000,1865.200,22.500,89.800,35.790,4.990,
0.100,4.500,2,30,118.000,118.000,1953.500,22.500,61.900,29.000,4.970,
0.100,4.500,3,30,112.000,112.000,1881.570,22.500,70.600,34.240,5.000,
0.100,4.500,4,30,142.000,142.000,1833.260,22.500,83.900,34.780,4.840,
0.100,4.500,5,30,141.000,141.000,2086.320,22.500,73.700,41.960,5.020,
0.100,4.500,6,30,153.000,153.000,2003.600,22.500,87.600,37.740,5.030,
0.100,4.500,7,30,124.000,124.000,1934.030,22.500,96.100,34.580,4.850,
0.100,4.500,8,30,121.000,121.000,1713.350,22.500,60.700,29.190,4.850,
0.100,4.500,9,30,129.000,129.000,1989.790,22.500,75.500,30.630,5.020,
0.100,5.000,0,30,135.000,135.000,2177.790,25.000,68.900,33.590,5.140,
0.100,5.000,1,30,131.000,131.000,1857.580,25.000,90.000,40.020,4.930,
0.100,5.000,2,30,114.000,114.000,1932.940,25.000,60.200,33.650,4.910,
0.100,5.000,3,30,123.000,123.000,1888.380,25.000,72.500,38.700,4.970,
0.100,5.000,4,30,142.000,142.000,1833.260,25.000,82.400,37.080,4.800,
0.100,5.000,5,30,159.000,159.000,2086.320,25.000,80.900,45.430,5.170,
0.100,5.000,6,30,162.000,162.000,1968.650,25.000,92.400,40.650,4.970,
0.100,5.000,7,30,137.000,137.000,1888.260,25.000,99.900,39.440,4.830,
0.100,5.000,8,30,121.000,121.000,1696.280,25.000,58.600,32.340,4.770,
0.100,5.000,9,30,131.000,131.000,1987.440,25.000,78.900,34.660,4.960,
0.100,5.500,0,30,143.000,143.000,2136.460,27.500,70.500,37.680,5.080,
0.100,5.500,1,30,134.000,134.000,1860.990,27.500,94.500,43.230,4.940,
0.100,5.500,2,30,132.000,132.000,1977.610,27.500,72.500,37.080,4.940,
0.100,5.500,3,30,136.000,136.000,1888.490,27.500,84.300,43.430,5.010,
0.100,5.500,4,30,147.000,147.000,1846.430,27.500,86.900,41.180,4.940,
0.100,5.500,5,30,162.000,162.000,2086.320,27.500,87.800,47.610,5.170,
0.100,5.500,6,30,190.000,190.000,1984.990,27.500,116.200,44.720,5.060,
0.100,5.500,7,30,133.000,133.000,1858.840,27.500,104.100,44.340,4.810,
0.100,5.500,8,30,120.000,120.000,1717.510,27.500,92.900,35.900,4.910,
0.100,5.500,9,30,161.000,161.000,2061.520,27.500,74.200,37.760,5.110,
0.100,6.000,0,30,125.000,125.000,2108.850,30.000,75.200,37.900,5.060,
0.100,6.000,1,30,138.000,138.000,1871.460,30.000,100.100,44.880,4.960,
0.100,6.000,2,30,140.000,140.000,1904.210,30.000,76.000,41.000,4.890,
0.100,6.000,3,30,140.000,140.000,1902.430,30.000,87.200,45.480,5.030,
0.100,6.000,4,30,167.000,167.000,1859.270,30.000,104.100,44.980,4.940,
0.100,6.000,5,30,167.000,167.000,2099.160,30.000,100.000,50.530,5.200,
0.100,6.000,6,30,150.000,150.000,2019.920,30.000,100.400,45.550,5.110,
0.100,6.000,7,30,131.000,131.000,1848.560,30.000,107.500,46.430,4.790,
0.100,6.000,8,30,142.000,142.000,1650.190,30.000,99.700,43.390,4.880,
0.100,6.000,9,30,151.000,151.000,1982.790,30.000,78.800,43.700,5.080,
0.100,6.500,0,30,147.000,147.000,2142.840,32.500,79.000,41.310,5.160,
0.100,6.500,1,30,211.000,211.000,1865.870,32.500,120.600,53.210,4.910,
0.100,6.500,2,30,147.000,147.000,1911.860,32.500,84.500,43.460,4.890,
0.100,6.500,3,30,214.000,214.000,1899.460,32.500,122.800,54.160,5.100,
0.100,6.500,4,30,159.000,159.000,1865.510,32.500,93.400,47.970,4.920,
0.100,6.500,5,30,212.000,212.000,2134.460,32.500,108.100,54.760,5.250,
0.100,6.500,6,30,184.000,184.000,2013.270,32.500,140.000,53.090,5.120,
0.100,6.500,7,30,133.000,133.000,1871.540,32.500,110.100,48.720,4.880,
0.100,6.500,8,30,157.000,157.000,1618.140,32.500,105.500,48.290,4.840,
0.100,6.500,9,30,154.000,154.000,2054.340,32.500,86.300,48.160,5.130,
0.100,7.000,0,30,141.000,141.000,2098.020,35.000,84.200,43.700,5.040,
0.100,7.000,1,30,223.000,223.000,1880.100,35.000,130.300,54.690,4.930,
0.100,7.000,2,30,155.000,155.000,1911.860,35.000,82.300,46.670,4.930,
0.100,7.000,3,30,195.000,195.000,1899.460,35.000,128.100,56.560,5.150,
0.100,7.000,4,30,175.000,175.000,1880.810,35.000,108.300,52.780,5.030,
0.100,7.000,5,30,171.000,171.000,2148.490,35.000,110.200,55.280,5.260,
0.100,7.000,6,30,177.000,177.000,2060.430,35.000,143.800,56.530,5.180,
0.100,7.000,7,30,179.000,179.000,1871.540,35.000,116.100,51.490,4.920,
0.100,7.000,8,30,169.000,169.000,1611.190,35.000,109.900,51.950,4.740,
0.100,7.000,9,30,165.000,165.000,1981.180,35.000,91.900,52.660,5.010,
0.110,3.000,0,30,88.000,88.000,2176.440,15.000,50.000,20.270,5.110,
0.110,3.000,1,30,109.000,109.000,1868.510,15.000,75.300,27.960,4.910,
0.110,3.000,2,30,87.000,87.000,1872.900,15.000,44.400,22.250,4.900,
0.110,3.000,3,30,104.000,104.000,1867.880,15.000,46.800,24.830,4.980,
0.110,3.000,4,30,86.000,86.000,1825.070,15.000,51.800,21.340,4.920,
0.110,3.000,5,30,106.000,106.000,2095.620,15.000,68.800,25.470,5.280,
0.110,3.000,6,30,130.000,130.000,2014.210,15.000,96.300,23.900,5.130,
0.110,3.000,7,30,89.000,89.000,1866.550,15.000,80.900,21.580,4.820,
0.110,3.000,8,30,108.000,108.000,1677.280,15.000,53.300,22.400,4.800,
0.110,3.000,9,30,99.000,99.000,1987.310,15.000,42.600,21.940,5.180,
0.110,3.500,0,30,90.000,90.000,2176.440,17.500,52.000,22.160,5.160,
0.110,3.500,1,30,121.000,121.000,1876.490,17.500,84.100,30.650,5.010,
0.110,3.500,2,30,112.000,112.000,1940.520,17.500,63.100,23.650,5.000,
0.110,3.500,3,30,117.000,117.000,1936.050,17.500,54.800,29.090,5.140,
0.110,3.500,4,30,137.000,137.000,1853.390,17.500,80.400,25.790,4.980,
0.110,3.500,5,30,113.000,113.000,2091.270,17.500,73.500,29.330,5.230,
0.110,3.500,6,30,146.000,146.000,1966.830,17.500,109.600,30.410,5.040,
0.110,3.500,7,30,116.000,116.000,1823.890,17.500,93.000,29.830,4.790,
0.110,3.500,8,30,112.000,112.000,1666.280,17.500,57.500,25.500,4.850,
0.110,3.500,9,30,106.000,106.000,2003.440,17.500,46.800,25.550,5.120,
0.110,4.000,0,30,116.000,116.000,2183.250,20.000,62.400,27.210,5.250,
0.110,4.000,1,30,131.000,131.000,1873.190,20.000,92.300,33.980,5.050,
0.110,4.000,2,30,124.000,124.000,1944.710,20.000,70.900,26.610,5.010,
0.110,4.000,3,30,120.000,120.000,1892.900,20.000,69.900,31.940,5.120,
0.110,4.000,4,30,146.000,146.000,1830.120,20.000,88.800,30.300,4.990,
0.110,4.000,5,30,118.000,118.000,2094.500,20.000,77.100,32.560,5.170,
0.110,4.000,6,30,159.000,159.000,1977.370,20.000,93.600,33.000,5.110,
0.110,4.000,7,30,120.000,120.000,1933.880,20.000,98.100,31.100,4.890,
0.110,4.000,8,30,120.000,120.000,1694.860,20.000,59.600,26.290,4.830,
0.110,4.000,9,30,108.000,108.000,1999.770,20.000,45.800,28.560,5.200,
0.110,4.500,0,30,127.000,127.000,2159.170,22.500,65.500,28.850,5.290,
0.110,4.500,1,30,138.000,138.000,1865.200,22.500,96.800,36.740,5.090,
0.110,4.500,2,30,118.000,118.000,1953.500,22.500,61.900,29.030,5.030,
0.110,4.500,3,30,117.000,117.000,1881.570,22.500,75.800,34.400,5.080,
0.110,4.500,4,30,152.000,152.000,1833.260,22.500,93.100,36.240,4.940,
0.110,4.500,5,30,168.000,168.000,2009.120,22.500,92.400,42.950,5.070,
0.110,4.500,6,30,161.000,161.000,2003.600,22.500,94.500,38.260,5.020,
0.110,4.500,7,30,124.000,124.000,1934.030,22.500,103.300,34.830,4.890,
0.110,4.500,8,30,121.000,121.000,1713.350,22.500,60.700,29.190,4.980,
0.110,4.500,9,30,130.000,130.000,1989.790,22.500,76.600,31.470,5.090,
0.110,5.000,0,30,135.000,135.000,2177.790,25.000,68.900,33.620,5.250,
0.110,5.000,1,30,134.000,134.000,1857.580,25.000,98.300,40.900,5.050,
0.110,5.000,2,30,114.000,114.000,1932.940,25.000,60.300,33.660,4.980,
0.110,5.000,3,30,138.000,138.000,1888.490,25.000,87.700,40.480,5.080,
0.110,5.000,4,30,150.000,150.000,1833.260,25.000,90.900,37.360,4.960,
0.110,5.000,5,30,171.000,171.000,2086.320,25.000,92.900,45.830,5.180,
0.110,5.000,6,30,169.000,169.000,1968.650,25.000,99.400,41.100,5.090,
0.110,5.000,7,30,137.000,137.000,1888.260,25.000,107.800,39.700,4.870,
0.110,5.000,8,30,121.000,121.000,1696.280,25.000,58.600,32.340,4.830,
0.110,5.000,9,30,115.000,115.000,2009.950,25.000,72.000,33.940,5.070,
0.110,5.500,0,30,144.000,144.000,2136.710,27.500,70.500,37.720,5.170,
0.110,5.500,1,30,134.000,134.000,1860.990,27.500,105.000,43.860,4.990,
0.110,5.500,2,30,132.000,132.000,1977.610,27.500,72.500,37.080,4.950,
0.110,5.500,3,30,149.000,149.000,1888.490,27.500,97.500,44.060,5.050,
0.110,5.500,4,30,168.000,168.000,1846.430,27.500,107.200,43.420,4.940,
0.110,5.500,5,30,173.000,173.000,2086.320,27.500,91.700,46.770,5.250,
0.110,5.500,6,30,201.000,201.000,1984.990,27.500,127.500,45.290,5.120,
0.110,5.500,7,30,133.000,133.000,1858.840,27.500,112.300,44.610,4.900,
0.110,5.500,8,30,121.000,121.000,1719.200,27.500,100.200,36.680,5.010,
0.110,5.500,9,30,161.000,161.000,2061.520,27.500,76.000,38.010,5.170,
0.110,6.000,0,30,125.000,125.000,2108.850,30.000,76.200,37.940,5.120,
0.110,6.000,1,30,140.000,140.000,1871.460,30.000,112.100,45.470,5.020,
0.110,6.000,2,30,140.000,140.000,1904.210,30.000,76.000,41.000,4.910,
0.110,6.000,3,30,153.000,153.000,1902.430,30.000,100.200,45.980,5.050,
0.110,6.000,4,30,176.000,176.000,1859.270,30.000,113.400,45.530,5.020,
0.110,6.000,5,30,170.000,170.000,2099.160,30.000,106.700,50.880,5.210,
0.110,6.000,6,30,156.000,156.000,2032.340,30.000,145.500,47.510,5.140,
0.110,6.000,7,30,131.000,131.000,1848.560,30.000,119.300,46.820,4.850,
0.110,6.000,8,30,150.000,150.000,1650.190,30.000,105.300,44.140,4.910,
0.110,6.000,9,30,151.000,151.000,1982.790,30.000,81.600,43.940,5.130,
0.110,6.500,0,30,147.000,147.000,2142.840,32.500,79.000,41.310,5.180,
0.110,6.500,1,30,223.000,223.000,1865.870,32.500,133.000,54.700,4.970,
0.110,6.500,2,30,147.000,147.000,1911.860,32.500,84.500,43.460,4.920,
0.110,6.500,3,30,227.000,227.000,1899.460,32.500,133.700,55.200,5.170,
0.110,6.500,4,30,174.000,174.000,1865.510,32.500,109.000,48.810,5.010,
0.110,6.500,5,30,213.000,213.000,2134.460,32.500,114.900,55.750,5.330,
0.110,6.500,6,30,184.000,184.000,2013.270,32.500,150.900,53.780,5.210,
0.110,6.500,7,30,133.000,133.000,1871.540,32.500,122.800,49.240,4.980,
0.110,6.500,8,30,157.000,157.000,1618.140,32.500,117.900,48.970,4.910,
0.110,6.500,9,30,154.000,154.000,2054.340,32.500,90.300,48.380,5.180,
0.110,7.000,0,30,141.000,141.000,2098.020,35.000,84.200,43.790,5.100,
0.110,7.000,1,30,230.000,230.000,1880.100,35.000,137.400,55.830,5.030,
0.110,7.000,2,30,155.000,155.000,1911.860,35.000,82.300,46.670,4.970,
0.110,7.000,3,30,195.000,195.000,1899.460,35.000,135.200,57.590,5.250,
0.110,7.000,4,30,184.000,184.000,1880.810,35.000,117.400,53.110,5.100,
0.110,7.000,5,30,171.000,171.000,2148.490,35.000,118.200,56.240,5.360,
0.110,7.000,6,30,177.000,177.000,2060.430,35.000,164.800,57.330,5.240,
0.110,7.000,7,30,182.000,182.000,1871.540,35.000,126.700,52.230,4.970,
0.110,7.000,8,30,183.000,183.000,1660.510,35.000,132.300,53.790,4.880,
0.110,7.000,9,30,165.000,165.000,1981.180,35.000,117.900,53.530,5.040,
0.120,3.000,0,30,93.000,93.000,2156.350,15.000,58.000,20.600,5.060,
0.120,3.000,1,30,117.000,117.000,1833.580,15.000,83.900,30.380,4.950,
0.120,3.000,2,30,91.000,91.000,1872.900,15.000,55.900,23.050,5.000,
0.120,3.000,3,30,107.000,107.000,1903.000,15.000,68.800,26.040,5.080,
0.120,3.000,4,30,93.000,93.000,1825.070,15.000,58.700,21.600,5.040,
0.120,3.000,5,30,113.000,113.000,2095.620,15.000,75.500,26.050,5.300,
0.120,3.000,6,30,140.000,140.000,1973.420,15.000,106.900,26.090,5.160,
0.120,3.000,7,30,101.000,101.000,1858.000,15.000,92.700,22.710,4.870,
0.120,3.000,8,30,110.000,110.000,1677.280,15.000,55.500,22.520,4.850,
0.120,3.000,9,30,101.000,101.000,1987.310,15.000,44.700,22.050,5.230,
0.120,3.500,0,30,98.000,98.000,2100.150,17.500,63.600,23.940,5.040,
0.120,3.500,1,30,127.000,127.000,1847.150,17.500,90.200,32.650,4.950,
0.120,3.500,2,30,116.000,116.000,1872.980,17.500,67.800,24.560,4.950,
0.120,3.500,3,30,113.000,113.000,1908.540,17.500,73.000,29.890,5.090,
0.120,3.500,4,30,143.000,143.000,1853.390,17.500,86.400,26.110,4.980,
0.120,3.500,5,30,118.000,118.000,2091.270,17.500,78.600,30.330,5.240,
0.120,3.500,6,30,155.000,155.000,1966.830,17.500,118.900,31.460,5.050,
0.120,3.500,7,30,121.000,121.000,1823.890,17.500,98.800,30.460,4.780,
0.120,3.500,8,30,112.000,112.000,1666.280,17.500,57.800,25.530,4.790,
0.120,3.500,9,30,109.000,109.000,2003.440,17.500,49.700,25.740,5.080,
0.120,4.000,0,30,116.000,116.000,2183.250,20.000,67.200,27.370,5.230,
0.120,4.000,1,30,137.000,137.000,1841.320,20.000,98.900,35.270,4.990,
0.120,4.000,2,30,129.000,129.000,1944.710,20.000,76.000,26.840,5.000,
0.120,4.000,3,30,117.000,117.000,1878.060,20.000,77.800,32.200,5.080,
0.120,4.000,4,30,155.000,155.000,1766.980,20.000,97.900,31.310,4.910,
0.120,4.000,5,30,123.000,123.000,2094.500,20.000,86.000,33.530,5.180,
0.120,4.000,6,30,165.000,165.000,1977.370,20.000,100.000,33.740,5.090,
0.120,4.000,7,30,124.000,124.000,1933.880,20.000,105.200,32.520,4.850,
0.120,4.000,8,30,120.000,120.000,1694.860,20.000,59.600,26.350,4.810,
0.120,4.000,9,30,109.000,109.000,1999.770,20.000,60.700,29.310,5.160,
0.120,4.500,0,30,127.000,127.000,2159.170,22.500,70.100,29.010,5.250,
0.120,4.500,1,30,146.000,146.000,1865.200,22.500,104.500,37.960,5.030,
0.120,4.500,2,30,124.000,124.000,1953.500,22.500,67.300,29.230,5.000,
0.120,4.500,3,30,137.000,137.000,1902.350,22.500,95.300,36.320,5.100,
0.120,4.500,4,30,161.000,161.000,1833.260,22.500,102.600,37.330,4.910,
0.120,4.500,5,30,175.000,175.000,2015.960,22.500,99.200,44.600,5.050,
0.120,4.500,6,30,148.000,148.000,2005.500,22.500,137.800,39.010,4.930,
0.120,4.500,7,30,130.000,130.000,1934.030,22.500,110.100,36.620,4.860,
0.120,4.500,8,30,122.000,122.000,1649.190,22.500,97.400,32.190,4.900,
0.120,4.500,9,30,117.000,117.000,2016.080,22.500,75.600,30.980,5.170,
0.120,5.000,0,30,142.000,142.000,2189.060,25.000,72.700,33.920,5.290,
0.120,5.000,1,30,142.000,142.000,1857.580,25.000,108.300,42.130,5.030,
0.120,5.000,2,30,114.000,114.000,1932.940,25.000,62.300,33.790,5.000,
0.120,5.000,3,30,151.000,151.000,1888.490,25.000,100.400,41.190,5.120,
0.120,5.000,4,30,166.000,166.000,1833.260,25.000,108.700,39.880,4.920,
0.120,5.000,5,30,177.000,177.000,2064.520,25.000,98.800,46.920,5.070,
0.120,5.000,6,30,155.000,155.000,2005.450,25.000,144.200,43.180,4.980,
0.120,5.000,7,30,138.000,138.000,1888.260,25.000,119.700,40.720,4.860,
0.120,5.000,8,30,121.000,121.000,1653.280,25.000,103.000,34.760,4.820,
0.120,5.000,9,30,121.000,121.000,2009.950,25.000,78.700,34.580,5.080,
0.120,5.500,0,30,158.000,158.000,2132.970,27.500,75.500,38.380,5.150,
0.120,5.500,1,30,140.000,140.000,1876.680,27.500,124.400,45.730,5.010,
0.120,5.500,2,30,133.000,133.000,1887.450,27.500,78.600,36.670,4.890,
0.120,5.500,3,30,156.000,156.000,1888.490,27.500,104.800,44.800,5.060,
0.120,5.500,4,30,177.000,177.000,1846.430,27.500,116.500,44.610,4.790,
0.120,5.500,5,30,179.000,179.000,2096.180,27.500,115.200,50.310,5.140,
0.120,5.500,6,30,161.000,161.000,1986.240,27.500,150.800,45.610,5.140,
0.120,5.500,7,30,135.000,135.000,1832.330,27.500,124.200,45.510,4.810,
0.120,5.500,8,30,125.000,125.000,1719.200,27.500,115.800,37.620,5.020,
0.120,5.500,9,30,161.000,161.000,2061.520,27.500,89.000,38.450,5.150,
0.120,6.000,0,30,125.000,125.000,2108.850,30.000,78.100,38.120,5.150,
0.120,6.000,1,30,142.000,142.000,1871.460,30.000,130.900,46.370,4.980,
0.120,6.000,2,30,145.000,145.000,1905.470,30.000,88.400,41.490,4.970,
0.120,6.000,3,30,161.000,161.000,1902.430,30.000,108.700,46.840,5.020,
0.120,6.000,4,30,186.000,186.000,1859.270,30.000,123.500,46.370,4.860,
0.120,6.000,5,30,175.000,175.000,2151.720,30.000,119.100,53.840,5.270,
0.120,6.000,6,30,177.000,177.000,1980.830,30.000,166.200,48.740,5.070,
0.120,6.000,7,30,138.000,138.000,1848.560,30.000,129.900,47.400,4.850,
0.120,6.000,8,30,158.000,158.000,1650.190,30.000,131.700,45.410,4.910,
0.120,6.000,9,30,151.000,151.000,1982.790,30.000,118.000,45.190,5.090,
0.120,6.500,0,30,147.000,147.000,2142.840,32.500,92.100,41.900,5.180,
0.120,6.500,1,30,232.000,232.000,1865.870,32.500,141.600,55.840,4.970,
0.120,6.500,2,30,151.000,151.000,1869.070,32.500,87.800,44.630,4.740,
0.120,6.500,3,30,279.000,279.000,1899.460,32.500,185.300,58.110,5.030,
0.120,6.500,4,30,186.000,186.000,1869.610,32.500,120.200,51.110,5.030,
0.120,6.500,5,30,225.000,225.000,2134.460,32.500,122.000,58.790,5.360,
0.120,6.500,6,30,246.000,246.000,2013.270,32.500,174.400,57.190,5.160,
0.120,6.500,7,30,141.000,141.000,1845.040,32.500,132.900,49.580,4.920,
0.120,6.500,8,30,163.000,163.000,1618.140,32.500,137.300,49.910,4.900,
0.120,6.500,9,30,166.000,166.000,2054.340,32.500,121.600,49.860,5.180,
0.120,7.000,0,30,141.000,141.000,2098.020,35.000,106.100,44.650,5.070,
0.120,7.000,1,30,241.000,241.000,1880.100,35.000,148.300,57.140,4.850,
0.120,7.000,2,30,151.000,151.000,1821.700,35.000,85.700,46.640,4.670,
0.120,7.000,3,30,198.000,198.000,1899.460,35.000,143.700,59.020,5.170,
0.120,7.000,4,30,202.000,202.000,1900.020,35.000,132.200,56.790,5.110,
0.120,7.000,5,30,187.000,187.000,2148.490,35.000,133.200,57.640,5.340,
0.120,7.000,6,30,191.000,191.000,2060.430,35.000,180.100,58.360,5.220,
0.120,7.000,7,30,191.000,191.000,1871.540,35.000,136.300,52.900,4.970,
0.120,7.000,8,30,193.000,193.000,1660.510,35.000,142.200,54.480,4.840,
0.120,7.000,9,30,167.000,167.000,1981.180,35.000,125.000,54.150,5.050,
0.130,3.000,0,30,98.000,98.000,2094.680,15.000,63.700,21.880,4.930,
0.130,3.000,1,30,123.000,123.000,1836.020,15.000,90.000,33.030,4.680,
0.130,3.000,2,30,113.000,113.000,1872.900,15.000,67.300,24.610,4.940,
0.130,3.000,3,30,113.000,113.000,1903.000,15.000,74.700,28.070,5.000,
0.130,3.000,4,30,97.000,97.000,1819.510,15.000,62.600,22.610,5.000,
0.130,3.000,5,30,118.000,118.000,2071.110,15.000,80.200,27.570,5.290,
0.130,3.000,6,30,151.000,151.000,1936.230,15.000,116.800,27.780,5.060,
0.130,3.000,7,30,107.000,107.000,1790.610,15.000,98.100,25.830,4.800,
0.130,3.000,8,30,115.000,115.000,1619.610,15.000,85.400,24.250,4.780,
0.130,3.000,9,30,108.000,108.000,1910.810,15.000,56.500,23.690,4.830,
0.130,3.500,0,30,105.000,105.000,2069.390,17.500,68.100,25.030,5.010,
0.130,3.500,1,30,132.000,132.000,1843.540,17.500,95.600,34.500,4.940,
0.130,3.500,2,30,123.000,123.000,1872.980,17.500,74.200,25.090,4.920,
0.130,3.500,3,30,119.000,119.000,1919.220,17.500,80.200,31.750,5.050,
0.130,3.500,4,30,148.000,148.000,1819.520,17.500,93.300,29.060,4.930,
0.130,3.500,5,30,123.000,123.000,2129.670,17.500,87.300,32.960,5.320,
0.130,3.500,6,30,163.000,163.000,1949.910,17.500,126.400,32.750,5.070,
0.130,3.500,7,30,128.000,128.000,1823.890,17.500,105.600,31.640,4.790,
0.130,3.500,8,30,116.000,116.000,1608.610,17.500,92.200,27.200,4.620,
0.130,3.500,9,30,128.000,128.000,1995.100,17.500,75.700,28.020,4.920,
0.130,4.000,0,30,120.000,120.000,2168.580,20.000,71.400,28.860,5.250,
0.130,4.000,1,30,144.000,144.000,1841.320,20.000,106.000,36.540,4.920,
0.130,4.000,2,30,151.000,151.000,1877.160,20.000,98.000,28.450,4.940,
0.130,4.000,3,30,124.000,124.000,1892.570,20.000,82.900,33.510,5.110,
0.130,4.000,4,30,165.000,165.000,1766.980,20.000,107.700,34.610,4.920,
0.130,4.000,5,30,129.000,129.000,2094.500,20.000,91.300,35.700,5.240,
0.130,4.000,6,30,149.000,149.000,1905.050,20.000,138.900,38.260,4.970,
0.130,4.000,7,30,130.000,130.000,1907.180,20.000,112.700,34.010,4.790,
0.130,4.000,8,30,120.000,120.000,1630.230,20.000,98.400,30.840,4.740,
0.130,4.000,9,30,117.000,117.000,1965.450,20.000,76.700,29.720,5.100,
0.130,4.500,0,30,129.000,129.000,2170.820,22.500,74.700,29.460,5.300,
0.130,4.500,1,30,153.000,153.000,1870.940,22.500,111.400,39.480,4.990,
0.130,4.500,2,30,128.000,128.000,1953.500,22.500,71.800,29.460,5.020,
0.130,4.500,3,30,149.000,149.000,1902.350,22.500,107.600,37.530,5.110,
0.130,4.500,4,30,168.000,168.000,1833.260,22.500,109.900,39.260,4.960,
0.130,4.500,5,30,179.000,179.000,2051.050,22.500,112.300,47.610,5.140,
0.130,4.500,6,30,157.000,157.000,1972.450,22.500,146.700,40.990,4.820,
0.130,4.500,7,30,132.000,132.000,1934.030,22.500,122.700,37.940,4.790,
0.130,4.500,8,30,130.000,130.000,1640.110,22.500,104.400,33.080,4.770,
0.130,4.500,9,30,122.000,122.000,2016.080,22.500,80.800,31.750,5.190,
0.130,5.000,0,30,118.000,118.000,2216.240,25.000,77.900,33.820,5.300,
0.130,5.000,1,30,150.000,150.000,1859.350,25.000,127.100,44.120,4.980,
0.130,5.000,2,30,114.000,114.000,1932.940,25.000,66.400,34.100,5.020,
0.130,5.000,3,30,158.000,158.000,1888.490,25.000,107.700,42.350,5.130,
0.130,5.000,4,30,176.000,176.000,1833.260,25.000,117.400,40.910,4.950,
0.130,5.000,5,30,190.000,190.000,2099.350,25.000,117.900,53.190,4.970,
0.130,5.000,6,30,185.000,185.000,2052.660,25.000,164.000,49.060,5.060,
0.130,5.000,7,30,164.000,164.000,1888.260,25.000,129.900,42.660,4.900,
0.130,5.000,8,30,127.000,127.000,1640.110,25.000,117.600,35.970,4.820,
0.130,5.000,9,30,127.000,127.000,2009.950,25.000,115.200,36.380,5.090,
0.130,5.500,0,30,132.000,132.000,2161.320,27.500,92.200,37.940,5.240,
0.130,5.500,1,30,148.000,148.000,1876.680,27.500,133.300,47.640,5.070,
0.130,5.500,2,30,146.000,146.000,1887.450,27.500,89.400,37.740,4.970,
0.130,5.500,3,30,163.000,163.000,1888.490,27.500,111.800,45.590,5.120,
0.130,5.500,4,30,186.000,186.000,1851.460,27.500,126.000,46.020,4.730,
0.130,5.500,5,30,198.000,198.000,2099.350,27.500,121.900,54.770,5.130,
0.130,5.500,6,30,184.000,184.000,1927.270,27.500,173.100,48.590,5.090,
0.130,5.500,7,30,165.000,165.000,1832.570,27.500,134.000,47.930,4.880,
0.130,5.500,8,30,144.000,144.000,1719.200,27.500,134.800,38.690,5.090,
0.130,5.500,9,30,163.000,163.000,2061.520,27.500,120.200,41.350,5.230,
0.130,6.000,0,30,151.000,151.000,2171.630,30.000,112.600,40.410,5.290,
0.130,6.000,1,30,151.000,151.000,1871.460,30.000,139.600,47.520,5.120,
0.130,6.000,2,30,150.000,150.000,1895.320,30.000,92.700,42.470,4.970,
0.130,6.000,3,30,168.000,168.000,1902.430,30.000,115.400,48.430,4.830,
0.130,6.000,4,30,201.000,201.000,1859.270,30.000,138.500,47.500,4.920,
0.130,6.000,5,30,197.000,197.000,2137.070,30.000,134.500,57.700,5.230,
0.130,6.000,6,30,254.000,254.000,2004.110,30.000,180.300,55.150,5.150,
0.130,6.000,7,30,164.000,164.000,1848.560,30.000,139.000,49.550,4.850,
0.130,6.000,8,30,185.000,185.000,1641.240,30.000,140.500,48.120,4.990,
0.130,6.000,9,30,154.000,154.000,1982.790,30.000,124.600,46.290,5.160,
0.130,6.500,0,30,147.000,147.000,2142.840,32.500,115.700,42.900,5.230,
0.130,6.500,1,30,170.000,170.000,1852.460,32.500,158.300,54.450,4.990,
0.130,6.500,2,30,158.000,158.000,1869.070,32.500,90.900,44.610,4.780,
0.130,6.500,3,30,310.000,310.000,1899.460,32.500,216.400,61.260,4.900,
0.130,6.500,4,30,200.000,200.000,1869.610,32.500,134.900,53.560,4.940,
0.130,6.500,5,30,246.000,246.000,2088.500,32.500,142.700,64.660,5.270,
0.130,6.500,6,30,257.000,257.000,1955.750,32.500,189.100,59.380,5.190,
0.130,6.500,7,30,184.000,184.000,1845.040,32.500,142.900,53.540,4.940,
0.130,6.500,8,30,173.000,173.000,1618.140,32.500,145.500,50.950,4.930,
0.130,6.500,9,30,175.000,175.000,2054.340,32.500,130.300,51.360,5.250,
0.130,7.000,0,30,141.000,141.000,2098.020,35.000,118.300,45.260,5.190,
0.130,7.000,1,30,247.000,247.000,1886.130,35.000,163.000,58.850,5.010,
0.130,7.000,2,30,151.000,151.000,1821.700,35.000,91.100,46.310,4.610,
0.130,7.000,3,30,247.000,247.000,1899.460,35.000,193.700,63.320,5.150,
0.130,7.000,4,30,260.000,260.000,1900.020,35.000,193.500,60.270,5.130,
0.130,7.000,5,30,200.000,200.000,2080.950,35.000,151.600,63.990,5.290,
0.130,7.000,6,30,224.000,224.000,2022.660,35.000,213.200,59.400,5.230,
0.130,7.000,7,30,199.000,199.000,1845.040,35.000,146.200,55.490,4.980,
0.130,7.000,8,30,227.000,227.000,1639.120,35.000,216.200,58.660,4.920,
0.130,7.000,9,30,176.000,176.000,1981.180,35.000,134.500,55.120,5.120,
0.140,3.000,0,30,105.000,105.000,2151.610,15.000,69.400,22.970,5.230,
0.140,3.000,1,30,129.000,129.000,1846.330,15.000,95.200,35.430,4.650,
0.140,3.000,2,30,122.000,122.000,1852.820,15.000,74.100,26.450,4.870,
0.140,3.000,3,30,118.000,118.000,1910.080,15.000,81.100,29.270,5.190,
0.140,3.000,4,30,154.000,154.000,1788.470,15.000,95.100,26.650,5.100,
0.140,3.000,5,30,123.000,123.000,2071.110,15.000,87.000,29.870,5.300,
0.140,3.000,6,30,161.000,161.000,1917.160,15.000,125.600,30.520,5.120,
0.140,3.000,7,30,113.000,113.000,1790.610,15.000,104.500,27.130,4.870,
0.140,3.000,8,30,101.000,101.000,1577.630,15.000,91.500,24.060,4.800,
0.140,3.000,9,30,126.000,126.000,1909.590,15.000,73.700,25.510,4.980,
0.140,3.500,0,30,110.000,110.000,2069.390,17.500,72.000,25.520,4.880,
0.140,3.500,1,30,139.000,139.000,1828.230,17.500,102.300,36.830,4.820,
0.140,3.500,2,30,148.000,148.000,1879.500,17.500,96.000,26.470,4.940,
0.140,3.500,3,30,138.000,138.000,1919.220,17.500,97.300,34.000,5.110,
0.140,3.500,4,30,163.000,163.000,1819.520,17.500,105.900,31.260,5.060,
0.140,3.500,5,30,129.000,129.000,2127.010,17.500,97.000,36.660,5.330,
0.140,3.500,6,30,171.000,171.000,1973.190,17.500,135.000,36.730,5.170,
0.140,3.500,7,30,134.000,134.000,1796.200,17.500,113.000,33.240,4.930,
0.140,3.500,8,30,119.000,119.000,1608.920,17.500,98.300,28.730,4.800,
0.140,3.500,9,30,131.000,131.000,1965.460,17.500,77.000,29.810,4.860,
0.140,4.000,0,30,127.000,127.000,2168.580,20.000,76.200,30.920,5.100,
0.140,4.000,1,30,151.000,151.000,1839.890,20.000,112.600,39.000,4.930,
0.140,4.000,2,30,208.000,208.000,1877.160,20.000,153.500,30.970,5.000,
0.140,4.000,3,30,149.000,149.000,1904.690,20.000,107.500,35.600,5.200,
0.140,4.000,4,30,170.000,170.000,1770.130,20.000,111.900,34.390,4.960,
0.140,4.000,5,30,134.000,134.000,2068.920,20.000,113.300,40.700,5.270,
0.140,4.000,6,30,158.000,158.000,1899.030,20.000,147.400,43.300,5.100,
0.140,4.000,7,30,153.000,153.000,1907.180,20.000,125.200,36.120,4.990,
0.140,4.000,8,30,126.000,126.000,1617.060,20.000,104.800,33.300,4.780,
0.140,4.000,9,30,122.000,122.000,1990.810,20.000,81.600,32.240,4.940,
0.140,4.500,0,30,133.000,133.000,2170.820,22.500,89.800,30.880,5.240,
0.140,4.500,1,30,164.000,164.000,1870.940,22.500,128.000,41.690,5.000,
0.140,4.500,2,30,152.000,152.000,1953.500,22.500,95.200,30.810,5.040,
0.140,4.500,3,30,174.000,174.000,1902.350,22.500,133.000,42.360,5.130,
0.140,4.500,4,30,175.000,175.000,1770.130,22.500,118.800,40.600,4.990,
0.140,4.500,5,30,195.000,195.000,2044.760,22.500,119.400,52.820,5.230,
0.140,4.500,6,30,177.000,177.000,1971.170,22.500,166.200,47.000,5.110,
0.140,4.500,7,30,181.000,181.000,1851.010,22.500,132.300,43.580,4.920,
0.140,4.500,8,30,135.000,135.000,1635.260,22.500,119.300,35.390,4.700,
0.140,4.500,9,30,128.000,128.000,2022.450,22.500,115.800,34.280,5.150,
0.140,5.000,0,30,121.000,121.000,2216.240,25.000,110.600,35.790,5.350,
0.140,5.000,1,30,161.000,161.000,1842.630,25.000,135.800,46.470,5.070,
0.140,5.000,2,30,114.000,114.000,1932.940,25.000,85.100,34.790,5.070,
0.140,5.000,3,30,165.000,165.000,1888.490,25.000,114.100,44.210,5.220,
0.140,5.000,4,30,187.000,187.000,1833.260,25.000,128.800,42.090,5.090,
0.140,5.000,5,30,200.000,200.000,2018.130,25.000,133.500,56.420,5.180,
0.140,5.000,6,30,218.000,218.000,2019.340,25.000,176.100,52.760,5.200,
0.140,5.000,7,30,170.000,170.000,1888.260,25.000,138.500,43.980,4.680,
0.140,5.000,8,30,146.000,146.000,1623.810,25.000,136.700,38.800,4.790,
0.140,5.000,9,30,134.000,134.000,2009.960,25.000,121.400,38.330,5.110,
0.140,5.500,0,30,137.000,137.000,2161.320,27.500,115.500,39.140,5.250,
0.140,5.500,1,30,170.000,170.000,1871.000,27.500,142.100,51.700,5.090,
0.140,5.500,2,30,186.000,186.000,1743.840,27.500,103.200,43.200,4.890,
0.140,5.500,3,30,216.000,216.000,1888.490,27.500,164.400,48.390,5.170,
0.140,5.500,4,30,252.000,252.000,1891.960,27.500,190.300,50.830,5.060,
0.140,5.500,5,30,245.000,245.000,2055.760,27.500,140.900,62.040,5.150,
0.140,5.500,6,30,196.000,196.000,1927.270,27.500,185.500,51.320,4.990,
0.140,5.500,7,30,176.000,176.000,1812.780,27.500,143.700,49.370,4.760,
0.140,5.500,8,30,194.000,194.000,1615.200,27.500,143.000,43.740,4.910,
0.140,5.500,9,30,167.000,167.000,2018.970,27.500,128.300,44.630,5.210,
0.140,6.000,0,30,151.000,151.000,2171.630,30.000,118.800,40.810,5.260,
0.140,6.000,1,30,209.000,209.000,1876.880,30.000,163.300,54.950,5.110,
0.140,6.000,2,30,186.000,186.000,1782.210,30.000,102.900,45.930,4.900,
0.140,6.000,3,30,239.000,239.000,1902.430,30.000,186.700,51.670,5.100,
0.140,6.000,4,30,260.000,260.000,1866.460,30.000,197.700,55.160,5.070,
0.140,6.000,5,30,241.000,241.000,2151.830,30.000,151.400,65.110,5.150,
0.140,6.000,6,30,264.000,264.000,2004.110,30.000,207.200,57.720,4.960,
0.140,6.000,7,30,183.000,183.000,1838.910,30.000,148.900,53.850,4.840,
0.140,6.000,8,30,223.000,223.000,1595.910,30.000,212.700,52.880,4.960,
0.140,6.000,9,30,159.000,159.000,1944.460,30.000,133.800,47.780,5.130,
0.140,6.500,0,30,135.000,135.000,2098.020,32.500,121.900,43.230,5.180,
0.140,6.500,1,30,209.000,209.000,1865.430,32.500,168.400,60.730,5.070,
0.140,6.500,2,30,163.000,163.000,1753.740,32.500,104.900,46.840,4.840,
0.140,6.500,3,30,331.000,331.000,1899.460,32.500,237.100,66.610,5.100,
0.140,6.500,4,30,261.000,261.000,1900.020,32.500,195.500,60.780,4.970,
0.140,6.500,5,30,254.000,254.000,2056.370,32.500,156.700,68.460,5.190,
0.140,6.500,6,30,269.000,269.000,1955.750,32.500,224.200,62.440,5.120,
0.140,6.500,7,30,193.000,193.000,1845.040,32.500,152.900,55.540,4.980,
0.140,6.500,8,30,230.000,230.000,1656.870,32.500,219.900,57.430,4.960,
0.140,6.500,9,30,224.000,224.000,2047.730,32.500,156.500,54.870,5.240,
0.140,7.000,0,30,141.000,141.000,2098.020,35.000,124.500,45.720,5.200,
0.140,7.000,1,30,184.000,184.000,1883.470,35.000,173.000,60.200,5.060,
0.140,7.000,2,30,171.000,171.000,1708.700,35.000,106.700,50.430,4.760,
0.140,7.000,3,30,363.000,363.000,1899.460,35.000,265.900,74.480,5.090,
0.140,7.000,4,30,272.000,272.000,1900.020,35.000,205.900,62.400,4.960,
0.140,7.000,5,30,220.000,220.000,2125.390,35.000,162.600,67.860,5.330,
0.140,7.000,6,30,250.000,250.000,2023.790,35.000,239.400,62.870,5.230,
0.140,7.000,7,30,218.000,218.000,1845.040,35.000,156.100,57.920,4.960,
0.140,7.000,8,30,245.000,245.000,1614.300,35.000,226.900,64.160,4.950,
0.140,7.000,9,30,235.000,235.000,1981.180,35.000,166.000,58.520,5.170,
0.150,3.000,0,30,109.000,109.000,2152.310,15.000,73.900,24.140,5.270,
0.150,3.000,1,30,144.000,144.000,1856.040,15.000,100.300,37.840,4.950,
0.150,3.000,2,30,147.000,147.000,1859.340,15.000,93.600,28.410,4.850,
0.150,3.000,3,30,138.000,138.000,1883.150,15.000,98.600,31.940,5.020,
0.150,3.000,4,30,164.000,164.000,1807.300,15.000,104.000,29.050,5.060,
0.150,3.000,5,30,155.000,155.000,2074.900,15.000,118.300,36.420,5.320,
0.150,3.000,6,30,168.000,168.000,1914.620,15.000,132.200,32.590,5.140,
0.150,3.000,7,30,119.000,119.000,1762.560,15.000,110.300,30.680,4.830,
0.150,3.000,8,30,106.000,106.000,1577.630,15.000,97.000,26.500,4.860,
0.150,3.000,9,30,115.000,115.000,1921.930,15.000,73.200,28.090,5.010,
0.150,3.500,0,30,118.000,118.000,2070.280,17.500,79.900,26.730,5.090,
0.150,3.500,1,30,145.000,145.000,1808.730,17.500,108.800,40.400,4.770,
0.150,3.500,2,30,151.000,151.000,1879.710,17.500,95.900,28.600,4.810,
0.150,3.500,3,30,151.000,151.000,1876.690,17.500,110.400,37.020,5.070,
0.150,3.500,4,30,133.000,133.000,1774.220,17.500,116.300,33.550,4.990,
0.150,3.500,5,30,133.000,133.000,2127.010,17.500,112.200,40.670,5.380,
0.150,3.500,6,30,189.000,189.000,1973.190,17.500,152.600,38.470,5.200,
0.150,3.500,7,30,137.000,137.000,1769.820,17.500,126.000,36.560,4.830,
0.150,3.500,8,30,118.000,118.000,1532.020,17.500,104.200,32.430,4.800,
0.150,3.500,9,30,121.000,121.000,1927.580,17.500,81.700,30.760,4.930,
0.150,4.000,0,30,131.000,131.000,2168.580,20.000,90.400,32.600,5.190,
0.150,4.000,1,30,161.000,161.000,1824.020,20.000,126.700,42.100,4.850,
0.150,4.000,2,30,117.000,117.000,1829.250,20.000,94.800,30.060,5.000,
0.150,4.000,3,30,197.000,197.000,1891.040,20.000,126.000,40.960,5.150,
0.150,4.000,4,30,143.000,143.000,1814.530,20.000,122.600,40.190,5.090,
0.150,4.000,5,30,193.000,193.000,2000.390,20.000,119.700,47.040,5.200,
0.150,4.000,6,30,177.000,177.000,1899.030,20.000,166.400,46.660,5.180,
0.150,4.000,7,30,142.000,142.000,1769.820,20.000,133.700,35.830,4.850,
0.150,4.000,8,30,132.000,132.000,1588.250,20.000,120.900,36.540,4.870,
0.150,4.000,9,30,164.000,164.000,1914.540,20.000,115.000,37.050,4.890,
0.150,4.500,0,30,184.000,184.000,2170.820,22.500,112.500,33.580,5.200,
0.150,4.500,1,30,177.000,177.000,1824.020,22.500,136.300,47.160,5.010,
0.150,4.500,2,30,118.000,118.000,1829.070,22.500,98.800,32.260,4.980,
0.150,4.500,3,30,182.000,182.000,1933.320,22.500,140.100,44.820,5.200,
0.150,4.500,4,30,185.000,185.000,1782.870,22.500,129.300,44.350,5.030,
0.150,4.500,5,30,163.000,163.000,1969.630,22.500,136.200,56.010,5.170,
0.150,4.500,6,30,217.000,217.000,1952.510,22.500,178.600,54.470,5.200,
0.150,4.500,7,30,189.000,189.000,1799.630,22.500,141.600,45.980,4.890,
0.150,4.500,8,30,147.000,147.000,1635.260,22.500,137.300,38.720,4.900,
0.150,4.500,9,30,156.000,156.000,1925.880,22.500,121.600,39.410,5.240,
0.150,5.000,0,30,128.000,128.000,2216.240,25.000,117.300,36.880,5.610,
0.150,5.000,1,30,173.000,173.000,1808.710,25.000,160.500,51.630,5.150,
0.150,5.000,2,30,166.000,166.000,1830.750,25.000,103.600,40.650,5.200,
0.150,5.000,3,30,209.000,209.000,1882.860,25.000,158.600,48.110,5.460,
0.150,5.000,4,30,201.000,201.000,1763.100,25.000,142.100,46.040,5.330,
0.150,5.000,5,30,165.000,165.000,1969.630,25.000,150.100,58.130,5.390,
0.150,5.000,6,30,252.000,252.000,2019.340,25.000,190.900,56.590,5.440,
0.150,5.000,7,30,182.000,182.000,1819.490,25.000,148.300,49.810,4.790,
0.150,5.000,8,30,212.000,212.000,1627.330,25.000,202.000,44.130,4.980,
0.150,5.000,9,30,141.000,141.000,2029.070,25.000,129.700,40.000,5.490,
0.150,5.500,0,30,170.000,170.000,2161.320,27.500,121.200,41.350,5.570,
0.150,5.500,1,30,178.000,178.000,1840.390,27.500,166.900,56.340,5.260,
0.150,5.500,2,30,191.000,191.000,1708.700,27.500,108.700,44.530,5.140,
0.150,5.500,3,30,237.000,237.000,1902.430,27.500,185.500,50.300,5.450,
0.150,5.500,4,30,260.000,260.000,1873.860,27.500,198.600,56.040,5.390,
0.150,5.500,5,30,240.000,240.000,2032.180,27.500,154.900,63.360,5.480,
0.150,5.500,6,30,261.000,261.000,2000.370,27.500,217.500,62.440,5.180,
0.150,5.500,7,30,183.000,183.000,1812.540,27.500,153.400,53.360,4.900,
0.150,5.500,8,30,226.000,226.000,1615.200,27.500,215.500,48.630,5.040,
0.150,5.500,9,30,179.000,179.000,2018.970,27.500,139.500,46.300,5.310,
0.150,6.000,0,30,135.000,135.000,2161.320,30.000,124.700,41.120,5.430,
0.150,6.000,1,30,184.000,184.000,1867.360,30.000,172.700,56.730,5.200,
0.150,6.000,2,30,191.000,191.000,1740.060,30.000,108.600,48.480,4.950,
0.150,6.000,3,30,318.000,318.000,1948.470,30.000,231.300,67.230,5.330,
0.150,6.000,4,30,271.000,271.000,1912.280,30.000,207.500,57.630,5.200,
0.150,6.000,5,30,249.000,249.000,2139.380,30.000,160.800,69.990,5.120,
0.150,6.000,6,30,276.000,276.000,1995.720,30.000,230.900,64.910,5.010,
0.150,6.000,7,30,191.000,191.000,1838.670,30.000,157.300,56.550,4.990,
0.150,6.000,8,30,233.000,233.000,1529.870,30.000,223.000,57.120,4.970,
0.150,6.000,9,30,169.000,169.000,1976.390,30.000,148.700,52.740,5.330,
0.150,6.500,0,30,147.000,147.000,2098.020,32.500,136.200,46.540,5.380,
0.150,6.500,1,30,213.000,213.000,1852.140,32.500,202.400,67.320,5.240,
0.150,6.500,2,30,248.000,248.000,1753.740,32.500,239.100,54.990,5.000,
0.150,6.500,3,30,348.000,348.000,1899.460,32.500,254.500,74.680,5.350,
0.150,6.500,4,30,273.000,273.000,1900.020,32.500,207.300,63.690,5.050,
0.150,6.500,5,30,275.000,275.000,2056.370,32.500,171.300,73.760,5.380,
0.150,6.500,6,30,291.000,291.000,1955.750,32.500,280.200,68.100,5.230,
0.150,6.500,7,30,200.000,200.000,1838.670,32.500,161.400,60.830,4.990,
0.150,6.500,8,30,242.000,242.000,1654.610,32.500,231.500,60.700,5.050,
0.150,6.500,9,30,240.000,240.000,2020.720,32.500,172.300,59.950,5.280,
0.150,7.000,0,30,150.000,150.000,2098.020,35.000,139.800,47.360,5.290,
0.150,7.000,1,30,220.000,220.000,1870.180,35.000,209.300,69.120,5.120,
0.150,7.000,2,30,281.000,281.000,1708.700,35.000,272.300,59.620,4.880,
0.150,7.000,3,30,384.000,384.000,1899.460,35.000,287.000,78.060,5.120,
0.150,7.000,4,30,287.000,287.000,1900.020,35.000,220.500,65.940,5.020,
0.150,7.000,5,30,244.000,244.000,2108.480,35.000,184.800,71.380,5.410,
0.150,7.000,6,30,303.000,303.000,2023.790,35.000,292.900,69.030,5.280,
0.150,7.000,7,30,227.000,227.000,1827.950,35.000,172.200,62.300,4.980,
0.150,7.000,8,30,249.000,249.000,1587.020,35.000,238.800,69.310,5.040,
0.150,7.000,9,30,244.000,244.000,1981.180,35.000,174.600,61.770,5.260,
0.160,3.000,0,30,118.000,118.000,2152.350,15.000,82.700,25.090,5.390,
0.160,3.000,1,30,140.000,140.000,1819.860,15.000,106.400,39.260,5.070,
0.160,3.000,2,30,147.000,147.000,1857.830,15.000,92.000,32.330,4.910,
0.160,3.000,3,30,150.000,150.000,1897.780,15.000,109.600,34.020,4.970,
0.160,3.000,4,30,126.000,126.000,1792.090,15.000,114.400,33.310,5.060,
0.160,3.000,5,30,163.000,163.000,2070.540,15.000,126.900,37.170,5.460,
0.160,3.000,6,30,183.000,183.000,1938.110,15.000,148.000,34.170,5.210,
0.160,3.000,7,30,131.000,131.000,1762.560,15.000,122.900,32.030,4.820,
0.160,3.000,8,30,112.000,112.000,1535.840,15.000,102.500,28.230,4.850,
0.160,3.000,9,30,119.000,119.000,1921.920,15.000,77.500,29.410,5.080,
0.160,3.500,0,30,123.000,123.000,2070.130,17.500,89.700,29.290,5.200,
0.160,3.500,1,30,155.000,155.000,1808.730,17.500,121.300,43.700,4.920,
0.160,3.500,2,30,117.000,117.000,1864.830,17.500,95.300,28.940,4.780,
0.160,3.500,3,30,197.000,197.000,1942.580,17.500,123.900,41.440,5.260,
0.160,3.500,4,30,137.000,137.000,1774.220,17.500,122.700,34.960,5.030,
0.160,3.500,5,30,197.000,197.000,2062.680,17.500,129.000,46.670,5.430,
0.160,3.500,6,30,199.000,199.000,1973.190,17.500,162.900,44.980,5.310,
0.160,3.500,7,30,149.000,149.000,1773.710,17.500,133.700,39.260,4.950,
0.160,3.500,8,30,127.000,127.000,1527.710,17.500,117.400,33.280,4.920,
0.160,3.500,9,30,127.000,127.000,1927.580,17.500,110.300,34.570,5.060,
0.160,4.000,0,30,134.000,134.000,2168.430,20.000,112.600,34.330,5.290,
0.160,4.000,1,30,174.000,174.000,1835.030,20.000,135.100,47.820,4.850,
0.160,4.000,2,30,166.000,166.000,1793.800,20.000,102.100,36.240,5.030,
0.160,4.000,3,30,205.000,205.000,1948.390,20.000,132.200,46.830,5.270,
0.160,4.000,4,30,182.000,182.000,1800.250,20.000,132.300,44.600,5.200,
0.160,4.000,5,30,211.000,211.000,2001.460,20.000,137.300,56.960,5.330,
0.160,4.000,6,30,189.000,189.000,1952.260,20.000,178.200,53.400,5.250,
0.160,4.000,7,30,151.000,151.000,1773.710,20.000,143.000,39.640,4.980,
0.160,4.000,8,30,146.000,146.000,1556.540,20.000,136.600,38.300,4.890,
0.160,4.000,9,30,134.000,134.000,1937.200,20.000,120.500,37.200,4.980,
0.160,4.500,0,30,189.000,189.000,2157.470,22.500,118.300,37.540,4.980,
0.160,4.500,1,30,186.000,186.000,1824.020,22.500,169.400,53.360,5.060,
0.160,4.500,2,30,182.000,182.000,1819.080,22.500,109.600,37.520,5.070,
0.160,4.500,3,30,223.000,223.000,1888.950,22.500,169.700,53.230,5.250,
0.160,4.500,4,30,200.000,200.000,1759.040,22.500,142.000,48.080,5.180,
0.160,4.500,5,30,230.000,230.000,1936.170,22.500,157.500,63.010,5.220,
0.160,4.500,6,30,250.000,250.000,1952.510,22.500,193.100,58.490,5.250,
0.160,4.500,7,30,196.000,196.000,1774.040,22.500,150.900,48.160,4.950,
0.160,4.500,8,30,215.000,215.000,1621.260,22.500,204.900,47.510,4.970,
0.160,4.500,9,30,160.000,160.000,1925.880,22.500,129.700,43.490,4.860,
0.160,5.000,0,30,133.000,133.000,2216.240,25.000,123.000,37.660,5.360,
0.160,5.000,1,30,189.000,189.000,1840.390,25.000,179.000,60.840,5.050,
0.160,5.000,2,30,171.000,171.000,1776.730,25.000,131.500,44.160,5.060,
0.160,5.000,3,30,242.000,242.000,1909.620,25.000,189.200,51.380,5.310,
0.160,5.000,4,30,258.000,258.000,1837.400,25.000,198.000,51.550,5.190,
0.160,5.000,5,30,235.000,235.000,1969.630,25.000,164.500,67.190,5.290,
0.160,5.000,6,30,262.000,262.000,2031.240,25.000,219.100,62.590,5.320,
0.160,5.000,7,30,187.000,187.000,1881.040,25.000,156.400,53.140,5.010,
0.160,5.000,8,30,227.000,227.000,1610.020,25.000,216.700,49.460,4.710,
0.160,5.000,9,30,187.000,187.000,2018.970,25.000,140.700,47.830,5.310,
0.160,5.500,0,30,147.000,147.000,2119.760,27.500,136.700,42.180,5.330,
0.160,5.500,1,30,203.000,203.000,1839.300,27.500,192.100,63.040,5.170,
0.160,5.500,2,30,240.000,240.000,1691.680,27.500,231.300,53.460,4.960,
0.160,5.500,3,30,246.000,246.000,1948.470,27.500,194.500,62.650,5.400,
0.160,5.500,4,30,272.000,272.000,1814.000,27.500,209.800,63.710,5.210,
0.160,5.500,5,30,255.000,255.000,2032.180,27.500,172.500,73.550,5.410,
0.160,5.500,6,30,273.000,273.000,1935.580,27.500,232.600,65.170,5.260,
0.160,5.500,7,30,200.000,200.000,1870.010,27.500,161.600,56.580,4.820,
0.160,5.500,8,30,236.000,236.000,1615.200,27.500,225.200,51.800,4.990,
0.160,5.500,9,30,184.000,184.000,2018.970,27.500,151.100,49.470,5.260,
0.160,6.000,0,30,158.000,158.000,2122.620,30.000,141.200,44.230,5.270,
0.160,6.000,1,30,241.000,241.000,1862.120,30.000,204.200,67.830,5.150,
0.160,6.000,2,30,263.000,263.000,1691.680,30.000,254.100,59.110,4.950,
0.160,6.000,3,30,342.000,342.000,1948.470,30.000,256.000,74.780,5.330,
0.160,6.000,4,30,282.000,282.000,1814.000,30.000,217.200,65.410,5.140,
0.160,6.000,5,30,264.000,264.000,2041.040,30.000,193.800,78.180,5.320,
0.160,6.000,6,30,292.000,292.000,1963.830,30.000,281.100,70.030,5.160,
0.160,6.000,7,30,200.000,200.000,1845.290,30.000,174.200,63.830,4.930,
0.160,6.000,8,30,244.000,244.000,1559.500,30.000,234.000,59.610,5.040,
0.160,6.000,9,30,271.000,271.000,1970.520,30.000,183.500,64.540,5.310,
0.160,6.500,0,30,161.000,161.000,2098.020,32.500,150.600,48.560,5.330,
0.160,6.500,1,30,241.000,241.000,1869.220,32.500,211.800,70.950,5.210,
0.160,6.500,2,30,290.000,290.000,1764.650,32.500,281.900,61.840,5.040,
0.160,6.500,3,30,375.000,375.000,1899.460,32.500,281.300,78.850,5.300,
0.160,6.500,4,30,290.000,290.000,1871.860,32.500,224.900,67.890,5.190,
0.160,6.500,5,30,327.000,327.000,2044.510,32.500,205.400,89.040,5.350,
0.160,6.500,6,30,306.000,306.000,1962.040,32.500,295.100,71.220,5.130,
0.160,6.500,7,30,220.000,220.000,1845.290,32.500,178.000,66.300,5.040,
0.160,6.500,8,30,281.000,281.000,1598.980,32.500,243.500,69.210,5.010,
0.160,6.500,9,30,247.000,247.000,2028.090,32.500,180.000,65.630,5.350,
0.160,7.000,0,30,205.000,205.000,2120.290,35.000,156.600,53.840,5.370,
0.160,7.000,1,30,281.000,281.000,1835.620,35.000,222.000,75.550,5.080,
0.160,7.000,2,30,305.000,305.000,1708.700,35.000,296.800,65.770,4.950,
0.160,7.000,3,30,400.000,400.000,1899.460,35.000,303.000,82.040,5.300,
0.160,7.000,4,30,303.000,303.000,1871.860,35.000,236.800,69.380,5.110,
0.160,7.000,5,30,272.000,272.000,2074.680,35.000,196.100,79.670,5.400,
0.160,7.000,6,30,333.000,333.000,2030.370,35.000,322.100,75.990,5.330,
0.160,7.000,7,30,255.000,255.000,1845.290,35.000,246.900,69.520,5.030,
0.160,7.000,8,30,309.000,309.000,1587.760,35.000,250.300,96.060,5.090,
0.160,7.000,9,30,253.000,253.000,1981.180,35.000,183.900,66.240,5.350,
0.170,3.000,0,30,122.000,122.000,2144.340,15.000,87.000,27.320,5.450,
0.170,3.000,1,30,154.000,154.000,1819.860,15.000,112.200,45.200,5.100,
0.170,3.000,2,30,126.000,126.000,1809.190,15.000,94.400,35.220,4.990,
0.170,3.000,3,30,171.000,171.000,1891.500,15.000,103.200,38.270,5.160,
0.170,3.000,4,30,132.000,132.000,1777.090,15.000,120.500,34.200,5.020,
0.170,3.000,5,30,176.000,176.000,1986.600,15.000,139.100,40.730,5.340,
0.170,3.000,6,30,193.000,193.000,1935.810,15.000,157.600,42.730,5.260,
0.170,3.000,7,30,140.000,140.000,1840.020,15.000,131.900,39.290,4.970,
0.170,3.000,8,30,124.000,124.000,1531.750,15.000,114.900,30.310,4.860,
0.170,3.000,9,30,156.000,156.000,1905.110,15.000,87.000,38.640,5.070,
0.170,3.500,0,30,132.000,132.000,2152.310,17.500,110.200,31.870,5.340,
0.170,3.500,1,30,178.000,178.000,1771.380,17.500,153.400,51.160,4.990,
0.170,3.500,2,30,134.000,134.000,1864.830,17.500,102.700,33.800,5.020,
0.170,3.500,3,30,202.000,202.000,1875.000,17.500,128.400,46.490,5.180,
0.170,3.500,4,30,181.000,181.000,1832.940,17.500,132.200,44.750,5.240,
0.170,3.500,5,30,210.000,210.000,2057.330,17.500,140.700,54.830,5.370,
0.170,3.500,6,30,210.000,210.000,1950.840,17.500,173.400,48.790,5.300,
0.170,3.500,7,30,153.000,153.000,1753.650,17.500,142.900,42.820,4.950,
0.170,3.500,8,30,144.000,144.000,1522.100,17.500,134.500,36.040,4.880,
0.170,3.500,9,30,171.000,171.000,1930.700,17.500,118.200,41.790,5.120,
0.170,4.000,0,30,187.000,187.000,2168.400,20.000,118.100,37.360,5.350,
0.170,4.000,1,30,183.000,183.000,1845.230,20.000,168.000,52.780,5.030,
0.170,4.000,2,30,199.000,199.000,1856.210,20.000,131.000,44.050,5.040,
0.170,4.000,3,30,208.000,208.000,1912.230,20.000,136.500,47.380,5.290,
0.170,4.000,4,30,201.000,201.000,1828.490,20.000,143.800,51.610,5.230,
0.170,4.000,5,30,235.000,235.000,2001.460,20.000,158.900,63.310,5.370,
0.170,4.000,6,30,246.000,246.000,1953.590,20.000,191.000,59.740,5.280,
0.170,4.000,7,30,161.000,161.000,1754.730,20.000,152.100,43.670,5.000,
0.170,4.000,8,30,210.000,210.000,1557.710,20.000,199.800,47.640,4.860,
0.170,4.000,9,30,187.000,187.000,1931.750,20.000,128.100,45.600,5.080,
0.170,4.500,0,30,195.000,195.000,2104.740,22.500,123.600,38.980,5.190,
0.170,4.500,1,30,199.000,199.000,1873.080,22.500,178.800,57.600,5.190,
0.170,4.500,2,30,222.000,222.000,1856.100,22.500,213.400,43.620,5.270,
0.170,4.500,3,30,201.000,201.000,1901.180,22.500,155.200,54.010,5.420,
0.170,4.500,4,30,257.000,257.000,1786.740,22.500,196.200,58.340,5.330,
0.170,4.500,5,30,239.000,239.000,1969.630,22.500,165.200,69.240,5.520,
0.170,4.500,6,30,274.000,274.000,1952.510,22.500,218.200,66.800,5.420,
0.170,4.500,7,30,204.000,204.000,1774.040,22.500,158.300,49.870,5.130,
0.170,4.500,8,30,227.000,227.000,1563.930,22.500,216.400,49.040,5.050,
0.170,4.500,9,30,165.000,165.000,1957.990,22.500,140.400,46.020,5.190,
0.170,5.000,0,30,150.000,150.000,2218.610,25.000,139.800,39.680,5.480,
0.170,5.000,1,30,203.000,203.000,1852.750,25.000,192.300,65.070,5.250,
0.170,5.000,2,30,240.000,240.000,1787.450,25.000,231.900,54.700,5.080,
0.170,5.000,3,30,237.000,237.000,1896.360,25.000,181.000,60.430,5.390,
0.170,5.000,4,30,271.000,271.000,1851.480,25.000,207.600,60.420,5.610,
0.170,5.000,5,30,260.000,260.000,1969.630,25.000,186.800,73.320,5.410,
0.170,5.000,6,30,275.000,275.000,1965.370,25.000,232.500,69.220,5.370,
0.170,5.000,7,30,200.000,200.000,1881.040,25.000,172.800,59.200,5.090,
0.170,5.000,8,30,236.000,236.000,1663.820,25.000,226.000,54.310,5.030,
0.170,5.000,9,30,189.000,189.000,1978.420,25.000,152.300,53.410,5.480,
0.170,5.500,0,30,184.000,184.000,2092.100,27.500,150.000,47.750,5.570,
0.170,5.500,1,30,215.000,215.000,1879.870,27.500,204.800,65.950,5.370,
0.170,5.500,2,30,279.000,279.000,1691.680,27.500,270.500,61.180,5.090,
0.170,5.500,3,30,249.000,249.000,1948.470,27.500,193.900,72.370,5.570,
0.170,5.500,4,30,287.000,287.000,1814.000,27.500,220.200,70.440,5.310,
0.170,5.500,5,30,269.000,269.000,1969.320,27.500,195.300,76.270,5.410,
0.170,5.500,6,30,291.000,291.000,1935.580,27.500,280.200,72.270,5.390,
0.170,5.500,7,30,253.000,253.000,1881.480,27.500,178.000,67.270,5.190,
0.170,5.500,8,30,267.000,267.000,1518.750,27.500,236.200,63.730,5.010,
0.170,5.500,9,30,205.000,205.000,1975.330,27.500,177.500,58.320,5.350,
0.170,6.000,0,30,170.000,170.000,2122.620,30.000,160.000,47.780,5.360,
0.170,6.000,1,30,237.000,237.000,1860.990,30.000,214.400,72.510,5.250,
0.170,6.000,2,30,297.000,297.000,1691.680,30.000,288.900,64.870,5.060,
0.170,6.000,3,30,368.000,368.000,1917.560,30.000,281.800,76.340,5.380,
0.170,6.000,4,30,293.000,293.000,1830.390,30.000,223.700,80.490,5.280,
0.170,6.000,5,30,347.000,347.000,2000.510,30.000,205.000,91.510,5.440,
0.170,6.000,6,30,306.000,306.000,1963.830,30.000,295.600,76.440,5.340,
0.170,6.000,7,30,257.000,257.000,1836.740,30.000,248.400,72.330,5.060,
0.170,6.000,8,30,256.000,256.000,1471.900,30.000,245.800,69.690,5.000,
0.170,6.000,9,30,363.000,363.000,1970.520,30.000,275.600,71.110,5.410,
0.170,6.500,0,30,174.000,174.000,2087.890,32.500,163.500,53.530,5.380,
0.170,6.500,1,30,234.000,234.000,1897.550,32.500,223.900,75.780,5.300,
0.170,6.500,2,30,312.000,312.000,1762.320,32.500,303.900,65.140,5.080,
0.170,6.500,3,30,391.000,391.000,1915.070,32.500,298.300,87.770,5.430,
0.170,6.500,4,30,306.000,306.000,1871.860,32.500,233.300,76.690,5.290,
0.170,6.500,5,30,380.000,380.000,1988.110,32.500,224.200,95.020,5.380,
0.170,6.500,6,30,334.000,334.000,1971.180,32.500,323.600,83.380,5.310,
0.170,6.500,7,30,268.000,268.000,1836.740,32.500,259.800,71.280,5.070,
0.170,6.500,8,30,330.000,330.000,1542.960,32.500,253.400,88.520,5.170,
0.170,6.500,9,30,264.000,264.000,1928.950,32.500,211.600,71.080,5.360,
0.170,7.000,0,30,210.000,210.000,2120.290,35.000,166.200,59.470,5.460,
0.170,7.000,1,30,282.000,282.000,1892.330,35.000,239.100,88.360,5.390,
0.170,7.000,2,30,323.000,323.000,1708.550,35.000,314.700,77.920,5.130,
0.170,7.000,3,30,414.000,414.000,1915.070,35.000,318.000,90.620,5.480,
0.170,7.000,4,30,317.000,317.000,1785.540,35.000,250.700,83.020,5.190,
0.170,7.000,5,30,363.000,363.000,2033.390,35.000,265.300,99.410,5.480,
0.170,7.000,6,30,448.000,448.000,2026.240,35.000,337.200,105.640,5.490,
0.170,7.000,7,30,274.000,274.000,1845.290,35.000,265.300,76.530,5.150,
0.170,7.000,8,30,341.000,341.000,1603.090,35.000,261.100,100.290,5.200,
0.170,7.000,9,30,266.000,266.000,1976.690,35.000,195.500,75.390,5.380,
0.180,3.000,0,30,128.000,128.000,2144.300,15.000,104.700,29.330,5.460,
0.180,3.000,1,30,160.000,160.000,1819.860,15.000,149.100,52.270,5.170,
0.180,3.000,2,30,132.000,132.000,1738.260,15.000,101.600,37.510,5.000,
0.180,3.000,3,30,205.000,205.000,1813.300,15.000,124.400,46.990,5.140,
0.180,3.000,4,30,176.000,176.000,1777.090,15.000,127.500,38.980,5.220,
0.180,3.000,5,30,201.000,201.000,1999.070,15.000,149.700,50.340,5.560,
0.180,3.000,6,30,206.000,206.000,2000.150,15.000,170.900,42.310,5.490,
0.180,3.000,7,30,155.000,155.000,1815.400,15.000,140.700,44.820,5.100,
0.180,3.000,8,30,141.000,141.000,1529.040,15.000,131.200,36.870,4.980,
0.180,3.000,9,30,163.000,163.000,1899.360,15.000,113.800,41.950,5.240,
0.180,3.500,0,30,142.000,142.000,2151.570,17.500,116.600,32.970,5.530,
0.180,3.500,1,30,185.000,185.000,1731.260,17.500,165.400,54.520,5.110,
0.180,3.500,2,30,201.000,201.000,1790.480,17.500,133.100,41.080,5.070,
0.180,3.500,3,30,229.000,229.000,1796.420,17.500,150.200,50.000,5.190,
0.180,3.500,4,30,199.000,199.000,1771.050,17.500,143.400,50.720,5.270,
0.180,3.500,5,30,219.000,219.000,2057.330,17.500,153.600,59.390,5.560,
0.180,3.500,6,30,196.000,196.000,1872.000,17.500,185.600,55.540,5.320,
0.180,3.500,7,30,164.000,164.000,1756.710,17.500,151.800,49.200,5.010,
0.180,3.500,8,30,207.000,207.000,1522.100,17.500,196.400,43.500,4.970,
0.180,3.500,9,30,181.000,181.000,1930.700,17.500,123.100,45.690,5.250,
0.180,4.000,0,30,192.000,192.000,2168.400,20.000,123.300,38.540,5.530,
0.180,4.000,1,30,197.000,197.000,1824.050,20.000,176.700,60.660,5.190,
0.180,4.000,2,30,213.000,213.000,1791.040,20.000,201.400,52.080,5.210,
0.180,4.000,3,30,221.000,221.000,1890.620,20.000,153.700,59.990,5.490,
0.180,4.000,4,30,255.000,255.000,1828.490,20.000,193.500,59.970,5.450,
0.180,4.000,5,30,236.000,236.000,1993.860,20.000,159.400,69.230,5.610,
0.180,4.000,6,30,264.000,264.000,1935.480,20.000,212.500,63.900,5.490,
0.180,4.000,7,30,170.000,170.000,1716.970,20.000,159.200,49.700,5.190,
0.180,4.000,8,30,225.000,225.000,1557.710,20.000,214.500,51.570,5.120,
0.180,4.000,9,30,198.000,198.000,1930.700,20.000,138.300,51.270,5.280,
0.180,4.500,0,30,266.000,266.000,2166.430,22.500,190.300,43.050,5.520,
0.180,4.500,1,30,211.000,211.000,1818.100,22.500,191.400,60.520,5.200,
0.180,4.500,2,30,240.000,240.000,1766.180,22.500,231.100,59.910,5.210,
0.180,4.500,3,30,226.000,226.000,1854.640,22.500,179.600,63.280,5.480,
0.180,4.500,4,30,266.000,266.000,1789.890,22.500,202.500,62.270,5.360,
0.180,4.500,5,30,259.000,259.000,1941.030,22.500,186.100,77.170,5.540,
0.180,4.500,6,30,289.000,289.000,1965.470,22.500,230.400,72.740,5.450,
0.180,4.500,7,30,201.000,201.000,1861.430,22.500,175.200,59.930,5.200,
0.180,4.500,8,30,260.000,260.000,1529.880,22.500,225.400,63.550,5.010,
0.180,4.500,9,30,191.000,191.000,2002.010,22.500,152.100,49.520,5.260,
0.180,5.000,0,30,185.000,185.000,2126.530,25.000,154.200,45.660,5.630,
0.180,5.000,1,30,243.000,243.000,1876.220,25.000,204.500,71.640,5.430,
0.180,5.000,2,30,280.000,280.000,1806.180,25.000,272.000,71.070,5.320,
0.180,5.000,3,30,241.000,241.000,1889.600,25.000,193.300,62.910,5.530,
0.180,5.000,4,30,271.000,271.000,1848.780,25.000,205.400,67.410,5.450,
0.180,5.000,5,30,363.000,363.000,2008.910,25.000,243.800,92.000,5.660,
0.180,5.000,6,30,288.000,288.000,1965.370,25.000,277.900,75.170,5.540,
0.180,5.000,7,30,254.000,254.000,1889.750,25.000,245.100,66.870,5.310,
0.180,5.000,8,30,247.000,247.000,1529.930,25.000,236.600,59.050,5.140,
0.180,5.000,9,30,203.000,203.000,1923.750,25.000,180.600,59.860,5.370,
0.180,5.500,0,30,187.000,187.000,2005.390,27.500,163.200,51.910,5.500,
0.180,5.500,1,30,250.000,250.000,1879.870,27.500,215.000,77.270,5.390,
0.180,5.500,2,30,304.000,304.000,1740.280,27.500,295.500,70.380,5.220,
0.180,5.500,3,30,266.000,266.000,1926.370,27.500,217.000,73.680,5.580,
0.180,5.500,4,30,297.000,297.000,1872.410,27.500,231.000,80.510,5.450,
0.180,5.500,5,30,372.000,372.000,1977.460,27.500,219.700,95.520,5.550,
0.180,5.500,6,30,304.000,304.000,1939.340,27.500,293.700,85.220,5.450,
0.180,5.500,7,30,267.000,267.000,1881.480,27.500,258.500,72.130,5.250,
0.180,5.500,8,30,284.000,284.000,1478.290,27.500,247.100,77.970,5.150,
0.180,5.500,9,30,263.000,263.000,1975.330,27.500,204.900,73.570,5.550,
0.180,6.000,0,30,196.000,196.000,2120.910,30.000,166.800,54.720,5.620,
0.180,6.000,1,30,257.000,257.000,1849.450,30.000,226.300,87.370,5.470,
0.180,6.000,2,30,317.000,317.000,1740.280,30.000,308.100,72.000,5.280,
0.180,6.000,3,30,385.000,385.000,1930.660,30.000,298.900,84.360,5.560,
0.180,6.000,4,30,300.000,300.000,1846.360,30.000,218.300,83.620,5.440,
0.180,6.000,5,30,383.000,383.000,2000.290,30.000,230.400,101.280,5.610,
0.180,6.000,6,30,334.000,334.000,1961.110,30.000,323.200,87.950,5.460,
0.180,6.000,7,30,275.000,275.000,1816.860,30.000,266.200,75.680,5.100,
0.180,6.000,8,30,335.000,335.000,1533.610,30.000,255.900,97.480,5.350,
0.180,6.000,9,30,383.000,383.000,1916.830,30.000,295.600,81.270,5.560,
0.180,6.500,0,30,211.000,211.000,2069.500,32.500,169.800,60.340,5.550,
0.180,6.500,1,30,303.000,303.000,1847.720,32.500,292.500,94.290,5.440,
0.180,6.500,2,30,330.000,330.000,1767.050,32.500,321.000,82.420,5.320,
0.180,6.500,3,30,407.000,407.000,1862.250,32.500,314.400,87.910,5.440,
0.180,6.500,4,30,309.000,309.000,1894.030,32.500,231.400,84.780,5.540,
0.180,6.500,5,30,394.000,394.000,2007.400,32.500,343.100,108.990,5.650,
0.180,6.500,6,30,348.000,348.000,1971.180,32.500,337.900,90.510,5.640,
0.180,6.500,7,30,288.000,288.000,1787.720,32.500,279.800,77.590,5.200,
0.180,6.500,8,30,344.000,344.000,1542.190,32.500,263.900,106.080,5.370,
0.180,6.500,9,30,369.000,369.000,1979.340,32.500,316.100,86.130,5.580,
0.180,7.000,0,30,281.000,281.000,2131.500,35.000,228.900,66.500,5.590,
0.180,7.000,1,30,322.000,322.000,1778.270,35.000,311.900,99.020,5.410,
0.180,7.000,2,30,343.000,343.000,1720.130,35.000,331.900,100.960,5.260,
0.180,7.000,3,30,435.000,435.000,1857.300,35.000,338.700,87.750,5.440,
0.180,7.000,4,30,313.000,313.000,1835.780,35.000,294.300,90.940,5.330,
0.180,7.000,5,30,422.000,422.000,2126.570,35.000,354.000,121.680,5.920,
0.180,7.000,6,30,469.000,469.000,2012.210,35.000,354.500,106.740,5.720,
0.180,7.000,7,30,303.000,303.000,1828.220,35.000,294.500,86.560,5.350,
0.180,7.000,8,30,323.000,323.000,1531.310,35.000,276.500,106.810,5.330,
0.180,7.000,9,30,315.000,315.000,1875.460,35.000,215.100,87.420,5.450,
0.190,3.000,0,30,143.000,143.000,2144.340,15.000,113.600,32.180,5.650,
0.190,3.000,1,30,174.000,174.000,1730.470,15.000,159.600,56.960,5.330,
0.190,3.000,2,30,188.000,188.000,1738.260,15.000,114.300,44.680,5.160,
0.190,3.000,3,30,210.000,210.000,1866.940,15.000,133.100,50.350,5.360,
0.190,3.000,4,30,147.000,147.000,1777.090,15.000,135.700,39.060,5.410,
0.190,3.000,5,30,210.000,210.000,2052.880,15.000,161.200,58.040,5.660,
0.190,3.000,6,30,188.000,188.000,1834.570,15.000,177.900,58.100,5.410,
0.190,3.000,7,30,178.000,178.000,1858.210,15.000,149.700,51.610,5.230,
0.190,3.000,8,30,200.000,200.000,1615.880,15.000,189.900,44.980,5.320,
0.190,3.000,9,30,177.000,177.000,1842.990,15.000,118.900,43.870,5.350,
0.190,3.500,0,30,190.000,190.000,2169.280,17.500,124.600,40.880,5.640,
0.190,3.500,1,30,189.000,189.000,1816.620,17.500,173.800,60.270,5.320,
0.190,3.500,2,30,215.000,215.000,1790.480,17.500,193.200,49.530,5.140,
0.190,3.500,3,30,207.000,207.000,1783.040,17.500,148.500,56.330,5.310,
0.190,3.500,4,30,250.000,250.000,1812.270,17.500,188.300,56.440,5.520,
0.190,3.500,5,30,236.000,236.000,2029.670,17.500,162.900,65.700,5.700,
0.190,3.500,6,30,215.000,215.000,1872.000,17.500,204.700,60.600,5.470,
0.190,3.500,7,30,180.000,180.000,1858.210,17.500,158.600,55.460,5.220,
0.190,3.500,8,30,221.000,221.000,1526.730,17.500,210.400,51.340,5.110,
0.190,3.500,9,30,193.000,193.000,1881.140,17.500,131.200,48.940,5.360,
0.190,4.000,0,30,260.000,260.000,2168.400,20.000,190.100,44.890,5.670,
0.190,4.000,1,30,209.000,209.000,1865.150,20.000,188.200,63.430,5.330,
0.190,4.000,2,30,236.000,236.000,1772.670,20.000,228.000,59.480,5.290,
0.190,4.000,3,30,315.000,315.000,1812.550,20.000,220.300,66.120,5.400,
0.190,4.000,4,30,264.000,264.000,1788.420,20.000,200.600,68.440,5.440,
0.190,4.000,5,30,244.000,244.000,1993.860,20.000,186.200,73.300,5.650,
0.190,4.000,6,30,279.000,279.000,2022.990,20.000,224.600,68.150,5.590,
0.190,4.000,7,30,188.000,188.000,1773.510,20.000,176.000,62.200,5.210,
0.190,4.000,8,30,260.000,260.000,1517.700,20.000,223.000,65.130,5.150,
0.190,4.000,9,30,190.000,190.000,1896.820,20.000,150.000,57.200,5.350,
0.190,4.500,0,30,274.000,274.000,2166.430,22.500,198.800,48.170,5.540,
0.190,4.500,1,30,218.000,218.000,1813.930,22.500,203.000,69.750,5.360,
0.190,4.500,2,30,279.000,279.000,1724.250,22.500,270.100,63.490,5.260,
0.190,4.500,3,30,239.000,239.000,1854.640,22.500,192.100,68.000,5.580,
0.190,4.500,4,30,288.000,288.000,1856.160,22.500,204.400,76.200,5.560,
0.190,4.500,5,30,340.000,340.000,2024.350,22.500,196.600,96.360,5.810,
0.190,4.500,6,30,291.000,291.000,1972.520,22.500,273.300,78.480,5.620,
0.190,4.500,7,30,256.000,256.000,1852.340,22.500,247.200,67.750,5.330,
0.190,4.500,8,30,278.000,278.000,1534.210,22.500,235.400,66.770,5.170,
0.190,4.500,9,30,356.000,356.000,1939.110,22.500,268.200,68.520,5.450,
0.190,5.000,0,30,198.000,198.000,1973.690,25.000,165.200,53.290,5.500,
0.190,5.000,1,30,246.000,246.000,1893.090,25.000,213.700,82.470,5.560,
0.190,5.000,2,30,305.000,305.000,1825.180,25.000,297.000,79.660,5.400,
0.190,5.000,3,30,264.000,264.000,1889.600,25.000,216.100,67.210,5.600,
0.190,5.000,4,30,304.000,304.000,1914.990,25.000,207.000,80.400,5.580,
0.190,5.000,5,30,357.000,357.000,1951.900,25.000,202.800,100.970,5.670,
0.190,5.000,6,30,300.000,300.000,1972.210,25.000,289.800,85.090,5.620,
0.190,5.000,7,30,270.000,270.000,1765.330,25.000,261.500,70.530,5.260,
0.190,5.000,8,30,289.000,289.000,1556.090,25.000,247.200,78.940,5.160,
0.190,5.000,9,30,269.000,269.000,1973.390,25.000,192.300,75.430,5.610,
0.190,5.500,0,30,194.000,194.000,2005.390,27.500,169.200,57.020,5.670,
0.190,5.500,1,30,262.000,262.000,1893.090,27.500,225.600,86.270,5.550,
0.190,5.500,2,30,322.000,322.000,1740.280,27.500,313.200,75.480,5.320,
0.190,5.500,3,30,280.000,280.000,1913.040,27.500,230.800,77.660,5.670,
0.190,5.500,4,30,312.000,312.000,1854.880,27.500,221.800,84.540,5.520,
0.190,5.500,5,30,369.000,369.000,1989.830,27.500,267.800,111.830,5.720,
0.190,5.500,6,30,331.000,331.000,1939.340,27.500,320.400,89.550,5.550,
0.190,5.500,7,30,340.000,340.000,1747.970,27.500,276.100,78.120,5.270,
0.190,5.500,8,30,303.000,303.000,1497.120,27.500,256.700,94.170,5.320,
0.190,5.500,9,30,274.000,274.000,1943.230,27.500,217.200,79.650,5.560,
0.190,6.000,0,30,210.000,210.000,2005.390,30.000,188.600,60.490,5.640,
0.190,6.000,1,30,303.000,303.000,1852.590,30.000,292.900,94.440,5.520,
0.190,6.000,2,30,343.000,343.000,1767.050,30.000,326.800,86.220,5.380,
0.190,6.000,3,30,400.000,400.000,1911.650,30.000,313.700,88.440,5.600,
0.190,6.000,4,30,317.000,317.000,1937.750,30.000,283.200,91.490,5.640,
0.190,6.000,5,30,379.000,379.000,2030.940,30.000,345.000,120.340,5.750,
0.190,6.000,6,30,347.000,347.000,1964.040,30.000,336.800,91.380,5.520,
0.190,6.000,7,30,368.000,368.000,1825.120,30.000,290.500,96.230,5.400,
0.190,6.000,8,30,341.000,341.000,1533.610,30.000,266.100,103.130,5.390,
0.190,6.000,9,30,367.000,367.000,1866.790,30.000,317.800,95.540,5.520,
0.190,6.500,0,30,283.000,283.000,2069.500,32.500,232.300,69.140,5.650,
0.190,6.500,1,30,324.000,324.000,1800.210,32.500,313.400,98.780,5.490,
0.190,6.500,2,30,372.000,372.000,1767.480,32.500,363.600,98.090,5.430,
0.190,6.500,3,30,421.000,421.000,1862.250,32.500,328.400,91.290,5.560,
0.190,6.500,4,30,322.000,322.000,1851.880,32.500,295.200,90.330,5.480,
0.190,6.500,5,30,426.000,426.000,1969.760,32.500,357.900,122.360,5.590,
0.190,6.500,6,30,476.000,476.000,2083.920,32.500,354.400,110.510,5.750,
0.190,6.500,7,30,309.000,309.000,1819.440,32.500,300.900,98.820,5.380,
0.190,6.500,8,30,325.000,325.000,1526.260,32.500,280.200,108.210,5.400,
0.190,6.500,9,30,382.000,382.000,1855.130,32.500,329.300,94.060,5.580,
0.190,7.000,0,30,294.000,294.000,2076.920,35.000,242.000,72.030,5.660,
0.190,7.000,1,30,335.000,335.000,1879.430,35.000,324.700,111.660,5.620,
0.190,7.000,2,30,461.000,461.000,1720.130,35.000,450.700,116.480,5.370,
0.190,7.000,3,30,451.000,451.000,1826.080,35.000,354.600,99.060,5.530,
0.190,7.000,4,30,468.000,468.000,1846.900,35.000,366.300,106.930,5.460,
0.190,7.000,5,30,441.000,441.000,1927.250,35.000,375.500,136.600,5.760,
0.190,7.000,6,30,481.000,481.000,1993.080,35.000,371.100,121.340,5.740,
0.190,7.000,7,30,404.000,404.000,1819.440,35.000,308.500,114.930,5.440,
0.190,7.000,8,30,558.000,558.000,1549.980,35.000,454.900,136.180,5.490,
0.190,7.000,9,30,399.000,399.000,1866.790,35.000,344.100,102.900,5.490,
0.200,3.000,0,30,148.000,148.000,2144.300,15.000,118.100,35.560,5.690,
0.200,3.000,1,30,178.000,178.000,1763.870,15.000,167.500,59.050,5.400,
0.200,3.000,2,30,199.000,199.000,1738.260,15.000,132.900,49.280,5.250,
0.200,3.000,3,30,213.000,213.000,1847.000,15.000,144.000,56.360,5.310,
0.200,3.000,4,30,227.000,227.000,1738.650,15.000,166.500,49.700,5.380,
0.200,3.000,5,30,234.000,234.000,2147.140,15.000,170.400,66.930,5.930,
0.200,3.000,6,30,200.000,200.000,1988.670,15.000,189.200,60.490,5.690,
0.200,3.000,7,30,178.000,178.000,1872.380,15.000,156.400,54.030,5.380,
0.200,3.000,8,30,209.000,209.000,1533.250,15.000,198.200,50.750,5.270,
0.200,3.000,9,30,193.000,193.000,1857.010,15.000,125.000,47.520,5.480,
0.200,3.500,0,30,196.000,196.000,2184.150,17.500,140.200,44.770,5.840,
0.200,3.500,1,30,200.000,200.000,1770.610,17.500,181.500,63.550,5.410,
0.200,3.500,2,30,227.000,227.000,1742.070,17.500,215.000,59.640,5.340,
0.200,3.500,3,30,218.000,218.000,1773.780,17.500,172.000,60.480,5.680,
0.200,3.500,4,30,206.000,206.000,1800.800,17.500,159.100,57.470,6.010,
0.200,3.500,5,30,243.000,243.000,2041.660,17.500,184.000,76.820,6.300,
0.200,3.500,6,30,273.000,273.000,1912.830,17.500,218.700,71.180,6.080,
0.200,3.500,7,30,195.000,195.000,1810.660,17.500,175.400,62.270,5.750,
0.200,3.500,8,30,255.000,255.000,1526.500,17.500,218.700,62.310,5.710,
0.200,3.500,9,30,233.000,233.000,1897.210,17.500,150.600,57.780,6.030,
0.200,4.000,0,30,268.000,268.000,2168.400,20.000,198.500,48.050,6.260,
0.200,4.000,1,30,243.000,243.000,1913.590,20.000,199.900,77.400,5.940,
0.200,4.000,2,30,247.000,247.000,1772.670,20.000,238.800,68.970,5.940,
0.200,4.000,3,30,338.000,338.000,1836.130,20.000,239.000,75.590,5.830,
0.200,4.000,4,30,296.000,296.000,1829.720,20.000,205.900,71.530,5.790,
0.200,4.000,5,30,340.000,340.000,1991.630,20.000,196.500,98.200,6.060,
0.200,4.000,6,30,251.000,251.000,1902.850,20.000,237.700,76.640,5.800,
0.200,4.000,7,30,256.000,256.000,1788.210,20.000,247.200,68.280,5.530,
0.200,4.000,8,30,275.000,275.000,1548.880,20.000,232.500,70.480,5.540,
0.200,4.000,9,30,206.000,206.000,1938.060,20.000,181.400,62.740,5.760,
0.200,4.500,0,30,282.000,282.000,2166.430,22.500,206.300,51.600,5.920,
0.200,4.500,1,30,225.000,225.000,1852.030,22.500,210.700,73.250,5.500,
0.200,4.500,2,30,303.000,303.000,1700.640,22.500,294.900,72.210,5.340,
0.200,4.500,3,30,381.000,381.000,1854.640,22.500,275.800,80.240,5.670,
0.200,4.500,4,30,310.000,310.000,1844.810,22.500,201.000,74.020,5.670,
0.200,4.500,5,30,353.000,353.000,1909.830,22.500,204.100,103.300,5.700,
0.200,4.500,6,30,294.000,294.000,1993.740,22.500,283.400,83.010,5.700,
0.200,4.500,7,30,272.000,272.000,1806.180,22.500,263.100,71.930,5.440,
0.200,4.500,8,30,291.000,291.000,1559.250,22.500,246.000,74.450,5.240,
0.200,4.500,9,30,272.000,272.000,1840.920,22.500,195.900,72.660,5.330,
0.200,5.000,0,30,203.000,203.000,1973.690,25.000,175.900,56.570,5.600,
0.200,5.000,1,30,259.000,259.000,1893.090,25.000,222.700,89.860,5.640,
0.200,5.000,2,30,329.000,329.000,1847.290,25.000,314.100,91.250,5.520,
0.200,5.000,3,30,278.000,278.000,1889.610,25.000,230.400,71.690,5.660,
0.200,5.000,4,30,391.000,391.000,1908.620,25.000,285.300,84.930,5.670,
0.200,5.000,5,30,410.000,410.000,1984.300,25.000,256.500,108.500,5.780,
0.200,5.000,6,30,315.000,315.000,1993.430,25.000,304.200,91.870,5.710,
0.200,5.000,7,30,363.000,363.000,1725.700,25.000,279.400,85.200,5.370,
0.200,5.000,8,30,307.000,307.000,1566.760,25.000,256.500,92.650,5.370,
0.200,5.000,9,30,279.000,279.000,1826.010,25.000,218.200,82.050,5.520,
0.200,5.500,0,30,215.000,215.000,2005.390,27.500,191.800,58.930,5.730,
0.200,5.500,1,30,302.000,302.000,1800.210,27.500,291.700,97.560,5.470,
0.200,5.500,2,30,344.000,344.000,1775.410,27.500,329.500,91.330,5.480,
0.200,5.500,3,30,300.000,300.000,1913.040,27.500,250.100,82.130,5.760,
0.200,5.500,4,30,428.000,428.000,1918.410,27.500,320.800,103.440,5.730,
0.200,5.500,5,30,383.000,383.000,1954.660,27.500,345.000,124.610,5.710,
0.200,5.500,6,30,343.000,343.000,1935.130,27.500,333.000,93.120,5.630,
0.200,5.500,7,30,374.000,374.000,1825.120,27.500,294.800,93.920,5.450,
0.200,5.500,8,30,354.000,354.000,1567.760,27.500,270.600,114.590,5.530,
0.200,5.500,9,30,369.000,369.000,1973.000,27.500,321.500,90.440,5.720,
0.200,6.000,0,30,283.000,283.000,2027.060,30.000,235.100,70.430,5.770,
0.200,6.000,1,30,324.000,324.000,1841.780,30.000,313.400,102.540,5.610,
0.200,6.000,2,30,375.000,375.000,1758.400,30.000,366.400,97.590,5.480,
0.200,6.000,3,30,414.000,414.000,1849.550,30.000,327.100,101.930,5.680,
0.200,6.000,4,30,449.000,449.000,1892.680,30.000,340.500,101.760,5.660,
0.200,6.000,5,30,457.000,457.000,2028.510,30.000,359.600,142.890,5.860,
0.200,6.000,6,30,362.000,362.000,2082.880,30.000,351.900,86.110,5.760,
0.200,6.000,7,30,388.000,388.000,1817.240,30.000,305.500,105.500,5.430,
0.200,6.000,8,30,328.000,328.000,1561.370,30.000,282.300,111.430,5.520,
0.200,6.000,9,30,380.000,380.000,1855.130,30.000,331.000,103.330,5.570,
0.200,6.500,0,30,295.000,295.000,2069.500,32.500,244.900,71.270,5.730,
0.200,6.500,1,30,336.000,336.000,1803.460,32.500,325.600,108.610,5.560,
0.200,6.500,2,30,460.000,460.000,1688.220,32.500,449.800,112.740,5.440,
0.200,6.500,3,30,441.000,441.000,1885.840,32.500,348.200,104.970,5.740,
0.200,6.500,4,30,465.000,465.000,1886.350,32.500,356.000,106.440,5.620,
0.200,6.500,5,30,480.000,480.000,1991.020,32.500,380.500,151.720,5.840,
0.200,6.500,6,30,491.000,491.000,1937.380,32.500,369.500,114.170,5.620,
0.200,6.500,7,30,409.000,409.000,1849.840,32.500,313.300,121.470,5.570,
0.200,6.500,8,30,585.000,585.000,1562.330,32.500,456.500,139.060,5.620,
0.200,6.500,9,30,402.000,402.000,1855.130,32.500,349.600,106.540,5.680,
0.200,7.000,0,30,322.000,322.000,2159.130,35.000,269.900,78.550,5.810,
0.200,7.000,1,30,401.000,401.000,1847.530,35.000,348.000,134.770,5.720,
0.200,7.000,2,30,534.000,534.000,1763.640,35.000,525.600,125.660,5.550,
0.200,7.000,3,30,486.000,486.000,1798.490,35.000,388.900,125.290,5.530,
0.200,7.000,4,30,502.000,502.000,1820.400,35.000,369.800,127.730,5.550,
0.200,7.000,5,30,501.000,501.000,1991.020,35.000,394.700,155.570,5.110,
0.200,7.000,6,30,508.000,508.000,2048.990,35.000,404.700,132.270,4.480,
0.200,7.000,7,30,439.000,439.000,1849.840,35.000,323.400,117.830,4.160,
0.200,7.000,8,30,512.000,512.000,1590.230,35.000,501.400,134.150,4.090,
0.200,7.000,9,30,427.000,427.000,1855.130,35.000,372.700,108.630,4.080,
