I_U,T_INT,seed,nodes_completed,sim_duration_s,total_survey_time_s,fleet_distance_m,conv_time_min_s,conv_time_max_s,conv_time_mean_s,wall_time_s,error
0.050,3.000,0,30,89.000,89.000,2176.440,15.000,50.100,20.400,10.280,
0.050,3.000,1,30,101.000,101.000,1883.990,15.000,67.500,26.890,9.630,
0.050,3.000,2,30,92.000,92.000,1883.960,15.000,42.600,22.840,9.290,
0.050,3.000,3,30,94.000,94.000,1891.720,15.000,44.800,23.640,9.410,
0.050,3.000,4,30,120.000,120.000,1830.120,15.000,68.100,23.920,9.290,
0.050,3.000,5,30,99.000,99.000,2043.410,15.000,60.800,25.560,9.850,
0.050,3.000,6,30,80.000,80.000,2014.210,15.000,46.600,22.490,9.730,
0.050,3.000,7,30,99.000,99.000,1861.850,15.000,69.300,23.930,9.010,
0.050,3.000,8,30,109.000,109.000,1669.580,15.000,53.500,22.850,9.210,
0.050,3.000,9,30,89.000,89.000,1924.600,15.000,38.900,22.700,9.410,
0.050,3.500,0,30,92.000,92.000,2177.320,17.500,53.700,22.280,9.290,
0.050,3.500,1,30,107.000,107.000,1881.550,17.500,70.800,30.280,8.600,
0.050,3.500,2,30,91.000,91.000,1940.520,17.500,53.200,23.420,8.900,
0.050,3.500,3,30,106.000,106.000,1936.050,17.500,51.700,29.170,9.150,
0.050,3.500,4,30,130.000,130.000,1858.430,17.500,73.000,25.880,8.600,
0.050,3.500,5,30,101.000,101.000,2102.110,17.500,65.600,29.380,9.410,
0.050,3.500,6,30,129.000,129.000,1956.870,17.500,93.000,29.660,9.030,
0.050,3.500,7,30,106.000,106.000,1823.890,17.500,76.700,29.120,8.240,
0.050,3.500,8,30,113.000,113.000,1666.280,17.500,57.900,25.280,8.240,
0.050,3.500,9,30,108.000,108.000,2003.540,17.500,48.700,26.340,9.060,
0.050,4.000,0,30,117.000,117.000,2183.060,20.000,59.600,27.780,9.220,
0.050,4.000,1,30,122.000,122.000,1873.190,20.000,83.100,33.160,8.930,
0.050,4.000,2,30,118.000,118.000,1960.630,20.000,65.800,27.010,8.670,
0.050,4.000,3,30,117.000,117.000,1924.140,20.000,61.400,31.580,9.100,
0.050,4.000,4,30,136.000,136.000,1830.120,20.000,79.000,32.940,8.740,
0.050,4.000,5,30,112.000,112.000,2089.000,20.000,71.000,33.630,9.300,
0.050,4.000,6,30,148.000,148.000,1977.370,20.000,81.900,32.640,9.230,
0.050,4.000,7,30,120.000,120.000,1854.590,20.000,86.800,30.730,8.970,
0.050,4.000,8,30,120.000,120.000,1712.010,20.000,60.300,28.310,8.460,
0.050,4.000,9,30,106.000,106.000,1970.800,20.000,51.500,29.170,9.120,
0.050,4.500,0,30,127.000,127.000,2156.890,22.500,64.100,29.850,9.290,
0.050,4.500,1,30,129.000,129.000,1865.200,22.500,87.500,35.590,9.190,
0.050,4.500,2,30,116.000,116.000,1953.500,22.500,59.400,29.100,9.180,
0.050,4.500,3,30,120.000,120.000,1888.380,22.500,67.300,36.790,9.210,
0.050,4.500,4,30,139.000,139.000,1833.260,22.500,79.700,35.060,8.950,
0.050,4.500,5,30,142.000,142.000,2086.320,22.500,74.800,41.950,9.520,
0.050,4.500,6,30,151.000,151.000,2000.750,22.500,87.200,37.950,9.290,
0.050,4.500,7,30,124.000,124.000,1934.030,22.500,91.900,35.400,8.820,
0.050,4.500,8,30,120.000,120.000,1688.570,22.500,62.000,29.350,8.730,
0.050,4.500,9,30,130.000,130.000,1989.790,22.500,76.200,31.150,9.640,
0.050,5.000,0,30,138.000,138.000,2177.790,25.000,70.400,33.950,9.440,
0.050,5.000,1,30,130.000,130.000,1857.580,25.000,87.000,40.040,9.220,
0.050,5.000,2,30,114.000,114.000,1932.940,25.000,60.600,33.830,9.000,
0.050,5.000,3,30,124.000,124.000,1888.380,25.000,72.800,39.460,9.380,
0.050,5.000,4,30,142.000,142.000,1833.260,25.000,82.400,37.280,9.070,
0.050,5.000,5,30,159.000,159.000,2086.320,25.000,81.000,45.820,9.580,
0.050,5.000,6,30,163.000,163.000,1932.660,25.000,92.200,42.460,9.530,
0.050,5.000,7,30,135.000,135.000,1914.550,25.000,95.900,39.910,8.840,
0.050,5.000,8,30,120.000,120.000,1696.280,25.000,57.300,32.520,8.660,
0.050,5.000,9,30,131.000,131.000,1987.440,25.000,77.200,35.250,9.270,
0.050,5.500,0,30,142.000,142.000,2191.530,27.500,70.800,37.250,9.160,
0.050,5.500,1,30,183.000,183.000,1860.990,27.500,102.200,45.890,8.600,
0.050,5.500,2,30,130.000,130.000,1850.320,27.500,75.200,36.700,8.410,
0.050,5.500,3,30,136.000,136.000,1888.490,27.500,84.500,42.270,8.900,
0.050,5.500,4,30,149.000,149.000,1851.460,27.500,88.800,41.630,8.740,
0.050,5.500,5,30,162.000,162.000,2086.320,27.500,88.200,46.440,9.430,
0.050,5.500,6,30,187.000,187.000,1984.610,27.500,113.700,44.820,9.290,
0.050,5.500,7,30,134.000,134.000,1839.050,27.500,100.300,44.340,8.590,
0.050,5.500,8,30,122.000,122.000,1719.200,27.500,93.400,36.660,8.970,
0.050,5.500,9,30,117.000,117.000,1987.430,27.500,60.900,35.510,9.080,
0.050,6.000,0,30,151.000,151.000,2139.060,30.000,74.100,39.390,9.050,
0.050,6.000,1,30,202.000,202.000,1879.990,30.000,111.000,49.520,8.880,
0.050,6.000,2,30,140.000,140.000,1904.210,30.000,77.800,41.200,8.820,
0.050,6.000,3,30,165.000,165.000,1917.560,30.000,112.100,48.020,9.350,
0.050,6.000,4,30,158.000,158.000,1860.450,30.000,95.500,45.280,8.460,
0.050,6.000,5,30,156.000,156.000,2099.160,30.000,100.100,49.720,9.160,
0.050,6.000,6,30,147.000,147.000,2019.910,30.000,100.700,45.640,9.200,
0.050,6.000,7,30,130.000,130.000,1838.910,30.000,105.400,46.190,8.640,
0.050,6.000,8,30,141.000,141.000,1594.840,30.000,100.300,44.460,8.760,
0.050,6.000,9,30,151.000,151.000,1982.790,30.000,79.400,43.460,9.270,
0.050,6.500,0,30,148.000,148.000,2142.840,32.500,79.200,41.820,9.530,
0.050,6.500,1,30,213.000,213.000,1886.130,32.500,119.400,52.770,9.030,
0.050,6.500,2,30,148.000,148.000,1911.860,32.500,77.700,43.420,8.840,
0.050,6.500,3,30,207.000,207.000,1915.070,32.500,122.500,54.520,9.280,
0.050,6.500,4,30,159.000,159.000,1876.710,32.500,93.200,47.410,8.580,
0.050,6.500,5,30,215.000,215.000,2081.540,32.500,110.300,54.780,9.140,
0.050,6.500,6,30,171.000,171.000,2013.020,32.500,104.700,50.480,9.510,
0.050,6.500,7,30,134.000,134.000,1838.910,32.500,109.400,48.910,8.490,
0.050,6.500,8,30,159.000,159.000,1621.750,32.500,105.700,50.340,8.570,
0.050,6.500,9,30,156.000,156.000,2054.340,32.500,85.900,49.490,9.610,
0.050,7.000,0,30,145.000,145.000,2098.020,35.000,85.700,44.340,11.740,
0.050,7.000,1,30,221.000,221.000,1880.100,35.000,128.900,54.860,11.750,
0.050,7.000,2,30,157.000,157.000,1911.860,35.000,82.200,46.580,11.370,
0.050,7.000,3,30,196.000,196.000,1899.460,35.000,127.300,56.570,12.410,
0.050,7.000,4,30,174.000,174.000,1872.250,35.000,106.300,53.890,11.420,
0.050,7.000,5,30,171.000,171.000,2148.490,35.000,110.500,55.480,12.690,
0.050,7.000,6,30,163.000,163.000,2060.430,35.000,137.200,55.390,12.560,
0.050,7.000,7,30,174.000,174.000,1871.540,35.000,113.600,51.510,11.670,
0.050,7.000,8,30,168.000,168.000,1611.190,35.000,110.300,52.160,11.610,
0.050,7.000,9,30,166.000,166.000,1981.180,35.000,92.200,52.850,14.100,
0.060,3.000,0,30,89.000,89.000,2176.440,15.000,53.100,20.660,12.050,
0.060,3.000,1,30,112.000,112.000,1868.510,15.000,78.100,29.040,11.390,
0.060,3.000,2,30,92.000,92.000,1883.960,15.000,42.600,22.930,11.640,
0.060,3.000,3,30,97.000,97.000,1909.950,15.000,53.000,25.200,11.530,
0.060,3.000,4,30,129.000,129.000,1830.120,15.000,77.800,24.820,11.340,
0.060,3.000,5,30,112.000,112.000,2043.410,15.000,74.000,26.630,11.950,
0.060,3.000,6,30,132.000,132.000,2014.210,15.000,98.300,24.220,11.650,
0.060,3.000,7,30,102.000,102.000,1853.960,15.000,87.900,24.780,10.840,
0.060,3.000,8,30,112.000,112.000,1669.580,15.000,56.200,23.030,10.940,
0.060,3.000,9,30,89.000,89.000,1924.600,15.000,38.900,22.700,9.760,
0.060,3.500,0,30,97.000,97.000,2177.320,17.500,58.700,22.480,9.260,
0.060,3.500,1,30,128.000,128.000,1881.550,17.500,88.700,31.870,8.670,
0.060,3.500,2,30,114.000,114.000,1940.520,17.500,65.300,24.330,8.700,
0.060,3.500,3,30,119.000,119.000,1936.050,17.500,58.100,29.850,8.660,
0.060,3.500,4,30,140.000,140.000,1858.430,17.500,83.000,26.230,8.480,
0.060,3.500,5,30,115.000,115.000,2102.110,17.500,75.100,30.380,9.330,
0.060,3.500,6,30,151.000,151.000,1956.870,17.500,114.200,30.950,9.070,
0.060,3.500,7,30,118.000,118.000,1823.890,17.500,94.400,30.220,8.860,
0.060,3.500,8,30,114.000,114.000,1666.280,17.500,58.400,25.330,8.380,
0.060,3.500,9,30,108.000,108.000,2003.540,17.500,48.700,26.340,8.870,
0.060,4.000,0,30,117.000,117.000,2183.060,20.000,64.000,27.470,10.230,
0.060,4.000,1,30,134.000,134.000,1872.670,20.000,92.700,35.000,9.760,
0.060,4.000,2,30,126.000,126.000,1960.630,20.000,73.200,27.280,9.610,
0.060,4.000,3,30,117.000,117.000,1881.570,20.000,71.800,31.750,9.560,
0.060,4.000,4,30,151.000,151.000,1830.120,20.000,93.900,33.790,9.590,
0.060,4.000,5,30,121.000,121.000,2089.000,20.000,80.600,34.390,11.190,
0.060,4.000,6,30,163.000,163.000,1977.370,20.000,96.800,33.830,10.280,
0.060,4.000,7,30,122.000,122.000,1854.590,20.000,99.500,31.400,9.320,
0.060,4.000,8,30,120.000,120.000,1712.010,20.000,60.300,28.330,9.510,
0.060,4.000,9,30,106.000,106.000,1970.800,20.000,53.100,29.230,10.710,
0.060,4.500,0,30,127.000,127.000,2156.890,22.500,67.100,30.170,13.190,
0.060,4.500,1,30,142.000,142.000,1865.200,22.500,100.800,37.000,12.480,
0.060,4.500,2,30,116.000,116.000,1953.500,22.500,59.400,29.100,12.310,
0.060,4.500,3,30,134.000,134.000,1888.380,22.500,84.300,37.390,12.850,
0.060,4.500,4,30,153.000,153.000,1833.260,22.500,93.800,35.600,12.330,
0.060,4.500,5,30,170.000,170.000,2021.810,22.500,94.900,44.290,13.050,
0.060,4.500,6,30,163.000,163.000,2000.750,22.500,99.800,38.830,12.960,
0.060,4.500,7,30,125.000,125.000,1936.040,22.500,104.800,36.060,12.400,
0.060,4.500,8,30,120.000,120.000,1688.570,22.500,62.000,29.370,12.030,
0.060,4.500,9,30,136.000,136.000,1989.790,22.500,82.300,32.220,13.460,
0.060,5.000,0,30,138.000,138.000,2177.790,25.000,70.700,34.190,13.520,
0.060,5.000,1,30,138.000,138.000,1857.580,25.000,99.800,41.260,13.050,
0.060,5.000,2,30,138.000,138.000,1930.310,25.000,61.500,34.600,12.760,
0.060,5.000,3,30,140.000,140.000,1888.490,25.000,88.700,41.310,12.910,
0.060,5.000,4,30,154.000,154.000,1833.260,25.000,94.300,37.670,12.520,
0.060,5.000,5,30,174.000,174.000,2061.090,25.000,95.900,47.390,13.390,
0.060,5.000,6,30,189.000,189.000,1932.660,25.000,118.800,43.440,12.670,
0.060,5.000,7,30,135.000,135.000,1916.560,25.000,109.100,41.280,12.600,
0.060,5.000,8,30,120.000,120.000,1696.280,25.000,57.300,32.570,12.440,
0.060,5.000,9,30,136.000,136.000,1987.430,25.000,82.300,35.510,13.110,
0.060,5.500,0,30,142.000,142.000,2191.530,27.500,71.800,37.320,13.990,
0.060,5.500,1,30,209.000,209.000,1875.110,27.500,120.300,46.730,13.350,
0.060,5.500,2,30,132.000,132.000,1853.690,27.500,77.200,36.650,12.450,
0.060,5.500,3,30,150.000,150.000,1888.490,27.500,99.000,42.980,13.350,
0.060,5.500,4,30,175.000,175.000,1876.440,27.500,114.100,42.200,13.110,
0.060,5.500,5,30,177.000,177.000,2086.320,27.500,105.200,48.030,14.170,
0.060,5.500,6,30,210.000,210.000,1984.610,27.500,136.400,45.900,13.580,
0.060,5.500,7,30,134.000,134.000,1812.540,27.500,114.400,45.490,12.420,
0.060,5.500,8,30,122.000,122.000,1719.200,27.500,104.300,37.050,13.170,
0.060,5.500,9,30,117.000,117.000,1987.370,27.500,60.900,35.520,13.570,
0.060,6.000,0,30,151.000,151.000,2100.600,30.000,74.100,40.440,12.750,
0.060,6.000,1,30,226.000,226.000,1879.990,30.000,134.500,51.450,12.550,
0.060,6.000,2,30,140.000,140.000,1959.420,30.000,77.800,40.860,12.530,
0.060,6.000,3,30,187.000,187.000,1917.560,30.000,134.300,49.280,13.010,
0.060,6.000,4,30,182.000,182.000,1860.450,30.000,119.700,46.490,12.640,
0.060,6.000,5,30,155.000,155.000,2114.010,30.000,115.300,52.080,13.190,
0.060,6.000,6,30,159.000,159.000,2032.330,30.000,148.600,48.040,13.130,
0.060,6.000,7,30,130.000,130.000,1838.910,30.000,120.800,46.730,12.270,
0.060,6.000,8,30,152.000,152.000,1591.000,30.000,117.300,45.540,12.320,
0.060,6.000,9,30,151.000,151.000,1982.790,30.000,88.700,43.770,12.820,
0.060,6.500,0,30,148.000,148.000,2142.840,32.500,79.200,41.960,13.870,
0.060,6.500,1,30,230.000,230.000,1886.130,32.500,136.500,54.720,12.950,
0.060,6.500,2,30,146.000,146.000,1915.600,32.500,77.700,43.430,12.900,
0.060,6.500,3,30,229.000,229.000,1915.070,32.500,136.800,56.030,13.540,
0.060,6.500,4,30,181.000,181.000,1876.710,32.500,115.300,48.150,13.050,
0.060,6.500,5,30,226.000,226.000,2081.540,32.500,121.700,56.200,13.560,
0.060,6.500,6,30,171.000,171.000,2013.020,32.500,153.400,53.360,13.650,
0.060,6.500,7,30,134.000,134.000,1838.910,32.500,124.000,49.480,12.630,
0.060,6.500,8,30,160.000,160.000,1621.750,32.500,131.700,51.500,12.640,
0.060,6.500,9,30,156.000,156.000,2054.340,32.500,118.300,50.730,14.290,
0.060,7.000,0,30,145.000,145.000,2098.020,35.000,90.900,44.520,13.750,
0.060,7.000,1,30,237.000,237.000,1880.100,35.000,144.200,56.740,13.150,
0.060,7.000,2,30,157.000,157.000,1915.600,35.000,82.200,46.630,13.030,
0.060,7.000,3,30,197.000,197.000,1899.460,35.000,141.200,57.940,13.350,
0.060,7.000,4,30,186.000,186.000,1872.250,35.000,118.300,55.000,12.880,
0.060,7.000,5,30,171.000,171.000,2148.490,35.000,121.600,56.650,14.440,
0.060,7.000,6,30,178.000,178.000,2060.430,35.000,167.200,56.620,13.660,
0.060,7.000,7,30,182.000,182.000,1873.550,35.000,128.600,52.340,12.800,
0.060,7.000,8,30,168.000,168.000,1611.190,35.000,136.700,53.570,12.570,
0.060,7.000,9,30,166.000,166.000,1981.180,35.000,121.400,53.930,13.550,
0.070,3.000,0,30,104.000,104.000,2212.510,15.000,68.900,22.000,13.920,
0.070,3.000,1,30,126.000,126.000,1829.950,15.000,92.300,32.740,12.970,
0.070,3.000,2,30,114.000,114.000,1870.620,15.000,68.800,25.650,12.940,
0.070,3.000,3,30,115.000,115.000,1909.950,15.000,75.600,28.930,13.170,
0.070,3.000,4,30,141.000,141.000,1826.180,15.000,87.400,26.790,12.820,
0.070,3.000,5,30,122.000,122.000,2074.900,15.000,85.700,29.470,13.960,
0.070,3.000,6,30,152.000,152.000,1936.230,15.000,118.800,30.170,13.150,
0.070,3.000,7,30,107.000,107.000,1790.740,15.000,98.700,26.550,12.200,
0.070,3.000,8,30,120.000,120.000,1669.580,15.000,62.700,24.080,12.700,
0.070,3.000,9,30,124.000,124.000,1925.600,15.000,73.300,24.700,13.130,
0.070,3.500,0,30,109.000,109.000,2070.240,17.500,70.800,24.550,13.090,
0.070,3.500,1,30,139.000,139.000,1849.080,17.500,99.900,35.070,12.890,
0.070,3.500,2,30,124.000,124.000,1872.980,17.500,75.400,25.550,12.590,
0.070,3.500,3,30,117.000,117.000,1919.220,17.500,80.400,32.540,12.840,
0.070,3.500,4,30,153.000,153.000,1824.550,17.500,97.100,28.930,12.440,
0.070,3.500,5,30,124.000,124.000,2127.010,17.500,91.100,35.060,13.540,
0.070,3.500,6,30,164.000,164.000,1940.900,17.500,127.400,35.780,12.780,
0.070,3.500,7,30,132.000,132.000,1819.480,17.500,106.000,32.570,12.400,
0.070,3.500,8,30,122.000,122.000,1608.610,17.500,94.100,28.900,12.710,
0.070,3.500,9,30,134.000,134.000,1994.420,17.500,82.200,29.860,13.110,
0.070,4.000,0,30,125.000,125.000,2168.400,20.000,72.200,29.520,13.370,
0.070,4.000,1,30,150.000,150.000,1841.320,20.000,108.400,37.740,12.420,
0.070,4.000,2,30,200.000,200.000,1966.080,20.000,147.800,30.350,12.570,
0.070,4.000,3,30,137.000,137.000,1921.410,20.000,95.300,34.250,13.180,
0.070,4.000,4,30,167.000,167.000,1766.980,20.000,110.000,34.310,12.990,
0.070,4.000,5,30,132.000,132.000,2089.000,20.000,103.600,39.590,13.500,
0.070,4.000,6,30,151.000,151.000,1972.250,20.000,140.200,42.300,13.390,
0.070,4.000,7,30,146.000,146.000,1823.890,20.000,113.400,34.010,12.230,
0.070,4.000,8,30,122.000,122.000,1614.410,20.000,100.700,32.730,12.310,
0.070,4.000,9,30,140.000,140.000,1965.450,20.000,88.800,32.430,13.350,
0.070,4.500,0,30,131.000,131.000,2168.540,22.500,75.600,29.980,13.590,
0.070,4.500,1,30,142.000,142.000,1870.940,22.500,110.500,39.290,13.300,
0.070,4.500,2,30,123.000,123.000,1956.800,22.500,68.900,29.730,12.840,
0.070,4.500,3,30,173.000,173.000,1919.400,22.500,131.600,43.990,13.580,
0.070,4.500,4,30,170.000,170.000,1770.130,22.500,112.200,39.300,12.730,
0.070,4.500,5,30,186.000,186.000,2051.050,22.500,115.700,49.890,13.810,
0.070,4.500,6,30,159.000,159.000,1971.170,22.500,148.200,45.200,13.080,
0.070,4.500,7,30,177.000,177.000,1936.040,22.500,122.800,41.120,12.810,
0.070,4.500,8,30,129.000,129.000,1642.400,22.500,114.800,33.690,12.530,
0.070,4.500,9,30,146.000,146.000,1989.430,22.500,93.600,33.160,13.420,
0.070,5.000,0,30,118.000,118.000,2200.710,25.000,90.400,34.850,13.830,
0.070,5.000,1,30,139.000,139.000,1851.290,25.000,127.800,43.640,12.930,
0.070,5.000,2,30,152.000,152.000,1930.310,25.000,75.700,35.640,12.720,
0.070,5.000,3,30,159.000,159.000,1888.490,25.000,107.900,43.610,13.150,
0.070,5.000,4,30,181.000,181.000,1858.240,25.000,122.100,40.310,12.960,
0.070,5.000,5,30,195.000,195.000,2099.350,25.000,120.700,52.850,14.030,
0.070,5.000,6,30,210.000,210.000,1911.290,25.000,164.600,51.100,13.010,
0.070,5.000,7,30,163.000,163.000,1908.680,25.000,130.000,44.350,12.760,
0.070,5.000,8,30,141.000,141.000,1622.470,25.000,131.400,37.660,12.150,
0.070,5.000,9,30,147.000,147.000,1987.370,25.000,94.000,37.530,13.270,
0.070,5.500,0,30,130.000,130.000,2161.320,27.500,112.400,38.860,13.500,
0.070,5.500,1,30,152.000,152.000,1876.680,27.500,133.700,48.190,12.980,
0.070,5.500,2,30,147.000,147.000,1853.690,27.500,93.000,38.040,12.360,
0.070,5.500,3,30,164.000,164.000,1888.490,27.500,112.400,44.620,13.150,
0.070,5.500,4,30,197.000,197.000,1876.440,27.500,132.300,44.350,12.870,
0.070,5.500,5,30,218.000,218.000,2089.630,27.500,134.200,58.020,13.570,
0.070,5.500,6,30,243.000,243.000,1875.110,27.500,173.200,53.220,13.080,
0.070,5.500,7,30,165.000,165.000,1817.330,27.500,134.100,48.940,12.040,
0.070,5.500,8,30,208.000,208.000,1626.870,27.500,197.400,43.130,12.300,
0.070,5.500,9,30,136.000,136.000,1987.520,27.500,89.500,37.530,13.270,
0.070,6.000,0,30,147.000,147.000,2139.110,30.000,116.000,41.910,13.630,
0.070,6.000,1,30,154.000,154.000,1860.540,30.000,144.000,51.060,12.590,
0.070,6.000,2,30,184.000,184.000,1862.590,30.000,97.900,44.290,12.540,
0.070,6.000,3,30,204.000,204.000,1917.860,30.000,148.900,52.480,13.370,
0.070,6.000,4,30,201.000,201.000,1866.460,30.000,134.200,50.000,12.910,
0.070,6.000,5,30,189.000,189.000,2171.980,30.000,138.600,58.730,14.190,
0.070,6.000,6,30,255.000,255.000,1945.780,30.000,180.400,55.890,13.050,
0.070,6.000,7,30,165.000,165.000,1847.070,30.000,138.700,48.620,12.600,
0.070,6.000,8,30,220.000,220.000,1598.690,30.000,209.500,51.360,12.560,
0.070,6.000,9,30,158.000,158.000,1944.460,30.000,129.100,46.850,13.200,
0.070,6.500,0,30,137.000,137.000,2143.090,32.500,118.900,43.450,13.520,
0.070,6.500,1,30,173.000,173.000,1854.690,32.500,158.300,55.570,12.370,
0.070,6.500,2,30,191.000,191.000,1818.770,32.500,99.000,46.480,12.430,
0.070,6.500,3,30,313.000,313.000,1915.070,32.500,220.100,65.560,13.210,
0.070,6.500,4,30,187.000,187.000,1900.020,32.500,127.100,54.060,12.840,
0.070,6.500,5,30,271.000,271.000,2069.140,32.500,167.000,66.890,13.220,
0.070,6.500,6,30,259.000,259.000,1955.750,32.500,189.900,59.880,13.250,
0.070,6.500,7,30,193.000,193.000,1853.190,32.500,142.600,53.190,12.380,
0.070,6.500,8,30,228.000,228.000,1616.830,32.500,217.400,56.860,12.700,
0.070,6.500,9,30,174.000,174.000,2054.340,32.500,133.800,53.030,13.000,
0.070,7.000,0,30,146.000,146.000,2098.020,35.000,121.700,45.890,13.420,
0.070,7.000,1,30,177.000,177.000,1854.690,35.000,163.200,57.430,12.850,
0.070,7.000,2,30,150.000,150.000,1825.440,35.000,90.800,47.220,12.580,
0.070,7.000,3,30,245.000,245.000,1873.040,35.000,191.800,64.520,13.430,
0.070,7.000,4,30,222.000,222.000,1872.250,35.000,137.300,55.410,12.680,
0.070,7.000,5,30,197.000,197.000,2080.950,35.000,157.400,64.790,13.330,
0.070,7.000,6,30,232.000,232.000,2022.660,35.000,221.200,61.890,13.200,
0.070,7.000,7,30,199.000,199.000,1853.190,35.000,145.700,56.350,12.140,
0.070,7.000,8,30,234.000,234.000,1596.220,35.000,224.000,58.980,12.210,
0.070,7.000,9,30,175.000,175.000,1981.180,35.000,141.000,56.250,13.290,
0.080,3.000,0,30,117.000,117.000,2182.980,15.000,81.900,25.680,13.900,
0.080,3.000,1,30,140.000,140.000,1865.980,15.000,102.100,37.040,12.140,
0.080,3.000,2,30,149.000,149.000,1875.090,15.000,95.500,29.710,12.450,
0.080,3.000,3,30,137.000,137.000,1846.900,15.000,97.800,33.120,12.900,
0.080,3.000,4,30,166.000,166.000,1807.300,15.000,105.400,30.310,12.530,
0.080,3.000,5,30,155.000,155.000,2127.250,15.000,119.700,36.300,13.920,
0.080,3.000,6,30,166.000,166.000,1936.230,15.000,131.700,33.430,12.960,
0.080,3.000,7,30,118.000,118.000,1762.560,15.000,109.900,32.240,11.540,
0.080,3.000,8,30,108.000,108.000,1569.930,15.000,98.700,27.180,12.160,
0.080,3.000,9,30,118.000,118.000,1990.510,15.000,75.000,27.970,13.340,
0.080,3.500,0,30,122.000,122.000,2070.240,17.500,83.900,29.410,13.110,
0.080,3.500,1,30,157.000,157.000,1810.060,17.500,117.600,40.370,12.660,
0.080,3.500,2,30,149.000,149.000,1879.710,17.500,92.900,29.050,12.720,
0.080,3.500,3,30,149.000,149.000,1904.690,17.500,108.300,39.570,12.610,
0.080,3.500,4,30,128.000,128.000,1740.780,17.500,117.000,31.760,12.290,
0.080,3.500,5,30,159.000,159.000,2048.170,17.500,119.500,42.840,13.640,
0.080,3.500,6,30,188.000,188.000,1929.510,17.500,151.500,40.950,12.960,
0.080,3.500,7,30,139.000,139.000,1737.340,17.500,124.300,36.420,11.940,
0.080,3.500,8,30,172.000,172.000,1577.830,17.500,107.600,34.580,11.750,
0.080,3.500,9,30,153.000,153.000,1923.830,17.500,83.900,33.560,12.730,
0.080,4.000,0,30,132.000,132.000,2204.930,20.000,92.100,32.890,13.680,
0.080,4.000,1,30,172.000,172.000,1835.030,20.000,129.600,45.050,12.250,
0.080,4.000,2,30,161.000,161.000,1851.760,20.000,95.300,33.270,12.720,
0.080,4.000,3,30,203.000,203.000,1905.960,20.000,129.900,41.820,12.980,
0.080,4.000,4,30,178.000,178.000,1811.380,20.000,123.100,41.500,12.590,
0.080,4.000,5,30,194.000,194.000,1967.270,20.000,131.300,49.470,13.070,
0.080,4.000,6,30,207.000,207.000,1843.410,20.000,165.600,49.730,12.970,
0.080,4.000,7,30,141.000,141.000,1769.820,20.000,132.800,37.820,12.180,
0.080,4.000,8,30,192.000,192.000,1587.190,20.000,181.400,39.510,12.130,
0.080,4.000,9,30,132.000,132.000,1927.580,20.000,117.300,35.850,12.470,
0.080,4.500,0,30,136.000,136.000,2166.430,22.500,115.500,35.030,12.870,
0.080,4.500,1,30,151.000,151.000,1824.020,22.500,135.500,45.870,12.140,
0.080,4.500,2,30,173.000,173.000,1856.210,22.500,100.200,34.840,11.880,
0.080,4.500,3,30,189.000,189.000,1910.740,22.500,147.300,49.620,12.520,
0.080,4.500,4,30,195.000,195.000,1752.390,22.500,136.200,44.400,11.720,
0.080,4.500,5,30,163.000,163.000,1969.630,22.500,139.100,57.150,12.290,
0.080,4.500,6,30,241.000,241.000,1888.350,22.500,176.600,52.670,12.100,
0.080,4.500,7,30,193.000,193.000,1855.870,22.500,140.200,46.550,11.640,
0.080,4.500,8,30,209.000,209.000,1637.430,22.500,198.600,41.550,11.970,
0.080,4.500,9,30,139.000,139.000,1917.060,22.500,123.900,38.070,12.350,
0.080,5.000,0,30,130.000,130.000,2200.710,25.000,119.800,36.960,13.350,
0.080,5.000,1,30,172.000,172.000,1832.820,25.000,159.000,52.490,12.450,
0.080,5.000,2,30,166.000,166.000,1781.300,25.000,103.700,41.510,11.890,
0.080,5.000,3,30,216.000,216.000,1909.490,25.000,164.800,49.940,13.130,
0.080,5.000,4,30,252.000,252.000,1818.840,25.000,188.100,52.270,12.720,
0.080,5.000,5,30,227.000,227.000,2003.890,25.000,152.600,62.840,13.040,
0.080,5.000,6,30,251.000,251.000,1898.630,25.000,189.800,57.900,12.630,
0.080,5.000,7,30,184.000,184.000,1858.690,25.000,146.000,52.460,12.450,
0.080,5.000,8,30,224.000,224.000,1626.000,25.000,213.800,47.270,12.290,
0.080,5.000,9,30,168.000,168.000,2029.070,25.000,132.200,44.110,13.420,
0.080,5.500,0,30,141.000,141.000,2161.320,27.500,124.100,41.580,13.590,
0.080,5.500,1,30,196.000,196.000,1840.860,27.500,185.900,59.210,12.790,
0.080,5.500,2,30,194.000,194.000,1807.190,27.500,112.000,46.340,12.420,
0.080,5.500,3,30,243.000,243.000,1888.490,27.500,191.400,53.850,13.270,
0.080,5.500,4,30,251.000,251.000,1810.850,27.500,184.100,61.020,12.980,
0.080,5.500,5,30,253.000,253.000,2061.770,27.500,158.400,67.960,13.490,
0.080,5.500,6,30,263.000,263.000,1895.530,27.500,218.500,61.410,13.330,
0.080,5.500,7,30,192.000,192.000,1812.540,27.500,151.500,54.280,12.350,
0.080,5.500,8,30,233.000,233.000,1615.810,27.500,222.200,46.180,12.350,
0.080,5.500,9,30,185.000,185.000,2018.970,27.500,143.000,48.600,13.810,
0.080,6.000,0,30,163.000,163.000,2158.480,30.000,136.900,45.950,13.980,
0.080,6.000,1,30,211.000,211.000,1867.360,30.000,200.900,61.320,13.410,
0.080,6.000,2,30,195.000,195.000,1762.820,30.000,108.700,50.190,12.890,
0.080,6.000,3,30,320.000,320.000,1918.620,30.000,233.300,70.470,13.660,
0.080,6.000,4,30,250.000,250.000,1822.380,30.000,181.700,61.720,13.320,
0.080,6.000,5,30,272.000,272.000,2105.090,30.000,170.500,72.330,14.410,
0.080,6.000,6,30,276.000,276.000,1945.780,30.000,232.200,64.090,13.430,
0.080,6.000,7,30,196.000,196.000,1849.150,30.000,155.700,56.990,12.770,
0.080,6.000,8,30,242.000,242.000,1550.220,30.000,231.300,57.220,12.810,
0.080,6.000,9,30,187.000,187.000,1944.460,30.000,151.700,51.570,13.550,
0.080,6.500,0,30,169.000,169.000,2143.090,32.500,141.100,47.980,13.600,
0.080,6.500,1,30,219.000,219.000,1868.150,32.500,208.600,65.450,12.910,
0.080,6.500,2,30,245.000,245.000,1754.930,32.500,236.500,57.770,12.690,
0.080,6.500,3,30,333.000,333.000,1899.460,32.500,240.000,76.280,13.740,
0.080,6.500,4,30,261.000,261.000,1830.310,32.500,168.300,58.720,12.970,
0.080,6.500,5,30,290.000,290.000,2048.280,32.500,185.400,76.360,13.840,
0.080,6.500,6,30,280.000,280.000,1904.160,32.500,240.000,66.880,13.070,
0.080,6.500,7,30,218.000,218.000,1844.800,32.500,158.800,58.090,12.760,
0.080,6.500,8,30,250.000,250.000,1584.190,32.500,240.000,61.660,12.900,
0.080,6.500,9,30,242.000,242.000,2028.090,32.500,174.100,61.920,14.210,
0.080,7.000,0,30,161.000,161.000,2149.370,35.000,150.600,50.670,14.370,
0.080,7.000,1,30,230.000,230.000,1837.540,35.000,219.800,70.800,13.560,
0.080,7.000,2,30,248.000,248.000,1777.080,35.000,240.000,58.930,13.200,
0.080,7.000,3,30,276.000,276.000,1873.040,35.000,222.700,69.820,14.180,
0.080,7.000,4,30,269.000,269.000,1828.590,35.000,175.800,64.440,13.620,
0.080,7.000,5,30,244.000,244.000,2108.480,35.000,189.000,75.900,14.770,
0.080,7.000,6,30,250.000,250.000,2013.620,35.000,240.000,67.360,13.970,
0.080,7.000,7,30,227.000,227.000,1858.650,35.000,164.400,64.230,13.390,
0.080,7.000,8,30,250.000,250.000,1533.460,35.000,240.000,67.860,12.980,
0.080,7.000,9,30,246.000,246.000,1974.810,35.000,176.800,63.430,13.630,
0.090,3.000,0,30,128.000,128.000,2236.930,15.000,92.600,28.730,14.480,
0.090,3.000,1,30,156.000,156.000,1881.160,15.000,113.500,46.090,12.910,
0.090,3.000,2,30,127.000,127.000,1741.110,15.000,94.500,36.790,12.720,
0.090,3.000,3,30,171.000,171.000,1835.300,15.000,102.600,40.280,13.130,
0.090,3.000,4,30,154.000,154.000,1778.100,15.000,120.500,37.050,12.830,
0.090,3.000,5,30,200.000,200.000,2051.660,15.000,136.600,45.980,14.020,
0.090,3.000,6,30,190.000,190.000,1937.880,15.000,156.000,39.900,13.280,
0.090,3.000,7,30,141.000,141.000,1852.760,15.000,130.600,43.540,12.820,
0.090,3.000,8,30,126.000,126.000,1515.310,15.000,117.000,32.100,11.990,
0.090,3.000,9,30,146.000,146.000,1919.810,15.000,87.700,37.080,13.100,
0.090,3.500,0,30,143.000,143.000,2071.560,17.500,113.900,33.570,13.540,
0.090,3.500,1,30,178.000,178.000,1771.380,17.500,160.000,52.220,12.670,
0.090,3.500,2,30,122.000,122.000,1837.050,17.500,102.300,30.540,12.970,
0.090,3.500,3,30,184.000,184.000,1875.290,17.500,139.200,49.200,13.360,
0.090,3.500,4,30,186.000,186.000,1804.300,17.500,131.600,43.500,13.210,
0.090,3.500,5,30,220.000,220.000,2049.660,17.500,144.700,55.880,13.820,
0.090,3.500,6,30,212.000,212.000,1861.700,17.500,175.300,50.660,13.080,
0.090,3.500,7,30,161.000,161.000,1762.560,17.500,140.700,47.250,12.360,
0.090,3.500,8,30,203.000,203.000,1582.770,17.500,193.000,42.270,12.640,
0.090,3.500,9,30,214.000,214.000,1900.810,17.500,145.300,45.710,12.730,
0.090,4.000,0,30,188.000,188.000,2204.930,20.000,120.300,39.300,13.830,
0.090,4.000,1,30,188.000,188.000,1855.750,20.000,172.700,57.240,12.720,
0.090,4.000,2,30,200.000,200.000,1772.870,20.000,130.800,40.370,12.500,
0.090,4.000,3,30,220.000,220.000,1897.840,20.000,146.800,51.020,13.320,
0.090,4.000,4,30,245.000,245.000,1800.250,20.000,183.600,57.210,12.930,
0.090,4.000,5,30,242.000,242.000,2070.240,20.000,165.300,62.550,13.960,
0.090,4.000,6,30,252.000,252.000,1926.160,20.000,188.600,60.190,12.820,
0.090,4.000,7,30,170.000,170.000,1713.270,20.000,149.500,47.910,12.160,
0.090,4.000,8,30,222.000,222.000,1580.320,20.000,211.500,46.210,12.390,
0.090,4.000,9,30,227.000,227.000,1905.050,20.000,157.000,49.120,13.520,
0.090,4.500,0,30,194.000,194.000,2166.430,22.500,137.500,40.400,14.470,
0.090,4.500,1,30,196.000,196.000,1873.080,22.500,185.800,57.670,13.520,
0.090,4.500,2,30,209.000,209.000,1693.260,22.500,200.600,46.860,12.910,
0.090,4.500,3,30,319.000,319.000,1829.730,22.500,216.700,65.120,14.270,
0.090,4.500,4,30,256.000,256.000,1786.740,22.500,192.100,60.080,13.650,
0.090,4.500,5,30,256.000,256.000,1987.140,22.500,171.100,75.850,14.180,
0.090,4.500,6,30,268.000,268.000,1929.980,22.500,217.400,65.590,13.810,
0.090,4.500,7,30,198.000,198.000,1855.650,22.500,155.800,54.400,13.180,
0.090,4.500,8,30,233.000,233.000,1585.470,22.500,222.400,48.020,13.100,
0.090,4.500,9,30,197.000,197.000,1999.500,22.500,146.100,51.360,14.150,
0.090,5.000,0,30,159.000,159.000,2159.250,25.000,148.600,40.140,14.340,
0.090,5.000,1,30,242.000,242.000,1792.060,25.000,201.500,69.230,13.410,
0.090,5.000,2,30,229.000,229.000,1810.740,25.000,220.100,57.820,13.200,
0.090,5.000,3,30,242.000,242.000,1919.200,25.000,186.300,60.180,14.000,
0.090,5.000,4,30,257.000,257.000,1837.400,25.000,191.800,62.740,13.660,
0.090,5.000,5,30,306.000,306.000,1969.320,25.000,194.700,81.250,14.190,
0.090,5.000,6,30,272.000,272.000,1914.060,25.000,232.500,69.870,14.140,
0.090,5.000,7,30,201.000,201.000,1869.960,25.000,161.400,59.670,13.330,
0.090,5.000,8,30,244.000,244.000,1646.510,25.000,233.300,53.970,13.190,
0.090,5.000,9,30,248.000,248.000,1920.440,25.000,175.500,62.470,13.080,
0.090,5.500,0,30,178.000,178.000,2066.060,27.500,159.200,49.420,13.360,
0.090,5.500,1,30,284.000,284.000,1860.990,27.500,210.500,71.750,12.910,
0.090,5.500,2,30,248.000,248.000,1762.820,27.500,240.000,60.070,12.680,
0.090,5.500,3,30,250.000,250.000,1882.860,27.500,195.100,65.990,13.400,
0.090,5.500,4,30,286.000,286.000,1814.000,27.500,192.400,70.280,13.000,
0.090,5.500,5,30,339.000,339.000,1993.850,27.500,204.300,84.580,13.410,
0.090,5.500,6,30,280.000,280.000,1947.630,27.500,240.000,71.490,13.160,
0.090,5.500,7,30,257.000,257.000,1838.250,27.500,174.000,68.680,12.330,
0.090,5.500,8,30,250.000,250.000,1494.340,27.500,240.000,59.660,12.170,
0.090,5.500,9,30,254.000,254.000,1972.020,27.500,181.300,63.890,13.200,
0.090,6.000,0,30,174.000,174.000,2143.200,30.000,163.500,52.510,13.520,
0.090,6.000,1,30,291.000,291.000,1840.110,30.000,222.200,74.820,12.770,
0.090,6.000,2,30,248.000,248.000,1759.070,30.000,240.000,65.710,12.210,
0.090,6.000,3,30,326.000,326.000,1897.400,30.000,240.000,81.350,13.470,
0.090,6.000,4,30,296.000,296.000,1830.390,30.000,200.800,73.980,12.710,
0.090,6.000,5,30,328.000,328.000,1988.110,30.000,216.600,91.780,13.390,
0.090,6.000,6,30,294.000,294.000,1909.530,30.000,240.000,74.330,13.050,
0.090,6.000,7,30,222.000,222.000,1838.250,30.000,178.100,61.040,12.330,
0.090,6.000,8,30,250.000,250.000,1625.160,30.000,240.000,64.910,12.640,
0.090,6.000,9,30,327.000,327.000,1970.520,30.000,240.000,74.080,12.820,
0.090,6.500,0,30,210.000,210.000,2157.760,32.500,166.600,58.560,13.090,
0.090,6.500,1,30,279.000,279.000,1839.610,32.500,238.700,80.070,12.440,
0.090,6.500,2,30,253.000,253.000,1786.300,32.500,240.000,67.960,11.970,
0.090,6.500,3,30,333.000,333.000,1899.460,32.500,240.000,83.740,12.970,
0.090,6.500,4,30,299.000,299.000,1830.830,32.500,208.900,76.870,12.720,
0.090,6.500,5,30,387.000,387.000,1939.250,32.500,230.100,99.910,13.190,
0.090,6.500,6,30,293.000,293.000,2047.700,32.500,240.000,84.100,12.920,
0.090,6.500,7,30,248.000,248.000,1805.670,32.500,240.000,67.750,11.460,
0.090,6.500,8,30,329.000,329.000,1540.380,32.500,240.000,86.330,12.000,
0.090,6.500,9,30,266.000,266.000,1928.950,32.500,210.800,74.660,12.770,
0.090,7.000,0,30,216.000,216.000,2101.750,35.000,169.300,61.300,12.800,
0.090,7.000,1,30,250.000,250.000,1823.660,35.000,240.000,85.870,12.530,
0.090,7.000,2,30,337.000,337.000,1671.290,35.000,240.000,77.090,12.250,
0.090,7.000,3,30,337.000,337.000,1873.040,35.000,240.000,82.920,12.900,
0.090,7.000,4,30,306.000,306.000,1812.560,35.000,240.000,83.820,12.560,
0.090,7.000,5,30,389.000,389.000,2010.540,35.000,240.000,109.330,13.300,
0.090,7.000,6,30,324.000,324.000,2044.100,35.000,240.000,91.460,13.170,
0.090,7.000,7,30,271.000,271.000,1799.440,35.000,240.000,74.060,11.730,
0.090,7.000,8,30,336.000,336.000,1532.880,35.000,240.000,99.370,11.670,
0.090,7.000,9,30,268.000,268.000,2020.720,35.000,196.200,75.160,13.030,
0.100,3.000,0,30,151.000,151.000,2187.190,15.000,116.000,33.360,13.380,
0.100,3.000,1,30,174.000,174.000,1762.520,15.000,163.500,56.130,11.830,
0.100,3.000,2,30,148.000,148.000,1741.110,15.000,114.700,42.820,11.540,
0.100,3.000,3,30,211.000,211.000,1741.640,15.000,131.200,54.380,12.160,
0.100,3.000,4,30,196.000,196.000,1742.440,15.000,135.900,43.230,11.550,
0.100,3.000,5,30,230.000,230.000,2047.650,15.000,158.500,60.730,12.690,
0.100,3.000,6,30,184.000,184.000,1987.900,15.000,173.100,57.500,12.750,
0.100,3.000,7,30,178.000,178.000,1794.040,15.000,145.800,54.350,11.490,
0.100,3.000,8,30,205.000,205.000,1562.070,15.000,194.900,41.310,11.590,
0.100,3.000,9,30,186.000,186.000,1857.010,15.000,120.000,47.160,12.710,
0.100,3.500,0,30,189.000,189.000,2187.190,17.500,132.000,40.250,13.260,
0.100,3.500,1,30,198.000,198.000,1843.020,17.500,177.300,62.900,12.200,
0.100,3.500,2,30,215.000,215.000,1833.580,17.500,188.300,52.380,12.270,
0.100,3.500,3,30,213.000,213.000,1821.320,17.500,152.500,57.490,12.160,
0.100,3.500,4,30,245.000,245.000,1775.910,17.500,181.800,53.790,12.180,
0.100,3.500,5,30,246.000,246.000,2057.210,17.500,165.000,69.880,13.070,
0.100,3.500,6,30,235.000,235.000,1905.130,17.500,196.600,63.420,12.380,
0.100,3.500,7,30,201.000,201.000,1903.330,17.500,155.500,54.050,11.810,
0.100,3.500,8,30,227.000,227.000,1570.930,17.500,216.700,51.360,11.410,
0.100,3.500,9,30,195.000,195.000,1903.910,17.500,132.300,50.020,12.080,
0.100,4.000,0,30,254.000,254.000,2193.570,20.000,186.900,43.490,13.400,
0.100,4.000,1,30,242.000,242.000,1780.330,20.000,196.100,69.050,12.090,
0.100,4.000,2,30,232.000,232.000,1765.280,20.000,215.200,63.740,11.560,
0.100,4.000,3,30,314.000,314.000,1809.880,20.000,219.300,71.760,12.210,
0.100,4.000,4,30,258.000,258.000,1795.050,20.000,192.400,63.830,12.340,
0.100,4.000,5,30,317.000,317.000,1951.170,20.000,189.600,88.870,13.180,
0.100,4.000,6,30,276.000,276.000,1886.180,20.000,223.400,67.270,12.740,
0.100,4.000,7,30,199.000,199.000,1839.710,20.000,170.500,62.750,12.040,
0.100,4.000,8,30,240.000,240.000,1513.210,20.000,229.200,59.680,11.960,
0.100,4.000,9,30,232.000,232.000,1898.010,20.000,153.300,60.350,12.220,
0.100,4.500,0,30,270.000,270.000,2087.780,22.500,194.000,53.330,12.790,
0.100,4.500,1,30,245.000,245.000,1805.520,22.500,208.000,75.140,12.310,
0.100,4.500,2,30,257.000,257.000,1852.350,22.500,237.400,72.670,12.080,
0.100,4.500,3,30,342.000,342.000,1823.920,22.500,240.000,76.580,12.670,
0.100,4.500,4,30,299.000,299.000,1822.590,22.500,196.100,69.650,12.390,
0.100,4.500,5,30,338.000,338.000,1916.580,22.500,198.700,101.030,13.010,
0.100,4.500,6,30,281.000,281.000,1914.060,22.500,240.000,79.410,12.650,
0.100,4.500,7,30,188.000,188.000,1879.520,22.500,177.800,62.950,11.960,
0.100,4.500,8,30,250.000,250.000,1560.790,22.500,240.000,64.150,11.700,
0.100,4.500,9,30,327.000,327.000,1867.590,22.500,240.000,73.360,13.790,
0.100,5.000,0,30,281.000,281.000,2165.940,25.000,201.500,59.260,14.310,
0.100,5.000,1,30,254.000,254.000,1800.360,25.000,221.100,83.630,13.410,
0.100,5.000,2,30,279.000,279.000,1762.980,25.000,240.000,87.760,12.830,
0.100,5.000,3,30,348.000,348.000,1826.300,25.000,240.000,81.150,13.620,
0.100,5.000,4,30,309.000,309.000,1912.070,25.000,240.000,75.730,13.740,
0.100,5.000,5,30,355.000,355.000,1947.120,25.000,240.000,106.940,13.930,
0.100,5.000,6,30,286.000,286.000,1905.890,25.000,240.000,82.080,13.500,
0.100,5.000,7,30,264.000,264.000,1803.410,25.000,240.000,73.610,12.960,
0.100,5.000,8,30,282.000,282.000,1530.030,25.000,240.000,73.000,12.800,
0.100,5.000,9,30,273.000,273.000,1923.750,25.000,203.900,75.380,13.180,
0.100,5.500,0,30,214.000,214.000,2056.980,27.500,186.400,58.300,13.300,
0.100,5.500,1,30,258.000,258.000,1809.810,27.500,238.000,86.370,12.760,
0.100,5.500,2,30,268.000,268.000,1811.420,27.500,240.000,78.470,12.680,
0.100,5.500,3,30,322.000,322.000,1896.690,27.500,240.000,85.630,13.740,
0.100,5.500,4,30,344.000,344.000,1882.800,27.500,240.000,86.210,13.080,
0.100,5.500,5,30,407.000,407.000,1896.210,27.500,240.000,112.140,13.530,
0.100,5.500,6,30,292.000,292.000,1916.940,27.500,240.000,84.170,13.080,
0.100,5.500,7,30,335.000,335.000,1747.970,27.500,240.000,76.550,12.490,
0.100,5.500,8,30,339.000,339.000,1581.890,27.500,240.000,95.560,12.830,
0.100,5.500,9,30,276.000,276.000,1973.340,27.500,215.200,83.080,13.080,
0.100,6.000,0,30,217.000,217.000,2023.790,30.000,191.400,63.860,12.900,
0.100,6.000,1,30,261.000,261.000,1834.400,30.000,240.000,90.970,12.810,
0.100,6.000,2,30,339.000,339.000,1800.230,30.000,240.000,89.520,12.650,
0.100,6.000,3,30,326.000,326.000,1849.090,30.000,240.000,88.240,13.360,
0.100,6.000,4,30,345.000,345.000,1918.200,30.000,240.000,96.100,12.990,
0.100,6.000,5,30,377.000,377.000,1883.740,30.000,240.000,122.220,13.170,
0.100,6.000,6,30,293.000,293.000,1908.870,30.000,240.000,83.350,12.470,
0.100,6.000,7,30,359.000,359.000,1823.860,30.000,240.000,83.550,12.490,
0.100,6.000,8,30,353.000,353.000,1562.390,30.000,240.000,110.540,12.630,
0.100,6.000,9,30,293.000,293.000,1855.130,30.000,240.000,87.840,12.630,
0.100,6.500,0,30,277.000,277.000,2107.700,32.500,226.300,70.370,12.590,
0.100,6.500,1,30,271.000,271.000,1833.230,32.500,240.000,98.900,12.450,
0.100,6.500,2,30,341.000,341.000,1800.230,32.500,240.000,92.680,12.020,
0.100,6.500,3,30,332.000,332.000,1877.720,32.500,240.000,94.520,12.670,
0.100,6.500,4,30,346.000,346.000,1910.420,32.500,240.000,90.540,13.010,
0.100,6.500,5,30,421.000,421.000,1911.490,32.500,240.000,120.270,12.550,
0.100,6.500,6,30,375.000,375.000,1893.800,32.500,240.000,113.430,12.260,
0.100,6.500,7,30,367.000,367.000,1814.450,32.500,240.000,97.080,12.340,
0.100,6.500,8,30,336.000,336.000,1560.860,32.500,240.000,113.540,12.460,
0.100,6.500,9,30,297.000,297.000,1855.130,32.500,240.000,90.820,12.460,
0.100,7.000,0,30,290.000,290.000,2147.490,35.000,237.400,73.950,13.290,
0.100,7.000,1,30,281.000,281.000,1821.060,35.000,240.000,104.730,12.530,
0.100,7.000,2,30,341.000,341.000,1674.750,35.000,240.000,103.100,12.030,
0.100,7.000,3,30,337.000,337.000,1816.870,35.000,240.000,93.100,12.170,
0.100,7.000,4,30,363.000,363.000,1881.490,35.000,240.000,103.610,13.010,
0.100,7.000,5,30,444.000,444.000,1932.660,35.000,240.000,128.960,12.920,
0.100,7.000,6,30,391.000,391.000,1933.250,35.000,240.000,117.430,12.750,
0.100,7.000,7,30,353.000,353.000,1819.010,35.000,240.000,99.250,12.360,
0.100,7.000,8,30,376.000,376.000,1515.880,35.000,240.000,116.570,12.320,
0.100,7.000,9,30,316.000,316.000,1901.460,35.000,240.000,97.630,12.620,
0.110,3.000,0,30,174.000,174.000,2120.220,15.000,138.800,43.660,12.730,
0.110,3.000,1,30,196.000,196.000,1762.520,15.000,179.100,63.060,12.210,
0.110,3.000,2,30,240.000,240.000,1791.460,15.000,187.100,69.650,12.280,
0.110,3.000,3,30,279.000,279.000,1761.040,15.000,174.400,62.720,12.140,
0.110,3.000,4,30,203.000,203.000,1696.550,15.000,152.800,52.360,12.270,
0.110,3.000,5,30,309.000,309.000,2118.130,15.000,181.600,81.320,13.400,
0.110,3.000,6,30,242.000,242.000,1912.760,15.000,196.700,67.100,12.270,
0.110,3.000,7,30,178.000,178.000,1839.070,15.000,158.700,59.560,11.750,
0.110,3.000,8,30,228.000,228.000,1563.210,15.000,217.900,54.000,12.090,
0.110,3.000,9,30,198.000,198.000,1890.340,15.000,132.200,57.240,11.860,
0.110,3.500,0,30,254.000,254.000,2155.270,17.500,190.400,55.800,13.260,
0.110,3.500,1,30,282.000,282.000,1865.850,17.500,199.900,84.260,12.580,
0.110,3.500,2,30,250.000,250.000,1802.110,17.500,217.200,75.900,11.780,
0.110,3.500,3,30,292.000,292.000,1835.080,17.500,204.800,72.020,12.590,
0.110,3.500,4,30,298.000,298.000,1870.450,17.500,192.800,74.310,12.540,
0.110,3.500,5,30,315.000,315.000,2110.560,17.500,196.100,87.850,13.440,
0.110,3.500,6,30,267.000,267.000,1931.710,17.500,225.700,77.130,12.630,
0.110,3.500,7,30,186.000,186.000,1833.210,17.500,176.900,67.120,11.940,
0.110,3.500,8,30,259.000,259.000,1540.280,17.500,233.400,65.970,12.280,
0.110,3.500,9,30,264.000,264.000,1892.170,17.500,185.900,69.710,12.360,
0.110,4.000,0,30,268.000,268.000,2095.870,20.000,202.300,62.390,13.000,
0.110,4.000,1,30,236.000,236.000,1901.940,20.000,213.900,80.190,12.570,
0.110,4.000,2,30,262.000,262.000,1835.600,20.000,240.000,83.720,12.460,
0.110,4.000,3,30,336.000,336.000,1786.200,20.000,240.000,91.840,12.370,
0.110,4.000,4,30,348.000,348.000,1850.800,20.000,240.000,77.530,12.620,
0.110,4.000,5,30,346.000,346.000,2033.980,20.000,240.000,109.800,13.210,
0.110,4.000,6,30,344.000,344.000,1970.420,20.000,240.000,95.230,13.310,
0.110,4.000,7,30,248.000,248.000,1778.550,20.000,240.000,71.540,11.880,
0.110,4.000,8,30,277.000,277.000,1548.790,20.000,240.000,79.280,12.240,
0.110,4.000,9,30,273.000,273.000,1821.790,20.000,203.100,77.550,12.510,
0.110,4.500,0,30,282.000,282.000,2104.680,22.500,207.400,70.280,12.790,
0.110,4.500,1,30,255.000,255.000,1733.060,22.500,232.100,83.200,11.700,
0.110,4.500,2,30,271.000,271.000,1809.070,22.500,240.000,89.240,11.960,
0.110,4.500,3,30,342.000,342.000,1845.280,22.500,240.000,95.400,12.480,
0.110,4.500,4,30,350.000,350.000,1864.880,22.500,240.000,87.820,12.420,
0.110,4.500,5,30,360.000,360.000,1913.560,22.500,240.000,113.340,13.180,
0.110,4.500,6,30,380.000,380.000,1959.990,22.500,240.000,106.270,12.510,
0.110,4.500,7,30,351.000,351.000,1756.670,22.500,240.000,87.810,12.070,
0.110,4.500,8,30,293.000,293.000,1553.780,22.500,240.000,95.040,12.300,
0.110,4.500,9,30,293.000,293.000,1762.340,22.500,212.500,84.180,12.350,
0.110,5.000,0,30,333.000,333.000,2026.130,25.000,237.300,84.460,12.710,
0.110,5.000,1,30,278.000,278.000,1850.180,25.000,240.000,99.080,12.930,
0.110,5.000,2,30,289.000,289.000,1705.160,25.000,240.000,93.640,11.800,
0.110,5.000,3,30,349.000,349.000,1848.470,25.000,240.000,98.210,12.640,
0.110,5.000,4,30,351.000,351.000,1914.860,25.000,240.000,92.430,13.120,
0.110,5.000,5,30,355.000,355.000,1915.600,25.000,240.000,117.760,13.000,
0.110,5.000,6,30,340.000,340.000,1871.650,25.000,240.000,112.510,12.490,
0.110,5.000,7,30,359.000,359.000,1811.970,25.000,240.000,106.500,12.210,
0.110,5.000,8,30,375.000,375.000,1558.030,25.000,240.000,106.340,12.370,
0.110,5.000,9,30,358.000,358.000,1738.650,25.000,240.000,97.070,12.060,
0.110,5.500,0,30,336.000,336.000,1996.950,27.500,240.000,82.360,12.970,
0.110,5.500,1,30,286.000,286.000,1811.040,27.500,240.000,105.740,12.440,
0.110,5.500,2,30,347.000,347.000,1851.430,27.500,240.000,99.800,12.230,
0.110,5.500,3,30,341.000,341.000,1830.500,27.500,240.000,110.030,12.360,
0.110,5.500,4,30,361.000,361.000,1893.320,27.500,240.000,109.320,13.370,
0.110,5.500,5,30,467.000,467.000,1996.660,27.500,240.000,137.670,13.530,
0.110,5.500,6,30,348.000,348.000,1999.040,27.500,240.000,118.010,12.860,
0.110,5.500,7,30,416.000,416.000,1824.570,27.500,240.000,119.430,12.580,
0.110,5.500,8,30,441.000,441.000,1598.050,27.500,240.000,124.740,12.570,
0.110,5.500,9,30,365.000,365.000,1744.140,27.500,240.000,106.370,12.620,
0.110,6.000,0,30,338.000,338.000,2028.620,30.000,240.000,82.930,13.550,
0.110,6.000,1,30,321.000,321.000,1762.950,30.000,240.000,108.090,12.330,
0.110,6.000,2,30,341.000,341.000,1773.580,30.000,240.000,102.680,12.360,
0.110,6.000,3,30,326.000,326.000,1885.330,30.000,240.000,106.950,13.320,
0.110,6.000,4,30,373.000,373.000,1903.930,30.000,240.000,109.870,13.480,
0.110,6.000,5,30,474.000,474.000,2006.110,30.000,240.000,149.450,13.830,
0.110,6.000,6,30,413.000,413.000,1914.200,30.000,240.000,115.620,12.690,
0.110,6.000,7,30,400.000,400.000,1852.120,30.000,240.000,126.140,12.970,
0.110,6.000,8,30,343.000,343.000,1559.470,30.000,240.000,119.230,12.610,
0.110,6.000,9,30,376.000,376.000,1764.730,30.000,240.000,104.080,12.350,
0.110,6.500,0,30,339.000,339.000,2087.340,32.500,240.000,88.890,13.650,
0.110,6.500,1,30,321.000,321.000,1806.340,32.500,240.000,117.250,12.790,
0.110,6.500,2,30,358.000,358.000,1722.220,32.500,240.000,113.700,12.740,
0.110,6.500,3,30,401.000,401.000,1794.500,32.500,240.000,122.900,12.340,
0.110,6.500,4,30,392.000,392.000,1905.050,32.500,240.000,122.390,13.440,
0.110,6.500,5,30,485.000,485.000,2020.900,32.500,240.000,153.120,13.120,
0.110,6.500,6,30,444.000,444.000,1933.910,32.500,240.000,131.650,12.840,
0.110,6.500,7,30,399.000,399.000,1769.860,32.500,240.000,135.160,12.870,
0.110,6.500,8,30,332.000,332.000,1526.050,32.500,240.000,120.670,12.470,
0.110,6.500,9,30,344.000,344.000,1855.130,32.500,240.000,103.370,12.410,
0.110,7.000,0,30,339.000,339.000,2139.660,35.000,240.000,91.830,13.190,
0.110,7.000,1,30,447.000,447.000,1796.090,35.000,240.000,127.510,12.150,
0.110,7.000,2,30,412.000,412.000,1651.570,35.000,240.000,123.100,12.660,
0.110,7.000,3,30,403.000,403.000,1776.490,35.000,240.000,128.960,12.110,
0.110,7.000,4,30,434.000,434.000,1838.300,35.000,240.000,132.200,13.460,
0.110,7.000,5,30,494.000,494.000,2027.410,35.000,240.000,158.820,13.620,
0.110,7.000,6,30,373.000,373.000,1922.190,35.000,240.000,130.110,13.660,
0.110,7.000,7,30,415.000,415.000,1769.860,35.000,240.000,140.290,11.950,
0.110,7.000,8,30,469.000,469.000,1542.840,35.000,240.000,136.610,12.390,
0.110,7.000,9,30,406.000,406.000,1799.140,35.000,240.000,113.210,12.910,
0.120,3.000,0,30,183.000,183.000,2188.840,15.000,161.800,52.110,12.840,
0.120,3.000,1,30,282.000,282.000,1890.550,15.000,200.300,83.760,13.450,
0.120,3.000,2,30,307.000,307.000,1704.420,15.000,215.800,78.870,11.400,
0.120,3.000,3,30,321.000,321.000,1798.240,15.000,216.900,88.340,13.020,
0.120,3.000,4,30,300.000,300.000,1783.060,15.000,194.000,71.830,12.200,
0.120,3.000,5,30,342.000,342.000,2024.630,15.000,236.500,97.790,12.970,
0.120,3.000,6,30,329.000,329.000,1936.720,15.000,222.600,80.370,13.540,
0.120,3.000,7,30,296.000,296.000,1813.040,15.000,215.000,79.700,11.580,
0.120,3.000,8,30,266.000,266.000,1557.750,15.000,234.300,74.850,12.190,
0.120,3.000,9,30,278.000,278.000,1844.320,15.000,188.400,77.820,13.060,
0.120,3.500,0,30,269.000,269.000,2157.480,17.500,205.700,65.450,12.750,
0.120,3.500,1,30,292.000,292.000,1807.150,17.500,216.600,88.630,12.240,
0.120,3.500,2,30,341.000,341.000,1627.150,17.500,240.000,86.270,11.820,
0.120,3.500,3,30,350.000,350.000,1815.060,17.500,238.100,96.160,12.450,
0.120,3.500,4,30,352.000,352.000,1841.300,17.500,240.000,90.900,13.000,
0.120,3.500,5,30,351.000,351.000,2029.900,17.500,240.000,106.670,12.850,
0.120,3.500,6,30,352.000,352.000,1914.530,17.500,240.000,104.920,13.310,
0.120,3.500,7,30,351.000,351.000,1768.020,17.500,240.000,96.930,12.100,
0.120,3.500,8,30,290.000,290.000,1536.880,17.500,240.000,87.530,12.300,
0.120,3.500,9,30,305.000,305.000,1803.960,17.500,213.500,82.410,12.530,
0.120,4.000,0,30,282.000,282.000,2063.420,20.000,217.000,72.640,13.110,
0.120,4.000,1,30,310.000,310.000,1860.720,20.000,235.500,97.600,12.560,
0.120,4.000,2,30,284.000,284.000,1783.640,20.000,240.000,84.450,11.950,
0.120,4.000,3,30,363.000,363.000,1870.190,20.000,240.000,111.930,12.780,
0.120,4.000,4,30,338.000,338.000,1768.020,20.000,240.000,98.420,12.800,
0.120,4.000,5,30,438.000,438.000,1922.350,20.000,240.000,133.540,12.980,
0.120,4.000,6,30,380.000,380.000,1914.530,20.000,240.000,111.350,13.390,
0.120,4.000,7,30,363.000,363.000,1856.130,20.000,240.000,109.300,12.420,
0.120,4.000,8,30,370.000,370.000,1567.430,20.000,240.000,108.180,12.220,
0.120,4.000,9,30,317.000,317.000,1681.870,20.000,231.200,88.440,12.370,
0.120,4.500,0,30,339.000,339.000,2038.530,22.500,240.000,75.580,13.530,
0.120,4.500,1,30,267.000,267.000,1893.150,22.500,240.000,99.720,13.300,
0.120,4.500,2,30,382.000,382.000,1739.110,22.500,240.000,109.660,12.640,
0.120,4.500,3,30,386.000,386.000,1811.730,22.500,240.000,119.900,12.650,
0.120,4.500,4,30,355.000,355.000,1789.290,22.500,240.000,104.380,13.300,
0.120,4.500,5,30,450.000,450.000,2017.180,22.500,240.000,139.280,13.760,
0.120,4.500,6,30,388.000,388.000,1924.040,22.500,240.000,118.650,12.900,
0.120,4.500,7,30,421.000,421.000,1788.840,22.500,240.000,123.210,12.300,
0.120,4.500,8,30,318.000,318.000,1647.670,22.500,240.000,105.970,12.370,
0.120,4.500,9,30,334.000,334.000,1721.430,22.500,240.000,98.720,12.210,
0.120,5.000,0,30,315.000,315.000,1998.320,25.000,240.000,76.460,13.290,
0.120,5.000,1,30,403.000,403.000,1854.160,25.000,240.000,117.120,12.770,
0.120,5.000,2,30,356.000,356.000,1747.660,25.000,240.000,114.800,12.530,
0.120,5.000,3,30,400.000,400.000,1838.370,25.000,240.000,124.630,13.570,
0.120,5.000,4,30,382.000,382.000,1951.880,25.000,240.000,121.730,12.890,
0.120,5.000,5,30,474.000,474.000,2041.770,25.000,240.000,143.400,13.300,
0.120,5.000,6,30,372.000,372.000,2017.520,25.000,240.000,126.440,13.170,
0.120,5.000,7,30,435.000,435.000,1756.950,25.000,240.000,139.760,12.660,
0.120,5.000,8,30,388.000,388.000,1580.270,25.000,240.000,125.150,13.130,
0.120,5.000,9,30,403.000,403.000,1737.060,25.000,240.000,116.900,12.710,
0.120,5.500,0,30,363.000,363.000,2114.940,27.500,240.000,102.610,13.510,
0.120,5.500,1,30,351.000,351.000,1895.360,27.500,240.000,117.910,12.960,
0.120,5.500,2,30,409.000,409.000,1752.300,27.500,240.000,132.690,12.420,
0.120,5.500,3,30,431.000,431.000,1869.480,27.500,240.000,133.540,12.750,
0.120,5.500,4,30,411.000,411.000,1850.060,27.500,240.000,126.560,13.990,
0.120,5.500,5,30,498.000,498.000,2030.400,27.500,240.000,172.260,13.870,
0.120,5.500,6,30,393.000,393.000,1915.760,27.500,240.000,131.130,13.510,
0.120,5.500,7,30,422.000,422.000,1703.500,27.500,240.000,139.340,12.030,
0.120,5.500,8,30,465.000,465.000,1532.730,27.500,240.000,140.750,12.910,
0.120,5.500,9,30,406.000,406.000,1834.880,27.500,240.000,128.110,13.580,
0.120,6.000,0,30,300.000,300.000,2014.540,30.000,240.000,105.170,13.370,
0.120,6.000,1,30,445.000,445.000,1882.240,30.000,240.000,125.420,12.450,
0.120,6.000,2,30,412.000,412.000,1698.250,30.000,240.000,127.570,12.870,
0.120,6.000,3,30,433.000,433.000,1856.720,30.000,240.000,139.520,13.260,
0.120,6.000,4,30,431.000,431.000,1888.770,30.000,240.000,140.150,12.530,
0.120,6.000,5,30,502.000,502.000,1987.220,30.000,240.000,174.470,14.030,
0.120,6.000,6,30,380.000,380.000,1823.940,30.000,240.000,126.170,13.100,
0.120,6.000,7,30,425.000,425.000,1794.040,30.000,240.000,149.810,13.120,
0.120,6.000,8,30,462.000,462.000,1492.730,30.000,240.000,140.870,12.130,
0.120,6.000,9,30,409.000,409.000,1774.880,30.000,240.000,130.800,12.690,
0.120,6.500,0,30,377.000,377.000,2052.300,32.500,240.000,112.410,13.190,
0.120,6.500,1,30,493.000,493.000,1827.030,32.500,240.000,160.240,12.670,
0.120,6.500,2,30,417.000,417.000,1666.460,32.500,240.000,134.690,13.000,
0.120,6.500,3,30,430.000,430.000,1720.990,32.500,240.000,136.690,12.410,
0.120,6.500,4,30,462.000,462.000,1863.560,32.500,240.000,149.530,13.470,
0.120,6.500,5,30,502.000,502.000,2035.720,32.500,240.000,181.920,14.370,
0.120,6.500,6,30,421.000,421.000,2033.640,32.500,240.000,147.690,14.270,
0.120,6.500,7,30,421.000,421.000,1725.100,32.500,240.000,154.220,12.620,
0.120,6.500,8,30,484.000,484.000,1526.330,32.500,240.000,146.530,13.000,
0.120,6.500,9,30,412.000,412.000,1774.880,32.500,240.000,132.250,12.640,
0.120,7.000,0,30,381.000,381.000,1996.260,35.000,240.000,121.680,13.450,
0.120,7.000,1,30,497.000,497.000,1838.860,35.100,240.000,154.700,12.550,
0.120,7.000,2,30,425.000,425.000,1618.970,35.000,240.000,137.250,12.390,
0.120,7.000,3,30,467.000,467.000,1720.990,35.000,240.000,147.000,12.420,
0.120,7.000,4,30,466.000,466.000,1896.230,35.000,240.000,161.260,13.960,
0.120,7.000,5,30,502.000,502.000,2035.720,35.000,240.000,182.870,14.260,
0.120,7.000,6,30,489.000,489.000,2056.040,35.000,240.000,158.460,13.450,
0.120,7.000,7,30,432.000,432.000,1725.100,35.000,240.000,157.060,12.440,
0.120,7.000,8,30,485.000,485.000,1527.100,35.000,240.000,152.560,12.440,
0.120,7.000,9,30,415.000,415.000,1795.670,35.000,240.000,132.970,13.040,
0.130,3.000,0,30,271.000,271.000,2080.440,15.000,205.200,69.010,13.460,
0.130,3.000,1,30,239.000,239.000,1833.890,15.000,215.700,88.730,13.030,
0.130,3.000,2,30,310.000,310.000,1720.520,15.000,240.000,89.860,12.340,
0.130,3.000,3,30,357.000,357.000,1787.380,15.000,240.000,97.530,12.760,
0.130,3.000,4,30,373.000,373.000,1889.260,15.000,240.000,97.630,13.230,
0.130,3.000,5,30,405.000,405.000,2007.160,15.000,240.000,130.490,13.720,
0.130,3.000,6,30,373.000,373.000,1903.340,15.000,240.000,116.890,13.240,
0.130,3.000,7,30,353.000,353.000,1797.000,15.000,240.000,107.640,12.700,
0.130,3.000,8,30,325.000,325.000,1570.340,15.000,240.000,103.310,12.300,
0.130,3.000,9,30,314.000,314.000,1756.170,15.000,214.900,89.250,12.370,
0.130,3.500,0,30,282.000,282.000,2085.960,17.500,218.100,80.250,13.110,
0.130,3.500,1,30,321.000,321.000,1888.510,17.700,236.500,100.210,13.140,
0.130,3.500,2,30,355.000,355.000,1728.650,17.500,240.000,106.730,11.770,
0.130,3.500,3,30,368.000,368.000,1855.440,17.500,240.000,107.090,13.080,
0.130,3.500,4,30,397.000,397.000,1861.810,17.500,240.000,106.960,12.640,
0.130,3.500,5,30,440.000,440.000,2020.960,17.500,240.000,142.750,13.950,
0.130,3.500,6,30,381.000,381.000,1855.440,17.500,240.000,120.260,13.590,
0.130,3.500,7,30,374.000,374.000,1752.570,17.500,240.000,121.470,12.000,
0.130,3.500,8,30,403.000,403.000,1602.070,17.500,240.000,121.140,12.820,
0.130,3.500,9,30,366.000,366.000,1727.220,17.500,240.000,103.000,12.690,
0.130,4.000,0,30,303.000,303.000,2098.020,20.000,237.600,88.150,13.000,
0.130,4.000,1,30,383.000,383.000,1904.940,20.000,240.000,116.820,12.990,
0.130,4.000,2,30,428.000,428.000,1683.100,20.000,240.000,127.750,12.490,
0.130,4.000,3,30,391.000,391.000,1860.740,20.000,240.000,124.040,12.630,
0.130,4.000,4,30,389.000,389.000,1788.700,20.000,240.000,113.400,12.500,
0.130,4.000,5,30,468.000,468.000,2043.480,20.000,240.000,155.310,14.010,
0.130,4.000,6,30,434.000,434.000,1987.200,20.000,240.000,133.740,13.330,
0.130,4.000,7,30,399.000,399.000,1822.140,20.000,240.000,135.530,12.200,
0.130,4.000,8,30,384.000,384.000,1538.500,20.000,240.000,121.620,11.800,
0.130,4.000,9,30,398.000,398.000,1727.220,20.000,240.000,122.350,12.400,
0.130,4.500,0,30,312.000,312.000,2099.800,22.500,240.000,96.910,13.350,
0.130,4.500,1,30,425.000,425.000,1791.890,22.500,240.000,121.750,12.500,
0.130,4.500,2,30,408.000,408.000,1688.240,22.500,240.000,136.370,12.330,
0.130,4.500,3,30,399.000,399.000,1844.530,22.500,240.000,121.130,12.320,
0.130,4.500,4,30,400.000,400.000,1860.040,22.500,240.000,135.510,13.700,
0.130,4.500,5,30,482.000,482.000,2050.070,22.500,240.000,166.300,14.020,
0.130,4.500,6,30,445.000,445.000,2060.930,22.500,240.000,139.340,14.410,
0.130,4.500,7,30,400.000,400.000,1817.900,22.500,240.000,142.890,12.610,
0.130,4.500,8,30,422.000,422.000,1653.380,22.500,240.000,130.770,13.110,
0.130,4.500,9,30,403.000,403.000,1727.220,22.500,240.000,125.090,12.460,
0.130,5.000,0,30,422.000,422.000,2002.530,25.000,240.000,119.720,14.260,
0.130,5.000,1,30,474.000,474.000,1870.920,25.000,240.000,149.270,13.780,
0.130,5.000,2,30,413.000,413.000,1668.720,25.000,240.000,138.950,13.160,
0.130,5.000,3,30,379.000,379.000,1776.860,25.000,240.000,123.960,12.860,
0.130,5.000,4,30,411.000,411.000,1772.170,25.000,240.000,125.450,13.980,
0.130,5.000,5,30,501.000,501.000,2068.430,25.000,240.000,178.000,15.820,
0.130,5.000,6,30,419.000,419.000,2018.880,25.000,240.000,141.320,14.950,
0.130,5.000,7,30,421.000,421.000,1735.480,25.000,240.000,152.860,13.830,
0.130,5.000,8,30,430.000,430.000,1500.170,25.000,240.000,140.280,13.880,
0.130,5.000,9,30,412.000,412.000,1774.880,25.000,240.000,129.970,15.190,
0.130,5.500,0,30,481.000,481.000,2022.770,27.500,240.000,144.500,15.770,
0.130,5.500,1,30,481.000,481.000,1852.620,27.500,240.000,157.520,14.890,
0.130,5.500,2,30,453.000,453.000,1690.140,27.500,240.000,143.860,14.220,
0.130,5.500,3,30,490.000,490.000,1796.250,27.500,240.000,146.300,14.680,
0.130,5.500,4,30,469.000,469.000,1833.260,27.500,240.000,145.780,14.760,
0.130,5.500,5,30,502.000,502.000,2052.340,27.500,240.000,184.180,15.970,
0.130,5.500,6,30,480.000,480.000,2087.050,27.500,240.000,151.380,15.400,
0.130,5.500,7,30,490.000,490.000,1817.140,27.500,240.000,162.470,13.980,
0.130,5.500,8,30,480.000,480.000,1522.590,27.500,240.000,147.490,13.850,
0.130,5.500,9,30,414.000,414.000,1815.270,27.500,240.000,131.960,14.580,
0.130,6.000,0,30,487.000,487.000,2026.730,30.000,240.000,146.710,15.060,
0.130,6.000,1,30,490.000,490.000,1829.840,30.000,240.000,150.250,14.300,
0.130,6.000,2,30,420.000,420.000,1737.630,30.000,240.000,143.880,13.840,
0.130,6.000,3,30,500.000,500.000,1819.650,30.000,240.000,162.270,14.530,
0.130,6.000,4,30,490.000,490.000,1817.060,30.000,240.000,156.060,14.650,
0.130,6.000,5,30,502.000,502.000,2025.030,30.000,240.000,188.090,15.680,
0.130,6.000,6,30,486.000,486.000,1961.920,30.000,240.000,156.290,14.950,
0.130,6.000,7,30,501.000,501.000,1868.520,30.000,240.000,167.860,14.450,
0.130,6.000,8,30,490.000,490.000,1512.710,30.000,240.000,159.400,14.290,
0.130,6.000,9,30,463.000,463.000,1973.150,30.000,240.000,142.400,14.730,
0.130,6.500,0,30,492.000,492.000,2011.770,32.500,240.000,143.090,15.100,
0.130,6.500,1,30,502.000,502.000,1872.080,32.500,240.000,171.460,14.880,
0.130,6.500,2,30,498.000,498.000,1721.090,32.500,240.000,150.370,14.190,
0.130,6.500,3,30,500.000,500.000,1819.650,32.500,240.000,164.570,14.420,
0.130,6.500,4,30,497.000,497.000,1797.790,32.500,240.000,151.850,14.680,
0.130,6.500,5,30,502.000,502.000,2015.370,32.500,240.000,181.880,15.570,
0.130,6.500,6,30,501.000,501.000,2049.190,32.500,240.000,176.090,15.650,
0.130,6.500,7,30,501.000,501.000,1868.520,32.500,240.000,168.900,14.220,
0.130,6.500,8,30,500.000,500.000,1609.800,32.500,240.000,165.000,14.090,
0.130,6.500,9,30,473.000,473.000,1813.770,32.500,240.000,141.230,14.080,
0.130,7.000,0,30,481.000,481.000,1989.340,35.000,240.000,145.410,14.750,
0.130,7.000,1,30,502.000,502.000,1920.060,35.300,240.000,177.580,15.030,
0.130,7.000,2,30,498.000,498.000,1771.470,35.000,240.000,149.590,14.000,
0.130,7.000,3,30,500.000,500.000,1819.650,35.000,240.000,165.200,14.320,
0.130,7.000,4,30,494.000,494.000,1773.260,35.000,240.000,153.320,14.760,
0.130,7.000,5,30,502.000,502.000,2015.370,35.000,240.000,182.550,15.860,
0.130,7.000,6,30,501.000,501.000,2031.050,35.000,240.000,181.090,15.620,
0.130,7.000,7,30,501.000,501.000,1925.610,35.000,240.000,178.410,15.050,
0.130,7.000,8,30,500.000,500.000,1609.800,35.000,240.000,173.420,15.000,
0.130,7.000,9,30,486.000,486.000,1811.360,35.000,240.000,151.030,14.460,
0.140,3.000,0,30,356.000,356.000,2116.950,15.000,240.000,93.430,15.010,
0.140,3.000,1,30,286.000,286.000,1866.400,15.000,234.100,99.920,13.980,
0.140,3.000,2,30,421.000,421.000,1716.730,15.000,240.000,121.210,13.570,
0.140,3.000,3,30,374.000,374.000,1835.040,15.000,240.000,109.670,14.010,
0.140,3.000,4,30,392.000,392.000,1846.690,15.000,240.000,112.380,14.080,
0.140,3.000,5,30,467.000,467.000,2082.260,15.000,240.000,153.710,15.260,
0.140,3.000,6,30,410.000,410.000,1996.220,15.000,240.000,128.700,14.540,
0.140,3.000,7,30,411.000,411.000,1776.870,15.000,240.000,139.110,13.750,
0.140,3.000,8,30,400.000,400.000,1627.290,15.000,240.000,127.670,13.980,
0.140,3.000,9,30,359.000,359.000,1727.220,15.000,240.000,108.230,13.810,
0.140,3.500,0,30,388.000,388.000,2078.310,17.500,240.000,107.200,14.690,
0.140,3.500,1,30,422.000,422.000,1790.830,17.500,240.000,138.230,13.920,
0.140,3.500,2,30,415.000,415.000,1638.460,17.500,240.000,131.100,13.470,
0.140,3.500,3,30,389.000,389.000,1844.410,17.500,240.000,125.280,14.020,
0.140,3.500,4,30,409.000,409.000,1808.960,17.500,240.000,134.320,14.600,
0.140,3.500,5,30,470.000,470.000,2111.530,17.500,240.000,160.150,15.620,
0.140,3.500,6,30,436.000,436.000,2050.930,17.500,240.000,142.370,15.170,
0.140,3.500,7,30,402.000,402.000,1840.320,17.500,240.000,155.900,14.270,
0.140,3.500,8,30,460.000,460.000,1599.250,17.500,240.000,142.230,13.980,
0.140,3.500,9,30,401.000,401.000,1851.770,17.500,240.000,127.110,14.150,
0.140,4.000,0,30,398.000,398.000,2080.740,20.000,240.000,122.930,15.070,
0.140,4.000,1,30,453.000,453.000,1835.460,20.000,240.000,149.440,14.280,
0.140,4.000,2,30,457.000,457.000,1702.390,21.300,240.000,151.010,13.830,
0.140,4.000,3,30,454.000,454.000,1795.830,20.000,240.000,152.050,14.030,
0.140,4.000,4,30,498.000,498.000,1831.620,20.000,240.000,153.740,14.690,
0.140,4.000,5,30,490.000,490.000,2116.170,20.000,240.000,179.160,15.660,
0.140,4.000,6,30,424.000,424.000,2035.400,20.000,240.000,152.480,14.990,
0.140,4.000,7,30,463.000,463.000,1849.080,20.000,240.000,162.570,14.130,
0.140,4.000,8,30,489.000,489.000,1541.980,20.000,240.000,151.190,13.960,
0.140,4.000,9,30,408.000,408.000,1815.270,20.000,240.000,136.350,14.080,
0.140,4.500,0,30,481.000,481.000,2078.840,22.500,240.000,140.660,15.520,
0.140,4.500,1,30,477.000,477.000,1854.230,22.500,240.000,154.190,14.480,
0.140,4.500,2,30,500.000,500.000,1828.570,22.500,240.000,157.340,14.190,
0.140,4.500,3,30,495.000,495.000,1833.270,22.500,240.000,154.310,14.410,
0.140,4.500,4,30,470.000,470.000,1883.180,22.500,240.000,155.530,14.680,
0.140,4.500,5,30,502.000,502.000,2118.230,22.500,240.000,185.770,15.840,
0.140,4.500,6,30,482.000,482.000,2095.150,22.500,240.000,165.340,15.540,
0.140,4.500,7,30,501.000,501.000,1879.590,22.500,240.000,175.680,14.470,
0.140,4.500,8,30,486.000,486.000,1635.730,22.500,240.000,153.790,14.430,
0.140,4.500,9,30,454.000,454.000,1882.110,22.500,240.000,147.570,14.640,
0.140,5.000,0,30,487.000,487.000,2021.600,25.000,240.000,148.930,15.200,
0.140,5.000,1,30,457.000,457.000,1839.260,25.000,240.000,159.260,14.550,
0.140,5.000,2,30,500.000,500.000,1788.930,26.900,240.000,155.650,14.310,
0.140,5.000,3,30,500.000,500.000,1838.920,25.000,240.000,167.130,14.870,
0.140,5.000,4,30,469.000,469.000,1892.600,25.000,240.000,160.760,14.980,
0.140,5.000,5,30,502.000,502.000,2118.230,25.000,240.000,192.020,15.960,
0.140,5.000,6,30,501.000,501.000,2041.790,25.000,240.000,166.990,15.890,
0.140,5.000,7,30,501.000,501.000,1878.640,25.000,240.000,183.570,14.770,
0.140,5.000,8,30,497.000,497.000,1571.680,25.000,240.000,169.040,14.690,
0.140,5.000,9,30,472.000,472.000,1849.790,25.000,240.000,152.570,14.570,
0.140,5.500,0,30,497.000,497.000,2064.400,27.500,240.000,156.790,15.500,
0.140,5.500,1,30,484.000,484.000,1849.620,27.500,240.000,169.330,14.940,
0.140,5.500,2,30,500.000,500.000,1857.110,29.400,240.000,164.660,14.720,
0.140,5.500,3,30,499.000,499.000,1884.340,27.500,240.000,163.880,15.240,
0.140,5.500,4,30,468.000,468.000,1870.270,27.500,240.000,155.640,15.220,
0.140,5.500,5,30,501.000,501.000,2101.440,27.500,240.000,199.840,15.930,
0.140,5.500,6,30,501.000,501.000,2082.610,27.500,240.000,179.430,16.280,
0.140,5.500,7,30,501.000,501.000,1882.680,27.500,240.000,186.460,14.730,
0.140,5.500,8,30,500.000,500.000,1649.440,27.500,240.000,173.950,14.890,
0.140,5.500,9,30,475.000,475.000,1844.180,27.500,240.000,155.390,14.500,
0.140,6.000,0,30,498.000,498.000,2030.270,30.000,240.000,169.970,17.840,
0.140,6.000,1,30,494.000,494.000,1859.140,30.000,240.000,173.970,17.330,
0.140,6.000,2,30,498.000,498.000,1867.120,30.000,240.000,171.240,16.700,
0.140,6.000,3,30,499.000,499.000,1884.340,30.000,240.000,164.990,18.000,
0.140,6.000,4,30,466.000,466.000,1870.270,30.000,240.000,156.720,22.400,
0.140,6.000,5,30,502.000,502.000,2105.530,30.000,240.000,204.510,26.420,
0.140,6.000,6,30,502.000,502.000,2096.430,30.000,240.000,187.170,26.690,
0.140,6.000,7,30,501.000,501.000,1882.680,30.000,240.000,187.080,25.300,
0.140,6.000,8,30,500.000,500.000,1649.440,30.000,240.000,175.920,25.610,
0.140,6.000,9,30,500.000,500.000,1871.490,30.000,240.000,160.840,25.790,
0.140,6.500,0,30,498.000,498.000,2029.930,32.500,240.000,162.630,27.340,
0.140,6.500,1,30,502.000,502.000,1913.810,32.800,240.000,192.940,26.390,
0.140,6.500,2,30,501.000,501.000,1907.700,32.500,240.000,171.790,25.950,
0.140,6.500,3,30,499.000,499.000,1884.340,32.500,240.000,172.800,26.390,
0.140,6.500,4,30,463.000,463.000,1815.510,32.500,240.000,151.740,25.890,
0.140,6.500,5,30,505.000,505.000,2117.070,32.500,240.000,210.290,27.850,
0.140,6.500,6,30,502.000,502.000,2105.050,32.500,240.000,186.420,27.800,
0.140,6.500,7,30,501.000,501.000,1882.680,32.500,240.000,187.980,26.280,
0.140,6.500,8,30,500.000,500.000,1651.210,32.500,240.000,174.890,26.040,
0.140,6.500,9,30,501.000,501.000,1888.010,32.500,240.000,164.510,26.220,
0.140,7.000,0,30,499.000,499.000,1943.700,35.000,240.000,165.150,26.840,
0.140,7.000,1,30,502.000,502.000,1960.070,35.400,240.000,193.980,26.630,
0.140,7.000,2,30,498.000,498.000,1835.980,38.000,240.000,161.210,25.950,
0.140,7.000,3,30,499.000,499.000,1884.340,35.000,240.000,175.140,26.430,
0.140,7.000,4,30,473.000,473.000,1802.290,35.000,240.000,156.630,24.840,
0.140,7.000,5,30,505.000,505.000,2117.070,35.000,240.000,210.990,26.160,
0.140,7.000,6,30,502.000,502.000,2105.050,35.000,240.000,188.960,25.770,
0.140,7.000,7,30,501.000,501.000,1882.680,35.000,240.000,188.890,24.520,
0.140,7.000,8,30,500.000,500.000,1651.210,35.000,240.000,175.880,24.250,
0.140,7.000,9,30,501.000,501.000,2147.090,35.000,240.000,176.140,25.750,
0.150,3.000,0,30,368.000,368.000,2148.210,15.000,240.000,109.680,23.930,
0.150,3.000,1,30,426.000,426.000,1874.680,15.000,240.000,139.380,22.670,
0.150,3.000,2,30,405.000,405.000,1714.400,15.000,240.000,145.060,22.040,
0.150,3.000,3,30,414.000,414.000,1890.820,15.000,240.000,144.970,23.010,
0.150,3.000,4,30,433.000,433.000,1850.430,15.000,240.000,147.110,23.180,
0.150,3.000,5,30,469.000,469.000,2111.530,15.000,240.000,167.600,24.350,
0.150,3.000,6,30,435.000,435.000,2165.390,15.900,240.000,141.690,25.190,
0.150,3.000,7,30,484.000,484.000,1904.430,25.500,240.000,162.580,22.430,
0.150,3.000,8,30,435.000,435.000,1602.760,15.000,240.000,131.850,22.120,
0.150,3.000,9,30,403.000,403.000,1818.040,15.000,240.000,130.970,22.040,
0.150,3.500,0,30,398.000,398.000,2143.170,17.500,240.000,129.380,23.830,
0.150,3.500,1,30,492.000,492.000,1881.870,17.500,240.000,160.930,23.460,
0.150,3.500,2,30,500.000,500.000,1777.780,17.500,240.000,154.730,22.510,
0.150,3.500,3,30,500.000,500.000,1915.140,17.500,240.000,162.830,23.750,
0.150,3.500,4,30,466.000,466.000,1876.450,17.500,240.000,165.620,25.270,
0.150,3.500,5,30,490.000,490.000,2118.230,17.500,240.000,179.280,26.700,
0.150,3.500,6,30,495.000,495.000,2063.950,17.500,240.000,163.050,26.300,
0.150,3.500,7,30,501.000,501.000,1903.750,24.700,240.000,176.240,24.620,
0.150,3.500,8,30,493.000,493.000,1599.950,17.500,240.000,153.640,24.260,
0.150,3.500,9,30,411.000,411.000,1905.780,17.500,240.000,137.180,24.860,
0.150,4.000,0,30,485.000,485.000,2074.930,20.000,240.000,142.440,25.530,
0.150,4.000,1,30,503.000,503.000,1951.060,20.000,240.000,168.260,25.610,
0.150,4.000,2,30,501.000,501.000,1861.510,26.500,240.000,179.640,24.700,
0.150,4.000,3,30,501.000,501.000,1894.200,20.000,240.000,166.010,25.140,
0.150,4.000,4,30,452.000,452.000,1875.120,20.000,240.000,162.470,20.910,
0.150,4.000,5,30,502.000,502.000,2118.230,20.000,240.000,190.860,16.340,
0.150,4.000,6,30,486.000,486.000,2077.150,20.000,240.000,164.860,16.430,
0.150,4.000,7,30,501.000,501.000,1868.990,23.800,240.000,190.910,14.710,
0.150,4.000,8,30,497.000,497.000,1637.850,20.000,240.000,170.860,14.820,
0.150,4.000,9,30,455.000,455.000,1918.770,20.000,240.000,154.440,14.760,
0.150,4.500,0,30,494.000,494.000,2073.350,22.500,240.000,146.470,13.700,
0.150,4.500,1,30,502.000,502.000,1900.670,22.500,240.000,186.260,13.280,
0.150,4.500,2,30,500.000,500.000,1789.560,22.500,240.000,180.450,12.800,
0.150,4.500,3,30,499.000,499.000,1871.550,22.500,240.000,168.990,12.290,
0.150,4.500,4,30,461.000,461.000,1848.890,22.500,240.000,168.240,11.140,
0.150,4.500,5,30,501.000,501.000,2100.350,22.500,240.000,196.480,11.510,
0.150,4.500,6,30,501.000,501.000,2103.150,22.500,240.000,172.640,11.840,
0.150,4.500,7,30,501.000,501.000,1871.880,22.700,240.000,199.870,11.110,
0.150,4.500,8,30,499.000,499.000,1616.160,22.500,240.000,181.490,10.710,
0.150,4.500,9,30,500.000,500.000,1973.030,22.500,240.000,162.310,10.980,
0.150,5.000,0,30,498.000,498.000,2021.900,25.000,240.000,156.830,11.180,
0.150,5.000,1,30,502.000,502.000,1853.970,25.000,240.000,179.700,10.770,
0.150,5.000,2,30,500.000,500.000,1839.680,27.600,240.000,184.400,10.860,
0.150,5.000,3,30,500.000,500.000,1854.470,25.000,240.000,170.450,10.710,
0.150,5.000,4,30,472.000,472.000,1890.990,25.000,240.000,164.510,10.010,
0.150,5.000,5,30,501.000,501.000,2100.350,25.000,240.000,200.010,10.240,
0.150,5.000,6,30,502.000,502.000,2078.910,25.000,240.000,186.690,9.900,
0.150,5.000,7,30,501.000,501.000,1871.880,25.000,240.000,201.540,9.470,
0.150,5.000,8,30,499.000,499.000,1616.160,25.000,240.000,180.650,9.190,
0.150,5.000,9,30,501.000,501.000,1957.180,25.000,240.000,168.570,9.350,
0.150,5.500,0,30,499.000,499.000,2034.230,27.500,240.000,169.180,9.680,
0.150,5.500,1,30,499.000,499.000,1869.380,27.500,240.000,177.160,9.550,
0.150,5.500,2,30,500.000,500.000,1851.100,34.800,240.000,192.410,9.470,
0.150,5.500,3,30,499.000,499.000,1884.100,27.500,240.000,181.440,9.560,
0.150,5.500,4,30,498.000,498.000,1849.340,27.500,240.000,163.440,9.260,
0.150,5.500,5,30,505.000,505.000,2117.070,27.500,240.000,209.250,9.960,
0.150,5.500,6,30,502.000,502.000,2096.430,27.500,240.000,190.670,10.320,
0.150,5.500,7,30,501.000,501.000,1871.880,27.500,240.000,203.000,9.670,
0.150,5.500,8,30,500.000,500.000,1616.160,27.500,240.000,185.560,9.340,
0.150,5.500,9,30,501.000,501.000,2031.370,27.500,240.000,175.150,10.000,
0.150,6.000,0,30,502.000,502.000,2005.550,30.000,240.000,176.380,9.940,
0.150,6.000,1,30,502.000,502.000,1960.070,30.000,240.000,196.900,9.780,
0.150,6.000,2,30,501.000,501.000,1912.820,37.300,240.000,189.710,9.860,
0.150,6.000,3,30,499.000,499.000,1884.340,30.000,240.000,179.410,10.110,
0.150,6.000,4,30,498.000,498.000,1849.340,30.000,240.000,158.800,10.030,
0.150,6.000,5,30,505.000,505.000,2117.070,30.000,240.000,211.910,10.640,
0.150,6.000,6,30,503.000,503.000,2096.430,30.000,240.000,195.980,10.440,
0.150,6.000,7,30,501.000,501.000,1866.740,30.000,240.000,193.670,9.420,
0.150,6.000,8,30,500.000,500.000,1616.160,30.000,240.000,193.440,9.670,
0.150,6.000,9,30,500.000,500.000,2032.510,30.000,240.000,181.070,10.120,
0.150,6.500,0,30,502.000,502.000,2005.550,32.500,240.000,176.970,10.000,
0.150,6.500,1,30,502.000,502.000,1932.210,32.900,240.000,203.590,9.740,
0.150,6.500,2,30,501.000,501.000,1917.180,39.700,240.000,184.720,9.800,
0.150,6.500,3,30,501.000,501.000,1884.340,32.500,240.000,181.300,9.700,
0.150,6.500,4,30,499.000,499.000,1895.490,32.500,240.000,178.110,9.970,
0.150,6.500,5,30,505.000,505.000,2085.730,32.500,240.000,210.820,9.640,
0.150,6.500,6,30,502.000,502.000,2074.620,32.500,240.000,197.570,9.780,
0.150,6.500,7,30,501.000,501.000,1866.740,32.500,240.000,194.660,8.850,
0.150,6.500,8,30,500.000,500.000,1662.900,32.500,240.000,196.920,9.020,
0.150,6.500,9,30,501.000,501.000,1923.040,32.500,240.000,170.800,9.310,
0.150,7.000,0,30,502.000,502.000,2005.550,35.000,240.000,172.130,9.500,
0.150,7.000,1,30,502.000,502.000,1899.310,35.400,240.000,211.560,9.290,
0.150,7.000,2,30,501.000,501.000,1885.320,41.100,240.000,185.570,9.310,
0.150,7.000,3,30,501.000,501.000,1884.340,35.000,240.000,181.810,9.670,
0.150,7.000,4,30,499.000,499.000,1883.580,35.000,240.000,184.300,10.710,
0.150,7.000,5,30,505.000,505.000,2085.730,35.000,240.000,211.180,11.190,
0.150,7.000,6,30,502.000,502.000,2074.620,35.000,240.000,199.750,11.400,
0.150,7.000,7,30,501.000,501.000,1887.840,35.000,240.000,195.800,10.290,
0.150,7.000,8,30,500.000,500.000,1646.100,35.000,240.000,199.300,10.900,
0.150,7.000,9,30,500.000,500.000,1985.000,35.000,240.000,191.740,11.110,
0.160,3.000,0,30,384.000,384.000,2104.910,15.100,240.000,128.970,10.990,
0.160,3.000,1,30,493.000,493.000,1880.210,15.000,240.000,162.670,10.710,
0.160,3.000,2,30,500.000,500.000,1808.190,15.000,240.000,163.150,10.710,
0.160,3.000,3,30,466.000,466.000,1892.690,15.000,240.000,161.910,10.540,
0.160,3.000,4,30,452.000,452.000,1869.170,15.000,240.000,163.580,10.160,
0.160,3.000,5,30,483.000,483.000,2118.230,15.000,240.000,183.660,10.920,
0.160,3.000,6,30,426.000,426.000,2049.530,22.200,240.000,163.740,10.490,
0.160,3.000,7,30,499.000,499.000,1910.260,15.000,240.000,175.900,9.820,
0.160,3.000,8,30,499.000,499.000,1652.050,15.000,240.000,172.680,9.730,
0.160,3.000,9,30,436.000,436.000,1953.710,15.000,240.000,148.660,10.010,
0.160,3.500,0,30,488.000,488.000,2048.830,17.500,240.000,145.220,10.240,
0.160,3.500,1,30,480.000,480.000,1888.060,17.500,240.000,168.320,9.880,
0.160,3.500,2,30,500.000,500.000,1821.390,17.500,240.000,178.320,10.140,
0.160,3.500,3,30,499.000,499.000,1909.810,17.500,240.000,175.310,10.650,
0.160,3.500,4,30,480.000,480.000,1845.990,17.500,240.000,170.620,9.940,
0.160,3.500,5,30,502.000,502.000,2118.230,17.500,240.000,195.480,10.420,
0.160,3.500,6,30,488.000,488.000,2056.890,17.500,240.000,174.290,10.610,
0.160,3.500,7,30,501.000,501.000,1896.310,26.200,240.000,198.200,10.100,
0.160,3.500,8,30,497.000,497.000,1631.630,17.500,240.000,175.480,9.960,
0.160,3.500,9,30,499.000,499.000,2007.220,17.500,240.000,173.460,9.910,
0.160,4.000,0,30,497.000,497.000,2085.740,20.000,240.000,155.040,9.860,
0.160,4.000,1,30,502.000,502.000,1930.200,20.000,240.000,183.720,9.990,
0.160,4.000,2,30,501.000,501.000,1878.250,28.200,240.000,203.600,9.870,
0.160,4.000,3,30,499.000,499.000,1871.550,20.000,240.000,169.850,9.760,
0.160,4.000,4,30,499.000,499.000,1886.090,20.000,240.000,183.620,9.610,
0.160,4.000,5,30,501.000,501.000,2100.350,20.000,240.000,200.540,9.770,
0.160,4.000,6,30,502.000,502.000,2092.040,20.000,240.000,183.720,9.930,
0.160,4.000,7,30,501.000,501.000,1886.920,20.000,240.000,200.580,8.980,
0.160,4.000,8,30,499.000,499.000,1641.590,20.800,240.000,181.500,9.080,
0.160,4.000,9,30,500.000,500.000,2001.870,20.000,240.000,172.740,9.500,
0.160,4.500,0,30,498.000,498.000,2053.450,22.500,240.000,159.750,9.410,
0.160,4.500,1,30,502.000,502.000,1906.930,22.500,240.000,199.220,9.350,
0.160,4.500,2,30,501.000,501.000,1880.290,32.200,240.000,208.820,9.530,
0.160,4.500,3,30,499.000,499.000,1884.100,22.500,240.000,179.400,9.060,
0.160,4.500,4,30,499.000,499.000,1883.580,22.500,240.000,181.600,9.930,
0.160,4.500,5,30,505.000,505.000,2100.350,22.500,240.000,208.200,10.100,
0.160,4.500,6,30,502.000,502.000,2096.430,22.500,240.000,191.830,10.070,
0.160,4.500,7,30,501.000,501.000,1886.920,22.500,240.000,202.510,9.310,
0.160,4.500,8,30,500.000,500.000,1616.160,22.500,240.000,192.000,9.190,
0.160,4.500,9,30,500.000,500.000,1992.300,22.500,240.000,196.180,10.030,
0.160,5.000,0,30,498.000,498.000,2082.830,25.000,240.000,169.810,9.820,
0.160,5.000,1,30,502.000,502.000,1922.050,25.000,240.000,203.830,10.090,
0.160,5.000,2,30,500.000,500.000,1863.200,25.300,240.000,202.540,9.770,
0.160,5.000,3,30,499.000,499.000,1884.100,25.000,240.000,181.980,9.480,
0.160,5.000,4,30,499.000,499.000,1883.580,25.000,240.000,183.230,9.760,
0.160,5.000,5,30,505.000,505.000,2117.070,26.800,240.000,217.540,10.070,
0.160,5.000,6,30,502.000,502.000,2139.960,25.000,240.000,194.860,9.510,
0.160,5.000,7,30,501.000,501.000,1886.920,25.000,240.000,203.740,8.810,
0.160,5.000,8,30,500.000,500.000,1662.440,25.000,240.000,197.640,9.120,
0.160,5.000,9,30,500.000,500.000,1919.640,25.000,240.000,186.160,9.120,
0.160,5.500,0,30,503.000,503.000,2072.470,27.500,240.000,182.690,9.700,
0.160,5.500,1,30,502.000,502.000,1922.050,27.700,240.000,207.520,9.440,
0.160,5.500,2,30,500.000,500.000,1863.200,35.100,240.000,205.830,9.160,
0.160,5.500,3,30,500.000,500.000,1943.710,27.500,240.000,192.680,9.510,
0.160,5.500,4,30,499.000,499.000,1855.370,27.500,240.000,181.360,9.430,
0.160,5.500,5,30,505.000,505.000,2085.730,27.500,240.000,218.800,10.410,
0.160,5.500,6,30,503.000,503.000,2139.960,27.500,240.000,196.590,10.160,
0.160,5.500,7,30,501.000,501.000,1886.920,27.500,240.000,205.770,9.480,
0.160,5.500,8,30,500.000,500.000,1662.440,27.500,240.000,197.710,9.570,
0.160,5.500,9,30,503.000,503.000,1979.130,27.500,240.000,194.490,10.220,
0.160,6.000,0,30,502.000,502.000,1996.970,30.000,240.000,179.870,9.820,
0.160,6.000,1,30,502.000,502.000,1899.280,30.400,240.000,223.210,9.910,
0.160,6.000,2,30,500.000,500.000,1935.240,37.500,240.000,209.960,9.850,
0.160,6.000,3,30,502.000,502.000,1909.810,30.000,240.000,193.480,10.660,
0.160,6.000,4,30,499.000,499.000,1895.490,30.000,240.000,186.570,10.570,
0.160,6.000,5,30,505.000,505.000,2085.730,30.000,240.000,218.700,11.890,
0.160,6.000,6,30,503.000,503.000,2139.960,30.000,240.000,199.810,11.680,
0.160,6.000,7,30,501.000,501.000,1876.450,30.000,240.000,211.510,10.820,
0.160,6.000,8,30,500.000,500.000,1660.260,30.000,240.000,197.410,10.580,
0.160,6.000,9,30,500.000,500.000,1905.300,30.000,240.000,190.180,11.400,
0.160,6.500,0,30,503.000,503.000,2062.810,32.500,240.000,185.870,11.940,
0.160,6.500,1,30,502.000,502.000,1899.280,32.900,240.000,222.100,11.180,
0.160,6.500,2,30,500.000,500.000,1935.240,39.900,240.000,210.140,11.180,
0.160,6.500,3,30,502.000,502.000,1835.420,32.500,240.000,188.570,11.720,
0.160,6.500,4,30,499.000,499.000,1908.030,32.500,240.000,194.800,12.510,
0.160,6.500,5,30,505.000,505.000,2085.730,32.500,240.000,219.090,12.440,
0.160,6.500,6,30,503.000,503.000,2074.620,32.500,240.000,201.720,12.370,
0.160,6.500,7,30,501.000,501.000,1876.450,32.500,240.000,212.200,11.270,
0.160,6.500,8,30,500.000,500.000,1660.260,32.500,240.000,197.930,11.100,
0.160,6.500,9,30,503.000,503.000,1984.810,32.500,240.000,208.570,12.060,
0.160,7.000,0,30,503.000,503.000,2100.050,35.000,240.000,193.040,12.230,
0.160,7.000,1,30,502.000,502.000,1899.280,35.400,240.000,222.340,11.850,
0.160,7.000,2,30,500.000,500.000,1935.240,49.000,240.000,210.720,11.510,
0.160,7.000,3,30,503.000,503.000,1943.710,35.000,240.000,195.480,12.360,
0.160,7.000,4,30,499.000,499.000,1850.040,35.000,240.000,204.640,12.050,
0.160,7.000,5,30,505.000,505.000,2085.730,35.000,240.000,219.360,12.440,
0.160,7.000,6,30,503.000,503.000,2074.620,35.000,240.000,205.370,12.670,
0.160,7.000,7,30,501.000,501.000,1876.450,35.000,240.000,212.640,11.410,
0.160,7.000,8,30,500.000,500.000,1660.200,35.000,240.000,197.830,11.390,
0.160,7.000,9,30,503.000,503.000,1986.520,60.600,240.000,216.830,11.870,
0.170,3.000,0,30,483.000,483.000,2032.180,15.000,240.000,137.800,11.500,
0.170,3.000,1,30,503.000,503.000,1965.530,16.300,240.000,180.900,12.120,
0.170,3.000,2,30,501.000,501.000,1861.070,15.000,240.000,183.570,11.680,
0.170,3.000,3,30,499.000,499.000,1933.220,15.000,240.000,170.580,12.080,
0.170,3.000,4,30,464.000,464.000,1904.680,15.000,240.000,169.790,12.500,
0.170,3.000,5,30,502.000,502.000,2107.920,15.000,240.000,206.080,12.280,
0.170,3.000,6,30,487.000,487.000,2097.090,24.400,240.000,179.530,12.380,
0.170,3.000,7,30,501.000,501.000,1919.230,15.000,240.000,197.580,11.240,
0.170,3.000,8,30,496.000,496.000,1585.560,15.000,240.000,168.960,11.320,
0.170,3.000,9,30,500.000,500.000,2025.080,15.000,240.000,179.840,12.050,
0.170,3.500,0,30,498.000,498.000,2042.090,17.500,240.000,157.200,11.850,
0.170,3.500,1,30,502.000,502.000,1953.990,19.300,240.000,192.030,12.110,
0.170,3.500,2,30,501.000,501.000,1910.000,17.500,240.000,203.210,12.320,
0.170,3.500,3,30,499.000,499.000,1868.740,17.500,240.000,178.300,12.230,
0.170,3.500,4,30,499.000,499.000,1898.630,17.500,240.000,193.300,13.420,
0.170,3.500,5,30,502.000,502.000,2105.530,21.600,240.000,208.380,14.070,
0.170,3.500,6,30,502.000,502.000,2092.040,17.500,240.000,189.850,14.070,
0.170,3.500,7,30,501.000,501.000,1877.320,17.500,240.000,205.650,12.760,
0.170,3.500,8,30,500.000,500.000,1681.700,17.500,240.000,185.870,12.950,
0.170,3.500,9,30,500.000,500.000,1933.290,17.500,240.000,189.990,13.540,
0.170,4.000,0,30,498.000,498.000,2042.090,20.000,240.000,163.370,13.400,
0.170,4.000,1,30,502.000,502.000,1924.460,20.000,240.000,199.290,13.870,
0.170,4.000,2,30,500.000,500.000,1935.240,34.100,240.000,219.910,13.320,
0.170,4.000,3,30,499.000,499.000,1940.870,20.000,240.000,193.240,13.680,
0.170,4.000,4,30,499.000,499.000,1908.030,20.000,240.000,198.380,13.190,
0.170,4.000,5,30,505.000,505.000,2100.350,20.000,240.000,210.190,12.700,
0.170,4.000,6,30,502.000,502.000,2096.350,20.000,240.000,193.600,12.600,
0.170,4.000,7,30,501.000,501.000,1886.920,20.300,240.000,203.440,11.490,
0.170,4.000,8,30,500.000,500.000,1683.170,20.400,240.000,181.140,11.530,
0.170,4.000,9,30,499.000,499.000,1987.310,20.000,240.000,198.960,12.160,
0.170,4.500,0,30,503.000,503.000,2021.250,22.500,240.000,176.850,12.400,
0.170,4.500,1,30,503.000,503.000,1969.300,22.500,240.000,208.120,12.520,
0.170,4.500,2,30,500.000,500.000,1935.240,34.400,240.000,221.600,12.140,
0.170,4.500,3,30,503.000,503.000,1940.870,22.500,240.000,192.260,11.740,
0.170,4.500,4,30,499.000,499.000,1908.030,22.500,240.000,199.720,11.350,
0.170,4.500,5,30,505.000,505.000,2085.730,28.600,240.000,219.210,11.680,
0.170,4.500,6,30,502.000,502.000,2139.960,22.500,240.000,196.700,12.170,
0.170,4.500,7,30,501.000,501.000,1877.500,26.000,240.000,208.030,10.850,
0.170,4.500,8,30,500.000,500.000,1676.540,25.400,240.000,196.730,10.980,
0.170,4.500,9,30,503.000,503.000,1953.490,22.500,240.000,206.690,11.080,
0.170,5.000,0,30,502.000,502.000,2005.280,25.000,240.000,173.660,11.660,
0.170,5.000,1,30,502.000,502.000,1913.320,25.000,240.000,211.000,11.910,
0.170,5.000,2,30,500.000,500.000,1935.240,34.800,240.000,222.410,11.270,
0.170,5.000,3,30,503.000,503.000,1940.870,25.000,240.000,195.790,11.750,
0.170,5.000,4,30,499.000,499.000,1908.030,25.000,240.000,200.940,11.790,
0.170,5.000,5,30,505.000,505.000,2085.730,28.300,240.000,219.450,11.940,
0.170,5.000,6,30,503.000,503.000,2139.960,25.000,240.000,199.670,11.760,
0.170,5.000,7,30,501.000,501.000,1876.450,25.000,240.000,211.240,10.840,
0.170,5.000,8,30,500.000,500.000,1660.200,25.000,240.000,197.360,10.890,
0.170,5.000,9,30,503.000,503.000,1984.810,25.000,240.000,214.730,11.530,
0.170,5.500,0,30,503.000,503.000,2065.980,27.500,240.000,188.900,11.690,
0.170,5.500,1,30,502.000,502.000,1873.810,27.700,240.000,217.730,11.550,
0.170,5.500,2,30,502.000,502.000,1935.240,36.200,240.000,223.440,11.230,
0.170,5.500,3,30,503.000,503.000,1940.870,27.700,240.000,210.200,12.070,
0.170,5.500,4,30,499.000,499.000,1908.030,27.500,240.000,201.800,12.060,
0.170,5.500,5,30,505.000,505.000,2085.730,28.100,240.000,219.590,11.640,
0.170,5.500,6,30,503.000,503.000,2139.960,27.500,240.000,204.220,11.940,
0.170,5.500,7,30,501.000,501.000,1876.450,27.500,240.000,212.540,11.160,
0.170,5.500,8,30,501.000,501.000,1660.170,27.500,240.000,200.840,11.040,
0.170,5.500,9,30,503.000,503.000,1984.810,27.600,240.000,215.860,11.640,
0.170,6.000,0,30,503.000,503.000,2065.980,30.000,240.000,189.560,11.940,
0.170,6.000,1,30,502.000,502.000,1899.280,30.400,240.000,225.430,11.170,
0.170,6.000,2,30,502.000,502.000,1935.240,37.800,240.000,223.730,11.570,
0.170,6.000,3,30,503.000,503.000,1917.550,30.200,240.000,212.860,10.940,
0.170,6.000,4,30,499.000,499.000,1886.410,30.000,240.000,205.490,11.260,
0.170,6.000,5,30,505.000,505.000,2085.730,30.000,240.000,219.720,11.390,
0.170,6.000,6,30,503.000,503.000,2074.620,30.000,240.000,205.010,11.860,
0.170,6.000,7,30,501.000,501.000,1876.450,30.000,240.000,213.180,10.380,
0.170,6.000,8,30,501.000,501.000,1660.200,30.000,240.000,201.630,10.760,
0.170,6.000,9,30,503.000,503.000,2021.050,30.000,240.000,211.720,11.390,
0.170,6.500,0,30,503.000,503.000,2103.220,32.500,240.000,196.300,11.910,
0.170,6.500,1,30,502.000,502.000,1899.280,32.900,240.000,225.750,11.430,
0.170,6.500,2,30,502.000,502.000,1935.240,40.300,240.000,219.980,10.970,
0.170,6.500,3,30,503.000,503.000,1917.550,32.600,240.000,205.970,11.670,
0.170,6.500,4,30,499.000,499.000,1859.500,32.500,240.000,207.270,12.480,
0.170,6.500,5,30,505.000,505.000,2085.730,32.500,240.000,219.940,13.370,
0.170,6.500,6,30,503.000,503.000,2074.620,32.500,240.000,205.650,13.180,
0.170,6.500,7,30,502.000,502.000,1876.450,32.500,240.000,217.430,12.280,
0.170,6.500,8,30,501.000,501.000,1659.910,32.500,240.000,209.000,12.110,
0.170,6.500,9,30,503.000,503.000,1984.810,32.500,240.000,217.130,12.720,
0.170,7.000,0,30,503.000,503.000,2100.050,35.000,240.000,195.320,13.140,
0.170,7.000,1,30,502.000,502.000,1899.280,35.500,240.000,226.440,12.650,
0.170,7.000,2,30,502.000,502.000,1935.240,50.700,240.000,212.720,12.400,
0.170,7.000,3,30,503.000,503.000,1917.550,35.000,240.000,206.070,12.990,
0.170,7.000,4,30,499.000,499.000,1886.410,35.000,240.000,200.760,13.090,
0.170,7.000,5,30,505.000,505.000,2085.730,35.000,240.000,220.580,13.170,
0.170,7.000,6,30,503.000,503.000,2074.620,35.000,240.000,206.660,13.120,
0.170,7.000,7,30,502.000,502.000,1876.450,35.000,240.000,217.730,12.300,
0.170,7.000,8,30,501.000,501.000,1661.870,35.000,240.000,209.910,12.270,
0.170,7.000,9,30,503.000,503.000,1986.520,64.900,240.000,219.770,12.510,
0.180,3.000,0,30,492.000,492.000,2032.180,15.000,240.000,149.830,12.310,
0.180,3.000,1,30,502.000,502.000,1953.990,16.400,240.000,195.160,12.830,
0.180,3.000,2,30,501.000,501.000,1910.000,15.600,240.000,192.560,12.770,
0.180,3.000,3,30,499.000,499.000,1880.690,15.000,240.000,178.820,12.480,
0.180,3.000,4,30,499.000,499.000,1887.510,15.000,240.000,193.770,12.230,
0.180,3.000,5,30,502.000,502.000,2105.530,15.000,240.000,207.270,12.910,
0.180,3.000,6,30,502.000,502.000,2106.140,15.000,240.000,191.230,12.780,
0.180,3.000,7,30,501.000,501.000,1922.120,15.000,240.000,205.130,11.520,
0.180,3.000,8,30,500.000,500.000,1681.700,15.000,240.000,188.670,11.840,
0.180,3.000,9,30,499.000,499.000,1981.760,15.000,240.000,194.590,12.500,
0.180,3.500,0,30,498.000,498.000,2076.440,17.500,240.000,168.460,12.600,
0.180,3.500,1,30,503.000,503.000,1980.270,19.500,240.000,208.290,12.770,
0.180,3.500,2,30,500.000,500.000,1943.460,17.500,240.000,213.860,12.420,
0.180,3.500,3,30,503.000,503.000,1940.870,17.500,240.000,197.790,12.750,
0.180,3.500,4,30,499.000,499.000,1867.910,17.500,240.000,197.860,12.810,
0.180,3.500,5,30,505.000,505.000,2105.530,30.700,240.000,218.890,13.120,
0.180,3.500,6,30,502.000,502.000,2081.090,17.500,240.000,199.630,12.660,
0.180,3.500,7,30,501.000,501.000,1877.320,17.500,240.000,210.290,11.810,
0.180,3.500,8,30,500.000,500.000,1663.390,17.500,240.000,185.190,12.010,
0.180,3.500,9,30,502.000,502.000,1987.310,17.500,240.000,201.380,12.460,
0.180,4.000,0,30,503.000,503.000,1994.490,20.000,240.000,179.850,12.760,
0.180,4.000,1,30,502.000,502.000,1960.540,21.500,240.000,211.180,12.520,
0.180,4.000,2,30,500.000,500.000,1935.240,35.800,240.000,222.740,12.330,
0.180,4.000,3,30,503.000,503.000,1940.870,20.000,240.000,200.190,13.090,
0.180,4.000,4,30,499.000,499.000,1908.030,20.000,240.000,200.480,12.970,
0.180,4.000,5,30,505.000,505.000,2085.730,30.800,240.000,219.870,13.120,
0.180,4.000,6,30,503.000,503.000,2074.620,30.200,240.000,204.630,13.240,
0.180,4.000,7,30,501.000,501.000,1865.370,28.000,240.000,212.560,11.940,
0.180,4.000,8,30,500.000,500.000,1683.170,20.800,240.000,193.230,12.120,
0.180,4.000,9,30,503.000,503.000,1984.810,28.100,240.000,216.180,12.660,
0.180,4.500,0,30,503.000,503.000,2023.960,22.500,240.000,176.160,12.660,
0.180,4.500,1,30,502.000,502.000,1899.280,31.700,240.000,225.290,12.730,
0.180,4.500,2,30,502.000,502.000,1935.240,36.200,240.000,223.940,12.620,
0.180,4.500,3,30,503.000,503.000,1953.220,22.500,240.000,210.120,13.150,
0.180,4.500,4,30,499.000,499.000,1908.030,22.500,240.000,202.310,13.350,
0.180,4.500,5,30,505.000,505.000,2085.730,32.800,240.000,220.150,13.630,
0.180,4.500,6,30,503.000,503.000,2074.620,22.500,240.000,205.620,13.820,
0.180,4.500,7,30,501.000,501.000,1854.860,27.300,240.000,216.900,12.670,
0.180,4.500,8,30,501.000,501.000,1660.170,22.500,240.000,206.400,12.530,
0.180,4.500,9,30,503.000,503.000,1960.560,22.500,240.000,210.410,13.090,
0.180,5.000,0,30,503.000,503.000,2106.250,25.000,240.000,189.040,13.400,
0.180,5.000,1,30,502.000,502.000,1899.280,31.700,240.000,225.830,12.860,
0.180,5.000,2,30,502.000,502.000,1935.240,36.400,240.000,224.180,12.760,
0.180,5.000,3,30,503.000,503.000,1926.350,25.000,240.000,211.330,12.250,
0.180,5.000,4,30,501.000,501.000,1908.050,25.000,240.000,204.070,12.420,
0.180,5.000,5,30,505.000,505.000,2085.730,29.800,240.000,220.520,11.770,
0.180,5.000,6,30,503.000,503.000,2074.620,25.000,240.000,207.540,12.450,
0.180,5.000,7,30,501.000,501.000,1854.860,26.600,240.000,221.900,10.900,
0.180,5.000,8,30,501.000,501.000,1659.910,27.300,240.000,208.300,11.100,
0.180,5.000,9,30,503.000,503.000,1984.810,28.100,240.000,218.780,11.680,
0.180,5.500,0,30,503.000,503.000,2106.250,27.500,240.000,197.020,12.320,
0.180,5.500,1,30,502.000,502.000,1899.280,31.500,240.000,226.610,11.920,
0.180,5.500,2,30,502.000,502.000,1935.240,40.900,240.000,224.490,11.430,
0.180,5.500,3,30,503.000,503.000,1926.350,27.700,240.000,218.560,12.460,
0.180,5.500,4,30,499.000,499.000,1886.410,27.500,240.000,206.660,12.950,
0.180,5.500,5,30,505.000,505.000,2085.730,29.400,240.000,220.700,13.170,
0.180,5.500,6,30,503.000,503.000,2139.960,27.500,240.000,208.270,13.060,
0.180,5.500,7,30,502.000,502.000,1876.450,27.500,240.000,217.730,12.080,
0.180,5.500,8,30,501.000,501.000,1661.870,27.500,240.000,209.170,12.110,
0.180,5.500,9,30,503.000,503.000,1984.810,27.600,240.000,219.600,12.570,
0.180,6.000,0,30,503.000,503.000,2106.250,30.000,240.000,197.120,13.450,
0.180,6.000,1,30,502.000,502.000,1899.280,31.000,240.000,226.720,12.820,
0.180,6.000,2,30,502.000,502.000,1935.240,47.300,240.000,224.450,12.850,
0.180,6.000,3,30,503.000,503.000,1926.350,30.200,240.000,218.590,12.080,
0.180,6.000,4,30,500.000,500.000,1879.740,30.000,240.000,214.440,12.040,
0.180,6.000,5,30,505.000,505.000,2085.730,30.000,240.000,220.850,12.670,
0.180,6.000,6,30,503.000,503.000,2074.620,30.000,240.000,208.610,12.840,
0.180,6.000,7,30,502.000,502.000,1876.450,30.000,240.000,217.780,11.880,
0.180,6.000,8,30,501.000,501.000,1661.870,30.000,240.000,209.730,11.720,
0.180,6.000,9,30,503.000,503.000,1984.810,30.100,240.000,219.750,12.120,
0.180,6.500,0,30,503.000,503.000,2103.220,32.500,240.000,198.460,12.950,
0.180,6.500,1,30,502.000,502.000,1899.280,32.900,240.000,226.890,12.120,
0.180,6.500,2,30,502.000,502.000,1935.240,48.200,240.000,227.180,11.900,
0.180,6.500,3,30,503.000,503.000,1926.350,32.700,240.000,218.610,12.330,
0.180,6.500,4,30,500.000,500.000,1898.190,32.500,240.000,207.730,13.140,
0.180,6.500,5,30,505.000,505.000,2085.730,32.500,240.000,221.600,13.500,
0.180,6.500,6,30,503.000,503.000,2074.620,32.500,240.000,212.080,13.150,
0.180,6.500,7,30,502.000,502.000,1876.450,32.500,240.000,217.860,12.390,
0.180,6.500,8,30,501.000,501.000,1661.870,32.500,240.000,216.790,12.360,
0.180,6.500,9,30,503.000,503.000,1984.810,32.500,240.000,219.400,12.740,
0.180,7.000,0,30,503.000,503.000,2103.220,35.000,240.000,198.820,13.230,
0.180,7.000,1,30,502.000,502.000,1899.280,35.500,240.000,227.050,12.380,
0.180,7.000,2,30,502.000,502.000,1935.240,51.000,240.000,227.330,12.230,
0.180,7.000,3,30,503.000,503.000,1926.350,35.000,240.000,211.760,12.370,
0.180,7.000,4,30,500.000,500.000,1898.190,35.000,240.000,208.010,12.460,
0.180,7.000,5,30,505.000,505.000,2085.730,50.100,240.000,223.180,12.700,
0.180,7.000,6,30,503.000,503.000,2074.620,35.000,240.000,212.970,12.500,
0.180,7.000,7,30,502.000,502.000,1876.450,35.000,240.000,218.030,11.680,
0.180,7.000,8,30,501.000,501.000,1687.880,35.000,240.000,224.260,11.980,
0.180,7.000,9,30,503.000,503.000,1986.520,35.000,240.000,226.830,12.350,
0.190,3.000,0,30,499.000,499.000,2092.170,15.000,240.000,175.370,12.390,
0.190,3.000,1,30,502.000,502.000,1941.120,16.400,240.000,204.850,12.590,
0.190,3.000,2,30,500.000,500.000,1935.240,15.600,240.000,213.150,12.100,
0.190,3.000,3,30,503.000,503.000,1940.870,15.000,240.000,197.970,12.570,
0.190,3.000,4,30,499.000,499.000,1867.910,15.200,240.000,199.450,12.570,
0.190,3.000,5,30,505.000,505.000,2105.530,15.000,240.000,218.780,12.930,
0.190,3.000,6,30,503.000,503.000,2084.770,15.600,240.000,208.870,13.200,
0.190,3.000,7,30,501.000,501.000,1859.370,15.000,240.000,217.440,12.110,
0.190,3.000,8,30,500.000,500.000,1689.060,15.700,240.000,214.060,11.870,
0.190,3.000,9,30,502.000,502.000,1976.790,15.000,240.000,208.890,12.570,
0.190,3.500,0,30,503.000,503.000,2076.150,18.100,240.000,189.640,12.720,
0.190,3.500,1,30,502.000,502.000,1905.400,19.500,240.000,211.600,12.160,
0.190,3.500,2,30,500.000,500.000,1847.110,17.500,240.000,209.190,12.610,
0.190,3.500,3,30,503.000,503.000,1940.870,17.500,240.000,202.480,12.910,
0.190,3.500,4,30,501.000,501.000,1908.050,17.500,240.000,203.810,12.790,
0.190,3.500,5,30,505.000,505.000,2085.730,76.700,240.000,225.670,12.640,
0.190,3.500,6,30,503.000,503.000,2074.620,17.500,240.000,207.160,12.330,
0.190,3.500,7,30,499.000,499.000,1854.130,45.700,240.000,222.400,11.340,
0.190,3.500,8,30,500.000,500.000,1683.170,17.500,240.000,204.610,11.740,
0.190,3.500,9,30,503.000,503.000,1962.270,17.500,240.000,216.470,11.990,
0.190,4.000,0,30,503.000,503.000,2099.210,20.000,240.000,191.040,12.510,
0.190,4.000,1,30,502.000,502.000,1899.280,21.700,240.000,219.420,12.060,
0.190,4.000,2,30,502.000,502.000,1935.240,50.700,240.000,225.140,11.830,
0.190,4.000,3,30,503.000,503.000,1940.870,20.000,240.000,203.860,12.590,
0.190,4.000,4,30,501.000,501.000,1880.620,20.000,240.000,210.570,12.330,
0.190,4.000,5,30,505.000,505.000,2085.730,32.200,240.000,224.700,12.940,
0.190,4.000,6,30,502.000,502.000,2072.450,33.200,240.000,226.610,13.210,
0.190,4.000,7,30,501.000,501.000,1854.860,30.300,240.000,221.480,11.890,
0.190,4.000,8,30,501.000,501.000,1660.170,20.000,240.000,207.690,11.700,
0.190,4.000,9,30,503.000,503.000,1984.810,29.900,240.000,219.350,12.250,
0.190,4.500,0,30,503.000,503.000,2068.790,22.500,240.000,185.320,12.470,
0.190,4.500,1,30,502.000,502.000,1899.280,34.500,240.000,227.020,12.140,
0.190,4.500,2,30,502.000,502.000,1935.240,50.200,240.000,230.020,12.270,
0.190,4.500,3,30,503.000,503.000,1926.350,22.500,240.000,212.040,12.220,
0.190,4.500,4,30,500.000,500.000,1907.050,22.500,240.000,204.530,12.760,
0.190,4.500,5,30,505.000,505.000,2085.730,33.000,240.000,225.540,13.100,
0.190,4.500,6,30,502.000,502.000,2072.450,32.400,240.000,229.360,13.290,
0.190,4.500,7,30,501.000,501.000,1854.860,28.600,240.000,222.410,11.850,
0.190,4.500,8,30,501.000,501.000,1661.870,22.500,240.000,209.390,11.890,
0.190,4.500,9,30,503.000,503.000,1960.560,22.500,240.000,212.980,12.260,
0.190,5.000,0,30,503.000,503.000,2188.780,25.000,240.000,199.320,13.620,
0.190,5.000,1,30,502.000,502.000,1899.280,34.300,240.000,227.180,13.060,
0.190,5.000,2,30,502.000,502.000,1935.240,49.900,240.000,230.260,12.570,
0.190,5.000,3,30,503.000,503.000,1926.350,25.000,240.000,212.250,12.930,
0.190,5.000,4,30,499.000,499.000,1898.190,30.000,240.000,200.880,12.700,
0.190,5.000,5,30,505.000,505.000,2085.730,31.100,240.000,226.070,13.140,
0.190,5.000,6,30,503.000,503.000,2074.620,25.000,240.000,218.750,13.080,
0.190,5.000,7,30,501.000,501.000,1854.860,27.800,240.000,222.870,11.920,
0.190,5.000,8,30,501.000,501.000,1661.870,28.600,240.000,210.360,11.950,
0.190,5.000,9,30,503.000,503.000,1984.810,25.000,240.000,219.550,12.630,
0.190,5.500,0,30,503.000,503.000,2114.940,27.500,240.000,200.700,12.730,
0.190,5.500,1,30,502.000,502.000,1899.280,33.800,240.000,227.280,11.990,
0.190,5.500,2,30,502.000,502.000,1935.240,49.600,240.000,230.210,11.720,
0.190,5.500,3,30,503.000,503.000,1926.350,27.700,240.000,219.500,12.050,
0.190,5.500,4,30,499.000,499.000,1898.190,29.800,240.000,200.580,12.350,
0.190,5.500,5,30,505.000,505.000,2085.730,30.800,240.000,226.500,12.750,
0.190,5.500,6,30,503.000,503.000,2074.620,27.500,240.000,212.020,12.470,
0.190,5.500,7,30,501.000,501.000,1854.860,27.500,240.000,224.680,11.880,
0.190,5.500,8,30,501.000,501.000,1661.870,28.100,240.000,210.790,11.700,
0.190,5.500,9,30,503.000,503.000,1990.910,27.500,240.000,220.750,12.310,
0.190,6.000,0,30,503.000,503.000,2188.780,30.000,240.000,207.690,12.970,
0.190,6.000,1,30,502.000,502.000,1899.280,33.600,240.000,227.350,12.640,
0.190,6.000,2,30,502.000,502.000,1935.240,49.500,240.000,230.610,12.500,
0.190,6.000,3,30,503.000,503.000,1926.350,30.200,240.000,219.110,12.500,
0.190,6.000,4,30,500.000,500.000,1879.740,30.000,240.000,214.720,12.010,
0.190,6.000,5,30,505.000,505.000,2085.730,30.600,240.000,226.680,12.780,
0.190,6.000,6,30,503.000,503.000,2074.620,30.000,240.000,212.160,12.640,
0.190,6.000,7,30,501.000,501.000,1854.860,30.000,240.000,224.870,11.740,
0.190,6.000,8,30,501.000,501.000,1661.870,30.000,240.000,217.710,11.920,
0.190,6.000,9,30,503.000,503.000,1990.910,30.000,240.000,221.100,12.240,
0.190,6.500,0,30,503.000,503.000,2097.660,32.500,240.000,202.220,12.580,
0.190,6.500,1,30,502.000,502.000,1899.280,33.400,240.000,227.410,12.100,
0.190,6.500,2,30,502.000,502.000,1935.240,49.600,240.000,232.470,11.730,
0.190,6.500,3,30,503.000,503.000,1926.350,32.700,240.000,219.120,11.610,
0.190,6.500,4,30,500.000,500.000,1898.190,32.500,240.000,207.940,11.650,
0.190,6.500,5,30,505.000,505.000,2085.730,32.500,240.000,228.460,11.910,
0.190,6.500,6,30,502.000,502.000,2040.220,32.500,240.000,219.260,11.850,
0.190,6.500,7,30,502.000,502.000,1876.450,32.500,240.000,219.660,10.870,
0.190,6.500,8,30,501.000,501.000,1661.870,32.500,240.000,218.250,11.100,
0.190,6.500,9,30,503.000,503.000,1992.620,32.500,240.000,231.970,11.600,
0.190,7.000,0,30,503.000,503.000,2097.660,35.000,240.000,202.660,12.230,
0.190,7.000,1,30,502.000,502.000,1899.280,35.500,240.000,227.530,11.250,
0.190,7.000,2,30,502.000,502.000,1935.240,53.700,240.000,232.800,11.300,
0.190,7.000,3,30,503.000,503.000,1926.350,35.100,240.000,219.150,11.620,
0.190,7.000,4,30,500.000,500.000,1879.740,35.000,240.000,215.060,11.250,
0.190,7.000,5,30,505.000,505.000,2085.730,84.200,240.000,229.910,12.210,
0.190,7.000,6,30,503.000,503.000,2074.620,35.000,240.000,219.510,11.820,
0.190,7.000,7,30,502.000,502.000,1876.450,35.000,240.000,219.680,11.050,
0.190,7.000,8,30,501.000,501.000,1687.880,35.000,240.000,225.500,11.150,
0.190,7.000,9,30,503.000,503.000,1992.620,35.000,240.000,232.100,11.790,
0.200,3.000,0,30,501.000,501.000,2111.240,15.500,240.000,182.540,12.240,
0.200,3.000,1,30,502.000,502.000,1899.280,16.500,240.000,217.940,11.380,
0.200,3.000,2,30,502.000,502.000,1935.240,18.200,240.000,223.960,11.140,
0.200,3.000,3,30,503.000,503.000,1940.870,15.000,240.000,210.040,11.900,
0.200,3.000,4,30,499.000,499.000,1847.500,15.000,240.000,196.410,11.970,
0.200,3.000,5,30,505.000,505.000,2114.100,15.000,240.000,220.460,12.130,
0.200,3.000,6,30,502.000,502.000,2072.450,141.200,240.000,231.720,12.520,
0.200,3.000,7,30,501.000,501.000,1854.130,15.000,240.000,221.840,11.240,
0.200,3.000,8,30,500.000,500.000,1689.060,17.000,240.000,211.900,11.280,
0.200,3.000,9,30,503.000,503.000,1962.270,15.000,240.000,217.810,11.690,
0.200,3.500,0,30,503.000,503.000,2061.500,18.400,240.000,184.720,11.920,
0.200,3.500,1,30,502.000,502.000,1899.280,19.600,240.000,219.860,11.870,
0.200,3.500,2,30,502.000,502.000,1935.240,53.800,240.000,230.010,11.690,
0.200,3.500,3,30,503.000,503.000,1940.870,17.500,240.000,204.410,12.300,
0.200,3.500,4,30,500.000,500.000,1907.050,17.500,240.000,205.520,11.970,
0.200,3.500,5,30,505.000,505.000,2099.480,63.300,240.000,225.630,12.000,
0.200,3.500,6,30,502.000,502.000,2072.450,37.500,240.000,227.700,12.290,
0.200,3.500,7,30,501.000,501.000,1863.610,52.100,240.000,227.700,11.120,
0.200,3.500,8,30,501.000,501.000,1683.730,17.500,240.000,223.070,11.300,
0.200,3.500,9,30,503.000,503.000,1992.620,17.500,240.000,222.460,11.580,
0.200,4.000,0,30,503.000,503.000,2099.210,20.000,240.000,191.970,12.290,
0.200,4.000,1,30,502.000,502.000,1899.280,21.800,240.000,220.180,11.910,
0.200,4.000,2,30,502.000,502.000,1935.240,52.600,240.000,230.710,11.540,
0.200,4.000,3,30,503.000,503.000,1917.550,20.000,240.000,205.370,11.870,
0.200,4.000,4,30,500.000,500.000,1907.050,20.000,240.000,206.070,12.380,
0.200,4.000,5,30,505.000,505.000,2099.480,61.800,240.000,226.450,12.330,
0.200,4.000,6,30,502.000,502.000,2040.220,35.700,240.000,232.770,12.280,
0.200,4.000,7,30,501.000,501.000,1863.610,50.100,240.000,231.310,11.470,
0.200,4.000,8,30,501.000,501.000,1687.880,38.700,240.000,231.360,11.510,
0.200,4.000,9,30,503.000,503.000,1992.620,20.000,240.000,230.730,12.470,
0.200,4.500,0,30,504.000,504.000,2163.530,22.500,240.000,203.710,12.620,
0.200,4.500,1,30,502.000,502.000,1899.280,39.100,240.000,227.690,12.300,
0.200,4.500,2,30,502.000,502.000,1935.240,51.900,240.000,231.300,12.340,
0.200,4.500,3,30,503.000,503.000,1926.350,22.500,240.000,213.620,12.420,
0.200,4.500,4,30,500.000,500.000,1898.190,22.500,240.000,209.560,12.890,
0.200,4.500,5,30,505.000,505.000,2099.480,60.500,240.000,228.190,13.200,
0.200,4.500,6,30,502.000,502.000,2040.220,34.100,240.000,232.970,12.680,
0.200,4.500,7,30,501.000,501.000,1854.860,30.900,240.000,224.740,12.040,
0.200,4.500,8,30,501.000,501.000,1687.880,22.500,240.000,218.060,12.080,
0.200,4.500,9,30,503.000,503.000,1992.620,22.500,240.000,231.420,12.910,
0.200,5.000,0,30,503.000,503.000,2176.290,25.000,240.000,204.780,12.840,
0.200,5.000,1,30,502.000,502.000,1899.280,36.400,240.000,227.730,12.450,
0.200,5.000,2,30,502.000,502.000,1935.240,51.500,240.000,232.760,12.050,
0.200,5.000,3,30,503.000,503.000,1926.350,25.000,240.000,213.840,12.090,
0.200,5.000,4,30,500.000,500.000,1898.190,25.700,240.000,209.880,12.460,
0.200,5.000,5,30,505.000,505.000,2099.480,59.300,240.000,229.930,12.790,
0.200,5.000,6,30,503.000,503.000,2074.620,25.700,240.000,225.950,12.890,
0.200,5.000,7,30,501.000,501.000,1854.860,29.700,240.000,224.980,11.730,
0.200,5.000,8,30,501.000,501.000,1687.880,31.300,240.000,225.390,11.780,
0.200,5.000,9,30,503.000,503.000,1990.910,25.000,240.000,224.780,12.470,
0.200,5.500,0,30,503.000,503.000,2176.290,27.500,240.000,212.200,12.240,
0.200,5.500,1,30,502.000,502.000,1899.280,36.200,240.000,227.930,11.830,
0.200,5.500,2,30,502.000,502.000,1935.240,51.200,240.000,232.840,11.650,
0.200,5.500,3,30,503.000,503.000,1926.350,27.700,240.000,220.140,11.960,
0.200,5.500,4,30,500.000,500.000,1898.190,27.500,240.000,208.090,12.150,
0.200,5.500,5,30,505.000,505.000,2099.480,46.500,240.000,229.570,12.800,
0.200,5.500,6,30,503.000,503.000,2074.620,27.500,240.000,219.380,12.230,
0.200,5.500,7,30,501.000,501.000,1854.860,28.300,240.000,225.350,11.650,
0.200,5.500,8,30,501.000,501.000,1687.880,29.200,240.000,225.980,11.530,
0.200,5.500,9,30,503.000,503.000,1990.910,27.500,240.000,224.960,12.270,
0.200,6.000,0,30,503.000,503.000,2176.290,30.000,240.000,212.200,12.140,
0.200,6.000,1,30,502.000,502.000,1899.280,36.000,240.000,228.110,11.680,
0.200,6.000,2,30,502.000,502.000,1935.240,51.100,240.000,232.910,11.660,
0.200,6.000,3,30,503.000,503.000,1926.350,30.200,240.000,220.120,11.950,
0.200,6.000,4,30,500.000,500.000,1898.190,30.000,240.000,208.030,11.970,
0.200,6.000,5,30,505.000,505.000,2099.480,32.200,240.000,226.540,12.030,
0.200,6.000,6,30,503.000,503.000,2074.620,30.000,240.000,219.260,12.460,
0.200,6.000,7,30,501.000,501.000,1854.860,30.000,240.000,225.720,11.320,
0.200,6.000,8,30,501.000,501.000,1680.740,30.100,240.000,226.040,11.600,
0.200,6.000,9,30,503.000,503.000,1990.910,30.000,240.000,225.090,11.980,
0.200,6.500,0,30,503.000,503.000,2129.440,32.500,240.000,206.820,12.850,
0.200,6.500,1,30,502.000,502.000,1899.280,35.800,240.000,228.200,11.660,
0.200,6.500,2,30,502.000,502.000,1935.240,51.100,240.000,232.980,11.990,
0.200,6.500,3,30,503.000,503.000,1926.350,32.700,240.000,220.110,12.160,
0.200,6.500,4,30,500.000,500.000,1879.740,32.500,240.000,215.100,12.170,
0.200,6.500,5,30,505.000,505.000,2099.480,32.500,240.000,226.510,12.740,
0.200,6.500,6,30,502.000,502.000,2040.220,32.500,240.000,226.250,12.520,
0.200,6.500,7,30,501.000,501.000,1854.860,32.500,240.000,226.460,11.780,
0.200,6.500,8,30,501.000,501.000,1680.740,32.600,240.000,226.170,11.730,
0.200,6.500,9,30,503.000,503.000,1992.620,32.500,240.000,232.240,12.750,
0.200,7.000,0,30,503.000,503.000,2168.230,35.000,240.000,214.210,12.880,
0.200,7.000,1,30,502.000,502.000,1899.280,36.500,240.000,228.500,12.490,
0.200,7.000,2,30,502.000,502.000,1935.240,54.100,240.000,233.140,12.410,
0.200,7.000,3,30,503.000,503.000,1926.350,35.100,240.000,220.120,11.960,
0.200,7.000,4,30,500.000,500.000,1879.740,35.000,240.000,215.280,10.600,
0.200,7.000,5,30,505.000,505.000,2099.480,42.200,240.000,229.540,11.130,
0.200,7.000,6,30,502.000,502.000,2040.220,35.000,240.000,226.340,10.930,
0.200,7.000,7,30,501.000,501.000,1854.860,35.000,240.000,226.580,10.080,
0.200,7.000,8,30,501.000,501.000,1680.740,35.000,240.000,226.340,10.140,
0.200,7.000,9,30,503.000,503.000,1961.770,35.000,240.000,233.170,9.480,
