I_U,T_INT,seed,nodes_measured,n_targets,total_assignments,sim_elapsed_s,total_survey_time_s,fleet_distance_m,conv_time_min_s,conv_time_max_s,conv_time_mean_s,wall_time_s,var_Ubar_min,var_Ubar_max,var_Ubar_mean,var_Ubar_median,var_Ubar_std,sigma_Ubar_mean,ci_rel_mean,ci_rel_max,error
0.25,3,0,70,70,70,133,133,5915.65,79.8,122.8,85.17,12.58,0.129226,0.543033,0.286707,0.277538,0.081355,0.53028,0.0963,0.12,
0.25,3,1,70,70,70,131,131,5453.07,79.8,119.8,88.28,11.86,0.128416,0.478233,0.291265,0.282943,0.078995,0.53486,0.099,0.12,
0.25,3,2,70,70,70,125,125,5373.71,79.8,115.1,86.33,11.52,0.096594,0.491709,0.298147,0.307914,0.09119,0.5391,0.0984,0.1199,
0.25,3,3,70,70,70,132,132,5469.73,79.8,122.4,87.3,11.69,0.132961,0.465639,0.308232,0.308367,0.079303,0.55043,0.1018,0.12,
0.25,3,4,70,70,70,144,144,6255.13,79.8,130.1,86.49,12.36,0.142655,0.570642,0.313783,0.309685,0.087673,0.55467,0.1013,0.12,
0.25,3,5,70,70,70,123,123,5378.63,79.8,113,87.58,11.49,0.162596,0.567483,0.309358,0.31041,0.08108,0.55151,0.1019,0.12,
0.25,3,6,70,70,70,143,143,5854.1,79.8,130.1,85.32,11.94,0.129954,0.522092,0.313157,0.32171,0.087342,0.55374,0.1019,0.12,
0.25,3,7,70,70,70,129,129,6014.68,79.8,117.1,87.43,12.02,0.114992,0.452554,0.298864,0.302717,0.079252,0.54142,0.099,0.12,
0.25,3,8,70,70,70,148,148,5385.87,79.8,138.8,88.75,11.46,0.194891,0.549806,0.317307,0.308806,0.080034,0.55899,0.1032,0.12,
0.25,3,9,70,70,70,180,180,5800.41,79.8,170.1,89.47,11.97,0.148194,0.467824,0.310609,0.305712,0.083813,0.55203,0.1024,0.12,
0.25,3.5,0,70,70,70,151,151,5915.65,79.8,140.5,89.72,13.12,0.130888,0.531488,0.289962,0.280073,0.081597,0.53335,0.0965,0.12,
0.25,3.5,1,70,70,70,137,137,5453.07,79.8,125.1,91.66,12.21,0.135589,0.489844,0.293576,0.285904,0.079501,0.537,0.0996,0.12,
0.25,3.5,2,70,70,70,130,130,5373.71,79.8,120.1,89.28,11.94,0.099317,0.509746,0.305917,0.320278,0.094856,0.54586,0.0996,0.12,
0.25,3.5,3,70,70,70,135,135,5469.73,79.8,125.8,89.82,12.09,0.142173,0.494081,0.315529,0.311625,0.082819,0.55684,0.1029,0.12,
0.25,3.5,4,70,70,70,159,159,6255.13,79.8,145.1,89.79,12.86,0.153345,0.592285,0.319665,0.310827,0.09132,0.55962,0.102,0.12,
0.25,3.5,5,70,70,70,133,133,5378.63,79.8,123,91.19,11.82,0.167127,0.613519,0.310722,0.306817,0.085672,0.55226,0.102,0.12,
0.25,3.5,6,70,70,70,148,148,5854.1,79.8,135.1,88.84,12.4,0.133533,0.522253,0.314532,0.308479,0.088943,0.55487,0.1018,0.12,
0.25,3.5,7,70,70,70,134,134,6014.68,79.8,121,90.07,12.52,0.11451,0.46675,0.309562,0.320434,0.083269,0.55082,0.1007,0.12,
0.25,3.5,8,70,70,70,180,180,5385.87,79.8,170.1,93.52,11.89,0.181005,0.583681,0.315648,0.316551,0.0845,0.55702,0.1024,0.12,
0.25,3.5,9,70,70,70,180,180,5800.41,79.8,170.1,94.03,12.21,0.140396,0.478477,0.307797,0.302532,0.079885,0.54998,0.1022,0.12,
0.25,4,0,70,70,70,154,154,5915.65,79.8,143.7,91.76,13.46,0.132729,0.536682,0.294708,0.284325,0.082509,0.53763,0.0971,0.12,
0.25,4,1,70,70,70,152,152,5453.07,79.8,140.1,94.06,12.61,0.128959,0.484996,0.295513,0.293588,0.077835,0.53887,0.0999,0.12,
0.25,4,2,70,70,70,157,157,5373.71,79.8,143.2,93.52,12.29,0.102646,0.475926,0.301387,0.306492,0.092336,0.5421,0.0989,0.12,
0.25,4,3,70,70,70,149,149,5469.73,79.8,140.1,92.52,12.29,0.149826,0.516797,0.318827,0.31972,0.081328,0.56003,0.1035,0.12,
0.25,4,4,70,70,70,164,164,6255.13,79.8,150.1,92.66,13.28,0.150991,0.607088,0.322378,0.313323,0.092169,0.56202,0.1024,0.12,
0.25,4,5,70,70,70,165,165,5378.63,79.8,155.3,93.52,12.25,0.163956,0.620617,0.314328,0.314196,0.084216,0.55579,0.1029,0.12,
0.25,4,6,70,70,70,169,169,5854.1,79.8,156.6,91.16,12.73,0.137093,0.525905,0.317835,0.319992,0.08868,0.55792,0.1024,0.12,
0.25,4,7,70,70,70,136,136,6014.68,79.8,124.1,91.25,12.72,0.114872,0.466583,0.31743,0.32784,0.084324,0.55789,0.102,0.12,
0.25,4,8,70,70,70,182,182,5385.87,79.8,172.4,97.09,12.25,0.153636,0.568947,0.311086,0.311126,0.087718,0.55229,0.1018,0.12,
0.25,4,9,70,70,70,185,185,5800.41,79.8,175.1,97.23,12.74,0.145021,0.483356,0.310687,0.313298,0.077092,0.55296,0.103,0.12,
0.25,4.5,0,70,70,70,161,161,5915.65,79.8,152.6,93.87,13.77,0.134806,0.541754,0.29906,0.292322,0.085014,0.54138,0.0979,0.12,
0.25,4.5,1,70,70,70,176,176,5453.07,79.8,163.1,97.92,12.72,0.125548,0.486891,0.294942,0.28668,0.080197,0.53797,0.0996,0.12,
0.25,4.5,2,70,70,70,164,164,5373.71,79.8,150.9,95.28,12.61,0.106362,0.526766,0.303706,0.294118,0.096949,0.54375,0.0993,0.12,
0.25,4.5,3,70,70,70,150,150,5469.73,79.8,141.1,94.91,12.55,0.156197,0.538207,0.316992,0.316215,0.084573,0.55803,0.1032,0.12,
0.25,4.5,4,70,70,70,166,166,6255.13,79.8,152.4,94.88,13.45,0.153392,0.617,0.323816,0.322456,0.095343,0.56289,0.1026,0.12,
0.25,4.5,5,70,70,70,166,166,5378.63,79.8,156.9,96.93,12.51,0.155263,0.575068,0.314826,0.312294,0.085262,0.55599,0.1029,0.12,
0.25,4.5,6,70,70,70,183,183,5854.1,79.8,170.1,93.91,13.15,0.140619,0.532084,0.318198,0.31624,0.091038,0.55811,0.1025,0.12,
0.25,4.5,7,70,70,70,139,139,6014.68,79.8,128.4,93.85,12.97,0.115811,0.474981,0.315501,0.32429,0.081382,0.55652,0.1016,0.12,
0.25,4.5,8,70,70,70,188,188,5385.87,79.8,178.7,101.17,12.59,0.147352,0.591918,0.311745,0.308525,0.091664,0.55257,0.102,0.12,
0.25,4.5,9,70,70,70,185,185,5800.41,79.8,175.1,98.49,12.99,0.159784,0.484927,0.314816,0.324888,0.080279,0.55638,0.1035,0.12,
0.25,5,0,70,70,70,167,167,5915.65,79.8,158.7,97.61,14.12,0.139806,0.546251,0.29641,0.292042,0.088223,0.53841,0.0972,0.12,
0.25,5,1,70,70,70,197,197,5453.07,79.8,184.9,103.46,13.16,0.108625,0.499068,0.287054,0.27472,0.0821,0.53026,0.0983,0.12,
0.25,5,2,70,70,70,168,168,5373.71,79.8,154.4,100.8,12.81,0.110259,0.538086,0.301997,0.296237,0.095493,0.54243,0.099,0.12,
0.25,5,3,70,70,70,155,155,5469.73,79.8,141.5,99.42,12.9,0.122629,0.534415,0.308252,0.30405,0.088589,0.54941,0.1014,0.12,
0.25,5,4,70,70,70,176,176,6255.13,79.8,162.3,99.12,13.78,0.093286,0.623381,0.318739,0.31256,0.097737,0.55766,0.1017,0.12,
0.25,5,5,70,70,70,169,169,5378.63,79.8,159.7,101.2,12.66,0.149204,0.588417,0.310448,0.306359,0.086135,0.55195,0.102,0.12,
0.25,5,6,70,70,70,184,184,5854.1,79.8,171.1,97.34,13.18,0.144077,0.534946,0.316319,0.298351,0.09473,0.55602,0.102,0.12,
0.25,5,7,70,70,70,156,156,6014.68,79.8,146.3,97.54,13.2,0.117196,0.442542,0.311472,0.322269,0.080886,0.55293,0.1011,0.12,
0.25,5,8,70,70,70,219,219,5385.87,79.8,209.6,107.02,12.84,0.136996,0.585094,0.310317,0.302394,0.088202,0.5516,0.1015,0.12,
0.25,5,9,70,70,70,186,186,5800.41,79.8,176.6,100.86,13.18,0.160686,0.453708,0.310941,0.302,0.080222,0.55286,0.103,0.12,
0.25,5.5,0,70,70,70,172,172,5915.65,79.8,163.5,101.82,14.06,0.133411,0.509178,0.291184,0.294018,0.088684,0.5332,0.0962,0.12,
0.25,5.5,1,70,70,70,201,201,5453.07,79.8,188.6,105.45,13.19,0.096533,0.504468,0.280315,0.256931,0.082488,0.52389,0.0972,0.12,
0.25,5.5,2,70,70,70,184,184,5373.71,79.8,170.1,104.91,13.03,0.114034,0.532581,0.296482,0.289225,0.090231,0.53813,0.0983,0.12,
0.25,5.5,3,70,70,70,173,173,5469.73,79.8,160.1,102.05,13.01,0.148113,0.550322,0.305798,0.314563,0.08673,0.54745,0.1012,0.12,
0.25,5.5,4,70,70,70,214,214,6255.13,79.8,201.2,105.01,13.96,0.104872,0.627302,0.310973,0.306962,0.092436,0.55133,0.1007,0.12,
0.25,5.5,5,70,70,70,255,255,5378.63,79.8,244.3,106.16,13.02,0.148284,0.547977,0.306598,0.310763,0.087925,0.5481,0.1012,0.12,
0.25,5.5,6,70,70,70,188,188,5854.1,79.8,175.1,100.29,13.42,0.141482,0.539575,0.308625,0.296078,0.095498,0.54888,0.1007,0.12,
0.25,5.5,7,70,70,70,177,177,6014.68,79.8,164.4,102.58,13.55,0.118944,0.522334,0.303497,0.309618,0.086261,0.54497,0.0997,0.1199,
0.25,5.5,8,70,70,70,222,222,5385.87,79.8,212.9,111.13,13,0.144148,0.565612,0.301632,0.287152,0.084487,0.54399,0.1002,0.1199,
0.25,5.5,9,70,70,70,190,190,5800.41,79.8,180.1,104.63,13.44,0.152364,0.507297,0.305707,0.296374,0.08082,0.54808,0.1022,0.12,
0.25,6,0,70,70,70,176,176,5915.65,79.8,167.5,104.78,14.6,0.125874,0.525059,0.289502,0.288706,0.090044,0.53138,0.0958,0.12,
0.25,6,1,70,70,70,205,205,5453.07,79.8,192.3,107.79,13.53,0.096003,0.506887,0.27677,0.257637,0.084482,0.52015,0.0965,0.12,
0.25,6,2,70,70,70,218,218,5373.71,79.8,209,109.41,13.43,0.117456,0.526942,0.291613,0.284457,0.092,0.53331,0.0977,0.12,
0.25,6,3,70,70,70,228,228,5469.73,79.8,215.9,106.64,13.64,0.168814,0.566208,0.295635,0.280646,0.089326,0.53779,0.0991,0.12,
0.25,6,4,70,70,70,218,218,6255.13,79.8,205.1,107.96,14.4,0.113543,0.629392,0.302159,0.296552,0.093344,0.54317,0.0994,0.12,
0.25,6,5,70,70,70,267,267,5378.63,79.8,256.9,109.33,13.4,0.111782,0.55248,0.305616,0.301721,0.093985,0.54628,0.1006,0.12,
0.25,6,6,70,70,70,199,199,5854.1,79.8,189,106.04,13.84,0.128689,0.543961,0.297966,0.287446,0.095824,0.53887,0.0989,0.12,
0.25,6,7,70,70,70,181,181,6014.68,79.8,168.6,106.78,13.9,0.120924,0.537449,0.296714,0.301261,0.088533,0.5385,0.0988,0.12,
0.25,6,8,70,70,70,227,227,5385.87,79.8,218,113.74,13.43,0.141915,0.503486,0.304169,0.29091,0.083195,0.54647,0.1007,0.12,
0.25,6,9,70,70,70,190,190,5800.41,79.8,180.1,107.34,13.76,0.144604,0.547553,0.303471,0.284,0.080923,0.54601,0.102,0.12,
0.25,6.5,0,70,70,70,180,180,5915.65,79.8,171.3,106.79,14.62,0.119585,0.552378,0.298888,0.290686,0.093772,0.53974,0.0971,0.12,
0.25,6.5,1,70,70,70,217,217,5453.07,79.8,204.3,111.02,13.52,0.093127,0.526571,0.276255,0.255846,0.09128,0.51872,0.0964,0.12,
0.25,6.5,2,70,70,70,224,224,5373.71,79.8,214.7,111.18,13.43,0.120573,0.568098,0.295387,0.285563,0.094434,0.53665,0.0983,0.12,
0.25,6.5,3,70,70,70,234,234,5469.73,79.8,221.2,110.68,13.7,0.118271,0.574588,0.292241,0.28094,0.095724,0.53361,0.0982,0.12,
0.25,6.5,4,70,70,70,218,218,6255.13,79.8,205.1,110.05,14.61,0.148947,0.601029,0.298982,0.290444,0.09031,0.54074,0.0989,0.12,
0.25,6.5,5,70,70,70,299,299,5378.63,79.8,288.5,113.96,13.63,0.121011,0.556143,0.297173,0.281134,0.096788,0.53805,0.099,0.12,
0.25,6.5,6,70,70,70,203,203,5854.1,79.8,192.6,108.24,14.03,0.139044,0.547849,0.297992,0.287546,0.096895,0.53873,0.0988,0.12,
0.25,6.5,7,70,70,70,210,210,6014.68,79.8,200.6,108.96,14.01,0.123099,0.533777,0.2986,0.301424,0.089816,0.54012,0.099,0.12,
0.25,6.5,8,70,70,70,232,232,5385.87,79.8,222.3,117.66,13.56,0.133765,0.502562,0.303027,0.297434,0.080232,0.5456,0.1007,0.12,
0.25,6.5,9,70,70,70,207,207,5800.41,79.8,195.8,112.06,13.95,0.135326,0.479594,0.292089,0.281331,0.080566,0.53522,0.1001,0.12,
0.25,7,0,70,70,70,214,214,5915.65,79.8,200.9,111.22,14.71,0.11466,0.562749,0.301235,0.306846,0.099443,0.54111,0.0973,0.12,
0.25,7,1,70,70,70,235,235,5453.07,79.8,225.1,115.71,13.83,0.092052,0.543535,0.268732,0.251871,0.093061,0.51104,0.0946,0.12,
0.25,7,2,70,70,70,231,231,5373.71,79.8,220.1,113.3,13.52,0.123429,0.526976,0.295277,0.286862,0.093299,0.53661,0.0983,0.12,
0.25,7,3,70,70,70,182,182,5469.73,79.8,170.4,110.69,13.66,0.124821,0.582416,0.291184,0.277724,0.09477,0.53284,0.0984,0.12,
0.25,7,4,70,70,70,218,218,6255.13,79.8,205.1,112.68,14.67,0.139599,0.583428,0.295754,0.283461,0.09187,0.53744,0.0984,0.12,
0.25,7,5,70,70,70,305,305,5378.63,79.8,294.5,117.13,13.63,0.133841,0.560137,0.297105,0.279562,0.093274,0.53846,0.0996,0.12,
0.25,7,6,70,70,70,218,218,5854.1,79.8,208,110.68,14.14,0.133496,0.51003,0.293907,0.279347,0.093085,0.53534,0.0984,0.12,
0.25,7,7,70,70,70,213,213,6014.68,79.8,203.3,112.46,14.16,0.125582,0.548755,0.295476,0.293769,0.093989,0.53664,0.0983,0.12,
0.25,7,8,70,70,70,254,254,5385.87,79.8,242.1,121.66,13.77,0.134283,0.479117,0.2964,0.294257,0.081096,0.53932,0.0994,0.12,
0.25,7,9,70,70,70,211,211,5800.41,79.8,200,116.14,14.18,0.115367,0.49905,0.284198,0.277853,0.081977,0.52743,0.0987,0.12,
0.26,3,0,70,70,70,149,149,5915.65,79.8,138.2,88.06,14.32,0.135072,0.525116,0.295264,0.290177,0.081221,0.53844,0.0976,0.12,
0.26,3,1,70,70,70,136,136,5453.07,79.8,124.8,89.85,13.39,0.133742,0.490833,0.303567,0.295479,0.079173,0.54636,0.1012,0.12,
0.26,3,2,70,70,70,128,128,5373.71,79.8,118.9,87.54,13.06,0.100618,0.503224,0.311965,0.32689,0.096162,0.55129,0.1006,0.12,
0.26,3,3,70,70,70,135,135,5469.73,79.8,125.1,88.7,13.22,0.138375,0.501551,0.321892,0.325114,0.080844,0.56273,0.104,0.12,
0.26,3,4,70,70,70,159,159,6255.13,79.8,145.1,88.61,14.24,0.149136,0.499346,0.324962,0.326144,0.084678,0.56498,0.1031,0.12,
0.26,3,5,70,70,70,132,132,5378.63,79.8,121.6,89.03,13.1,0.172726,0.613164,0.32201,0.324209,0.083869,0.56276,0.1039,0.12,
0.26,3,6,70,70,70,148,148,5854.1,79.8,135.1,86.47,13.75,0.134968,0.489717,0.326106,0.334588,0.089857,0.56516,0.1038,0.12,
0.26,3,7,70,70,70,134,134,6014.68,79.8,120.1,88.18,13.86,0.12209,0.467169,0.313667,0.322357,0.080197,0.55496,0.1015,0.12,
0.26,3,8,70,70,70,179,179,5385.87,79.8,169.9,91.14,13.23,0.202897,0.554508,0.327378,0.322675,0.079014,0.56814,0.1047,0.12,
0.26,3,9,70,70,70,180,180,5800.41,79.8,170.1,92.45,13.68,0.156485,0.481173,0.318579,0.317037,0.085739,0.55912,0.1038,0.12,
0.26,3.5,0,70,70,70,152,152,5915.65,79.8,141.1,91.22,14.65,0.136833,0.521864,0.300633,0.293999,0.079648,0.54346,0.0983,0.12,
0.26,3.5,1,70,70,70,152,152,5453.07,79.8,140.1,93.38,13.51,0.141145,0.495316,0.303869,0.300249,0.07766,0.54672,0.1014,0.12,
0.26,3.5,2,70,70,70,154,154,5373.71,79.8,140.6,91.8,13.11,0.103431,0.474879,0.309505,0.317869,0.094567,0.54924,0.1002,0.12,
0.26,3.5,3,70,70,70,140,140,5469.73,79.8,130.1,91.26,13.36,0.148092,0.526275,0.330423,0.330767,0.084589,0.57007,0.1052,0.12,
0.26,3.5,4,70,70,70,163,163,6255.13,79.8,149.8,91.81,14.24,0.16052,0.496597,0.32711,0.321763,0.085473,0.56691,0.1034,0.12,
0.26,3.5,5,70,70,70,164,164,5378.63,79.8,154.2,93.14,13.21,0.170221,0.636656,0.325014,0.325533,0.085245,0.56523,0.1044,0.12,
0.26,3.5,6,70,70,70,171,171,5854.1,79.8,158.4,91.02,13.8,0.138658,0.528293,0.324686,0.323278,0.090364,0.5639,0.1035,0.12,
0.26,3.5,7,70,70,70,134,134,6014.68,79.8,121.6,91.33,13.73,0.1214,0.472592,0.322424,0.338867,0.082946,0.56256,0.1028,0.12,
0.26,3.5,8,70,70,70,181,181,5385.87,79.8,171.3,95.7,13.24,0.186156,0.586856,0.32292,0.329923,0.087356,0.56317,0.1036,0.12,
0.26,3.5,9,70,70,70,185,185,5800.41,79.8,175.1,96.14,13.75,0.146955,0.461188,0.315947,0.321477,0.07754,0.55763,0.1036,0.12,
0.26,4,0,70,70,70,155,155,5915.65,79.8,144.6,92.95,14.55,0.13874,0.529456,0.306205,0.299401,0.0849,0.54806,0.0989,0.12,
0.26,4,1,70,70,70,157,157,5453.07,79.8,145.1,95.58,13.53,0.130818,0.499532,0.305219,0.31113,0.079595,0.54769,0.1014,0.12,
0.26,4,2,70,70,70,160,160,5373.71,79.8,146.1,94.6,13.4,0.10694,0.514494,0.315226,0.313346,0.095141,0.55465,0.1011,0.12,
0.26,4,3,70,70,70,149,149,5469.73,79.8,140.1,93.98,13.48,0.156123,0.54079,0.329111,0.327408,0.084286,0.56902,0.1052,0.12,
0.26,4,4,70,70,70,164,164,6255.13,79.8,150.2,94.62,14.45,0.159227,0.523311,0.331442,0.332787,0.087812,0.57047,0.1041,0.12,
0.26,4,5,70,70,70,169,169,5378.63,79.8,159.2,95.3,13.35,0.171366,0.604952,0.327585,0.328717,0.084114,0.56765,0.105,0.12,
0.26,4,6,70,70,70,183,183,5854.1,79.8,170.1,93.95,13.93,0.142381,0.527107,0.325455,0.325927,0.089859,0.56477,0.1036,0.12,
0.26,4,7,70,70,70,139,139,6014.68,79.8,125.1,93.01,13.87,0.12158,0.460089,0.326491,0.34243,0.08245,0.56627,0.1035,0.12,
0.26,4,8,70,70,70,185,185,5385.87,79.8,175.1,100.77,13.45,0.16098,0.610638,0.321244,0.327758,0.090735,0.56132,0.1035,0.12,
0.26,4,9,70,70,70,185,185,5800.41,79.8,175.1,98.3,13.77,0.151949,0.473364,0.325529,0.333616,0.07884,0.56616,0.1055,0.12,
0.26,4.5,0,70,70,70,162,162,5915.65,79.8,153.6,96.3,14.57,0.140826,0.535744,0.307807,0.308765,0.090441,0.54864,0.0992,0.12,
0.26,4.5,1,70,70,70,183,183,5453.07,79.8,170.9,100.59,13.69,0.128404,0.502409,0.302138,0.29623,0.083062,0.54444,0.1008,0.12,
0.26,4.5,2,70,70,70,166,166,5373.71,79.8,152.5,97.88,13.27,0.111209,0.550041,0.31093,0.306437,0.09643,0.55059,0.1006,0.12,
0.26,4.5,3,70,70,70,169,169,5469.73,79.8,159.2,97.97,13.54,0.162792,0.541122,0.327447,0.328948,0.089338,0.56689,0.1047,0.12,
0.26,4.5,4,70,70,70,167,167,6255.13,79.8,153.3,98.86,14.53,0.091238,0.603409,0.32869,0.324615,0.097029,0.56682,0.1034,0.12,
0.26,4.5,5,70,70,70,175,175,5378.63,79.8,165.1,99.85,13.52,0.162018,0.61444,0.32333,0.319051,0.085346,0.56374,0.1041,0.12,
0.26,4.5,6,70,70,70,188,188,5854.1,79.8,175.1,96.38,14.07,0.146013,0.531343,0.329239,0.327158,0.093341,0.56783,0.1042,0.12,
0.26,4.5,7,70,70,70,154,154,6014.68,79.8,144.2,96.41,14,0.122366,0.461211,0.324243,0.342261,0.083489,0.56418,0.1031,0.12,
0.26,4.5,8,70,70,70,190,190,5385.87,79.8,180.3,104.03,13.43,0.152908,0.627038,0.324713,0.32495,0.090858,0.56442,0.1041,0.12,
0.26,4.5,9,70,70,70,190,190,5800.41,79.8,180.1,101.18,13.86,0.16639,0.481576,0.322824,0.322632,0.080627,0.56363,0.1051,0.12,
0.26,5,0,70,70,70,168,168,5915.65,79.8,159.9,99.34,14.7,0.144971,0.541453,0.308868,0.316953,0.089938,0.54972,0.0992,0.12,
0.26,5,1,70,70,70,198,198,5453.07,79.8,186,105.03,13.72,0.108817,0.504656,0.297714,0.28593,0.084235,0.5401,0.1001,0.12,
0.26,5,2,70,70,70,169,169,5373.71,79.8,155.4,103.42,13.59,0.115542,0.574034,0.313382,0.311926,0.095841,0.55301,0.101,0.1199,
0.26,5,3,70,70,70,224,224,5469.73,79.8,211.1,102.9,13.57,0.126025,0.560149,0.316715,0.3138,0.092166,0.55676,0.1025,0.12,
0.26,5,4,70,70,70,216,216,6255.13,79.8,203.1,104.49,14.79,0.096022,0.606892,0.322837,0.31482,0.096346,0.56163,0.1024,0.12,
0.26,5,5,70,70,70,256,256,5378.63,79.8,245.1,104.9,13.6,0.158035,0.63908,0.320136,0.308896,0.085232,0.56096,0.1035,0.12,
0.26,5,6,70,70,70,188,188,5854.1,79.8,175.1,100.62,14.12,0.149583,0.536121,0.320902,0.314415,0.09194,0.56052,0.1026,0.12,
0.26,5,7,70,70,70,160,160,6014.68,79.8,150.1,99.21,14.01,0.123676,0.55506,0.322029,0.332398,0.086748,0.562,0.1028,0.12,
0.26,5,8,70,70,70,220,220,5385.87,79.8,210.5,108.8,13.7,0.158011,0.622185,0.321862,0.309433,0.090062,0.56203,0.1035,0.12,
0.26,5,9,70,70,70,190,190,5800.41,79.8,180.1,103.59,14.1,0.167262,0.515853,0.318659,0.319273,0.079483,0.56002,0.1045,0.12,
0.26,5.5,0,70,70,70,181,181,5915.65,79.8,169.5,104.08,14.81,0.133923,0.550771,0.301927,0.311285,0.089881,0.54315,0.0978,0.12,
0.26,5.5,1,70,70,70,202,202,5453.07,79.8,190,107.32,13.88,0.099767,0.524018,0.290021,0.273873,0.084249,0.53303,0.0988,0.12,
0.26,5.5,2,70,70,70,215,215,5373.71,79.8,206,108.33,13.55,0.11948,0.57131,0.309451,0.303902,0.097541,0.54928,0.1005,0.12,
0.26,5.5,3,70,70,70,227,227,5469.73,79.8,214.3,105.34,13.72,0.171417,0.569801,0.313533,0.309033,0.094562,0.55375,0.1021,0.12,
0.26,5.5,4,70,70,70,218,218,6255.13,79.8,205.1,109.4,14.89,0.110932,0.646064,0.315413,0.311578,0.095643,0.55511,0.1013,0.12,
0.26,5.5,5,70,70,70,264,264,5378.63,79.8,253.6,109.29,13.75,0.152911,0.558308,0.315191,0.310353,0.087322,0.55606,0.1025,0.12,
0.26,5.5,6,70,70,70,206,206,5854.1,79.8,195.1,105.12,14.13,0.12992,0.542383,0.314191,0.31366,0.096466,0.55375,0.1016,0.12,
0.26,5.5,7,70,70,70,178,178,6014.68,79.8,165.3,104.31,14.23,0.125304,0.551474,0.313149,0.323195,0.087906,0.55376,0.1014,0.12,
0.26,5.5,8,70,70,70,224,224,5385.87,79.8,214.1,113.76,13.76,0.151143,0.571172,0.314756,0.30317,0.08613,0.55591,0.1025,0.12,
0.26,5.5,9,70,70,70,190,190,5800.41,79.8,180.1,108.07,13.98,0.155529,0.548835,0.313019,0.3098,0.079069,0.55496,0.1034,0.12,
0.26,6,0,70,70,70,184,184,5915.65,79.8,172.1,107.13,14.94,0.128938,0.558891,0.302446,0.298421,0.093148,0.54322,0.0977,0.12,
0.26,6,1,70,70,70,215,215,5453.07,79.8,202.6,109.62,13.82,0.098292,0.543607,0.288944,0.273889,0.089217,0.5312,0.0986,0.12,
0.26,6,2,70,70,70,220,220,5373.71,79.8,210.9,111.53,13.74,0.123036,0.604424,0.306918,0.302153,0.096614,0.54718,0.1001,0.12,
0.26,6,3,70,70,70,230,230,5469.73,79.8,217.6,109.38,13.75,0.177234,0.531492,0.307137,0.293369,0.092884,0.54812,0.1009,0.12,
0.26,6,4,70,70,70,218,218,6255.13,79.8,205.1,113.49,15.13,0.155365,0.653048,0.302567,0.290011,0.093195,0.54387,0.0995,0.12,
0.26,6,5,70,70,70,297,297,5378.63,79.8,286.1,113.91,13.95,0.129493,0.5686,0.315361,0.306861,0.099891,0.55449,0.1021,0.12,
0.26,6,6,70,70,70,208,208,5854.1,79.8,197.2,107.61,14.35,0.139329,0.518557,0.307415,0.30592,0.093049,0.54802,0.1005,0.12,
0.26,6,7,70,70,70,185,185,6014.68,79.8,172.8,108.46,14.32,0.127222,0.568083,0.307484,0.314166,0.089134,0.54849,0.1007,0.12,
0.26,6,8,70,70,70,247,247,5385.87,79.8,235.8,118.31,14.03,0.144305,0.529308,0.313859,0.304481,0.08486,0.55524,0.1023,0.12,
0.26,6,9,70,70,70,205,205,5800.41,79.8,193.8,112.78,14.34,0.144567,0.490265,0.306087,0.296071,0.079027,0.54848,0.1023,0.12,
0.26,6.5,0,70,70,70,188,188,5915.65,79.8,176.5,110.21,15.2,0.121509,0.564124,0.30645,0.301782,0.096016,0.54652,0.0982,0.12,
0.26,6.5,1,70,70,70,235,235,5453.07,79.8,225.1,116.33,14.14,0.096386,0.524543,0.279893,0.268324,0.093666,0.52194,0.0967,0.12,
0.26,6.5,2,70,70,70,231,231,5373.71,79.8,220.1,113.13,13.8,0.126235,0.564286,0.307697,0.300912,0.093508,0.54836,0.1004,0.12,
0.26,6.5,3,70,70,70,236,236,5469.73,79.8,223.1,113.38,14.02,0.132695,0.539675,0.298149,0.298826,0.09275,0.53964,0.0992,0.12,
0.26,6.5,4,70,70,70,218,218,6255.13,79.8,205.1,113.75,15.04,0.15394,0.635127,0.304897,0.292281,0.089869,0.5464,0.1,0.12,
0.26,6.5,5,70,70,70,302,302,5378.63,79.8,291.8,118.04,14.07,0.126069,0.508678,0.304085,0.289197,0.09182,0.54515,0.1005,0.12,
0.26,6.5,6,70,70,70,215,215,5854.1,79.8,204.7,111.08,14.41,0.145125,0.526656,0.307492,0.295971,0.097648,0.54755,0.1006,0.12,
0.26,6.5,7,70,70,70,215,215,6014.68,79.8,205.1,110.48,14.53,0.129305,0.566805,0.3109,0.313781,0.092947,0.5512,0.101,0.12,
0.26,6.5,8,70,70,70,251,251,5385.87,79.8,239.6,122.07,14.05,0.142891,0.513332,0.30967,0.309299,0.08312,0.5515,0.1016,0.12,
0.26,6.5,9,70,70,70,213,213,5800.41,79.8,202.4,115.6,14.41,0.141346,0.513658,0.301586,0.296965,0.079759,0.54425,0.1017,0.12,
0.26,7,0,70,70,70,216,216,5915.65,79.8,202.7,115.61,15.33,0.118114,0.538866,0.303542,0.289299,0.104657,0.54248,0.0973,0.12,
0.26,7,1,70,70,70,235,235,5453.07,79.8,225.1,119.98,14.14,0.100034,0.511939,0.27311,0.258663,0.095693,0.51496,0.0953,0.12,
0.26,7,2,70,70,70,231,231,5373.71,79.8,220.1,118.75,14.04,0.129117,0.562367,0.304459,0.284111,0.10155,0.5442,0.0999,0.12,
0.26,7,3,70,70,70,234,234,5469.73,79.8,221.8,116.32,14.1,0.153712,0.57773,0.294304,0.285012,0.095133,0.53585,0.0988,0.12,
0.26,7,4,70,70,70,218,218,6255.13,79.8,208.3,117.31,15.14,0.11522,0.600673,0.305857,0.297306,0.099526,0.54581,0.0996,0.12,
0.26,7,5,70,70,70,311,311,5378.63,79.8,300.4,120.03,14.04,0.136304,0.56486,0.302624,0.284481,0.096558,0.54333,0.1004,0.12,
0.26,7,6,70,70,70,304,304,5854.1,79.8,291.1,117.96,14.5,0.149017,0.531982,0.299858,0.286261,0.092598,0.54106,0.0994,0.12,
0.26,7,7,70,70,70,215,215,6014.68,79.8,205.2,115.43,14.57,0.131855,0.586594,0.308448,0.295004,0.095391,0.54867,0.1006,0.12,
0.26,7,8,70,70,70,255,255,5385.87,79.8,243.6,126.54,14.06,0.13942,0.477527,0.302184,0.299896,0.083678,0.54447,0.1007,0.12,
0.26,7,9,70,70,70,234,234,5800.41,79.8,222.8,120.54,14.37,0.117417,0.534761,0.292707,0.290238,0.083208,0.53538,0.0998,0.12,
0.27,3,0,70,70,70,149,149,5915.65,79.8,138.6,89.6,14.59,0.141252,0.51864,0.306909,0.302176,0.079173,0.54944,0.0994,0.12,
0.27,3,1,70,70,70,149,149,5453.07,79.8,137.3,91.31,13.56,0.13935,0.492962,0.312649,0.309556,0.079662,0.55457,0.1027,0.12,
0.27,3,2,70,70,70,140,140,5373.71,79.8,129.4,89.79,13.23,0.104874,0.503414,0.319775,0.325622,0.095172,0.55866,0.1019,0.12,
0.27,3,3,70,70,70,139,139,5469.73,79.8,129.4,91.26,13.43,0.144095,0.549717,0.328188,0.324867,0.085129,0.56799,0.1047,0.12,
0.27,3,4,70,70,70,161,161,6255.13,79.8,148,89.78,14.61,0.155931,0.50015,0.336222,0.34035,0.08486,0.57499,0.1049,0.12,
0.27,3,5,70,70,70,166,166,5378.63,79.8,156.8,91.3,13.44,0.18001,0.627018,0.333324,0.338284,0.084891,0.57268,0.1057,0.12,
0.27,3,6,70,70,70,171,171,5854.1,79.8,158.3,89.15,13.84,0.140246,0.528186,0.332807,0.338395,0.091074,0.57112,0.105,0.12,
0.27,3,7,70,70,70,134,134,6014.68,79.8,120.1,89.89,13.96,0.129615,0.471476,0.327322,0.34022,0.081419,0.56714,0.1036,0.12,
0.27,3,8,70,70,70,180,180,5385.87,79.8,170.1,92.59,13.44,0.212201,0.593599,0.336726,0.3282,0.079535,0.57638,0.1061,0.12,
0.27,3,9,70,70,70,182,182,5800.41,79.8,173,94.59,13.83,0.143754,0.473886,0.326455,0.33215,0.082679,0.56653,0.1052,0.12,
0.27,3.5,0,70,70,70,152,152,5915.65,79.8,141.5,92.1,14.58,0.143082,0.526929,0.314372,0.311041,0.081958,0.55586,0.1005,0.12,
0.27,3.5,1,70,70,70,157,157,5453.07,79.8,145.1,95.02,13.56,0.134971,0.471788,0.310968,0.310617,0.072624,0.55365,0.1028,0.12,
0.27,3.5,2,70,70,70,155,155,5373.71,79.8,141.1,94.3,13.29,0.107836,0.511467,0.319481,0.317079,0.09979,0.55784,0.1018,0.12,
0.27,3.5,3,70,70,70,149,149,5469.73,79.8,140.1,93.75,13.39,0.154315,0.538308,0.33745,0.327163,0.084424,0.57637,0.1064,0.12,
0.27,3.5,4,70,70,70,164,164,6255.13,79.8,150.1,93.86,14.58,0.168099,0.539653,0.339321,0.337118,0.085283,0.57775,0.1053,0.12,
0.27,3.5,5,70,70,70,172,172,5378.63,79.8,162.7,94.2,13.61,0.178901,0.647085,0.338723,0.3419,0.085596,0.57733,0.1067,0.12,
0.27,3.5,6,70,70,70,183,183,5854.1,79.8,170.2,93.13,14,0.144044,0.523771,0.333785,0.341336,0.089992,0.57207,0.1049,0.12,
0.27,3.5,7,70,70,70,139,139,6014.68,79.8,125.1,92.46,14,0.128765,0.473294,0.332596,0.350002,0.080954,0.57188,0.1045,0.12,
0.27,3.5,8,70,70,70,185,185,5385.87,79.8,175.1,99.84,13.51,0.196377,0.630911,0.335127,0.340843,0.090706,0.57379,0.1055,0.12,
0.27,3.5,9,70,70,70,185,185,5800.41,79.8,175.1,97.29,13.99,0.153561,0.475941,0.329716,0.340174,0.079219,0.56983,0.1059,0.12,
0.27,4,0,70,70,70,158,158,5915.65,79.8,149.8,95.5,14.63,0.145046,0.534108,0.314103,0.316447,0.08834,0.55476,0.1002,0.12,
0.27,4,1,70,70,70,157,157,5453.07,79.8,146,97.42,13.6,0.13629,0.49908,0.315141,0.317823,0.07679,0.55703,0.1033,0.12,
0.27,4,2,70,70,70,162,162,5373.71,79.8,148.6,96.86,13.41,0.112111,0.554383,0.325725,0.32157,0.098017,0.56392,0.103,0.12,
0.27,4,3,70,70,70,165,165,5469.73,79.8,155.1,96.92,13.5,0.162771,0.540058,0.339323,0.331198,0.086384,0.5778,0.1067,0.12,
0.27,4,4,70,70,70,172,172,6255.13,79.8,158.6,98.03,14.79,0.100923,0.544357,0.335332,0.332013,0.090584,0.57343,0.1044,0.12,
0.27,4,5,70,70,70,178,178,5378.63,79.8,168.4,97.16,13.55,0.178315,0.647208,0.338454,0.341384,0.085597,0.5772,0.1067,0.12,
0.27,4,6,70,70,70,188,188,5854.1,79.8,175.1,96.94,14.14,0.147925,0.532292,0.33026,0.335023,0.088688,0.56921,0.1043,0.12,
0.27,4,7,70,70,70,141,141,6014.68,79.8,130.8,94.55,14.03,0.128726,0.484035,0.339665,0.353105,0.083899,0.5778,0.1057,0.12,
0.27,4,8,70,70,70,188,188,5385.87,79.8,178.2,103.85,13.62,0.169297,0.642768,0.331445,0.33789,0.088633,0.57072,0.1052,0.12,
0.27,4,9,70,70,70,190,190,5800.41,79.8,180.1,101.56,14.07,0.159847,0.503603,0.326419,0.326854,0.076762,0.56725,0.106,0.12,
0.27,4.5,0,70,70,70,165,165,5915.65,79.8,156.7,99.17,14.75,0.15159,0.543359,0.320079,0.329298,0.095884,0.55914,0.1008,0.12,
0.27,4.5,1,70,70,70,187,187,5453.07,79.8,174.4,103.15,13.71,0.118388,0.479379,0.311196,0.315896,0.079171,0.55307,0.1027,0.12,
0.27,4.5,2,70,70,70,167,167,5373.71,79.8,153.5,100.62,13.32,0.116783,0.592882,0.31993,0.318581,0.097449,0.55879,0.1022,0.12,
0.27,4.5,3,70,70,70,170,170,5469.73,79.8,160.1,100.35,13.59,0.16938,0.560879,0.331828,0.332121,0.088037,0.57104,0.1054,0.12,
0.27,4.5,4,70,70,70,175,175,6255.13,79.8,161.3,102.17,14.81,0.096271,0.532717,0.334526,0.335809,0.092318,0.57248,0.1045,0.12,
0.27,4.5,5,70,70,70,180,180,5378.63,79.8,171,101.46,13.59,0.166531,0.656735,0.336365,0.332975,0.090672,0.57482,0.1061,0.12,
0.27,4.5,6,70,70,70,188,188,5854.1,79.8,175.1,99.74,14.1,0.151695,0.537974,0.334718,0.332344,0.091696,0.5729,0.1048,0.12,
0.27,4.5,7,70,70,70,155,155,6014.68,79.8,145.5,98.07,14.18,0.129408,0.490399,0.333577,0.343275,0.083707,0.57256,0.1047,0.12,
0.27,4.5,8,70,70,70,191,191,5385.87,79.8,181.2,106.83,13.84,0.159087,0.656542,0.336345,0.325754,0.092161,0.57479,0.106,0.12,
0.27,4.5,9,70,70,70,191,191,5800.41,79.8,180.2,103.64,14.09,0.173287,0.512562,0.327976,0.330322,0.07959,0.56838,0.1061,0.12,
0.27,5,0,70,70,70,179,179,5915.65,79.8,167.8,102.4,14.67,0.148329,0.555312,0.318227,0.331855,0.089788,0.55831,0.1006,0.12,
0.27,5,1,70,70,70,199,199,5453.07,79.8,186.9,106.42,13.65,0.105727,0.510325,0.308466,0.298156,0.084827,0.55002,0.1019,0.12,
0.27,5,2,70,70,70,188,188,5373.71,79.8,175,105.85,13.56,0.121418,0.608799,0.324433,0.321938,0.098603,0.56272,0.1028,0.12,
0.27,5,3,70,70,70,225,225,5469.73,79.8,212.4,105.37,13.62,0.131074,0.547842,0.325494,0.330963,0.096092,0.5642,0.1038,0.12,
0.27,5,4,70,70,70,218,218,6255.13,79.8,205.1,106.89,14.94,0.098499,0.606283,0.333473,0.320588,0.096,0.57119,0.1041,0.12,
0.27,5,5,70,70,70,256,256,5378.63,79.8,245.1,108.64,13.86,0.163402,0.607058,0.32897,0.319207,0.088431,0.56846,0.1048,0.12,
0.27,5,6,70,70,70,188,188,5854.1,79.8,175.7,105.31,14.32,0.136305,0.54298,0.32709,0.318971,0.095621,0.56562,0.1038,0.12,
0.27,5,7,70,70,70,162,162,6014.68,79.8,152.1,102.11,14.32,0.130577,0.572981,0.329013,0.333258,0.086928,0.56831,0.104,0.12,
0.27,5,8,70,70,70,221,221,5385.87,79.8,211.4,113.96,13.84,0.156408,0.661917,0.32184,0.313235,0.084831,0.56262,0.1038,0.12,
0.27,5,9,70,70,70,197,197,5800.41,79.8,186.8,107.66,14.23,0.174104,0.548489,0.323697,0.324583,0.079155,0.56465,0.1051,0.12,
0.27,5.5,0,70,70,70,182,182,5915.65,79.8,170.2,106.45,14.94,0.137908,0.560359,0.313513,0.327527,0.093117,0.55348,0.0995,0.12,
0.27,5.5,1,70,70,70,230,230,5453.07,79.8,220.1,110.91,13.85,0.103586,0.519282,0.299371,0.290813,0.083468,0.54182,0.1005,0.12,
0.27,5.5,2,70,70,70,217,217,5373.71,79.8,207.2,110.45,13.6,0.125572,0.610428,0.320039,0.324043,0.100718,0.55864,0.1022,0.12,
0.27,5.5,3,70,70,70,228,228,5469.73,79.8,215.4,109.41,13.74,0.180398,0.564203,0.319103,0.307941,0.095291,0.5589,0.1026,0.12,
0.27,5.5,4,70,70,70,218,218,6255.13,79.8,205.1,111.95,15.04,0.119582,0.617084,0.324862,0.320851,0.094145,0.56387,0.103,0.12,
0.27,5.5,5,70,70,70,266,266,5378.63,79.8,255.6,112.76,13.75,0.137475,0.545072,0.320826,0.312221,0.088899,0.56096,0.1032,0.12,
0.27,5.5,6,70,70,70,211,211,5854.1,79.8,200.1,109.2,14.34,0.13267,0.546491,0.319595,0.32177,0.092576,0.55925,0.1029,0.12,
0.27,5.5,7,70,70,70,179,179,6014.68,79.8,166.3,108.73,14.34,0.132111,0.581935,0.320838,0.333595,0.090407,0.56057,0.1028,0.12,
0.27,5.5,8,70,70,70,225,225,5385.87,79.8,215.7,117.21,13.93,0.15638,0.603362,0.325191,0.31569,0.086236,0.56541,0.1043,0.12,
0.27,5.5,9,70,70,70,202,202,5800.41,79.8,192,113.04,14.34,0.151366,0.496007,0.31694,0.316427,0.073214,0.55903,0.104,0.12,
0.27,6,0,70,70,70,185,185,5915.65,79.8,173.2,108.67,14.86,0.132911,0.554934,0.315147,0.312765,0.09515,0.55468,0.0997,0.12,
0.27,6,1,70,70,70,235,235,5453.07,79.8,225.1,112.63,13.9,0.102064,0.51738,0.300339,0.288218,0.089828,0.54187,0.1008,0.12,
0.27,6,2,70,70,70,223,223,5373.71,79.8,213.7,112.97,13.57,0.129245,0.629375,0.320602,0.31992,0.09578,0.55991,0.1026,0.12,
0.27,6,3,70,70,70,233,233,5469.73,79.8,220.8,112.43,13.63,0.127032,0.569391,0.314026,0.297225,0.097501,0.55383,0.1018,0.12,
0.27,6,4,70,70,70,218,218,6255.13,79.8,205.5,115.36,14.97,0.163687,0.626671,0.315846,0.305223,0.093809,0.55602,0.1018,0.12,
0.27,6,5,70,70,70,298,298,5378.63,79.8,287.6,117.22,13.86,0.134504,0.609529,0.32324,0.300139,0.102492,0.56162,0.1033,0.12,
0.27,6,6,70,70,70,212,212,5854.1,79.8,201.4,112.83,14.48,0.146989,0.544403,0.309555,0.298402,0.087835,0.55076,0.1013,0.12,
0.27,6,7,70,70,70,193,193,6014.68,79.8,180.1,111.87,14.34,0.1339,0.596102,0.317312,0.32597,0.092115,0.55723,0.1021,0.12,
0.27,6,8,70,70,70,248,248,5385.87,79.8,236.7,121.19,13.93,0.150052,0.555078,0.325879,0.317668,0.08439,0.56618,0.1044,0.12,
0.27,6,9,70,70,70,212,212,5800.41,79.8,201.7,116.67,14.44,0.148517,0.52381,0.308885,0.306864,0.077621,0.55128,0.1028,0.12,
0.27,6.5,0,70,70,70,229,229,5915.65,79.8,215.1,113.89,15.01,0.125028,0.555684,0.31889,0.310669,0.099221,0.55757,0.0999,0.12,
0.27,6.5,1,70,70,70,235,235,5453.07,79.8,225.1,118.93,13.98,0.102155,0.527365,0.290088,0.278979,0.095713,0.53143,0.0983,0.12,
0.27,6.5,2,70,70,70,231,231,5373.71,79.8,220.1,115.06,13.66,0.132504,0.550609,0.316949,0.314473,0.091514,0.55705,0.1021,0.12,
0.27,6.5,3,70,70,70,237,237,5469.73,79.8,224.4,114.34,13.64,0.139708,0.581479,0.31116,0.308882,0.099405,0.55096,0.1012,0.12,
0.27,6.5,4,70,70,70,229,229,6255.13,79.8,217.8,119.64,14.99,0.159837,0.64397,0.312194,0.299671,0.090135,0.55322,0.1011,0.12,
0.27,6.5,5,70,70,70,305,305,5378.63,79.8,294.6,120.93,14.04,0.148795,0.543207,0.317033,0.301266,0.095663,0.55678,0.1027,0.12,
0.27,6.5,6,70,70,70,301,301,5854.1,79.8,288.9,115.61,14.6,0.150906,0.5322,0.316565,0.305338,0.098245,0.5558,0.102,0.12,
0.27,6.5,7,70,70,70,220,220,6014.68,79.8,210.1,114.04,14.35,0.135924,0.593051,0.320163,0.319524,0.09674,0.55927,0.1024,0.12,
0.27,6.5,8,70,70,70,252,252,5385.87,79.8,240.7,125.47,14.12,0.148588,0.551862,0.318639,0.310691,0.086793,0.55933,0.1032,0.12,
0.27,6.5,9,70,70,70,214,214,5800.41,79.8,203.7,119.42,14.35,0.129559,0.549118,0.304152,0.305242,0.083062,0.54616,0.102,0.12,
0.27,7,0,70,70,70,229,229,5915.65,79.8,215.1,118.64,15.15,0.121823,0.572812,0.309269,0.301605,0.107461,0.54762,0.0981,0.12,
0.27,7,1,70,70,70,239,239,5453.07,79.8,229.3,123.13,14.14,0.105496,0.510003,0.277414,0.262796,0.093855,0.51934,0.0961,0.12,
0.27,7,2,70,70,70,231,231,5373.71,79.8,220.1,121.25,13.74,0.135296,0.57075,0.30689,0.293514,0.098844,0.54698,0.1003,0.12,
0.27,7,3,70,70,70,239,239,5469.73,79.8,226.9,119.93,13.57,0.167021,0.595382,0.311378,0.300921,0.097661,0.55143,0.1012,0.12,
0.27,7,4,70,70,70,234,234,6255.13,79.8,222.7,123.75,15,0.118393,0.506859,0.303632,0.286457,0.093666,0.54441,0.0994,0.12,
0.27,7,5,70,70,70,313,313,5378.63,79.8,302.8,124.7,14.15,0.140609,0.540395,0.308047,0.296638,0.09631,0.54842,0.1013,0.12,
0.27,7,6,70,70,70,305,305,5854.1,79.8,292.9,123.07,14.75,0.160741,0.537346,0.308776,0.300469,0.095587,0.54904,0.1005,0.12,
0.27,7,7,70,70,70,250,250,6014.68,79.8,237.4,121.53,14.83,0.138539,0.599518,0.313582,0.30445,0.093238,0.55374,0.1015,0.12,
0.27,7,8,70,70,70,266,266,5385.87,79.8,256.6,132.19,14.34,0.149314,0.561956,0.309389,0.301272,0.093459,0.5502,0.1016,0.12,
0.27,7,9,70,70,70,241,241,5800.41,79.8,230.1,122.61,14.65,0.12017,0.567786,0.301749,0.295886,0.082515,0.54402,0.1014,0.12,
0.28,3,0,70,70,70,149,149,5915.65,79.8,139,90.81,14.54,0.147743,0.524149,0.319075,0.321234,0.078466,0.56058,0.1015,0.12,
0.28,3,1,70,70,70,153,153,5453.07,79.8,141.7,92.97,13.47,0.14517,0.493103,0.319159,0.329125,0.074467,0.56093,0.104,0.12,
0.28,3,2,70,70,70,149,149,5373.71,79.8,135.9,90.96,12.99,0.10945,0.532723,0.329333,0.329107,0.095755,0.56732,0.1035,0.12,
0.28,3,3,70,70,70,140,140,5469.73,79.8,130.1,92.13,12.97,0.150117,0.518445,0.342173,0.342228,0.083936,0.5804,0.1071,0.12,
0.28,3,4,70,70,70,164,164,6255.13,79.8,150.1,92.08,14.8,0.163076,0.536973,0.345609,0.357217,0.08373,0.58332,0.1063,0.12,
0.28,3,5,70,70,70,175,175,5378.63,79.8,165.1,92.95,13.41,0.182123,0.638727,0.345053,0.354106,0.085293,0.5829,0.1077,0.12,
0.28,3,6,70,70,70,183,183,5854.1,79.8,170.1,91.7,14.12,0.145839,0.524011,0.340938,0.347268,0.090071,0.57841,0.1061,0.12,
0.28,3,7,70,70,70,139,139,6014.68,79.8,125.1,91.37,14.16,0.13761,0.470687,0.336199,0.356052,0.080543,0.57515,0.1049,0.12,
0.28,3,8,70,70,70,181,181,5385.87,79.8,171.4,96.72,13.47,0.207747,0.617787,0.345778,0.340466,0.082886,0.58396,0.1074,0.12,
0.28,3,9,70,70,70,185,185,5800.41,79.8,175.1,96.7,13.93,0.149291,0.472765,0.333408,0.344907,0.077758,0.57327,0.1064,0.12,
0.28,3.5,0,70,70,70,152,152,5915.65,79.8,142,94.67,14.71,0.149674,0.529776,0.3241,0.328298,0.085151,0.56425,0.1021,0.12,
0.28,3.5,1,70,70,70,157,157,5453.07,79.8,145.1,96.91,13.67,0.143906,0.496181,0.321671,0.322906,0.073215,0.56329,0.1046,0.12,
0.28,3.5,2,70,70,70,155,155,5373.71,79.8,141.8,96.26,13.13,0.112538,0.549285,0.330927,0.329596,0.098293,0.56851,0.1038,0.12,
0.28,3.5,3,70,70,70,150,150,5469.73,79.8,140.8,95.55,13,0.160881,0.534949,0.348933,0.342262,0.081416,0.58664,0.1082,0.12,
0.28,3.5,4,70,70,70,164,164,6255.13,79.8,150.1,97,14.8,0.150799,0.542253,0.348855,0.348991,0.085669,0.5859,0.1066,0.12,
0.28,3.5,5,70,70,70,180,180,5378.63,79.8,170.1,96.15,13.58,0.188397,0.639946,0.347023,0.352348,0.0835,0.58483,0.108,0.12,
0.28,3.5,6,70,70,70,188,188,5854.1,79.8,175.1,95.59,14.21,0.149715,0.529894,0.342041,0.351201,0.090777,0.57929,0.1061,0.12,
0.28,3.5,7,70,70,70,140,140,6014.68,79.8,129.4,93.94,14.05,0.136567,0.499608,0.345204,0.362182,0.083106,0.58275,0.1064,0.12,
0.28,3.5,8,70,70,70,185,185,5385.87,79.8,175.1,102.66,13.69,0.18442,0.641971,0.341851,0.349271,0.090822,0.57968,0.1066,0.12,
0.28,3.5,9,70,70,70,190,190,5800.41,79.8,180.1,99.51,14.06,0.166921,0.494202,0.336211,0.346682,0.076234,0.5759,0.1073,0.12,
0.28,4,0,70,70,70,159,159,5915.65,79.8,150.9,97.58,14.62,0.151678,0.546355,0.328153,0.330943,0.092659,0.56696,0.1023,0.12,
0.28,4,1,70,70,70,178,178,5453.07,79.8,165.1,101.22,13.54,0.142147,0.484922,0.322442,0.327812,0.077177,0.5635,0.1046,0.12,
0.28,4,2,70,70,70,164,164,5373.71,79.8,150.2,99.11,13.18,0.117649,0.595573,0.335799,0.336344,0.099809,0.57275,0.1045,0.12,
0.28,4,3,70,70,70,193,193,5469.73,79.8,180.1,98.86,13.03,0.169705,0.558786,0.35098,0.348445,0.08374,0.58819,0.1084,0.12,
0.28,4,4,70,70,70,174,174,6255.13,79.8,160.1,101.38,14.98,0.096955,0.545742,0.345679,0.352395,0.089356,0.58258,0.1061,0.12,
0.28,4,5,70,70,70,185,185,5378.63,79.8,175.1,99.99,13.64,0.17694,0.673419,0.344068,0.344456,0.08808,0.58193,0.1073,0.12,
0.28,4,6,70,70,70,188,188,5854.1,79.8,175.1,99.87,14.27,0.153718,0.531889,0.340636,0.336855,0.088766,0.57842,0.1062,0.12,
0.28,4,7,70,70,70,153,153,6014.68,79.8,143.2,96.85,14.15,0.136355,0.493856,0.34885,0.357318,0.087452,0.58548,0.107,0.12,
0.28,4,8,70,70,70,190,190,5385.87,79.8,180.1,105.18,13.76,0.167126,0.654442,0.342544,0.329389,0.09164,0.58025,0.1069,0.12,
0.28,4,9,70,70,70,190,190,5800.41,79.8,180.1,103.62,14.2,0.168539,0.540877,0.339302,0.336835,0.078757,0.57844,0.1079,0.12,
0.28,4.5,0,70,70,70,177,177,5915.65,79.8,165.8,101.78,14.79,0.15666,0.555376,0.330205,0.339597,0.096893,0.5681,0.1023,0.12,
0.28,4.5,1,70,70,70,196,196,5453.07,79.8,183.5,105.15,13.66,0.12139,0.506745,0.320023,0.320928,0.079799,0.56108,0.1042,0.12,
0.28,4.5,2,70,70,70,168,168,5373.71,79.8,154.3,103.41,13.22,0.12217,0.601384,0.333379,0.333492,0.099976,0.57059,0.1043,0.12,
0.28,4.5,3,70,70,70,223,223,5469.73,79.8,210.1,104.21,13.33,0.176855,0.555296,0.341728,0.338423,0.089461,0.57956,0.1066,0.12,
0.28,4.5,4,70,70,70,176,176,6255.13,79.8,162.3,104.68,14.96,0.099072,0.551678,0.344683,0.347468,0.092483,0.58138,0.106,0.12,
0.28,4.5,5,70,70,70,256,256,5378.63,79.8,245.1,106.74,13.8,0.164173,0.619294,0.343148,0.341238,0.087049,0.58109,0.1071,0.12,
0.28,4.5,6,70,70,70,192,192,5854.1,79.8,179.7,104.53,14.26,0.157625,0.53812,0.336064,0.331287,0.088654,0.57452,0.1055,0.12,
0.28,4.5,7,70,70,70,171,171,6014.68,79.8,158.2,100.21,14.26,0.13689,0.522506,0.347187,0.352005,0.087013,0.58417,0.1067,0.12,
0.28,4.5,8,70,70,70,218,218,5385.87,79.8,208.9,110.18,13.84,0.154969,0.664023,0.345592,0.345746,0.091079,0.58293,0.1075,0.12,
0.28,4.5,9,70,70,70,195,195,5800.41,79.8,185.1,106.53,14.15,0.180471,0.545222,0.333605,0.333828,0.076586,0.57372,0.1068,0.12,
0.28,5,0,70,70,70,180,180,5915.65,79.8,168.4,104.93,14.89,0.157602,0.550855,0.328378,0.340296,0.091311,0.56719,0.1021,0.12,
0.28,5,1,70,70,70,200,200,5453.07,79.8,187.9,108.52,13.86,0.109044,0.513958,0.318725,0.310506,0.081574,0.55969,0.1037,0.12,
0.28,5,2,70,70,70,189,189,5373.71,79.8,175.1,109.74,13.38,0.128065,0.608296,0.335468,0.336139,0.098722,0.57272,0.1047,0.12,
0.28,5,3,70,70,70,226,226,5469.73,79.8,213.5,108.76,13.29,0.135204,0.567774,0.331386,0.332021,0.096076,0.56959,0.1045,0.12,
0.28,5,4,70,70,70,218,218,6255.13,79.8,205.1,109.85,15.08,0.120153,0.556298,0.342655,0.3394,0.090859,0.5798,0.1058,0.12,
0.28,5,5,70,70,70,256,256,5378.63,79.8,245.1,110.52,13.87,0.168538,0.646569,0.339807,0.334154,0.093488,0.57747,0.1063,0.12,
0.28,5,6,70,70,70,193,193,5854.1,79.8,180.1,109.32,14.38,0.142483,0.543123,0.329425,0.329959,0.093208,0.56803,0.1043,0.12,
0.28,5,7,70,70,70,170,170,6014.68,79.8,157.7,103.73,14.25,0.137906,0.587418,0.341441,0.348562,0.087106,0.57928,0.106,0.12,
0.28,5,8,70,70,70,222,222,5385.87,79.8,212.2,115.15,13.95,0.163503,0.646153,0.334633,0.325089,0.084224,0.57404,0.106,0.12,
0.28,5,9,70,70,70,212,212,5800.41,79.8,201.3,111.3,14.34,0.181216,0.494106,0.330236,0.337922,0.070407,0.57128,0.1063,0.12,
0.28,5.5,0,70,70,70,183,183,5915.65,79.8,171.9,109.12,14.84,0.141656,0.55772,0.322104,0.325516,0.093902,0.56122,0.1008,0.12,
0.28,5.5,1,70,70,70,235,235,5453.07,79.8,225.1,114.49,13.96,0.108418,0.522178,0.302931,0.30363,0.087253,0.54451,0.101,0.12,
0.28,5.5,2,70,70,70,218,218,5373.71,79.8,208.7,114.15,13.6,0.132405,0.541205,0.330371,0.324623,0.098602,0.56822,0.1039,0.12,
0.28,5.5,3,70,70,70,229,229,5469.73,79.8,216.6,112.52,13.37,0.170368,0.57504,0.325432,0.320115,0.09652,0.5645,0.1036,0.12,
0.28,5.5,4,70,70,70,220,220,6255.13,79.8,208,115.59,15.15,0.128013,0.545298,0.332264,0.334339,0.091483,0.57077,0.1044,0.12,
0.28,5.5,5,70,70,70,268,268,5378.63,79.8,257.2,118.38,14.16,0.143905,0.637994,0.330125,0.316671,0.100633,0.56813,0.1045,0.12,
0.28,5.5,6,70,70,70,218,218,5854.1,79.8,207.1,115.03,14.52,0.143783,0.547655,0.316588,0.314659,0.088298,0.55708,0.1024,0.12,
0.28,5.5,7,70,70,70,198,198,6014.68,79.8,185.1,112.48,14.65,0.139299,0.519261,0.325814,0.343394,0.087801,0.56535,0.1037,0.12,
0.28,5.5,8,70,70,70,246,246,5385.87,79.8,234.2,119.82,14.09,0.16188,0.637281,0.337693,0.324008,0.086402,0.5766,0.1063,0.12,
0.28,5.5,9,70,70,70,214,214,5800.41,79.8,203.2,115.74,14.53,0.157672,0.528725,0.324865,0.32804,0.077019,0.56576,0.1053,0.12,
0.28,6,0,70,70,70,186,186,5915.65,79.8,174.8,111.2,14.87,0.133074,0.564009,0.327502,0.323331,0.099104,0.56546,0.1014,0.12,
0.28,6,1,70,70,70,236,236,5453.07,79.8,226.4,117.23,13.99,0.116066,0.505093,0.302724,0.299123,0.088951,0.54424,0.101,0.12,
0.28,6,2,70,70,70,251,251,5373.71,79.8,241.7,117.65,13.56,0.136198,0.566007,0.329624,0.323973,0.095832,0.56802,0.1039,0.12,
0.28,6,3,70,70,70,235,235,5469.73,79.8,222.8,114.89,13.43,0.138233,0.592481,0.326418,0.317469,0.098517,0.56496,0.1036,0.12,
0.28,6,4,70,70,70,227,227,6255.13,79.8,215.2,118.81,15.24,0.172073,0.586778,0.327557,0.318202,0.093692,0.56663,0.1036,0.12,
0.28,6,5,70,70,70,300,300,5378.63,79.8,289.2,122.94,14.11,0.140204,0.562135,0.326018,0.305709,0.097299,0.56476,0.1039,0.12,
0.28,6,6,70,70,70,234,234,5854.1,79.8,221.1,115.6,14.62,0.16178,0.540475,0.321342,0.311269,0.089921,0.56124,0.1029,0.12,
0.28,6,7,70,70,70,220,220,6014.68,79.8,210.1,114.75,14.59,0.141033,0.594765,0.328051,0.323077,0.096853,0.56646,0.1038,0.12,
0.28,6,8,70,70,70,249,249,5385.87,79.8,237.7,125.49,14.16,0.155634,0.593533,0.332007,0.329669,0.08574,0.57156,0.1056,0.12,
0.28,6,9,70,70,70,228,228,5800.41,79.8,216.1,120.09,14.54,0.155763,0.558677,0.315748,0.314087,0.078271,0.55745,0.1037,0.12,
0.28,6.5,0,70,70,70,231,231,5915.65,79.8,217.9,116.98,15.06,0.125579,0.57268,0.328011,0.334075,0.103729,0.56514,0.1011,0.12,
0.28,6.5,1,70,70,70,240,240,5453.07,79.8,230.1,121.16,14.02,0.119472,0.520135,0.294847,0.2923,0.092866,0.53634,0.0992,0.12,
0.28,6.5,2,70,70,70,258,258,5373.71,79.8,248.8,120.73,13.69,0.139498,0.548105,0.327981,0.323788,0.094104,0.56682,0.1039,0.12,
0.28,6.5,3,70,70,70,238,238,5469.73,79.8,225.3,118.37,13.58,0.149122,0.598271,0.323998,0.317421,0.097292,0.56301,0.1034,0.12,
0.28,6.5,4,70,70,70,231,231,6255.13,79.8,219.2,124.6,15.36,0.124908,0.641804,0.318039,0.310053,0.096971,0.55761,0.1017,0.12,
0.28,6.5,5,70,70,70,309,309,5378.63,79.8,298.5,124.95,14.08,0.15282,0.567786,0.319975,0.306065,0.094536,0.55965,0.1032,0.12,
0.28,6.5,6,70,70,70,303,303,5854.1,79.8,290.9,122.07,14.85,0.156867,0.531289,0.318718,0.311348,0.096692,0.55805,0.1018,0.12,
0.28,6.5,7,70,70,70,247,247,6014.68,79.8,234.1,118.42,14.61,0.142975,0.58057,0.331201,0.332749,0.099061,0.56895,0.104,0.12,
0.28,6.5,8,70,70,70,253,253,5385.87,79.8,241.8,129.14,14.25,0.15412,0.586482,0.325591,0.318137,0.082167,0.5662,0.1048,0.12,
0.28,6.5,9,70,70,70,233,233,5800.41,79.8,221.1,123.19,14.58,0.105004,0.485197,0.310789,0.308623,0.081789,0.55211,0.1029,0.12,
0.28,7,0,70,70,70,234,234,5915.65,79.8,220.1,123.53,15.21,0.127362,0.574417,0.318622,0.311838,0.104966,0.55649,0.0997,0.12,
0.28,7,1,70,70,70,240,240,5453.07,79.8,230.1,125.35,13.98,0.117211,0.524523,0.287326,0.273913,0.095977,0.52863,0.0978,0.12,
0.28,7,2,70,70,70,236,236,5373.71,79.8,225.1,125.82,13.73,0.127937,0.535523,0.313001,0.310751,0.095622,0.55294,0.1013,0.12,
0.28,7,3,70,70,70,245,245,5469.73,79.8,232.7,126.42,13.69,0.139604,0.603779,0.316509,0.313391,0.101784,0.5556,0.1019,0.12,
0.28,7,4,70,70,70,236,236,6255.13,79.8,224.1,129.52,15.62,0.120828,0.549668,0.308305,0.288016,0.098479,0.54828,0.0999,0.12,
0.28,7,5,70,70,70,315,315,5378.63,79.8,304.3,128.21,14.36,0.140828,0.576242,0.316283,0.301377,0.101593,0.55533,0.1023,0.12,
0.28,7,6,70,70,70,310,310,5854.1,79.8,297.8,129.56,14.95,0.153479,0.535881,0.309555,0.310091,0.092335,0.55016,0.1003,0.12,
0.28,7,7,70,70,70,252,252,6014.68,79.8,239.6,124.43,14.88,0.145667,0.599552,0.322637,0.313992,0.097817,0.5615,0.1029,0.12,
0.28,7,8,70,70,70,268,268,5385.87,79.8,258.1,136.04,14.39,0.138413,0.607275,0.312994,0.308176,0.092081,0.55378,0.1023,0.12,
0.28,7,9,70,70,70,241,241,5800.41,79.8,230.1,128.1,14.73,0.102812,0.523212,0.302466,0.30043,0.085472,0.54413,0.1013,0.12,
0.29,3,0,70,70,70,150,150,5915.65,79.8,139.4,92.24,14.74,0.154521,0.53371,0.330596,0.332296,0.07962,0.57077,0.1033,0.12,
0.29,3,1,70,70,70,157,157,5453.07,79.8,145.1,94.43,13.56,0.151337,0.484845,0.329445,0.335087,0.072559,0.57028,0.1058,0.12,
0.29,3,2,70,70,70,153,153,5373.71,79.8,140.1,93.52,13.08,0.114317,0.533609,0.336876,0.340221,0.093316,0.57439,0.105,0.12,
0.29,3,3,70,70,70,188,188,5469.73,79.8,175.1,94.83,13.04,0.156462,0.528592,0.354285,0.353538,0.084927,0.59082,0.1088,0.12,
0.29,3,4,70,70,70,164,164,6255.13,79.8,150.1,94.29,14.84,0.170535,0.536225,0.355514,0.367694,0.083316,0.5919,0.1077,0.12,
0.29,3,5,70,70,70,181,181,5378.63,79.8,171.6,95.46,13.79,0.193768,0.611335,0.351709,0.362481,0.08044,0.58914,0.1088,0.12,
0.29,3,6,70,70,70,188,188,5854.1,79.8,175.1,94.34,14.37,0.15168,0.526735,0.347913,0.360653,0.088334,0.58469,0.1071,0.12,
0.29,3,7,70,70,70,139,139,6014.68,79.8,126.9,92.27,14.33,0.146029,0.499518,0.349909,0.365624,0.081745,0.58697,0.1071,0.12,
0.29,3,8,70,70,70,185,185,5385.87,79.8,175.1,99.28,13.92,0.206185,0.636734,0.351203,0.351494,0.085642,0.58837,0.1081,0.12,
0.29,3,9,70,70,70,186,186,5800.41,79.8,176.9,98.38,14.38,0.15754,0.498788,0.343929,0.362004,0.076403,0.58263,0.1082,0.12,
0.29,3.5,0,70,70,70,154,154,5915.65,79.8,143.8,96.87,14.49,0.156607,0.540704,0.33572,0.34415,0.090602,0.57401,0.1036,0.12,
0.29,3.5,1,70,70,70,162,162,5453.07,79.8,150.1,98.23,13.47,0.152558,0.505126,0.332208,0.33732,0.073653,0.57262,0.1064,0.12,
0.29,3.5,2,70,70,70,158,158,5373.71,79.8,145.1,98.53,13.22,0.117507,0.5883,0.340092,0.336312,0.098351,0.57674,0.1051,0.12,
0.29,3.5,3,70,70,70,193,193,5469.73,79.8,180.1,98.32,13.14,0.167764,0.555104,0.360516,0.353154,0.081804,0.59651,0.1098,0.12,
0.29,3.5,4,70,70,70,168,168,6255.13,79.8,155.1,100.43,14.95,0.105703,0.548649,0.355015,0.357591,0.086666,0.59098,0.1076,0.12,
0.29,3.5,5,70,70,70,185,185,5378.63,79.8,175.1,98.5,13.76,0.196071,0.666363,0.355235,0.35832,0.082651,0.59206,0.1092,0.12,
0.29,3.5,6,70,70,70,188,188,5854.1,79.8,175.1,98.1,14.31,0.155581,0.52924,0.348944,0.359781,0.09034,0.58537,0.1071,0.12,
0.29,3.5,7,70,70,70,168,168,6014.68,79.8,155.6,96.85,14.43,0.144747,0.519578,0.352608,0.365993,0.084739,0.58905,0.1076,0.12,
0.29,3.5,8,70,70,70,190,190,5385.87,79.8,180.1,105.05,13.93,0.179507,0.645418,0.348957,0.351587,0.086805,0.58627,0.108,0.12,
0.29,3.5,9,70,70,70,190,190,5800.41,79.8,180.1,102.1,14.46,0.17458,0.528889,0.346263,0.360519,0.076505,0.58466,0.1089,0.12,
0.29,4,0,70,70,70,170,170,5915.65,79.8,158.2,100.39,14.78,0.158664,0.55239,0.339609,0.336313,0.095138,0.57685,0.1039,0.12,
0.29,4,1,70,70,70,191,191,5453.07,79.8,178.1,104.71,13.8,0.144492,0.505404,0.329507,0.332143,0.077022,0.56991,0.1058,0.12,
0.29,4,2,70,70,70,166,166,5373.71,79.8,152.4,102.58,13.5,0.121678,0.596921,0.343317,0.346357,0.10111,0.57928,0.1058,0.12,
0.29,4,3,70,70,70,213,213,5469.73,79.8,200.9,102.3,13.44,0.177006,0.553979,0.356417,0.353182,0.084974,0.59268,0.1091,0.12,
0.29,4,4,70,70,70,174,174,6255.13,79.8,160.1,103.75,15.11,0.099488,0.55821,0.35791,0.363638,0.088678,0.59315,0.1081,0.12,
0.29,4,5,70,70,70,256,256,5378.63,79.8,245.1,105.06,14.05,0.182968,0.623983,0.351803,0.356874,0.082989,0.589,0.1084,0.12,
0.29,4,6,70,70,70,193,193,5854.1,79.8,180.1,103.01,14.55,0.159787,0.527151,0.347231,0.351517,0.087163,0.58437,0.1073,0.12,
0.29,4,7,70,70,70,170,170,6014.68,79.8,157.3,100.85,14.56,0.144431,0.531702,0.350473,0.356476,0.08497,0.5873,0.1075,0.12,
0.29,4,8,70,70,70,213,213,5385.87,79.8,203.4,108,14.07,0.173722,0.650823,0.350864,0.344595,0.08921,0.58773,0.1084,0.12,
0.29,4,9,70,70,70,195,195,5800.41,79.8,185.1,106.37,14.55,0.179294,0.541525,0.342228,0.348729,0.073689,0.58151,0.1084,0.12,
0.29,4.5,0,70,70,70,178,178,5915.65,79.8,166.5,104.53,14.91,0.155346,0.550267,0.335596,0.344366,0.095721,0.57302,0.1032,0.12,
0.29,4.5,1,70,70,70,197,197,5453.07,79.8,184.9,108.44,14.05,0.125185,0.513641,0.328419,0.333611,0.080003,0.56849,0.1054,0.12,
0.29,4.5,2,70,70,70,193,193,5373.71,79.8,179.6,108.33,13.8,0.128455,0.619104,0.343614,0.355593,0.103391,0.57924,0.1056,0.12,
0.29,4.5,3,70,70,70,224,224,5469.73,79.8,211.6,106.76,13.66,0.141066,0.565964,0.348784,0.342509,0.092823,0.58521,0.1074,0.12,
0.29,4.5,4,70,70,70,218,218,6255.13,79.8,205.1,109.89,15.19,0.102109,0.565848,0.354502,0.352354,0.091726,0.59002,0.1076,0.12,
0.29,4.5,5,70,70,70,256,256,5378.63,79.8,245.1,109.39,14.06,0.17546,0.662352,0.353264,0.350596,0.088241,0.5898,0.1086,0.12,
0.29,4.5,6,70,70,70,217,217,5854.1,79.8,207,108.38,14.7,0.163843,0.542466,0.344855,0.343795,0.090004,0.58205,0.1065,0.12,
0.29,4.5,7,70,70,70,193,193,6014.68,79.8,180.1,103.14,14.56,0.144797,0.554659,0.353435,0.353361,0.088675,0.58953,0.1079,0.12,
0.29,4.5,8,70,70,70,219,219,5385.87,79.8,209.6,113.76,14.18,0.162242,0.670951,0.347985,0.338185,0.089628,0.58522,0.108,0.12,
0.29,4.5,9,70,70,70,195,195,5800.41,79.8,185.1,108.78,14.56,0.187925,0.495828,0.342038,0.347626,0.074527,0.58125,0.1083,0.12,
0.29,5,0,70,70,70,193,193,5915.65,79.8,181.6,109.06,14.98,0.152948,0.560655,0.335709,0.330776,0.093388,0.57353,0.103,0.12,
0.29,5,1,70,70,70,235,235,5453.07,79.8,225.1,112.83,14.14,0.127666,0.521277,0.321627,0.320408,0.080395,0.56248,0.1039,0.12,
0.29,5,2,70,70,70,215,215,5373.71,79.8,205.2,114.56,13.87,0.135489,0.563112,0.343067,0.343162,0.100485,0.57926,0.1058,0.12,
0.29,5,3,70,70,70,227,227,5469.73,79.8,214.8,110.5,13.71,0.132784,0.58196,0.340136,0.33908,0.096106,0.5774,0.106,0.12,
0.29,5,4,70,70,70,221,221,6255.13,79.8,208.8,114.64,15.31,0.125614,0.572576,0.351928,0.345839,0.093141,0.58776,0.1071,0.12,
0.29,5,5,70,70,70,263,263,5378.63,79.8,252.7,113.41,14.01,0.173987,0.686684,0.348091,0.343272,0.096866,0.58448,0.1074,0.12,
0.29,5,6,70,70,70,221,221,5854.1,79.8,210.1,115.72,14.79,0.149692,0.548195,0.328772,0.321319,0.090669,0.56781,0.1039,0.12,
0.29,5,7,70,70,70,198,198,6014.68,79.8,185.1,112.09,14.77,0.145675,0.545929,0.332969,0.342472,0.087065,0.57182,0.1048,0.12,
0.29,5,8,70,70,70,223,223,5385.87,79.8,213.6,120.18,14.33,0.172337,0.682473,0.340259,0.335145,0.086043,0.57902,0.1071,0.12,
0.29,5,9,70,70,70,222,222,5800.41,79.8,211,115.11,14.72,0.188609,0.527685,0.342578,0.355404,0.07604,0.58152,0.108,0.12,
0.29,5.5,0,70,70,70,197,197,5915.65,79.8,185.1,112.5,15.32,0.131859,0.567893,0.333659,0.342078,0.100991,0.57062,0.1022,0.12,
0.29,5.5,1,70,70,70,235,235,5453.07,79.8,225.1,117.05,14.39,0.127729,0.51566,0.311099,0.308055,0.089206,0.55195,0.1022,0.12,
0.29,5.5,2,70,70,70,248,248,5373.71,79.8,239,118.42,14.02,0.1401,0.578564,0.339608,0.338704,0.099764,0.57631,0.1052,0.12,
0.29,5.5,3,70,70,70,232,232,5469.73,79.8,219.8,114.19,13.85,0.176077,0.591735,0.337933,0.332711,0.09921,0.57534,0.1055,0.12,
0.29,5.5,4,70,70,70,225,225,6255.13,79.8,213.1,119.09,15.27,0.136319,0.576928,0.337395,0.333096,0.092046,0.57534,0.1053,0.12,
0.29,5.5,5,70,70,70,297,297,5378.63,79.8,286.2,122.37,14.24,0.149271,0.616487,0.333563,0.313545,0.097797,0.57154,0.1052,0.12,
0.29,5.5,6,70,70,70,230,230,5854.1,79.8,217.3,120.48,14.86,0.158411,0.552489,0.320521,0.319478,0.089451,0.56059,0.1023,0.12,
0.29,5.5,7,70,70,70,199,199,6014.68,79.8,186.9,115.39,14.79,0.146958,0.560224,0.334671,0.342332,0.090992,0.57297,0.1051,0.12,
0.29,5.5,8,70,70,70,246,246,5385.87,79.8,235,124.54,14.36,0.168221,0.666234,0.343242,0.335876,0.088516,0.58139,0.1073,0.12,
0.29,5.5,9,70,70,70,226,226,5800.41,79.8,214.4,119.99,14.74,0.165433,0.562679,0.330463,0.334622,0.076782,0.57084,0.106,0.12,
0.29,6,0,70,70,70,205,205,5915.65,79.8,192.1,115.02,15.38,0.138704,0.572936,0.339481,0.330296,0.103273,0.57565,0.103,0.12,
0.29,6,1,70,70,70,240,240,5453.07,79.8,230.1,118.63,14.47,0.121412,0.526284,0.312557,0.314461,0.089667,0.55322,0.1027,0.12,
0.29,6,2,70,70,70,253,253,5373.71,79.8,243.5,120.37,14.17,0.144023,0.604887,0.340856,0.333711,0.097614,0.57785,0.1054,0.12,
0.29,6,3,70,70,70,236,236,5469.73,79.8,224,117.78,13.91,0.156275,0.587629,0.334262,0.330193,0.098187,0.57199,0.1049,0.12,
0.29,6,4,70,70,70,228,228,6255.13,79.8,216.4,123.4,15.57,0.180438,0.621594,0.332646,0.311897,0.093971,0.57131,0.1045,0.12,
0.29,6,5,70,70,70,305,305,5378.63,79.8,294.1,124.58,14.4,0.14613,0.568986,0.334562,0.307752,0.096921,0.57248,0.1053,0.12,
0.29,6,6,70,70,70,240,240,5854.1,79.8,227.5,119.31,14.87,0.163919,0.557865,0.327252,0.327637,0.091399,0.5664,0.1033,0.12,
0.29,6,7,70,70,70,220,220,6014.68,79.8,210.3,117.64,14.97,0.148582,0.595634,0.33444,0.327326,0.097152,0.57219,0.1047,0.12,
0.29,6,8,70,70,70,250,250,5385.87,79.8,238.7,128.01,14.48,0.163445,0.63351,0.343349,0.328184,0.091077,0.58109,0.1073,0.12,
0.29,6,9,70,70,70,275,275,5800.41,79.8,264.1,123.71,14.97,0.155217,0.521561,0.32728,0.327713,0.078794,0.56767,0.1055,0.12,
0.29,6.5,0,70,70,70,234,234,5915.65,79.8,220.1,122.16,15.62,0.133622,0.582139,0.331723,0.330465,0.108662,0.56787,0.1013,0.12,
0.29,6.5,1,70,70,70,240,240,5453.07,79.8,230.1,124.07,14.62,0.127678,0.532268,0.30203,0.2989,0.092788,0.54305,0.1004,0.12,
0.29,6.5,2,70,70,70,259,259,5373.71,79.8,249.8,127.8,14.28,0.147362,0.582516,0.328701,0.311592,0.096704,0.56719,0.1038,0.12,
0.29,6.5,3,70,70,70,240,240,5469.73,79.8,232.6,124.74,14.14,0.141769,0.568699,0.334276,0.330155,0.097345,0.57208,0.1049,0.12,
0.29,6.5,4,70,70,70,232,232,6255.13,79.8,220.8,127.56,15.32,0.127517,0.602674,0.325442,0.310083,0.097833,0.56418,0.1029,0.12,
0.29,6.5,5,70,70,70,311,311,5378.63,79.8,300.8,128.67,14.45,0.148003,0.573472,0.328824,0.310662,0.09796,0.56718,0.1044,0.12,
0.29,6.5,6,70,70,70,307,307,5854.1,79.8,294.8,126.18,15.09,0.16968,0.557053,0.329202,0.332344,0.09633,0.5676,0.1032,0.12,
0.29,6.5,7,70,70,70,250,250,6014.68,79.8,237.4,122.59,15.04,0.15044,0.548618,0.337932,0.327406,0.09698,0.57525,0.1052,0.12,
0.29,6.5,8,70,70,70,254,254,5385.87,79.8,242.9,133.76,14.55,0.141342,0.617556,0.328411,0.319692,0.086289,0.56827,0.1052,0.12,
0.29,6.5,9,70,70,70,281,281,5800.41,79.8,270.1,127.64,15.03,0.111864,0.515451,0.320257,0.320015,0.08457,0.5605,0.1042,0.12,
0.29,7,0,70,70,70,234,234,5915.65,79.8,220.1,127.55,15.72,0.130427,0.582613,0.326482,0.327844,0.107921,0.56326,0.1007,0.12,
0.29,7,1,70,70,70,240,240,5453.07,79.8,230.1,128.45,14.78,0.123721,0.537081,0.292664,0.284684,0.092935,0.53422,0.0987,0.12,
0.29,7,2,70,70,70,262,262,5373.71,79.8,252.2,133.27,14.54,0.134145,0.52076,0.313911,0.31047,0.092767,0.5541,0.1016,0.12,
0.29,7,3,70,70,70,308,308,5469.73,79.8,295.8,132.4,14.36,0.141284,0.585026,0.325395,0.320274,0.101325,0.56367,0.1032,0.12,
0.29,7,4,70,70,70,242,242,6255.13,79.8,228.1,134.61,15.55,0.124687,0.654092,0.31338,0.296458,0.106217,0.55216,0.1007,0.12,
0.29,7,5,70,70,70,316,316,5378.63,79.8,305.7,132.81,14.37,0.147803,0.618183,0.320923,0.300387,0.102566,0.55954,0.103,0.12,
0.29,7,6,70,70,70,312,312,5854.1,79.8,299.2,132.95,15.16,0.159812,0.538001,0.318422,0.311879,0.091953,0.55847,0.102,0.12,
0.29,7,7,70,70,70,273,273,6014.68,79.8,260.1,129.19,15.12,0.139436,0.564691,0.32788,0.320068,0.098855,0.56596,0.1037,0.12,
0.29,7,8,70,70,70,269,269,5385.87,79.8,259.1,140.19,14.71,0.145234,0.655251,0.311957,0.304145,0.086779,0.5536,0.1026,0.12,
0.29,7,9,70,70,70,283,283,5800.41,79.8,272.4,132.16,15.03,0.10668,0.534462,0.313405,0.308299,0.087143,0.55404,0.1031,0.12,
0.3,3,0,70,70,70,176,176,5915.65,79.8,164.6,95.34,15.22,0.161668,0.536258,0.34397,0.344813,0.083402,0.58212,0.105,0.12,
0.3,3,1,70,70,70,159,159,5453.07,79.8,147.7,96.45,14.13,0.157781,0.497832,0.338752,0.343235,0.072332,0.5785,0.1074,0.12,
0.3,3,2,70,70,70,158,158,5373.71,79.8,145.1,96.63,13.75,0.119427,0.568464,0.341092,0.343425,0.09629,0.57779,0.1055,0.12,
0.3,3,3,70,70,70,193,193,5469.73,79.8,180.1,97.81,13.69,0.163109,0.545814,0.361015,0.359202,0.080348,0.59698,0.1099,0.12,
0.3,3,4,70,70,70,167,167,6255.13,79.8,153.2,95.95,14.86,0.150337,0.545597,0.363526,0.37028,0.083788,0.59867,0.1089,0.12,
0.3,3,5,70,70,70,218,218,5378.63,79.8,207.5,98.74,13.96,0.199811,0.652541,0.357185,0.362909,0.082125,0.59372,0.1095,0.12,
0.3,3,6,70,70,70,188,188,5854.1,79.8,175.1,96.38,14.47,0.157831,0.525931,0.357021,0.366425,0.089917,0.59239,0.1083,0.12,
0.3,3,7,70,70,70,166,166,6014.68,79.8,153.7,95.88,14.49,0.154864,0.514646,0.35431,0.364849,0.080231,0.59101,0.1079,0.12,
0.3,3,8,70,70,70,185,185,5385.87,79.8,175.3,101.31,14,0.192531,0.623322,0.356656,0.359927,0.086487,0.59291,0.1089,0.12,
0.3,3,9,70,70,70,190,190,5800.41,79.8,180.1,100.66,14.5,0.168149,0.530365,0.350353,0.359262,0.075624,0.58826,0.1092,0.12,
0.3,3.5,0,70,70,70,167,167,5915.65,79.8,155.7,98.78,15.23,0.163847,0.550106,0.345335,0.353892,0.088972,0.58257,0.105,0.12,
0.3,3.5,1,70,70,70,189,189,5453.07,79.8,176.2,102.04,14.24,0.159375,0.524158,0.340477,0.345036,0.07595,0.57968,0.1076,0.12,
0.3,3.5,2,70,70,70,201,201,5373.71,79.8,191.7,101.57,13.87,0.122784,0.569884,0.346335,0.341663,0.097302,0.58238,0.1062,0.12,
0.3,3.5,3,70,70,70,210,210,5469.73,79.8,197.3,101.72,13.87,0.175015,0.559416,0.363427,0.365556,0.088582,0.59819,0.1099,0.12,
0.3,3.5,4,70,70,70,169,169,6255.13,79.8,155.1,102.12,15.06,0.108595,0.555421,0.367209,0.372557,0.087349,0.60127,0.1094,0.12,
0.3,3.5,5,70,70,70,256,256,5378.63,79.8,245.1,103.59,13.99,0.198721,0.615983,0.360393,0.369666,0.077911,0.59681,0.1098,0.12,
0.3,3.5,6,70,70,70,192,192,5854.1,79.8,180,102.51,14.7,0.161864,0.533765,0.353736,0.362338,0.088766,0.58979,0.1082,0.12,
0.3,3.5,7,70,70,70,169,169,6014.68,79.8,156.2,101.05,14.56,0.153394,0.519903,0.356127,0.358934,0.08642,0.59206,0.1082,0.12,
0.3,3.5,8,70,70,70,209,209,5385.87,79.8,199.3,107.39,14.15,0.187784,0.65152,0.357676,0.359945,0.085774,0.59387,0.1093,0.12,
0.3,3.5,9,70,70,70,195,195,5800.41,79.8,185.1,104.98,14.67,0.182889,0.535118,0.352118,0.363007,0.075263,0.58983,0.11,0.12,
0.3,4,0,70,70,70,191,191,5915.65,79.8,179.5,103.33,15.36,0.165989,0.553264,0.347896,0.341573,0.095594,0.58403,0.1051,0.12,
0.3,4,1,70,70,70,191,191,5453.07,79.8,178.9,106.28,14.47,0.133062,0.521072,0.339878,0.343419,0.077604,0.57892,0.1075,0.12,
0.3,4,2,70,70,70,205,205,5373.71,79.8,195.9,105.37,14.13,0.127563,0.61617,0.350124,0.353074,0.101203,0.5853,0.1071,0.12,
0.3,4,3,70,70,70,214,214,5469.73,79.8,201.7,104.9,14.02,0.18465,0.5749,0.362021,0.354957,0.086951,0.59732,0.1096,0.12,
0.3,4,4,70,70,70,178,178,6255.13,79.8,165.1,108.6,15.18,0.100732,0.566269,0.366536,0.37339,0.088473,0.60052,0.1094,0.12,
0.3,4,5,70,70,70,256,256,5378.63,79.8,245.1,108.71,14.1,0.189934,0.665706,0.358432,0.35727,0.082984,0.59473,0.1093,0.12,
0.3,4,6,70,70,70,219,219,5854.1,79.8,208.8,107.81,14.75,0.166101,0.545015,0.356758,0.364984,0.088271,0.59242,0.1083,0.12,
0.3,4,7,70,70,70,193,193,6014.68,79.8,180.1,103.15,14.65,0.152918,0.569183,0.358683,0.365022,0.088549,0.59407,0.1088,0.12,
0.3,4,8,70,70,70,215,215,5385.87,79.8,205.1,111.84,14.27,0.180934,0.666839,0.35412,0.349008,0.089537,0.59056,0.109,0.12,
0.3,4,9,70,70,70,195,195,5800.41,79.8,185.1,108.43,14.63,0.194799,0.534913,0.353848,0.366184,0.070408,0.59176,0.1104,0.12,
0.3,4.5,0,70,70,70,192,192,5915.65,79.8,180.9,107.91,15.24,0.16046,0.561144,0.343672,0.35761,0.09629,0.5801,0.1043,0.12,
0.3,4.5,1,70,70,70,233,233,5453.07,79.8,223.9,111.51,14.46,0.129044,0.518192,0.336557,0.345795,0.080641,0.57562,0.1066,0.12,
0.3,4.5,2,70,70,70,212,212,5373.71,79.8,202.2,110.95,14.12,0.135179,0.561591,0.351602,0.356006,0.100523,0.58654,0.1071,0.12,
0.3,4.5,3,70,70,70,225,225,5469.73,79.8,212.9,108.85,13.87,0.144978,0.593418,0.357011,0.353941,0.094675,0.59217,0.1086,0.12,
0.3,4.5,4,70,70,70,220,220,6255.13,79.8,208,114.67,15.35,0.106819,0.557429,0.360034,0.353355,0.090359,0.59489,0.1085,0.12,
0.3,4.5,5,70,70,70,261,261,5378.63,79.8,250.1,112.04,14.19,0.184354,0.682543,0.360626,0.363701,0.090004,0.59591,0.1095,0.12,
0.3,4.5,6,70,70,70,221,221,5854.1,79.8,210.1,114.54,14.73,0.17028,0.561566,0.355431,0.351906,0.09064,0.59116,0.1077,0.12,
0.3,4.5,7,70,70,70,198,198,6014.68,79.8,185.1,107.92,14.74,0.153122,0.562384,0.354799,0.360708,0.086055,0.59104,0.108,0.12,
0.3,4.5,8,70,70,70,220,220,5385.87,79.8,210.3,117.03,14.22,0.206467,0.681345,0.354489,0.347507,0.087811,0.59114,0.109,0.12,
0.3,4.5,9,70,70,70,210,210,5800.41,79.8,199.9,111.79,14.71,0.195652,0.517803,0.349177,0.358378,0.07093,0.58775,0.1095,0.12,
0.3,5,0,70,70,70,207,207,5915.65,79.8,197.9,112.2,15.44,0.157678,0.566489,0.342918,0.34353,0.094056,0.5798,0.1039,0.12,
0.3,5,1,70,70,70,235,235,5453.07,79.8,225.1,114.96,14.54,0.134228,0.521865,0.330307,0.330096,0.081653,0.57016,0.1053,0.12,
0.3,5,2,70,70,70,246,246,5373.71,79.8,236.9,117.34,14.33,0.143535,0.586733,0.350036,0.346972,0.099337,0.58549,0.1069,0.12,
0.3,5,3,70,70,70,228,228,5469.73,79.8,215.8,113.1,14.07,0.136246,0.600276,0.345337,0.341316,0.096256,0.58197,0.1069,0.12,
0.3,5,4,70,70,70,223,223,6255.13,79.8,210.4,118.98,15.43,0.132822,0.562952,0.349986,0.348401,0.087744,0.58676,0.1073,0.12,
0.3,5,5,70,70,70,265,265,5378.63,79.8,254.9,118.03,14.27,0.15301,0.704907,0.349674,0.349776,0.0973,0.58573,0.1076,0.12,
0.3,5,6,70,70,70,226,226,5854.1,79.8,215.1,119.9,14.87,0.157986,0.555387,0.337687,0.338978,0.088386,0.57596,0.1052,0.12,
0.3,5,7,70,70,70,203,203,6014.68,79.8,190.1,114.85,14.88,0.15384,0.558659,0.344034,0.346764,0.091305,0.58114,0.1065,0.12,
0.3,5,8,70,70,70,229,229,5385.87,79.8,219.8,124.07,14.43,0.177667,0.693921,0.350675,0.344091,0.088695,0.58778,0.1085,0.12,
0.3,5,9,70,70,70,241,241,5800.41,79.8,230.1,120.57,14.93,0.170852,0.56042,0.349201,0.358407,0.077518,0.58709,0.1085,0.12,
0.3,5.5,0,70,70,70,217,217,5915.65,79.8,207.5,116.58,15.61,0.136958,0.571678,0.337885,0.348056,0.102172,0.57417,0.1027,0.12,
0.3,5.5,1,70,70,70,240,240,5453.07,79.8,230.1,119.79,14.72,0.138231,0.52995,0.316275,0.31708,0.086334,0.55708,0.1032,0.12,
0.3,5.5,2,70,70,70,249,249,5373.71,79.8,239.7,120.04,14.42,0.148364,0.617268,0.354016,0.349405,0.101583,0.58872,0.1074,0.12,
0.3,5.5,3,70,70,70,237,237,5469.73,79.8,229.6,119.56,14.16,0.181798,0.604934,0.344258,0.338096,0.097778,0.581,0.1067,0.12,
0.3,5.5,4,70,70,70,225,225,6255.13,79.8,213.7,122.82,15.39,0.146046,0.547035,0.33999,0.331562,0.086377,0.5783,0.1061,0.12,
0.3,5.5,5,70,70,70,298,298,5378.63,79.8,287.3,125.52,14.6,0.155438,0.66613,0.340236,0.321985,0.09997,0.57732,0.1061,0.12,
0.3,5.5,6,70,70,70,296,296,5854.1,79.8,283.9,126.23,15.08,0.170401,0.561408,0.326843,0.32772,0.09275,0.56583,0.1029,0.12,
0.3,5.5,7,70,70,70,223,223,6014.68,79.8,213.8,118.31,14.92,0.155042,0.571957,0.345492,0.34229,0.093454,0.58224,0.1066,0.12,
0.3,5.5,8,70,70,70,247,247,5385.87,79.8,235.7,128.82,14.53,0.169594,0.699216,0.348515,0.33524,0.089928,0.58586,0.1079,0.12,
0.3,5.5,9,70,70,70,272,272,5800.41,79.8,261.8,124.62,14.98,0.172999,0.500002,0.332282,0.341209,0.072278,0.57285,0.1063,0.12,
0.3,6,0,70,70,70,217,217,5915.65,79.8,207.5,120.25,15.57,0.134246,0.600048,0.345728,0.347995,0.106169,0.58066,0.1036,0.12,
0.3,6,1,70,70,70,240,240,5453.07,79.8,230.1,122.89,14.69,0.137433,0.536187,0.318772,0.321736,0.08944,0.55902,0.1033,0.12,
0.3,6,2,70,70,70,257,257,5373.71,79.8,247.3,127.12,14.59,0.152441,0.645126,0.346238,0.345811,0.098039,0.58247,0.1063,0.12,
0.3,6,3,70,70,70,239,239,5469.73,79.8,231.5,123.27,14.16,0.165758,0.609218,0.34132,0.326533,0.098761,0.57832,0.1061,0.12,
0.3,6,4,70,70,70,229,229,6255.13,79.8,217.4,126.85,15.69,0.187669,0.654074,0.34113,0.331024,0.091843,0.57902,0.1062,0.12,
0.3,6,5,70,70,70,306,306,5378.63,79.8,296,128.86,14.54,0.155657,0.595312,0.343765,0.328297,0.0976,0.5805,0.1068,0.12,
0.3,6,6,70,70,70,304,304,5854.1,79.8,291.9,128.11,15.04,0.16904,0.566073,0.33381,0.337257,0.095055,0.57187,0.1038,0.12,
0.3,6,7,70,70,70,225,225,6014.68,79.8,215.1,120.39,15.04,0.156541,0.563388,0.349188,0.340898,0.098315,0.58496,0.1068,0.12,
0.3,6,8,70,70,70,251,251,5385.87,79.8,239.7,133.08,14.59,0.169671,0.681295,0.343213,0.331856,0.09167,0.581,0.1074,0.12,
0.3,6,9,70,70,70,281,281,5800.41,79.8,270.1,128.01,15.06,0.131019,0.524341,0.331185,0.333529,0.080416,0.57088,0.106,0.12,
0.3,6.5,0,70,70,70,234,234,5915.65,79.8,220.1,125.42,15.72,0.139669,0.62082,0.342039,0.345335,0.110731,0.57694,0.103,0.12,
0.3,6.5,1,70,70,70,241,241,5453.07,79.8,231.3,126.73,14.77,0.137027,0.543333,0.311294,0.312945,0.092926,0.55157,0.1018,0.12,
0.3,6.5,2,70,70,70,260,260,5373.71,79.8,250.5,134.99,14.68,0.155879,0.616689,0.335009,0.326354,0.099005,0.57254,0.1046,0.12,
0.3,6.5,3,70,70,70,306,306,5469.73,79.8,293.3,130.76,14.41,0.148216,0.604312,0.342187,0.334965,0.102972,0.57844,0.1058,0.12,
0.3,6.5,4,70,70,70,270,270,6255.13,79.8,260.1,134.12,15.72,0.131002,0.636486,0.327392,0.323183,0.092014,0.56655,0.104,0.12,
0.3,6.5,5,70,70,70,313,313,5378.63,79.8,302.8,134.74,14.7,0.155814,0.654031,0.332542,0.315828,0.099631,0.57048,0.1049,0.12,
0.3,6.5,6,70,70,70,309,309,5854.1,79.8,296.2,132.8,15.23,0.156139,0.571672,0.330538,0.330472,0.096256,0.5687,0.1032,0.12,
0.3,6.5,7,70,70,70,273,273,6014.68,79.8,260.1,128.58,15.17,0.158327,0.583184,0.341972,0.335433,0.098856,0.57875,0.1059,0.12,
0.3,6.5,8,70,70,70,267,267,5385.87,79.8,257.8,140.04,14.77,0.15153,0.648902,0.327997,0.323009,0.085285,0.56807,0.1052,0.12,
0.3,6.5,9,70,70,70,283,283,5800.41,79.8,272.7,131.32,15.17,0.117355,0.546724,0.322079,0.32694,0.087706,0.56184,0.1044,0.12,
0.3,7,0,70,70,70,238,238,5915.65,79.8,224.4,134.65,15.91,0.133796,0.595532,0.323941,0.325231,0.109889,0.56089,0.1003,0.12,
0.3,7,1,70,70,70,252,252,5453.07,79.8,239.7,131.93,15.03,0.129956,0.534283,0.30047,0.293718,0.09082,0.54193,0.1002,0.12,
0.3,7,2,70,70,70,277,277,5373.71,79.8,263.5,138.41,14.8,0.140458,0.521013,0.323521,0.316171,0.092653,0.56293,0.1029,0.12,
0.3,7,3,70,70,70,309,309,5469.73,79.8,296.7,135.09,14.54,0.149016,0.592,0.337775,0.330297,0.105832,0.57422,0.1051,0.12,
0.3,7,4,70,70,70,271,271,6255.13,79.8,261.3,142.73,15.92,0.125314,0.673437,0.315682,0.304401,0.104813,0.55448,0.1013,0.12,
0.3,7,5,70,70,70,317,317,5378.63,79.8,306.9,139.02,14.82,0.155339,0.653771,0.325332,0.317115,0.09786,0.56413,0.1038,0.12,
0.3,7,6,70,70,70,313,313,5854.1,79.8,300.5,143.71,15.53,0.151756,0.54931,0.321912,0.31701,0.089985,0.56179,0.102,0.12,
0.3,7,7,70,70,70,273,273,6014.68,79.8,260.1,134.29,15.3,0.141419,0.600325,0.333159,0.318717,0.102594,0.57039,0.1045,0.12,
0.3,7,8,70,70,70,278,278,5385.87,79.8,268.3,144.41,14.89,0.174511,0.623354,0.315776,0.314683,0.078936,0.55785,0.1036,0.12,
0.3,7,9,70,70,70,286,286,5800.41,79.8,275.1,136.25,15.35,0.111066,0.568139,0.317742,0.324294,0.086848,0.55808,0.1039,0.12,
0.31,3,0,70,70,70,182,182,5915.65,79.8,170.1,97.58,15.43,0.169142,0.549455,0.356894,0.361077,0.086574,0.59291,0.1069,0.12,
0.31,3,1,70,70,70,162,162,5453.07,79.8,150.1,99.57,14.45,0.161795,0.52092,0.341554,0.351509,0.074392,0.58075,0.1077,0.12,
0.31,3,2,70,70,70,200,200,5373.71,79.8,190.1,99.52,14.1,0.124816,0.558735,0.348145,0.348766,0.095813,0.58406,0.1069,0.12,
0.31,3,3,70,70,70,193,193,5469.73,79.8,180.1,99.88,13.91,0.170189,0.557,0.369972,0.365894,0.080874,0.60449,0.1111,0.12,
0.31,3,4,70,70,70,169,169,6255.13,79.8,155.1,98.38,15.17,0.154661,0.570704,0.375178,0.38049,0.083346,0.60849,0.1107,0.12,
0.31,3,5,70,70,70,252,252,5378.63,79.8,241.8,100.62,13.99,0.206023,0.665999,0.369113,0.374221,0.081463,0.60385,0.1112,0.12,
0.31,3,6,70,70,70,189,189,5854.1,79.8,176.1,100.12,14.62,0.164196,0.529652,0.359957,0.366775,0.087677,0.59519,0.109,0.12,
0.31,3,7,70,70,70,166,166,6014.68,79.8,154,97.36,14.58,0.162283,0.526659,0.363074,0.365151,0.081575,0.59838,0.1091,0.12,
0.31,3,8,70,70,70,203,203,5385.87,79.8,193.9,105.94,14.17,0.198539,0.642962,0.357439,0.357654,0.083523,0.59391,0.1092,0.12,
0.31,3,9,70,70,70,192,192,5800.41,79.8,182.4,103.46,14.58,0.177176,0.540238,0.356794,0.366753,0.073683,0.59395,0.1105,0.12,
0.31,3.5,0,70,70,70,187,187,5915.65,79.8,175.1,102.69,15.28,0.171443,0.559546,0.355114,0.359006,0.088763,0.59107,0.1065,0.12,
0.31,3.5,1,70,70,70,189,189,5453.07,79.8,176.7,104.46,14.33,0.160808,0.509718,0.351193,0.357339,0.07675,0.58884,0.1092,0.12,
0.31,3.5,2,70,70,70,205,205,5373.71,79.8,195.1,103.18,14.1,0.128342,0.563211,0.354401,0.357416,0.094698,0.58968,0.1077,0.12,
0.31,3.5,3,70,70,70,210,210,5469.73,79.8,198,103.87,14.12,0.18263,0.561117,0.371769,0.372514,0.086743,0.6054,0.111,0.12,
0.31,3.5,4,70,70,70,187,187,6255.13,79.8,177.1,105.96,15.2,0.112222,0.568582,0.371903,0.369428,0.08663,0.60527,0.1102,0.12,
0.31,3.5,5,70,70,70,256,256,5378.63,79.8,245.1,107.88,14.21,0.205598,0.655518,0.365186,0.366427,0.083072,0.60043,0.1103,0.12,
0.31,3.5,6,70,70,70,193,193,5854.1,79.8,180.1,105.06,14.76,0.16837,0.551666,0.360888,0.365763,0.087447,0.5961,0.1094,0.12,
0.31,3.5,7,70,70,70,191,191,6014.68,79.8,178.1,103.28,14.82,0.16254,0.538896,0.363886,0.366408,0.086652,0.59873,0.1093,0.12,
0.31,3.5,8,70,70,70,209,209,5385.87,79.8,200.1,110.47,14.29,0.196662,0.661212,0.36138,0.358587,0.086254,0.59706,0.1099,0.12,
0.31,3.5,9,70,70,70,195,195,5800.41,79.8,185.1,107.15,14.73,0.191937,0.542678,0.358493,0.375877,0.073276,0.59544,0.111,0.12,
0.31,4,0,70,70,70,192,192,5915.65,79.8,180.1,106.96,15.46,0.173623,0.557714,0.355384,0.350951,0.09783,0.59031,0.106,0.12,
0.31,4,1,70,70,70,192,192,5453.07,79.8,179.5,110.6,14.57,0.137813,0.532103,0.346193,0.349033,0.080472,0.58407,0.1082,0.12,
0.31,4,2,70,70,70,207,207,5373.71,79.8,197.8,108.21,14.3,0.133788,0.583017,0.362887,0.371781,0.099557,0.59629,0.1089,0.12,
0.31,4,3,70,70,70,223,223,5469.73,79.8,210.6,106.79,14.04,0.192676,0.578575,0.370547,0.367314,0.087626,0.60441,0.1109,0.12,
0.31,4,4,70,70,70,191,191,6255.13,79.8,181.4,112.11,15.27,0.103548,0.575826,0.371465,0.362706,0.087738,0.60479,0.1103,0.12,
0.31,4,5,70,70,70,261,261,5378.63,79.8,250.1,111.05,14.25,0.198179,0.678844,0.36659,0.363048,0.085043,0.60149,0.1105,0.12,
0.31,4,6,70,70,70,221,221,5854.1,79.8,210.5,112.2,14.87,0.172721,0.572564,0.365782,0.36274,0.090679,0.59992,0.1093,0.12,
0.31,4,7,70,70,70,198,198,6014.68,79.8,185.1,106.25,14.85,0.161876,0.559849,0.365636,0.360268,0.087944,0.60006,0.1097,0.12,
0.31,4,8,70,70,70,217,217,5385.87,79.8,210.1,114.32,14.29,0.188527,0.677984,0.362692,0.350836,0.08661,0.59821,0.1103,0.12,
0.31,4,9,70,70,70,195,195,5800.41,79.8,185.7,110.61,14.72,0.202858,0.552766,0.364484,0.372236,0.070161,0.6008,0.1118,0.12,
0.31,4.5,0,70,70,70,205,205,5915.65,79.8,195.4,111.05,15.49,0.169891,0.562518,0.348036,0.356884,0.098109,0.58373,0.1048,0.12,
0.31,4.5,1,70,70,70,235,235,5453.07,79.8,225.1,114,14.54,0.133375,0.540327,0.344954,0.363013,0.081218,0.58292,0.1076,0.12,
0.31,4.5,2,70,70,70,212,212,5373.71,79.8,202.9,114.98,14.32,0.142475,0.59444,0.360737,0.359334,0.101807,0.59439,0.1084,0.12,
0.31,4.5,3,70,70,70,226,226,5469.73,79.8,213.9,110.77,14.04,0.150425,0.552165,0.362845,0.361125,0.086763,0.59785,0.1097,0.12,
0.31,4.5,4,70,70,70,223,223,6255.13,79.8,210.1,118.36,15.49,0.110471,0.59138,0.36644,0.364438,0.089603,0.60041,0.1094,0.12,
0.31,4.5,5,70,70,70,261,261,5378.63,79.8,250.1,115.63,14.23,0.191146,0.636716,0.364671,0.365741,0.090862,0.59921,0.11,0.12,
0.31,4.5,6,70,70,70,226,226,5854.1,79.8,215.1,117.82,14.96,0.167864,0.590196,0.356775,0.35854,0.090379,0.59231,0.1079,0.12,
0.31,4.5,7,70,70,70,215,215,6014.68,79.8,203,112.4,14.97,0.161896,0.540303,0.357157,0.352792,0.084199,0.5933,0.1086,0.12,
0.31,4.5,8,70,70,70,221,221,5385.87,79.8,211.3,120.8,14.41,0.18306,0.693803,0.361429,0.356043,0.089405,0.59691,0.1097,0.12,
0.31,4.5,9,70,70,70,241,241,5800.41,79.8,230.1,116.35,14.91,0.203678,0.551185,0.352241,0.354744,0.070744,0.59045,0.1096,0.12,
0.31,5,0,70,70,70,208,208,5915.65,79.8,198.6,115.44,15.61,0.143636,0.569203,0.348207,0.353933,0.101915,0.58347,0.1045,0.12,
0.31,5,1,70,70,70,235,235,5453.07,79.8,225.3,117.42,14.78,0.141844,0.529408,0.338412,0.33885,0.083512,0.5771,0.1065,0.12,
0.31,5,2,70,70,70,247,247,5373.71,79.8,237.5,123.16,14.53,0.152108,0.624773,0.356106,0.354006,0.097665,0.59103,0.1078,0.12,
0.31,5,3,70,70,70,235,235,5469.73,79.8,227.9,118.14,14.27,0.140262,0.559696,0.34816,0.356246,0.092187,0.58482,0.1073,0.12,
0.31,5,4,70,70,70,223,223,6255.13,79.8,211.5,120.82,15.46,0.140496,0.590167,0.358793,0.350254,0.089321,0.59421,0.1085,0.12,
0.31,5,5,70,70,70,266,266,5378.63,79.8,255.8,123.91,14.36,0.165822,0.662676,0.355845,0.353362,0.097483,0.59102,0.1083,0.12,
0.31,5,6,70,70,70,253,253,5854.1,79.8,240.5,123.98,15.18,0.167304,0.527978,0.34376,0.349234,0.094001,0.58062,0.1055,0.12,
0.31,5,7,70,70,70,225,225,6014.68,79.8,215.1,118.74,14.98,0.162473,0.575471,0.351807,0.347003,0.093682,0.58767,0.1076,0.12,
0.31,5,8,70,70,70,230,230,5385.87,79.8,220.8,126.55,14.61,0.174741,0.68928,0.360397,0.349356,0.090345,0.59593,0.1098,0.12,
0.31,5,9,70,70,70,241,241,5800.41,79.8,230.1,124.07,15.01,0.178546,0.50081,0.352417,0.364004,0.073132,0.59022,0.1091,0.12,
0.31,5.5,0,70,70,70,218,218,5915.65,79.8,208.5,117.8,15.76,0.142258,0.57584,0.350866,0.363032,0.104849,0.58524,0.1046,0.12,
0.31,5.5,1,70,70,70,240,240,5453.07,79.8,230.1,123.47,14.92,0.145911,0.524052,0.326043,0.328785,0.087348,0.56577,0.1045,0.12,
0.31,5.5,2,70,70,70,250,250,5373.71,79.8,240.5,128.14,14.59,0.157183,0.655329,0.359308,0.359857,0.100559,0.59345,0.1082,0.12,
0.31,5.5,3,70,70,70,238,238,5469.73,79.8,230.1,124.12,14.4,0.1883,0.625328,0.350633,0.331004,0.101836,0.5862,0.1074,0.12,
0.31,5.5,4,70,70,70,226,226,6255.13,79.8,214.4,127.46,15.66,0.192061,0.637445,0.348759,0.338543,0.089455,0.58585,0.1071,0.12,
0.31,5.5,5,70,70,70,299,299,5378.63,79.8,288.4,129.18,14.52,0.162051,0.709818,0.351143,0.341501,0.105801,0.58627,0.1074,0.12,
0.31,5.5,6,70,70,70,302,302,5854.1,79.8,289.1,128.17,15.19,0.179694,0.537911,0.341961,0.342525,0.092365,0.57928,0.1051,0.12,
0.31,5.5,7,70,70,70,225,225,6014.68,79.8,215.1,121.99,15.1,0.163545,0.583329,0.350579,0.352816,0.095635,0.58641,0.1073,0.12,
0.31,5.5,8,70,70,70,248,248,5385.87,79.8,236.3,131.82,14.65,0.17644,0.702893,0.355187,0.340594,0.090787,0.59157,0.1091,0.12,
0.31,5.5,9,70,70,70,274,274,5800.41,79.8,264,127.91,15.16,0.178029,0.52909,0.341275,0.344345,0.074489,0.58051,0.1077,0.12,
0.31,6,0,70,70,70,221,221,5915.65,79.8,211.3,123.36,15.67,0.138852,0.638678,0.352654,0.356494,0.109436,0.58636,0.1044,0.12,
0.31,6,1,70,70,70,242,242,5453.07,79.8,232.9,128.03,14.86,0.14694,0.543033,0.318992,0.307132,0.090304,0.55919,0.1031,0.12,
0.31,6,2,70,70,70,258,258,5373.71,79.8,248.4,130.49,14.7,0.161406,0.672366,0.355951,0.346464,0.103021,0.59034,0.1076,0.12,
0.31,6,3,70,70,70,303,303,5469.73,79.8,290.2,129.94,14.47,0.173866,0.630624,0.35102,0.33125,0.100432,0.58669,0.1075,0.12,
0.31,6,4,70,70,70,270,270,6255.13,79.8,260.1,134.23,15.73,0.140812,0.649023,0.346261,0.337364,0.089225,0.58358,0.1069,0.12,
0.31,6,5,70,70,70,308,308,5378.63,79.8,297.5,132.57,14.6,0.163981,0.631107,0.349378,0.333212,0.099734,0.58524,0.1073,0.12,
0.31,6,6,70,70,70,305,305,5854.1,79.8,293,133.27,15.33,0.17202,0.581755,0.342562,0.337849,0.098665,0.57918,0.1047,0.12,
0.31,6,7,70,70,70,246,246,6014.68,79.8,233.6,125.24,15.24,0.164948,0.597868,0.362548,0.352542,0.100532,0.59632,0.1089,0.12,
0.31,6,8,70,70,70,252,252,5385.87,79.8,240.5,138.09,14.76,0.163601,0.680219,0.348172,0.336987,0.088424,0.58558,0.108,0.12,
0.31,6,9,70,70,70,286,286,5800.41,79.8,275.1,132.2,15.24,0.121479,0.555096,0.332063,0.339,0.082672,0.57135,0.1062,0.12,
0.31,6.5,0,70,70,70,239,239,5915.65,79.8,225.1,129.78,15.92,0.144722,0.661166,0.345425,0.348606,0.110001,0.58014,0.1035,0.12,
0.31,6.5,1,70,70,70,245,245,5453.07,79.8,235.1,132.24,14.96,0.130374,0.52956,0.309512,0.309901,0.090497,0.55029,0.1015,0.12,
0.31,6.5,2,70,70,70,261,261,5373.71,79.8,251.2,137.5,14.74,0.149875,0.651215,0.343475,0.331365,0.103024,0.57956,0.1057,0.12,
0.31,6.5,3,70,70,70,307,307,5469.73,79.8,294.1,137.78,14.65,0.155358,0.629592,0.348986,0.333906,0.104354,0.58432,0.1069,0.12,
0.31,6.5,4,70,70,70,274,274,6255.13,79.8,264.1,139.81,15.84,0.130406,0.630923,0.338852,0.32392,0.096015,0.57628,0.1055,0.12,
0.31,6.5,5,70,70,70,314,314,5378.63,79.8,303.9,138.6,14.7,0.16362,0.655243,0.338748,0.318647,0.10469,0.5754,0.1055,0.12,
0.31,6.5,6,70,70,70,310,310,5854.1,79.8,297.5,139.56,15.4,0.156538,0.550656,0.337543,0.329876,0.096626,0.57499,0.1043,0.12,
0.31,6.5,7,70,70,70,273,273,6014.68,79.8,260.1,133.28,15.33,0.165858,0.618961,0.351412,0.336991,0.099953,0.58697,0.1076,0.12,
0.31,6.5,8,70,70,70,268,268,5385.87,79.8,258.9,143.26,14.88,0.159406,0.650193,0.335771,0.3271,0.083816,0.57516,0.1063,0.12,
0.31,6.5,9,70,70,70,286,286,5800.41,79.8,275.1,137.01,15.25,0.122485,0.567566,0.330827,0.336413,0.090543,0.56942,0.1058,0.12,
0.31,7,0,70,70,70,239,239,5915.65,79.8,225.1,137.38,15.96,0.137499,0.630632,0.337831,0.334514,0.110098,0.5734,0.1023,0.12,
0.31,7,1,70,70,70,254,254,5453.07,79.8,241.8,136.23,14.99,0.12983,0.540048,0.305274,0.299739,0.094272,0.546,0.1009,0.12,
0.31,7,2,70,70,70,297,297,5373.71,79.8,287.6,143.83,14.83,0.151828,0.549625,0.3311,0.32657,0.09275,0.56979,0.104,0.12,
0.31,7,3,70,70,70,310,310,5469.73,79.8,297.5,141.78,14.77,0.152484,0.62721,0.337693,0.308541,0.104979,0.57445,0.1051,0.12,
0.31,7,4,70,70,70,275,275,6255.13,79.8,265.1,146.04,15.94,0.132076,0.641594,0.327541,0.31944,0.105024,0.56517,0.1031,0.12,
0.31,7,5,70,70,70,319,319,5378.63,79.8,308.1,145.66,14.97,0.155844,0.665349,0.33111,0.321899,0.105507,0.56829,0.1043,0.12,
0.31,7,6,70,70,70,328,328,5854.1,79.8,315.1,146.8,15.54,0.154417,0.569908,0.324404,0.32154,0.089693,0.56408,0.1025,0.12,
0.31,7,7,70,70,70,273,273,6014.68,79.8,260.1,139.91,15.47,0.143857,0.637278,0.338472,0.327787,0.103418,0.57512,0.1055,0.12,
0.31,7,8,70,70,70,299,299,5385.87,79.8,288.2,153.1,15.05,0.180016,0.581822,0.321515,0.320645,0.071688,0.56356,0.1043,0.12,
0.31,7,9,70,70,70,287,287,5800.41,79.8,276.5,140.97,15.29,0.11559,0.577669,0.325216,0.340276,0.090416,0.56438,0.105,0.12,
0.32,3,0,70,70,70,186,186,5915.65,79.8,174.5,100.48,15.39,0.176931,0.553955,0.363304,0.375864,0.082757,0.59864,0.108,0.12,
0.32,3,1,70,70,70,187,187,5453.07,79.8,174.3,103.16,14.45,0.169059,0.502993,0.348528,0.36221,0.070945,0.58707,0.1086,0.12,
0.32,3,2,70,70,70,200,200,5373.71,79.8,190.1,101.05,14.16,0.130517,0.583417,0.359251,0.361574,0.095142,0.59375,0.1086,0.12,
0.32,3,3,70,70,70,195,195,5469.73,79.8,182.5,102.33,13.97,0.177603,0.554527,0.377069,0.372743,0.078913,0.61059,0.1119,0.12,
0.32,3,4,70,70,70,183,183,6255.13,79.8,173.9,103.13,15.25,0.158186,0.572286,0.380172,0.379466,0.078679,0.61301,0.1116,0.12,
0.32,3,5,70,70,70,256,256,5378.63,79.8,245.1,104.83,14.11,0.213001,0.629485,0.373512,0.371417,0.079526,0.60769,0.1115,0.12,
0.32,3,6,70,70,70,193,193,5854.1,79.8,180.1,103.72,14.73,0.17083,0.551616,0.364262,0.373284,0.084292,0.59922,0.1097,0.12,
0.32,3,7,70,70,70,188,188,6014.68,79.8,175.8,99.88,14.69,0.169706,0.524061,0.371116,0.378689,0.081885,0.60516,0.1105,0.12,
0.32,3,8,70,70,70,204,204,5385.87,79.8,194.5,107.09,14.19,0.208305,0.652691,0.37026,0.364781,0.085715,0.60458,0.1112,0.12,
0.32,3,9,70,70,70,195,195,5800.41,79.8,185.1,106.29,14.66,0.187738,0.535336,0.362898,0.374788,0.071175,0.59934,0.1114,0.12,
0.32,3.5,0,70,70,70,192,192,5915.65,79.8,180.1,105.81,15.38,0.179367,0.587535,0.362899,0.364303,0.091402,0.59753,0.1074,0.12,
0.32,3.5,1,70,70,70,190,190,5453.07,79.8,177.2,109.27,14.46,0.167602,0.53286,0.357046,0.368312,0.075368,0.59395,0.1098,0.12,
0.32,3.5,2,70,70,70,205,205,5373.71,79.8,195.1,105.42,14.18,0.134195,0.591887,0.365996,0.371324,0.094065,0.59965,0.1097,0.12,
0.32,3.5,3,70,70,70,211,211,5469.73,79.8,198.7,105.89,14.24,0.172413,0.570743,0.376316,0.374012,0.087653,0.60913,0.1117,0.12,
0.32,3.5,4,70,70,70,187,187,6255.13,79.8,177.7,109.64,15.32,0.116022,0.592044,0.379243,0.380149,0.085408,0.61149,0.1114,0.12,
0.32,3.5,5,70,70,70,256,256,5378.63,79.8,245.1,111.21,14.16,0.214325,0.669647,0.374934,0.376618,0.083756,0.60855,0.1115,0.12,
0.32,3.5,6,70,70,70,221,221,5854.1,79.8,210.1,112.09,14.89,0.175159,0.578651,0.369821,0.36746,0.087845,0.60358,0.1101,0.12,
0.32,3.5,7,70,70,70,198,198,6014.68,79.8,185.1,105.7,14.8,0.172127,0.576404,0.373322,0.365612,0.089009,0.60649,0.1106,0.12,
0.32,3.5,8,70,70,70,212,212,5385.87,79.8,205.1,112.04,14.33,0.205069,0.656202,0.368895,0.355935,0.085372,0.6035,0.111,0.12,
0.32,3.5,9,70,70,70,204,204,5800.41,79.8,193.7,110.45,14.68,0.201283,0.535799,0.364694,0.378213,0.068911,0.60103,0.112,0.12,
0.32,4,0,70,70,70,195,195,5915.65,79.8,183.1,109.75,15.49,0.17465,0.567307,0.361896,0.361713,0.100805,0.59549,0.1069,0.12,
0.32,4,1,70,70,70,194,194,5453.07,79.8,181.4,113.49,14.6,0.143111,0.534504,0.355097,0.3653,0.07957,0.59181,0.1094,0.12,
0.32,4,2,70,70,70,221,221,5373.71,79.8,210.1,113.83,14.3,0.140492,0.598599,0.36923,0.37054,0.097955,0.6019,0.11,0.12,
0.32,4,3,70,70,70,224,224,5469.73,79.8,211.6,111.49,14.02,0.167471,0.560186,0.369494,0.365514,0.09203,0.60292,0.1105,0.12,
0.32,4,4,70,70,70,223,223,6255.13,79.8,210.1,115.91,15.38,0.10733,0.608383,0.377418,0.376404,0.086504,0.60988,0.1112,0.12,
0.32,4,5,70,70,70,261,261,5378.63,79.8,250.1,115.67,14.23,0.198336,0.641472,0.368769,0.371126,0.086756,0.60312,0.1104,0.12,
0.32,4,6,70,70,70,238,238,5854.1,79.8,225.1,116.34,15.02,0.17955,0.600743,0.371797,0.369995,0.089901,0.60514,0.1101,0.12,
0.32,4,7,70,70,70,212,212,6014.68,79.8,200,110.16,14.8,0.171232,0.54042,0.36855,0.361226,0.085489,0.60282,0.1102,0.12,
0.32,4,8,70,70,70,218,218,5385.87,79.8,210.1,118.31,14.46,0.180966,0.688445,0.373021,0.363391,0.088731,0.6067,0.1115,0.12,
0.32,4,9,70,70,70,208,208,5800.41,79.8,197.3,114.83,14.87,0.21118,0.497925,0.36357,0.37551,0.066346,0.60032,0.1118,0.12,
0.32,4.5,0,70,70,70,205,205,5915.65,79.8,195.9,113.46,15.64,0.170122,0.570739,0.360519,0.37412,0.099858,0.59433,0.1066,0.12,
0.32,4.5,1,70,70,70,235,235,5453.07,79.8,225.1,117.68,14.69,0.143638,0.532063,0.352334,0.360133,0.081928,0.58924,0.1085,0.12,
0.32,4.5,2,70,70,70,245,245,5373.71,79.8,235.5,121.64,14.41,0.150234,0.625787,0.368647,0.365356,0.099372,0.6015,0.1099,0.12,
0.32,4.5,3,70,70,70,233,233,5469.73,79.8,225.2,114.83,14.12,0.15648,0.561424,0.366591,0.367462,0.088259,0.60098,0.1102,0.12,
0.32,4.5,4,70,70,70,223,223,6255.13,79.8,210.1,121.8,15.44,0.11487,0.626338,0.367058,0.367621,0.087873,0.60117,0.1096,0.12,
0.32,4.5,5,70,70,70,266,266,5378.63,79.8,255.1,118.77,14.41,0.197583,0.676186,0.371017,0.361567,0.094138,0.60435,0.1107,0.12,
0.32,4.5,6,70,70,70,248,248,5854.1,79.8,235.8,121.95,15.15,0.17614,0.584871,0.358674,0.358225,0.096555,0.59334,0.1078,0.12,
0.32,4.5,7,70,70,70,223,223,6014.68,79.8,210.1,114.91,15.01,0.171059,0.574331,0.365124,0.354948,0.084965,0.60005,0.1098,0.12,
0.32,4.5,8,70,70,70,222,222,5385.87,79.8,212.2,124.91,14.6,0.188811,0.658754,0.362918,0.363556,0.080592,0.59887,0.1102,0.12,
0.32,4.5,9,70,70,70,241,241,5800.41,79.8,230.1,121.55,15.01,0.211994,0.496485,0.358086,0.365388,0.070063,0.5954,0.1104,0.12,
0.32,5,0,70,70,70,209,209,5915.65,79.8,199.2,117.63,15.59,0.148305,0.579172,0.356903,0.358412,0.104082,0.59083,0.1056,0.12,
0.32,5,1,70,70,70,240,240,5453.07,79.8,230.1,122.62,14.78,0.149382,0.537125,0.335603,0.347673,0.086161,0.57432,0.1059,0.12,
0.32,5,2,70,70,70,250,250,5373.71,79.8,239.4,129.02,14.56,0.16125,0.65541,0.356728,0.349381,0.095457,0.592,0.1079,0.12,
0.32,5,3,70,70,70,236,236,5469.73,79.8,228.3,124.68,14.27,0.144622,0.573913,0.349932,0.336759,0.096343,0.58607,0.1076,0.12,
0.32,5,4,70,70,70,224,224,6255.13,79.8,212.1,124.92,15.5,0.150524,0.651837,0.361791,0.361005,0.086102,0.59716,0.109,0.12,
0.32,5,5,70,70,70,296,296,5378.63,79.8,285.3,127.03,14.48,0.171825,0.703987,0.360617,0.349966,0.102,0.59477,0.1088,0.12,
0.32,5,6,70,70,70,294,294,5854.1,79.8,281.2,128.04,15.34,0.168091,0.561884,0.347523,0.3434,0.099391,0.58335,0.1056,0.12,
0.32,5,7,70,70,70,226,226,6014.68,79.8,215.1,121.46,15.09,0.17156,0.567925,0.355899,0.352928,0.090966,0.59154,0.1084,0.12,
0.32,5,8,70,70,70,245,245,5385.87,79.8,233.4,131.54,14.64,0.180666,0.724435,0.367889,0.358491,0.091237,0.60231,0.1106,0.12,
0.32,5,9,70,70,70,245,245,5800.41,79.8,234.7,127.76,15.15,0.186926,0.529,0.355478,0.360446,0.074095,0.59278,0.1098,0.12,
0.32,5.5,0,70,70,70,218,218,5915.65,79.8,209,120.86,15.75,0.141027,0.585384,0.362292,0.365293,0.104633,0.59522,0.1062,0.12,
0.32,5.5,1,70,70,70,243,243,5453.07,79.8,233.5,128.59,14.92,0.153747,0.532987,0.326585,0.322145,0.090131,0.56598,0.1048,0.12,
0.32,5.5,2,70,70,70,251,251,5373.71,79.8,241.6,131.15,14.61,0.166584,0.672725,0.360602,0.357736,0.099018,0.59476,0.1084,0.12,
0.32,5.5,3,70,70,70,300,300,5469.73,79.8,287.1,127.9,14.54,0.195139,0.638579,0.351343,0.336278,0.100843,0.58703,0.1074,0.12,
0.32,5.5,4,70,70,70,227,227,6255.13,80.8,215.3,133.7,15.79,0.153967,0.663746,0.354003,0.355392,0.0893,0.59029,0.1079,0.12,
0.32,5.5,5,70,70,70,304,304,5378.63,79.8,293.5,135.48,14.71,0.164882,0.748221,0.354983,0.341496,0.109669,0.58922,0.1077,0.12,
0.32,5.5,6,70,70,70,303,303,5854.1,79.8,290.1,133.28,15.41,0.165435,0.576797,0.347068,0.342572,0.100955,0.58281,0.1053,0.12,
0.32,5.5,7,70,70,70,303,303,6014.68,79.8,290.1,126.63,15.31,0.172497,0.536405,0.354171,0.34602,0.096519,0.58946,0.1081,0.12,
0.32,5.5,8,70,70,70,248,248,5385.87,79.8,237,135.59,14.86,0.184215,0.73754,0.366832,0.352406,0.094543,0.60117,0.1106,0.12,
0.32,5.5,9,70,70,70,286,286,5800.41,79.8,275.1,132.49,15.2,0.176667,0.559112,0.345952,0.354177,0.07627,0.58446,0.1085,0.12,
0.32,6,0,70,70,70,239,239,5915.65,79.8,225.1,127.43,15.94,0.144692,0.685662,0.361599,0.366694,0.108109,0.59431,0.1059,0.12,
0.32,6,1,70,70,70,245,245,5453.07,79.8,235.1,132.62,15.02,0.158921,0.53764,0.321986,0.309596,0.090031,0.56198,0.1039,0.12,
0.32,6,2,70,70,70,259,259,5373.71,79.8,249.5,135.24,14.81,0.170993,0.683553,0.364029,0.357607,0.101662,0.59759,0.1089,0.12,
0.32,6,3,70,70,70,304,304,5469.73,79.8,291.1,135.33,14.75,0.15856,0.646738,0.358603,0.345058,0.103684,0.59275,0.1079,0.12,
0.32,6,4,70,70,70,275,275,6255.13,83,265.1,138.76,15.94,0.131979,0.674368,0.356631,0.340624,0.093896,0.59202,0.1081,0.12,
0.32,6,5,70,70,70,310,310,5378.63,79.8,299.5,138.15,14.86,0.172382,0.665928,0.357586,0.341863,0.105104,0.59177,0.1083,0.12,
0.32,6,6,70,70,70,307,307,5854.1,79.8,294.1,140.22,15.55,0.175015,0.575866,0.345751,0.3301,0.100181,0.58182,0.1051,0.12,
0.32,6,7,70,70,70,303,303,6014.68,79.8,290.1,133.56,15.54,0.173754,0.633613,0.358106,0.338035,0.100712,0.59254,0.1082,0.12,
0.32,6,8,70,70,70,254,254,5385.87,79.8,243.2,142.48,14.93,0.160448,0.731614,0.357539,0.349533,0.095052,0.59303,0.109,0.12,
0.32,6,9,70,70,70,286,286,5800.41,79.8,275.1,136.44,15.4,0.123864,0.568255,0.337758,0.344935,0.080296,0.57667,0.1072,0.12,
0.32,6.5,0,70,70,70,341,341,5915.65,79.8,330.1,136.15,16.08,0.144185,0.709449,0.355154,0.346102,0.112939,0.58841,0.1049,0.12,
0.32,6.5,1,70,70,70,245,245,5453.07,79.8,235.1,133.85,15.09,0.140466,0.541157,0.320296,0.312688,0.091519,0.5601,0.1034,0.12,
0.32,6.5,2,70,70,70,292,292,5373.71,79.8,282.9,141.8,14.91,0.158142,0.604415,0.351379,0.341468,0.101729,0.58656,0.1068,0.12,
0.32,6.5,3,70,70,70,307,307,5469.73,79.8,294.9,143.3,14.81,0.164067,0.651971,0.348313,0.327097,0.109041,0.58329,0.1062,0.12,
0.32,6.5,4,70,70,70,275,275,6255.13,79.8,265.1,145.34,16.09,0.134769,0.669175,0.339243,0.33162,0.096779,0.57658,0.1051,0.12,
0.32,6.5,5,70,70,70,315,315,5378.63,79.8,305,143.98,14.86,0.172089,0.597631,0.344466,0.336082,0.101048,0.58072,0.1064,0.12,
0.32,6.5,6,70,70,70,311,311,5854.1,79.8,298.5,148.29,15.77,0.147116,0.579069,0.333165,0.323372,0.096935,0.57106,0.1033,0.12,
0.32,6.5,7,70,70,70,308,308,6014.68,79.8,295.1,141.07,15.64,0.169431,0.653646,0.348988,0.343502,0.100067,0.58482,0.1072,0.12,
0.32,6.5,8,70,70,70,296,296,5385.87,79.8,285.6,151.57,15.27,0.167104,0.692169,0.346123,0.342863,0.086826,0.58393,0.1073,0.12,
0.32,6.5,9,70,70,70,291,291,5800.41,79.8,280.1,140.66,15.46,0.11966,0.503116,0.337233,0.337821,0.085058,0.57563,0.1069,0.12,
0.32,7,0,70,70,70,341,341,5915.65,79.8,330.1,142.47,16.34,0.136537,0.6572,0.342905,0.333331,0.113931,0.57736,0.1029,0.12,
0.32,7,1,70,70,70,255,255,5453.07,79.8,242.9,138.53,15.16,0.134162,0.544946,0.314035,0.311782,0.094858,0.55406,0.1024,0.12,
0.32,7,2,70,70,70,298,298,5373.71,79.8,288.5,147.42,15.05,0.152058,0.638706,0.342612,0.336201,0.097346,0.57946,0.1056,0.12,
0.32,7,3,70,70,70,333,333,5469.73,79.8,320.1,151.89,14.99,0.162077,0.627729,0.333197,0.316917,0.103749,0.57061,0.1039,0.12,
0.32,7,4,70,70,70,275,275,6255.13,79.8,265.1,150.33,16.1,0.136492,0.678738,0.336524,0.330478,0.100915,0.57374,0.1047,0.12,
0.32,7,5,70,70,70,320,320,5378.63,79.8,309.5,150.73,15.14,0.151497,0.629047,0.340048,0.339757,0.105185,0.57618,0.1052,0.12,
0.32,7,6,70,70,70,328,328,5854.1,79.8,315.1,152.64,15.76,0.166651,0.609095,0.335902,0.327564,0.096028,0.57366,0.1038,0.12,
0.32,7,7,70,70,70,308,308,6014.68,79.8,295.1,143.94,15.62,0.146411,0.663075,0.344727,0.333933,0.105313,0.58052,0.1065,0.12,
0.32,7,8,70,70,70,300,300,5385.87,79.8,289.4,157.49,15.26,0.210695,0.579839,0.331458,0.329217,0.073366,0.57229,0.1054,0.12,
0.32,7,9,70,70,70,291,291,5800.41,79.8,280.1,145.62,15.56,0.104072,0.510955,0.329358,0.326722,0.089304,0.5682,0.1056,0.12,
0.33,3,0,70,70,70,187,187,5915.65,79.8,175.1,103.83,15.61,0.18506,0.582547,0.371653,0.385731,0.08544,0.60547,0.109,0.12,
0.33,3,1,70,70,70,187,187,5453.07,79.8,174.8,105.63,14.55,0.176233,0.526626,0.359584,0.378727,0.073381,0.59633,0.1102,0.12,
0.33,3,2,70,70,70,205,205,5373.71,79.8,195.1,103.21,14.14,0.136484,0.598282,0.366643,0.367424,0.094192,0.60021,0.1097,0.12,
0.33,3,3,70,70,70,198,198,5469.73,79.8,185.1,104.15,14.02,0.185365,0.553713,0.382525,0.377123,0.081361,0.61491,0.1128,0.12,
0.33,3,4,70,70,70,184,184,6255.13,79.8,174.4,106.33,15.36,0.16347,0.596122,0.385518,0.391351,0.078457,0.61745,0.1126,0.12,
0.33,3,5,70,70,70,256,256,5378.63,79.8,245.1,107.93,14.18,0.218655,0.656253,0.380588,0.380025,0.080539,0.61351,0.1124,0.12,
0.33,3,6,70,70,70,221,221,5854.1,79.8,210.1,107.94,15.01,0.177831,0.577672,0.369181,0.376328,0.086197,0.60321,0.1103,0.12,
0.33,3,7,70,70,70,193,193,6014.68,79.8,180.1,102.65,14.87,0.17735,0.528803,0.373179,0.370126,0.078803,0.60727,0.1108,0.12,
0.33,3,8,70,70,70,207,207,5385.87,79.8,200.1,110.07,14.31,0.220912,0.652677,0.377307,0.368608,0.087019,0.61038,0.1122,0.12,
0.33,3,9,70,70,70,195,195,5800.41,79.8,185.1,108.98,14.87,0.197974,0.541324,0.370537,0.382099,0.069451,0.60589,0.1126,0.12,
0.33,3.5,0,70,70,70,192,192,5915.65,79.8,180.1,108.03,15.53,0.187675,0.55865,0.367461,0.370863,0.085376,0.60194,0.1083,0.12,
0.33,3.5,1,70,70,70,190,190,5453.07,79.8,177.7,113.91,14.62,0.174818,0.530399,0.36028,0.374904,0.073619,0.59689,0.1103,0.12,
0.33,3.5,2,70,70,70,216,216,5373.71,79.8,205.1,109.58,14.33,0.140334,0.608317,0.377484,0.380709,0.095382,0.60917,0.1111,0.12,
0.33,3.5,3,70,70,70,218,218,5469.73,79.8,210.1,110.21,14.39,0.178049,0.576726,0.377241,0.378294,0.089427,0.60974,0.1117,0.12,
0.33,3.5,4,70,70,70,219,219,6255.13,79.8,206.4,114.73,15.28,0.11986,0.617364,0.380606,0.377909,0.085053,0.61272,0.1115,0.12,
0.33,3.5,5,70,70,70,261,261,5378.63,79.8,250.1,114.21,14.23,0.222719,0.634999,0.378513,0.370568,0.082551,0.61164,0.112,0.12,
0.33,3.5,6,70,70,70,226,226,5854.1,79.8,215.1,115.19,14.94,0.182199,0.606257,0.37074,0.369073,0.089012,0.60434,0.1101,0.12,
0.33,3.5,7,70,70,70,209,209,6014.68,79.8,196.7,109.35,14.79,0.18122,0.578894,0.379539,0.372595,0.086714,0.61192,0.1116,0.12,
0.33,3.5,8,70,70,70,217,217,5385.87,79.8,210.1,115.98,14.34,0.178864,0.686974,0.3721,0.358609,0.087314,0.60607,0.1115,0.12,
0.33,3.5,9,70,70,70,205,205,5800.41,79.8,194.4,113.92,14.78,0.203265,0.552793,0.371723,0.377457,0.069648,0.60686,0.1128,0.12,
0.33,4,0,70,70,70,197,197,5915.65,79.8,185.1,111.33,15.57,0.180911,0.594754,0.371609,0.373536,0.103504,0.60344,0.1083,0.12,
0.33,4,1,70,70,70,235,235,5453.07,79.8,225.1,118.12,14.74,0.148287,0.530781,0.36144,0.370299,0.081481,0.59704,0.1102,0.12,
0.33,4,2,70,70,70,221,221,5373.71,79.8,210.1,117.48,14.32,0.147754,0.61881,0.375934,0.380073,0.099407,0.60746,0.1107,0.12,
0.33,4,3,70,70,70,225,225,5469.73,79.8,213,113.63,14.01,0.173176,0.581863,0.375865,0.373772,0.090493,0.60845,0.1115,0.12,
0.33,4,4,70,70,70,223,223,6255.13,79.8,210.1,119.83,15.57,0.113818,0.636398,0.38251,0.388326,0.08609,0.6142,0.1117,0.12,
0.33,4,5,70,70,70,264,264,5378.63,79.8,253.6,119.08,14.39,0.207988,0.679662,0.373901,0.367759,0.089395,0.60725,0.1111,0.12,
0.33,4,6,70,70,70,238,238,5854.1,79.8,225.1,120.57,15.22,0.186613,0.629666,0.374576,0.376139,0.090727,0.60743,0.1101,0.12,
0.33,4,7,70,70,70,223,223,6014.68,79.8,210.1,113.84,15.02,0.181074,0.573763,0.377342,0.371806,0.088787,0.60994,0.1112,0.12,
0.33,4,8,70,70,70,220,220,5385.87,79.8,211.6,123.74,14.62,0.188592,0.705822,0.382114,0.367308,0.087037,0.61443,0.1127,0.12,
0.33,4,9,70,70,70,211,211,5800.41,79.8,200.1,120.11,15.08,0.219809,0.529514,0.367975,0.376294,0.068193,0.60391,0.1122,0.12,
0.33,4.5,0,70,70,70,206,206,5915.65,79.8,196.4,117.13,15.72,0.175104,0.596581,0.364024,0.361667,0.100116,0.59742,0.1068,0.12,
0.33,4.5,1,70,70,70,240,240,5453.07,79.8,230.1,119.49,14.87,0.152411,0.536585,0.358805,0.365003,0.07979,0.59501,0.1095,0.12,
0.33,4.5,2,70,70,70,250,250,5373.71,79.8,239.6,126.97,14.67,0.15847,0.653938,0.372059,0.375983,0.095084,0.6049,0.1103,0.12,
0.33,4.5,3,70,70,70,234,234,5469.73,79.8,226.1,119.95,14.38,0.152389,0.590874,0.3693,0.364225,0.092285,0.60284,0.1105,0.12,
0.33,4.5,4,70,70,70,223,223,6255.13,79.8,210.1,126.54,15.63,0.118277,0.648008,0.375939,0.381764,0.086066,0.60881,0.1107,0.12,
0.33,4.5,5,70,70,70,293,293,5378.63,79.8,282.4,124.24,14.53,0.204226,0.716855,0.377664,0.358448,0.098794,0.60953,0.1113,0.12,
0.33,4.5,6,70,70,70,250,250,5854.1,79.8,237.5,126.76,15.28,0.18419,0.641655,0.364978,0.35572,0.099092,0.59846,0.1082,0.12,
0.33,4.5,7,70,70,70,232,232,6014.68,79.8,219.2,121.74,15.23,0.180732,0.526513,0.370822,0.365505,0.086899,0.6046,0.1106,0.12,
0.33,4.5,8,70,70,70,241,241,5385.87,79.8,230,132.69,14.66,0.194949,0.697576,0.366146,0.360083,0.077792,0.60192,0.1109,0.12,
0.33,4.5,9,70,70,70,245,245,5800.41,79.8,234.2,125.55,15.12,0.220585,0.523556,0.364224,0.368919,0.074382,0.60026,0.1113,0.12,
0.33,5,0,70,70,70,216,216,5915.65,79.8,206.7,121.69,15.79,0.152538,0.584367,0.35989,0.36221,0.10501,0.59329,0.1057,0.12,
0.33,5,1,70,70,70,240,240,5453.07,79.8,230.1,125.22,14.85,0.157655,0.537694,0.342549,0.361025,0.088197,0.58022,0.1071,0.12,
0.33,5,2,70,70,70,251,251,5373.71,79.8,240.2,131.72,14.71,0.17093,0.670441,0.365827,0.361321,0.099618,0.59926,0.1091,0.12,
0.33,5,3,70,70,70,296,296,5469.73,79.8,283.2,130.38,14.57,0.149323,0.599914,0.348024,0.33668,0.096534,0.58445,0.1069,0.12,
0.33,5,4,70,70,70,227,227,6255.13,79.8,214.5,130.98,15.83,0.160205,0.635707,0.365207,0.372294,0.085055,0.60002,0.1094,0.12,
0.33,5,5,70,70,70,297,297,5378.63,79.8,286.1,134.64,14.7,0.178688,0.767273,0.367794,0.351212,0.105506,0.60067,0.1098,0.12,
0.33,5,6,70,70,70,299,299,5854.1,79.8,286.8,131.95,15.34,0.172099,0.576983,0.353197,0.343934,0.102059,0.58801,0.1063,0.12,
0.33,5,7,70,70,70,303,303,6014.68,79.8,290.1,129.39,15.42,0.181078,0.573949,0.362985,0.358411,0.092553,0.59751,0.1092,0.12,
0.33,5,8,70,70,70,245,245,5385.87,79.8,235.1,136.99,14.83,0.189085,0.737273,0.372046,0.364175,0.084061,0.60633,0.112,0.12,
0.33,5,9,70,70,70,286,286,5800.41,79.8,275.1,131.52,15.32,0.195633,0.558044,0.357447,0.369632,0.072063,0.59471,0.1103,0.12,
0.33,5.5,0,70,70,70,219,219,5915.65,79.8,209.5,127.01,15.96,0.147423,0.577027,0.363422,0.36229,0.108146,0.59582,0.106,0.12,
0.33,5.5,1,70,70,70,245,245,5453.07,79.8,235.1,130.9,15.03,0.158914,0.53541,0.332947,0.327295,0.092173,0.57148,0.1058,0.12,
0.33,5.5,2,70,70,70,257,257,5373.71,79.8,246.7,136.01,14.78,0.176552,0.587545,0.364499,0.360023,0.098178,0.59816,0.1085,0.12,
0.33,5.5,3,70,70,70,300,300,5469.73,79.8,287.9,136.73,14.72,0.136997,0.608881,0.349676,0.334621,0.101513,0.58516,0.1067,0.12,
0.33,5.5,4,70,70,70,228,228,6255.13,81.7,216.2,137.9,16.05,0.134044,0.635401,0.361086,0.363208,0.086834,0.59646,0.109,0.12,
0.33,5.5,5,70,70,70,305,305,5378.63,79.8,294.5,140.34,15.07,0.173272,0.716701,0.363443,0.34881,0.108968,0.59655,0.1087,0.12,
0.33,5.5,6,70,70,70,303,303,5854.1,79.8,290.9,134.9,15.67,0.170284,0.584945,0.355129,0.343619,0.10256,0.58964,0.1065,0.12,
0.33,5.5,7,70,70,70,303,303,6014.68,79.8,290.1,133.83,15.69,0.181877,0.580658,0.360526,0.341917,0.097057,0.59498,0.1087,0.12,
0.33,5.5,8,70,70,70,252,252,5385.87,79.8,241.1,141.73,15.22,0.191831,0.774637,0.368478,0.365039,0.089178,0.60287,0.111,0.12,
0.33,5.5,9,70,70,70,286,286,5800.41,79.8,275.1,137.01,15.55,0.130875,0.568773,0.348631,0.363446,0.080153,0.58614,0.1087,0.12,
0.33,6,0,70,70,70,342,342,5915.65,79.8,331.1,135.47,16.49,0.15803,0.727559,0.36282,0.351125,0.111802,0.59508,0.1059,0.12,
0.33,6,1,70,70,70,245,245,5453.07,79.8,235.1,134.78,15.35,0.142217,0.531245,0.332153,0.326106,0.094347,0.57046,0.1055,0.12,
0.33,6,2,70,70,70,264,264,5373.71,79.8,253.8,139.34,15.04,0.181169,0.638576,0.369509,0.360318,0.099808,0.60242,0.1094,0.12,
0.33,6,3,70,70,70,304,304,5469.73,79.8,291.9,143.09,15.01,0.164729,0.653437,0.355616,0.334143,0.099009,0.59076,0.1076,0.12,
0.33,6,4,70,70,70,275,275,6255.13,85.1,265.1,144.21,16.24,0.136673,0.669183,0.35711,0.351532,0.0932,0.59237,0.1082,0.12,
0.33,6,5,70,70,70,312,312,5378.63,79.8,301.2,145.23,14.96,0.181322,0.701846,0.361659,0.346492,0.110358,0.59483,0.1085,0.12,
0.33,6,6,70,70,70,310,310,5854.1,79.8,297.5,144.29,15.71,0.170217,0.579918,0.356542,0.342064,0.102722,0.59081,0.1064,0.12,
0.33,6,7,70,70,70,308,308,6014.68,79.8,295.1,136.88,15.58,0.180512,0.654924,0.361291,0.343964,0.102678,0.59513,0.1087,0.12,
0.33,6,8,70,70,70,291,291,5385.87,79.8,280.6,148.47,15.13,0.168074,0.777685,0.358712,0.358434,0.091423,0.59439,0.1091,0.12,
0.33,6,9,70,70,70,291,291,5800.41,79.8,280.1,139.08,15.53,0.131611,0.507442,0.346874,0.351118,0.080635,0.58454,0.1084,0.12,
0.33,6.5,0,70,70,70,345,345,5915.65,79.8,334.6,143.42,16.34,0.14952,0.753176,0.355497,0.348134,0.114138,0.58859,0.1049,0.12,
0.33,6.5,1,70,70,70,250,250,5453.07,79.8,240.1,138.4,15.1,0.144396,0.536679,0.326582,0.326288,0.094756,0.56542,0.1042,0.12,
0.33,6.5,2,70,70,70,295,295,5373.71,79.8,285.3,145.85,15.09,0.166451,0.640027,0.358869,0.347911,0.10235,0.59304,0.1079,0.12,
0.33,6.5,3,70,70,70,333,333,5469.73,79.8,320.1,148.04,14.91,0.169679,0.661244,0.347319,0.32736,0.104755,0.583,0.1061,0.12,
0.33,6.5,4,70,70,70,275,275,6255.13,79.8,265.1,148.35,16.14,0.139454,0.681208,0.343433,0.347006,0.096529,0.58029,0.1058,0.12,
0.33,6.5,5,70,70,70,316,316,5378.63,79.8,305.9,149.4,14.98,0.181086,0.628407,0.347661,0.338975,0.104669,0.58313,0.1067,0.12,
0.33,6.5,6,70,70,70,328,328,5854.1,79.8,315.1,152.15,15.74,0.154917,0.58059,0.343101,0.335288,0.097009,0.57985,0.105,0.12,
0.33,6.5,7,70,70,70,308,308,6014.68,79.8,295.1,145.61,15.7,0.173825,0.663856,0.351944,0.337949,0.100332,0.58739,0.1076,0.12,
0.33,6.5,8,70,70,70,297,297,5385.87,79.8,286.9,155.72,15.26,0.200202,0.731745,0.348455,0.33893,0.090444,0.58575,0.1074,0.12,
0.33,6.5,9,70,70,70,291,291,5800.41,79.8,280.1,143.48,15.54,0.124564,0.522445,0.343055,0.342729,0.087287,0.58057,0.1077,0.12,
0.33,7,0,70,70,70,346,346,5915.65,79.8,335.1,148.01,16.52,0.142495,0.6853,0.352135,0.341337,0.114381,0.58546,0.1042,0.12,
0.33,7,1,70,70,70,256,256,5453.07,79.8,243.7,142.88,15.21,0.138918,0.552341,0.326379,0.324804,0.098878,0.56481,0.1041,0.12,
0.33,7,2,70,70,70,308,308,5373.71,79.8,298.5,153.05,15.14,0.160301,0.669774,0.348426,0.33539,0.103017,0.58392,0.1062,0.12,
0.33,7,3,70,70,70,338,338,5469.73,79.8,325.1,157.57,15.25,0.159074,0.608687,0.328409,0.312396,0.102631,0.5665,0.1035,0.12,
0.33,7,4,70,70,70,276,276,6255.13,79.8,267,154.58,16.31,0.135542,0.692237,0.338269,0.332351,0.102919,0.57501,0.1047,0.12,
0.33,7,5,70,70,70,321,321,5378.63,79.9,310.5,156.07,15.25,0.157054,0.674332,0.342783,0.333073,0.111072,0.57803,0.1052,0.12,
0.33,7,6,70,70,70,333,333,5854.1,79.8,320.1,160.27,15.95,0.163669,0.576818,0.338364,0.33342,0.094633,0.57592,0.1044,0.12,
0.33,7,7,70,70,70,308,308,6014.68,79.8,295.1,150.81,15.79,0.149466,0.581736,0.340619,0.328482,0.104474,0.5769,0.1059,0.12,
0.33,7,8,70,70,70,362,362,5385.87,79.8,351.6,161.76,15.38,0.161582,0.593211,0.336112,0.322468,0.076584,0.57607,0.106,0.12,
0.33,7,9,70,70,70,291,291,5800.41,79.8,280.1,149.06,15.62,0.108625,0.538904,0.333873,0.332986,0.091846,0.57201,0.1062,0.12,
0.34,3,0,70,70,70,187,187,5915.65,79.8,175.1,106.44,15.65,0.192912,0.552358,0.37471,0.37859,0.084138,0.60818,0.1094,0.12,
0.34,3,1,70,70,70,188,188,5453.07,79.8,175.1,109.49,14.6,0.186014,0.527144,0.363562,0.38231,0.071489,0.59987,0.1107,0.12,
0.34,3,2,70,70,70,205,205,5373.71,79.8,195.9,106.24,14.25,0.142723,0.60215,0.373316,0.364615,0.093873,0.6059,0.1109,0.12,
0.34,3,3,70,70,70,198,198,5469.73,79.8,185.1,105.76,14.26,0.193459,0.579886,0.389817,0.385084,0.080994,0.62093,0.114,0.12,
0.34,3,4,70,70,70,218,218,6255.13,79.8,205.1,111.05,15.6,0.171259,0.6136,0.391515,0.400848,0.079344,0.62233,0.1133,0.12,
0.34,3,5,70,70,70,256,256,5378.63,79.8,245.1,112.51,14.49,0.227314,0.614877,0.383671,0.3735,0.079415,0.61611,0.1128,0.12,
0.34,3,6,70,70,70,224,224,5854.1,79.8,213.5,110.92,14.93,0.185021,0.604396,0.374721,0.37674,0.08714,0.6078,0.111,0.12,
0.34,3,7,70,70,70,198,198,6014.68,79.8,185.1,104.58,15.06,0.185316,0.555835,0.381458,0.37377,0.079737,0.61409,0.112,0.12,
0.34,3,8,70,70,70,212,212,5385.87,79.8,205.1,113.37,14.51,0.231309,0.676593,0.383429,0.366507,0.085774,0.61563,0.113,0.12,
0.34,3,9,70,70,70,196,196,5800.41,79.8,186.1,111.73,14.93,0.205804,0.532505,0.373346,0.383708,0.064945,0.60857,0.113,0.12,
0.34,3.5,0,70,70,70,194,194,5915.65,79.8,182.1,110.42,15.82,0.196312,0.559305,0.377392,0.378481,0.088551,0.60993,0.1095,0.12,
0.34,3.5,1,70,70,70,191,191,5453.07,79.8,178.1,115.76,14.83,0.179486,0.53583,0.36633,0.376744,0.074368,0.60193,0.1111,0.12,
0.34,3.5,2,70,70,70,221,221,5373.71,79.8,210.1,115.17,14.53,0.149576,0.609322,0.378682,0.371501,0.092743,0.61051,0.1113,0.12,
0.34,3.5,3,70,70,70,223,223,5469.73,79.8,210.2,113.57,14.59,0.184616,0.598674,0.380056,0.373609,0.093142,0.61178,0.112,0.12,
0.34,3.5,4,70,70,70,223,223,6255.13,79.8,210.1,119.16,16.35,0.115791,0.623556,0.382897,0.388718,0.079923,0.61501,0.112,0.12,
0.34,3.5,5,70,70,70,261,261,5378.63,79.8,250.1,119.15,15.12,0.223795,0.671481,0.383415,0.376635,0.086693,0.61534,0.1123,0.12,
0.34,3.5,6,70,70,70,238,238,5854.1,79.8,225.1,117.35,15.73,0.189519,0.634632,0.379211,0.377391,0.089816,0.61139,0.1112,0.12,
0.34,3.5,7,70,70,70,223,223,6014.68,79.8,210.1,113.43,15.82,0.189193,0.578639,0.383094,0.369625,0.088306,0.61478,0.1121,0.12,
0.34,3.5,8,70,70,70,219,219,5385.87,79.8,210.1,121.43,15.32,0.186495,0.700801,0.380819,0.369403,0.087668,0.6133,0.1126,0.12,
0.34,3.5,9,70,70,70,205,205,5800.41,79.8,195,117.61,15.71,0.209865,0.49713,0.370442,0.383088,0.06609,0.60605,0.1127,0.12,
0.34,4,0,70,70,70,203,203,5915.65,79.8,193.3,114.82,16.49,0.187767,0.615799,0.375059,0.369927,0.102866,0.60653,0.1083,0.12,
0.34,4,1,70,70,70,237,237,5453.07,79.8,227.6,120.53,15.62,0.154103,0.532655,0.367391,0.372635,0.08051,0.60221,0.1111,0.12,
0.34,4,2,70,70,70,248,248,5373.71,79.8,237.4,125.36,15.4,0.155327,0.646745,0.378206,0.385018,0.098841,0.60958,0.111,0.12,
0.34,4,3,70,70,70,226,226,5469.73,79.8,215.1,117.69,15.01,0.169537,0.611522,0.380224,0.378501,0.093255,0.61188,0.112,0.12,
0.34,4,4,70,70,70,223,223,6255.13,79.8,210.1,124.59,16.13,0.117682,0.64562,0.389608,0.399107,0.085098,0.62011,0.1125,0.12,
0.34,4,5,70,70,70,266,266,5378.63,79.8,255.1,123.48,14.96,0.20889,0.74449,0.381898,0.377418,0.093105,0.61363,0.112,0.12,
0.34,4,6,70,70,70,242,242,5854.1,79.8,230,123.99,15.76,0.194098,0.659334,0.381594,0.384636,0.095341,0.61279,0.1106,0.12,
0.34,4,7,70,70,70,303,303,6014.68,79.8,290.1,119.22,15.8,0.191342,0.557878,0.38018,0.373092,0.08383,0.61275,0.1118,0.12,
0.34,4,8,70,70,70,224,224,5385.87,79.8,215.1,126.94,15.2,0.197167,0.692585,0.382548,0.369251,0.080386,0.61529,0.1133,0.12,
0.34,4,9,70,70,70,227,227,5800.41,79.8,216.4,124.53,15.6,0.211808,0.564573,0.374564,0.382037,0.069335,0.60931,0.1131,0.12,
0.34,4.5,0,70,70,70,207,207,5915.65,79.8,197,119.94,16.25,0.184097,0.625123,0.369021,0.362667,0.100132,0.60179,0.1074,0.12,
0.34,4.5,1,70,70,70,240,240,5453.07,79.8,230.1,122.85,15.3,0.161625,0.528831,0.360688,0.368242,0.078256,0.59683,0.1101,0.12,
0.34,4.5,2,70,70,70,251,251,5373.71,79.8,240.1,131.36,15.14,0.167164,0.666493,0.379508,0.377339,0.096252,0.61108,0.1111,0.12,
0.34,4.5,3,70,70,70,291,291,5469.73,79.8,278.6,126.66,14.96,0.157194,0.621319,0.36404,0.35592,0.096015,0.59814,0.1096,0.12,
0.34,4.5,4,70,70,70,225,225,6255.13,79.8,212.5,130.96,16.16,0.1583,0.664073,0.383291,0.401121,0.088412,0.61478,0.1114,0.12,
0.34,4.5,5,70,70,70,294,294,5378.63,79.8,283.1,132.34,15.17,0.176904,0.714444,0.380151,0.366843,0.100107,0.61141,0.111,0.12,
0.34,4.5,6,70,70,70,273,273,5854.1,79.8,262.7,129.71,15.82,0.192436,0.598268,0.371241,0.369802,0.100274,0.60363,0.1091,0.12,
0.34,4.5,7,70,70,70,303,303,6014.68,79.8,290.1,127.16,15.87,0.190828,0.550983,0.374024,0.367037,0.087178,0.60733,0.1112,0.12,
0.34,4.5,8,70,70,70,242,242,5385.87,79.8,231.8,134.92,15.25,0.198762,0.737757,0.376099,0.360933,0.081124,0.60998,0.1124,0.12,
0.34,4.5,9,70,70,70,286,286,5800.41,79.8,275.1,130.76,15.8,0.203946,0.551451,0.368735,0.376152,0.074023,0.60411,0.1118,0.12,
0.34,5,0,70,70,70,217,217,5915.65,79.8,207.7,125.4,16.43,0.158079,0.583831,0.367653,0.360673,0.10372,0.60006,0.1069,0.12,
0.34,5,1,70,70,70,245,245,5453.07,79.8,235.1,130.07,15.44,0.167159,0.533977,0.345495,0.360294,0.090114,0.58266,0.1077,0.12,
0.34,5,2,70,70,70,259,259,5373.71,79.8,248.1,137.75,15.27,0.18112,0.604501,0.372232,0.362724,0.096005,0.60504,0.1098,0.12,
0.34,5,3,70,70,70,296,296,5469.73,79.8,284,134.26,15.11,0.155117,0.628639,0.349859,0.344176,0.103258,0.58532,0.1068,0.12,
0.34,5,4,70,70,70,228,228,6255.13,79.8,215.1,136.47,16.61,0.164064,0.655457,0.369353,0.375706,0.085313,0.60355,0.1099,0.12,
0.34,5,5,70,70,70,298,298,5378.63,79.8,287.1,140.83,15.48,0.185918,0.740348,0.369717,0.362074,0.103088,0.60247,0.1096,0.12,
0.34,5,6,70,70,70,300,300,5854.1,79.8,287.7,134.01,15.99,0.177506,0.614376,0.363515,0.348238,0.10611,0.59649,0.1076,0.12,
0.34,5,7,70,70,70,303,303,6014.68,79.8,290.1,132.58,15.94,0.191028,0.552046,0.366996,0.353882,0.089708,0.60124,0.1099,0.12,
0.34,5,8,70,70,70,255,255,5385.87,79.8,245.6,142.88,15.68,0.202406,0.780291,0.375989,0.370326,0.088294,0.60933,0.1124,0.12,
0.34,5,9,70,70,70,286,286,5800.41,79.8,275.1,134.74,15.95,0.161063,0.567567,0.367053,0.375759,0.075462,0.60245,0.1116,0.12,
0.34,5.5,0,70,70,70,346,346,5915.65,79.8,335.1,134.79,16.64,0.154186,0.594206,0.368769,0.37181,0.106236,0.60066,0.1067,0.12,
0.34,5.5,1,70,70,70,247,247,5453.07,79.8,235.1,135.55,15.57,0.165179,0.536951,0.338419,0.338275,0.092684,0.57623,0.1066,0.12,
0.34,5.5,2,70,70,70,276,276,5373.71,79.8,265.1,141.3,15.46,0.187076,0.621192,0.374988,0.376931,0.095162,0.60744,0.11,0.12,
0.34,5.5,3,70,70,70,301,301,5469.73,79.8,288.6,142.24,15.4,0.141405,0.577502,0.355503,0.335208,0.101774,0.59019,0.1074,0.12,
0.34,5.5,4,70,70,70,275,275,6255.13,82.1,265.1,142.75,16.89,0.138703,0.663939,0.369794,0.364953,0.085626,0.60394,0.1101,0.12,
0.34,5.5,5,70,70,70,306,306,5378.63,79.8,295.7,147.17,15.88,0.18742,0.750282,0.366563,0.348052,0.104413,0.59971,0.109,0.12,
0.34,5.5,6,70,70,70,304,304,5854.1,79.8,291.7,137.64,16.24,0.17525,0.625674,0.366275,0.343872,0.105827,0.59894,0.1079,0.12,
0.34,5.5,7,70,70,70,308,308,6014.68,79.8,295.1,136.57,16.33,0.191674,0.561821,0.364547,0.349513,0.093923,0.59876,0.1094,0.12,
0.34,5.5,8,70,70,70,289,289,5385.87,79.8,278.4,146.64,15.74,0.199635,0.820445,0.372538,0.367795,0.097986,0.60555,0.1113,0.12,
0.34,5.5,9,70,70,70,291,291,5800.41,79.8,280.1,139.38,16.22,0.136783,0.531955,0.358637,0.354592,0.081694,0.59459,0.1102,0.12,
0.34,6,0,70,70,70,346,346,5915.65,79.8,335.1,137.67,17.02,0.166112,0.726765,0.372119,0.365004,0.113669,0.60275,0.1071,0.12,
0.34,6,1,70,70,70,247,247,5453.07,79.8,237.8,141.22,16,0.15185,0.543159,0.340968,0.339845,0.094642,0.57817,0.1069,0.12,
0.34,6,2,70,70,70,310,310,5373.71,79.8,300.1,146.47,15.73,0.191932,0.650075,0.367036,0.365493,0.100587,0.60018,0.1089,0.12,
0.34,6,3,70,70,70,305,305,5469.73,79.8,292.7,149.58,15.54,0.140612,0.600542,0.354212,0.335678,0.102882,0.58897,0.1072,0.12,
0.34,6,4,70,70,70,275,275,6255.13,79.8,265.1,147.69,16.36,0.144589,0.635032,0.361424,0.358416,0.09035,0.59637,0.1086,0.12,
0.34,6,5,70,70,70,313,313,5378.63,79.8,302.5,153.11,15.17,0.193764,0.739209,0.358258,0.346667,0.106075,0.5924,0.1076,0.12,
0.34,6,6,70,70,70,327,327,5854.1,79.8,314.9,147.92,15.89,0.178723,0.610816,0.366098,0.350947,0.101469,0.59923,0.1078,0.12,
0.34,6,7,70,70,70,308,308,6014.68,79.8,295.1,142.71,15.75,0.174655,0.587293,0.360071,0.338674,0.10337,0.59393,0.1087,0.12,
0.34,6,8,70,70,70,293,293,5385.87,79.8,282.5,153.52,15.3,0.181324,0.823796,0.361637,0.351201,0.09712,0.59647,0.1094,0.12,
0.34,6,9,70,70,70,291,291,5800.41,79.8,280.1,143.92,15.59,0.137431,0.541156,0.351351,0.354236,0.081958,0.58835,0.1089,0.12,
0.34,6.5,0,70,70,70,346,346,5915.65,79.8,335.1,147.13,16.49,0.153606,0.748606,0.362885,0.361166,0.113901,0.59497,0.1058,0.12,
0.34,6.5,1,70,70,70,252,252,5453.07,79.8,241.3,144.05,15.43,0.149719,0.548618,0.32934,0.331916,0.094189,0.56806,0.1047,0.12,
0.34,6.5,2,70,70,70,310,310,5373.71,79.8,300.1,150.4,15.2,0.174045,0.676755,0.366292,0.361216,0.104201,0.59917,0.1086,0.12,
0.34,6.5,3,70,70,70,374,374,5469.73,79.8,360.1,156.97,15.33,0.138203,0.607068,0.341361,0.325189,0.106307,0.5775,0.1051,0.12,
0.34,6.5,4,70,70,70,280,280,6255.13,79.8,270.1,153.97,16.43,0.144702,0.647357,0.34976,0.350761,0.093563,0.58611,0.1065,0.12,
0.34,6.5,5,70,70,70,317,317,5378.63,79.8,306.9,160.52,15.42,0.185367,0.657,0.355405,0.341466,0.10766,0.58952,0.1072,0.12,
0.34,6.5,6,70,70,70,333,333,5854.1,79.8,320.1,154.85,15.97,0.165131,0.615821,0.357003,0.350143,0.100177,0.59161,0.107,0.12,
0.34,6.5,7,70,70,70,308,308,6014.68,79.8,295.1,148.54,15.95,0.162037,0.598897,0.353782,0.336772,0.101677,0.5887,0.1078,0.12,
0.34,6.5,8,70,70,70,340,340,5385.87,79.8,330.1,160.55,15.53,0.208374,0.771359,0.355296,0.341194,0.091969,0.59157,0.1085,0.12,
0.34,6.5,9,70,70,70,291,291,5800.41,79.8,280.1,149.59,15.84,0.129457,0.550143,0.342562,0.339346,0.083391,0.58066,0.1076,0.12,
0.34,7,0,70,70,70,346,346,5915.65,79.8,335.8,153.78,16.65,0.148024,0.713922,0.361149,0.352534,0.115084,0.59326,0.1052,0.12,
0.34,7,1,70,70,70,257,257,5453.07,79.8,244.6,152.07,15.64,0.138532,0.573851,0.323235,0.327767,0.100146,0.56175,0.1035,0.12,
0.34,7,2,70,70,70,327,327,5373.71,79.8,316.9,157.9,15.5,0.144467,0.703186,0.355197,0.347458,0.111416,0.58865,0.1066,0.12,
0.34,7,3,70,70,70,374,374,5469.73,79.8,360.1,163.29,15.37,0.164455,0.599708,0.333249,0.317095,0.101513,0.57104,0.1041,0.12,
0.34,7,4,70,70,70,360,360,6255.13,79.8,350.1,161.3,16.67,0.145978,0.672292,0.345165,0.34234,0.098759,0.58157,0.1053,0.12,
0.34,7,5,70,70,70,322,322,5378.63,80.3,311.4,167.87,15.59,0.177535,0.614623,0.350385,0.33434,0.11213,0.58444,0.106,0.12,
0.34,7,6,70,70,70,333,333,5854.1,79.8,320.1,161.61,16.27,0.170678,0.562376,0.351231,0.342568,0.097825,0.5868,0.1062,0.12,
0.34,7,7,70,70,70,309,309,6014.68,79.8,296.6,157.49,16.24,0.152778,0.614406,0.340035,0.315997,0.107773,0.57593,0.1055,0.12,
0.34,7,8,70,70,70,371,371,5385.87,79.8,360.7,167.36,15.8,0.158456,0.57851,0.341103,0.332488,0.080025,0.58014,0.1066,0.12,
0.34,7,9,70,70,70,291,291,5800.41,79.8,280.1,153.5,15.98,0.110529,0.567664,0.339423,0.33072,0.092639,0.57696,0.1069,0.12,
0.35,3,0,70,70,70,192,192,5915.65,79.8,180.1,109.25,16.02,0.200217,0.569267,0.382164,0.380783,0.084523,0.61434,0.1103,0.12,
0.35,3,1,70,70,70,188,188,5453.07,79.8,178,113.36,14.99,0.194065,0.515737,0.36853,0.380864,0.071652,0.60398,0.1112,0.12,
0.35,3,2,70,70,70,216,216,5373.71,79.8,205.1,110.12,14.57,0.149259,0.603685,0.379084,0.373927,0.090933,0.61104,0.1116,0.12,
0.35,3,3,70,70,70,218,218,5469.73,79.8,210.1,109.35,14.49,0.201875,0.581254,0.392125,0.38674,0.079945,0.6229,0.1142,0.12,
0.35,3,4,70,70,70,218,218,6255.13,79.8,205.1,117.01,15.67,0.130329,0.62087,0.395201,0.401504,0.078454,0.62525,0.1137,0.12,
0.35,3,5,70,70,70,261,261,5378.63,79.8,250.1,116.3,14.52,0.235102,0.649011,0.39118,0.387142,0.081953,0.62208,0.1135,0.12,
0.35,3,6,70,70,70,233,233,5854.1,79.8,220.1,114.66,15.1,0.192458,0.63179,0.38327,0.380717,0.089527,0.61469,0.1118,0.12,
0.35,3,7,70,70,70,209,209,6014.68,79.8,196.9,110,15.18,0.19351,0.588583,0.385779,0.383185,0.082001,0.61754,0.1125,0.12,
0.35,3,8,70,70,70,217,217,5385.87,79.8,210.1,117.7,14.57,0.241942,0.689653,0.386637,0.366967,0.083806,0.61845,0.1134,0.12,
0.35,3,9,70,70,70,201,201,5800.41,79.8,191,115.46,15.05,0.214759,0.550815,0.375259,0.383511,0.064611,0.61021,0.1134,0.12,
0.35,3.5,0,70,70,70,197,197,5915.65,79.8,185.9,113.74,15.72,0.205275,0.585825,0.37656,0.380807,0.090966,0.60909,0.1093,0.12,
0.35,3.5,1,70,70,70,192,192,5453.07,79.8,181,118.48,14.85,0.173285,0.531339,0.375051,0.378946,0.076713,0.60898,0.1123,0.12,
0.35,3.5,2,70,70,70,240,240,5373.71,79.8,230.1,122.02,14.67,0.157061,0.619782,0.380099,0.383633,0.092232,0.61183,0.1117,0.12,
0.35,3.5,3,70,70,70,224,224,5469.73,79.8,211.1,116.3,14.62,0.191311,0.595152,0.383095,0.374224,0.092176,0.61442,0.1124,0.12,
0.35,3.5,4,70,70,70,223,223,6255.13,79.8,210.1,124.77,15.81,0.120085,0.643739,0.389877,0.407575,0.083775,0.62042,0.1125,0.12,
0.35,3.5,5,70,70,70,265,265,5378.63,79.8,254.8,122.41,14.61,0.232796,0.734649,0.392888,0.385625,0.087252,0.62312,0.1135,0.12,
0.35,3.5,6,70,70,70,238,238,5854.1,79.8,225.1,121.64,15.33,0.197149,0.663669,0.387233,0.393996,0.09419,0.61757,0.1119,0.12,
0.35,3.5,7,70,70,70,227,227,6014.68,79.8,214.6,117.17,15.27,0.197378,0.602947,0.383363,0.376771,0.081865,0.61556,0.1123,0.12,
0.35,3.5,8,70,70,70,221,221,5385.87,79.8,212.6,124.46,14.77,0.193967,0.6791,0.382373,0.366487,0.080472,0.61514,0.1132,0.12,
0.35,3.5,9,70,70,70,216,216,5800.41,79.8,204.9,122.16,15.15,0.217065,0.532545,0.374055,0.377001,0.067204,0.60903,0.113,0.12,
0.35,4,0,70,70,70,204,204,5915.65,79.8,194.1,118.07,15.88,0.190253,0.649854,0.379222,0.376947,0.100004,0.61036,0.1091,0.12,
0.35,4,1,70,70,70,240,240,5453.07,79.8,230.1,125.24,15.09,0.160255,0.526509,0.371095,0.382143,0.080024,0.60539,0.1116,0.12,
0.35,4,2,70,70,70,251,251,5373.71,79.8,240.1,128.9,14.86,0.163295,0.661087,0.381278,0.381258,0.09952,0.61218,0.1113,0.12,
0.35,4,3,70,70,70,227,227,5469.73,79.8,215.1,121.92,14.52,0.173531,0.604624,0.381325,0.369693,0.096267,0.61257,0.1122,0.12,
0.35,4,4,70,70,70,223,223,6255.13,79.8,210.1,128.67,16.02,0.122493,0.659056,0.392654,0.404706,0.08135,0.62296,0.1132,0.12,
0.35,4,5,70,70,70,289,289,5378.63,79.8,278.5,130.24,14.69,0.222409,0.718203,0.38548,0.384734,0.090569,0.61679,0.1122,0.12,
0.35,4,6,70,70,70,253,253,5854.1,79.8,242.7,126.3,15.45,0.201762,0.689783,0.3882,0.38827,0.101537,0.6177,0.1113,0.12,
0.35,4,7,70,70,70,303,303,6014.68,79.8,290.1,123.35,15.37,0.201368,0.568875,0.380074,0.370906,0.08385,0.61274,0.112,0.12,
0.35,4,8,70,70,70,239,239,5385.87,79.8,229.2,132.54,14.98,0.26158,0.73107,0.383494,0.360698,0.081971,0.6161,0.1134,0.12,
0.35,4,9,70,70,70,246,246,5800.41,79.8,235.1,128.14,15.34,0.218694,0.538825,0.377044,0.38681,0.068695,0.6114,0.1135,0.12,
0.35,4.5,0,70,70,70,251,251,5915.65,79.8,239.7,124.38,16.05,0.189863,0.653514,0.374618,0.370867,0.102148,0.60631,0.108,0.12,
0.35,4.5,1,70,70,70,240,240,5453.07,79.8,230.1,129.37,15.19,0.169918,0.531762,0.362436,0.374911,0.081058,0.59808,0.1103,0.12,
0.35,4.5,2,70,70,70,258,258,5373.71,79.8,247.5,134.41,14.92,0.176248,0.631878,0.38339,0.388633,0.093931,0.61451,0.1116,0.12,
0.35,4.5,3,70,70,70,292,292,5469.73,79.8,279.9,132.56,14.76,0.162344,0.651042,0.368278,0.361307,0.097108,0.60171,0.1103,0.12,
0.35,4.5,4,70,70,70,228,228,6255.13,79.8,215.1,135.7,16.02,0.164988,0.629291,0.384481,0.398254,0.083169,0.61622,0.112,0.12,
0.35,4.5,5,70,70,70,294,294,5378.63,79.8,283.9,139.31,14.98,0.164755,0.753974,0.383458,0.377258,0.102762,0.61396,0.111,0.12,
0.35,4.5,6,70,70,70,275,275,5854.1,79.8,264.3,133.02,15.58,0.201257,0.615957,0.376777,0.364517,0.105273,0.60784,0.1096,0.12,
0.35,4.5,7,70,70,70,303,303,6014.68,79.8,290.1,132.24,15.59,0.201375,0.551493,0.376771,0.361639,0.087223,0.60967,0.1115,0.12,
0.35,4.5,8,70,70,70,246,246,5385.87,79.8,236,139.53,15,0.205976,0.779461,0.378605,0.369953,0.085337,0.61182,0.113,0.12,
0.35,4.5,9,70,70,70,286,286,5800.41,79.8,275.1,134.31,15.55,0.211807,0.561228,0.37515,0.385049,0.074582,0.60938,0.1128,0.12,
0.35,5,0,70,70,70,346,346,5915.65,79.8,335.1,132.42,16.35,0.164415,0.612077,0.373626,0.362875,0.101832,0.60543,0.1076,0.12,
0.35,5,1,70,70,70,247,247,5453.07,79.8,235.1,137.33,15.32,0.176909,0.540101,0.342029,0.340736,0.093571,0.57936,0.1068,0.12,
0.35,5,2,70,70,70,310,310,5373.71,79.8,300.1,141.54,15.11,0.191791,0.634598,0.378616,0.3771,0.095345,0.6105,0.1107,0.12,
0.35,5,3,70,70,70,297,297,5469.73,79.8,284.9,141.1,14.98,0.151848,0.660397,0.354191,0.339024,0.10121,0.58934,0.1075,0.12,
0.35,5,4,70,70,70,275,275,6255.13,79.8,265.1,141.94,16.31,0.143048,0.662161,0.375649,0.384089,0.086235,0.60866,0.1108,0.12,
0.35,5,5,70,70,70,301,301,5378.63,79.8,290.1,146.2,15.04,0.193517,0.781684,0.380297,0.369284,0.108084,0.61088,0.1106,0.12,
0.35,5,6,70,70,70,301,301,5854.1,79.8,288.3,136.06,15.7,0.1831,0.626494,0.371291,0.348849,0.109987,0.60272,0.1086,0.12,
0.35,5,7,70,70,70,308,308,6014.68,79.8,295.1,136.01,15.82,0.201411,0.570849,0.372877,0.358755,0.088928,0.60633,0.1108,0.12,
0.35,5,8,70,70,70,286,286,5385.87,79.8,275.1,147.38,15.21,0.210304,0.824858,0.37893,0.365474,0.094799,0.61129,0.1126,0.12,
0.35,5,9,70,70,70,288,288,5800.41,79.8,278,139.76,15.69,0.166485,0.53727,0.370232,0.375887,0.075612,0.60511,0.112,0.12,
0.35,5.5,0,70,70,70,346,346,5915.65,79.8,335.1,137.49,16.43,0.160008,0.62452,0.379943,0.37661,0.106936,0.61006,0.1082,0.12,
0.35,5.5,1,70,70,70,247,247,5453.07,79.8,237.8,140.71,15.41,0.170648,0.56113,0.344269,0.340209,0.091036,0.58159,0.1076,0.12,
0.35,5.5,2,70,70,70,311,311,5373.71,79.8,301.6,145.88,15.25,0.198098,0.655751,0.381002,0.374163,0.098822,0.61218,0.1111,0.12,
0.35,5.5,3,70,70,70,302,302,5469.73,79.8,289.3,146.35,15.23,0.136877,0.598682,0.358526,0.346574,0.102457,0.59279,0.1078,0.12,
0.35,5.5,4,70,70,70,278,278,6255.13,86.9,268.4,147.88,16.36,0.143981,0.652845,0.36975,0.371312,0.083483,0.60414,0.1101,0.12,
0.35,5.5,5,70,70,70,307,307,5378.63,79.8,296.6,151.82,15.3,0.203658,0.788361,0.38009,0.36949,0.108581,0.61065,0.1106,0.12,
0.35,5.5,6,70,70,70,305,305,5854.1,79.8,292.5,143.81,15.94,0.179334,0.621925,0.374506,0.356763,0.102791,0.60613,0.1088,0.12,
0.35,5.5,7,70,70,70,308,308,6014.68,79.8,295.1,141.51,15.84,0.181774,0.585694,0.368996,0.364484,0.098064,0.6021,0.1102,0.12,
0.35,5.5,8,70,70,70,290,290,5385.87,79.8,279.7,153.77,15.49,0.195498,0.867762,0.373007,0.366575,0.09887,0.60594,0.1113,0.12,
0.35,5.5,9,70,70,70,291,291,5800.41,79.8,280.1,143.4,15.77,0.1425,0.557013,0.364474,0.365833,0.077764,0.59992,0.1111,0.12,
0.35,6,0,70,70,70,346,346,5915.65,79.8,335.1,143.54,16.53,0.171695,0.768336,0.376632,0.369699,0.116005,0.6065,0.1076,0.12,
0.35,6,1,70,70,70,252,252,5453.07,79.8,240.1,144.19,15.61,0.157343,0.584149,0.343996,0.337377,0.098064,0.58053,0.1074,0.12,
0.35,6,2,70,70,70,317,317,5373.71,79.8,307.3,151.09,15.28,0.203239,0.686376,0.37599,0.375821,0.104889,0.60736,0.1103,0.12,
0.35,6,3,70,70,70,374,374,5469.73,79.8,360.1,156.13,15.44,0.144015,0.596604,0.353415,0.348702,0.101351,0.58853,0.1072,0.12,
0.35,6,4,70,70,70,280,280,6255.13,79.8,270.1,150.55,16.16,0.149668,0.670167,0.364282,0.364668,0.089012,0.59903,0.1089,0.12,
0.35,6,5,70,70,70,314,314,5378.63,79.8,303.5,160.26,15.29,0.200763,0.777726,0.367085,0.357447,0.111957,0.59934,0.1084,0.12,
0.35,6,6,70,70,70,333,333,5854.1,79.8,320.1,152.64,15.81,0.185188,0.578107,0.368801,0.357505,0.098118,0.60188,0.1086,0.12,
0.35,6,7,70,70,70,308,308,6014.68,79.8,295.1,146.47,15.76,0.180538,0.612579,0.364183,0.345008,0.099329,0.59796,0.1097,0.12,
0.35,6,8,70,70,70,340,340,5385.87,79.8,330.1,161.34,15.36,0.22169,0.869217,0.366064,0.358488,0.098021,0.60036,0.1102,0.12,
0.35,6,9,70,70,70,291,291,5800.41,79.8,280.1,148.26,15.64,0.133129,0.558364,0.353138,0.354881,0.078462,0.59024,0.1094,0.12,
0.35,6.5,0,70,70,70,346,346,5915.65,79.8,335.1,151.67,16.47,0.157697,0.771216,0.373906,0.363282,0.11436,0.60428,0.1071,0.12,
0.35,6.5,1,70,70,70,255,255,5453.07,79.8,242.2,146.45,15.42,0.153591,0.629351,0.336032,0.338902,0.099626,0.57341,0.1057,0.12,
0.35,6.5,2,70,70,70,320,320,5373.71,79.8,310.1,155.5,15.25,0.186724,0.67057,0.371626,0.385416,0.103464,0.60371,0.1095,0.12,
0.35,6.5,3,70,70,70,374,374,5469.73,79.8,360.1,163.06,15.26,0.146727,0.616812,0.341358,0.329313,0.099087,0.57843,0.1054,0.12,
0.35,6.5,4,70,70,70,360,360,6255.13,79.8,350.1,159.84,16.49,0.150827,0.700328,0.358194,0.361085,0.095142,0.59328,0.1074,0.12,
0.35,6.5,5,70,70,70,319,319,5378.63,79.8,308.1,167.5,15.37,0.19529,0.649157,0.363026,0.358698,0.110986,0.59561,0.108,0.12,
0.35,6.5,6,70,70,70,333,333,5854.1,79.8,320.1,158.66,15.96,0.17965,0.666334,0.36542,0.363979,0.106021,0.59822,0.1078,0.12,
0.35,6.5,7,70,70,70,313,313,6014.68,79.8,300.1,153.46,15.96,0.165318,0.631687,0.354496,0.341411,0.101099,0.58946,0.1081,0.12,
0.35,6.5,8,70,70,70,357,357,5385.87,79.8,347.4,167.28,15.53,0.218194,0.820446,0.355488,0.339345,0.090564,0.59201,0.1088,0.12,
0.35,6.5,9,70,70,70,294,294,5800.41,79.8,283.6,153.97,15.81,0.11603,0.578586,0.352245,0.355433,0.086174,0.58874,0.1091,0.12,
0.35,7,0,70,70,70,347,347,5915.65,79.8,337,160.34,16.62,0.153035,0.744689,0.366644,0.361802,0.114052,0.59818,0.1059,0.12,
0.35,7,1,70,70,70,322,322,5453.07,79.8,312.7,156.11,15.74,0.140928,0.561172,0.332308,0.337151,0.09635,0.57029,0.1052,0.12,
0.35,7,2,70,70,70,355,355,5373.71,79.8,341.1,164.45,15.49,0.15173,0.721667,0.358986,0.359594,0.116841,0.59131,0.1071,0.12,
0.35,7,3,70,70,70,374,374,5469.73,79.8,360.1,167.08,15.3,0.16222,0.634685,0.334217,0.325169,0.100007,0.57214,0.1042,0.12,
0.35,7,4,70,70,70,360,360,6255.13,79.8,350.7,164.68,16.5,0.153104,0.709532,0.349401,0.348637,0.100518,0.58513,0.1057,0.12,
0.35,7,5,70,70,70,330,330,5378.63,80.8,319.6,175.24,15.68,0.184233,0.637639,0.357847,0.352498,0.11037,0.5911,0.1074,0.12,
0.35,7,6,70,70,70,333,333,5854.1,79.8,320.1,166.25,16.15,0.17808,0.588696,0.361455,0.354428,0.102048,0.59519,0.1074,0.12,
0.35,7,7,70,70,70,313,313,6014.68,79.8,300.1,161.89,16,0.155992,0.648237,0.34121,0.339334,0.102012,0.57778,0.106,0.12,
0.35,7,8,70,70,70,410,410,5385.87,79.8,400.1,173.26,15.71,0.164543,0.511034,0.344237,0.338167,0.071752,0.58347,0.1076,0.12,
0.35,7,9,70,70,70,296,296,5800.41,79.8,285.1,162.22,16.03,0.114717,0.597201,0.343463,0.342036,0.092543,0.58057,0.1074,0.12,
0.36,3,0,70,70,70,192,192,5915.65,79.8,180.1,111.05,15.91,0.207563,0.595542,0.38905,0.38543,0.086987,0.61979,0.1112,0.12,
0.36,3,1,70,70,70,190,190,5453.07,79.8,180.1,115.91,14.84,0.200255,0.540211,0.375872,0.383292,0.074336,0.60993,0.1123,0.12,
0.36,3,2,70,70,70,221,221,5373.71,79.8,210.1,115.47,14.49,0.156066,0.612602,0.385438,0.380468,0.091549,0.61628,0.1126,0.12,
0.36,3,3,70,70,70,218,218,5469.73,79.8,210.1,113.68,14.46,0.210596,0.605414,0.390176,0.379376,0.084987,0.62099,0.1138,0.12,
0.36,3,4,70,70,70,222,222,6255.13,79.8,209.6,121.32,15.7,0.134379,0.635197,0.396877,0.405139,0.078857,0.62657,0.1139,0.12,
0.36,3,5,70,70,70,261,261,5378.63,79.8,250.1,119.78,14.37,0.242658,0.684068,0.397316,0.391042,0.082652,0.62704,0.1146,0.12,
0.36,3,6,70,70,70,237,237,5854.1,79.8,224.4,117.44,15.16,0.20022,0.659853,0.389411,0.390346,0.092586,0.61951,0.1124,0.12,
0.36,3,7,70,70,70,223,223,6014.68,79.8,210.1,113.97,15.08,0.202068,0.579965,0.390492,0.390071,0.081559,0.62145,0.1132,0.12,
0.36,3,8,70,70,70,217,217,5385.87,79.8,210.1,121.22,14.65,0.190502,0.655193,0.387556,0.378746,0.079996,0.6194,0.1138,0.12,
0.36,3,9,70,70,70,217,217,5800.41,79.8,205.1,120.87,15.16,0.223779,0.510772,0.377306,0.383552,0.061498,0.61213,0.1138,0.12,
0.36,3.5,0,70,70,70,197,197,5915.65,79.8,186.5,116.92,15.84,0.214602,0.613069,0.380868,0.385722,0.0924,0.61253,0.1096,0.12,
0.36,3.5,1,70,70,70,229,229,5453.07,79.8,218.9,123.11,14.98,0.181738,0.56742,0.376908,0.385845,0.075559,0.61068,0.1125,0.12,
0.36,3.5,2,70,70,70,251,251,5373.71,79.8,240.1,127.01,14.73,0.165455,0.62587,0.385015,0.39034,0.095385,0.61565,0.112,0.12,
0.36,3.5,3,70,70,70,224,224,5469.73,79.8,215.1,120.86,14.82,0.197859,0.623272,0.38603,0.369641,0.093654,0.61682,0.1126,0.12,
0.36,3.5,4,70,70,70,223,223,6255.13,79.8,210.1,128.27,15.73,0.124439,0.650426,0.392857,0.409429,0.083435,0.62297,0.1131,0.12,
0.36,3.5,5,70,70,70,266,266,5378.63,79.8,255.3,126.71,14.86,0.232156,0.709991,0.394996,0.394841,0.084938,0.625,0.1135,0.12,
0.36,3.5,6,70,70,70,238,238,5854.1,79.8,227,125.45,15.48,0.205013,0.693416,0.392393,0.399842,0.098484,0.62144,0.1121,0.12,
0.36,3.5,7,70,70,70,303,303,6014.68,79.8,290.1,121.29,15.48,0.205853,0.562403,0.386319,0.384388,0.078422,0.6183,0.1128,0.12,
0.36,3.5,8,70,70,70,224,224,5385.87,79.8,215.1,129.52,14.9,0.202334,0.715374,0.380434,0.366389,0.079996,0.61369,0.1135,0.12,
0.36,3.5,9,70,70,70,245,245,5800.41,79.8,234.5,125.82,15.42,0.22451,0.563632,0.382718,0.384596,0.069658,0.61602,0.1143,0.12,
0.36,4,0,70,70,70,207,207,5915.65,79.8,195.1,121.65,15.99,0.197353,0.685106,0.385534,0.378237,0.10135,0.61556,0.1098,0.12,
0.36,4,1,70,70,70,240,240,5453.07,79.8,230.1,129.54,15.17,0.167132,0.513521,0.369287,0.372644,0.080673,0.60387,0.1114,0.12,
0.36,4,2,70,70,70,255,255,5373.71,79.8,245,131.75,15.01,0.171628,0.639055,0.387708,0.396162,0.095786,0.61786,0.1124,0.12,
0.36,4,3,70,70,70,281,281,5469.73,79.8,268.8,130.81,14.7,0.180335,0.633562,0.37968,0.35962,0.093803,0.61162,0.1121,0.12,
0.36,4,4,70,70,70,227,227,6255.13,79.8,214.8,132.76,16.1,0.126995,0.630886,0.399867,0.408986,0.080986,0.6288,0.1139,0.12,
0.36,4,5,70,70,70,290,290,5378.63,79.8,279.6,135.73,14.99,0.230177,0.756594,0.388296,0.387215,0.088102,0.61939,0.1125,0.12,
0.36,4,6,70,70,70,268,268,5854.1,79.8,257.7,129.23,15.62,0.209753,0.720949,0.394058,0.389639,0.107426,0.62198,0.1117,0.12,
0.36,4,7,70,70,70,303,303,6014.68,79.8,290.1,129.73,15.74,0.209832,0.600339,0.382064,0.376856,0.083846,0.61445,0.1123,0.12,
0.36,4,8,70,70,70,241,241,5385.87,79.8,230.6,136.86,15.1,0.255627,0.770725,0.385501,0.365775,0.086408,0.61742,0.1136,0.12,
0.36,4,9,70,70,70,246,246,5800.41,79.8,235.1,132.72,15.54,0.226095,0.553822,0.383696,0.389685,0.073765,0.61648,0.1141,0.12,
0.36,4.5,0,70,70,70,346,346,5915.65,79.8,335.1,129.19,16.37,0.195614,0.689455,0.385331,0.378243,0.103539,0.61517,0.1092,0.12,
0.36,4.5,1,70,70,70,247,247,5453.07,79.8,235.1,133.79,15.37,0.177814,0.540578,0.36409,0.357266,0.086898,0.59896,0.1103,0.12,
0.36,4.5,2,70,70,70,310,310,5373.71,79.8,300.1,138.43,15.11,0.185744,0.617381,0.390166,0.396855,0.094872,0.62005,0.1125,0.12,
0.36,4.5,3,70,70,70,293,293,5469.73,79.8,280.4,135.48,15.02,0.168094,0.640198,0.371863,0.354573,0.09661,0.60477,0.1107,0.12,
0.36,4.5,4,70,70,70,275,275,6255.13,79.8,265.1,140.64,16.34,0.17289,0.653272,0.38777,0.396325,0.083378,0.61895,0.1125,0.12,
0.36,4.5,5,70,70,70,295,295,5378.63,79.8,284.8,144.65,15.37,0.204364,0.780577,0.390744,0.382455,0.105096,0.61986,0.1119,0.12,
0.36,4.5,6,70,70,70,297,297,5854.1,79.8,284.5,135.7,15.8,0.204808,0.640245,0.383686,0.356362,0.108626,0.61327,0.1102,0.12,
0.36,4.5,7,70,70,70,308,308,6014.68,79.8,295.1,134.28,15.89,0.212359,0.573844,0.380078,0.370882,0.086873,0.6125,0.112,0.12,
0.36,4.5,8,70,70,70,252,252,5385.87,79.8,240.1,145.36,15.41,0.213892,0.82234,0.380016,0.363422,0.087664,0.61288,0.1132,0.12,
0.36,4.5,9,70,70,70,287,287,5800.41,79.8,276.8,139.77,15.82,0.213529,0.510528,0.379887,0.38848,0.073463,0.61334,0.1135,0.12,
0.36,5,0,70,70,70,346,346,5915.65,79.8,335.1,134.7,16.61,0.170288,0.640755,0.383409,0.377634,0.101294,0.61366,0.109,0.12,
0.36,5,1,70,70,70,247,247,5453.07,79.8,236.8,140.01,15.66,0.176521,0.565185,0.346509,0.343345,0.087961,0.58388,0.1079,0.12,
0.36,5,2,70,70,70,316,316,5373.71,79.8,306.6,144.59,15.36,0.202912,0.655878,0.381387,0.374707,0.095348,0.61286,0.1111,0.12,
0.36,5,3,70,70,70,298,298,5469.73,79.8,285.8,144.43,15.22,0.15768,0.64269,0.360467,0.345299,0.09941,0.59492,0.1086,0.12,
0.36,5,4,70,70,70,279,279,6255.13,79.8,269.2,144.41,16.72,0.148289,0.640874,0.382019,0.386125,0.083683,0.61416,0.1117,0.12,
0.36,5,5,70,70,70,303,303,5378.63,79.8,292.3,150.73,15.54,0.201143,0.790496,0.385713,0.376937,0.10555,0.6156,0.1116,0.12,
0.36,5,6,70,70,70,302,302,5854.1,79.8,289.1,139.62,15.99,0.189054,0.640009,0.382398,0.368574,0.107886,0.61223,0.1101,0.12,
0.36,5,7,70,70,70,308,308,6014.68,79.8,295.1,138.7,16.02,0.212218,0.579767,0.378861,0.366431,0.091084,0.61113,0.1117,0.12,
0.36,5,8,70,70,70,286,286,5385.87,79.8,275.1,154.1,15.58,0.218045,0.870879,0.379733,0.368856,0.095395,0.61201,0.1127,0.12,
0.36,5,9,70,70,70,291,291,5800.41,79.8,280.1,146.61,16.07,0.172358,0.537686,0.368036,0.370817,0.077436,0.60322,0.1116,0.12,
0.36,5.5,0,70,70,70,346,346,5915.65,79.8,335.1,143.87,16.83,0.166193,0.656945,0.379287,0.368592,0.108931,0.60933,0.108,0.12,
0.36,5.5,1,70,70,70,252,252,5453.07,79.8,240.1,144.66,15.74,0.176501,0.552085,0.347393,0.337405,0.090508,0.58445,0.1082,0.12,
0.36,5.5,2,70,70,70,320,320,5373.71,79.8,310.1,150.6,15.53,0.209643,0.691267,0.384614,0.386622,0.09844,0.61521,0.1119,0.12,
0.36,5.5,3,70,70,70,302,302,5469.73,79.8,291.2,150.63,15.4,0.152048,0.606017,0.362799,0.353073,0.100758,0.5967,0.1086,0.12,
0.36,5.5,4,70,70,70,284,284,6255.13,87.1,274.5,151.14,16.67,0.149184,0.685981,0.37909,0.385565,0.083891,0.61191,0.1113,0.12,
0.36,5.5,5,70,70,70,308,308,5378.63,79.8,298,159.48,15.63,0.21354,0.806109,0.378133,0.370004,0.110756,0.60886,0.1102,0.12,
0.36,5.5,6,70,70,70,306,306,5854.1,79.8,293.2,148.41,16.16,0.194971,0.653392,0.385524,0.375347,0.104054,0.6153,0.1107,0.12,
0.36,5.5,7,70,70,70,308,308,6014.68,79.8,295.1,145.33,16.18,0.190677,0.596235,0.367788,0.355059,0.094472,0.60161,0.1102,0.12,
0.36,5.5,8,70,70,70,291,291,5385.87,79.8,280.5,160.67,15.75,0.188273,0.855832,0.37449,0.356966,0.096189,0.60745,0.1117,0.12,
0.36,5.5,9,70,70,70,291,291,5800.41,79.8,280.1,149.19,16.15,0.14338,0.563106,0.36684,0.376387,0.079552,0.60171,0.1112,0.12,
0.36,6,0,70,70,70,348,348,5915.65,79.8,337.8,151.17,17.03,0.166059,0.770467,0.375991,0.373299,0.111447,0.60635,0.1077,0.12,
0.36,6,1,70,70,70,252,252,5453.07,79.8,240.1,148.15,15.96,0.152575,0.555519,0.344281,0.346506,0.096426,0.58092,0.1076,0.12,
0.36,6,2,70,70,70,320,320,5373.71,79.9,310.1,155.71,15.74,0.20325,0.718584,0.379399,0.386277,0.104721,0.61015,0.1108,0.12,
0.36,6,3,70,70,70,374,374,5469.73,79.8,360.1,160.97,15.67,0.14992,0.630367,0.351734,0.339191,0.09862,0.58751,0.1072,0.12,
0.36,6,4,70,70,70,360,360,6255.13,79.8,350.1,157.95,16.85,0.155038,0.646311,0.373453,0.380714,0.085699,0.60697,0.1096,0.12,
0.36,6,5,70,70,70,315,315,5378.63,79.8,304.3,165.85,15.83,0.208289,0.817142,0.373623,0.356919,0.117205,0.60431,0.1091,0.12,
0.36,6,6,70,70,70,333,333,5854.1,79.8,320.1,158.13,16.47,0.184715,0.603621,0.376424,0.373898,0.103801,0.60771,0.1093,0.12,
0.36,6,7,70,70,70,313,313,6014.68,79.8,300.1,152.75,16.37,0.188722,0.645199,0.360078,0.353345,0.09052,0.59547,0.1096,0.12,
0.36,6,8,70,70,70,345,345,5385.87,79.8,335.1,166.15,16,0.231077,0.847779,0.368279,0.357306,0.092592,0.60272,0.1108,0.12,
0.36,6,9,70,70,70,296,296,5800.41,79.8,285.1,153.89,16.27,0.138076,0.586398,0.360854,0.357782,0.080988,0.59662,0.1103,0.12,
0.36,6.5,0,70,70,70,351,351,5915.65,79.8,340.1,157.71,17.19,0.162091,0.782187,0.375867,0.374854,0.111258,0.60635,0.1073,0.12,
0.36,6.5,1,70,70,70,319,319,5453.07,79.8,310,150.99,16.04,0.156946,0.555342,0.340435,0.341735,0.097273,0.57753,0.1065,0.12,
0.36,6.5,2,70,70,70,327,327,5373.71,80.1,315,161.49,15.85,0.158686,0.64369,0.370447,0.371289,0.105778,0.6024,0.1093,0.12,
0.36,6.5,3,70,70,70,374,374,5469.73,79.8,360.1,166.66,15.87,0.155588,0.647173,0.344577,0.336403,0.099086,0.5813,0.1059,0.12,
0.36,6.5,4,70,70,70,360,360,6255.13,79.8,350.8,165.09,17.03,0.153325,0.653867,0.362307,0.373752,0.090781,0.5971,0.1077,0.12,
0.36,6.5,5,70,70,70,320,320,5378.63,79.8,309.4,173.74,16.09,0.180913,0.652973,0.365633,0.352203,0.114682,0.59741,0.1079,0.12,
0.36,6.5,6,70,70,70,333,333,5854.1,79.8,320.1,167.03,16.63,0.186722,0.578373,0.370733,0.38296,0.105318,0.6026,0.1085,0.12,
0.36,6.5,7,70,70,70,313,313,6014.68,79.8,300.1,157.77,16.53,0.168831,0.665549,0.355752,0.35278,0.098908,0.59088,0.1085,0.12,
0.36,6.5,8,70,70,70,361,361,5385.87,79.8,351,171.49,16.14,0.18276,0.552561,0.35985,0.354767,0.077483,0.59643,0.1099,0.12,
0.36,6.5,9,70,70,70,296,296,5800.41,79.8,285.1,156.7,16.4,0.120453,0.604204,0.357835,0.353556,0.086078,0.59366,0.1099,0.12,
0.36,7,0,70,70,70,351,351,5915.65,79.8,340.1,164.7,17.33,0.158599,0.717709,0.371728,0.363896,0.112225,0.60271,0.1067,0.12,
0.36,7,1,70,70,70,323,323,5453.07,79.8,313.5,159.01,16.18,0.145451,0.556121,0.340087,0.347835,0.100827,0.57661,0.1062,0.12,
0.36,7,2,70,70,70,356,356,5373.71,80.1,342.2,174.25,16.07,0.159219,0.645699,0.358417,0.356299,0.110149,0.59148,0.1072,0.12,
0.36,7,3,70,70,70,374,374,5469.73,79.8,360.9,173.28,16.04,0.170806,0.657098,0.339155,0.324258,0.099533,0.57663,0.105,0.12,
0.36,7,4,70,70,70,365,365,6255.13,80,355.1,170.04,17.31,0.160631,0.658343,0.356401,0.36143,0.098125,0.59127,0.1064,0.12,
0.36,7,5,70,70,70,331,331,5378.63,81.2,320.8,181.36,16.2,0.177328,0.668092,0.364955,0.364279,0.116907,0.59631,0.1082,0.12,
0.36,7,6,70,70,70,338,338,5854.1,79.8,325.1,173.32,16.78,0.170357,0.593395,0.370672,0.372051,0.107226,0.60237,0.1083,0.12,
0.36,7,7,70,70,70,313,313,6014.68,79.8,300.1,164.69,16.65,0.159656,0.683105,0.350158,0.348554,0.102267,0.58561,0.1073,0.12,
0.36,7,8,70,70,70,412,412,5385.87,79.8,402.8,179.44,16.29,0.172244,0.548651,0.357783,0.360239,0.07426,0.59488,0.1093,0.12,
0.36,7,9,70,70,70,296,296,5800.41,79.8,285.1,167.13,16.57,0.118898,0.613837,0.34476,0.337533,0.094226,0.58162,0.1074,0.12,
0.37,3,0,70,70,70,194,194,5915.65,79.8,182.1,114.43,16.48,0.215243,0.590288,0.389871,0.382645,0.085382,0.62063,0.1111,0.12,
0.37,3,1,70,70,70,212,212,5453.07,79.8,201.2,118.62,15.39,0.20435,0.563155,0.383178,0.392995,0.077266,0.61573,0.1132,0.12,
0.37,3,2,70,70,70,240,240,5373.71,79.8,230.1,120.35,15.07,0.163133,0.618379,0.388497,0.395,0.089746,0.619,0.1131,0.12,
0.37,3,3,70,70,70,218,218,5469.73,79.8,210.9,116.18,14.92,0.219618,0.61956,0.393404,0.381076,0.081754,0.62389,0.1143,0.12,
0.37,3,4,70,70,70,223,223,6255.13,79.8,210.1,124.77,16.21,0.139413,0.634012,0.396248,0.40947,0.077696,0.62618,0.1139,0.12,
0.37,3,5,70,70,70,263,263,5378.63,79.8,252.4,125.03,15.08,0.250418,0.686723,0.399269,0.39273,0.079803,0.62884,0.1144,0.12,
0.37,3,6,70,70,70,238,238,5854.1,79.8,225.1,120.97,15.55,0.208198,0.688629,0.39074,0.399416,0.096594,0.62029,0.1122,0.12,
0.37,3,7,70,70,70,301,301,6014.68,79.8,288.1,119.1,15.79,0.210883,0.614572,0.390823,0.386763,0.082578,0.6217,0.1133,0.12,
0.37,3,8,70,70,70,219,219,5385.87,79.8,211.8,126.41,15.08,0.197904,0.688752,0.386264,0.380296,0.075448,0.61871,0.1142,0.12,
0.37,3,9,70,70,70,221,221,5800.41,79.8,210.1,125.88,15.8,0.241166,0.533856,0.381029,0.38637,0.062354,0.61515,0.114,0.12,
0.37,3.5,0,70,70,70,207,207,5915.65,79.8,195.1,120.19,16.37,0.215888,0.60177,0.389308,0.390725,0.092591,0.61947,0.1106,0.12,
0.37,3.5,1,70,70,70,232,232,5453.07,79.8,221.4,127.89,15.51,0.190068,0.585953,0.380635,0.38504,0.076089,0.61376,0.1131,0.12,
0.37,3.5,2,70,70,70,251,251,5373.71,79.8,240.1,129.69,15.21,0.17139,0.639114,0.393436,0.398488,0.095273,0.6226,0.1133,0.12,
0.37,3.5,3,70,70,70,241,241,5469.73,79.8,230.2,128.55,15.34,0.209049,0.635148,0.384757,0.368357,0.088088,0.61635,0.1133,0.12,
0.37,3.5,4,70,70,70,223,223,6255.13,79.8,210.1,131.55,16.53,0.128853,0.624756,0.400512,0.41778,0.080474,0.62938,0.1139,0.12,
0.37,3.5,5,70,70,70,273,273,5378.63,79.8,260.4,133.87,15.21,0.242443,0.746587,0.392137,0.388571,0.083365,0.62291,0.1135,0.12,
0.37,3.5,6,70,70,70,242,242,5854.1,79.8,230.1,127.5,15.8,0.213143,0.6869,0.398305,0.391192,0.098968,0.62626,0.1128,0.12,
0.37,3.5,7,70,70,70,303,303,6014.68,79.8,290.1,125.77,15.93,0.214692,0.604889,0.391056,0.39211,0.081257,0.62201,0.1132,0.12,
0.37,3.5,8,70,70,70,235,235,5385.87,79.8,225.8,133.47,15.33,0.209041,0.752735,0.386591,0.365696,0.083213,0.61853,0.1141,0.12,
0.37,3.5,9,70,70,70,246,246,5800.41,79.8,235.1,131.7,15.86,0.232294,0.521292,0.388161,0.388433,0.072147,0.62028,0.1146,0.12,
0.37,4,0,70,70,70,248,248,5915.65,79.8,236.1,126.45,16.49,0.20475,0.721422,0.390909,0.380008,0.102588,0.61996,0.1103,0.12,
0.37,4,1,70,70,70,245,245,5453.07,79.8,233.1,134.16,15.67,0.173668,0.594261,0.37522,0.366659,0.080614,0.6089,0.1123,0.12,
0.37,4,2,70,70,70,310,310,5373.71,79.8,300.1,135.64,15.36,0.180325,0.652118,0.393253,0.400145,0.093617,0.62264,0.113,0.12,
0.37,4,3,70,70,70,282,282,5469.73,79.8,269.6,133.91,15.12,0.188823,0.64916,0.384201,0.371461,0.088919,0.61577,0.1131,0.12,
0.37,4,4,70,70,70,275,275,6255.13,79.8,265.1,136.92,16.46,0.133217,0.647685,0.402332,0.407061,0.084587,0.63051,0.1141,0.12,
0.37,4,5,70,70,70,291,291,5378.63,79.8,281,139.99,15.32,0.238214,0.756118,0.395081,0.388403,0.090754,0.62465,0.1129,0.12,
0.37,4,6,70,70,70,270,270,5854.1,79.8,259.2,132.97,15.92,0.217994,0.710337,0.396628,0.396921,0.108472,0.62403,0.1121,0.12,
0.37,4,7,70,70,70,307,307,6014.68,79.8,295,133.9,16.05,0.218545,0.633364,0.380369,0.37875,0.07727,0.61367,0.1123,0.12,
0.37,4,8,70,70,70,252,252,5385.87,79.8,240.1,141.72,15.49,0.223852,0.811614,0.389597,0.371966,0.090483,0.62049,0.1142,0.12,
0.37,4,9,70,70,70,286,286,5800.41,79.8,275.1,139.81,16.01,0.225596,0.529212,0.38323,0.390449,0.073712,0.61609,0.1138,0.12,
0.37,4.5,0,70,70,70,346,346,5915.65,79.8,335.1,133.45,16.72,0.179983,0.720109,0.386063,0.378478,0.106374,0.61555,0.1092,0.12,
0.37,4.5,1,70,70,70,247,247,5453.07,79.8,235.1,136.8,15.73,0.187531,0.564879,0.363326,0.366393,0.089757,0.598,0.1102,0.12,
0.37,4.5,2,70,70,70,319,319,5373.71,79.8,309.3,142.4,15.53,0.195667,0.649808,0.393103,0.382527,0.096613,0.62233,0.1126,0.12,
0.37,4.5,3,70,70,70,294,294,5469.73,79.8,281.1,139.46,15.33,0.174719,0.664014,0.376987,0.356873,0.100954,0.6087,0.1113,0.12,
0.37,4.5,4,70,70,70,278,278,6255.13,79.8,268.4,145.41,16.59,0.182227,0.668151,0.393231,0.395777,0.080429,0.6237,0.113,0.12,
0.37,4.5,5,70,70,70,296,296,5378.63,79.8,285.7,149.78,15.52,0.21147,0.731663,0.39157,0.377061,0.100623,0.62096,0.1121,0.12,
0.37,4.5,6,70,70,70,298,298,5854.1,79.8,285.3,140.36,16.15,0.209614,0.638993,0.387616,0.372877,0.10413,0.61706,0.111,0.12,
0.37,4.5,7,70,70,70,308,308,6014.68,79.8,295.1,140.36,16.15,0.222572,0.581319,0.380012,0.371189,0.083151,0.61284,0.1123,0.12,
0.37,4.5,8,70,70,70,255,255,5385.87,79.8,245.1,148.53,15.66,0.221533,0.866636,0.386023,0.37285,0.093683,0.61741,0.1139,0.12,
0.37,4.5,9,70,70,70,291,291,5800.41,79.8,280.1,144.14,16.1,0.162293,0.535852,0.383729,0.38557,0.085714,0.61532,0.1135,0.12,
0.37,5,0,70,70,70,346,346,5915.65,79.8,335.1,142.69,16.9,0.17705,0.671592,0.386058,0.381351,0.106004,0.61549,0.1093,0.12,
0.37,5,1,70,70,70,252,252,5453.07,79.8,240.1,142.62,15.74,0.182871,0.592064,0.355247,0.356125,0.089973,0.59128,0.1092,0.12,
0.37,5,2,70,70,70,320,320,5373.71,79.8,310.1,149.46,15.57,0.137552,0.690456,0.381655,0.360909,0.100686,0.61245,0.111,0.12,
0.37,5,3,70,70,70,299,299,5469.73,79.8,290.1,150.19,15.46,0.163044,0.6653,0.373019,0.362214,0.101949,0.60529,0.1101,0.12,
0.37,5,4,70,70,70,355,355,6255.13,79.9,345.1,151.7,16.81,0.151045,0.674595,0.395857,0.39207,0.082271,0.62567,0.1132,0.12,
0.37,5,5,70,70,70,312,312,5378.63,79.8,300.1,160.81,15.83,0.20899,0.752019,0.383511,0.378112,0.103183,0.61399,0.111,0.12,
0.37,5,6,70,70,70,302,302,5854.1,79.8,289.7,148.6,16.16,0.194951,0.660429,0.39038,0.37938,0.111201,0.61853,0.111,0.12,
0.37,5,7,70,70,70,308,308,6014.68,79.8,295.1,146.46,16.3,0.223438,0.600997,0.376232,0.363719,0.085878,0.60953,0.1119,0.12,
0.37,5,8,70,70,70,288,288,5385.87,79.8,277.5,160.03,15.83,0.218406,0.862185,0.379152,0.368602,0.094199,0.61156,0.1127,0.12,
0.37,5,9,70,70,70,291,291,5800.41,79.8,280.1,150.08,16.15,0.150748,0.563748,0.369964,0.370639,0.081509,0.60437,0.1117,0.12,
0.37,5.5,0,70,70,70,351,351,5915.65,79.8,340.1,152.08,17.03,0.171746,0.690321,0.38216,0.381786,0.109936,0.61167,0.1082,0.12,
0.37,5.5,1,70,70,70,277,277,5453.07,79.8,266.5,148.28,15.97,0.164875,0.584718,0.35695,0.352635,0.095087,0.59214,0.1092,0.12,
0.37,5.5,2,70,70,70,321,321,5373.71,79.8,311.5,156.35,15.8,0.155167,0.71436,0.388146,0.396154,0.103143,0.61757,0.1122,0.12,
0.37,5.5,3,70,70,70,337,337,5469.73,79.8,325,157.63,15.59,0.157582,0.635885,0.370636,0.35772,0.102916,0.60315,0.1098,0.12,
0.37,5.5,4,70,70,70,360,360,6255.13,87.3,350.1,159.28,17.06,0.154587,0.668966,0.377617,0.381182,0.08508,0.61055,0.1105,0.12,
0.37,5.5,5,70,70,70,315,315,5378.63,79.8,303.9,165.28,15.84,0.221413,0.766295,0.382874,0.379259,0.110254,0.61279,0.1109,0.12,
0.37,5.5,6,70,70,70,306,306,5854.1,79.8,293.9,154.67,16.37,0.204116,0.685799,0.394557,0.381294,0.111336,0.62197,0.1115,0.12,
0.37,5.5,7,70,70,70,313,313,6014.68,79.8,300.1,152.05,16.37,0.199755,0.626704,0.366283,0.360381,0.086977,0.60108,0.1107,0.12,
0.37,5.5,8,70,70,70,340,340,5385.87,79.8,330.1,165.65,15.99,0.195576,0.90155,0.377963,0.363176,0.099829,0.61016,0.1122,0.12,
0.37,5.5,9,70,70,70,296,296,5800.41,79.8,285.1,153.53,16.27,0.151155,0.59057,0.366282,0.367726,0.08123,0.60121,0.1111,0.12,
0.37,6,0,70,70,70,351,351,5915.65,79.8,340.1,156.08,17.22,0.170574,0.728603,0.381349,0.382552,0.106682,0.61138,0.1086,0.12,
0.37,6,1,70,70,70,278,278,5453.07,79.8,267.7,151.21,16.01,0.158415,0.575943,0.35469,0.359224,0.09945,0.58968,0.109,0.12,
0.37,6,2,70,70,70,331,331,5373.71,80.5,317.7,166.69,15.91,0.210504,0.72243,0.381028,0.372754,0.105461,0.6115,0.1108,0.12,
0.37,6,3,70,70,70,374,374,5469.73,79.8,360.1,165.81,15.81,0.159885,0.647458,0.362666,0.353475,0.098055,0.59698,0.1087,0.12,
0.37,6,4,70,70,70,360,360,6255.13,79.8,350.1,164.87,17.09,0.160772,0.68081,0.375459,0.380371,0.088083,0.60845,0.1095,0.12,
0.37,6,5,70,70,70,317,317,5378.63,79.9,305.2,172.97,16.04,0.214805,0.775769,0.378858,0.364141,0.113545,0.60908,0.1099,0.12,
0.37,6,6,70,70,70,333,333,5854.1,79.8,320.1,164.65,16.65,0.189556,0.634611,0.383552,0.37601,0.106725,0.61338,0.1099,0.12,
0.37,6,7,70,70,70,313,313,6014.68,79.8,300.1,155.48,16.52,0.196729,0.671321,0.364777,0.34992,0.093283,0.59926,0.1104,0.12,
0.37,6,8,70,70,70,350,350,5385.87,79.8,339.8,170.81,16.19,0.192059,0.894562,0.373544,0.365595,0.099838,0.60651,0.1112,0.12,
0.37,6,9,70,70,70,296,296,5800.41,79.8,285.1,158.51,16.56,0.14309,0.605309,0.366662,0.36974,0.081129,0.60156,0.1111,0.12,
0.37,6.5,0,70,70,70,351,351,5915.65,79.8,340.1,161.64,17.27,0.168328,0.747515,0.38283,0.38176,0.109841,0.61225,0.1083,0.12,
0.37,6.5,1,70,70,70,323,323,5453.07,79.8,313.5,158.49,16.29,0.156938,0.570695,0.345032,0.361887,0.100817,0.58101,0.1071,0.12,
0.37,6.5,2,70,70,70,379,379,5373.71,80.4,365.1,172.11,16.15,0.165098,0.676638,0.372844,0.378784,0.104846,0.60461,0.1095,0.12,
0.37,6.5,3,70,70,70,376,376,5469.73,79.8,363,172.89,15.97,0.176008,0.658955,0.354746,0.344971,0.100777,0.58997,0.1072,0.12,
0.37,6.5,4,70,70,70,365,365,6255.13,79.8,355.1,171.68,17.33,0.158401,0.688881,0.366791,0.347766,0.093176,0.60072,0.1082,0.12,
0.37,6.5,5,70,70,70,321,321,5378.63,82,310.4,178.72,16.25,0.187713,0.689172,0.373079,0.361897,0.115664,0.60368,0.109,0.12,
0.37,6.5,6,70,70,70,338,338,5854.1,79.8,325.1,172.49,16.75,0.194163,0.616951,0.370588,0.371977,0.10377,0.60278,0.1086,0.12,
0.37,6.5,7,70,70,70,331,331,6014.68,79.8,320.1,165.81,16.71,0.172964,0.678681,0.352439,0.33759,0.098107,0.58822,0.1082,0.12,
0.37,6.5,8,70,70,70,370,370,5385.87,79.8,359.9,178.26,16.42,0.178848,0.550152,0.366207,0.362956,0.076922,0.60181,0.1102,0.12,
0.37,6.5,9,70,70,70,296,296,5800.41,79.8,285.1,160.97,16.56,0.125267,0.612471,0.358307,0.356356,0.084558,0.59417,0.1099,0.12,
0.37,7,0,70,70,70,351,351,5915.65,79.8,340.1,167.71,17.42,0.164519,0.747391,0.376803,0.37144,0.114108,0.60689,0.1072,0.12,
0.37,7,1,70,70,70,324,324,5453.07,79.8,314.1,164.28,16.44,0.151077,0.576393,0.341735,0.347445,0.103845,0.57776,0.1063,0.12,
0.37,7,2,70,70,70,379,379,5373.71,80.9,365.1,178.86,16.32,0.166838,0.679061,0.368038,0.370796,0.112709,0.5995,0.1085,0.12,
0.37,7,3,70,70,70,379,379,5469.73,79.8,365.1,176.83,16.11,0.180419,0.666677,0.344405,0.337267,0.098698,0.58134,0.1059,0.12,
0.37,7,4,70,70,70,370,370,6255.13,80.2,360.1,177.17,17.36,0.168346,0.693745,0.358201,0.361149,0.095606,0.59318,0.1066,0.12,
0.37,7,5,70,70,70,332,332,5378.63,81.8,321.8,188.84,16.38,0.186295,0.696348,0.369014,0.357861,0.119597,0.59966,0.1086,0.12,
0.37,7,6,70,70,70,338,338,5854.1,79.8,325.1,179.22,16.8,0.177493,0.617056,0.373664,0.363902,0.107036,0.60504,0.1089,0.12,
0.37,7,7,70,70,70,331,331,6014.68,79.8,320.1,169.96,16.75,0.151327,0.583673,0.352022,0.347266,0.099189,0.58738,0.1077,0.12,
0.37,7,8,70,70,70,415,415,5385.87,79.8,405.1,184.35,16.37,0.184977,0.587124,0.359841,0.358195,0.074439,0.5966,0.1092,0.12,
0.37,7,9,70,70,70,367,367,5800.41,79.8,355.7,171.48,16.7,0.123291,0.552857,0.348805,0.348989,0.088624,0.58553,0.1081,0.12,
0.38,3,0,70,70,70,197,197,5915.65,79.8,185.1,117.86,16.48,0.223359,0.615882,0.399669,0.391504,0.08876,0.6283,0.1122,0.12,
0.38,3,1,70,70,70,223,223,5453.07,79.8,212.6,123.26,15.51,0.212972,0.568774,0.38279,0.394687,0.076549,0.61547,0.1133,0.12,
0.38,3,2,70,70,70,248,248,5373.71,79.8,237.7,125.78,15.23,0.17049,0.627643,0.392238,0.394835,0.088957,0.62213,0.1135,0.12,
0.38,3,3,70,70,70,223,223,5469.73,79.8,215.1,122.5,14.96,0.229064,0.620505,0.394168,0.385907,0.080032,0.62469,0.1146,0.12,
0.38,3,4,70,70,70,223,223,6255.13,79.8,210.1,127.87,16.3,0.144455,0.638535,0.399323,0.412045,0.079789,0.62853,0.114,0.12,
0.38,3,5,70,70,70,266,266,5378.63,79.8,255.1,129.62,15.13,0.242376,0.720971,0.400847,0.39405,0.080186,0.63012,0.1146,0.12,
0.38,3,6,70,70,70,239,239,5854.1,79.8,229,124.27,15.78,0.214034,0.684807,0.400179,0.406885,0.098623,0.62776,0.1132,0.12,
0.38,3,7,70,70,70,303,303,6014.68,79.8,290.1,122.62,15.87,0.220035,0.604084,0.391089,0.384798,0.078381,0.62226,0.1135,0.12,
0.38,3,8,70,70,70,222,222,5385.87,79.8,215.1,128.78,15.29,0.20628,0.723582,0.391784,0.38084,0.080414,0.62288,0.115,0.12,
0.38,3,9,70,70,70,241,241,5800.41,79.8,230.1,129.91,15.88,0.2489,0.570235,0.386439,0.389021,0.066798,0.61929,0.1143,0.12,
0.38,3.5,0,70,70,70,243,243,5915.65,79.8,231.8,124.25,16.71,0.224043,0.628101,0.39601,0.397867,0.093324,0.62489,0.1113,0.12,
0.38,3.5,1,70,70,70,237,237,5453.07,79.8,226.6,131.28,15.57,0.183133,0.580764,0.385534,0.390974,0.076537,0.61773,0.1139,0.12,
0.38,3.5,2,70,70,70,310,310,5373.71,79.8,300.1,133.86,15.38,0.175849,0.647954,0.399624,0.40811,0.092768,0.62779,0.1142,0.12,
0.38,3.5,3,70,70,70,275,275,5469.73,79.8,262.6,131.67,15.56,0.219569,0.63658,0.390867,0.376342,0.083121,0.62175,0.1142,0.12,
0.38,3.5,4,70,70,70,275,275,6255.13,79.8,265.1,135.96,16.45,0.133021,0.638747,0.406182,0.414712,0.080033,0.63397,0.1146,0.12,
0.38,3.5,5,70,70,70,283,283,5378.63,79.8,270.1,138.15,15.38,0.25286,0.742377,0.396002,0.392109,0.085516,0.62588,0.1136,0.12,
0.38,3.5,6,70,70,70,245,245,5854.1,79.8,234.2,129.95,15.89,0.221555,0.716137,0.402121,0.395813,0.102978,0.62902,0.1132,0.12,
0.38,3.5,7,70,70,70,303,303,6014.68,79.8,290.1,128.43,15.9,0.223682,0.632069,0.396185,0.391967,0.082444,0.62613,0.1138,0.12,
0.38,3.5,8,70,70,70,236,236,5385.87,79.8,226.5,136.56,15.34,0.218354,0.79134,0.391207,0.374993,0.083048,0.62237,0.115,0.12,
0.38,3.5,9,70,70,70,286,286,5800.41,79.8,275.1,137.3,15.97,0.240324,0.54669,0.391102,0.393134,0.074477,0.62253,0.115,0.12,
0.38,4,0,70,70,70,302,302,5915.65,79.8,290.1,130.43,16.61,0.212182,0.724977,0.394452,0.383169,0.099555,0.6232,0.1108,0.12,
0.38,4,1,70,70,70,247,247,5453.07,79.8,235.1,136.97,15.59,0.180091,0.591647,0.375645,0.374324,0.078915,0.60945,0.1124,0.12,
0.38,4,2,70,70,70,319,319,5373.71,79.8,309.4,138.66,15.52,0.189407,0.66529,0.399874,0.39101,0.090829,0.62832,0.1139,0.12,
0.38,4,3,70,70,70,283,283,5469.73,79.8,270.4,137.58,15.09,0.197223,0.651805,0.391015,0.380765,0.090194,0.62127,0.1139,0.12,
0.38,4,4,70,70,70,275,275,6255.13,79.8,265.1,143.75,16.83,0.139694,0.63503,0.402328,0.409941,0.084174,0.63056,0.1142,0.12,
0.38,4,5,70,70,70,293,293,5378.63,79.8,282.3,146.58,15.67,0.200256,0.739192,0.399009,0.392932,0.099839,0.62704,0.1131,0.12,
0.38,4,6,70,70,70,270,270,5854.1,79.8,260,136.64,16.23,0.226566,0.74104,0.40268,0.391044,0.109518,0.62892,0.113,0.12,
0.38,4,7,70,70,70,308,308,6014.68,79.8,295.1,137.9,16.18,0.22765,0.584774,0.381558,0.38884,0.073864,0.61484,0.1125,0.12,
0.38,4,8,70,70,70,252,252,5385.87,79.8,240.4,144.62,15.7,0.231829,0.853945,0.39576,0.378791,0.096232,0.62509,0.1148,0.12,
0.38,4,9,70,70,70,291,291,5800.41,79.8,280.1,143.53,16.3,0.22355,0.555351,0.386468,0.390081,0.077643,0.61848,0.1142,0.12,
0.38,4.5,0,70,70,70,346,346,5915.65,79.8,335.4,136.73,17.05,0.184971,0.744623,0.393263,0.392111,0.106006,0.62152,0.1102,0.12,
0.38,4.5,1,70,70,70,289,289,5453.07,79.8,279,144.44,16.07,0.198431,0.601457,0.364086,0.36671,0.091703,0.59854,0.1102,0.12,
0.38,4.5,2,70,70,70,320,320,5373.71,79.8,310.1,146.83,15.73,0.133616,0.683095,0.396646,0.393999,0.099031,0.62479,0.1131,0.12,
0.38,4.5,3,70,70,70,298,298,5469.73,79.8,290.1,145.98,15.63,0.18139,0.66889,0.376762,0.361708,0.097305,0.60889,0.1116,0.12,
0.38,4.5,4,70,70,70,355,355,6255.13,79.8,345.1,149.26,16.93,0.190498,0.66482,0.400746,0.402044,0.082242,0.62961,0.1139,0.12,
0.38,4.5,5,70,70,70,312,312,5378.63,79.8,300.1,157.95,15.75,0.219038,0.76821,0.39459,0.378366,0.107757,0.62292,0.1125,0.12,
0.38,4.5,6,70,70,70,298,298,5854.1,79.8,286,148.98,16.32,0.190427,0.662597,0.392059,0.376371,0.107952,0.62035,0.111,0.12,
0.38,4.5,7,70,70,70,308,308,6014.68,79.8,295.1,145.87,16.24,0.231646,0.609228,0.379665,0.378671,0.078832,0.61298,0.1123,0.12,
0.38,4.5,8,70,70,70,287,287,5385.87,79.8,275.1,155.8,15.82,0.229473,0.86199,0.386692,0.374472,0.086512,0.61852,0.1143,0.12,
0.38,4.5,9,70,70,70,291,291,5800.41,79.8,280.1,147.54,16.16,0.169425,0.571673,0.386497,0.38853,0.086887,0.6176,0.114,0.12,
0.38,5,0,70,70,70,351,351,5915.65,79.8,340.1,151.43,17.06,0.174184,0.705874,0.388746,0.386871,0.106244,0.61766,0.1092,0.12,
0.38,5,1,70,70,70,294,294,5453.07,79.8,284,150.05,16.01,0.188622,0.621597,0.362931,0.368218,0.094368,0.59739,0.1103,0.12,
0.38,5,2,70,70,70,324,324,5373.71,79.8,314.1,154.37,15.77,0.143053,0.709064,0.390495,0.376837,0.099992,0.61986,0.1123,0.12,
0.38,5,3,70,70,70,303,303,5469.73,79.8,295.1,155.4,15.62,0.168368,0.683327,0.375224,0.357695,0.099168,0.60746,0.1108,0.12,
0.38,5,4,70,70,70,355,355,6255.13,80.2,345.1,157.77,16.99,0.155828,0.654262,0.396006,0.405132,0.079199,0.62603,0.1131,0.12,
0.38,5,5,70,70,70,314,314,5378.63,82.3,302.4,165.62,15.81,0.212777,0.789874,0.387015,0.383643,0.107895,0.61655,0.1114,0.12,
0.38,5,6,70,70,70,303,303,5854.1,79.8,290.4,152.81,16.4,0.200463,0.692265,0.398148,0.393693,0.112062,0.62484,0.1119,0.12,
0.38,5,7,70,70,70,313,313,6014.68,79.8,300.1,151.68,16.4,0.234872,0.629853,0.376996,0.370399,0.082842,0.61043,0.1122,0.12,
0.38,5,8,70,70,70,292,292,5385.87,79.8,280.1,163.96,15.92,0.22821,0.906848,0.385997,0.378705,0.098719,0.61688,0.1137,0.12,
0.38,5,9,70,70,70,296,296,5800.41,79.8,285.1,153.49,16.3,0.157824,0.590127,0.376422,0.374647,0.082843,0.60966,0.1126,0.12,
0.38,5.5,0,70,70,70,351,351,5915.65,79.8,340.1,155.14,17.21,0.179878,0.72461,0.390549,0.391057,0.109776,0.61867,0.1093,0.12,
0.38,5.5,1,70,70,70,297,297,5453.07,79.8,286.8,153.94,16.14,0.173011,0.610441,0.360945,0.364584,0.097388,0.59527,0.1097,0.12,
0.38,5.5,2,70,70,70,325,325,5373.71,79.8,315.1,162.91,15.91,0.161268,0.717762,0.3898,0.381372,0.107243,0.61854,0.112,0.12,
0.38,5.5,3,70,70,70,374,374,5469.73,79.8,360.1,166.19,15.96,0.167259,0.654001,0.37477,0.364074,0.100112,0.60695,0.1105,0.12,
0.38,5.5,4,70,70,70,360,360,6255.13,88.8,350.1,163.04,17.18,0.160033,0.654682,0.386614,0.392027,0.084203,0.61801,0.1116,0.12,
0.38,5.5,5,70,70,70,317,317,5378.63,83.6,305.1,169.62,16.02,0.227739,0.805097,0.388836,0.373042,0.111882,0.61763,0.1115,0.12,
0.38,5.5,6,70,70,70,323,323,5854.1,79.8,310.1,165.72,16.68,0.213588,0.654583,0.3913,0.386508,0.109877,0.61955,0.111,0.12,
0.38,5.5,7,70,70,70,313,313,6014.68,79.8,300.1,155.79,16.65,0.208814,0.657675,0.371375,0.363532,0.087248,0.60536,0.1115,0.12,
0.38,5.5,8,70,70,70,345,345,5385.87,79.8,335.1,171.81,16.35,0.213196,0.554868,0.380773,0.376674,0.080313,0.61366,0.113,0.12,
0.38,5.5,9,70,70,70,296,296,5800.41,79.8,285.1,158.44,16.5,0.158379,0.603883,0.374226,0.380086,0.082055,0.60782,0.1122,0.12,
0.38,6,0,70,70,70,351,351,5915.65,79.8,340.1,157.59,17.35,0.171935,0.766752,0.38791,0.386524,0.106446,0.61693,0.1095,0.12,
0.38,6,1,70,70,70,300,300,5453.07,79.8,289.3,158.22,16.27,0.169279,0.596618,0.355971,0.359233,0.098683,0.59101,0.1089,0.12,
0.38,6,2,70,70,70,348,348,5373.71,80.9,334.7,171.68,16.13,0.221539,0.634954,0.382294,0.374352,0.101825,0.61286,0.111,0.12,
0.38,6,3,70,70,70,378,378,5469.73,79.8,364.3,173.06,16.11,0.169149,0.663198,0.369751,0.360481,0.100814,0.60272,0.1093,0.12,
0.38,6,4,70,70,70,365,365,6255.13,79.8,355.1,168.82,17.14,0.166538,0.533849,0.378221,0.377866,0.079473,0.61142,0.1103,0.12,
0.38,6,5,70,70,70,317,317,5378.63,83.6,306,176.85,16.31,0.222112,0.815308,0.38421,0.367225,0.115931,0.61336,0.1105,0.12,
0.38,6,6,70,70,70,337,337,5854.1,79.8,324.9,173.02,16.87,0.191317,0.662908,0.388538,0.382743,0.106615,0.6175,0.1109,0.12,
0.38,6,7,70,70,70,331,331,6014.68,79.8,320.1,162.3,16.77,0.202858,0.677608,0.3655,0.359612,0.09122,0.60008,0.1105,0.12,
0.38,6,8,70,70,70,363,363,5385.87,79.8,352.5,179.61,16.42,0.192051,0.56984,0.375513,0.365773,0.080461,0.60926,0.1115,0.12,
0.38,6,9,70,70,70,296,296,5800.41,79.8,285.1,162.98,16.66,0.148246,0.566966,0.366638,0.368471,0.076265,0.602,0.111,0.12,
0.38,6.5,0,70,70,70,351,351,5915.65,79.8,340.1,168.68,17.55,0.173715,0.787178,0.384416,0.37784,0.111351,0.61353,0.1087,0.12,
0.38,6.5,1,70,70,70,377,377,5453.07,79.8,367.6,164.69,16.38,0.16178,0.579194,0.345103,0.327992,0.103544,0.58083,0.1067,0.12,
0.38,6.5,2,70,70,70,379,379,5373.71,84.5,365.1,180.1,16.36,0.172522,0.710465,0.375067,0.370576,0.104243,0.60672,0.1098,0.12,
0.38,6.5,3,70,70,70,379,379,5469.73,79.8,365.1,176.93,16.29,0.187656,0.662806,0.363284,0.358815,0.102083,0.59713,0.1082,0.12,
0.38,6.5,4,70,70,70,371,371,6255.13,79.8,361.7,176.22,17.46,0.164076,0.677831,0.370556,0.358306,0.0939,0.6038,0.1085,0.12,
0.38,6.5,5,70,70,70,325,325,5378.63,83.6,316,185.22,16.24,0.194935,0.701843,0.379336,0.355637,0.118188,0.60877,0.11,0.12,
0.38,6.5,6,70,70,70,338,338,5854.1,79.8,325.1,182.79,16.99,0.202153,0.636775,0.370858,0.359906,0.100691,0.60346,0.1087,0.12,
0.38,6.5,7,70,70,70,331,331,6014.68,79.8,320.1,171.14,16.92,0.177285,0.584161,0.351069,0.336535,0.091182,0.5876,0.1081,0.12,
0.38,6.5,8,70,70,70,372,372,5385.87,79.8,361.9,183.71,16.38,0.184844,0.583071,0.370464,0.365292,0.080018,0.60504,0.1106,0.12,
0.38,6.5,9,70,70,70,364,364,5800.41,79.8,352.5,169.41,16.71,0.130153,0.565533,0.36434,0.361737,0.082601,0.59941,0.1106,0.12,
0.38,7,0,70,70,70,351,351,5915.65,79.8,340.1,170.35,17.61,0.170849,0.790245,0.382198,0.380583,0.114469,0.61145,0.108,0.12,
0.38,7,1,70,70,70,380,380,5453.07,80.1,370.8,171.39,16.55,0.157835,0.56249,0.341879,0.34299,0.097437,0.57867,0.1066,0.12,
0.38,7,2,70,70,70,379,379,5373.71,88.4,365.1,187.74,16.53,0.174947,0.713398,0.367259,0.365255,0.105915,0.59987,0.1084,0.12,
0.38,7,3,70,70,70,379,379,5469.73,79.8,365.1,181.5,16.32,0.188519,0.672806,0.354201,0.340721,0.099385,0.5898,0.1071,0.12,
0.38,7,4,70,70,70,385,385,6255.13,80.5,375.1,180.4,17.24,0.17729,0.689924,0.36484,0.361214,0.093752,0.59907,0.1078,0.12,
0.38,7,5,70,70,70,335,335,5378.63,83.5,325.1,192.9,16.25,0.195609,0.708486,0.371737,0.343794,0.123197,0.60178,0.109,0.12,
0.38,7,6,70,70,70,343,343,5854.1,79.8,330.1,188.26,17,0.184797,0.63868,0.375253,0.370983,0.10188,0.60701,0.1094,0.12,
0.38,7,7,70,70,70,331,331,6014.68,79.8,320.1,172.67,16.75,0.154358,0.620692,0.356993,0.358719,0.100902,0.59148,0.1085,0.12,
0.38,7,8,70,70,70,415,415,5385.87,82.5,405.1,189.99,16.53,0.193663,0.528401,0.36451,0.360821,0.073066,0.60063,0.1099,0.12,
0.38,7,9,70,70,70,368,368,5800.41,79.8,356.4,175.21,16.7,0.127671,0.579261,0.354744,0.36011,0.093426,0.59019,0.1089,0.12,
0.39,3,0,70,70,70,203,203,5915.65,79.8,193.5,120.41,16.55,0.230798,0.615963,0.403982,0.402009,0.086137,0.63199,0.1128,0.12,
0.39,3,1,70,70,70,229,229,5453.07,79.8,218.7,127.39,15.51,0.213862,0.544072,0.382384,0.389925,0.075131,0.61528,0.1136,0.12,
0.39,3,2,70,70,70,251,251,5373.71,79.8,240.1,129.03,15.18,0.178134,0.612705,0.394489,0.399396,0.085835,0.62423,0.1139,0.12,
0.39,3,3,70,70,70,242,242,5469.73,79.8,231.3,126.49,15.06,0.238745,0.603893,0.393793,0.389157,0.081725,0.62426,0.1147,0.12,
0.39,3,4,70,70,70,270,270,6255.13,79.8,260.1,131.51,16.38,0.149499,0.636704,0.403574,0.408232,0.078935,0.63202,0.1146,0.12,
0.39,3,5,70,70,70,273,273,5378.63,79.8,260.1,134.82,15.14,0.25271,0.727873,0.399349,0.395908,0.084731,0.62858,0.1142,0.12,
0.39,3,6,70,70,70,241,241,5854.1,79.8,230.1,130.99,15.72,0.222403,0.622511,0.396281,0.392987,0.092018,0.62523,0.113,0.12,
0.39,3,7,70,70,70,303,303,6014.68,79.8,290.1,125.86,15.8,0.229465,0.580501,0.393495,0.394942,0.075495,0.62441,0.1136,0.12,
0.39,3,8,70,70,70,226,226,5385.87,79.8,215.5,133.58,15.2,0.2146,0.759157,0.396577,0.3804,0.085179,0.62644,0.1156,0.12,
0.39,3,9,70,70,70,246,246,5800.41,79.8,235.1,134.43,15.83,0.255737,0.572941,0.392737,0.390311,0.068192,0.62435,0.1152,0.12,
0.39,3.5,0,70,70,70,248,248,5915.65,79.8,234.4,127.88,16.47,0.232639,0.632965,0.398622,0.399486,0.094485,0.62699,0.1115,0.12,
0.39,3.5,1,70,70,70,243,243,5453.07,79.8,233.7,135.03,15.56,0.190514,0.561923,0.384884,0.393711,0.072634,0.61752,0.1141,0.12,
0.39,3.5,2,70,70,70,315,315,5373.71,79.8,305.1,137.38,15.43,0.183971,0.615914,0.395597,0.40189,0.088007,0.62496,0.1135,0.12,
0.39,3.5,3,70,70,70,278,278,5469.73,79.8,265.1,134.19,15.35,0.229268,0.61568,0.394555,0.387335,0.082645,0.62479,0.1148,0.12,
0.39,3.5,4,70,70,70,275,275,6255.13,79.8,265.1,139.56,16.51,0.137663,0.627327,0.406738,0.410302,0.080844,0.63434,0.1145,0.12,
0.39,3.5,5,70,70,70,283,283,5378.63,79.8,270.1,142.26,15.27,0.263407,0.736293,0.400445,0.387324,0.083228,0.62963,0.1143,0.12,
0.39,3.5,6,70,70,70,252,252,5854.1,79.8,241.8,136.1,15.9,0.230203,0.633465,0.404773,0.406913,0.097428,0.63166,0.114,0.12,
0.39,3.5,7,70,70,70,308,308,6014.68,79.8,295.1,135.47,15.94,0.233097,0.640738,0.394977,0.395255,0.081914,0.62523,0.1139,0.12,
0.39,3.5,8,70,70,70,236,236,5385.87,79.8,227,138.97,15.34,0.23342,0.831042,0.395901,0.377562,0.090749,0.62562,0.1154,0.12,
0.39,3.5,9,70,70,70,289,289,5800.41,79.8,278.3,140.63,15.97,0.248273,0.573468,0.396892,0.404301,0.074239,0.62722,0.1157,0.12,
0.39,4,0,70,70,70,346,346,5915.65,79.8,335.1,137.59,16.76,0.219577,0.643393,0.398668,0.390018,0.094312,0.62704,0.1113,0.12,
0.39,4,1,70,70,70,296,296,5453.07,79.8,285.1,140.72,15.75,0.187088,0.571317,0.38097,0.383128,0.075693,0.6141,0.1132,0.12,
0.39,4,2,70,70,70,320,320,5373.71,79.8,310.1,143.24,15.57,0.198836,0.676021,0.399634,0.397628,0.089044,0.62833,0.114,0.12,
0.39,4,3,70,70,70,283,283,5469.73,79.8,271,140.94,15.29,0.203383,0.602463,0.392303,0.375272,0.086897,0.6226,0.1143,0.12,
0.39,4,4,70,70,70,282,282,6255.13,79.8,273,147.88,16.76,0.145144,0.667076,0.405636,0.418924,0.0838,0.63324,0.1146,0.12,
0.39,4,5,70,70,70,294,294,5378.63,79.8,283.1,152.16,15.56,0.207561,0.775,0.404733,0.387534,0.104016,0.63138,0.114,0.12,
0.39,4,6,70,70,70,288,288,5854.1,79.8,275.1,144.93,16.09,0.228065,0.658798,0.399234,0.39846,0.100669,0.6269,0.1131,0.12,
0.39,4,7,70,70,70,308,308,6014.68,79.8,295.1,143.41,16.09,0.237027,0.614691,0.388127,0.379168,0.077386,0.62,0.1132,0.12,
0.39,4,8,70,70,70,287,287,5385.87,79.8,275.1,150.42,15.59,0.239489,0.854311,0.398213,0.378253,0.09681,0.62707,0.1149,0.12,
0.39,4,9,70,70,70,291,291,5800.41,79.8,280.1,147.02,16.14,0.18193,0.565015,0.386282,0.385027,0.08054,0.61806,0.1142,0.12,
0.39,4.5,0,70,70,70,351,351,5915.65,79.8,340.1,144.93,16.92,0.191209,0.720016,0.397746,0.395686,0.102005,0.62556,0.1107,0.12,
0.39,4.5,1,70,70,70,300,300,5453.07,79.8,289.6,148.66,15.9,0.206505,0.574242,0.367647,0.375903,0.093608,0.6014,0.1107,0.12,
0.39,4.5,2,70,70,70,325,325,5373.71,79.8,315.1,152.43,15.67,0.139405,0.703364,0.393975,0.392614,0.095594,0.62304,0.1128,0.12,
0.39,4.5,3,70,70,70,300,300,5469.73,79.8,292.7,149.39,15.4,0.188479,0.667368,0.38128,0.363761,0.096073,0.61278,0.1124,0.12,
0.39,4.5,4,70,70,70,355,355,6255.13,79.8,345.1,154.54,16.85,0.196892,0.655427,0.402148,0.407588,0.082269,0.63076,0.1138,0.12,
0.39,4.5,5,70,70,70,312,312,5378.63,79.8,300.1,162.04,15.72,0.227358,0.793657,0.399227,0.387373,0.103076,0.62713,0.1134,0.12,
0.39,4.5,6,70,70,70,303,303,5854.1,79.8,290.1,154.45,16.29,0.198747,0.659345,0.398634,0.390083,0.106847,0.62581,0.1121,0.12,
0.39,4.5,7,70,70,70,313,313,6014.68,79.8,300.1,150.64,16.26,0.240914,0.637854,0.383374,0.380144,0.078869,0.616,0.1128,0.12,
0.39,4.5,8,70,70,70,291,291,5385.87,79.8,279.5,164.96,15.87,0.239049,0.549313,0.390163,0.385127,0.068725,0.62223,0.1149,0.12,
0.39,4.5,9,70,70,70,296,296,5800.41,79.8,285.1,152.42,16.23,0.176379,0.584427,0.385465,0.385664,0.084732,0.61699,0.1138,0.12,
0.39,5,0,70,70,70,351,351,5915.65,79.8,340.1,152.91,17.12,0.181336,0.739749,0.397329,0.39547,0.106635,0.62472,0.1103,0.12,
0.39,5,1,70,70,70,306,306,5453.07,79.8,295.1,153.58,16.04,0.179382,0.617847,0.365919,0.363782,0.095467,0.59979,0.1106,0.12,
0.39,5,2,70,70,70,325,325,5373.71,79.8,315.1,159.12,15.77,0.148471,0.70902,0.394043,0.380744,0.097095,0.62303,0.113,0.12,
0.39,5,3,70,70,70,374,374,5469.73,79.8,360.1,159.71,15.66,0.160556,0.685509,0.384527,0.360775,0.099325,0.61512,0.1121,0.12,
0.39,5,4,70,70,70,360,360,6255.13,80.4,350.1,163.99,17.03,0.161029,0.564197,0.396087,0.417581,0.071963,0.62656,0.1129,0.12,
0.39,5,5,70,70,70,317,317,5378.63,86.6,305.1,169.09,15.84,0.219489,0.813565,0.395468,0.385198,0.109033,0.62344,0.1125,0.12,
0.39,5,6,70,70,70,323,323,5854.1,79.8,310.1,164.03,16.52,0.206721,0.669549,0.395103,0.388477,0.109864,0.62269,0.1119,0.12,
0.39,5,7,70,70,70,313,313,6014.68,79.8,300.1,155.55,16.38,0.214729,0.659327,0.37815,0.371613,0.084092,0.61128,0.1123,0.12,
0.39,5,8,70,70,70,345,345,5385.87,79.8,335.1,170.9,16.04,0.230423,0.566294,0.388281,0.386404,0.082175,0.61966,0.1142,0.12,
0.39,5,9,70,70,70,296,296,5800.41,79.8,285.1,157.32,16.31,0.164274,0.601027,0.382727,0.386621,0.085799,0.61464,0.1132,0.12,
0.39,5.5,0,70,70,70,351,351,5915.65,79.8,340.1,158.3,17.16,0.199015,0.759061,0.400788,0.394618,0.107054,0.62746,0.1106,0.12,
0.39,5.5,1,70,70,70,306,306,5453.07,79.8,295.1,158.34,16.04,0.168121,0.62647,0.36118,0.369669,0.098711,0.59537,0.1097,0.12,
0.39,5.5,2,70,70,70,328,328,5373.71,79.8,315.5,167.18,15.9,0.167734,0.676903,0.393921,0.386624,0.105063,0.6221,0.1126,0.12,
0.39,5.5,3,70,70,70,378,378,5469.73,79.8,364.1,170.46,15.84,0.17446,0.650704,0.378377,0.37883,0.094632,0.61044,0.1115,0.12,
0.39,5.5,4,70,70,70,365,365,6255.13,93.5,355.1,170.7,17.51,0.165448,0.560264,0.383869,0.38472,0.0773,0.61631,0.1111,0.12,
0.39,5.5,5,70,70,70,317,317,5378.63,86.7,305.1,177.12,16.44,0.234218,0.834758,0.394136,0.371815,0.113649,0.62189,0.1119,0.12,
0.39,5.5,6,70,70,70,333,333,5854.1,79.8,320.1,176.09,17.06,0.223156,0.679156,0.394217,0.38537,0.109475,0.62208,0.1115,0.12,
0.39,5.5,7,70,70,70,331,331,6014.68,79.8,320.1,162.14,16.96,0.218146,0.60226,0.373094,0.371377,0.08499,0.60698,0.1117,0.12,
0.39,5.5,8,70,70,70,348,348,5385.87,79.8,337.7,177.05,16.53,0.21739,0.562803,0.381295,0.388799,0.082094,0.61393,0.1129,0.12,
0.39,5.5,9,70,70,70,296,296,5800.41,79.8,285.1,161.9,16.77,0.151275,0.573022,0.374807,0.381717,0.077726,0.60868,0.1122,0.12,
0.39,6,0,70,70,70,351,351,5915.65,79.8,340.1,165.27,17.64,0.178387,0.801378,0.393426,0.389029,0.107424,0.62142,0.1102,0.12,
0.39,6,1,70,70,70,311,311,5453.07,79.8,300.1,163.17,16.47,0.175326,0.598323,0.35037,0.347265,0.0996,0.58608,0.1079,0.12,
0.39,6,2,70,70,70,349,349,5373.71,81.3,335.3,176.19,16.4,0.230925,0.665894,0.389413,0.382133,0.103769,0.61864,0.1118,0.12,
0.39,6,3,70,70,70,379,379,5469.73,79.8,365.1,176.17,16.36,0.18063,0.660859,0.375413,0.371862,0.095761,0.60786,0.1106,0.12,
0.39,6,4,70,70,70,378,378,6255.13,79.8,365.1,177.1,17.72,0.164376,0.558799,0.379447,0.371311,0.08058,0.61233,0.1103,0.12,
0.39,6,5,70,70,70,320,320,5378.63,88.9,308.3,181.66,16.38,0.237236,0.852957,0.393245,0.375478,0.119246,0.62058,0.1118,0.12,
0.39,6,6,70,70,70,338,338,5854.1,79.8,325.1,179.66,17.13,0.187128,0.695535,0.389536,0.378415,0.108301,0.61823,0.1108,0.12,
0.39,6,7,70,70,70,331,331,6014.68,79.8,320.1,167.15,16.92,0.21168,0.612498,0.371727,0.357971,0.089811,0.60541,0.1111,0.12,
0.39,6,8,70,70,70,366,366,5385.87,79.8,355.4,181.7,16.61,0.193597,0.590915,0.381962,0.372768,0.080309,0.61464,0.1125,0.12,
0.39,6,9,70,70,70,360,360,5800.41,79.8,348.9,167.43,16.86,0.141635,0.573442,0.37485,0.379327,0.078939,0.60855,0.1119,0.12,
0.39,6.5,0,70,70,70,352,352,5915.65,79.8,341.2,171.57,17.72,0.182567,0.810117,0.389349,0.390986,0.11324,0.61746,0.1093,0.12,
0.39,6.5,1,70,70,70,378,378,5453.07,79.8,368.2,169.32,16.66,0.168092,0.581847,0.351701,0.340552,0.104809,0.58645,0.1079,0.12,
0.39,6.5,2,70,70,70,381,381,5373.71,85.8,367.9,186.32,16.59,0.180433,0.745167,0.377275,0.389012,0.106442,0.6083,0.1099,0.12,
0.39,6.5,3,70,70,70,379,379,5469.73,79.8,365.1,179.32,16.47,0.198829,0.686651,0.369803,0.364434,0.10238,0.60262,0.1092,0.12,
0.39,6.5,4,70,70,70,385,385,6255.13,79.9,375.1,189.46,17.53,0.176644,0.565671,0.364751,0.356204,0.084118,0.5998,0.1083,0.12,
0.39,6.5,5,70,70,70,335,335,5378.63,88.3,325.1,193.55,16.51,0.216617,0.714832,0.381535,0.356884,0.119413,0.61069,0.1104,0.12,
0.39,6.5,6,70,70,70,338,338,5854.1,79.8,325.1,186.21,16.97,0.210451,0.642701,0.3792,0.368763,0.100288,0.61051,0.1099,0.12,
0.39,6.5,7,70,70,70,331,331,6014.68,79.8,320.1,173.72,16.88,0.181381,0.612988,0.356509,0.345939,0.094635,0.59198,0.1088,0.12,
0.39,6.5,8,70,70,70,415,415,5385.87,79.8,405.1,188.16,16.45,0.195107,0.617269,0.382995,0.374376,0.082394,0.61529,0.1121,0.12,
0.39,6.5,9,70,70,70,365,365,5800.41,79.8,353.5,173.1,16.78,0.131905,0.592938,0.363427,0.364552,0.083242,0.59867,0.1104,0.12,
0.39,7,0,70,70,70,355,355,5915.65,79.8,344.4,172.31,17.55,0.177006,0.770056,0.387288,0.379478,0.110843,0.616,0.1088,0.12,
0.39,7,1,70,70,70,381,381,5453.07,83.3,371.3,175.45,16.55,0.163588,0.602127,0.351583,0.352452,0.099832,0.58695,0.1079,0.12,
0.39,7,2,70,70,70,401,401,5373.71,88.9,388.7,195.43,16.59,0.183189,0.745566,0.372207,0.36162,0.110171,0.60378,0.1092,0.12,
0.39,7,3,70,70,70,379,379,5469.73,79.8,365.1,185.73,16.31,0.166826,0.680373,0.361034,0.350217,0.101123,0.5953,0.1079,0.12,
0.39,7,4,70,70,70,390,390,6255.13,80.6,380.1,196.41,17.69,0.186783,0.570068,0.363472,0.361146,0.086489,0.59853,0.108,0.12,
0.39,7,5,70,70,70,340,340,5378.63,85,330.1,200.2,16.47,0.205371,0.719879,0.375023,0.353948,0.120751,0.60487,0.1098,0.12,
0.39,7,6,70,70,70,364,364,5854.1,79.8,350.1,195.65,17.14,0.192512,0.630041,0.384193,0.36832,0.104953,0.61418,0.1104,0.12,
0.39,7,7,70,70,70,336,336,6014.68,79.8,325.1,178.93,16.99,0.157908,0.587092,0.358842,0.359621,0.098797,0.59325,0.1086,0.12,
0.39,7,8,70,70,70,419,419,5385.87,82.8,409.3,194.22,16.62,0.144327,0.552085,0.367547,0.367837,0.0827,0.60216,0.11,0.12,
0.39,7,9,70,70,70,369,369,5800.41,79.8,357.1,179.51,16.82,0.132222,0.606363,0.359055,0.349255,0.093816,0.59393,0.1094,0.12,
0.4,3,0,70,70,70,242,242,5915.65,79.8,229.2,126.19,16.68,0.239113,0.619195,0.409065,0.402282,0.08983,0.63579,0.1131,0.12,
0.4,3,1,70,70,70,235,235,5453.07,79.8,224.8,131.35,15.61,0.220352,0.569715,0.382044,0.382289,0.074076,0.61514,0.1136,0.12,
0.4,3,2,70,70,70,310,310,5373.71,79.8,300.1,133.3,15.39,0.185975,0.635578,0.401498,0.408375,0.085871,0.62991,0.1148,0.12,
0.4,3,3,70,70,70,257,257,5469.73,79.8,249.3,129.13,15.17,0.248687,0.599261,0.394683,0.381347,0.076177,0.6254,0.115,0.12,
0.4,3,4,70,70,70,273,273,6255.13,79.8,263.1,136.56,16.6,0.154984,0.633938,0.411959,0.424603,0.078341,0.6387,0.1155,0.12,
0.4,3,5,70,70,70,279,279,5378.63,79.8,266.7,138.63,15.37,0.262647,0.719786,0.403725,0.397484,0.084872,0.63207,0.1148,0.12,
0.4,3,6,70,70,70,246,246,5854.1,79.8,235.1,134.22,15.97,0.230963,0.604551,0.401162,0.393007,0.091663,0.62921,0.1138,0.12,
0.4,3,7,70,70,70,303,303,6014.68,79.8,290.1,131.64,15.95,0.239097,0.608361,0.397646,0.400092,0.076979,0.62768,0.1144,0.12,
0.4,3,8,70,70,70,230,230,5385.87,79.8,220.1,135.49,15.4,0.223359,0.795767,0.399488,0.378985,0.087165,0.62874,0.1159,0.12,
0.4,3,9,70,70,70,286,286,5800.41,79.8,275.1,138.61,15.93,0.264167,0.586331,0.394483,0.402341,0.066439,0.62587,0.1155,0.12,
0.4,3.5,0,70,70,70,346,346,5915.65,79.8,335.1,134.5,16.62,0.240903,0.637388,0.403367,0.397076,0.093923,0.63091,0.1121,0.12,
0.4,3.5,1,70,70,70,299,299,5453.07,79.8,288.1,139.54,15.76,0.197605,0.58845,0.388937,0.389556,0.071633,0.62092,0.1146,0.12,
0.4,3.5,2,70,70,70,320,320,5373.71,79.8,310.1,140.66,15.43,0.192371,0.642268,0.401293,0.409197,0.08891,0.62955,0.1143,0.12,
0.4,3.5,3,70,70,70,278,278,5469.73,79.8,265.1,139.97,15.55,0.237502,0.616333,0.395833,0.395419,0.084481,0.6257,0.1148,0.12,
0.4,3.5,4,70,70,70,276,276,6255.13,79.8,266.9,144.46,16.55,0.141803,0.657017,0.407618,0.407216,0.080094,0.63518,0.115,0.12,
0.4,3.5,5,70,70,70,285,285,5378.63,79.8,274.9,146.2,15.42,0.273143,0.754821,0.402819,0.388635,0.085825,0.63137,0.1146,0.12,
0.4,3.5,6,70,70,70,255,255,5854.1,79.8,244.6,140.1,16.03,0.233045,0.649285,0.408487,0.406895,0.100563,0.63437,0.1145,0.12,
0.4,3.5,7,70,70,70,308,308,6014.68,79.8,295.1,138.97,16.07,0.242786,0.592004,0.396901,0.385776,0.07615,0.62717,0.1142,0.12,
0.4,3.5,8,70,70,70,245,245,5385.87,79.8,235.1,144.65,15.48,0.242249,0.837206,0.398556,0.378394,0.093083,0.62757,0.1154,0.12,
0.4,3.5,9,70,70,70,291,291,5800.41,79.8,280.1,146.16,16.09,0.256643,0.567541,0.394889,0.39863,0.073462,0.62568,0.1154,0.12,
0.4,4,0,70,70,70,351,351,5915.65,79.8,340.1,143.49,16.89,0.227926,0.636469,0.400683,0.400934,0.091561,0.62892,0.1116,0.12,
0.4,4,1,70,70,70,306,306,5453.07,79.8,295.1,146.22,15.86,0.193551,0.598339,0.376896,0.387014,0.083227,0.61013,0.1123,0.12,
0.4,4,2,70,70,70,324,324,5373.71,79.8,314.3,146.68,15.65,0.210715,0.640786,0.398806,0.398299,0.085671,0.62788,0.1139,0.12,
0.4,4,3,70,70,70,298,298,5469.73,79.8,290.1,148.42,15.44,0.210394,0.62853,0.39278,0.374145,0.089356,0.62284,0.1142,0.12,
0.4,4,4,70,70,70,355,355,6255.13,79.8,345.1,152.69,16.98,0.152028,0.628777,0.407645,0.41774,0.081247,0.63506,0.1149,0.12,
0.4,4,5,70,70,70,312,312,5378.63,79.8,300.1,159.25,15.87,0.214458,0.778931,0.40471,0.386159,0.104387,0.63145,0.1141,0.12,
0.4,4,6,70,70,70,294,294,5854.1,79.8,281.5,151.77,16.42,0.205066,0.633835,0.398367,0.394374,0.100147,0.62623,0.1126,0.12,
0.4,4,7,70,70,70,308,308,6014.68,79.8,295.1,148.14,16.51,0.246597,0.644347,0.391993,0.391794,0.077968,0.62312,0.1139,0.12,
0.4,4,8,70,70,70,287,287,5385.87,79.8,275.1,158.25,15.9,0.249978,0.686511,0.397066,0.390238,0.082392,0.62697,0.1151,0.12,
0.4,4,9,70,70,70,291,291,5800.41,79.8,280.1,151.67,16.34,0.189554,0.574751,0.387515,0.388648,0.080042,0.61914,0.1142,0.12,
0.4,4.5,0,70,70,70,351,351,5915.65,79.8,340.1,150.1,17.13,0.197544,0.754617,0.39956,0.394462,0.098503,0.62745,0.1111,0.12,
0.4,4.5,1,70,70,70,306,306,5453.07,79.8,295.1,151.78,16.08,0.213204,0.601395,0.368774,0.383626,0.089729,0.6028,0.111,0.12,
0.4,4.5,2,70,70,70,325,325,5373.71,79.8,315.1,155.21,15.77,0.145049,0.705626,0.401494,0.390909,0.093878,0.62924,0.114,0.12,
0.4,4.5,3,70,70,70,303,303,5469.73,79.8,295.1,153.62,15.58,0.195338,0.636954,0.388558,0.374241,0.095944,0.61879,0.1132,0.12,
0.4,4.5,4,70,70,70,355,355,6255.13,79.8,345.7,161.26,17.03,0.164804,0.570012,0.403214,0.413096,0.076798,0.6319,0.114,0.12,
0.4,4.5,5,70,70,70,317,317,5378.63,86.9,305.1,166.54,15.83,0.235897,0.802923,0.40049,0.383363,0.100406,0.62833,0.1137,0.12,
0.4,4.5,6,70,70,70,308,308,5854.1,79.8,295.1,163.16,16.55,0.222411,0.662115,0.402261,0.400356,0.104535,0.62898,0.1128,0.12,
0.4,4.5,7,70,70,70,313,313,6014.68,79.8,300.1,153.28,16.39,0.250553,0.575502,0.387047,0.387186,0.074786,0.61927,0.1135,0.12,
0.4,4.5,8,70,70,70,340,340,5385.87,79.8,330.1,170.13,16.21,0.257455,0.575921,0.392465,0.384293,0.076268,0.62359,0.115,0.12,
0.4,4.5,9,70,70,70,296,296,5800.41,79.8,285.1,156.63,16.31,0.183315,0.597544,0.38584,0.39378,0.081586,0.6176,0.1139,0.12,
0.4,5,0,70,70,70,351,351,5915.65,79.8,340.1,155.89,17.19,0.189606,0.774692,0.401092,0.390603,0.105948,0.62792,0.1109,0.12,
0.4,5,1,70,70,70,307,307,5453.07,79.8,296.1,157.29,16.13,0.185969,0.599913,0.367738,0.36712,0.093827,0.60156,0.1109,0.12,
0.4,5,2,70,70,70,327,327,5373.71,79.8,317.3,164.96,15.95,0.178394,0.67721,0.394504,0.39034,0.100551,0.623,0.1126,0.12,
0.4,5,3,70,70,70,376,376,5469.73,79.8,362.5,165.96,15.72,0.165934,0.646052,0.390137,0.374348,0.09982,0.61958,0.1128,0.12,
0.4,5,4,70,70,70,361,361,6255.13,80.6,351.5,173.69,17.14,0.166636,0.578057,0.39699,0.408472,0.077104,0.62697,0.1132,0.12,
0.4,5,5,70,70,70,317,317,5378.63,89.1,305.1,174.09,16.2,0.226403,0.82583,0.394517,0.378276,0.104213,0.6231,0.1125,0.12,
0.4,5,6,70,70,70,323,323,5854.1,79.8,310.1,172.7,16.86,0.212504,0.687391,0.400142,0.394598,0.109775,0.62685,0.1123,0.12,
0.4,5,7,70,70,70,331,331,6014.68,79.8,320.1,162.4,16.8,0.224565,0.598877,0.377355,0.373097,0.08184,0.61082,0.112,0.12,
0.4,5,8,70,70,70,345,345,5385.87,79.8,335.1,175.28,16.37,0.239084,0.591861,0.393402,0.393638,0.082427,0.62383,0.1149,0.12,
0.4,5,9,70,70,70,296,296,5800.41,79.8,285.1,160.33,16.65,0.15185,0.578263,0.379782,0.38301,0.081409,0.61255,0.1129,0.12,
0.4,5.5,0,70,70,70,351,351,5915.65,79.8,340.1,160.91,17.44,0.18415,0.791048,0.410378,0.407822,0.107243,0.63515,0.1119,0.12,
0.4,5.5,1,70,70,70,311,311,5453.07,79.8,300.1,162.26,16.34,0.174655,0.634065,0.36259,0.365922,0.104126,0.59607,0.1095,0.12,
0.4,5.5,2,70,70,70,379,379,5373.71,79.8,365.1,176.82,16.24,0.174612,0.669079,0.390715,0.382571,0.100409,0.61999,0.1125,0.12,
0.4,5.5,3,70,70,70,379,379,5469.73,79.8,365.1,176.84,16.15,0.182799,0.640655,0.383034,0.383325,0.093551,0.61438,0.1116,0.12,
0.4,5.5,4,70,70,70,378,378,6255.13,93.7,365.1,180.3,17.7,0.177832,0.584468,0.388935,0.389896,0.078805,0.62036,0.1119,0.12,
0.4,5.5,5,70,70,70,317,317,5378.63,88.6,305.1,181.19,16.38,0.242378,0.785187,0.397963,0.376294,0.104837,0.62578,0.1128,0.12,
0.4,5.5,6,70,70,70,338,338,5854.1,79.8,325.1,179.64,17.08,0.208794,0.709947,0.400241,0.387711,0.112934,0.62665,0.1121,0.12,
0.4,5.5,7,70,70,70,331,331,6014.68,79.8,320.1,167.97,16.87,0.221834,0.622297,0.376369,0.36899,0.088911,0.60936,0.1115,0.12,
0.4,5.5,8,70,70,70,349,349,5385.87,79.8,338.6,183.52,16.62,0.189289,0.590236,0.384567,0.382002,0.086566,0.61619,0.1128,0.12,
0.4,5.5,9,70,70,70,357,357,5800.41,79.8,346,167.65,16.9,0.147485,0.584743,0.376009,0.381844,0.080982,0.60944,0.1121,0.12,
0.4,6,0,70,70,70,355,355,5915.65,79.8,345,169.9,17.66,0.188443,0.765461,0.400382,0.403785,0.106016,0.62711,0.1111,0.12,
0.4,6,1,70,70,70,311,311,5453.07,79.8,300.1,165.77,16.61,0.157937,0.624774,0.355919,0.353876,0.104144,0.59022,0.1086,0.12,
0.4,6,2,70,70,70,383,383,5373.71,81.6,369.5,181.81,16.58,0.188025,0.697748,0.389795,0.38597,0.100929,0.61924,0.1118,0.12,
0.4,6,3,70,70,70,379,379,5469.73,79.8,365.1,180.18,16.37,0.192144,0.640738,0.381401,0.384166,0.093863,0.613,0.1112,0.12,
0.4,6,4,70,70,70,385,385,6255.13,79.8,375.1,185.93,17.46,0.177327,0.563041,0.381579,0.374155,0.079908,0.61423,0.1109,0.12,
0.4,6,5,70,70,70,335,335,5378.63,89.2,325.1,190.84,16.45,0.238378,0.790743,0.392501,0.377142,0.110795,0.62073,0.1121,0.12,
0.4,6,6,70,70,70,338,338,5854.1,79.8,325.1,182.48,17.03,0.19428,0.640449,0.395973,0.389524,0.105964,0.62369,0.112,0.12,
0.4,6,7,70,70,70,331,331,6014.68,79.8,320.7,171.05,16.8,0.207856,0.642338,0.375228,0.363599,0.09439,0.60789,0.1112,0.12,
0.4,6,8,70,70,70,367,367,5385.87,79.8,357,188.11,16.54,0.201009,0.622569,0.393467,0.38452,0.085145,0.62358,0.1136,0.12,
0.4,6,9,70,70,70,361,361,5800.41,79.8,349.9,170.53,16.84,0.138196,0.598166,0.376071,0.377477,0.081157,0.60944,0.1121,0.12,
0.4,6.5,0,70,70,70,356,356,5915.65,79.8,345.1,177.21,17.59,0.189078,0.794011,0.390291,0.379686,0.106822,0.61907,0.1096,0.12,
0.4,6.5,1,70,70,70,378,378,5453.07,79.8,368.7,173.03,16.62,0.169145,0.607413,0.356312,0.345496,0.109723,0.58995,0.1083,0.12,
0.4,6.5,2,70,70,70,398,398,5373.71,86.1,385.1,194.92,16.7,0.188754,0.75576,0.381231,0.367614,0.108424,0.61147,0.1106,0.12,
0.4,6.5,3,70,70,70,379,379,5469.73,79.8,365.1,187.52,16.4,0.205309,0.657144,0.372067,0.371173,0.098233,0.60486,0.1098,0.12,
0.4,6.5,4,70,70,70,390,390,6255.13,80.1,380.1,194.45,17.36,0.184797,0.528843,0.373323,0.365394,0.08397,0.60703,0.1092,0.12,
0.4,6.5,5,70,70,70,340,340,5378.63,94.8,330.1,199.25,16.18,0.223381,0.745412,0.381097,0.35408,0.116088,0.61074,0.1109,0.12,
0.4,6.5,6,70,70,70,364,364,5854.1,79.8,350.1,190.14,16.66,0.218764,0.647239,0.393764,0.382127,0.101527,0.62241,0.1119,0.12,
0.4,6.5,7,70,70,70,336,336,6014.68,79.8,325.1,177,16.55,0.186041,0.622038,0.365207,0.354406,0.094935,0.59932,0.1097,0.12,
0.4,6.5,8,70,70,70,415,415,5385.87,79.8,405.5,195.28,16.32,0.152068,0.599265,0.381237,0.378305,0.08597,0.61334,0.1119,0.12,
0.4,6.5,9,70,70,70,370,370,5800.41,80.1,358.2,177.96,16.54,0.136466,0.617517,0.36851,0.365574,0.086767,0.60266,0.111,0.12,
0.4,7,0,70,70,70,356,356,5915.65,79.8,345.1,182.4,17.25,0.179881,0.809814,0.380384,0.376271,0.107906,0.61079,0.1086,0.12,
0.4,7,1,70,70,70,381,381,5453.07,84.6,371.9,181.69,16.28,0.169621,0.65232,0.351264,0.337657,0.107938,0.58584,0.1074,0.12,
0.4,7,2,70,70,70,402,402,5373.71,89.5,389.3,199.26,16.34,0.191411,0.769056,0.375318,0.366221,0.107996,0.60653,0.1097,0.12,
0.4,7,3,70,70,70,384,384,5469.73,79.8,370.1,189.16,16.07,0.17548,0.687575,0.371193,0.364261,0.105057,0.60349,0.1093,0.12,
0.4,7,4,70,70,70,390,390,6255.13,80.8,380.1,201.47,13.19,0.196102,0.563455,0.3731,0.374435,0.086624,0.6066,0.1091,0.12,
0.4,7,5,70,70,70,379,379,5378.63,97.6,367.8,203.69,12.26,0.215028,0.671429,0.379551,0.356124,0.118821,0.60896,0.1106,0.12,
0.4,7,6,70,70,70,434,434,5854.1,79.8,421.9,204.64,12.65,0.20018,0.653667,0.388849,0.369625,0.104814,0.61809,0.1109,0.12,
0.4,7,7,70,70,70,337,337,6014.68,79.8,325.1,182.48,12.4,0.161168,0.608256,0.363511,0.366033,0.099049,0.59716,0.1094,0.12,
0.4,7,8,70,70,70,420,420,5385.87,83.2,410.1,198.44,12.1,0.149265,0.566339,0.374171,0.372067,0.084792,0.60756,0.111,0.12,
0.4,7,9,70,70,70,435,435,5800.41,80.1,423.8,184.88,12.31,0.13697,0.634104,0.362638,0.35854,0.096784,0.59663,0.1099,0.12,
