I_U,T_INT,seed,nodes_measured,n_targets,total_assignments,sim_elapsed_s,total_survey_time_s,fleet_distance_m,conv_time_min_s,conv_time_max_s,conv_time_mean_s,wall_time_s,var_Ubar_min,var_Ubar_max,var_Ubar_mean,var_Ubar_median,var_Ubar_std,sigma_Ubar_mean,ci_rel_mean,ci_rel_max,error
0.25,3,0,70,70,70,187,187,5915.65,79.8,175.1,106.52,19.64,0.129226,0.313997,0.232721,0.233552,0.036569,0.48089,0.0865,0.09,
0.25,3,1,70,70,70,187,187,5453.07,79.8,177.2,107.27,18.59,0.128416,0.277139,0.227749,0.227828,0.027768,0.4763,0.0876,0.09,
0.25,3,2,70,70,70,205,205,5373.71,79.8,195.1,104.44,18.26,0.096594,0.312278,0.225691,0.229426,0.041906,0.47288,0.0864,0.09,
0.25,3,3,70,70,70,198,198,5469.73,79.8,185.1,107.26,18.48,0.132961,0.300911,0.230632,0.226966,0.032663,0.47903,0.0878,0.09,
0.25,3,4,70,70,70,213,213,6255.13,79.8,200.1,111.7,19.57,0.142655,0.317021,0.232254,0.232978,0.032603,0.48072,0.0876,0.09,
0.25,3,5,70,70,70,256,256,5378.63,79.8,245.1,111.32,18.24,0.162596,0.346832,0.232802,0.231581,0.034014,0.48128,0.088,0.09,
0.25,3,6,70,70,70,221,221,5854.1,79.8,210.1,110.48,18.96,0.129954,0.310743,0.229122,0.225159,0.041885,0.47661,0.0869,0.09,
0.25,3,7,70,70,70,198,198,6014.68,79.8,185.4,106.98,18.97,0.114992,0.315827,0.228904,0.233979,0.03706,0.47673,0.0868,0.09,
0.25,3,8,70,70,70,203,203,5385.87,79.8,196.1,114.42,18.25,0.167185,0.350252,0.232077,0.2279,0.032591,0.48064,0.0883,0.09,
0.25,3,9,70,70,70,195,195,5800.41,79.8,185.1,111.28,18.9,0.148194,0.294517,0.225016,0.227576,0.026574,0.47351,0.0874,0.09,
0.25,3.5,0,70,70,70,192,192,5915.65,79.8,180.9,109.75,15.89,0.130888,0.316651,0.231804,0.231194,0.036872,0.4799,0.0862,0.09,
0.25,3.5,1,70,70,70,190,190,5453.07,79.8,180.1,112.11,14.96,0.135589,0.287589,0.228377,0.229612,0.030842,0.47676,0.0876,0.09,
0.25,3.5,2,70,70,70,216,216,5373.71,79.8,205.1,112,14.7,0.099317,0.318221,0.224815,0.229691,0.043197,0.4718,0.0862,0.09,
0.25,3.5,3,70,70,70,203,203,5469.73,79.8,190.1,111.31,14.75,0.142173,0.303532,0.230995,0.227621,0.032456,0.47942,0.0878,0.09,
0.25,3.5,4,70,70,70,218,218,6255.13,79.8,205.1,117.27,15.78,0.153345,0.32064,0.232947,0.237564,0.032264,0.48147,0.0879,0.09,
0.25,3.5,5,70,70,70,261,261,5378.63,79.8,250.1,117.02,14.62,0.167127,0.343612,0.229706,0.228301,0.034847,0.47793,0.0874,0.09,
0.25,3.5,6,70,70,70,226,226,5854.1,79.8,215.1,115.51,15.24,0.133533,0.322356,0.228791,0.229633,0.042476,0.47624,0.0867,0.09,
0.25,3.5,7,70,70,70,209,209,6014.68,79.8,196.7,112.41,15.19,0.11451,0.321972,0.228545,0.232711,0.037808,0.47631,0.0868,0.09,
0.25,3.5,8,70,70,70,210,210,5385.87,79.8,200.4,118.97,14.53,0.160934,0.377115,0.230848,0.225495,0.03628,0.47912,0.0881,0.09,
0.25,3.5,9,70,70,70,200,200,5800.41,79.8,190.3,115.24,14.83,0.140396,0.292867,0.226081,0.228925,0.028592,0.4745,0.0876,0.09,
0.25,4,0,70,70,70,197,197,5915.65,79.8,185.1,112.69,15.16,0.132729,0.349096,0.233132,0.232558,0.039886,0.48107,0.0863,0.09,
0.25,4,1,70,70,70,202,202,5453.07,79.8,190.1,115.79,14.23,0.128959,0.290421,0.227054,0.229956,0.032075,0.47525,0.0873,0.09,
0.25,4,2,70,70,70,221,221,5373.71,79.8,210.1,117.08,13.99,0.102646,0.32459,0.224918,0.225131,0.042373,0.47205,0.0862,0.09,
0.25,4,3,70,70,70,221,221,5469.73,79.8,210.1,116.57,14.1,0.149826,0.307612,0.2322,0.226527,0.032823,0.48069,0.0878,0.09,
0.25,4,4,70,70,70,223,223,6255.13,79.8,210.1,120.62,15.05,0.150991,0.326286,0.233682,0.240923,0.033633,0.48213,0.0877,0.09,
0.25,4,5,70,70,70,264,264,5378.63,79.8,253.7,122.83,14.11,0.163956,0.358138,0.232805,0.229695,0.03433,0.48124,0.0877,0.09,
0.25,4,6,70,70,70,238,238,5854.1,79.8,225.1,118.83,14.67,0.137093,0.322367,0.229042,0.226858,0.044444,0.47633,0.0866,0.09,
0.25,4,7,70,70,70,227,227,6014.68,79.8,214.3,117.52,14.64,0.114872,0.327876,0.227967,0.228913,0.040989,0.47543,0.0867,0.09,
0.25,4,8,70,70,70,215,215,5385.87,79.8,205.5,123.03,14.08,0.153636,0.374403,0.230043,0.22276,0.037499,0.47816,0.0879,0.09,
0.25,4,9,70,70,70,210,210,5800.41,79.8,198.5,119.66,14.39,0.145021,0.292915,0.227294,0.227895,0.028984,0.47576,0.0879,0.09,
0.25,4.5,0,70,70,70,202,202,5915.65,79.8,190.5,115.95,15.23,0.134806,0.351578,0.23253,0.230003,0.043028,0.48016,0.0861,0.09,
0.25,4.5,1,70,70,70,205,205,5453.07,79.8,193.2,119.06,14.1,0.125548,0.296539,0.225983,0.230859,0.033367,0.47399,0.0871,0.09,
0.25,4.5,2,70,70,70,233,233,5373.71,79.8,223.2,122.38,14.01,0.106362,0.329704,0.226441,0.227637,0.043533,0.47358,0.0864,0.09,
0.25,4.5,3,70,70,70,239,239,5469.73,79.8,228.2,120.74,14.12,0.156197,0.311662,0.230127,0.230659,0.034493,0.47839,0.0875,0.09,
0.25,4.5,4,70,70,70,223,223,6255.13,79.8,210.1,125.35,15.07,0.153392,0.330908,0.231961,0.238085,0.035116,0.48021,0.0874,0.09,
0.25,4.5,5,70,70,70,266,266,5378.63,79.8,255.1,126.25,14.02,0.155263,0.366642,0.231441,0.229969,0.037576,0.47954,0.0875,0.09,
0.25,4.5,6,70,70,70,243,243,5854.1,79.8,230.1,122.52,14.43,0.140619,0.322874,0.230716,0.230772,0.045157,0.47802,0.0868,0.09,
0.25,4.5,7,70,70,70,293,293,6014.68,79.8,280.1,123.36,14.62,0.115811,0.332102,0.227106,0.224307,0.040475,0.47461,0.0866,0.09,
0.25,4.5,8,70,70,70,224,224,5385.87,79.8,215.1,129.77,14.13,0.147352,0.345713,0.225949,0.219949,0.035264,0.47397,0.0876,0.09,
0.25,4.5,9,70,70,70,246,246,5800.41,79.8,235.1,123.1,14.37,0.147367,0.293972,0.226234,0.228956,0.028519,0.47468,0.0879,0.09,
0.25,5,0,70,70,70,207,207,5915.65,79.8,195.1,117.91,15.27,0.139806,0.356359,0.23164,0.230093,0.044633,0.47907,0.0857,0.09,
0.25,5,1,70,70,70,240,240,5453.07,79.8,230.1,124.77,14.4,0.108625,0.311905,0.221954,0.225813,0.036134,0.46945,0.0863,0.09,
0.25,5,2,70,70,70,251,251,5373.71,79.8,240.1,127,14.18,0.110259,0.33647,0.227687,0.230172,0.046703,0.4746,0.0864,0.09,
0.25,5,3,70,70,70,241,241,5469.73,79.8,230.9,125.82,14.18,0.122629,0.309548,0.22276,0.224168,0.03853,0.4702,0.0862,0.09,
0.25,5,4,70,70,70,228,228,6255.13,79.8,215.1,128.59,15.41,0.093286,0.336384,0.230187,0.236954,0.039321,0.47788,0.0869,0.09,
0.25,5,5,70,70,70,273,273,5378.63,79.8,260.1,130.87,14.2,0.14774,0.372988,0.228659,0.225707,0.041181,0.47632,0.0869,0.09,
0.25,5,6,70,70,70,243,243,5854.1,79.8,230.1,126.39,14.56,0.144077,0.32671,0.232363,0.230999,0.045963,0.47968,0.0869,0.09,
0.25,5,7,70,70,70,294,294,6014.68,79.8,281.5,127.33,14.73,0.117196,0.325131,0.225923,0.221802,0.039658,0.47342,0.0864,0.09,
0.25,5,8,70,70,70,230,230,5385.87,79.8,219.7,134.71,14.08,0.136996,0.352981,0.225462,0.21897,0.037064,0.47332,0.0872,0.09,
0.25,5,9,70,70,70,246,246,5800.41,79.8,235.1,129.48,14.53,0.138052,0.295348,0.224239,0.228004,0.032719,0.47224,0.087,0.09,
0.25,5.5,0,70,70,70,227,227,5915.65,79.8,215.9,122.07,15.46,0.133411,0.350474,0.225927,0.228768,0.048612,0.47253,0.0844,0.09,
0.25,5.5,1,70,70,70,245,245,5453.07,79.8,235.1,127.81,14.41,0.096533,0.31663,0.219151,0.221934,0.037184,0.46633,0.0857,0.09,
0.25,5.5,2,70,70,70,256,256,5373.71,79.8,245.1,132.48,14.34,0.114034,0.344029,0.224402,0.226162,0.046062,0.47122,0.0857,0.09,
0.25,5.5,3,70,70,70,246,246,5469.73,79.8,235.1,129.39,14.33,0.115807,0.309857,0.219893,0.217756,0.039831,0.46698,0.0857,0.09,
0.25,5.5,4,70,70,70,275,275,6255.13,79.8,265.1,134.91,15.4,0.104872,0.341097,0.228035,0.230504,0.039597,0.47566,0.0867,0.09,
0.25,5.5,5,70,70,70,276,276,5378.63,79.8,265.1,136.36,14.28,0.148284,0.38017,0.226581,0.221118,0.043009,0.47398,0.0862,0.09,
0.25,5.5,6,70,70,70,249,249,5854.1,79.8,236.5,131.01,14.66,0.122319,0.332599,0.224047,0.227789,0.046863,0.47073,0.0853,0.09,
0.25,5.5,7,70,70,70,303,303,6014.68,79.8,290.1,130.7,14.84,0.118944,0.307825,0.220619,0.225148,0.03944,0.46778,0.0855,0.09,
0.25,5.5,8,70,70,70,231,231,5385.87,79.8,220.1,140.09,14.21,0.144148,0.306556,0.220071,0.215631,0.034741,0.46768,0.0864,0.09,
0.25,5.5,9,70,70,70,246,246,5800.41,79.8,235.1,132.66,14.57,0.133616,0.303528,0.219925,0.224073,0.035189,0.46742,0.0861,0.09,
0.25,6,0,70,70,70,343,343,5915.65,79.8,332.3,130.04,15.54,0.113907,0.358008,0.22327,0.22138,0.050261,0.46945,0.0839,0.09,
0.25,6,1,70,70,70,245,245,5453.07,79.8,235.1,130.42,14.31,0.096003,0.308572,0.213916,0.214739,0.038815,0.4605,0.0847,0.09,
0.25,6,2,70,70,70,271,271,5373.71,79.8,260.1,136.67,14.28,0.117456,0.345486,0.218505,0.219797,0.043527,0.46517,0.0846,0.09,
0.25,6,3,70,70,70,246,246,5469.73,79.8,236.7,129.92,14.38,0.113037,0.33621,0.219854,0.21417,0.042348,0.46674,0.0853,0.09,
0.25,6,4,70,70,70,275,275,6255.13,79.8,265.1,138.08,15.43,0.113543,0.345502,0.224265,0.228283,0.039696,0.47165,0.0861,0.09,
0.25,6,5,70,70,70,295,295,5378.63,79.8,284.4,141.33,14.33,0.111782,0.384914,0.223338,0.21894,0.048205,0.46993,0.0856,0.09,
0.25,6,6,70,70,70,253,253,5854.1,79.8,240.9,133.02,14.62,0.128689,0.340097,0.222696,0.223825,0.048674,0.4691,0.085,0.09,
0.25,6,7,70,70,70,303,303,6014.68,79.8,290.1,134.21,14.86,0.120924,0.332711,0.221505,0.223485,0.042906,0.46844,0.0857,0.09,
0.25,6,8,70,70,70,246,246,5385.87,79.8,234.8,145.24,14.29,0.141915,0.309714,0.221071,0.214729,0.036115,0.46866,0.0864,0.09,
0.25,6,9,70,70,70,249,249,5800.41,79.8,238.4,137.07,14.63,0.137776,0.307214,0.216627,0.220278,0.037587,0.46362,0.0855,0.09,
0.25,6.5,0,70,70,70,346,346,5915.65,79.8,335.1,132.52,15.69,0.111472,0.36442,0.22598,0.226967,0.05155,0.47218,0.0841,0.09,
0.25,6.5,1,70,70,70,245,245,5453.07,79.8,235.1,132.52,14.52,0.093127,0.321228,0.211656,0.212026,0.04173,0.45774,0.0842,0.09,
0.25,6.5,2,70,70,70,276,276,5373.71,79.8,265.1,137.72,14.45,0.120573,0.333618,0.221036,0.223068,0.042728,0.46794,0.0853,0.09,
0.25,6.5,3,70,70,70,299,299,5469.73,79.8,286.7,134.71,14.55,0.106364,0.336323,0.217326,0.209859,0.046402,0.46354,0.0848,0.09,
0.25,6.5,4,70,70,70,275,275,6255.13,79.8,265.1,140.82,15.46,0.122934,0.35008,0.223444,0.228314,0.038274,0.47094,0.0859,0.09,
0.25,6.5,5,70,70,70,299,299,5378.63,79.8,288.5,144.44,14.46,0.121011,0.386338,0.22189,0.220864,0.047492,0.46844,0.0853,0.09,
0.25,6.5,6,70,70,70,297,297,5854.1,79.8,284.4,133.89,14.88,0.136978,0.347143,0.220661,0.2177,0.049873,0.46679,0.0846,0.09,
0.25,6.5,7,70,70,70,303,303,6014.68,79.8,290.1,137.82,14.97,0.123099,0.333334,0.220642,0.218278,0.041805,0.46765,0.0856,0.09,
0.25,6.5,8,70,70,70,252,252,5385.87,79.8,240.1,147.58,14.49,0.133765,0.315482,0.218218,0.213744,0.037131,0.46546,0.0858,0.09,
0.25,6.5,9,70,70,70,251,251,5800.41,79.8,240.1,139.1,14.83,0.135326,0.295922,0.216124,0.219176,0.035702,0.46324,0.0856,0.09,
0.25,7,0,70,70,70,346,346,5915.65,79.8,335.1,136.82,15.96,0.112309,0.369961,0.224691,0.221332,0.052177,0.47072,0.0841,0.09,
0.25,7,1,70,70,70,250,250,5453.07,79.8,240.1,134.58,14.69,0.092052,0.3212,0.207207,0.206235,0.044001,0.45256,0.0833,0.09,
0.25,7,2,70,70,70,298,298,5373.71,79.8,288.7,141.74,14.71,0.123429,0.337385,0.221456,0.224543,0.045384,0.46807,0.0853,0.09,
0.25,7,3,70,70,70,333,333,5469.73,79.8,320.1,142.92,14.7,0.096273,0.330395,0.213636,0.207136,0.049086,0.45917,0.0838,0.09,
0.25,7,4,70,70,70,275,275,6255.13,79.8,265.1,143.06,15.7,0.112574,0.354501,0.220282,0.225464,0.039516,0.46741,0.0852,0.09,
0.25,7,5,70,70,70,305,305,5378.63,79.8,294.5,147.83,14.69,0.133841,0.386415,0.218727,0.218677,0.04926,0.46487,0.0846,0.09,
0.25,7,6,70,70,70,302,302,5854.1,79.8,289.1,143.22,15.17,0.108905,0.350784,0.216063,0.216429,0.052645,0.46133,0.0834,0.09,
0.25,7,7,70,70,70,304,304,6014.68,79.8,291.8,141.65,15.15,0.125582,0.321768,0.217458,0.21374,0.040162,0.46436,0.0852,0.09,
0.25,7,8,70,70,70,286,286,5385.87,79.8,275.1,150.2,14.63,0.134283,0.366449,0.216208,0.210232,0.039795,0.4631,0.0852,0.09,
0.25,7,9,70,70,70,291,291,5800.41,79.8,280.1,145.23,15,0.115367,0.301753,0.211396,0.213837,0.038146,0.45781,0.0846,0.09,
0.26,3,0,70,70,70,192,192,5915.65,79.8,180.1,109.81,15.4,0.135072,0.316177,0.233863,0.230966,0.035169,0.48221,0.0867,0.09,
0.26,3,1,70,70,70,190,190,5453.07,79.8,180.1,112.09,14.35,0.133742,0.28478,0.230199,0.235271,0.028008,0.47887,0.0879,0.09,
0.26,3,2,70,70,70,216,216,5373.71,79.8,205.1,110.93,14.06,0.100618,0.317829,0.227167,0.231629,0.041815,0.47445,0.0866,0.09,
0.26,3,3,70,70,70,202,202,5469.73,79.8,189.5,110.97,14.22,0.138375,0.307196,0.233427,0.229612,0.030598,0.48209,0.0883,0.09,
0.26,3,4,70,70,70,216,216,6255.13,79.8,203.8,117.76,15.35,0.149136,0.316754,0.235403,0.240761,0.032226,0.48403,0.0881,0.09,
0.26,3,5,70,70,70,258,258,5378.63,79.8,247.4,119.57,14.2,0.172726,0.364136,0.235569,0.231552,0.034768,0.48412,0.0882,0.09,
0.26,3,6,70,70,70,226,226,5854.1,79.8,215.1,114.58,14.63,0.134968,0.321019,0.229753,0.228015,0.042069,0.47729,0.087,0.09,
0.26,3,7,70,70,70,203,203,6014.68,79.8,190.1,111.34,14.53,0.12209,0.308822,0.231585,0.234058,0.036884,0.4796,0.0872,0.09,
0.26,3,8,70,70,70,210,210,5385.87,79.8,200.3,118.63,14.06,0.172158,0.373025,0.233498,0.229252,0.034122,0.48203,0.0886,0.09,
0.26,3,9,70,70,70,210,210,5800.41,79.8,196.7,114.81,14.54,0.156485,0.297417,0.228862,0.233437,0.026246,0.47759,0.088,0.09,
0.26,3.5,0,70,70,70,197,197,5915.65,79.8,185.1,114.25,15.51,0.136833,0.321441,0.234237,0.232667,0.036755,0.48247,0.0866,0.09,
0.26,3.5,1,70,70,70,203,203,5453.07,79.8,191.6,117.1,14.48,0.141145,0.291608,0.229317,0.231343,0.031112,0.47773,0.0877,0.09,
0.26,3.5,2,70,70,70,221,221,5373.71,79.8,210.1,117.59,14.25,0.103431,0.324601,0.225231,0.229001,0.040552,0.47253,0.0863,0.09,
0.26,3.5,3,70,70,70,221,221,5469.73,79.8,210.1,118,14.34,0.148092,0.312727,0.233461,0.232098,0.031922,0.48205,0.0882,0.09,
0.26,3.5,4,70,70,70,221,221,6255.13,79.8,208.4,124.82,15.39,0.16052,0.320277,0.234329,0.23877,0.031499,0.48297,0.0879,0.09,
0.26,3.5,5,70,70,70,261,261,5378.63,79.8,251,125.77,14.23,0.170221,0.355261,0.231528,0.230224,0.033222,0.47998,0.0876,0.09,
0.26,3.5,6,70,70,70,238,238,5854.1,79.8,225.1,120.39,14.7,0.138658,0.327235,0.230344,0.231073,0.043736,0.47777,0.0869,0.09,
0.26,3.5,7,70,70,70,227,227,6014.68,79.8,214.3,117.98,14.64,0.1214,0.314541,0.230617,0.229228,0.037583,0.47855,0.0872,0.09,
0.26,3.5,8,70,70,70,216,216,5385.87,79.8,206.9,124.95,14.22,0.164996,0.345028,0.231763,0.227723,0.033659,0.48022,0.0884,0.09,
0.26,3.5,9,70,70,70,217,217,5800.41,79.8,205.1,121.4,14.53,0.146955,0.299855,0.228562,0.230752,0.028622,0.47713,0.088,0.09,
0.26,4,0,70,70,70,203,203,5915.65,79.8,191.2,116.56,15.55,0.13874,0.340746,0.235249,0.238776,0.039601,0.48331,0.0865,0.09,
0.26,4,1,70,70,70,207,207,5453.07,79.8,195.1,120.71,14.54,0.130818,0.295836,0.227369,0.230709,0.032772,0.47554,0.0874,0.09,
0.26,4,2,70,70,70,235,235,5373.71,79.8,225.1,122.46,14.28,0.10694,0.33284,0.230142,0.232463,0.041633,0.47769,0.087,0.09,
0.26,4,3,70,70,70,240,240,5469.73,79.8,229.8,122.04,14.41,0.152647,0.318452,0.233139,0.230683,0.033475,0.48162,0.0882,0.09,
0.26,4,4,70,70,70,270,270,6255.13,79.8,260.1,129.12,15.5,0.158945,0.32484,0.234433,0.24182,0.034249,0.48286,0.0879,0.09,
0.26,4,5,70,70,70,266,266,5378.63,79.8,255.1,128.86,14.35,0.171366,0.363746,0.234012,0.232314,0.035648,0.4824,0.0878,0.09,
0.26,4,6,70,70,70,238,238,5854.1,79.8,225.9,124.6,14.91,0.142381,0.328035,0.232674,0.231433,0.044132,0.4802,0.0872,0.09,
0.26,4,7,70,70,70,293,293,6014.68,79.8,280.1,125.04,14.88,0.12158,0.319732,0.229287,0.228275,0.039639,0.47699,0.0871,0.09,
0.26,4,8,70,70,70,224,224,5385.87,79.8,215.1,130.33,14.41,0.16098,0.357651,0.228573,0.22672,0.035255,0.47676,0.0879,0.09,
0.26,4,9,70,70,70,246,246,5800.41,79.8,235.1,125.59,14.84,0.151949,0.300529,0.229887,0.230597,0.030597,0.47839,0.0884,0.09,
0.26,4.5,0,70,70,70,230,230,5915.65,79.8,218.1,121.82,16.14,0.140826,0.353022,0.233124,0.232504,0.044558,0.48067,0.086,0.09,
0.26,4.5,1,70,70,70,221,221,5453.07,79.8,211,124.82,15.07,0.128404,0.306576,0.227933,0.231176,0.03493,0.47595,0.0873,0.09,
0.26,4.5,2,70,70,70,252,252,5373.71,79.8,241.2,128.99,14.93,0.111209,0.340457,0.228442,0.229582,0.043649,0.47573,0.0867,0.09,
0.26,4.5,3,70,70,70,245,245,5469.73,79.8,234.6,126.09,14.98,0.134013,0.325343,0.227962,0.226274,0.036556,0.47595,0.0872,0.09,
0.26,4.5,4,70,70,70,275,275,6255.13,79.8,265.1,133.15,16.25,0.091238,0.329353,0.231832,0.231964,0.038579,0.47968,0.0873,0.09,
0.26,4.5,5,70,70,70,273,273,5378.63,79.8,260.1,132.84,14.97,0.162018,0.371669,0.232684,0.229906,0.037331,0.4809,0.0876,0.09,
0.26,4.5,6,70,70,70,243,243,5854.1,79.8,230.1,129.25,15.44,0.146013,0.333504,0.23193,0.230197,0.045011,0.47934,0.0869,0.09,
0.26,4.5,7,70,70,70,298,298,6014.68,79.8,285.1,129.07,15.44,0.122366,0.324781,0.227315,0.226892,0.037549,0.47511,0.0867,0.09,
0.26,4.5,8,70,70,70,231,231,5385.87,79.8,220.1,135.43,14.96,0.152908,0.365703,0.228314,0.219015,0.036273,0.47643,0.088,0.09,
0.26,4.5,9,70,70,70,246,246,5800.41,79.8,235.1,131.76,15.48,0.147879,0.296685,0.229371,0.231297,0.030718,0.47783,0.088,0.09,
0.26,5,0,70,70,70,346,346,5915.65,79.8,335.1,128.7,16.76,0.144971,0.36168,0.230021,0.227774,0.044472,0.47738,0.0853,0.09,
0.26,5,1,70,70,70,245,245,5453.07,79.8,235.1,129.05,15.41,0.108817,0.309659,0.223401,0.22802,0.034261,0.47115,0.0866,0.09,
0.26,5,2,70,70,70,261,261,5373.71,79.8,250.6,132.89,15.24,0.115542,0.342109,0.227169,0.227918,0.04425,0.47435,0.0865,0.09,
0.26,5,3,70,70,70,246,246,5469.73,79.8,235.1,130.26,15.4,0.126025,0.326951,0.224819,0.223292,0.040533,0.47224,0.0866,0.09,
0.26,5,4,70,70,70,275,275,6255.13,79.8,265.1,135.22,16.48,0.096022,0.33476,0.232228,0.232376,0.038318,0.48014,0.0875,0.09,
0.26,5,5,70,70,70,278,278,5378.63,79.8,265.4,139.81,15.33,0.155728,0.378709,0.232369,0.229763,0.041913,0.48018,0.0873,0.09,
0.26,5,6,70,70,70,243,243,5854.1,79.8,230.1,135.1,15.86,0.130212,0.327453,0.22918,0.232776,0.044449,0.47645,0.0863,0.09,
0.26,5,7,70,70,70,303,303,6014.68,79.8,290.1,133.06,15.96,0.123676,0.320356,0.224062,0.226348,0.037668,0.47165,0.0861,0.09,
0.26,5,8,70,70,70,231,231,5385.87,79.8,221.7,139.99,15.25,0.158011,0.372302,0.226439,0.217629,0.036499,0.47442,0.0875,0.09,
0.26,5,9,70,70,70,248,248,5800.41,79.8,237.1,136.48,15.77,0.142925,0.304439,0.226547,0.227825,0.034002,0.47462,0.0874,0.09,
0.26,5.5,0,70,70,70,346,346,5915.65,79.8,335.1,132.73,17.15,0.120192,0.367172,0.226509,0.2266,0.047323,0.4733,0.0845,0.09,
0.26,5.5,1,70,70,70,245,245,5453.07,79.8,235.1,132.8,15.94,0.099767,0.31502,0.220742,0.221783,0.037706,0.46802,0.0859,0.09,
0.26,5.5,2,70,70,70,305,305,5373.71,79.8,295.2,138.84,15.75,0.11948,0.335288,0.2265,0.228383,0.041922,0.47387,0.0861,0.09,
0.26,5.5,3,70,70,70,285,285,5469.73,79.8,272.2,134.52,15.8,0.118639,0.327427,0.223899,0.222441,0.039209,0.47137,0.0864,0.09,
0.26,5.5,4,70,70,70,275,275,6255.13,79.8,265.1,140.73,16.86,0.110932,0.339941,0.228709,0.233129,0.039403,0.47638,0.0868,0.09,
0.26,5.5,5,70,70,70,293,293,5378.63,79.8,282.6,145.21,15.66,0.152911,0.385323,0.229488,0.228403,0.045788,0.47682,0.0866,0.09,
0.26,5.5,6,70,70,70,251,251,5854.1,79.8,238.5,137.77,16.21,0.12992,0.331279,0.226539,0.226781,0.045411,0.47356,0.0858,0.09,
0.26,5.5,7,70,70,70,308,308,6014.68,79.8,295.1,135.68,16.29,0.125304,0.325041,0.222921,0.224032,0.038791,0.47034,0.0858,0.09,
0.26,5.5,8,70,70,70,252,252,5385.87,79.8,240.1,147.34,15.79,0.151143,0.323782,0.224444,0.219755,0.036221,0.47225,0.087,0.09,
0.26,5.5,9,70,70,70,251,251,5800.41,79.8,240.1,140.76,16.19,0.140135,0.30063,0.221641,0.22239,0.036781,0.46914,0.0864,0.09,
0.26,6,0,70,70,70,346,346,5915.65,79.8,335.1,135.67,17.54,0.118398,0.371585,0.225808,0.224762,0.048836,0.47239,0.0843,0.09,
0.26,6,1,70,70,70,247,247,5453.07,79.8,237.9,137.62,16.14,0.098292,0.31098,0.213096,0.209146,0.041512,0.45938,0.0844,0.09,
0.26,6,2,70,70,70,309,309,5373.71,79.8,299.1,142.2,16.09,0.123036,0.337512,0.221536,0.220587,0.040528,0.46875,0.0852,0.09,
0.26,6,3,70,70,70,296,296,5469.73,79.8,283.3,137.63,15.97,0.116691,0.327141,0.219449,0.215198,0.042409,0.4663,0.0854,0.09,
0.26,6,4,70,70,70,280,280,6255.13,79.8,270.1,143.86,17.12,0.131559,0.344575,0.226584,0.230041,0.037716,0.47434,0.0864,0.09,
0.26,6,5,70,70,70,297,297,5378.63,79.8,286.1,150.15,16.05,0.129493,0.391875,0.225033,0.22118,0.048837,0.47174,0.0857,0.09,
0.26,6,6,70,70,70,288,288,5854.1,79.8,275.8,142.56,16.54,0.10299,0.334286,0.22626,0.230664,0.049659,0.4727,0.0854,0.09,
0.26,6,7,70,70,70,308,308,6014.68,79.8,295.1,140.36,16.61,0.127222,0.338235,0.222048,0.218434,0.041482,0.46918,0.0858,0.09,
0.26,6,8,70,70,70,256,256,5385.87,79.8,246.2,150.14,16,0.144305,0.333139,0.22241,0.216382,0.039083,0.46986,0.0866,0.09,
0.26,6,9,70,70,70,291,291,5800.41,79.8,280.1,145.29,16.48,0.144567,0.298763,0.218125,0.221508,0.037595,0.46528,0.0858,0.09,
0.26,6.5,0,70,70,70,346,346,5915.65,79.8,335.1,139.53,17.79,0.116278,0.376852,0.22733,0.224867,0.05221,0.47359,0.0844,0.09,
0.26,6.5,1,70,70,70,250,250,5453.07,79.8,240.1,139.32,16.37,0.096386,0.307309,0.213249,0.211299,0.042177,0.45947,0.0844,0.09,
0.26,6.5,2,70,70,70,310,310,5373.71,79.8,300.1,144.62,16.28,0.126235,0.339475,0.224263,0.229077,0.043501,0.47133,0.0857,0.09,
0.26,6.5,3,70,70,70,301,301,5469.73,79.8,288.6,141.91,16.3,0.100357,0.326284,0.216803,0.213271,0.045445,0.46305,0.0849,0.09,
0.26,6.5,4,70,70,70,283,283,6255.13,79.8,273.6,145.24,17.43,0.126013,0.348859,0.225459,0.227315,0.037572,0.47316,0.0862,0.09,
0.26,6.5,5,70,70,70,302,302,5378.63,79.8,291.8,152.5,16.27,0.126069,0.397289,0.224834,0.217957,0.048869,0.4715,0.0855,0.09,
0.26,6.5,6,70,70,70,299,299,5854.1,79.8,286.8,145.15,16.69,0.107057,0.336898,0.223066,0.222973,0.050022,0.46927,0.0848,0.09,
0.26,6.5,7,70,70,70,308,308,6014.68,79.8,295.1,143.93,16.71,0.129305,0.342643,0.222871,0.218594,0.03876,0.47034,0.0862,0.09,
0.26,6.5,8,70,70,70,260,260,5385.87,79.8,250.5,154.91,16.2,0.142891,0.304543,0.218208,0.210349,0.036225,0.46555,0.0861,0.09,
0.26,6.5,9,70,70,70,291,291,5800.41,79.8,280.1,147.2,16.54,0.141346,0.299441,0.218718,0.21939,0.036016,0.46606,0.086,0.09,
0.26,7,0,70,70,70,346,346,5915.65,79.8,335.1,143.5,17.94,0.118114,0.381767,0.226939,0.229337,0.052292,0.47317,0.0845,0.09,
0.26,7,1,70,70,70,250,250,5453.07,79.8,240.1,144.1,16.49,0.100034,0.328944,0.20603,0.202272,0.045565,0.45116,0.0829,0.09,
0.26,7,2,70,70,70,310,310,5373.71,79.8,300.6,150.85,16.44,0.129117,0.348254,0.220472,0.227847,0.046578,0.46695,0.085,0.09,
0.26,7,3,70,70,70,338,338,5469.73,79.8,325.1,151.78,16.59,0.098974,0.320216,0.214037,0.209268,0.046046,0.45999,0.0842,0.09,
0.26,7,4,70,70,70,360,360,6255.13,79.8,350.1,150.8,17.62,0.11522,0.353254,0.224491,0.228225,0.037783,0.47208,0.0856,0.09,
0.26,7,5,70,70,70,311,311,5378.63,79.8,300.4,156.5,16.33,0.136304,0.403238,0.219576,0.217726,0.051274,0.46559,0.0844,0.09,
0.26,7,6,70,70,70,304,304,5854.1,79.8,291.1,152.08,16.89,0.118243,0.322887,0.219803,0.221139,0.050724,0.46569,0.0841,0.09,
0.26,7,7,70,70,70,308,308,6014.68,79.8,295.1,148.4,16.78,0.131855,0.338131,0.218715,0.208476,0.040647,0.46572,0.0853,0.09,
0.26,7,8,70,70,70,291,291,5385.87,79.8,280.1,159.49,16.39,0.13942,0.306361,0.215736,0.209687,0.036941,0.46281,0.0854,0.09,
0.26,7,9,70,70,70,291,291,5800.41,79.8,280.1,151.27,16.71,0.097596,0.306042,0.214212,0.221872,0.040431,0.46063,0.0849,0.09,
0.27,3,0,70,70,70,194,194,5915.65,79.8,182.8,113.65,16.99,0.141252,0.307234,0.238,0.239298,0.034193,0.48658,0.0873,0.09,
0.27,3,1,70,70,70,204,204,5453.07,79.8,192.2,116.55,15.71,0.13935,0.288997,0.232391,0.233641,0.0298,0.48103,0.0883,0.09,
0.27,3,2,70,70,70,216,216,5373.71,79.8,205.3,115.82,15.53,0.104874,0.310793,0.22953,0.234302,0.039389,0.47721,0.0871,0.09,
0.27,3,3,70,70,70,219,219,5469.73,79.8,208.3,116.46,15.72,0.144095,0.309954,0.232885,0.228153,0.031705,0.48147,0.0882,0.09,
0.27,3,4,70,70,70,218,218,6255.13,79.8,205.1,124.08,16.95,0.155931,0.316105,0.236504,0.239257,0.030651,0.48528,0.0885,0.09,
0.27,3,5,70,70,70,261,261,5378.63,79.8,250.1,125.35,15.64,0.175736,0.351131,0.234257,0.229134,0.034626,0.48276,0.088,0.09,
0.27,3,6,70,70,70,238,238,5854.1,79.8,225.1,119.99,16.14,0.140246,0.323397,0.23086,0.231123,0.040459,0.47863,0.0872,0.09,
0.27,3,7,70,70,70,226,226,6014.68,79.8,213.3,118.01,16.17,0.129615,0.308149,0.232898,0.232705,0.035754,0.48109,0.0877,0.09,
0.27,3,8,70,70,70,216,216,5385.87,79.8,206.1,124.25,15.59,0.164659,0.34652,0.233374,0.227076,0.034392,0.48184,0.0887,0.09,
0.27,3,9,70,70,70,221,221,5800.41,79.8,208,120.92,16.03,0.143754,0.297704,0.230968,0.232981,0.026237,0.4798,0.0885,0.09,
0.27,3.5,0,70,70,70,219,219,5915.65,79.8,206,119.14,17.19,0.143082,0.312058,0.236493,0.238683,0.036081,0.48488,0.0871,0.09,
0.27,3.5,1,70,70,70,207,207,5453.07,79.8,195.1,123.47,15.99,0.134971,0.294754,0.229277,0.230685,0.03182,0.47764,0.0878,0.09,
0.27,3.5,2,70,70,70,235,235,5373.71,79.8,225.9,123.24,15.71,0.107836,0.3299,0.2296,0.23472,0.03962,0.47727,0.087,0.09,
0.27,3.5,3,70,70,70,240,240,5469.73,79.8,229.6,122.54,15.8,0.154315,0.315858,0.234593,0.231019,0.031676,0.48327,0.0885,0.09,
0.27,3.5,4,70,70,70,270,270,6255.13,79.8,260.1,130.25,17.08,0.168099,0.322103,0.234503,0.234861,0.03184,0.48314,0.088,0.09,
0.27,3.5,5,70,70,70,266,266,5378.63,79.8,255.1,130.16,15.7,0.178901,0.360758,0.235823,0.230696,0.033622,0.48444,0.0882,0.09,
0.27,3.5,6,70,70,70,238,238,5854.1,79.8,227.1,124.63,16.18,0.144044,0.32687,0.23149,0.232529,0.042151,0.47914,0.0873,0.09,
0.27,3.5,7,70,70,70,293,293,6014.68,79.8,280.1,125.58,16.26,0.128765,0.315487,0.229943,0.229365,0.037508,0.47789,0.0872,0.09,
0.27,3.5,8,70,70,70,224,224,5385.87,79.8,214.4,131.01,15.71,0.161091,0.357091,0.230705,0.226221,0.0354,0.47898,0.0883,0.09,
0.27,3.5,9,70,70,70,242,242,5800.41,79.8,231.3,127.41,16.14,0.153561,0.303971,0.230547,0.231854,0.028456,0.47924,0.0884,0.09,
0.27,4,0,70,70,70,235,235,5915.65,79.8,223.2,124.06,17.34,0.145046,0.352739,0.236259,0.238727,0.039465,0.48439,0.0869,0.09,
0.27,4,1,70,70,70,225,225,5453.07,79.8,214.4,126.55,16.03,0.13629,0.299179,0.229521,0.230899,0.031838,0.47789,0.0878,0.09,
0.27,4,2,70,70,70,252,252,5373.71,79.8,241.4,129.76,15.91,0.112111,0.324526,0.231528,0.234982,0.038491,0.47943,0.0874,0.09,
0.27,4,3,70,70,70,246,246,5469.73,79.8,235.1,126.42,15.87,0.144111,0.321901,0.231524,0.227991,0.034333,0.47987,0.088,0.09,
0.27,4,4,70,70,70,275,275,6255.13,79.8,265.1,134.64,17.14,0.100923,0.330977,0.233479,0.236631,0.03601,0.48165,0.0877,0.09,
0.27,4,5,70,70,70,273,273,5378.63,79.8,260.1,134.5,15.83,0.174907,0.355751,0.235623,0.230876,0.035126,0.48411,0.0882,0.09,
0.27,4,6,70,70,70,243,243,5854.1,79.8,230.1,132.06,16.31,0.147925,0.313085,0.233051,0.23349,0.04228,0.48075,0.0872,0.09,
0.27,4,7,70,70,70,298,298,6014.68,79.8,285.1,131.61,16.46,0.128726,0.327288,0.228424,0.228707,0.037958,0.47626,0.087,0.09,
0.27,4,8,70,70,70,230,230,5385.87,79.8,220.1,137.28,15.84,0.157178,0.365289,0.230565,0.224658,0.034445,0.47892,0.0884,0.09,
0.27,4,9,70,70,70,246,246,5800.41,79.8,235.1,133.29,16.32,0.159847,0.309476,0.230076,0.232793,0.029033,0.47871,0.0882,0.09,
0.27,4.5,0,70,70,70,346,346,5915.65,79.8,335.1,131.01,17.42,0.15159,0.358526,0.234079,0.235597,0.043253,0.4818,0.0861,0.09,
0.27,4.5,1,70,70,70,245,245,5453.07,79.8,235.1,131.26,16.09,0.118388,0.300512,0.228674,0.230712,0.034342,0.47675,0.0875,0.09,
0.27,4.5,2,70,70,70,306,306,5373.71,79.8,297,136.03,15.99,0.116783,0.337833,0.229346,0.231693,0.042108,0.47684,0.0869,0.09,
0.27,4.5,3,70,70,70,250,250,5469.73,79.8,243,129.91,15.94,0.138107,0.32725,0.229676,0.222516,0.037157,0.47773,0.0876,0.09,
0.27,4.5,4,70,70,70,275,275,6255.13,79.8,265.1,138.82,17.16,0.096271,0.334466,0.232911,0.23531,0.036184,0.48104,0.0875,0.09,
0.27,4.5,5,70,70,70,281,281,5378.63,79.8,268.2,138.73,15.92,0.166531,0.364187,0.235235,0.231204,0.036616,0.48359,0.088,0.09,
0.27,4.5,6,70,70,70,243,243,5854.1,79.8,232.9,136.56,16.41,0.151695,0.320823,0.233359,0.234427,0.04231,0.4811,0.0872,0.09,
0.27,4.5,7,70,70,70,303,303,6014.68,79.8,290.4,135.02,16.43,0.129408,0.326296,0.226787,0.230595,0.038828,0.47444,0.0866,0.09,
0.27,4.5,8,70,70,70,235,235,5385.87,79.8,225.1,141.67,15.78,0.150511,0.372711,0.230365,0.221383,0.03633,0.47856,0.0881,0.09,
0.27,4.5,9,70,70,70,287,287,5800.41,79.8,277,139.18,16.33,0.15272,0.299453,0.231556,0.233698,0.032949,0.47998,0.0884,0.09,
0.27,5,0,70,70,70,346,346,5915.65,79.8,335.1,134.49,17.48,0.148329,0.361243,0.231472,0.230609,0.04372,0.479,0.0856,0.09,
0.27,5,1,70,70,70,245,245,5453.07,79.8,235.1,135.06,16.13,0.105727,0.299973,0.226397,0.228761,0.03583,0.4742,0.087,0.09,
0.27,5,2,70,70,70,310,310,5373.71,79.8,300.1,140.56,16.07,0.121418,0.341403,0.229088,0.230594,0.042265,0.4766,0.0867,0.09,
0.27,5,3,70,70,70,282,282,5469.73,79.8,269.4,137,16.11,0.131074,0.331535,0.226944,0.223095,0.040316,0.47453,0.087,0.09,
0.27,5,4,70,70,70,280,280,6255.13,79.8,270.1,143.73,17.3,0.098499,0.341837,0.234322,0.236964,0.036278,0.48252,0.0876,0.09,
0.27,5,5,70,70,70,283,283,5378.63,79.8,270.1,147.23,16.04,0.163402,0.371097,0.233969,0.230258,0.04229,0.48185,0.0875,0.09,
0.27,5,6,70,70,70,248,248,5854.1,79.8,235.1,142.84,16.58,0.136305,0.32784,0.23109,0.231049,0.04388,0.47853,0.0868,0.09,
0.27,5,7,70,70,70,308,308,6014.68,79.8,295.1,138.88,16.61,0.130577,0.328102,0.224898,0.226169,0.03672,0.47264,0.0863,0.09,
0.27,5,8,70,70,70,252,252,5385.87,79.8,240.1,147.19,15.9,0.156408,0.337862,0.230142,0.223989,0.03623,0.4783,0.0879,0.09,
0.27,5,9,70,70,70,291,291,5800.41,79.8,280.1,141.51,16.4,0.143808,0.30413,0.227882,0.229015,0.034584,0.476,0.0877,0.09,
0.27,5.5,0,70,70,70,346,346,5915.65,79.8,335.1,139.16,17.59,0.123432,0.358044,0.22994,0.231521,0.048113,0.47688,0.0851,0.09,
0.27,5.5,1,70,70,70,250,250,5453.07,79.8,240.1,137.27,16.4,0.103586,0.317169,0.222511,0.219786,0.037685,0.46995,0.0862,0.09,
0.27,5.5,2,70,70,70,313,313,5373.71,79.8,303.4,144.41,16.26,0.125572,0.346267,0.22779,0.226796,0.042799,0.47523,0.0863,0.09,
0.27,5.5,3,70,70,70,292,292,5469.73,79.8,279.2,139.18,16.29,0.12191,0.336562,0.22522,0.220112,0.040249,0.47272,0.0866,0.09,
0.27,5.5,4,70,70,70,355,355,6255.13,79.8,345.1,147.8,17.41,0.119582,0.34678,0.231038,0.238643,0.036682,0.4791,0.087,0.09,
0.27,5.5,5,70,70,70,294,294,5378.63,79.8,283.9,152.33,16.13,0.137475,0.373503,0.230377,0.2272,0.042031,0.47805,0.0868,0.09,
0.27,5.5,6,70,70,70,293,293,5854.1,79.8,280.1,148.77,16.62,0.129284,0.33172,0.228898,0.228006,0.045669,0.47602,0.0861,0.09,
0.27,5.5,7,70,70,70,308,308,6014.68,79.8,295.1,142.8,16.66,0.132111,0.307118,0.223327,0.226659,0.036652,0.47096,0.0861,0.09,
0.27,5.5,8,70,70,70,259,259,5385.87,79.8,245.1,152.65,16.14,0.15638,0.349259,0.226407,0.223864,0.03723,0.47428,0.0874,0.09,
0.27,5.5,9,70,70,70,291,291,5800.41,79.8,280.1,147.16,16.56,0.14672,0.303495,0.223056,0.223734,0.038569,0.47052,0.0867,0.09,
0.27,6,0,70,70,70,347,347,5915.65,79.8,336.5,144.01,17.74,0.117903,0.363919,0.229929,0.2283,0.050898,0.47653,0.0848,0.09,
0.27,6,1,70,70,70,250,250,5453.07,79.8,240.1,140.86,16.26,0.102064,0.319567,0.218012,0.216562,0.040586,0.46485,0.0853,0.09,
0.27,6,2,70,70,70,317,317,5373.71,79.8,307.5,147.93,16.21,0.129245,0.347179,0.22486,0.219881,0.041524,0.47221,0.0858,0.09,
0.27,6,3,70,70,70,298,298,5469.73,79.8,286,144.63,16.28,0.115371,0.341262,0.221035,0.217515,0.044001,0.46782,0.0857,0.09,
0.27,6,4,70,70,70,355,355,6255.13,81.2,345.6,149.5,17.37,0.13147,0.351342,0.232029,0.238908,0.036881,0.48016,0.0871,0.09,
0.27,6,5,70,70,70,298,298,5378.63,79.8,287.6,155.88,16.22,0.134504,0.37523,0.228186,0.224944,0.044201,0.47553,0.0863,0.09,
0.27,6,6,70,70,70,296,296,5854.1,79.8,283.4,152.03,16.77,0.107809,0.338252,0.226505,0.225774,0.04847,0.47315,0.0856,0.09,
0.27,6,7,70,70,70,308,308,6014.68,79.8,295.1,147.31,16.73,0.1339,0.318664,0.223118,0.220523,0.037981,0.47066,0.0862,0.09,
0.27,6,8,70,70,70,267,267,5385.87,79.8,258.2,157.24,16.24,0.150052,0.356628,0.22622,0.222735,0.03936,0.47391,0.0873,0.09,
0.27,6,9,70,70,70,291,291,5800.41,79.8,280.1,149.71,16.68,0.148517,0.309916,0.221858,0.223569,0.038896,0.46922,0.0865,0.09,
0.27,6.5,0,70,70,70,351,351,5915.65,79.8,340.1,145.59,17.85,0.12023,0.368618,0.232069,0.23157,0.052503,0.4786,0.085,0.09,
0.27,6.5,1,70,70,70,252,252,5453.07,79.8,242.7,144.14,16.4,0.102155,0.322508,0.214763,0.211587,0.043149,0.46107,0.0848,0.09,
0.27,6.5,2,70,70,70,320,320,5373.71,79.8,310.1,151.03,16.34,0.132504,0.34532,0.226718,0.22961,0.044261,0.4739,0.0862,0.09,
0.27,6.5,3,70,70,70,303,303,5469.73,79.8,295.1,153,16.51,0.102668,0.340307,0.216175,0.20892,0.043465,0.4626,0.0847,0.09,
0.27,6.5,4,70,70,70,360,360,6255.13,79.8,350.1,151.5,17.6,0.12357,0.356067,0.230371,0.234786,0.037302,0.47838,0.0867,0.09,
0.27,6.5,5,70,70,70,305,305,5378.63,79.8,294.6,159.63,16.36,0.148795,0.375471,0.226991,0.223153,0.04598,0.4741,0.086,0.09,
0.27,6.5,6,70,70,70,301,301,5854.1,79.8,288.9,157.18,17.1,0.120188,0.341051,0.222674,0.21665,0.049537,0.46896,0.0848,0.09,
0.27,6.5,7,70,70,70,309,309,6014.68,79.8,296.5,151.46,16.89,0.135924,0.325992,0.222001,0.221226,0.038178,0.46946,0.0859,0.09,
0.27,6.5,8,70,70,70,291,291,5385.87,79.8,280.1,162.7,16.44,0.148588,0.324057,0.223764,0.218724,0.037451,0.47142,0.0869,0.09,
0.27,6.5,9,70,70,70,294,294,5800.41,79.8,283.9,152.53,16.84,0.129559,0.312467,0.219926,0.227133,0.038528,0.46712,0.0861,0.09,
0.27,7,0,70,70,70,351,351,5915.65,79.8,340.1,151.42,17.87,0.121823,0.372262,0.228865,0.229915,0.052713,0.47515,0.0846,0.09,
0.27,7,1,70,70,70,255,255,5453.07,79.8,245.1,147.71,16.44,0.105496,0.31836,0.207862,0.209693,0.043731,0.45338,0.0833,0.09,
0.27,7,2,70,70,70,320,320,5373.71,79.9,310.1,154.58,16.49,0.135296,0.362689,0.223509,0.226593,0.046196,0.4703,0.0856,0.09,
0.27,7,3,70,70,70,374,374,5469.73,79.8,360.1,161.13,16.76,0.105536,0.316501,0.214008,0.20892,0.042065,0.4604,0.0843,0.09,
0.27,7,4,70,70,70,360,360,6255.13,79.8,350.1,155.43,17.57,0.118393,0.342048,0.22738,0.238296,0.038464,0.47507,0.0861,0.09,
0.27,7,5,70,70,70,313,313,5378.63,79.8,302.8,164.39,16.39,0.133783,0.411519,0.22402,0.218996,0.051224,0.47038,0.0852,0.09,
0.27,7,6,70,70,70,305,305,5854.1,79.8,292.9,162.01,17.02,0.124928,0.324696,0.219614,0.214778,0.048977,0.46577,0.0844,0.09,
0.27,7,7,70,70,70,313,313,6014.68,79.8,300.1,154.6,16.99,0.138539,0.332129,0.217791,0.214689,0.040494,0.46472,0.0852,0.09,
0.27,7,8,70,70,70,345,345,5385.87,79.8,335.1,166.18,16.37,0.149314,0.327259,0.220851,0.216263,0.038553,0.46821,0.0862,0.09,
0.27,7,9,70,70,70,296,296,5800.41,79.8,285.1,155.29,16.72,0.103361,0.312871,0.217224,0.218139,0.040188,0.46395,0.0855,0.09,
0.28,3,0,70,70,70,223,223,5915.65,79.8,210,118.7,17.02,0.147743,0.31407,0.239151,0.236723,0.035062,0.48773,0.0875,0.09,
0.28,3,1,70,70,70,207,207,5453.07,79.8,195.1,123.45,16.04,0.14517,0.303787,0.229835,0.230802,0.030203,0.47836,0.088,0.09,
0.28,3,2,70,70,70,233,233,5373.71,79.8,223.1,121.01,15.69,0.10945,0.324784,0.231299,0.234096,0.037579,0.47927,0.0874,0.09,
0.28,3,3,70,70,70,221,221,5469.73,79.8,210.1,122.15,15.9,0.150117,0.304014,0.234982,0.233423,0.028734,0.48384,0.0887,0.09,
0.28,3,4,70,70,70,270,270,6255.13,79.8,260.1,130.32,17.03,0.163076,0.32008,0.236243,0.235435,0.030812,0.48502,0.0883,0.09,
0.28,3,5,70,70,70,264,264,5378.63,79.8,253.4,130.02,15.7,0.182123,0.368113,0.236696,0.229982,0.034445,0.48532,0.0884,0.09,
0.28,3,6,70,70,70,238,238,5854.1,79.8,225.6,126.62,16.26,0.145839,0.317598,0.230674,0.231888,0.039567,0.4785,0.0873,0.09,
0.28,3,7,70,70,70,293,293,6014.68,79.8,280.1,126.25,16.38,0.13761,0.307606,0.233235,0.232569,0.034629,0.48157,0.0878,0.09,
0.28,3,8,70,70,70,222,222,5385.87,79.8,212.8,129.44,15.62,0.166956,0.353112,0.234717,0.229814,0.034876,0.4832,0.0889,0.09,
0.28,3,9,70,70,70,241,241,5800.41,79.8,230.1,127.77,16.23,0.149291,0.30187,0.231085,0.231808,0.028052,0.47982,0.0885,0.09,
0.28,3.5,0,70,70,70,242,242,5915.65,79.8,229,125.18,17.26,0.149674,0.327611,0.238419,0.236368,0.037282,0.48681,0.0873,0.09,
0.28,3.5,1,70,70,70,224,224,5453.07,79.8,213.2,129.75,16.2,0.143906,0.307871,0.230104,0.233212,0.0309,0.47859,0.0881,0.09,
0.28,3.5,2,70,70,70,251,251,5373.71,79.8,240.1,129.32,15.81,0.112538,0.337623,0.233146,0.234034,0.038783,0.4811,0.0876,0.09,
0.28,3.5,3,70,70,70,246,246,5469.73,79.8,235.1,127.84,16.01,0.160881,0.313718,0.233192,0.230281,0.03124,0.48185,0.0884,0.09,
0.28,3.5,4,70,70,70,275,275,6255.13,79.8,265.1,135.54,17.18,0.150799,0.328206,0.236049,0.237722,0.033464,0.48462,0.0882,0.09,
0.28,3.5,5,70,70,70,273,273,5378.63,79.8,260.1,135.32,15.86,0.173746,0.36476,0.237363,0.232217,0.034794,0.48595,0.0885,0.09,
0.28,3.5,6,70,70,70,241,241,5854.1,79.8,230.1,132.74,16.37,0.149715,0.315511,0.232061,0.23319,0.04006,0.47993,0.0873,0.09,
0.28,3.5,7,70,70,70,298,298,6014.68,79.8,285.1,132.29,16.49,0.136567,0.324801,0.230333,0.227991,0.037683,0.4783,0.0873,0.09,
0.28,3.5,8,70,70,70,230,230,5385.87,79.8,220.1,136.45,15.87,0.15625,0.329229,0.233018,0.227641,0.034525,0.48145,0.0887,0.09,
0.28,3.5,9,70,70,70,246,246,5800.41,79.8,235.1,134.77,16.38,0.16241,0.300554,0.232451,0.234093,0.027404,0.48129,0.0886,0.09,
0.28,4,0,70,70,70,346,346,5915.65,79.8,335.1,130.7,17.48,0.151678,0.348204,0.239552,0.238893,0.040242,0.48774,0.0873,0.09,
0.28,4,1,70,70,70,232,232,5453.07,79.8,221.6,132.75,16.2,0.142147,0.311957,0.231705,0.233928,0.033573,0.48005,0.0881,0.09,
0.28,4,2,70,70,70,310,310,5373.71,79.8,300.1,137.79,16.02,0.117649,0.325402,0.231443,0.234053,0.037691,0.47943,0.0874,0.09,
0.28,4,3,70,70,70,252,252,5469.73,79.8,245,132.09,16.08,0.148047,0.32528,0.232464,0.229637,0.035511,0.4808,0.0882,0.09,
0.28,4,4,70,70,70,275,275,6255.13,79.8,265.1,140.31,17.31,0.096955,0.319514,0.234584,0.238547,0.036104,0.48279,0.0878,0.09,
0.28,4,5,70,70,70,278,278,5378.63,79.8,265.1,140.07,15.94,0.17694,0.373844,0.236254,0.232814,0.036959,0.48465,0.0881,0.09,
0.28,4,6,70,70,70,246,246,5854.1,79.8,235.1,139.28,16.49,0.153718,0.306298,0.232618,0.235784,0.039571,0.48056,0.0873,0.09,
0.28,4,7,70,70,70,303,303,6014.68,79.8,290.2,135.71,16.5,0.136355,0.321874,0.230673,0.229792,0.037573,0.47869,0.0873,0.09,
0.28,4,8,70,70,70,239,239,5385.87,79.8,230,142.84,15.94,0.150135,0.34367,0.230854,0.226662,0.034792,0.47916,0.0883,0.09,
0.28,4,9,70,70,70,287,287,5800.41,79.8,276.6,143.35,16.48,0.169324,0.299808,0.232939,0.231564,0.030369,0.48162,0.0886,0.09,
0.28,4.5,0,70,70,70,346,346,5915.65,79.8,335.1,137.81,17.62,0.15666,0.353661,0.236571,0.234824,0.042776,0.48444,0.0866,0.09,
0.28,4.5,1,70,70,70,245,245,5453.07,79.8,235.1,137.06,16.15,0.12139,0.316494,0.229876,0.233106,0.034579,0.47801,0.0878,0.09,
0.28,4.5,2,70,70,70,315,315,5373.71,79.8,305.1,141.35,16.16,0.12217,0.337785,0.231278,0.232585,0.039641,0.47911,0.0871,0.09,
0.28,4.5,3,70,70,70,278,278,5469.73,79.8,265.1,138.9,16.24,0.136034,0.330774,0.229562,0.226957,0.038303,0.47752,0.0876,0.09,
0.28,4.5,4,70,70,70,280,280,6255.13,79.8,270.1,145.44,17.29,0.099072,0.323007,0.234387,0.239862,0.034526,0.48272,0.0877,0.09,
0.28,4.5,5,70,70,70,283,283,5378.63,79.8,270.1,148.63,16.16,0.164173,0.382262,0.233742,0.226641,0.039613,0.48182,0.0875,0.09,
0.28,4.5,6,70,70,70,273,273,5854.1,79.8,260.1,147.53,16.69,0.148024,0.326571,0.232203,0.22889,0.042857,0.47985,0.0869,0.09,
0.28,4.5,7,70,70,70,308,308,6014.68,79.8,295.1,141.42,16.6,0.13689,0.295605,0.227025,0.228903,0.035093,0.47499,0.0868,0.09,
0.28,4.5,8,70,70,70,245,245,5385.87,79.8,235.7,147.47,16.01,0.154969,0.355275,0.232137,0.228309,0.036755,0.48036,0.0884,0.09,
0.28,4.5,9,70,70,70,291,291,5800.41,79.8,280.1,145.55,16.5,0.158677,0.300753,0.229765,0.230433,0.032169,0.47818,0.088,0.09,
0.28,5,0,70,70,70,348,348,5915.65,79.8,337.4,142.16,17.72,0.157602,0.348031,0.235351,0.231937,0.04289,0.48315,0.0862,0.09,
0.28,5,1,70,70,70,251,251,5453.07,79.8,240.1,141.09,16.34,0.109044,0.31863,0.225884,0.225586,0.036847,0.47362,0.0869,0.09,
0.28,5,2,70,70,70,320,320,5373.71,79.8,310.1,146.46,16.25,0.128065,0.344756,0.230527,0.225104,0.041823,0.4782,0.0869,0.09,
0.28,5,3,70,70,70,283,283,5469.73,79.8,270.5,141.99,16.34,0.135204,0.335927,0.228472,0.225062,0.040303,0.4762,0.0873,0.09,
0.28,5,4,70,70,70,355,355,6255.13,79.8,345.1,149.61,17.68,0.120153,0.327898,0.234572,0.236961,0.036651,0.48279,0.0876,0.09,
0.28,5,5,70,70,70,292,292,5378.63,79.8,281.4,155.31,16.23,0.165092,0.390016,0.232881,0.228359,0.041173,0.4808,0.0873,0.09,
0.28,5,6,70,70,70,293,293,5854.1,79.8,280.1,151.41,16.89,0.142483,0.326864,0.233103,0.228673,0.044247,0.48063,0.0871,0.09,
0.28,5,7,70,70,70,308,308,6014.68,79.8,295.1,146.38,16.79,0.137906,0.306199,0.227252,0.226685,0.034629,0.4753,0.0869,0.09,
0.28,5,8,70,70,70,264,264,5385.87,79.8,250.1,154.26,16.19,0.163503,0.353992,0.231352,0.228576,0.039272,0.47934,0.0882,0.09,
0.28,5,9,70,70,70,291,291,5800.41,79.8,280.1,147.92,16.72,0.151263,0.307704,0.230046,0.231553,0.035208,0.47824,0.088,0.09,
0.28,5.5,0,70,70,70,351,351,5915.65,79.8,340.1,145.26,17.84,0.127287,0.353788,0.232207,0.231846,0.046423,0.47948,0.0854,0.09,
0.28,5.5,1,70,70,70,251,251,5453.07,79.8,240.1,144.91,16.44,0.108418,0.32351,0.217417,0.220202,0.039935,0.4643,0.0852,0.09,
0.28,5.5,2,70,70,70,320,320,5373.71,79.8,310.1,149.34,16.5,0.132405,0.354347,0.229325,0.226061,0.041153,0.47701,0.0866,0.09,
0.28,5.5,3,70,70,70,303,303,5469.73,79.8,295.1,146.43,16.4,0.125672,0.34017,0.225926,0.224296,0.04168,0.47334,0.0866,0.09,
0.28,5.5,4,70,70,70,355,355,6255.13,79.8,345.6,153.19,17.5,0.128013,0.304852,0.232486,0.237334,0.03512,0.48073,0.0872,0.09,
0.28,5.5,5,70,70,70,295,295,5378.63,79.8,285,161.14,16.51,0.143905,0.39731,0.230971,0.227117,0.044964,0.47845,0.0868,0.09,
0.28,5.5,6,70,70,70,298,298,5854.1,79.8,285.1,155.9,16.92,0.114891,0.333059,0.226342,0.22256,0.047044,0.47316,0.0858,0.09,
0.28,5.5,7,70,70,70,308,308,6014.68,79.8,295.1,150.39,16.99,0.139299,0.329343,0.22548,0.224813,0.036549,0.47329,0.0866,0.09,
0.28,5.5,8,70,70,70,287,287,5385.87,79.8,275.1,161.92,16.39,0.16188,0.374264,0.232387,0.228898,0.040244,0.48036,0.0881,0.09,
0.28,5.5,9,70,70,70,291,291,5800.41,79.8,280.1,151.16,16.81,0.157672,0.30667,0.228033,0.232133,0.036534,0.476,0.0877,0.09,
0.28,6,0,70,70,70,351,351,5915.65,79.8,340.1,148.21,17.85,0.123494,0.359197,0.231656,0.231598,0.050309,0.47845,0.0852,0.09,
0.28,6,1,70,70,70,278,278,5453.07,79.8,267.5,148.09,16.59,0.116066,0.328689,0.21747,0.221181,0.04085,0.46427,0.0852,0.09,
0.28,6,2,70,70,70,320,320,5373.71,79.8,310.3,151.96,16.52,0.136198,0.358584,0.229353,0.229078,0.042906,0.47687,0.0865,0.09,
0.28,6,3,70,70,70,303,303,5469.73,79.8,295.1,149.94,16.63,0.118039,0.345287,0.221611,0.218034,0.042782,0.46858,0.086,0.09,
0.28,6,4,70,70,70,360,360,6255.13,81.9,350.1,155.99,17.77,0.135443,0.303787,0.230213,0.227684,0.034049,0.47848,0.0868,0.09,
0.28,6,5,70,70,70,317,317,5378.63,79.8,305.1,166.13,16.5,0.140204,0.399266,0.230569,0.221237,0.046944,0.47784,0.0868,0.09,
0.28,6,6,70,70,70,298,298,5854.1,79.8,285.7,159.34,17.08,0.117629,0.3393,0.227503,0.225984,0.04888,0.47421,0.0858,0.09,
0.28,6,7,70,70,70,313,313,6014.68,79.8,300.1,153.15,17.03,0.141033,0.33868,0.225051,0.225266,0.039074,0.47262,0.0865,0.09,
0.28,6,8,70,70,70,292,292,5385.87,79.8,280.1,166.67,16.54,0.155634,0.331476,0.230396,0.230332,0.039161,0.4783,0.0878,0.09,
0.28,6,9,70,70,70,296,296,5800.41,79.8,285.1,153.4,16.86,0.155763,0.308493,0.225449,0.225769,0.036364,0.47329,0.0873,0.09,
0.28,6.5,0,70,70,70,351,351,5915.65,79.8,340.1,155.94,18.07,0.125579,0.364891,0.231159,0.232524,0.050335,0.47789,0.0853,0.09,
0.28,6.5,1,70,70,70,278,278,5453.07,79.8,267.8,151.58,16.75,0.119472,0.332891,0.215842,0.214838,0.042604,0.46236,0.0847,0.09,
0.28,6.5,2,70,70,70,323,323,5373.71,79.8,313.4,157.51,16.64,0.139498,0.363676,0.23011,0.231304,0.045483,0.47742,0.0867,0.09,
0.28,6.5,3,70,70,70,374,374,5469.73,79.8,360.1,164.64,16.79,0.106993,0.349042,0.218175,0.212906,0.045159,0.46464,0.085,0.09,
0.28,6.5,4,70,70,70,360,360,6255.13,79.8,350.1,160.06,17.7,0.124908,0.306309,0.228617,0.231277,0.03258,0.47688,0.0864,0.09,
0.28,6.5,5,70,70,70,317,317,5378.63,79.8,305.1,170.11,16.65,0.140683,0.399612,0.227835,0.221479,0.047445,0.47488,0.0861,0.09,
0.28,6.5,6,70,70,70,307,307,5854.1,79.8,295.1,165.32,17.27,0.132101,0.343457,0.22545,0.224148,0.049964,0.47194,0.0856,0.09,
0.28,6.5,7,70,70,70,313,313,6014.68,79.8,300.1,156.15,17.01,0.142975,0.345671,0.224108,0.223543,0.039482,0.47161,0.0864,0.09,
0.28,6.5,8,70,70,70,345,345,5385.87,79.8,335.1,171.38,16.6,0.15412,0.335273,0.228358,0.2271,0.037735,0.4763,0.0875,0.09,
0.28,6.5,9,70,70,70,296,296,5800.41,79.8,285.1,156.79,16.78,0.105004,0.307308,0.220144,0.222186,0.038768,0.46727,0.086,0.09,
0.28,7,0,70,70,70,351,351,5915.65,79.8,340.1,157.74,18.4,0.127362,0.369841,0.229757,0.231874,0.052927,0.47607,0.0849,0.09,
0.28,7,1,70,70,70,278,278,5453.07,79.8,267.9,154.35,16.93,0.117211,0.336372,0.213835,0.216892,0.045435,0.45978,0.0843,0.09,
0.28,7,2,70,70,70,325,325,5373.71,80.7,315.1,162.09,16.8,0.127937,0.367717,0.227731,0.229002,0.047366,0.4747,0.0862,0.09,
0.28,7,3,70,70,70,379,379,5469.73,79.8,365.1,167.98,17.11,0.108234,0.328206,0.217901,0.215067,0.04635,0.4642,0.0847,0.09,
0.28,7,4,70,70,70,365,365,6255.13,79.8,355.1,163.17,18.12,0.120828,0.287115,0.224796,0.230265,0.037263,0.47241,0.0855,0.09,
0.28,7,5,70,70,70,322,322,5378.63,79.8,310.1,175.06,16.94,0.140828,0.398924,0.224394,0.21968,0.049082,0.47102,0.0853,0.09,
0.28,7,6,70,70,70,333,333,5854.1,79.8,320.1,169.97,17.42,0.128681,0.326611,0.222892,0.220333,0.048251,0.4694,0.0852,0.09,
0.28,7,7,70,70,70,313,313,6014.68,79.8,300.1,160.87,17.3,0.140745,0.349851,0.219164,0.215196,0.04131,0.46613,0.0854,0.09,
0.28,7,8,70,70,70,346,346,5385.87,79.8,336.6,175.51,16.93,0.138413,0.339616,0.223838,0.220803,0.039913,0.47128,0.0864,0.09,
0.28,7,9,70,70,70,296,296,5800.41,79.8,285.1,159.76,17.22,0.102812,0.30937,0.218391,0.219201,0.039483,0.46531,0.0857,0.09,
0.29,3,0,70,70,70,242,242,5915.65,79.8,228.3,123.66,17.46,0.154521,0.330708,0.241029,0.238183,0.035052,0.48968,0.0879,0.09,
0.29,3,1,70,70,70,215,215,5453.07,79.8,205,127.5,16.21,0.151337,0.288671,0.232306,0.233094,0.02998,0.48096,0.0884,0.09,
0.29,3,2,70,70,70,244,244,5373.71,79.8,234.2,126.47,16.05,0.114317,0.333588,0.232325,0.233298,0.039202,0.48022,0.0877,0.09,
0.29,3,3,70,70,70,243,243,5469.73,79.8,233,128.68,16.14,0.156462,0.310017,0.234748,0.233265,0.030422,0.48351,0.0887,0.09,
0.29,3,4,70,70,70,270,270,6255.13,79.8,260.7,136.5,17.54,0.170535,0.311084,0.23711,0.237752,0.029551,0.486,0.0884,0.09,
0.29,3,5,70,70,70,266,266,5378.63,79.8,255.1,134.4,16.04,0.187978,0.385498,0.238644,0.231444,0.035919,0.48725,0.0888,0.09,
0.29,3,6,70,70,70,241,241,5854.1,79.8,230.1,134.28,16.65,0.15168,0.329418,0.232919,0.233844,0.037121,0.48107,0.0877,0.09,
0.29,3,7,70,70,70,298,298,6014.68,79.8,285.1,131.56,16.81,0.146029,0.321924,0.232253,0.229992,0.035398,0.48051,0.0875,0.09,
0.29,3,8,70,70,70,227,227,5385.87,79.8,218,135.11,16.15,0.163142,0.329695,0.234463,0.230557,0.033295,0.48303,0.0889,0.09,
0.29,3,9,70,70,70,246,246,5800.41,79.8,235.1,134.42,16.52,0.15754,0.298664,0.233578,0.235349,0.027131,0.48248,0.0888,0.09,
0.29,3.5,0,70,70,70,346,346,5915.65,79.8,335.1,132.56,17.92,0.156607,0.343344,0.239381,0.235629,0.037138,0.48783,0.0874,0.09,
0.29,3.5,1,70,70,70,235,235,5453.07,79.8,224.3,133.83,16.64,0.152558,0.295016,0.232137,0.234141,0.0304,0.48076,0.0883,0.09,
0.29,3.5,2,70,70,70,310,310,5373.71,79.8,300.1,138.38,16.5,0.117507,0.325543,0.234051,0.233354,0.037256,0.48219,0.0879,0.09,
0.29,3.5,3,70,70,70,259,259,5469.73,79.8,248.9,134.9,16.51,0.167764,0.31544,0.235018,0.231414,0.031004,0.48376,0.0886,0.09,
0.29,3.5,4,70,70,70,275,275,6255.13,79.8,265.1,142.11,17.65,0.105703,0.304957,0.235918,0.239995,0.033963,0.48437,0.088,0.09,
0.29,3.5,5,70,70,70,278,278,5378.63,79.8,265.1,141.61,16.36,0.180127,0.370137,0.237316,0.229877,0.035307,0.48588,0.0884,0.09,
0.29,3.5,6,70,70,70,246,246,5854.1,79.8,235.1,143.39,17.09,0.155581,0.328523,0.23269,0.232446,0.037985,0.48077,0.0874,0.09,
0.29,3.5,7,70,70,70,303,303,6014.68,79.8,290.1,136.57,17.07,0.144747,0.325098,0.232984,0.229597,0.036385,0.48121,0.0877,0.09,
0.29,3.5,8,70,70,70,235,235,5385.87,79.8,225.1,144.29,16.32,0.157092,0.34881,0.232532,0.225924,0.035138,0.48089,0.0886,0.09,
0.29,3.5,9,70,70,70,286,286,5800.41,79.8,275.1,143.42,16.99,0.165865,0.298899,0.234038,0.231496,0.028591,0.48288,0.0888,0.09,
0.29,4,0,70,70,70,346,346,5915.65,79.8,335.1,138.18,18.12,0.158664,0.339484,0.239916,0.233846,0.039423,0.48821,0.0873,0.09,
0.29,4,1,70,70,70,290,290,5453.07,79.8,280,139.63,16.84,0.144492,0.314868,0.231806,0.232993,0.032654,0.48024,0.0881,0.09,
0.29,4,2,70,70,70,319,319,5373.71,79.8,309.3,142.67,16.57,0.121678,0.330609,0.235433,0.23296,0.03845,0.48356,0.088,0.09,
0.29,4,3,70,70,70,273,273,5469.73,79.8,262.9,140.04,16.7,0.152119,0.322048,0.233407,0.22997,0.033125,0.48195,0.0883,0.09,
0.29,4,4,70,70,70,283,283,6255.13,79.8,273.7,147.02,17.8,0.099488,0.296899,0.235816,0.239711,0.03379,0.48425,0.088,0.09,
0.29,4,5,70,70,70,283,283,5378.63,79.8,270.1,147.7,16.57,0.176748,0.37884,0.236399,0.229193,0.037754,0.48476,0.0881,0.09,
0.29,4,6,70,70,70,273,273,5854.1,79.8,260.1,150.26,17.23,0.158876,0.314699,0.234098,0.229498,0.038026,0.48226,0.0875,0.09,
0.29,4,7,70,70,70,308,308,6014.68,79.8,295.1,143.92,17.17,0.144431,0.33091,0.231137,0.229603,0.036296,0.47929,0.0875,0.09,
0.29,4,8,70,70,70,246,246,5385.87,79.8,236.9,147.48,16.35,0.153589,0.364489,0.234679,0.229729,0.037809,0.48294,0.0888,0.09,
0.29,4,9,70,70,70,291,291,5800.41,79.8,280.1,148.09,17.02,0.173697,0.296015,0.232802,0.234405,0.029033,0.48157,0.0885,0.09,
0.29,4.5,0,70,70,70,351,351,5915.65,79.8,340.1,144.91,18.35,0.155346,0.346175,0.237662,0.234633,0.042335,0.48563,0.0868,0.09,
0.29,4.5,1,70,70,70,294,294,5453.07,79.8,283.8,142.93,16.96,0.125185,0.326037,0.22925,0.232447,0.036157,0.47726,0.0875,0.09,
0.29,4.5,2,70,70,70,320,320,5373.71,79.8,310.1,146.18,16.77,0.128455,0.342143,0.232378,0.232081,0.039894,0.48028,0.0873,0.09,
0.29,4.5,3,70,70,70,298,298,5469.73,79.8,290.1,146.69,17,0.141066,0.32647,0.22908,0.225838,0.037719,0.47704,0.0874,0.09,
0.29,4.5,4,70,70,70,353,353,6255.13,79.8,343.4,150.79,18.12,0.102109,0.300901,0.238314,0.239722,0.033762,0.48684,0.0884,0.09,
0.29,4.5,5,70,70,70,286,286,5378.63,79.8,276,155.15,16.81,0.162584,0.387371,0.235895,0.2274,0.040188,0.48403,0.088,0.09,
0.29,4.5,6,70,70,70,293,293,5854.1,79.8,280.1,156.38,17.42,0.150324,0.33643,0.233902,0.231293,0.041873,0.48172,0.0875,0.09,
0.29,4.5,7,70,70,70,308,308,6014.68,79.8,295.1,148.84,17.32,0.144797,0.312799,0.230201,0.22925,0.035616,0.47834,0.0874,0.09,
0.29,4.5,8,70,70,70,266,266,5385.87,79.8,253,156.15,16.68,0.169703,0.377153,0.235467,0.229945,0.039368,0.48366,0.0888,0.09,
0.29,4.5,9,70,70,70,291,291,5800.41,79.8,280.1,149.75,17.16,0.163222,0.305062,0.231719,0.227652,0.033444,0.48013,0.0883,0.09,
0.29,5,0,70,70,70,351,351,5915.65,79.8,340.1,149.41,18.46,0.152948,0.332008,0.233906,0.229732,0.040367,0.48185,0.0862,0.09,
0.29,5,1,70,70,70,296,296,5453.07,79.8,285.1,146.31,16.93,0.127666,0.33477,0.228088,0.22842,0.036796,0.47601,0.0873,0.09,
0.29,5,2,70,70,70,322,322,5373.71,79.8,312.3,151.48,16.97,0.135489,0.352828,0.234042,0.231848,0.040241,0.48202,0.0875,0.09,
0.29,5,3,70,70,70,303,303,5469.73,79.8,295.1,151.85,17.16,0.132784,0.323037,0.229434,0.22512,0.039602,0.47722,0.0874,0.09,
0.29,5,4,70,70,70,355,355,6255.13,79.8,345.1,157.08,18.22,0.125614,0.304267,0.235205,0.236595,0.034578,0.48363,0.0879,0.09,
0.29,5,5,70,70,70,293,293,5378.63,79.8,282.6,163.31,17.03,0.162845,0.395705,0.234858,0.226398,0.041941,0.48282,0.0877,0.09,
0.29,5,6,70,70,70,298,298,5854.1,79.8,285.1,160.29,17.49,0.149692,0.310675,0.230193,0.2289,0.039224,0.47804,0.087,0.09,
0.29,5,7,70,70,70,313,313,6014.68,79.8,300.1,152.48,17.49,0.145675,0.33626,0.228348,0.228631,0.038551,0.47616,0.0871,0.09,
0.29,5,8,70,70,70,287,287,5385.87,80.6,275.1,164.68,17.05,0.167677,0.327502,0.23477,0.230866,0.038475,0.48295,0.0884,0.09,
0.29,5,9,70,70,70,296,296,5800.41,79.8,285.1,152.97,17.27,0.158736,0.305735,0.230852,0.230398,0.034262,0.47917,0.0883,0.09,
0.29,5.5,0,70,70,70,351,351,5915.65,79.8,340.1,155.5,18.61,0.131859,0.344891,0.231237,0.231816,0.043863,0.4787,0.0855,0.09,
0.29,5.5,1,70,70,70,298,298,5453.07,79.8,287.2,151.59,17.47,0.127729,0.341647,0.220784,0.218825,0.038629,0.46813,0.086,0.09,
0.29,5.5,2,70,70,70,325,325,5373.71,79.8,315.1,153.99,17.17,0.1401,0.358192,0.2308,0.230956,0.040969,0.47859,0.0867,0.09,
0.29,5.5,3,70,70,70,303,303,5469.73,79.8,295.1,154.63,17.27,0.129776,0.333595,0.228657,0.223754,0.040969,0.47629,0.087,0.09,
0.29,5.5,4,70,70,70,360,360,6255.13,82.6,350.1,162.51,18.52,0.136319,0.30769,0.233819,0.23576,0.035584,0.48211,0.0874,0.09,
0.29,5.5,5,70,70,70,297,297,5378.63,79.8,286.2,168.42,17.23,0.149271,0.403234,0.232618,0.224535,0.044452,0.48025,0.087,0.09,
0.29,5.5,6,70,70,70,313,313,5854.1,79.8,300.1,164.6,17.89,0.119653,0.331721,0.228265,0.227457,0.047003,0.4752,0.086,0.09,
0.29,5.5,7,70,70,70,313,313,6014.68,79.8,300.1,156.21,17.64,0.146958,0.34162,0.227662,0.228584,0.03801,0.4755,0.087,0.09,
0.29,5.5,8,70,70,70,292,292,5385.87,80.1,280.1,167.48,17.27,0.158729,0.332287,0.234308,0.231121,0.038585,0.48246,0.0885,0.09,
0.29,5.5,9,70,70,70,296,296,5800.41,79.8,285.1,155.94,17.53,0.165433,0.308573,0.22736,0.2304,0.033385,0.47555,0.0876,0.09,
0.29,6,0,70,70,70,351,351,5915.65,79.8,340.1,157.98,19.13,0.129147,0.341655,0.232626,0.231699,0.047297,0.4798,0.0856,0.09,
0.29,6,1,70,70,70,299,299,5453.07,79.8,288.8,154.74,17.74,0.121412,0.347101,0.217265,0.216581,0.042582,0.46392,0.0852,0.09,
0.29,6,2,70,70,70,325,325,5373.71,79.8,315.1,157.96,17.41,0.144023,0.363509,0.23284,0.23089,0.042336,0.48058,0.0872,0.09,
0.29,6,3,70,70,70,379,379,5469.73,79.8,365.1,160.66,17.71,0.11804,0.348907,0.224405,0.216529,0.045614,0.47133,0.0863,0.09,
0.29,6,4,70,70,70,360,360,6255.13,82.5,350.1,169.64,18.83,0.139068,0.3082,0.232863,0.235089,0.03458,0.48122,0.0871,0.09,
0.29,6,5,70,70,70,320,320,5378.63,79.8,308.3,175.01,17.55,0.142016,0.41101,0.23206,0.225137,0.046397,0.47946,0.0869,0.09,
0.29,6,6,70,70,70,316,316,5854.1,79.8,303.4,167.41,18.05,0.130497,0.334916,0.228823,0.224428,0.047273,0.47579,0.086,0.09,
0.29,6,7,70,70,70,313,313,6014.68,79.8,300.1,160.71,17.95,0.148582,0.345387,0.227867,0.227088,0.038445,0.47568,0.0869,0.09,
0.29,6,8,70,70,70,345,345,5385.87,80.1,335.1,173.54,17.57,0.163445,0.335178,0.233076,0.231014,0.039685,0.48109,0.0882,0.09,
0.29,6,9,70,70,70,296,296,5800.41,79.8,285.1,157.27,17.73,0.155217,0.309851,0.227605,0.226742,0.036516,0.47555,0.0876,0.09,
0.29,6.5,0,70,70,70,351,351,5915.65,79.8,340.1,161.32,19.38,0.133622,0.344801,0.231536,0.233278,0.047585,0.47857,0.0856,0.09,
0.29,6.5,1,70,70,70,307,307,5453.07,79.8,296.3,156.99,17.79,0.127678,0.35148,0.216061,0.217643,0.044417,0.46242,0.0849,0.09,
0.29,6.5,2,70,70,70,325,325,5373.71,79.8,315.1,162.77,17.69,0.109622,0.368708,0.232648,0.230278,0.048482,0.47974,0.0869,0.09,
0.29,6.5,3,70,70,70,379,379,5469.73,79.8,365.1,169.52,18.05,0.109708,0.353381,0.226068,0.217849,0.045991,0.47305,0.0862,0.09,
0.29,6.5,4,70,70,70,365,365,6255.13,79.8,355.1,171.97,19.11,0.127517,0.309077,0.228386,0.233911,0.03566,0.47641,0.0863,0.09,
0.29,6.5,5,70,70,70,322,322,5378.63,79.8,310.1,178.51,18,0.148003,0.418081,0.230331,0.222278,0.048526,0.47746,0.0863,0.09,
0.29,6.5,6,70,70,70,327,327,5854.1,79.8,314.1,173.29,18.36,0.138983,0.345631,0.226442,0.223264,0.047952,0.47325,0.0857,0.09,
0.29,6.5,7,70,70,70,313,313,6014.68,79.8,300.1,163.86,18.2,0.15044,0.349382,0.223709,0.223479,0.039817,0.47115,0.0861,0.09,
0.29,6.5,8,70,70,70,350,350,5385.87,80.1,340.1,177.87,17.99,0.141342,0.321747,0.228049,0.22731,0.039812,0.47576,0.0872,0.09,
0.29,6.5,9,70,70,70,296,296,5800.41,79.8,285.1,160.72,18.02,0.111864,0.314219,0.225135,0.224528,0.039048,0.47263,0.087,0.09,
0.29,7,0,70,70,70,352,352,5915.65,79.8,342,166.86,19.72,0.130427,0.349197,0.229085,0.227084,0.048882,0.47584,0.0851,0.09,
0.29,7,1,70,70,70,311,311,5453.07,79.8,300.1,161.13,18.22,0.123245,0.355104,0.212343,0.214193,0.050126,0.45759,0.084,0.09,
0.29,7,2,70,70,70,355,355,5373.71,81.6,345.1,171.61,18.44,0.123437,0.373372,0.228297,0.228506,0.049973,0.47505,0.0861,0.09,
0.29,7,3,70,70,70,379,379,5469.73,79.8,365.1,175.77,18.62,0.111557,0.336926,0.221546,0.21709,0.047152,0.46805,0.0853,0.09,
0.29,7,4,70,70,70,365,365,6255.13,79.8,355.1,177.2,19.63,0.124687,0.299887,0.224759,0.22485,0.038919,0.47226,0.0854,0.09,
0.29,7,5,70,70,70,322,322,5378.63,90.3,310.1,182.1,18.29,0.147803,0.42408,0.226683,0.221766,0.051259,0.4733,0.0855,0.09,
0.29,7,6,70,70,70,338,338,5854.1,79.8,325.1,177.62,18.85,0.130426,0.342474,0.225742,0.221445,0.048199,0.47246,0.0855,0.09,
0.29,7,7,70,70,70,331,331,6014.68,79.8,320.1,166.78,18.61,0.133115,0.317244,0.221385,0.221127,0.042149,0.46838,0.0857,0.09,
0.29,7,8,70,70,70,350,350,5385.87,80.1,340.1,182.87,18.29,0.145234,0.306531,0.225813,0.223453,0.038526,0.47349,0.0866,0.09,
0.29,7,9,70,70,70,296,296,5800.41,79.8,286,164.41,18.49,0.10668,0.318124,0.22348,0.22682,0.039604,0.47079,0.0866,0.09,
0.3,3,0,70,70,70,346,346,5915.65,79.8,335.1,132.05,18.93,0.161668,0.341613,0.242931,0.239063,0.034826,0.49165,0.0881,0.09,
0.3,3,1,70,70,70,231,231,5453.07,79.8,220.4,132.87,17.75,0.157781,0.307281,0.233028,0.23447,0.031189,0.48165,0.0884,0.09,
0.3,3,2,70,70,70,309,309,5373.71,79.8,299.3,135.82,17.47,0.119427,0.323796,0.234959,0.234736,0.037838,0.48308,0.0881,0.09,
0.3,3,3,70,70,70,248,248,5469.73,79.8,237.6,133.83,17.7,0.163109,0.320179,0.237554,0.236906,0.030184,0.48642,0.089,0.09,
0.3,3,4,70,70,70,275,275,6255.13,79.8,265.1,140.67,18.97,0.150337,0.301853,0.237406,0.240386,0.030001,0.48627,0.0884,0.09,
0.3,3,5,70,70,70,273,273,5378.63,79.8,260.1,141.41,17.49,0.178542,0.388864,0.238764,0.231137,0.036816,0.4873,0.0887,0.09,
0.3,3,6,70,70,70,246,246,5854.1,79.8,235.1,141.1,18.17,0.157831,0.331796,0.235564,0.233922,0.037571,0.4838,0.0879,0.09,
0.3,3,7,70,70,70,298,298,6014.68,79.8,285.1,135.01,18.18,0.154864,0.308206,0.234881,0.230685,0.034056,0.48337,0.088,0.09,
0.3,3,8,70,70,70,232,232,5385.87,79.8,222.6,139.55,17.4,0.158178,0.348577,0.234502,0.228727,0.036569,0.48285,0.0889,0.09,
0.3,3,9,70,70,70,286,286,5800.41,79.8,275.1,142.55,18.02,0.164814,0.295036,0.234239,0.234349,0.027692,0.48314,0.0889,0.09,
0.3,3.5,0,70,70,70,346,346,5915.65,79.8,335.1,141.04,19.67,0.163847,0.342307,0.240561,0.23759,0.03654,0.48911,0.0877,0.09,
0.3,3.5,1,70,70,70,241,241,5453.07,79.8,230.1,138.43,18.07,0.159375,0.310193,0.233306,0.232827,0.030872,0.48196,0.0884,0.09,
0.3,3.5,2,70,70,70,319,319,5373.71,79.8,310,143.57,18.02,0.122784,0.332795,0.235899,0.233309,0.039279,0.48398,0.0881,0.09,
0.3,3.5,3,70,70,70,276,276,5469.73,79.8,265.1,142.24,18.1,0.175015,0.326736,0.236402,0.232817,0.031386,0.48518,0.0888,0.09,
0.3,3.5,4,70,70,70,280,280,6255.13,79.8,270.1,148.03,19.44,0.108595,0.29402,0.23768,0.240391,0.033242,0.48624,0.0883,0.09,
0.3,3.5,5,70,70,70,280,280,5378.63,79.8,269.4,149.27,18,0.167081,0.367978,0.237507,0.230282,0.036974,0.48595,0.0884,0.09,
0.3,3.5,6,70,70,70,251,251,5854.1,79.8,240.1,149.38,18.53,0.161864,0.332216,0.234644,0.233025,0.036088,0.48299,0.0878,0.09,
0.3,3.5,7,70,70,70,303,303,6014.68,79.8,290.1,144.37,18.69,0.153394,0.316612,0.231483,0.229377,0.035451,0.47972,0.0875,0.09,
0.3,3.5,8,70,70,70,245,245,5385.87,79.8,236,151.27,17.94,0.155076,0.369217,0.23536,0.229874,0.038818,0.48357,0.089,0.09,
0.3,3.5,9,70,70,70,291,291,5800.41,79.8,280.1,148.67,18.53,0.175956,0.29415,0.234344,0.236821,0.028444,0.4832,0.0888,0.09,
0.3,4,0,70,70,70,351,351,5915.65,79.8,340.1,147.37,19.87,0.165989,0.330268,0.23861,0.235645,0.035214,0.48718,0.0874,0.09,
0.3,4,1,70,70,70,306,306,5453.07,79.8,295.1,145.88,18.33,0.133062,0.332109,0.230828,0.231795,0.037428,0.47885,0.0878,0.09,
0.3,4,2,70,70,70,320,320,5373.71,79.8,310.1,149.15,18.21,0.127563,0.341226,0.234674,0.232611,0.03975,0.4827,0.0878,0.09,
0.3,4,3,70,70,70,286,286,5469.73,79.8,275.1,150.15,18.42,0.156922,0.332452,0.23543,0.230263,0.032335,0.4841,0.0885,0.09,
0.3,4,4,70,70,70,350,350,6255.13,79.8,340.1,152.76,19.75,0.100732,0.295529,0.237014,0.24117,0.032264,0.4856,0.0881,0.09,
0.3,4,5,70,70,70,286,286,5378.63,79.9,275.2,155.43,18.39,0.168617,0.379247,0.236699,0.229077,0.036815,0.48515,0.0882,0.09,
0.3,4,6,70,70,70,293,293,5854.1,79.8,280.1,159.75,19.08,0.151405,0.329778,0.232918,0.23306,0.037125,0.48108,0.0877,0.09,
0.3,4,7,70,70,70,308,308,6014.68,79.8,295.1,149.55,19.03,0.152918,0.324257,0.231676,0.227803,0.035844,0.47991,0.0877,0.09,
0.3,4,8,70,70,70,257,257,5385.87,79.8,245.1,158.49,18.42,0.171468,0.318809,0.235305,0.229168,0.035756,0.48373,0.0889,0.09,
0.3,4,9,70,70,70,291,291,5800.41,79.8,280.1,152.09,18.91,0.165192,0.30527,0.232413,0.232365,0.030527,0.48107,0.0884,0.09,
0.3,4.5,0,70,70,70,351,351,5915.65,79.8,340.1,150.57,20.06,0.16046,0.338321,0.237872,0.236324,0.038729,0.48614,0.0871,0.09,
0.3,4.5,1,70,70,70,306,306,5453.07,79.8,295.1,149.5,18.48,0.129044,0.343988,0.229263,0.231883,0.039027,0.47706,0.0874,0.09,
0.3,4.5,2,70,70,70,325,325,5373.71,79.8,315.1,151.88,18.57,0.135179,0.350479,0.235444,0.232187,0.040607,0.48345,0.0878,0.09,
0.3,4.5,3,70,70,70,303,303,5469.73,79.8,295.1,153.82,18.68,0.144978,0.33764,0.232494,0.228064,0.039243,0.4805,0.0878,0.09,
0.3,4.5,4,70,70,70,355,355,6255.13,79.8,345.1,159.31,20.06,0.106819,0.312018,0.239695,0.242372,0.03529,0.48817,0.0885,0.09,
0.3,4.5,5,70,70,70,291,291,5378.63,80.1,280.1,167.61,18.77,0.16685,0.386918,0.238665,0.233967,0.039618,0.48695,0.0884,0.09,
0.3,4.5,6,70,70,70,306,306,5854.1,79.8,293.5,164.66,19.4,0.147672,0.349732,0.231453,0.228705,0.039112,0.47939,0.0872,0.09,
0.3,4.5,7,70,70,70,313,313,6014.68,79.8,300.1,153.65,19.27,0.153122,0.331276,0.232803,0.228865,0.037915,0.4809,0.0877,0.09,
0.3,4.5,8,70,70,70,287,287,5385.87,79.8,275.1,168.97,18.91,0.167543,0.326732,0.235953,0.229607,0.037308,0.48429,0.0887,0.09,
0.3,4.5,9,70,70,70,296,296,5800.41,79.8,285.1,154.22,19.19,0.162281,0.302084,0.231289,0.232198,0.031896,0.47979,0.0883,0.09,
0.3,5,0,70,70,70,351,351,5915.65,79.8,340.1,153.46,20.42,0.139595,0.342528,0.237779,0.23917,0.042318,0.48572,0.0868,0.09,
0.3,5,1,70,70,70,306,306,5453.07,79.8,295.1,151.96,18.92,0.134228,0.350507,0.227357,0.224907,0.039474,0.47504,0.0871,0.09,
0.3,5,2,70,70,70,325,325,5373.71,79.8,315.1,157.96,18.81,0.143535,0.356543,0.23667,0.233182,0.041053,0.4847,0.0878,0.09,
0.3,5,3,70,70,70,374,374,5469.73,79.8,360.1,159.76,19.03,0.136246,0.339133,0.22941,0.227582,0.040905,0.47712,0.0874,0.09,
0.3,5,4,70,70,70,360,360,6255.13,79.8,350.1,166.83,20.44,0.132822,0.306778,0.236096,0.237454,0.035103,0.48453,0.0877,0.09,
0.3,5,5,70,70,70,296,296,5378.63,80.1,285.1,172.06,18.97,0.15301,0.391839,0.234857,0.224438,0.042016,0.48281,0.0876,0.09,
0.3,5,6,70,70,70,313,313,5854.1,79.8,300.1,171.1,19.66,0.149106,0.310463,0.228668,0.226147,0.038652,0.47647,0.0866,0.09,
0.3,5,7,70,70,70,313,313,6014.68,79.8,300.1,159.15,19.43,0.15384,0.307793,0.229608,0.227155,0.035313,0.47776,0.0872,0.09,
0.3,5,8,70,70,70,292,292,5385.87,82.1,280.1,176.26,19.03,0.158898,0.329891,0.23392,0.228119,0.039038,0.48203,0.0885,0.09,
0.3,5,9,70,70,70,296,296,5800.41,79.8,285.1,158.22,19.27,0.160499,0.310126,0.229122,0.229263,0.033823,0.47737,0.0879,0.09,
0.3,5.5,0,70,70,70,352,352,5915.65,79.8,341.4,160.63,20.46,0.136958,0.347484,0.232482,0.233016,0.042954,0.48011,0.0858,0.09,
0.3,5.5,1,70,70,70,306,306,5453.07,79.8,295.1,155.49,18.88,0.138231,0.354782,0.223892,0.224967,0.040311,0.47129,0.0864,0.09,
0.3,5.5,2,70,70,70,325,325,5373.71,79.8,315.9,162.87,18.75,0.100992,0.346902,0.234136,0.232423,0.041254,0.48193,0.0873,0.09,
0.3,5.5,3,70,70,70,379,379,5469.73,79.8,365.1,165.85,18.99,0.134176,0.339646,0.226784,0.222641,0.04134,0.47432,0.0867,0.09,
0.3,5.5,4,70,70,70,360,360,6255.13,84.5,350.1,172.16,20.4,0.144855,0.308439,0.232017,0.235945,0.037096,0.48013,0.0869,0.09,
0.3,5.5,5,70,70,70,298,298,5378.63,80.1,287.3,174.83,18.88,0.155438,0.394405,0.235223,0.227094,0.043651,0.48302,0.0876,0.09,
0.3,5.5,6,70,70,70,318,318,5854.1,79.8,305.1,177.2,19.7,0.134851,0.308167,0.224875,0.222492,0.04091,0.47223,0.0856,0.09,
0.3,5.5,7,70,70,70,331,331,6014.68,79.8,320.1,164.81,19.48,0.155042,0.317136,0.228973,0.227007,0.035891,0.47705,0.087,0.09,
0.3,5.5,8,70,70,70,345,345,5385.87,82.2,335.1,180.26,19.07,0.164287,0.328469,0.234616,0.227419,0.03968,0.48268,0.0886,0.09,
0.3,5.5,9,70,70,70,296,296,5800.41,79.8,285.1,162.78,19.26,0.16743,0.310475,0.22758,0.22489,0.032966,0.47582,0.0876,0.09,
0.3,6,0,70,70,70,356,356,5915.65,79.8,345.1,163.62,20.47,0.134246,0.38015,0.235227,0.234009,0.047181,0.48258,0.0862,0.09,
0.3,6,1,70,70,70,311,311,5453.07,79.8,300.1,158.77,18.72,0.137433,0.360133,0.220553,0.224398,0.040914,0.46764,0.0858,0.09,
0.3,6,2,70,70,70,355,355,5373.71,79.8,345.1,172.51,18.82,0.117592,0.352423,0.232328,0.23101,0.044452,0.47977,0.0869,0.09,
0.3,6,3,70,70,70,379,379,5469.73,79.8,365.1,176.09,19.21,0.114793,0.344285,0.22646,0.223329,0.043083,0.47376,0.0864,0.09,
0.3,6,4,70,70,70,379,379,6255.13,84.1,365.1,180.94,20.44,0.136651,0.310733,0.233001,0.239468,0.035881,0.48126,0.0869,0.09,
0.3,6,5,70,70,70,322,322,5378.63,80.1,310.1,181.53,19.08,0.155657,0.395157,0.233759,0.225126,0.044417,0.48145,0.0872,0.09,
0.3,6,6,70,70,70,318,318,5854.1,79.8,305.1,180.35,19.73,0.140675,0.326871,0.228447,0.226865,0.044466,0.47569,0.0862,0.09,
0.3,6,7,70,70,70,331,331,6014.68,79.8,320.1,167.06,19.47,0.143706,0.324855,0.228522,0.225195,0.039719,0.47625,0.0869,0.09,
0.3,6,8,70,70,70,350,350,5385.87,81.6,340.1,186.67,19.16,0.134711,0.332751,0.232425,0.229857,0.040022,0.48032,0.0879,0.09,
0.3,6,9,70,70,70,296,296,5800.41,79.8,285.7,165.43,19.29,0.116205,0.315501,0.226903,0.226992,0.039058,0.47452,0.0873,0.09,
0.3,6.5,0,70,70,70,356,356,5915.65,79.8,345.1,168.49,20.71,0.139669,0.349768,0.231557,0.231053,0.045293,0.47887,0.0859,0.09,
0.3,6.5,1,70,70,70,311,311,5453.07,79.8,300.1,162.36,18.95,0.129093,0.364314,0.218671,0.219316,0.044402,0.46526,0.0855,0.09,
0.3,6.5,2,70,70,70,355,355,5373.71,79.8,345.1,176.51,19.22,0.114385,0.356675,0.232936,0.230601,0.048355,0.48003,0.0869,0.09,
0.3,6.5,3,70,70,70,379,379,5469.73,79.8,365.1,178.78,19.45,0.118868,0.341728,0.225409,0.222135,0.04395,0.47257,0.0861,0.09,
0.3,6.5,4,70,70,70,384,384,6255.13,79.8,370.1,184.27,20.8,0.131002,0.309147,0.228663,0.233379,0.036993,0.4766,0.0861,0.09,
0.3,6.5,5,70,70,70,322,322,5378.63,80.1,310.1,185.03,19.28,0.155814,0.423963,0.232157,0.221065,0.047277,0.47954,0.0868,0.09,
0.3,6.5,6,70,70,70,338,338,5854.1,79.8,325.1,185.7,20.05,0.14655,0.346084,0.227422,0.223414,0.043171,0.47477,0.0859,0.09,
0.3,6.5,7,70,70,70,332,332,6014.68,79.8,321.2,169.71,19.69,0.144482,0.3312,0.226602,0.224531,0.040698,0.47412,0.0866,0.09,
0.3,6.5,8,70,70,70,350,350,5385.87,81,340.1,189.87,19.4,0.130092,0.334432,0.228885,0.22864,0.040046,0.47658,0.0871,0.09,
0.3,6.5,9,70,70,70,301,301,5800.41,79.8,290.1,167.74,19.6,0.117355,0.317875,0.2239,0.226757,0.039231,0.47132,0.0867,0.09,
0.3,7,0,70,70,70,356,356,5915.65,79.8,345.1,172.44,21.06,0.133796,0.336211,0.229698,0.23031,0.048168,0.47659,0.0853,0.09,
0.3,7,1,70,70,70,317,317,5453.07,79.9,307.9,167.97,19.44,0.123675,0.368081,0.213424,0.214418,0.05021,0.45885,0.0842,0.09,
0.3,7,2,70,70,70,398,398,5373.71,82.6,385.1,186.12,19.62,0.133526,0.352399,0.227129,0.227021,0.046412,0.47413,0.086,0.09,
0.3,7,3,70,70,70,379,379,5469.73,79.8,365.4,182.9,19.73,0.116282,0.339747,0.224035,0.221346,0.045119,0.47095,0.0858,0.09,
0.3,7,4,70,70,70,385,385,6255.13,79.8,375.1,190.13,21.07,0.125314,0.304849,0.224425,0.225989,0.037794,0.47203,0.085,0.09,
0.3,7,5,70,70,70,322,322,5378.63,92.9,310.1,190.07,19.46,0.155339,0.431542,0.230066,0.218013,0.050665,0.47699,0.0863,0.09,
0.3,7,6,70,70,70,347,347,5854.1,79.8,336.4,189.67,20.23,0.142205,0.351707,0.228569,0.223284,0.045054,0.47579,0.0861,0.09,
0.3,7,7,70,70,70,336,336,6014.68,79.8,325.1,172.84,20.03,0.139544,0.336302,0.222036,0.219996,0.043508,0.46898,0.0858,0.09,
0.3,7,8,70,70,70,415,415,5385.87,80.5,405.1,192.16,19.71,0.128238,0.311135,0.227713,0.224827,0.039468,0.4754,0.0868,0.09,
0.3,7,9,70,70,70,301,301,5800.41,79.8,290.1,173.94,19.79,0.111066,0.315665,0.220066,0.221653,0.037305,0.46735,0.086,0.09,
0.31,3,0,70,70,70,346,346,5915.65,79.8,335.1,140.46,20.23,0.169142,0.340746,0.242685,0.237338,0.03394,0.49147,0.0881,0.09,
0.31,3,1,70,70,70,241,241,5453.07,79.8,230.1,137.8,18.58,0.161795,0.308276,0.232338,0.232248,0.030245,0.48099,0.0881,0.09,
0.31,3,2,70,70,70,315,315,5373.71,79.8,305.1,142.95,18.49,0.124816,0.326293,0.235293,0.23363,0.038867,0.48338,0.0881,0.09,
0.31,3,3,70,70,70,272,272,5469.73,79.8,261.6,140.92,18.56,0.170189,0.325756,0.238553,0.234033,0.031036,0.48742,0.0892,0.09,
0.31,3,4,70,70,70,275,275,6255.13,79.8,265.1,146.43,19.86,0.154661,0.30028,0.239929,0.239476,0.029551,0.48889,0.0887,0.09,
0.31,3,5,70,70,70,276,276,5378.63,79.8,265.1,146.93,18.43,0.170814,0.360757,0.241081,0.233967,0.034615,0.48981,0.0891,0.09,
0.31,3,6,70,70,70,250,250,5854.1,79.8,239.8,146.7,19.19,0.159796,0.332649,0.235913,0.236069,0.037505,0.48418,0.0879,0.09,
0.31,3,7,70,70,70,303,303,6014.68,79.8,290.1,143.99,19.29,0.162283,0.322609,0.233697,0.229874,0.035909,0.48201,0.0879,0.09,
0.31,3,8,70,70,70,245,245,5385.87,79.8,235.1,150.8,18.42,0.157743,0.363818,0.234728,0.2302,0.038253,0.48294,0.0888,0.09,
0.31,3,9,70,70,70,286,286,5800.41,79.8,275.1,147.93,19.07,0.16811,0.301383,0.235502,0.23429,0.028491,0.48441,0.089,0.09,
0.31,3.5,0,70,70,70,350,350,5915.65,79.8,339.9,146.01,20.45,0.171443,0.354469,0.242146,0.236592,0.035048,0.49084,0.088,0.09,
0.31,3.5,1,70,70,70,306,306,5453.07,79.8,295.1,145.69,18.85,0.160808,0.303647,0.230671,0.232503,0.032908,0.47905,0.0879,0.09,
0.31,3.5,2,70,70,70,320,320,5373.71,79.8,310.1,149.54,18.68,0.128342,0.333259,0.237396,0.234059,0.038598,0.48561,0.0884,0.09,
0.31,3.5,3,70,70,70,286,286,5469.73,79.8,275.1,149.5,18.71,0.18263,0.332259,0.235341,0.228288,0.03294,0.48399,0.0886,0.09,
0.31,3.5,4,70,70,70,350,350,6255.13,79.8,340.1,153.7,20.09,0.112222,0.302918,0.239003,0.243166,0.032003,0.48771,0.0885,0.09,
0.31,3.5,5,70,70,70,283,283,5378.63,80.1,271.1,156.97,18.6,0.172619,0.371448,0.237898,0.229188,0.036937,0.48639,0.0883,0.09,
0.31,3.5,6,70,70,70,261,261,5854.1,79.8,250.1,158.81,19.37,0.15968,0.340611,0.233595,0.235326,0.036804,0.48183,0.0877,0.09,
0.31,3.5,7,70,70,70,308,308,6014.68,79.8,295.1,152.29,19.32,0.16254,0.331764,0.23202,0.226994,0.035338,0.48032,0.0876,0.09,
0.31,3.5,8,70,70,70,262,262,5385.87,79.8,250.1,158.2,18.51,0.160578,0.316561,0.236203,0.230558,0.036886,0.48456,0.0892,0.09,
0.31,3.5,9,70,70,70,291,291,5800.41,79.8,280.1,152.72,19.15,0.171977,0.304847,0.233897,0.235246,0.028758,0.48273,0.0887,0.09,
0.31,4,0,70,70,70,351,351,5915.65,79.8,340.1,150.71,20.06,0.173623,0.338902,0.240517,0.237388,0.0366,0.48906,0.0877,0.09,
0.31,4,1,70,70,70,306,306,5453.07,79.8,295.1,150.89,18.6,0.137813,0.311552,0.229321,0.229241,0.035304,0.47743,0.0876,0.09,
0.31,4,2,70,70,70,325,325,5373.71,79.8,315.1,154.65,18.5,0.133788,0.347145,0.23884,0.235419,0.041685,0.48685,0.0884,0.09,
0.31,4,3,70,70,70,298,298,5469.73,79.8,290.1,156.47,18.67,0.161764,0.337982,0.23506,0.229032,0.034414,0.48357,0.0884,0.09,
0.31,4,4,70,70,70,355,355,6255.13,79.8,345.1,160.94,19.84,0.103548,0.302704,0.23864,0.238369,0.035,0.48709,0.0883,0.09,
0.31,4,5,70,70,70,291,291,5378.63,80.1,280.1,167.75,18.5,0.168924,0.380981,0.239942,0.234838,0.037978,0.4884,0.0884,0.09,
0.31,4,6,70,70,70,305,305,5854.1,79.8,292.6,165.73,19.06,0.155116,0.349079,0.234791,0.231836,0.038125,0.48299,0.0878,0.09,
0.31,4,7,70,70,70,309,309,6014.68,79.8,296.2,158,19.07,0.161876,0.337463,0.233025,0.227858,0.037598,0.48121,0.0878,0.09,
0.31,4,8,70,70,70,278,278,5385.87,79.8,269.3,171.99,18.55,0.174195,0.325022,0.235606,0.233358,0.035867,0.48402,0.0889,0.09,
0.31,4,9,70,70,70,295,295,5800.41,79.8,284.3,157.2,18.91,0.170809,0.303819,0.23396,0.233203,0.030898,0.48265,0.0888,0.09,
0.31,4.5,0,70,70,70,351,351,5915.65,79.8,340.1,157.35,20.13,0.169891,0.355388,0.240555,0.235366,0.039764,0.48886,0.0874,0.09,
0.31,4.5,1,70,70,70,306,306,5453.07,79.8,295.1,153.96,18.57,0.133375,0.322488,0.228011,0.225747,0.036141,0.47598,0.0873,0.09,
0.31,4.5,2,70,70,70,325,325,5373.71,79.8,315.1,161.36,18.46,0.142475,0.354424,0.236959,0.234682,0.041159,0.48499,0.088,0.09,
0.31,4.5,3,70,70,70,374,374,5469.73,79.8,360.1,162.16,18.68,0.150425,0.342827,0.23256,0.228564,0.037937,0.4807,0.0881,0.09,
0.31,4.5,4,70,70,70,355,355,6255.13,79.8,345.1,171.65,19.9,0.110471,0.306398,0.23829,0.241078,0.035154,0.48676,0.0881,0.09,
0.31,4.5,5,70,70,70,317,317,5378.63,80.1,306.8,178.56,18.52,0.159174,0.389971,0.237647,0.228845,0.039039,0.48593,0.0881,0.09,
0.31,4.5,6,70,70,70,313,313,5854.1,79.8,300.1,172.4,19.23,0.151756,0.320264,0.23317,0.227418,0.039149,0.48118,0.0874,0.09,
0.31,4.5,7,70,70,70,313,313,6014.68,79.8,300.1,162.44,18.97,0.161896,0.313303,0.234397,0.230563,0.036293,0.4827,0.0878,0.09,
0.31,4.5,8,70,70,70,292,292,5385.87,79.8,280.1,180.25,18.68,0.16887,0.322758,0.236975,0.229628,0.036294,0.48541,0.0889,0.09,
0.31,4.5,9,70,70,70,296,296,5800.41,79.8,285.1,160.4,18.72,0.161297,0.305806,0.230835,0.228367,0.030746,0.47939,0.0882,0.09,
0.31,5,0,70,70,70,356,356,5915.65,79.8,345.1,160.45,19.89,0.143636,0.354298,0.238259,0.234329,0.04102,0.48636,0.0869,0.09,
0.31,5,1,70,70,70,306,306,5453.07,79.8,295.1,156.47,18.4,0.141844,0.35661,0.226299,0.224669,0.03826,0.47406,0.0869,0.09,
0.31,5,2,70,70,70,330,330,5373.71,79.8,320.1,166.3,18.46,0.101562,0.348477,0.236814,0.232394,0.04166,0.4847,0.0878,0.09,
0.31,5,3,70,70,70,379,379,5469.73,79.8,365.1,168.53,18.64,0.140262,0.348128,0.229166,0.22291,0.04031,0.47694,0.0874,0.09,
0.31,5,4,70,70,70,379,379,6255.13,79.8,365.1,177.76,19.65,0.140496,0.309553,0.237614,0.237703,0.037281,0.48593,0.0877,0.09,
0.31,5,5,70,70,70,320,320,5378.63,80.3,310.1,183.67,18.51,0.165822,0.398073,0.237543,0.229344,0.040347,0.48572,0.0881,0.09,
0.31,5,6,70,70,70,318,318,5854.1,79.8,305.1,177.8,18.95,0.141105,0.318319,0.230682,0.224316,0.039412,0.47853,0.0869,0.09,
0.31,5,7,70,70,70,331,331,6014.68,79.8,320.1,168.38,18.91,0.156197,0.325419,0.231951,0.231988,0.038169,0.47999,0.0874,0.09,
0.31,5,8,70,70,70,345,345,5385.87,91.6,335.1,190.46,18.59,0.148472,0.312288,0.234462,0.232332,0.036104,0.48278,0.0884,0.09,
0.31,5,9,70,70,70,296,296,5800.41,79.8,285.1,163.64,18.65,0.128145,0.306215,0.229231,0.227548,0.034027,0.47743,0.0878,0.09,
0.31,5.5,0,70,70,70,356,356,5915.65,79.8,345.1,163.26,19.84,0.139944,0.36436,0.23602,0.232682,0.044663,0.48366,0.0864,0.09,
0.31,5.5,1,70,70,70,307,307,5453.07,79.8,296.4,160.84,18.29,0.145911,0.361774,0.224132,0.225867,0.040975,0.47149,0.0865,0.09,
0.31,5.5,2,70,70,70,370,370,5373.71,79.8,360.1,173.77,18.38,0.108424,0.351661,0.234191,0.233074,0.04331,0.48186,0.0873,0.09,
0.31,5.5,3,70,70,70,379,379,5469.73,79.8,365.1,178.01,18.62,0.131559,0.353032,0.228409,0.224184,0.041941,0.47599,0.0869,0.09,
0.31,5.5,4,70,70,70,379,379,6255.13,85.1,365.1,189.7,19.91,0.149598,0.312855,0.235086,0.237596,0.035863,0.48346,0.0872,0.09,
0.31,5.5,5,70,70,70,325,325,5378.63,80.5,315.1,191.6,18.41,0.12717,0.405856,0.234933,0.229955,0.043411,0.4827,0.0875,0.09,
0.31,5.5,6,70,70,70,319,319,5854.1,79.8,306.4,187.75,19.12,0.141784,0.320747,0.226969,0.224542,0.039979,0.47459,0.0863,0.09,
0.31,5.5,7,70,70,70,331,331,6014.68,79.8,320.1,172.34,18.78,0.151958,0.33547,0.229306,0.226077,0.03854,0.47719,0.0869,0.09,
0.31,5.5,8,70,70,70,349,349,5385.87,85.1,339.8,196.87,18.57,0.14447,0.315411,0.233178,0.22701,0.038553,0.48124,0.088,0.09,
0.31,5.5,9,70,70,70,299,299,5800.41,79.8,288.5,168.79,18.67,0.119104,0.307313,0.228486,0.226652,0.036608,0.47643,0.0877,0.09,
0.31,6,0,70,70,70,356,356,5915.65,79.8,345.1,169.48,20.11,0.138852,0.359702,0.235958,0.236492,0.044432,0.48359,0.0867,0.09,
0.31,6,1,70,70,70,311,311,5453.07,79.8,300.1,163.33,18.56,0.144899,0.366356,0.223453,0.222998,0.042401,0.47063,0.0863,0.09,
0.31,6,2,70,70,70,398,398,5373.71,79.8,385.1,180.69,18.75,0.121778,0.360452,0.234337,0.231888,0.045058,0.48187,0.0874,0.09,
0.31,6,3,70,70,70,379,379,5469.73,79.8,365.1,184.87,18.83,0.118479,0.356062,0.228098,0.223963,0.042244,0.4756,0.0868,0.09,
0.31,6,4,70,70,70,379,379,6255.13,85.1,365.1,193.28,20.02,0.140812,0.315622,0.234705,0.235001,0.035891,0.48306,0.0871,0.09,
0.31,6,5,70,70,70,335,335,5378.63,80.6,325.1,197.04,18.82,0.126034,0.418201,0.23533,0.22706,0.044743,0.48304,0.0875,0.09,
0.31,6,6,70,70,70,328,328,5854.1,79.8,315.1,191.06,19.33,0.154207,0.323609,0.228795,0.226127,0.042217,0.47631,0.0864,0.09,
0.31,6,7,70,70,70,336,336,6014.68,79.8,325.1,173.71,19.11,0.151158,0.343804,0.229428,0.226396,0.041756,0.47704,0.087,0.09,
0.31,6,8,70,70,70,350,350,5385.87,84.8,340.1,196.99,18.69,0.140467,0.322482,0.23285,0.232429,0.040483,0.48074,0.0879,0.09,
0.31,6,9,70,70,70,301,301,5800.41,79.8,290.1,171.25,18.79,0.121479,0.304893,0.226174,0.224111,0.036938,0.47394,0.0873,0.09,
0.31,6.5,0,70,70,70,356,356,5915.65,79.8,345.1,172.49,19.98,0.144722,0.357778,0.235026,0.232932,0.044696,0.4826,0.0863,0.09,
0.31,6.5,1,70,70,70,311,311,5453.07,79.8,300.1,168.57,18.38,0.130374,0.370268,0.219272,0.220932,0.044981,0.46585,0.0855,0.09,
0.31,6.5,2,70,70,70,398,398,5373.71,80.5,385.1,188.17,18.48,0.131534,0.361569,0.231043,0.225116,0.048148,0.47813,0.0867,0.09,
0.31,6.5,3,70,70,70,384,384,5469.73,79.8,370.1,188.91,18.67,0.122612,0.355011,0.228465,0.225311,0.043561,0.47585,0.0865,0.09,
0.31,6.5,4,70,70,70,385,385,6255.13,79.8,375.1,195.32,19.99,0.130406,0.3186,0.230043,0.235242,0.035692,0.47818,0.0861,0.09,
0.31,6.5,5,70,70,70,352,352,5378.63,80.6,340.1,201.1,18.76,0.151894,0.417655,0.232623,0.225061,0.045407,0.4802,0.087,0.09,
0.31,6.5,6,70,70,70,351,351,5854.1,79.8,340.1,194.92,19.19,0.154282,0.326277,0.229911,0.226147,0.041302,0.47757,0.0867,0.09,
0.31,6.5,7,70,70,70,336,336,6014.68,79.8,325.1,174.29,18.86,0.148381,0.350602,0.228928,0.229929,0.040948,0.47658,0.087,0.09,
0.31,6.5,8,70,70,70,415,415,5385.87,85.6,405.1,200.72,18.86,0.135788,0.327203,0.227309,0.225463,0.040059,0.47493,0.087,0.09,
0.31,6.5,9,70,70,70,301,301,5800.41,79.8,290.1,174.32,18.73,0.122485,0.314054,0.225576,0.223355,0.038877,0.47313,0.0869,0.09,
0.31,7,0,70,70,70,356,356,5915.65,79.8,345.1,178.53,19.8,0.137499,0.355908,0.232653,0.229723,0.046869,0.47989,0.0859,0.09,
0.31,7,1,70,70,70,320,320,5453.07,80.4,310.1,175.83,18.39,0.111419,0.373682,0.211769,0.211281,0.050066,0.45704,0.0837,0.09,
0.31,7,2,70,70,70,398,398,5373.71,83.6,385.1,195.59,18.67,0.142995,0.370813,0.226452,0.224011,0.045588,0.47354,0.0859,0.09,
0.31,7,3,70,70,70,384,384,5469.73,79.8,370.1,192.01,18.49,0.123615,0.35316,0.225694,0.221533,0.046775,0.47259,0.0859,0.09,
0.31,7,4,70,70,70,390,390,6255.13,79.8,380.1,202.11,19.77,0.132076,0.32069,0.224639,0.220394,0.036631,0.47239,0.0852,0.09,
0.31,7,5,70,70,70,352,352,5378.63,94.8,340.1,205.03,18.5,0.152882,0.415941,0.230163,0.223075,0.048427,0.47729,0.0864,0.09,
0.31,7,6,70,70,70,351,351,5854.1,79.8,340.1,198.97,19.05,0.152323,0.351515,0.231223,0.226553,0.045722,0.47856,0.0866,0.09,
0.31,7,7,70,70,70,336,336,6014.68,79.8,325.1,177.86,18.72,0.139845,0.356062,0.223578,0.219012,0.044177,0.47058,0.086,0.09,
0.31,7,8,70,70,70,420,420,5385.87,89.5,410.1,206.15,18.55,0.128141,0.309967,0.221385,0.220036,0.042015,0.46838,0.0858,0.09,
0.31,7,9,70,70,70,303,303,5800.41,79.8,292.7,178.59,18.37,0.11559,0.317947,0.223855,0.224286,0.038225,0.47135,0.0867,0.09,
0.32,3,0,70,70,70,346,346,5915.65,79.8,335.1,145.69,19.42,0.176931,0.351266,0.243813,0.241662,0.033507,0.49265,0.0884,0.09,
0.32,3,1,70,70,70,306,306,5453.07,79.8,295.1,142.87,17.89,0.169059,0.301298,0.232113,0.231203,0.031173,0.48069,0.0881,0.09,
0.32,3,2,70,70,70,320,320,5373.71,79.8,310.1,150,17.68,0.130517,0.33962,0.2392,0.235329,0.038848,0.48746,0.0886,0.09,
0.32,3,3,70,70,70,284,284,5469.73,79.8,273.6,148.45,17.78,0.177603,0.332033,0.238883,0.233242,0.031831,0.48772,0.0891,0.09,
0.32,3,4,70,70,70,330,330,6255.13,79.8,320.1,152.18,18.9,0.158186,0.303553,0.241001,0.243357,0.029942,0.48997,0.0889,0.09,
0.32,3,5,70,70,70,281,281,5378.63,80.1,270.1,156.22,17.48,0.174832,0.368903,0.238934,0.227969,0.036263,0.48751,0.0887,0.09,
0.32,3,6,70,70,70,259,259,5854.1,79.8,248.8,156.11,18.26,0.16672,0.336605,0.237861,0.237205,0.036689,0.48628,0.0882,0.09,
0.32,3,7,70,70,70,304,304,6014.68,79.8,291.2,150.28,18.23,0.169706,0.324264,0.233064,0.229856,0.033388,0.48156,0.0878,0.09,
0.32,3,8,70,70,70,262,262,5385.87,79.8,250.1,157.46,17.5,0.156014,0.316005,0.235524,0.229167,0.03629,0.4839,0.0892,0.09,
0.32,3,9,70,70,70,291,291,5800.41,79.8,280.1,152.8,17.93,0.177527,0.305173,0.236217,0.237631,0.02953,0.48509,0.089,0.09,
0.32,3.5,0,70,70,70,351,351,5915.65,79.8,340.1,150.55,19.3,0.179367,0.337102,0.243912,0.242797,0.034707,0.49266,0.0883,0.09,
0.32,3.5,1,70,70,70,306,306,5453.07,79.8,295.1,149.42,17.86,0.167602,0.310702,0.230954,0.231944,0.032922,0.47937,0.0879,0.09,
0.32,3.5,2,70,70,70,325,325,5373.71,79.8,315.1,156.1,17.65,0.134195,0.336121,0.238567,0.236389,0.039883,0.48672,0.0884,0.09,
0.32,3.5,3,70,70,70,295,295,5469.73,79.8,284.5,155.66,17.85,0.172413,0.338301,0.235383,0.23029,0.032363,0.48406,0.0886,0.09,
0.32,3.5,4,70,70,70,350,350,6255.13,79.8,340.1,161.38,18.83,0.116022,0.30755,0.239449,0.24164,0.034857,0.48797,0.0884,0.09,
0.32,3.5,5,70,70,70,304,304,5378.63,80.3,294.4,169.96,17.71,0.174066,0.376946,0.240158,0.231776,0.037837,0.48864,0.0887,0.09,
0.32,3.5,6,70,70,70,303,303,5854.1,79.8,290.1,165.87,18.23,0.157167,0.365601,0.237149,0.235708,0.037257,0.48551,0.0882,0.09,
0.32,3.5,7,70,70,70,308,308,6014.68,79.8,295.1,159.28,18.19,0.172127,0.329717,0.234103,0.229519,0.034627,0.48256,0.088,0.09,
0.32,3.5,8,70,70,70,276,276,5385.87,79.8,264.4,170.3,17.55,0.177251,0.322348,0.237123,0.230906,0.036461,0.48556,0.0893,0.09,
0.32,3.5,9,70,70,70,291,291,5800.41,79.8,280.1,158.39,17.91,0.170857,0.309057,0.236313,0.234274,0.02984,0.48516,0.0891,0.09,
0.32,4,0,70,70,70,351,351,5915.65,79.8,340.1,156.11,19.52,0.17465,0.35578,0.241724,0.241058,0.039079,0.49012,0.0878,0.09,
0.32,4,1,70,70,70,306,306,5453.07,79.8,295.1,154.21,17.92,0.143111,0.315302,0.230947,0.232776,0.035473,0.47913,0.0878,0.09,
0.32,4,2,70,70,70,325,325,5373.71,79.8,315.6,161.24,17.8,0.140492,0.350598,0.238045,0.23676,0.040987,0.48613,0.0882,0.09,
0.32,4,3,70,70,70,374,374,5469.73,79.8,360.1,164.74,17.95,0.167471,0.343891,0.233974,0.229821,0.035529,0.48238,0.0884,0.09,
0.32,4,4,70,70,70,355,355,6255.13,79.8,345.1,171.45,19.07,0.10733,0.31108,0.240443,0.243445,0.035542,0.48892,0.0884,0.09,
0.32,4,5,70,70,70,314,314,5378.63,81.1,304.4,175.86,17.7,0.172535,0.386882,0.241464,0.229942,0.039215,0.48988,0.0887,0.09,
0.32,4,6,70,70,70,313,313,5854.1,79.8,300.1,172.76,18.41,0.153119,0.354432,0.237385,0.235824,0.038571,0.48564,0.0882,0.09,
0.32,4,7,70,70,70,313,313,6014.68,79.8,300.1,164.36,18.31,0.164563,0.334599,0.233936,0.231871,0.037018,0.48219,0.0879,0.09,
0.32,4,8,70,70,70,292,292,5385.87,79.8,280.1,182.72,17.86,0.169844,0.321666,0.238913,0.235931,0.035939,0.48743,0.0893,0.09,
0.32,4,9,70,70,70,296,296,5800.41,79.8,285.1,162.17,18.03,0.17347,0.313458,0.233258,0.231189,0.029632,0.48201,0.0886,0.09,
0.32,4.5,0,70,70,70,356,356,5915.65,79.8,345.1,162.29,19.8,0.170122,0.371748,0.240476,0.237289,0.040089,0.48878,0.0875,0.09,
0.32,4.5,1,70,70,70,307,307,5453.07,79.8,296.7,157.5,18.31,0.143638,0.316461,0.229529,0.230791,0.035272,0.47766,0.0876,0.09,
0.32,4.5,2,70,70,70,330,330,5373.71,79.8,320.1,167.39,18.27,0.150234,0.345679,0.239496,0.233321,0.040387,0.48768,0.0884,0.09,
0.32,4.5,3,70,70,70,379,379,5469.73,79.8,365.1,171.91,18.53,0.15648,0.349275,0.233834,0.228774,0.036947,0.4821,0.0884,0.09,
0.32,4.5,4,70,70,70,360,360,6255.13,79.8,350.1,180.54,19.47,0.11487,0.312904,0.240435,0.238884,0.035771,0.48892,0.0882,0.09,
0.32,4.5,5,70,70,70,320,320,5378.63,81.7,310.1,184.89,18.31,0.165484,0.3947,0.239637,0.232894,0.039702,0.48794,0.0885,0.09,
0.32,4.5,6,70,70,70,316,316,5854.1,79.8,303.3,178.08,18.76,0.151816,0.33759,0.235214,0.229162,0.039481,0.4833,0.0877,0.09,
0.32,4.5,7,70,70,70,331,331,6014.68,79.8,320.1,171.78,18.69,0.171059,0.330907,0.234128,0.229379,0.0374,0.48236,0.0878,0.09,
0.32,4.5,8,70,70,70,345,345,5385.87,79.8,335.1,193.2,18.42,0.159536,0.321484,0.236546,0.234129,0.036274,0.48495,0.0886,0.09,
0.32,4.5,9,70,70,70,296,296,5800.41,79.8,285.1,166.75,18.41,0.170501,0.317222,0.23284,0.230986,0.032057,0.4814,0.0885,0.09,
0.32,5,0,70,70,70,356,356,5915.65,79.8,345.1,165,19.97,0.148305,0.373857,0.240556,0.233371,0.043492,0.48856,0.0874,0.09,
0.32,5,1,70,70,70,311,311,5453.07,79.8,300.1,164.5,18.56,0.149382,0.315211,0.225771,0.22391,0.036524,0.4736,0.087,0.09,
0.32,5,2,70,70,70,372,372,5373.71,79.8,363,176.97,18.67,0.106988,0.353637,0.237753,0.239869,0.043571,0.48553,0.0878,0.09,
0.32,5,3,70,70,70,379,379,5469.73,79.8,365.1,181.36,18.94,0.144622,0.354054,0.228636,0.222576,0.039909,0.47643,0.0873,0.09,
0.32,5,4,70,70,70,379,379,6255.13,79.8,365.1,190.61,20.09,0.150524,0.311741,0.239029,0.242148,0.035142,0.48757,0.0878,0.09,
0.32,5,5,70,70,70,325,325,5378.63,82.3,315.1,193.22,18.65,0.138289,0.398558,0.237043,0.232158,0.041402,0.48511,0.088,0.09,
0.32,5,6,70,70,70,320,320,5854.1,79.8,307.5,185.16,19.09,0.147344,0.331247,0.233014,0.228375,0.039525,0.48099,0.0871,0.09,
0.32,5,7,70,70,70,331,331,6014.68,79.8,320.1,176.14,19.13,0.154785,0.307566,0.230463,0.229132,0.036901,0.47854,0.0873,0.09,
0.32,5,8,70,70,70,345,345,5385.87,96,335.1,198.69,18.8,0.156957,0.312686,0.235387,0.231518,0.036601,0.48372,0.0884,0.09,
0.32,5,9,70,70,70,301,301,5800.41,79.8,290.1,170.23,18.85,0.134081,0.318207,0.230506,0.224346,0.036078,0.47863,0.0879,0.09,
0.32,5.5,0,70,70,70,356,356,5915.65,79.8,345.1,168.67,20.24,0.141027,0.376293,0.24017,0.240576,0.046804,0.48781,0.0871,0.09,
0.32,5.5,1,70,70,70,311,311,5453.07,79.8,300.1,169.8,18.79,0.151797,0.334412,0.222716,0.219952,0.037669,0.47026,0.0865,0.09,
0.32,5.5,2,70,70,70,375,375,5373.71,79.8,365.1,184.11,18.81,0.113889,0.367658,0.235651,0.234981,0.043292,0.4834,0.0876,0.09,
0.32,5.5,3,70,70,70,379,379,5469.73,79.8,365.1,190.28,19.02,0.1346,0.358672,0.229669,0.224037,0.043003,0.47721,0.087,0.09,
0.32,5.5,4,70,70,70,379,379,6255.13,85.1,365.1,196.46,19.99,0.153967,0.31347,0.236883,0.241581,0.034638,0.48541,0.0875,0.09,
0.32,5.5,5,70,70,70,330,330,5378.63,82.7,320.1,199.55,18.74,0.133652,0.400265,0.238797,0.23391,0.043446,0.48673,0.0883,0.09,
0.32,5.5,6,70,70,70,323,323,5854.1,79.8,310.1,192.06,19.19,0.146082,0.334429,0.230636,0.221589,0.040575,0.47842,0.0869,0.09,
0.32,5.5,7,70,70,70,336,336,6014.68,79.8,325.1,178.78,18.98,0.156785,0.317706,0.228442,0.224804,0.037913,0.47635,0.0869,0.09,
0.32,5.5,8,70,70,70,350,350,5385.87,85.1,340.1,202.75,18.82,0.150328,0.331834,0.231742,0.227192,0.039847,0.47967,0.0877,0.09,
0.32,5.5,9,70,70,70,301,301,5800.41,79.8,290.1,173.69,18.54,0.12456,0.317473,0.230396,0.224474,0.038212,0.47833,0.0879,0.09,
0.32,6,0,70,70,70,360,360,5915.65,79.8,349.8,174.62,20.51,0.144692,0.363873,0.239116,0.235647,0.046623,0.4867,0.0871,0.09,
0.32,6,1,70,70,70,315,315,5453.07,86.6,305.1,175.1,19.12,0.149374,0.337125,0.222148,0.220636,0.03957,0.46949,0.0865,0.09,
0.32,6,2,70,70,70,398,398,5373.71,79.8,385.1,193.7,19.26,0.126026,0.376782,0.235025,0.231371,0.047164,0.48243,0.0874,0.09,
0.32,6,3,70,70,70,384,384,5469.73,79.8,370.1,194.06,19.54,0.123929,0.363004,0.228361,0.222341,0.044238,0.47574,0.0867,0.09,
0.32,6,4,70,70,70,385,385,6255.13,85.1,375.1,200.26,20.68,0.131979,0.31647,0.235411,0.234105,0.038293,0.48358,0.0871,0.09,
0.32,6,5,70,70,70,352,352,5378.63,82.8,340.1,202.9,19.39,0.133169,0.420339,0.237386,0.234918,0.044628,0.48521,0.0879,0.09,
0.32,6,6,70,70,70,351,351,5854.1,79.8,340.1,199.56,19.97,0.161837,0.321788,0.231409,0.227071,0.039269,0.47934,0.0871,0.09,
0.32,6,7,70,70,70,336,336,6014.68,79.8,325.1,180.81,19.65,0.159092,0.328989,0.23016,0.228543,0.040227,0.47795,0.0872,0.09,
0.32,6,8,70,70,70,415,415,5385.87,85.1,405.1,206.69,19.49,0.142826,0.340332,0.233736,0.226918,0.042895,0.48147,0.0879,0.09,
0.32,6,9,70,70,70,301,301,5800.41,79.8,290.1,177.41,19.19,0.123864,0.3167,0.230401,0.226553,0.038779,0.47826,0.0879,0.09,
0.32,6.5,0,70,70,70,361,361,5915.65,79.8,350.1,178.05,21.15,0.144185,0.367939,0.239662,0.237045,0.048131,0.48711,0.0871,0.09,
0.32,6.5,1,70,70,70,320,320,5453.07,79.8,310.7,178.88,19.71,0.139898,0.338591,0.21735,0.217068,0.044789,0.46377,0.0853,0.09,
0.32,6.5,2,70,70,70,398,398,5373.71,81.1,385.1,201.35,19.91,0.139951,0.360274,0.231465,0.22897,0.043997,0.479,0.087,0.09,
0.32,6.5,3,70,70,70,384,384,5469.73,79.8,370.1,197.59,19.93,0.126767,0.367267,0.228069,0.220755,0.045813,0.47531,0.0866,0.09,
0.32,6.5,4,70,70,70,390,390,6255.13,88.7,380.1,204.07,21.2,0.134769,0.319453,0.230628,0.232697,0.03815,0.47859,0.0862,0.09,
0.32,6.5,5,70,70,70,352,352,5378.63,92.3,340.1,209.07,19.87,0.16322,0.427854,0.23347,0.228725,0.045621,0.48108,0.0871,0.09,
0.32,6.5,6,70,70,70,351,351,5854.1,79.8,340.1,205.4,20.5,0.147116,0.329099,0.232574,0.230567,0.039698,0.48051,0.0871,0.09,
0.32,6.5,7,70,70,70,336,336,6014.68,79.8,325.1,183.42,20.08,0.148265,0.332845,0.226934,0.223689,0.042431,0.47433,0.0866,0.09,
0.32,6.5,8,70,70,70,420,420,5385.87,86.5,410.1,210.06,19.91,0.141557,0.339693,0.226992,0.223334,0.041896,0.47445,0.0866,0.09,
0.32,6.5,9,70,70,70,412,412,5800.41,79.8,400.1,184.17,19.85,0.11966,0.312793,0.229307,0.227181,0.038015,0.47715,0.0875,0.09,
0.32,7,0,70,70,70,361,361,5915.65,79.8,350.1,185.93,21.09,0.136537,0.375161,0.235346,0.224478,0.050191,0.48243,0.0863,0.09,
0.32,7,1,70,70,70,325,325,5453.07,81,315.1,182.64,19.51,0.115532,0.380305,0.215372,0.213393,0.051142,0.46092,0.0843,0.09,
0.32,7,2,70,70,70,398,398,5373.71,84.5,385.1,209.6,19.74,0.157954,0.345269,0.230142,0.227985,0.042808,0.47769,0.0867,0.09,
0.32,7,3,70,70,70,384,384,5469.73,79.8,370.1,199.58,19.71,0.131964,0.352656,0.230088,0.224095,0.047855,0.47718,0.0867,0.09,
0.32,7,4,70,70,70,393,393,6255.13,104,380.1,210.67,20.78,0.136492,0.322276,0.228379,0.230203,0.038493,0.47619,0.0858,0.09,
0.32,7,5,70,70,70,357,357,5378.63,95.1,345.1,213.12,19.38,0.151497,0.439788,0.232506,0.230341,0.04863,0.47977,0.0867,0.09,
0.32,7,6,70,70,70,369,369,5854.1,79.8,355.1,214.94,20.18,0.144298,0.337319,0.227886,0.22805,0.041803,0.4754,0.0862,0.09,
0.32,7,7,70,70,70,341,341,6014.68,79.8,330.1,187.95,19.75,0.146411,0.338264,0.2254,0.219135,0.042973,0.47265,0.0864,0.09,
0.32,7,8,70,70,70,420,420,5385.87,90,410.1,216.37,19.6,0.12685,0.324883,0.221342,0.216847,0.043123,0.46825,0.0857,0.09,
0.32,7,9,70,70,70,412,412,5800.41,79.8,400.1,186.45,19.44,0.104072,0.31263,0.225808,0.222357,0.038956,0.47333,0.0867,0.09,
0.33,3,0,70,70,70,351,351,5915.65,79.8,340.1,150.06,19.91,0.18506,0.331653,0.244243,0.241009,0.032741,0.49314,0.0885,0.09,
0.33,3,1,70,70,70,306,306,5453.07,79.8,295.1,146.48,18.45,0.176065,0.319793,0.232432,0.232538,0.03158,0.48102,0.0882,0.09,
0.33,3,2,70,70,70,324,324,5373.71,79.8,314.3,154.18,18.29,0.136484,0.344418,0.239983,0.23671,0.040385,0.48817,0.0886,0.09,
0.33,3,3,70,70,70,290,290,5469.73,79.8,279.1,155.21,18.5,0.172205,0.332151,0.237689,0.233404,0.032157,0.48645,0.0889,0.09,
0.33,3,4,70,70,70,335,335,6255.13,79.8,325.1,159.5,19.5,0.16347,0.304472,0.241429,0.242028,0.029326,0.49045,0.089,0.09,
0.33,3,5,70,70,70,300,300,5378.63,80.5,290.1,163.88,18.26,0.177195,0.38879,0.240598,0.232313,0.037797,0.48913,0.089,0.09,
0.33,3,6,70,70,70,266,266,5854.1,79.8,255.1,161.82,18.82,0.16107,0.34923,0.238497,0.236249,0.036212,0.48697,0.0885,0.09,
0.33,3,7,70,70,70,308,308,6014.68,79.8,295.1,158.11,18.9,0.167718,0.32432,0.233734,0.231417,0.032795,0.4823,0.088,0.09,
0.33,3,8,70,70,70,267,267,5385.87,79.8,255.9,166.12,18.11,0.177397,0.318277,0.237422,0.230657,0.034157,0.48604,0.0895,0.09,
0.33,3,9,70,70,70,291,291,5800.41,79.8,280.1,157.73,18.59,0.176027,0.307137,0.236698,0.234323,0.028417,0.48566,0.0891,0.09,
0.33,3.5,0,70,70,70,351,351,5915.65,79.8,340.1,157.81,19.8,0.187675,0.351035,0.244006,0.239167,0.035749,0.4927,0.0883,0.09,
0.33,3.5,1,70,70,70,306,306,5453.07,79.8,295.1,154.96,18.28,0.167295,0.325649,0.23161,0.230405,0.03358,0.48001,0.088,0.09,
0.33,3.5,2,70,70,70,325,325,5373.71,79.8,315.1,161.78,18.19,0.140334,0.348746,0.23977,0.237684,0.0406,0.48795,0.0886,0.09,
0.33,3.5,3,70,70,70,326,326,5469.73,79.8,315.1,164.74,18.46,0.178049,0.336137,0.237601,0.230862,0.032796,0.48632,0.0889,0.09,
0.33,3.5,4,70,70,70,355,355,6255.13,79.8,345.1,172.75,19.74,0.11986,0.30964,0.240039,0.240864,0.033039,0.48872,0.0885,0.09,
0.33,3.5,5,70,70,70,310,310,5378.63,82.2,300.1,175.71,18.3,0.175604,0.384249,0.243693,0.23471,0.038652,0.49222,0.0891,0.09,
0.33,3.5,6,70,70,70,312,312,5854.1,79.8,299.7,171.62,18.98,0.151141,0.360521,0.238773,0.237551,0.037574,0.48716,0.0884,0.09,
0.33,3.5,7,70,70,70,313,313,6014.68,79.8,300.1,164.45,18.89,0.161902,0.331247,0.233497,0.234009,0.034716,0.4819,0.088,0.09,
0.33,3.5,8,70,70,70,292,292,5385.87,79.8,280.1,181.85,18.49,0.17827,0.319255,0.239478,0.23111,0.034882,0.48811,0.0895,0.09,
0.33,3.5,9,70,70,70,296,296,5800.41,79.8,285.1,163.01,18.66,0.175471,0.311748,0.234697,0.23515,0.02996,0.48348,0.0888,0.09,
0.33,4,0,70,70,70,356,356,5915.65,79.8,345.1,161.65,19.98,0.180911,0.368524,0.242479,0.23895,0.038106,0.49098,0.0878,0.09,
0.33,4,1,70,70,70,311,311,5453.07,79.8,300.1,160.28,18.46,0.148287,0.330949,0.233078,0.232239,0.03675,0.48126,0.088,0.09,
0.33,4,2,70,70,70,330,330,5373.71,79.8,320.1,169.16,18.31,0.147754,0.34555,0.239912,0.235859,0.041686,0.488,0.0885,0.09,
0.33,4,3,70,70,70,377,377,5469.73,79.8,363.8,174.94,18.78,0.173176,0.338131,0.235586,0.230659,0.033927,0.48416,0.0886,0.09,
0.33,4,4,70,70,70,355,355,6255.13,79.8,345.1,181.82,19.66,0.113818,0.314241,0.241529,0.245817,0.034109,0.49016,0.0884,0.09,
0.33,4,5,70,70,70,320,320,5378.63,83.4,310.1,185.51,18.46,0.171702,0.394491,0.241399,0.233135,0.041613,0.48963,0.0885,0.09,
0.33,4,6,70,70,70,315,315,5854.1,79.8,302.2,178.4,18.88,0.153958,0.369928,0.238823,0.233483,0.038933,0.48711,0.0884,0.09,
0.33,4,7,70,70,70,331,331,6014.68,79.8,320.1,172.25,18.89,0.173414,0.338025,0.232965,0.230966,0.037141,0.48118,0.0878,0.09,
0.33,4,8,70,70,70,343,343,5385.87,79.8,333.5,193.81,18.49,0.178548,0.327824,0.239833,0.236844,0.035634,0.48842,0.0893,0.09,
0.33,4,9,70,70,70,296,296,5800.41,79.8,285.1,169.51,18.56,0.16883,0.316046,0.235032,0.231527,0.031113,0.48375,0.0889,0.09,
0.33,4.5,0,70,70,70,356,356,5915.65,79.8,345.1,167.94,20,0.175104,0.35726,0.243412,0.238665,0.039606,0.49182,0.0879,0.09,
0.33,4.5,1,70,70,70,311,311,5453.07,79.8,300.1,165.27,18.63,0.152411,0.335808,0.228955,0.224428,0.037391,0.47691,0.0875,0.09,
0.33,4.5,2,70,70,70,335,335,5373.71,79.8,325.1,175.09,18.5,0.143867,0.355389,0.240333,0.241099,0.042761,0.48834,0.0885,0.09,
0.33,4.5,3,70,70,70,379,379,5469.73,79.8,365.1,185.6,18.91,0.152389,0.338611,0.232961,0.229084,0.035439,0.4813,0.088,0.09,
0.33,4.5,4,70,70,70,379,379,6255.13,79.8,365.1,190.55,19.91,0.118277,0.318238,0.240816,0.244199,0.033634,0.48947,0.0881,0.09,
0.33,4.5,5,70,70,70,345,345,5378.63,84,335.1,193.82,18.59,0.171493,0.403858,0.240336,0.236074,0.039257,0.48872,0.0885,0.09,
0.33,4.5,6,70,70,70,318,318,5854.1,79.8,305.7,184.45,19.06,0.158078,0.355478,0.237567,0.231498,0.03873,0.48585,0.0881,0.09,
0.33,4.5,7,70,70,70,331,331,6014.68,79.8,320.1,176.88,19.02,0.156176,0.329433,0.233131,0.231589,0.038515,0.48123,0.0878,0.09,
0.33,4.5,8,70,70,70,345,345,5385.87,79.8,335.1,200.55,18.73,0.174948,0.335889,0.237701,0.230514,0.035992,0.48619,0.0888,0.09,
0.33,4.5,9,70,70,70,300,300,5800.41,79.8,289.7,174.17,18.77,0.145882,0.309985,0.232478,0.231513,0.034177,0.48084,0.0882,0.09,
0.33,5,0,70,70,70,360,360,5915.65,80.1,349.1,171.69,20.02,0.152538,0.374613,0.240461,0.233671,0.04189,0.4886,0.0873,0.09,
0.33,5,1,70,70,70,311,311,5453.07,79.8,300.1,170.21,18.65,0.157655,0.332074,0.228728,0.22652,0.037716,0.47663,0.0875,0.09,
0.33,5,2,70,70,70,375,375,5373.71,79.8,365.1,189.11,18.7,0.11243,0.369125,0.237135,0.235226,0.043528,0.48492,0.0878,0.09,
0.33,5,3,70,70,70,379,379,5469.73,79.8,365.1,192.71,18.88,0.149323,0.36066,0.231074,0.227415,0.039275,0.47903,0.0875,0.09,
0.33,5,4,70,70,70,379,379,6255.13,87.8,365.1,200.16,19.87,0.160205,0.320426,0.237734,0.239636,0.034114,0.48632,0.0878,0.09,
0.33,5,5,70,70,70,345,345,5378.63,84.4,335.1,200.33,18.64,0.143211,0.412857,0.240188,0.23572,0.041365,0.48837,0.0885,0.09,
0.33,5,6,70,70,70,323,323,5854.1,79.8,310.1,191.95,19.02,0.154107,0.3443,0.234963,0.231498,0.04151,0.48288,0.0876,0.09,
0.33,5,7,70,70,70,336,336,6014.68,79.8,325.1,179.72,18.93,0.162991,0.324072,0.232475,0.234611,0.037626,0.48061,0.0876,0.09,
0.33,5,8,70,70,70,350,350,5385.87,96.5,340.1,204.4,18.7,0.163849,0.306035,0.234169,0.230843,0.035784,0.48251,0.0882,0.09,
0.33,5,9,70,70,70,321,321,5800.41,79.8,311.1,181.48,18.68,0.140074,0.322862,0.233669,0.225878,0.037173,0.48187,0.0881,0.09,
0.33,5.5,0,70,70,70,361,361,5915.65,80.1,350.1,176.9,20.1,0.147423,0.375738,0.242264,0.237128,0.045971,0.49005,0.0874,0.09,
0.33,5.5,1,70,70,70,316,316,5453.07,79.8,305.1,174.89,18.75,0.156386,0.328976,0.224648,0.223899,0.036964,0.47236,0.0868,0.09,
0.33,5.5,2,70,70,70,398,398,5373.71,79.8,385.1,198.62,18.91,0.118061,0.36254,0.23469,0.23359,0.041403,0.48256,0.0877,0.09,
0.33,5.5,3,70,70,70,384,384,5469.73,79.8,370.1,202.49,19.1,0.136997,0.364698,0.230743,0.226411,0.044554,0.47823,0.0871,0.09,
0.33,5.5,4,70,70,70,385,385,6255.13,86.6,375.9,207.76,20.17,0.134044,0.32127,0.237377,0.238407,0.036019,0.48579,0.0875,0.09,
0.33,5.5,5,70,70,70,352,352,5378.63,85.8,340.1,206.17,18.75,0.140104,0.419496,0.239295,0.233768,0.043246,0.4873,0.0883,0.09,
0.33,5.5,6,70,70,70,346,346,5854.1,79.8,335.1,198.45,19.16,0.153962,0.348943,0.233639,0.231264,0.04079,0.48156,0.0873,0.09,
0.33,5.5,7,70,70,70,336,336,6014.68,79.8,325.1,182.74,18.96,0.165207,0.334904,0.230531,0.221207,0.039819,0.47841,0.0873,0.09,
0.33,5.5,8,70,70,70,415,415,5385.87,86.5,405.1,210.72,19,0.15611,0.341204,0.232905,0.227539,0.03846,0.481,0.0878,0.09,
0.33,5.5,9,70,70,70,376,376,5800.41,79.8,364.7,185.03,18.82,0.130875,0.326454,0.231166,0.229979,0.035658,0.47935,0.0877,0.09,
0.33,6,0,70,70,70,361,361,5915.65,80.1,350.1,180.56,20.16,0.15803,0.369664,0.239852,0.233827,0.04668,0.48749,0.0873,0.09,
0.33,6,1,70,70,70,326,326,5453.07,87.6,315.1,182.15,18.68,0.142217,0.324748,0.220662,0.221372,0.039384,0.46788,0.0861,0.09,
0.33,6,2,70,70,70,398,398,5373.71,79.8,385.1,203.25,18.91,0.131029,0.366788,0.234457,0.233226,0.042442,0.48229,0.0876,0.09,
0.33,6,3,70,70,70,384,384,5469.73,79.8,370.1,203.21,19.15,0.1275,0.369598,0.232011,0.226152,0.045252,0.4795,0.0872,0.09,
0.33,6,4,70,70,70,390,390,6255.13,85.1,380.1,211.94,20.08,0.136673,0.319945,0.232848,0.237816,0.037175,0.48097,0.0867,0.09,
0.33,6,5,70,70,70,352,352,5378.63,84.6,341,210.51,18.71,0.161617,0.421924,0.237782,0.231949,0.04284,0.48579,0.088,0.09,
0.33,6,6,70,70,70,367,367,5854.1,79.8,353.8,204.63,19.31,0.160348,0.336475,0.234288,0.235065,0.04098,0.48221,0.0874,0.09,
0.33,6,7,70,70,70,341,341,6014.68,79.8,330.1,187.03,18.95,0.152431,0.343921,0.229599,0.220114,0.04326,0.47711,0.0869,0.09,
0.33,6,8,70,70,70,420,420,5385.87,87.1,410.1,214.13,18.85,0.147514,0.345642,0.229495,0.224884,0.043918,0.47689,0.0868,0.09,
0.33,6,9,70,70,70,412,412,5800.41,79.8,400.1,189.3,18.79,0.131611,0.325488,0.232129,0.226476,0.036927,0.48027,0.0878,0.09,
0.33,6.5,0,70,70,70,387,387,5915.65,80.1,375.1,188.84,20.31,0.14952,0.378206,0.237771,0.229982,0.048793,0.4852,0.0869,0.09,
0.33,6.5,1,70,70,70,326,326,5453.07,79.8,315.1,188.04,18.84,0.143667,0.344867,0.219139,0.217787,0.044575,0.46575,0.0856,0.09,
0.33,6.5,2,70,70,70,398,398,5373.71,81.6,385.1,209.29,19.17,0.155011,0.369882,0.234128,0.232237,0.04382,0.48184,0.0875,0.09,
0.33,6.5,3,70,70,70,384,384,5469.73,79.8,370.1,204.51,19.11,0.131805,0.373526,0.231671,0.225074,0.04572,0.47914,0.0873,0.09,
0.33,6.5,4,70,70,70,398,398,6255.13,101.1,385.1,216.99,20.19,0.139454,0.301357,0.2304,0.236872,0.03514,0.47857,0.0864,0.09,
0.33,6.5,5,70,70,70,410,410,5378.63,93.5,400.1,216.14,18.99,0.159063,0.420829,0.235981,0.22743,0.043723,0.48386,0.0877,0.09,
0.33,6.5,6,70,70,70,369,369,5854.1,79.8,355.1,216.08,19.54,0.154917,0.335514,0.23353,0.23374,0.040823,0.48143,0.0873,0.09,
0.33,6.5,7,70,70,70,341,341,6014.68,79.8,330.1,194.17,19.05,0.156219,0.351174,0.228434,0.223096,0.041545,0.47604,0.0869,0.09,
0.33,6.5,8,70,70,70,425,425,5385.87,87.7,415.1,220.35,19.04,0.135188,0.348961,0.228976,0.225775,0.044551,0.47628,0.0868,0.09,
0.33,6.5,9,70,70,70,412,412,5800.41,79.8,400.1,193.06,18.93,0.124564,0.321968,0.231752,0.226467,0.039238,0.47965,0.0876,0.09,
0.33,7,0,70,70,70,387,387,5915.65,79.8,375.1,193.12,20.4,0.142495,0.379628,0.23501,0.224894,0.050704,0.48208,0.0863,0.09,
0.33,7,1,70,70,70,376,376,5453.07,81.5,366.8,195.36,19.06,0.120095,0.348967,0.212333,0.212769,0.046636,0.45806,0.0843,0.09,
0.33,7,2,70,70,70,403,403,5373.71,85.2,390.1,215.89,19.24,0.137502,0.364386,0.232034,0.231602,0.045064,0.47946,0.087,0.09,
0.33,7,3,70,70,70,389,389,5469.73,79.8,375.1,207.95,19.14,0.142805,0.365434,0.230969,0.225133,0.049442,0.47797,0.0869,0.09,
0.33,7,4,70,70,70,408,408,6255.13,105.1,395.1,223.36,20.35,0.131741,0.304106,0.226503,0.228977,0.037453,0.47424,0.0858,0.09,
0.33,7,5,70,70,70,411,411,5378.63,95.9,401.7,225.5,19.14,0.157054,0.44206,0.233664,0.225561,0.046603,0.48122,0.087,0.09,
0.33,7,6,70,70,70,440,440,5854.1,79.8,430.1,222.06,19.59,0.145995,0.34304,0.232418,0.231368,0.043019,0.48005,0.087,0.09,
0.33,7,7,70,70,70,345,345,6014.68,79.8,334.3,196.63,19.25,0.149045,0.356934,0.227759,0.220591,0.044718,0.475,0.0867,0.09,
0.33,7,8,70,70,70,425,425,5385.87,90.5,415.1,229.38,19.24,0.118066,0.319535,0.22225,0.220452,0.044583,0.46907,0.0856,0.09,
0.33,7,9,70,70,70,412,412,5800.41,79.8,401,197.15,19.02,0.108625,0.32545,0.227337,0.225441,0.039696,0.47493,0.0867,0.09,
0.34,3,0,70,70,70,351,351,5915.65,79.8,340.1,158.15,19.57,0.188664,0.345395,0.246187,0.2433,0.034755,0.49497,0.0887,0.09,
0.34,3,1,70,70,70,306,306,5453.07,79.8,295.1,153.1,18.21,0.180542,0.299886,0.232013,0.230819,0.029852,0.4807,0.0882,0.09,
0.34,3,2,70,70,70,325,325,5373.71,79.8,315.1,160.67,18.05,0.142723,0.345816,0.238761,0.236597,0.040074,0.48694,0.0885,0.09,
0.34,3,3,70,70,70,304,304,5469.73,79.8,293.3,160.96,18.13,0.179369,0.341702,0.237566,0.2369,0.031917,0.48634,0.089,0.09,
0.34,3,4,70,70,70,350,350,6255.13,79.8,340.1,170.37,19.15,0.171259,0.30761,0.242261,0.242922,0.029546,0.49129,0.0889,0.09,
0.34,3,5,70,70,70,305,305,5378.63,82.7,295.1,174.1,17.95,0.177991,0.407831,0.244141,0.238123,0.039077,0.49267,0.0892,0.09,
0.34,3,6,70,70,70,297,297,5854.1,79.8,284.2,168.95,18.52,0.158514,0.356953,0.239319,0.239428,0.03613,0.48783,0.0887,0.09,
0.34,3,7,70,70,70,308,308,6014.68,79.8,295.1,163.27,18.46,0.176935,0.327729,0.234987,0.231972,0.03295,0.4836,0.0883,0.09,
0.34,3,8,70,70,70,279,279,5385.87,84.5,267.7,177.59,17.98,0.169415,0.316068,0.237179,0.234181,0.033347,0.48583,0.0894,0.09,
0.34,3,9,70,70,70,291,291,5800.41,79.8,280.1,164.52,18.17,0.169546,0.305527,0.235971,0.236187,0.027227,0.48496,0.0891,0.09,
0.34,3.5,0,70,70,70,354,354,5915.65,79.8,343.7,162.41,19.69,0.19162,0.36331,0.245871,0.243042,0.035935,0.4946,0.0886,0.09,
0.34,3.5,1,70,70,70,311,311,5453.07,79.8,300.1,159.54,18.29,0.161153,0.307954,0.232916,0.234883,0.033079,0.48139,0.0882,0.09,
0.34,3.5,2,70,70,70,330,330,5373.71,79.8,320.1,168.02,18.05,0.149576,0.351198,0.240445,0.237341,0.041641,0.48857,0.0887,0.09,
0.34,3.5,3,70,70,70,374,374,5469.73,79.8,360.1,177.96,18.68,0.180548,0.347663,0.235559,0.230932,0.031031,0.48435,0.0888,0.09,
0.34,3.5,4,70,70,70,355,355,6255.13,80,345.1,182.65,19.63,0.115791,0.312369,0.241927,0.24719,0.03419,0.49057,0.0887,0.09,
0.34,3.5,5,70,70,70,317,317,5378.63,84.2,306.2,186.12,18.25,0.167365,0.384722,0.241733,0.235522,0.039848,0.49012,0.0887,0.09,
0.34,3.5,6,70,70,70,313,313,5854.1,79.8,300.1,178.23,18.78,0.15643,0.364695,0.239473,0.235175,0.037,0.48794,0.0885,0.09,
0.34,3.5,7,70,70,70,329,329,6014.68,79.8,318.5,170.91,18.69,0.170339,0.334865,0.23699,0.236461,0.034286,0.48558,0.0887,0.09,
0.34,3.5,8,70,70,70,334,334,5385.87,85.1,325.1,194.63,18.33,0.179846,0.31868,0.239275,0.237119,0.034733,0.48789,0.0894,0.09,
0.34,3.5,9,70,70,70,296,296,5800.41,79.8,285.1,171.41,18.4,0.164484,0.309126,0.235401,0.232446,0.030594,0.48417,0.0888,0.09,
0.34,4,0,70,70,70,356,356,5915.65,79.8,345.1,171.04,19.84,0.181495,0.352688,0.241556,0.238086,0.037468,0.49007,0.0877,0.09,
0.34,4,1,70,70,70,311,311,5453.07,79.8,300.1,164.01,18.14,0.154103,0.312156,0.23264,0.234213,0.036308,0.48084,0.0881,0.09,
0.34,4,2,70,70,70,335,335,5373.71,79.8,325.9,177.02,18.3,0.146142,0.354259,0.240744,0.241233,0.042594,0.48879,0.0888,0.09,
0.34,4,3,70,70,70,379,379,5469.73,79.8,365.1,184.46,18.67,0.169537,0.352589,0.235222,0.230221,0.034785,0.48373,0.0885,0.09,
0.34,4,4,70,70,70,374,374,6255.13,90.1,360.1,194.14,19.75,0.117682,0.314708,0.241986,0.242701,0.034538,0.49061,0.0887,0.09,
0.34,4,5,70,70,70,345,345,5378.63,85.1,335.1,194.69,18.37,0.181916,0.401577,0.241848,0.237229,0.04178,0.49014,0.0887,0.09,
0.34,4,6,70,70,70,318,318,5854.1,79.8,305.1,185.04,18.88,0.160728,0.373622,0.240459,0.236731,0.038489,0.48886,0.0885,0.09,
0.34,4,7,70,70,70,331,331,6014.68,79.8,320.1,176.85,18.72,0.155851,0.341849,0.23472,0.233589,0.037628,0.48296,0.0882,0.09,
0.34,4,8,70,70,70,345,345,5385.87,85.9,335.1,203.59,18.64,0.164063,0.329142,0.237035,0.231689,0.035946,0.4855,0.0887,0.09,
0.34,4,9,70,70,70,297,297,5800.41,79.8,286.8,176.2,18.45,0.170316,0.312972,0.238216,0.236364,0.031131,0.48705,0.0891,0.09,
0.34,4.5,0,70,70,70,361,361,5915.65,79.8,350.1,173.51,19.85,0.179234,0.373035,0.243905,0.236435,0.039863,0.49232,0.088,0.09,
0.34,4.5,1,70,70,70,311,311,5453.07,79.8,300.1,169.65,18.42,0.161005,0.313181,0.230745,0.228207,0.037615,0.47876,0.0878,0.09,
0.34,4.5,2,70,70,70,375,375,5373.71,79.8,365.1,189.56,18.6,0.150698,0.355246,0.239652,0.236439,0.041728,0.48774,0.0887,0.09,
0.34,4.5,3,70,70,70,379,379,5469.73,79.8,365.1,196.95,18.95,0.157194,0.353886,0.232901,0.229088,0.035676,0.48124,0.088,0.09,
0.34,4.5,4,70,70,70,379,379,6255.13,89.8,365.1,203.38,19.82,0.1583,0.320733,0.24113,0.239451,0.034656,0.48979,0.0882,0.09,
0.34,4.5,5,70,70,70,357,357,5378.63,85.1,345.1,206.93,18.65,0.176904,0.399538,0.238809,0.230752,0.038661,0.4872,0.0886,0.09,
0.34,4.5,6,70,70,70,323,323,5854.1,79.8,310.1,189.46,18.88,0.164381,0.361778,0.238786,0.239696,0.039682,0.48702,0.0882,0.09,
0.34,4.5,7,70,70,70,336,336,6014.68,79.8,325.1,183.13,18.87,0.164172,0.343101,0.235407,0.231235,0.039445,0.48354,0.0881,0.09,
0.34,4.5,8,70,70,70,345,345,5385.87,95.1,335.1,208.7,18.59,0.162591,0.308009,0.236745,0.236464,0.034908,0.48525,0.0886,0.09,
0.34,4.5,9,70,70,70,325,325,5800.41,79.8,315.1,183.71,18.69,0.151767,0.316836,0.231916,0.229249,0.034244,0.48028,0.0879,0.09,
0.34,5,0,70,70,70,361,361,5915.65,82.2,350.1,178.01,20.11,0.158079,0.373155,0.242875,0.234704,0.041583,0.49113,0.0878,0.09,
0.34,5,1,70,70,70,321,321,5453.07,79.8,311,175.12,18.62,0.158558,0.311992,0.231353,0.228059,0.037278,0.47943,0.0879,0.09,
0.34,5,2,70,70,70,380,380,5373.71,79.8,370.1,198.28,18.85,0.116978,0.361825,0.236484,0.233603,0.041744,0.4844,0.088,0.09,
0.34,5,3,70,70,70,384,384,5469.73,79.8,370.1,204.95,19.34,0.155117,0.353414,0.229117,0.225516,0.038814,0.47701,0.0872,0.09,
0.34,5,4,70,70,70,390,390,6255.13,89.1,380.1,208.12,20.15,0.164064,0.324579,0.240387,0.240565,0.035699,0.48895,0.088,0.09,
0.34,5,5,70,70,70,410,410,5378.63,85.1,400.1,216.27,19.13,0.146357,0.401801,0.235476,0.232554,0.038511,0.48373,0.088,0.09,
0.34,5,6,70,70,70,346,346,5854.1,79.8,335.1,200.82,19.32,0.158509,0.357699,0.235561,0.23489,0.041415,0.48352,0.0877,0.09,
0.34,5,7,70,70,70,336,336,6014.68,79.8,325.1,186.96,19.18,0.157616,0.341142,0.235256,0.231318,0.039468,0.48337,0.0881,0.09,
0.34,5,8,70,70,70,350,350,5385.87,97,340.5,212.35,19.06,0.164358,0.309673,0.234994,0.227616,0.036491,0.48332,0.0883,0.09,
0.34,5,9,70,70,70,412,412,5800.41,79.8,400.1,193.32,19.07,0.14645,0.325991,0.233477,0.231428,0.03595,0.48178,0.088,0.09,
0.34,5.5,0,70,70,70,377,377,5915.65,80.1,365.1,183.28,20.33,0.154186,0.405961,0.243792,0.238576,0.048729,0.49143,0.0876,0.09,
0.34,5.5,1,70,70,70,326,326,5453.07,79.8,315.1,182.22,18.72,0.155945,0.348389,0.228463,0.224519,0.038079,0.47634,0.0874,0.09,
0.34,5.5,2,70,70,70,398,398,5373.71,79.8,385.1,205.55,19.24,0.122926,0.363543,0.236317,0.235531,0.042128,0.48421,0.088,0.09,
0.34,5.5,3,70,70,70,384,384,5469.73,79.8,370.1,210.64,19.45,0.141405,0.352139,0.232121,0.227466,0.040856,0.48,0.0875,0.09,
0.34,5.5,4,70,70,70,390,390,6255.13,88.4,380.1,215.29,20.65,0.138703,0.327376,0.238891,0.240855,0.036654,0.48731,0.0878,0.09,
0.34,5.5,5,70,70,70,410,410,5378.63,86.4,400.1,221.37,19.45,0.147134,0.427622,0.237914,0.236937,0.041192,0.48608,0.0884,0.09,
0.34,5.5,6,70,70,70,368,368,5854.1,79.8,355.1,213.97,20.02,0.161733,0.363081,0.235805,0.233784,0.041261,0.48381,0.0877,0.09,
0.34,5.5,7,70,70,70,341,341,6014.68,79.8,330.1,190.7,19.66,0.154534,0.34532,0.2338,0.226856,0.042082,0.48164,0.0877,0.09,
0.34,5.5,8,70,70,70,420,420,5385.87,88.6,410.1,219.3,19.4,0.160695,0.343556,0.234639,0.230365,0.040759,0.48261,0.088,0.09,
0.34,5.5,9,70,70,70,412,412,5800.41,79.8,400.1,197.5,19.48,0.136783,0.329203,0.233258,0.230439,0.03609,0.48152,0.0881,0.09,
0.34,6,0,70,70,70,387,387,5915.65,80.1,375.1,187.71,19.62,0.166112,0.368406,0.240321,0.237157,0.045609,0.4881,0.0873,0.09,
0.34,6,1,70,70,70,327,327,5453.07,88.5,316.9,190.65,18.25,0.150854,0.341774,0.224203,0.220325,0.04091,0.47156,0.0868,0.09,
0.34,6,2,70,70,70,398,398,5373.71,79.8,385.1,209.24,18.46,0.136477,0.371585,0.237389,0.233412,0.044193,0.48519,0.0881,0.09,
0.34,6,3,70,70,70,385,385,5469.73,79.8,371.3,211.75,18.57,0.140612,0.358003,0.233459,0.228863,0.04336,0.4812,0.0875,0.09,
0.34,6,4,70,70,70,395,395,6255.13,87.6,385.1,219.08,19.6,0.144589,0.32938,0.234326,0.235574,0.038978,0.48236,0.0869,0.09,
0.34,6,5,70,70,70,410,410,5378.63,85.1,400.1,230.51,18.65,0.162825,0.435778,0.235794,0.227233,0.040888,0.48395,0.088,0.09,
0.34,6,6,70,70,70,370,370,5854.1,79.8,360.1,222.02,19.05,0.158918,0.357201,0.237824,0.235211,0.041781,0.48585,0.088,0.09,
0.34,6,7,70,70,70,345,345,6014.68,79.8,334.2,194.46,18.53,0.157566,0.350894,0.233027,0.225189,0.04273,0.48076,0.0875,0.09,
0.34,6,8,70,70,70,425,425,5385.87,89.3,415.1,226.37,18.58,0.153529,0.347601,0.23215,0.224811,0.043532,0.47975,0.0875,0.09,
0.34,6,9,70,70,70,412,412,5800.41,79.8,400.1,201.43,18.62,0.137431,0.331608,0.233391,0.230427,0.040399,0.48131,0.0879,0.09,
0.34,6.5,0,70,70,70,387,387,5915.65,80.1,375.1,195.17,19.52,0.153606,0.364149,0.239868,0.233353,0.04689,0.48752,0.0872,0.09,
0.34,6.5,1,70,70,70,370,370,5453.07,79.8,360.4,197.03,18.21,0.126271,0.336578,0.219246,0.218544,0.042693,0.46604,0.0855,0.09,
0.34,6.5,2,70,70,70,403,403,5373.71,82.3,390.1,216.4,18.37,0.163286,0.376304,0.235643,0.233116,0.0451,0.48332,0.0877,0.09,
0.34,6.5,3,70,70,70,423,423,5469.73,79.8,410.1,219.82,18.63,0.138203,0.379724,0.2309,0.223827,0.046229,0.4783,0.0871,0.09,
0.34,6.5,4,70,70,70,413,413,6255.13,102,400.1,230.02,19.7,0.144702,0.318152,0.231408,0.235772,0.037366,0.47944,0.0866,0.09,
0.34,6.5,5,70,70,70,415,415,5378.63,94.1,405.1,233.43,18.49,0.165947,0.44178,0.233994,0.228887,0.043082,0.48189,0.0875,0.09,
0.34,6.5,6,70,70,70,440,440,5854.1,79.8,430.1,231.76,19.1,0.154132,0.351009,0.236592,0.235841,0.043189,0.48443,0.0876,0.09,
0.34,6.5,7,70,70,70,346,346,6014.68,79.8,335.1,200.81,18.61,0.153071,0.355828,0.230245,0.225704,0.042555,0.47783,0.0872,0.09,
0.34,6.5,8,70,70,70,425,425,5385.87,90.1,415.1,234.57,18.47,0.129306,0.332318,0.225031,0.222682,0.043928,0.47214,0.0863,0.09,
0.34,6.5,9,70,70,70,417,417,5800.41,79.8,405.1,206.28,18.51,0.129457,0.334553,0.229829,0.226283,0.042994,0.47732,0.0872,0.09,
0.34,7,0,70,70,70,392,392,5915.65,80.1,380.1,198.16,19.36,0.148024,0.381848,0.237944,0.233799,0.050868,0.48513,0.0868,0.09,
0.34,7,1,70,70,70,398,398,5453.07,110.1,386.8,206.8,18.35,0.09436,0.353831,0.212356,0.217125,0.04643,0.45802,0.0843,0.09,
0.34,7,2,70,70,70,403,403,5373.71,85.7,390.1,222.32,18.38,0.144467,0.36401,0.231507,0.229646,0.045558,0.47887,0.0868,0.09,
0.34,7,3,70,70,70,423,423,5469.73,79.8,410.1,219.31,18.58,0.152731,0.378327,0.23057,0.224185,0.049005,0.47766,0.0869,0.09,
0.34,7,4,70,70,70,428,428,6255.13,105.7,415.1,234.71,19.74,0.131454,0.321105,0.228236,0.231331,0.038869,0.47597,0.086,0.09,
0.34,7,5,70,70,70,420,420,5378.63,96.2,410.1,239.75,18.53,0.153683,0.44069,0.231673,0.218591,0.045878,0.47919,0.0868,0.09,
0.34,7,6,70,70,70,440,440,5854.1,79.8,430.1,236.36,19.07,0.134975,0.353002,0.234341,0.228759,0.046098,0.48181,0.0872,0.09,
0.34,7,7,70,70,70,414,414,6014.68,79.8,400.1,209.12,18.64,0.152495,0.360083,0.227874,0.223737,0.045616,0.47504,0.0867,0.09,
0.34,7,8,70,70,70,426,426,5385.87,90.8,417,239.08,18.51,0.122553,0.335534,0.222904,0.220081,0.044666,0.46979,0.086,0.09,
0.34,7,9,70,70,70,417,417,5800.41,79.8,405.1,207.71,18.29,0.110529,0.328837,0.227076,0.225434,0.042996,0.47434,0.0866,0.09,
0.35,3,0,70,70,70,351,351,5915.65,79.8,340.1,163.13,18.79,0.186673,0.357896,0.245119,0.242436,0.034362,0.49392,0.0886,0.09,
0.35,3,1,70,70,70,311,311,5453.07,79.8,300.1,157.15,17.29,0.162236,0.313962,0.234222,0.231606,0.031261,0.48289,0.0885,0.09,
0.35,3,2,70,70,70,329,329,5373.71,79.8,319.7,165.99,17.17,0.149259,0.345022,0.241372,0.241477,0.040715,0.48959,0.0889,0.09,
0.35,3,3,70,70,70,328,328,5469.73,79.8,317.4,170.81,17.45,0.185052,0.346184,0.238938,0.230669,0.031491,0.4878,0.0893,0.09,
0.35,3,4,70,70,70,350,350,6255.13,84.9,340.1,180.48,18.62,0.130329,0.309864,0.241459,0.243437,0.03221,0.49027,0.0888,0.09,
0.35,3,5,70,70,70,305,305,5378.63,84.4,295.1,184.01,17.35,0.178739,0.405024,0.241282,0.239372,0.036727,0.4899,0.089,0.09,
0.35,3,6,70,70,70,313,313,5854.1,79.8,300.1,176.85,17.9,0.152367,0.340747,0.238411,0.235068,0.035468,0.48695,0.0884,0.09,
0.35,3,7,70,70,70,313,313,6014.68,79.8,300.1,167.85,17.74,0.164342,0.330605,0.237425,0.238482,0.033993,0.48604,0.0887,0.09,
0.35,3,8,70,70,70,312,312,5385.87,85.1,298.6,188.47,17.37,0.178407,0.316524,0.237542,0.233675,0.033948,0.48617,0.0893,0.09,
0.35,3,9,70,70,70,296,296,5800.41,79.8,285.1,171.52,17.5,0.177236,0.318435,0.236205,0.234814,0.029332,0.48509,0.0889,0.09,
0.35,3.5,0,70,70,70,356,356,5915.65,79.8,345.1,168.26,18.87,0.181883,0.345687,0.244044,0.239125,0.036083,0.49271,0.0883,0.09,
0.35,3.5,1,70,70,70,311,311,5453.07,79.8,300.1,165.4,17.4,0.16889,0.323066,0.233051,0.235809,0.034622,0.48144,0.0881,0.09,
0.35,3.5,2,70,70,70,335,335,5373.71,79.8,325.1,178.16,17.44,0.147526,0.356232,0.240975,0.236665,0.042665,0.48902,0.0888,0.09,
0.35,3.5,3,70,70,70,379,379,5469.73,79.8,365.1,186.99,17.71,0.169179,0.354126,0.237448,0.232578,0.03448,0.48605,0.0887,0.09,
0.35,3.5,4,70,70,70,377,377,6255.13,90,363.4,192.57,18.69,0.120085,0.314141,0.241493,0.242454,0.034214,0.49013,0.0886,0.09,
0.35,3.5,5,70,70,70,345,345,5378.63,85.1,335.1,197.85,17.45,0.181772,0.401795,0.239052,0.234855,0.036378,0.48764,0.0886,0.09,
0.35,3.5,6,70,70,70,320,320,5854.1,79.8,310.3,187.72,18.01,0.162882,0.361198,0.239834,0.237028,0.036886,0.48834,0.0885,0.09,
0.35,3.5,7,70,70,70,331,331,6014.68,79.8,320.1,176.09,17.76,0.17285,0.327809,0.236798,0.237827,0.035425,0.48529,0.0886,0.09,
0.35,3.5,8,70,70,70,344,344,5385.87,86.5,335.1,202.32,17.54,0.170231,0.326189,0.237695,0.233209,0.034739,0.48628,0.0889,0.09,
0.35,3.5,9,70,70,70,296,296,5800.41,79.8,285.1,177.53,17.56,0.173198,0.319491,0.237359,0.232348,0.030244,0.48623,0.089,0.09,
0.35,4,0,70,70,70,360,360,5915.65,79.8,349.8,176.71,19.28,0.182891,0.370725,0.244437,0.237538,0.038982,0.49292,0.0882,0.09,
0.35,4,1,70,70,70,311,311,5453.07,79.8,300.1,171.55,17.53,0.160255,0.327562,0.23266,0.234038,0.036799,0.48084,0.0881,0.09,
0.35,4,2,70,70,70,340,340,5373.71,79.8,330.1,188.63,17.73,0.152934,0.359721,0.240733,0.238335,0.042356,0.4888,0.0887,0.09,
0.35,4,3,70,70,70,379,379,5469.73,79.8,365.1,198.76,18.05,0.173531,0.360739,0.236293,0.231767,0.034484,0.48487,0.0887,0.09,
0.35,4,4,70,70,70,379,379,6255.13,90.1,365.1,201.29,19.02,0.122493,0.318803,0.241891,0.244565,0.034925,0.49048,0.0884,0.09,
0.35,4,5,70,70,70,406,406,5378.63,85.1,396.3,212.53,17.94,0.182433,0.33177,0.236197,0.232283,0.030638,0.48501,0.0884,0.09,
0.35,4,6,70,70,70,350,350,5854.1,79.8,340.9,194.02,18.13,0.167395,0.371569,0.239038,0.236661,0.038546,0.4874,0.0884,0.09,
0.35,4,7,70,70,70,336,336,6014.68,79.8,325.1,183.52,17.93,0.163563,0.334488,0.237097,0.22929,0.038898,0.48534,0.0884,0.09,
0.35,4,8,70,70,70,345,345,5385.87,93.4,335.1,209.53,17.77,0.171594,0.305607,0.237618,0.235821,0.032925,0.4863,0.0888,0.09,
0.35,4,9,70,70,70,301,301,5800.41,79.8,290.1,186.19,17.8,0.167888,0.31531,0.236561,0.230276,0.032683,0.48524,0.0888,0.09,
0.35,4.5,0,70,70,70,361,361,5915.65,79.8,350.1,183.17,19.34,0.168413,0.375901,0.24488,0.237261,0.040801,0.49325,0.0883,0.09,
0.35,4.5,1,70,70,70,326,326,5453.07,79.8,315.1,181.8,18.01,0.163345,0.328667,0.232043,0.227177,0.038188,0.4801,0.088,0.09,
0.35,4.5,2,70,70,70,380,380,5373.71,79.8,370.1,198.78,17.89,0.11634,0.353622,0.23814,0.236177,0.043882,0.48588,0.0881,0.09,
0.35,4.5,3,70,70,70,384,384,5469.73,79.8,370.1,203.3,18.18,0.162344,0.365061,0.233415,0.225377,0.038544,0.48156,0.0882,0.09,
0.35,4.5,4,70,70,70,390,390,6255.13,90.1,380.1,208.46,19.12,0.164988,0.3226,0.243808,0.244953,0.03441,0.49254,0.0886,0.09,
0.35,4.5,5,70,70,70,410,410,5378.63,85.1,400.1,222.24,18.17,0.155821,0.300848,0.233522,0.234958,0.032196,0.48209,0.088,0.09,
0.35,4.5,6,70,70,70,363,363,5854.1,79.8,353.5,204.76,18.45,0.160929,0.3646,0.23714,0.237343,0.039361,0.48536,0.0883,0.09,
0.35,4.5,7,70,70,70,337,337,6014.68,79.8,325.1,188.32,18.1,0.163643,0.340523,0.237403,0.234672,0.039791,0.48559,0.0884,0.09,
0.35,4.5,8,70,70,70,394,394,5385.87,96,380.8,218.03,18.12,0.170273,0.312015,0.237205,0.234366,0.036644,0.4856,0.0886,0.09,
0.35,4.5,9,70,70,70,412,412,5800.41,79.8,400.1,195.37,18.07,0.148779,0.317443,0.234665,0.231499,0.035203,0.48307,0.0882,0.09,
0.35,5,0,70,70,70,377,377,5915.65,85.1,365.1,186.48,19.09,0.164415,0.382094,0.244476,0.238345,0.042854,0.49264,0.088,0.09,
0.35,5,1,70,70,70,326,326,5453.07,79.8,315.1,185.75,17.71,0.157634,0.327484,0.232242,0.232385,0.038539,0.48026,0.0879,0.09,
0.35,5,2,70,70,70,380,380,5373.71,79.8,370.1,203.61,17.74,0.126673,0.364671,0.238621,0.235457,0.042416,0.48658,0.0882,0.09,
0.35,5,3,70,70,70,384,384,5469.73,79.8,370.1,212.97,18.11,0.151848,0.369183,0.232418,0.22731,0.039449,0.48046,0.0878,0.09,
0.35,5,4,70,70,70,390,390,6255.13,90.1,380.1,216.91,19.35,0.143048,0.32683,0.241849,0.243904,0.037832,0.49025,0.0881,0.09,
0.35,5,5,70,70,70,410,410,5378.63,94.1,400.1,228.51,18.17,0.148314,0.42046,0.236501,0.226116,0.039569,0.48475,0.0883,0.09,
0.35,5,6,70,70,70,366,366,5854.1,79.8,356.6,213.75,18.74,0.16287,0.372041,0.237998,0.236103,0.041008,0.48611,0.088,0.09,
0.35,5,7,70,70,70,343,343,6014.68,79.8,330.1,194.61,18.24,0.156826,0.343644,0.237532,0.232387,0.04085,0.48562,0.0884,0.09,
0.35,5,8,70,70,70,420,420,5385.87,97.3,410.1,227.24,18.26,0.168503,0.318009,0.234757,0.233865,0.037871,0.48297,0.0882,0.09,
0.35,5,9,70,70,70,412,412,5800.41,79.8,400.1,200.52,18.13,0.139352,0.323075,0.233811,0.233499,0.035543,0.48214,0.0881,0.09,
0.35,5.5,0,70,70,70,382,382,5915.65,85.1,370.1,193.62,19.08,0.160008,0.374638,0.241532,0.23969,0.043688,0.48952,0.0877,0.09,
0.35,5.5,1,70,70,70,332,332,5453.07,83.9,320.1,195.3,17.63,0.153207,0.324778,0.229082,0.230107,0.038254,0.47696,0.0875,0.09,
0.35,5.5,2,70,70,70,398,398,5373.71,79.8,385.1,210.13,17.87,0.144253,0.371238,0.238764,0.23642,0.042061,0.48679,0.0884,0.09,
0.35,5.5,3,70,70,70,423,423,5469.73,79.8,410.1,220.42,18.17,0.136877,0.367927,0.233916,0.226178,0.041103,0.48187,0.0878,0.09,
0.35,5.5,4,70,70,70,413,413,6255.13,92.1,400.1,226.23,19.33,0.143981,0.325829,0.239184,0.24065,0.037325,0.48756,0.0878,0.09,
0.35,5.5,5,70,70,70,411,411,5378.63,86.8,402,234.35,18.3,0.154353,0.422612,0.237656,0.231458,0.039391,0.48596,0.0884,0.09,
0.35,5.5,6,70,70,70,440,440,5854.1,79.8,430.1,223.66,18.82,0.151073,0.378035,0.238882,0.233176,0.044868,0.4867,0.0879,0.09,
0.35,5.5,7,70,70,70,346,346,6014.68,79.8,335.1,199.77,18.3,0.161821,0.350089,0.234489,0.232367,0.041041,0.48247,0.0879,0.09,
0.35,5.5,8,70,70,70,425,425,5385.87,90.1,415.1,233.75,18.35,0.158249,0.334731,0.233107,0.228767,0.039712,0.48111,0.0879,0.09,
0.35,5.5,9,70,70,70,412,412,5800.41,79.8,400.1,203.17,18.2,0.1425,0.326442,0.235497,0.232945,0.038393,0.48367,0.0884,0.09,
0.35,6,0,70,70,70,387,387,5915.65,85.1,375.1,196.28,19.51,0.171695,0.38811,0.242349,0.240052,0.04601,0.4902,0.0879,0.09,
0.35,6,1,70,70,70,378,378,5453.07,89,365.1,203.01,18.17,0.153397,0.356486,0.224573,0.220272,0.039834,0.47209,0.0866,0.09,
0.35,6,2,70,70,70,403,403,5373.71,79.8,390.1,217.31,18.05,0.170196,0.372574,0.238172,0.234807,0.040912,0.4863,0.0881,0.09,
0.35,6,3,70,70,70,423,423,5469.73,79.8,410.1,225.06,18.36,0.144015,0.365821,0.232702,0.226786,0.042326,0.48051,0.0877,0.09,
0.35,6,4,70,70,70,428,428,6255.13,88.9,415.1,231.02,19.49,0.149668,0.334075,0.236903,0.240479,0.039708,0.485,0.0875,0.09,
0.35,6,5,70,70,70,415,415,5378.63,89.2,405.1,238.3,18.24,0.171025,0.421552,0.237715,0.23172,0.041123,0.48589,0.0882,0.09,
0.35,6,6,70,70,70,440,440,5854.1,79.8,430.1,236.68,19,0.157533,0.372379,0.23805,0.2313,0.044939,0.48585,0.0878,0.09,
0.35,6,7,70,70,70,409,409,6014.68,79.8,395.1,207.82,18.51,0.156542,0.339654,0.233041,0.228415,0.041538,0.48089,0.0876,0.09,
0.35,6,8,70,70,70,425,425,5385.87,90.1,415.1,237.65,18.39,0.14765,0.34242,0.229169,0.227132,0.041608,0.4768,0.0871,0.09,
0.35,6,9,70,70,70,417,417,5800.41,79.8,405.1,207.01,18.3,0.133129,0.335267,0.233972,0.230156,0.041219,0.48184,0.0881,0.09,
0.35,6.5,0,70,70,70,387,387,5915.65,84.2,375.1,205.36,19.38,0.157697,0.371377,0.2379,0.235848,0.044012,0.48575,0.0874,0.09,
0.35,6.5,1,70,70,70,395,395,5453.07,79.8,383.5,205.8,18.22,0.101761,0.353884,0.220205,0.220427,0.043962,0.46687,0.0856,0.09,
0.35,6.5,2,70,70,70,403,403,5373.71,83,390.1,224.67,18.32,0.159567,0.381741,0.234215,0.229838,0.04386,0.48194,0.0873,0.09,
0.35,6.5,3,70,70,70,423,423,5469.73,79.8,410.1,225.52,18.41,0.146727,0.36737,0.233227,0.225109,0.045207,0.48085,0.0876,0.09,
0.35,6.5,4,70,70,70,428,428,6255.13,102.7,415.1,234.84,19.7,0.149604,0.33233,0.234422,0.239936,0.038484,0.4825,0.0871,0.09,
0.35,6.5,5,70,70,70,415,415,5378.63,94.5,405.1,240.08,18.46,0.16101,0.451296,0.235559,0.222445,0.046438,0.48325,0.0875,0.09,
0.35,6.5,6,70,70,70,440,440,5854.1,79.8,430.1,238.17,19.16,0.138371,0.367402,0.240109,0.234349,0.047622,0.48769,0.0881,0.09,
0.35,6.5,7,70,70,70,414,414,6014.68,79.8,400.1,215.77,18.81,0.155262,0.341115,0.231199,0.228368,0.042618,0.47882,0.0873,0.09,
0.35,6.5,8,70,70,70,425,425,5385.87,90.1,415.1,241.94,18.58,0.135705,0.349427,0.227036,0.222571,0.0431,0.47438,0.0866,0.09,
0.35,6.5,9,70,70,70,417,417,5800.41,79.8,405.1,213.47,18.57,0.11603,0.338383,0.230977,0.228699,0.041517,0.47865,0.0876,0.09,
0.35,7,0,70,70,70,456,456,5915.65,82.8,445.1,210.01,19.64,0.153035,0.367697,0.235941,0.231441,0.04501,0.48362,0.0869,0.09,
0.35,7,1,70,70,70,438,438,5453.07,113.6,426.5,216.96,18.39,0.109176,0.347945,0.21645,0.216947,0.044979,0.46269,0.0851,0.09,
0.35,7,2,70,70,70,408,408,5373.71,86.6,398.7,231.34,18.37,0.118399,0.343141,0.230425,0.22856,0.045007,0.47773,0.0864,0.09,
0.35,7,3,70,70,70,508,508,5469.73,79.8,495.1,236.36,18.53,0.161872,0.390739,0.232114,0.224354,0.046987,0.47955,0.0872,0.09,
0.35,7,4,70,70,70,476,476,6255.13,106.1,465.1,245.47,20.04,0.153104,0.335499,0.230809,0.233768,0.038675,0.47874,0.0865,0.09,
0.35,7,5,70,70,70,420,420,5378.63,96.7,410.1,250.2,18.72,0.157689,0.457958,0.232673,0.22119,0.048711,0.48001,0.0871,0.09,
0.35,7,6,70,70,70,486,486,5854.1,79.8,475.1,248.63,19.55,0.141762,0.374539,0.235785,0.232062,0.046725,0.4833,0.0874,0.09,
0.35,7,7,70,70,70,419,419,6014.68,79.8,405.1,222.94,18.9,0.154893,0.354471,0.231122,0.226794,0.045347,0.4785,0.0871,0.09,
0.35,7,8,70,70,70,538,538,5385.87,91.2,525.8,250.79,18.71,0.126977,0.352278,0.226006,0.224288,0.043829,0.4732,0.0864,0.09,
0.35,7,9,70,70,70,417,417,5800.41,79.8,405.1,218.77,18.61,0.114717,0.340653,0.226954,0.224277,0.042071,0.47429,0.0868,0.09,
0.36,3,0,70,70,70,355,355,5915.65,79.8,344.2,167.02,18.43,0.185912,0.338573,0.244808,0.240057,0.035234,0.49354,0.0884,0.09,
0.36,3,1,70,70,70,311,311,5453.07,79.8,300.1,163.13,17.07,0.168158,0.309015,0.233773,0.234527,0.032567,0.48233,0.0883,0.09,
0.36,3,2,70,70,70,330,330,5373.71,79.8,320.1,174.27,16.86,0.147696,0.351755,0.242303,0.236618,0.042032,0.49043,0.0889,0.09,
0.36,3,3,70,70,70,374,374,5469.73,79.8,360.1,178.64,17.15,0.182366,0.351114,0.235922,0.231623,0.031297,0.48471,0.0888,0.09,
0.36,3,4,70,70,70,377,377,6255.13,85.4,363.8,188.84,18.42,0.134379,0.312858,0.241601,0.242511,0.033288,0.49034,0.0887,0.09,
0.36,3,5,70,70,70,345,345,5378.63,85.1,335.1,195.28,17.15,0.164839,0.4086,0.239681,0.23691,0.036319,0.48828,0.0887,0.09,
0.36,3,6,70,70,70,320,320,5854.1,79.8,310.1,185.32,17.64,0.158047,0.347821,0.239425,0.238169,0.03625,0.48793,0.0886,0.09,
0.36,3,7,70,70,70,328,328,6014.68,79.8,317.8,174.53,17.43,0.172458,0.32924,0.239378,0.234175,0.0354,0.48796,0.0889,0.09,
0.36,3,8,70,70,70,342,342,5385.87,86.6,333.9,197.79,17.02,0.175112,0.322632,0.237135,0.232918,0.033332,0.48579,0.0891,0.09,
0.36,3,9,70,70,70,296,296,5800.41,80.1,285.1,175.95,17.27,0.164711,0.321259,0.236614,0.233717,0.030439,0.48544,0.0889,0.09,
0.36,3.5,0,70,70,70,356,356,5915.65,79.8,345.1,171.75,18.97,0.16956,0.36273,0.246398,0.242353,0.03836,0.49495,0.0886,0.09,
0.36,3.5,1,70,70,70,311,311,5453.07,79.8,300.1,170.06,17.66,0.160565,0.316384,0.234704,0.234151,0.035236,0.48309,0.0884,0.09,
0.36,3.5,2,70,70,70,340,340,5373.71,79.8,330.1,184.28,17.49,0.154119,0.35566,0.241799,0.236886,0.042774,0.48987,0.0887,0.09,
0.36,3.5,3,70,70,70,379,379,5469.73,79.8,365.1,197.65,17.85,0.175832,0.359085,0.237154,0.233309,0.035402,0.48569,0.0888,0.09,
0.36,3.5,4,70,70,70,383,383,6255.13,92.3,369.1,205.66,19.06,0.124439,0.317848,0.243314,0.245035,0.03515,0.49193,0.0887,0.09,
0.36,3.5,5,70,70,70,405,405,5378.63,85.1,395.1,206.19,17.7,0.187666,0.413315,0.239616,0.23692,0.035332,0.48831,0.0887,0.09,
0.36,3.5,6,70,70,70,329,329,5854.1,79.8,319.5,193.25,18.1,0.166945,0.357208,0.240984,0.239528,0.036942,0.4895,0.0888,0.09,
0.36,3.5,7,70,70,70,331,331,6014.68,79.8,320.2,182.41,17.86,0.161032,0.337065,0.238366,0.238869,0.038028,0.48671,0.0887,0.09,
0.36,3.5,8,70,70,70,345,345,5385.87,88.5,335.1,210.03,17.82,0.177172,0.328484,0.238038,0.235715,0.0353,0.48657,0.0888,0.09,
0.36,3.5,9,70,70,70,299,299,5800.41,80.1,288.9,185.95,17.67,0.170475,0.318543,0.238024,0.235379,0.029376,0.48697,0.0891,0.09,
0.36,4,0,70,70,70,361,361,5915.65,79.8,350.1,184.99,19.02,0.172661,0.371784,0.245134,0.238922,0.039101,0.49363,0.0884,0.09,
0.36,4,1,70,70,70,326,326,5453.07,79.8,315.1,178.36,17.4,0.160745,0.319355,0.234327,0.230182,0.037622,0.4825,0.0882,0.09,
0.36,4,2,70,70,70,380,380,5373.71,79.8,370.1,198.13,17.39,0.147001,0.36722,0.240658,0.239967,0.041693,0.4888,0.0885,0.09,
0.36,4,3,70,70,70,383,383,5469.73,79.8,369.4,203.02,17.57,0.168748,0.366477,0.236363,0.226593,0.037085,0.48477,0.0887,0.09,
0.36,4,4,70,70,70,384,384,6255.13,91.3,370.1,211.44,19.06,0.126995,0.321237,0.245389,0.244813,0.035088,0.49406,0.0889,0.09,
0.36,4,5,70,70,70,410,410,5378.63,85.1,400.1,223.03,17.82,0.15478,0.310007,0.234376,0.233296,0.031602,0.48303,0.0883,0.09,
0.36,4,6,70,70,70,361,361,5854.1,79.8,351.4,203.99,18.23,0.162683,0.365717,0.239866,0.236746,0.037335,0.48834,0.0885,0.09,
0.36,4,7,70,70,70,343,343,6014.68,79.8,330.1,189.87,17.89,0.168792,0.344232,0.238223,0.234917,0.039228,0.48649,0.0886,0.09,
0.36,4,8,70,70,70,349,349,5385.87,93.8,340.1,216.89,17.72,0.161973,0.320194,0.239706,0.235036,0.036312,0.48821,0.089,0.09,
0.36,4,9,70,70,70,412,412,5800.41,80.1,400.1,195.74,17.85,0.173934,0.319189,0.236775,0.230479,0.03417,0.48537,0.0886,0.09,
0.36,4.5,0,70,70,70,366,366,5915.65,79.8,355.1,191.67,19.31,0.174905,0.376876,0.246503,0.24001,0.041675,0.49483,0.0885,0.09,
0.36,4.5,1,70,70,70,328,328,5453.07,79.8,317.5,187.56,17.66,0.159135,0.344281,0.235705,0.231454,0.040244,0.48375,0.0884,0.09,
0.36,4.5,2,70,70,70,380,380,5373.71,79.8,370.1,204.83,17.64,0.121799,0.368031,0.238709,0.237897,0.045316,0.48639,0.0881,0.09,
0.36,4.5,3,70,70,70,384,384,5469.73,79.8,370.1,212.75,17.91,0.166912,0.371921,0.232906,0.227978,0.036942,0.48118,0.0882,0.09,
0.36,4.5,4,70,70,70,390,390,6255.13,90.4,380.1,219,18.67,0.17289,0.324933,0.243714,0.24374,0.036127,0.49231,0.0884,0.09,
0.36,4.5,5,70,70,70,410,410,5378.63,85.1,400.1,230.34,17.87,0.164465,0.315453,0.234669,0.233766,0.031608,0.48334,0.0883,0.09,
0.36,4.5,6,70,70,70,366,366,5854.1,79.8,356.6,214.37,18.15,0.158421,0.373369,0.240413,0.23502,0.040875,0.48862,0.0886,0.09,
0.36,4.5,7,70,70,70,346,346,6014.68,79.8,333.3,195.02,17.81,0.157667,0.351219,0.240352,0.237608,0.041272,0.48851,0.0889,0.09,
0.36,4.5,8,70,70,70,415,415,5385.87,97.6,406,228.5,17.77,0.167903,0.322356,0.238183,0.23566,0.038234,0.48649,0.0889,0.09,
0.36,4.5,9,70,70,70,412,412,5800.41,80.1,400.1,200.8,17.67,0.154825,0.322848,0.236396,0.233851,0.033505,0.485,0.0885,0.09,
0.36,5,0,70,70,70,377,377,5915.65,85.2,365.1,197.66,19.42,0.163507,0.387278,0.243919,0.232907,0.045574,0.49186,0.0879,0.09,
0.36,5,1,70,70,70,335,335,5453.07,79.8,323.4,194.42,17.95,0.151893,0.343475,0.23353,0.235924,0.040507,0.48144,0.0879,0.09,
0.36,5,2,70,70,70,385,385,5373.71,79.8,375.1,207.32,18.07,0.131581,0.371217,0.24157,0.236541,0.042975,0.48961,0.0888,0.09,
0.36,5,3,70,70,70,423,423,5469.73,79.8,410.1,222.31,18.52,0.15768,0.377443,0.232835,0.229171,0.039156,0.48092,0.0878,0.09,
0.36,5,4,70,70,70,395,395,6255.13,90.1,385.1,224.79,18.98,0.148289,0.32443,0.241965,0.243847,0.03818,0.49035,0.0882,0.09,
0.36,5,5,70,70,70,411,411,5378.63,94.3,402,237.32,17.86,0.154978,0.319442,0.233687,0.233685,0.032018,0.48229,0.0881,0.09,
0.36,5,6,70,70,70,372,372,5854.1,79.8,362.4,226.35,18.3,0.153676,0.37765,0.238356,0.234765,0.043023,0.48632,0.088,0.09,
0.36,5,7,70,70,70,348,348,6014.68,79.8,335.1,200.61,18.1,0.162948,0.357573,0.235861,0.233017,0.041271,0.48387,0.088,0.09,
0.36,5,8,70,70,70,425,425,5385.87,98.3,415.1,236,17.99,0.165443,0.328233,0.2357,0.231155,0.039275,0.48385,0.0884,0.09,
0.36,5,9,70,70,70,412,412,5800.41,80.1,400.1,205.53,17.85,0.145265,0.325643,0.236323,0.228158,0.037654,0.48461,0.0884,0.09,
0.36,5.5,0,70,70,70,453,453,5915.65,85.5,442.9,204.14,19.67,0.166193,0.34446,0.239616,0.235495,0.038571,0.48798,0.088,0.09,
0.36,5.5,1,70,70,70,378,378,5453.07,84.3,365.1,206.37,18.28,0.143914,0.340548,0.229991,0.227925,0.039452,0.4778,0.0876,0.09,
0.36,5.5,2,70,70,70,405,405,5373.71,79.8,395.1,218.03,18.32,0.159732,0.374609,0.239707,0.236343,0.042064,0.4878,0.0884,0.09,
0.36,5.5,3,70,70,70,423,423,5469.73,79.8,410.1,226.79,18.45,0.152048,0.380645,0.236156,0.229923,0.04106,0.48423,0.0882,0.09,
0.36,5.5,4,70,70,70,428,428,6255.13,92.5,415.1,230.98,19.21,0.149184,0.325376,0.241137,0.244916,0.038474,0.48948,0.0882,0.09,
0.36,5.5,5,70,70,70,415,415,5378.63,87.2,405.1,239.53,18.08,0.162513,0.433246,0.239973,0.236943,0.041693,0.48818,0.0886,0.09,
0.36,5.5,6,70,70,70,440,440,5854.1,79.8,430.1,236.26,18.73,0.158776,0.383217,0.240038,0.234786,0.04588,0.48783,0.0881,0.09,
0.36,5.5,7,70,70,70,351,351,6014.68,79.8,340.1,204.97,18.11,0.15701,0.349821,0.234848,0.231127,0.042959,0.48267,0.0877,0.09,
0.36,5.5,8,70,70,70,425,425,5385.87,107.2,415.1,238.77,18.04,0.163959,0.312391,0.232837,0.230808,0.039381,0.48084,0.0879,0.09,
0.36,5.5,9,70,70,70,417,417,5800.41,80.1,405.1,211.48,18.03,0.14338,0.325598,0.23506,0.232634,0.039239,0.48316,0.0884,0.09,
0.36,6,0,70,70,70,456,456,5915.65,86.1,445.1,207.88,19.86,0.166059,0.348645,0.239059,0.235323,0.041681,0.48714,0.0879,0.09,
0.36,6,1,70,70,70,431,431,5453.07,111.4,420.1,216.5,18.61,0.135274,0.33649,0.225625,0.223354,0.040794,0.47304,0.0867,0.09,
0.36,6,2,70,70,70,410,410,5373.71,79.9,400.1,226.61,18.48,0.163783,0.38089,0.239673,0.231603,0.041635,0.48783,0.0882,0.09,
0.36,6,3,70,70,70,440,440,5469.73,79.8,427.9,232.09,18.71,0.14992,0.382059,0.236797,0.229086,0.041698,0.48486,0.0883,0.09,
0.36,6,4,70,70,70,428,428,6255.13,95.8,415.1,242.9,19.59,0.155038,0.326621,0.238774,0.241559,0.039611,0.48694,0.0879,0.09,
0.36,6,5,70,70,70,415,415,5378.63,90.5,405.1,245.41,18.36,0.165147,0.442703,0.238503,0.227319,0.043185,0.48657,0.0883,0.09,
0.36,6,6,70,70,70,440,440,5854.1,79.8,430.1,243.69,19.06,0.141831,0.387891,0.239067,0.234651,0.046601,0.48676,0.0879,0.09,
0.36,6,7,70,70,70,409,409,6014.68,79.8,395.1,218.57,18.55,0.153313,0.346912,0.236407,0.230313,0.043478,0.48421,0.0879,0.09,
0.36,6,8,70,70,70,507,507,5385.87,110.8,495.1,246.15,18.44,0.15302,0.315775,0.23092,0.230933,0.038263,0.47891,0.0874,0.09,
0.36,6,9,70,70,70,417,417,5800.41,80.1,405.1,217.04,18.3,0.138076,0.332582,0.234764,0.232541,0.040112,0.48277,0.0883,0.09,
0.36,6.5,0,70,70,70,456,456,5915.65,85.1,445.1,215.78,19.86,0.162091,0.351386,0.235252,0.232123,0.044649,0.48294,0.087,0.09,
0.36,6.5,1,70,70,70,431,431,5453.07,79.8,420.1,221.8,18.56,0.101544,0.331762,0.22054,0.226268,0.043513,0.46725,0.0856,0.09,
0.36,6.5,2,70,70,70,503,503,5373.71,83.6,493.5,237.37,18.72,0.14387,0.381873,0.23622,0.230711,0.046462,0.48378,0.0874,0.09,
0.36,6.5,3,70,70,70,508,508,5469.73,79.8,495.1,238.4,18.89,0.155588,0.379122,0.233638,0.227784,0.044042,0.48138,0.0878,0.09,
0.36,6.5,4,70,70,70,474,474,6255.13,103.2,460.1,249.31,19.83,0.149674,0.328207,0.236155,0.240054,0.040298,0.48415,0.0876,0.09,
0.36,6.5,5,70,70,70,420,420,5378.63,95,410.1,252.5,18.66,0.168481,0.44018,0.234834,0.224246,0.044422,0.48264,0.0876,0.09,
0.36,6.5,6,70,70,70,486,486,5854.1,79.8,475.1,252.21,19.21,0.14518,0.383936,0.236091,0.233911,0.048788,0.48344,0.0875,0.09,
0.36,6.5,7,70,70,70,419,419,6014.68,79.8,405.1,227,18.72,0.150505,0.35452,0.234371,0.231561,0.045707,0.48187,0.0878,0.09,
0.36,6.5,8,70,70,70,507,507,5385.87,114.3,495.1,254.48,18.65,0.132202,0.31946,0.226764,0.223796,0.039927,0.47436,0.0867,0.09,
0.36,6.5,9,70,70,70,417,417,5800.41,80.1,405.1,221.78,18.37,0.120453,0.340884,0.231583,0.226025,0.040361,0.4794,0.0876,0.09,
0.36,7,0,70,70,70,458,458,5915.65,85.1,447.1,216.54,20.11,0.15665,0.386752,0.236214,0.23278,0.046994,0.48375,0.0869,0.09,
0.36,7,1,70,70,70,439,439,5453.07,119.4,427.6,227,19.06,0.114127,0.364505,0.219209,0.223529,0.043992,0.46584,0.0855,0.09,
0.36,7,2,70,70,70,655,655,5373.71,87.2,645.1,246.2,19.35,0.124067,0.354883,0.231777,0.229709,0.047699,0.47892,0.0866,0.09,
0.36,7,3,70,70,70,511,511,5469.73,79.8,498.9,250.42,19.35,0.168902,0.376606,0.232471,0.223758,0.048228,0.47982,0.0874,0.09,
0.36,7,4,70,70,70,491,491,6255.13,106.4,480.1,260.65,20.42,0.160631,0.330157,0.231742,0.237609,0.041447,0.47948,0.0867,0.09,
0.36,7,5,70,70,70,420,420,5378.63,97,410.1,257.11,18.99,0.163582,0.466167,0.232423,0.225768,0.047165,0.47992,0.087,0.09,
0.36,7,6,70,70,70,491,491,5854.1,79.8,480.1,257.75,19.63,0.149333,0.391245,0.235341,0.222622,0.050776,0.48248,0.0873,0.09,
0.36,7,7,70,70,70,419,419,6014.68,79.8,405.1,231.43,19.16,0.145843,0.362828,0.231555,0.224858,0.046693,0.47887,0.0872,0.09,
0.36,7,8,70,70,70,543,543,5385.87,117.5,530.5,258.2,19.07,0.130801,0.32257,0.224956,0.21967,0.042595,0.4722,0.0864,0.09,
0.36,7,9,70,70,70,491,491,5800.41,80.1,482.5,229.97,18.97,0.118898,0.329889,0.225851,0.223168,0.041504,0.47319,0.0865,0.09,
0.37,3,0,70,70,70,356,356,5915.65,79.8,345.1,174.86,18.66,0.171389,0.354584,0.246456,0.240666,0.034856,0.49525,0.0887,0.09,
0.37,3,1,70,70,70,311,311,5453.07,79.8,300.1,168.06,17.26,0.167505,0.318418,0.234865,0.234974,0.032503,0.48349,0.0884,0.09,
0.37,3,2,70,70,70,336,336,5373.71,79.8,326.9,181.22,17.28,0.153981,0.351847,0.241884,0.236244,0.042526,0.48998,0.0888,0.09,
0.37,3,3,70,70,70,379,379,5469.73,79.8,365.1,190.83,17.7,0.173531,0.35462,0.238384,0.234521,0.033747,0.48708,0.089,0.09,
0.37,3,4,70,70,70,383,383,6255.13,85.8,369.5,196.05,18.79,0.139413,0.314222,0.243592,0.245916,0.033576,0.49235,0.0889,0.09,
0.37,3,5,70,70,70,405,405,5378.63,85.1,395.1,205.61,17.66,0.171507,0.336445,0.238684,0.237547,0.030794,0.48756,0.0889,0.09,
0.37,3,6,70,70,70,320,320,5854.1,79.8,310.1,192.75,18.06,0.172794,0.354575,0.239149,0.236367,0.034985,0.48777,0.0885,0.09,
0.37,3,7,70,70,70,331,331,6014.68,79.8,320.1,179.88,17.89,0.179037,0.321989,0.239087,0.233969,0.034289,0.48774,0.0889,0.09,
0.37,3,8,70,70,70,344,344,5385.87,88.7,335.1,205.19,17.62,0.168909,0.324004,0.237039,0.233131,0.032484,0.48575,0.0887,0.09,
0.37,3,9,70,70,70,298,298,5800.41,80.1,285.8,184.58,17.42,0.172146,0.32609,0.237757,0.23641,0.030478,0.48662,0.089,0.09,
0.37,3.5,0,70,70,70,361,361,5915.65,79.8,350.1,181.98,19.53,0.175974,0.366007,0.245704,0.238206,0.037907,0.49429,0.0884,0.09,
0.37,3.5,1,70,70,70,326,326,5453.07,79.8,315.1,175.74,18.11,0.163602,0.32519,0.237078,0.240732,0.035596,0.48552,0.0887,0.09,
0.37,3.5,2,70,70,70,340,340,5373.71,79.8,330.8,193.71,18.23,0.148329,0.35555,0.240622,0.240118,0.039676,0.48891,0.0888,0.09,
0.37,3.5,3,70,70,70,379,379,5469.73,79.8,365.1,202,18.56,0.169605,0.363916,0.238715,0.231691,0.035502,0.48731,0.0891,0.09,
0.37,3.5,4,70,70,70,384,384,6255.13,93.6,370.1,210.62,19.96,0.128853,0.320264,0.24426,0.242996,0.035303,0.4929,0.0887,0.09,
0.37,3.5,5,70,70,70,407,407,5378.63,85.1,398,218.53,18.8,0.178143,0.310633,0.236285,0.236113,0.028685,0.48521,0.0887,0.09,
0.37,3.5,6,70,70,70,359,359,5854.1,79.8,349.4,203.11,19.2,0.163955,0.364586,0.240617,0.237825,0.035943,0.48921,0.0886,0.09,
0.37,3.5,7,70,70,70,336,336,6014.68,79.8,325.1,190.83,19.03,0.168583,0.330162,0.238504,0.233296,0.03764,0.48689,0.0886,0.09,
0.37,3.5,8,70,70,70,349,349,5385.87,90.1,340.1,216.9,18.79,0.162429,0.324057,0.239788,0.233887,0.034806,0.48841,0.0891,0.09,
0.37,3.5,9,70,70,70,407,407,5800.41,80.1,395.1,195.34,18.91,0.171997,0.329569,0.238171,0.234255,0.03167,0.48698,0.0891,0.09,
0.37,4,0,70,70,70,366,366,5915.65,79.8,355.1,192.01,20.38,0.179268,0.372885,0.246261,0.241301,0.039041,0.49479,0.0886,0.09,
0.37,4,1,70,70,70,331,331,5453.07,79.8,320.1,187.15,18.83,0.163229,0.334032,0.2357,0.232611,0.038728,0.48386,0.0883,0.09,
0.37,4,2,70,70,70,380,380,5373.71,79.8,370.1,202.7,18.91,0.141544,0.364917,0.241257,0.237416,0.041705,0.4894,0.0888,0.09,
0.37,4,3,70,70,70,384,384,5469.73,79.8,370.1,211.31,19.09,0.168821,0.371724,0.236537,0.229045,0.038006,0.48487,0.0888,0.09,
0.37,4,4,70,70,70,390,390,6255.13,92.6,380.1,221.77,20.05,0.133217,0.324814,0.243836,0.245847,0.03772,0.49228,0.0885,0.09,
0.37,4,5,70,70,70,410,410,5378.63,85.3,400.1,228.45,18.81,0.161569,0.311417,0.235911,0.236945,0.03186,0.4846,0.0885,0.09,
0.37,4,6,70,70,70,365,365,5854.1,79.8,355.1,216.23,19.37,0.16639,0.373501,0.241426,0.236548,0.040096,0.48972,0.0888,0.09,
0.37,4,7,70,70,70,348,348,6014.68,79.8,335.1,196.81,19.01,0.15689,0.336045,0.239928,0.236795,0.040559,0.4881,0.0888,0.09,
0.37,4,8,70,70,70,399,399,5385.87,98.9,385.1,226.81,18.82,0.16994,0.321442,0.23863,0.233102,0.037,0.48706,0.089,0.09,
0.37,4,9,70,70,70,412,412,5800.41,80.1,400.1,201.48,19.04,0.168136,0.330306,0.236994,0.233313,0.032905,0.48567,0.0886,0.09,
0.37,4.5,0,70,70,70,375,375,5915.65,79.8,363.4,199.01,20.01,0.178851,0.388287,0.246837,0.238455,0.042619,0.49511,0.0887,0.09,
0.37,4.5,1,70,70,70,331,331,5453.07,79.8,320.9,194.37,18.48,0.151546,0.345416,0.235954,0.232492,0.0394,0.48408,0.0885,0.09,
0.37,4.5,2,70,70,70,386,386,5373.71,79.8,376.5,208.91,18.5,0.127669,0.371948,0.241189,0.238676,0.044142,0.48911,0.0887,0.09,
0.37,4.5,3,70,70,70,418,418,5469.73,79.8,405.1,219.9,18.77,0.161969,0.378343,0.235602,0.229405,0.039355,0.48379,0.0885,0.09,
0.37,4.5,4,70,70,70,413,413,6255.13,98.6,400.4,229.5,19.66,0.17462,0.32441,0.241505,0.241799,0.037662,0.48995,0.0883,0.09,
0.37,4.5,5,70,70,70,410,410,5378.63,85.7,400.1,237.4,18.52,0.168511,0.317242,0.235528,0.232912,0.031809,0.48422,0.0884,0.09,
0.37,4.5,6,70,70,70,371,371,5854.1,79.8,361.6,227.5,19.02,0.156372,0.381167,0.241857,0.239889,0.043455,0.4899,0.0885,0.09,
0.37,4.5,7,70,70,70,349,349,6014.68,79.8,337,202.7,18.56,0.158582,0.341295,0.238826,0.235576,0.04152,0.4869,0.0885,0.09,
0.37,4.5,8,70,70,70,420,420,5385.87,100,410.1,235.21,18.41,0.16729,0.328159,0.237521,0.232176,0.039533,0.48571,0.0886,0.09,
0.37,4.5,9,70,70,70,412,412,5800.41,80.1,400.1,209.86,18.42,0.162293,0.307855,0.235557,0.232699,0.03362,0.48413,0.0886,0.09,
0.37,5,0,70,70,70,456,456,5915.65,89.2,445.1,207.07,19.96,0.169199,0.388864,0.242282,0.234207,0.040882,0.49058,0.0883,0.09,
0.37,5,1,70,70,70,426,426,5453.07,79.8,415.1,204.84,18.42,0.144595,0.331862,0.234006,0.234786,0.040084,0.48195,0.0881,0.09,
0.37,5,2,70,70,70,410,410,5373.71,79.8,400.1,219.84,18.52,0.137552,0.375547,0.242014,0.237623,0.042101,0.49017,0.0889,0.09,
0.37,5,3,70,70,70,423,423,5469.73,79.8,410.1,228.76,18.74,0.163044,0.383894,0.234868,0.230914,0.03994,0.483,0.0881,0.09,
0.37,5,4,70,70,70,428,428,6255.13,90.5,415.1,236.99,19.87,0.151045,0.332114,0.24244,0.244257,0.038994,0.49079,0.0885,0.09,
0.37,5,5,70,70,70,415,415,5378.63,94.8,405.1,245.6,18.6,0.16262,0.32086,0.237275,0.236129,0.032621,0.48597,0.0886,0.09,
0.37,5,6,70,70,70,440,440,5854.1,79.8,430.1,233.95,19.14,0.16041,0.388566,0.238949,0.236163,0.044401,0.48685,0.088,0.09,
0.37,5,7,70,70,70,398,398,6014.68,79.8,385.1,215.29,18.74,0.159682,0.346116,0.236533,0.234779,0.042158,0.48448,0.0879,0.09,
0.37,5,8,70,70,70,425,425,5385.87,100.1,415.1,240.05,18.61,0.165634,0.31264,0.235819,0.232449,0.036921,0.48415,0.0885,0.09,
0.37,5,9,70,70,70,417,417,5800.41,80.1,405.1,218.16,18.57,0.150748,0.330398,0.234403,0.233876,0.035993,0.48275,0.0885,0.09,
0.37,5.5,0,70,70,70,456,456,5915.65,88.6,445.1,212.62,19.98,0.171746,0.345023,0.240616,0.2361,0.038158,0.48904,0.0882,0.09,
0.37,5.5,1,70,70,70,431,431,5453.07,84.7,420.1,217.32,18.57,0.146239,0.356763,0.228705,0.229808,0.041879,0.47624,0.0872,0.09,
0.37,5.5,2,70,70,70,498,498,5373.71,79.8,488.1,228.85,18.55,0.168401,0.380283,0.241181,0.233246,0.042106,0.48936,0.0887,0.09,
0.37,5.5,3,70,70,70,424,424,5469.73,79.8,411.9,237.83,18.97,0.157582,0.388561,0.234728,0.226124,0.042467,0.48267,0.0883,0.09,
0.37,5.5,4,70,70,70,428,428,6255.13,92.9,415.1,247.78,19.78,0.154587,0.333196,0.241212,0.242324,0.0396,0.48948,0.0883,0.09,
0.37,5.5,5,70,70,70,415,415,5378.63,87.6,405.1,253.35,18.57,0.169146,0.322615,0.237534,0.235027,0.035369,0.48605,0.0885,0.09,
0.37,5.5,6,70,70,70,486,486,5854.1,79.8,475.1,248.5,19.21,0.144008,0.395006,0.239156,0.234417,0.04583,0.48695,0.088,0.09,
0.37,5.5,7,70,70,70,409,409,6014.68,79.8,395.1,224.95,18.85,0.158617,0.354173,0.237832,0.229228,0.043925,0.48571,0.0881,0.09,
0.37,5.5,8,70,70,70,507,507,5385.87,107.7,495.1,248.35,18.51,0.169059,0.313882,0.233515,0.231922,0.037233,0.48172,0.0879,0.09,
0.37,5.5,9,70,70,70,417,417,5800.41,80.1,405.1,223.54,18.49,0.151155,0.332922,0.235661,0.230631,0.038816,0.48383,0.0886,0.09,
0.37,6,0,70,70,70,456,456,5915.65,87.9,445.1,220.61,20.17,0.170574,0.346756,0.236323,0.232512,0.042221,0.48428,0.0873,0.09,
0.37,6,1,70,70,70,436,436,5453.07,114,425.1,223.23,18.84,0.143121,0.352541,0.226827,0.225363,0.040823,0.47436,0.0869,0.09,
0.37,6,2,70,70,70,509,509,5373.71,80.5,499.3,237.89,18.94,0.145179,0.384766,0.241484,0.235106,0.043777,0.48951,0.0886,0.09,
0.37,6,3,70,70,70,508,508,5469.73,79.8,495.1,245.22,19.38,0.159885,0.393301,0.234969,0.227706,0.044855,0.4827,0.0882,0.09,
0.37,6,4,70,70,70,479,479,6255.13,96.3,465.1,257.45,20.47,0.160772,0.33725,0.238253,0.239552,0.041779,0.48624,0.0879,0.09,
0.37,6,5,70,70,70,477,477,5378.63,91.5,464.3,260.08,19.12,0.17161,0.330644,0.236471,0.230458,0.036071,0.48491,0.0883,0.09,
0.37,6,6,70,70,70,491,491,5854.1,79.8,480.1,253.73,19.91,0.149336,0.400661,0.236487,0.229813,0.049448,0.48384,0.0875,0.09,
0.37,6,7,70,70,70,419,419,6014.68,79.8,405.1,227.36,19.32,0.154191,0.362012,0.237303,0.229504,0.045635,0.48499,0.0881,0.09,
0.37,6,8,70,70,70,507,507,5385.87,111.3,495.1,254.72,19.05,0.142744,0.30711,0.230646,0.228271,0.038733,0.47857,0.0874,0.09,
0.37,6,9,70,70,70,417,417,5800.41,80.1,405.1,230.13,19.1,0.14309,0.329617,0.234078,0.229592,0.039085,0.48216,0.0884,0.09,
0.37,6.5,0,70,70,70,461,461,5915.65,87.3,450.1,223.04,19.96,0.168328,0.356062,0.234611,0.230384,0.042903,0.48245,0.0869,0.09,
0.37,6.5,1,70,70,70,436,436,5453.07,80,425.1,226.47,18.56,0.104866,0.347582,0.221647,0.223531,0.043525,0.46848,0.0857,0.09,
0.37,6.5,2,70,70,70,655,655,5373.71,84.1,645.1,246.85,18.77,0.149783,0.390837,0.236663,0.234129,0.047215,0.48415,0.0876,0.09,
0.37,6.5,3,70,70,70,513,513,5469.73,79.8,500.1,253.18,19.03,0.177539,0.395124,0.233282,0.227177,0.043791,0.48106,0.0879,0.09,
0.37,6.5,4,70,70,70,479,479,6255.13,103.5,465.1,265.69,20,0.14819,0.340653,0.234542,0.237292,0.042116,0.48233,0.0873,0.09,
0.37,6.5,5,70,70,70,478,478,5378.63,95.3,465.1,264.11,18.7,0.161644,0.461163,0.236393,0.22613,0.046043,0.48415,0.0878,0.09,
0.37,6.5,6,70,70,70,491,491,5854.1,79.8,480.1,259.69,19.23,0.150612,0.401011,0.238363,0.229602,0.05075,0.48566,0.0877,0.09,
0.37,6.5,7,70,70,70,419,419,6014.68,79.8,405.1,233.76,18.78,0.150107,0.367617,0.234552,0.226983,0.046924,0.48199,0.0878,0.09,
0.37,6.5,8,70,70,70,512,512,5385.87,114.7,500.1,262.14,18.56,0.136993,0.303588,0.227406,0.228255,0.038443,0.47516,0.087,0.09,
0.37,6.5,9,70,70,70,494,494,5800.41,86.6,485.1,235.65,18.7,0.125267,0.339276,0.232652,0.228546,0.04287,0.4803,0.0878,0.09,
0.37,7,0,70,70,70,461,461,5915.65,86.5,450.1,229.4,20.26,0.164519,0.360601,0.234711,0.235583,0.041831,0.48261,0.0869,0.09,
0.37,7,1,70,70,70,440,440,5453.07,124.2,428.5,233.68,18.88,0.119228,0.342189,0.220842,0.222594,0.042983,0.4677,0.0857,0.09,
0.37,7,2,70,70,70,660,660,5373.71,87.6,650.1,249.82,19.28,0.129644,0.367483,0.233929,0.230412,0.048091,0.48119,0.087,0.09,
0.37,7,3,70,70,70,513,513,5469.73,79.8,500.1,257.17,19.32,0.177769,0.388034,0.233953,0.227236,0.047942,0.48139,0.0878,0.09,
0.37,7,4,70,70,70,513,513,6255.13,106.6,502.8,273.87,20.56,0.158159,0.343933,0.233303,0.236254,0.040657,0.48119,0.0873,0.09,
0.37,7,5,70,70,70,478,478,5378.63,97.5,465.1,266.06,18.83,0.16461,0.458202,0.236874,0.23137,0.04661,0.48458,0.0878,0.09,
0.37,7,6,70,70,70,491,491,5854.1,79.8,480.1,265.77,19.61,0.13381,0.408488,0.236878,0.225554,0.052034,0.484,0.0873,0.09,
0.37,7,7,70,70,70,424,424,6014.68,79.8,410.1,240.87,19.04,0.146195,0.372911,0.233786,0.224897,0.049421,0.48093,0.0876,0.09,
0.37,7,8,70,70,70,560,560,5385.87,128,548,269.79,19.02,0.135256,0.309039,0.224225,0.221581,0.039659,0.47169,0.0865,0.09,
0.37,7,9,70,70,70,494,494,5800.41,80.1,485.1,238.38,18.86,0.123291,0.335432,0.229901,0.227774,0.043322,0.47731,0.0873,0.09,
0.38,3,0,70,70,70,356,356,5915.65,79.8,345.1,180.1,18.87,0.177832,0.359944,0.245953,0.238331,0.035111,0.49473,0.0886,0.09,
0.38,3,1,70,70,70,313,313,5453.07,79.8,302.2,172.92,17.39,0.161209,0.316392,0.237291,0.237416,0.033307,0.48593,0.0889,0.09,
0.38,3,2,70,70,70,340,340,5373.71,79.8,330.1,188.75,17.48,0.158095,0.357606,0.24195,0.237869,0.040808,0.49019,0.0887,0.09,
0.38,3,3,70,70,70,379,379,5469.73,79.8,365.1,198.49,17.85,0.179974,0.358279,0.237383,0.231465,0.034494,0.486,0.0889,0.09,
0.38,3,4,70,70,70,384,384,6255.13,86.3,370.1,205.37,18.97,0.144455,0.31367,0.244271,0.241686,0.034161,0.49301,0.0889,0.09,
0.38,3,5,70,70,70,405,405,5378.63,85.1,395.1,211.3,17.72,0.177015,0.304681,0.238409,0.237611,0.029482,0.48734,0.0889,0.09,
0.38,3,6,70,70,70,328,328,5854.1,79.8,318.2,197.62,18.08,0.164858,0.360188,0.242068,0.23783,0.035337,0.49073,0.0889,0.09,
0.38,3,7,70,70,70,331,331,6014.68,79.8,320.1,188.45,17.99,0.163075,0.329695,0.238734,0.236928,0.037413,0.48713,0.0887,0.09,
0.38,3,8,70,70,70,348,348,5385.87,90.1,339.9,213.86,17.72,0.177031,0.322214,0.239583,0.236801,0.033318,0.48832,0.0891,0.09,
0.38,3,9,70,70,70,308,308,5800.41,81.4,295.1,191.13,17.56,0.170711,0.321572,0.239071,0.23645,0.030002,0.48801,0.0894,0.09,
0.38,3.5,0,70,70,70,361,361,5915.65,79.8,350.1,188.98,19.39,0.182551,0.362958,0.247506,0.24147,0.038427,0.49609,0.0887,0.09,
0.38,3.5,1,70,70,70,329,329,5453.07,79.8,318.6,182.23,17.68,0.161494,0.331026,0.236361,0.233344,0.035788,0.48478,0.0886,0.09,
0.38,3.5,2,70,70,70,380,380,5373.71,79.8,370.1,202.85,17.89,0.143487,0.362698,0.240694,0.237636,0.040901,0.48889,0.0887,0.09,
0.38,3.5,3,70,70,70,384,384,5469.73,79.8,370.1,208.39,18.39,0.170657,0.368358,0.237474,0.230407,0.036123,0.48599,0.089,0.09,
0.38,3.5,4,70,70,70,384,384,6255.13,95,370.1,220.24,19.65,0.133021,0.321896,0.244154,0.245784,0.036538,0.4927,0.0887,0.09,
0.38,3.5,5,70,70,70,410,410,5378.63,86.1,400.1,225.51,18.48,0.162998,0.312263,0.236181,0.233222,0.030834,0.48496,0.0885,0.09,
0.38,3.5,6,70,70,70,365,365,5854.1,79.8,355.1,213.03,18.83,0.169285,0.370432,0.242581,0.240455,0.03584,0.49123,0.0887,0.09,
0.38,3.5,7,70,70,70,348,348,6014.68,79.8,335.1,195.47,18.61,0.154387,0.337045,0.240888,0.242694,0.039874,0.48915,0.0889,0.09,
0.38,3.5,8,70,70,70,354,354,5385.87,100.1,345.1,223.29,18.23,0.163546,0.307689,0.239457,0.236583,0.035622,0.488,0.0891,0.09,
0.38,3.5,9,70,70,70,412,412,5800.41,81.6,400.1,202.01,18.59,0.174885,0.325613,0.237095,0.232793,0.031015,0.48591,0.0888,0.09,
0.38,4,0,70,70,70,366,366,5915.65,79.8,355.1,199.89,21.27,0.181478,0.379387,0.246983,0.239533,0.040985,0.49538,0.0887,0.09,
0.38,4,1,70,70,70,334,334,5453.07,79.8,323.1,191.78,19.41,0.157996,0.345752,0.237988,0.235409,0.038606,0.48625,0.0887,0.09,
0.38,4,2,70,70,70,386,386,5373.71,79.8,376.3,210.92,19.24,0.132423,0.363561,0.241678,0.239005,0.041374,0.48985,0.089,0.09,
0.38,4,3,70,70,70,418,418,5469.73,79.8,405.1,220.22,19.44,0.165486,0.376692,0.236631,0.229922,0.038907,0.4849,0.0887,0.09,
0.38,4,4,70,70,70,413,413,6255.13,93.8,400.1,232.61,19.82,0.139694,0.327684,0.242695,0.24101,0.039167,0.49103,0.0886,0.09,
0.38,4,5,70,70,70,410,410,5378.63,86.9,400.1,235.61,18.62,0.168521,0.317488,0.236978,0.232051,0.032131,0.4857,0.0886,0.09,
0.38,4,6,70,70,70,370,370,5854.1,79.8,360.1,227.22,18.94,0.158724,0.379197,0.243568,0.239314,0.040515,0.49188,0.0889,0.09,
0.38,4,7,70,70,70,388,388,6014.68,79.8,375.1,205.68,18.64,0.163159,0.344298,0.239998,0.237426,0.040609,0.48818,0.0887,0.09,
0.38,4,8,70,70,70,415,415,5385.87,100.1,405.1,234.45,18.44,0.169426,0.310909,0.237952,0.235005,0.035813,0.48643,0.0888,0.09,
0.38,4,9,70,70,70,412,412,5800.41,81.6,400.1,211.88,18.35,0.170241,0.315209,0.23641,0.23007,0.033572,0.48503,0.0887,0.09,
0.38,4.5,0,70,70,70,456,456,5915.65,79.8,445.1,207.11,19.56,0.172416,0.404472,0.245531,0.232923,0.042713,0.49381,0.0884,0.09,
0.38,4.5,1,70,70,70,426,426,5453.07,79.8,415.1,206.62,18.4,0.151391,0.360544,0.236439,0.234204,0.039314,0.48463,0.0884,0.09,
0.38,4.5,2,70,70,70,411,411,5373.71,79.8,402,220.36,18.44,0.133616,0.375597,0.242703,0.239261,0.042753,0.49082,0.089,0.09,
0.38,4.5,3,70,70,70,423,423,5469.73,87.6,410.1,230.67,18.7,0.167131,0.383654,0.236063,0.228806,0.040253,0.48422,0.0888,0.09,
0.38,4.5,4,70,70,70,428,428,6255.13,98.8,415.1,241.12,19.65,0.173067,0.330026,0.242188,0.243244,0.038421,0.4906,0.0884,0.09,
0.38,4.5,5,70,70,70,418,418,5378.63,88,406,251.32,18.46,0.171346,0.322362,0.237624,0.237847,0.031825,0.48639,0.0886,0.09,
0.38,4.5,6,70,70,70,440,440,5854.1,79.8,430.1,234.92,18.92,0.162355,0.387815,0.24298,0.241235,0.042402,0.49113,0.0886,0.09,
0.38,4.5,7,70,70,70,393,393,6014.68,79.8,380.1,216.04,18.51,0.159496,0.351701,0.240279,0.235928,0.042842,0.48831,0.0886,0.09,
0.38,4.5,8,70,70,70,425,425,5385.87,100.1,415.1,245.01,18.45,0.169192,0.319564,0.236898,0.231679,0.036753,0.48529,0.0885,0.09,
0.38,4.5,9,70,70,70,417,417,5800.41,81.5,405.1,221.45,18.21,0.168456,0.320751,0.237,0.232347,0.036381,0.48543,0.0887,0.09,
0.38,5,0,70,70,70,456,456,5915.65,90.1,445.1,211.79,19.76,0.162324,0.415356,0.24371,0.239369,0.04285,0.49189,0.0883,0.09,
0.38,5,1,70,70,70,431,431,5453.07,81.4,420.1,217.05,18.63,0.160746,0.346884,0.237323,0.232586,0.041223,0.48537,0.0884,0.09,
0.38,5,2,70,70,70,497,497,5373.71,79.8,487.9,232.22,18.64,0.152228,0.382086,0.243426,0.240939,0.042351,0.49161,0.0891,0.09,
0.38,5,3,70,70,70,442,442,5469.73,79.8,429.5,241.6,18.93,0.163973,0.38969,0.236029,0.226975,0.041611,0.48409,0.0883,0.09,
0.38,5,4,70,70,70,428,428,6255.13,101.7,415.1,250.77,19.73,0.155828,0.331857,0.240714,0.242255,0.039303,0.48898,0.0882,0.09,
0.38,5,5,70,70,70,423,423,5378.63,95.1,410.1,256.37,18.78,0.167671,0.326427,0.236624,0.230768,0.035775,0.48509,0.0883,0.09,
0.38,5,6,70,70,70,460,460,5854.1,79.8,450.1,241.12,19.15,0.146622,0.395057,0.242696,0.239278,0.046884,0.49049,0.0884,0.09,
0.38,5,7,70,70,70,402,402,6014.68,79.8,389.8,221.44,18.74,0.160244,0.358017,0.239793,0.23631,0.043057,0.4878,0.0886,0.09,
0.38,5,8,70,70,70,507,507,5385.87,100.1,495.1,255.84,18.74,0.165588,0.327013,0.235566,0.232997,0.038203,0.48379,0.0883,0.09,
0.38,5,9,70,70,70,417,417,5800.41,81.3,405.1,229.6,18.48,0.157824,0.321535,0.234561,0.228607,0.034308,0.48305,0.0886,0.09,
0.38,5.5,0,70,70,70,457,457,5915.65,90.1,446.7,217.46,19.72,0.179061,0.347503,0.239291,0.236337,0.038667,0.48765,0.0878,0.09,
0.38,5.5,1,70,70,70,436,436,5453.07,85.2,425.1,224.74,18.71,0.152769,0.343046,0.230146,0.230481,0.0405,0.47791,0.0873,0.09,
0.38,5.5,2,70,70,70,550,550,5373.71,79.8,540.1,244.66,18.95,0.146966,0.383404,0.242549,0.23843,0.043098,0.49064,0.0889,0.09,
0.38,5.5,3,70,70,70,508,508,5469.73,79.8,495.1,247.26,19.17,0.167259,0.396243,0.237247,0.231541,0.043358,0.4852,0.0886,0.09,
0.38,5.5,4,70,70,70,479,479,6255.13,93.2,465.1,262.23,20.12,0.160033,0.328634,0.239588,0.238287,0.041304,0.48768,0.0881,0.09,
0.38,5.5,5,70,70,70,480,480,5378.63,88.3,467.2,264.02,18.97,0.161334,0.312677,0.238547,0.235317,0.036158,0.48703,0.0887,0.09,
0.38,5.5,6,70,70,70,491,491,5854.1,79.8,480.1,255.1,19.39,0.151351,0.402133,0.242952,0.232218,0.048568,0.49063,0.0886,0.09,
0.38,5.5,7,70,70,70,419,419,6014.68,79.8,405.1,233.34,18.92,0.153394,0.363422,0.237755,0.233627,0.046274,0.48542,0.0881,0.09,
0.38,5.5,8,70,70,70,507,507,5385.87,108.1,495.1,262.76,18.86,0.166821,0.318704,0.232968,0.226401,0.037818,0.48111,0.0879,0.09,
0.38,5.5,9,70,70,70,494,494,5800.41,81,485.1,236.53,18.79,0.158379,0.33734,0.234636,0.231685,0.037323,0.48291,0.0886,0.09,
0.38,6,0,70,70,70,461,461,5915.65,89.4,450.1,226.98,20.19,0.171935,0.354762,0.23835,0.231369,0.041476,0.48646,0.0876,0.09,
0.38,6,1,70,70,70,486,486,5453.07,116.6,475.4,231.76,19.05,0.113189,0.365746,0.227936,0.228502,0.040915,0.47549,0.0869,0.09,
0.38,6,2,70,70,70,655,655,5373.71,80.9,645.1,248.97,19.13,0.152691,0.389651,0.241715,0.237963,0.045896,0.48957,0.0887,0.09,
0.38,6,3,70,70,70,513,513,5469.73,79.8,500.1,259.13,19.4,0.179377,0.400496,0.237298,0.232467,0.043982,0.48522,0.0884,0.09,
0.38,6,4,70,70,70,479,479,6255.13,100.1,465.1,269.49,20.37,0.166538,0.32993,0.238473,0.237547,0.042723,0.48638,0.0879,0.09,
0.38,6,5,70,70,70,483,483,5378.63,93,470.1,268.98,19.07,0.166089,0.333747,0.23815,0.233666,0.038436,0.48646,0.0884,0.09,
0.38,6,6,70,70,70,491,491,5854.1,79.8,480.1,260.23,19.52,0.133929,0.409292,0.240755,0.234271,0.051996,0.48801,0.0879,0.09,
0.38,6,7,70,70,70,419,419,6014.68,79.8,406.7,239.85,19.09,0.15082,0.368441,0.236451,0.227592,0.04692,0.48398,0.088,0.09,
0.38,6,8,70,70,70,512,512,5385.87,111.8,500.1,271.46,19.02,0.148724,0.313966,0.229119,0.221724,0.039182,0.47694,0.0872,0.09,
0.38,6,9,70,70,70,494,494,5800.41,80.7,485.1,246.68,18.98,0.148246,0.339846,0.23495,0.228062,0.040414,0.48298,0.0884,0.09,
0.38,6.5,0,70,70,70,461,461,5915.65,88.8,450.1,233.66,20.33,0.171892,0.356928,0.237559,0.233185,0.042629,0.48554,0.0874,0.09,
0.38,6.5,1,70,70,70,494,494,5453.07,80.3,484,236.59,19.26,0.113636,0.363807,0.226506,0.22823,0.042747,0.47379,0.0863,0.09,
0.38,6.5,2,70,70,70,660,660,5373.71,84.5,650.1,252.54,19.33,0.134835,0.394537,0.237437,0.23127,0.048822,0.48481,0.0878,0.09,
0.38,6.5,3,70,70,70,514,514,5469.73,79.8,501.4,261.14,19.56,0.179372,0.404609,0.237617,0.226746,0.04547,0.48543,0.0885,0.09,
0.38,6.5,4,70,70,70,484,484,6255.13,103.9,470.1,276.05,20.57,0.164076,0.329307,0.236939,0.237137,0.043161,0.48476,0.0877,0.09,
0.38,6.5,5,70,70,70,483,483,5378.63,95.5,470.1,274.09,19.16,0.167245,0.318244,0.234027,0.225271,0.03695,0.4823,0.0878,0.09,
0.38,6.5,6,70,70,70,491,491,5854.1,80.1,480.1,269.06,19.77,0.137018,0.41488,0.240093,0.235114,0.050717,0.48742,0.0877,0.09,
0.38,6.5,7,70,70,70,424,424,6014.68,79.8,410.1,244.49,19.27,0.150274,0.373606,0.236177,0.229448,0.048108,0.48358,0.0879,0.09,
0.38,6.5,8,70,70,70,512,512,5385.87,125.1,500.1,276.06,19.3,0.141984,0.318185,0.228846,0.220021,0.040742,0.47652,0.0871,0.09,
0.38,6.5,9,70,70,70,494,494,5800.41,87,485.1,251.07,19.17,0.130153,0.338033,0.233211,0.22394,0.043486,0.48085,0.0881,0.09,
0.38,7,0,70,70,70,463,463,5915.65,88,452.2,236.59,20.83,0.16957,0.356025,0.235152,0.229364,0.040972,0.48317,0.0868,0.09,
0.38,7,1,70,70,70,499,499,5453.07,124.7,488.2,243.37,19.62,0.12424,0.358138,0.225776,0.220157,0.042654,0.47304,0.0864,0.09,
0.38,7,2,70,70,70,665,665,5373.71,88.4,655.1,256.85,19.79,0.135356,0.380295,0.23566,0.225611,0.047826,0.48306,0.0874,0.09,
0.38,7,3,70,70,70,556,556,5469.73,80.3,543.7,263.43,19.92,0.170184,0.403984,0.233849,0.21968,0.047366,0.48134,0.0878,0.09,
0.38,7,4,70,70,70,558,558,6255.13,107,547.7,282.21,20.93,0.159768,0.331606,0.233154,0.234595,0.039984,0.4811,0.0873,0.09,
0.38,7,5,70,70,70,483,483,5378.63,98,470.1,274.12,19.38,0.161684,0.476308,0.235854,0.222104,0.048508,0.4834,0.0876,0.09,
0.38,7,6,70,70,70,491,491,5854.1,80.1,480.1,277.28,20.05,0.140715,0.412062,0.238152,0.228067,0.052569,0.48524,0.0873,0.09,
0.38,7,7,70,70,70,424,424,6014.68,79.8,410.1,247.71,19.49,0.149441,0.377526,0.23556,0.227821,0.050483,0.48269,0.0877,0.09,
0.38,7,8,70,70,70,578,578,5385.87,128.8,565.1,282.7,19.54,0.139757,0.322282,0.226773,0.2228,0.03958,0.47442,0.0869,0.09,
0.38,7,9,70,70,70,498,498,5800.41,80.2,489.7,258.78,19.45,0.127671,0.339857,0.228442,0.224567,0.043242,0.4758,0.0873,0.09,
0.39,3,0,70,70,70,361,361,5915.65,79.8,350.1,187.55,19.21,0.177413,0.350629,0.247045,0.239538,0.037862,0.49564,0.0887,0.09,
0.39,3,1,70,70,70,326,326,5453.07,79.8,315.1,178.48,17.83,0.167412,0.33044,0.237804,0.236449,0.034191,0.48639,0.0889,0.09,
0.39,3,2,70,70,70,343,343,5373.71,79.8,333.3,195.55,17.89,0.144914,0.358448,0.244358,0.240089,0.041807,0.49259,0.0892,0.09,
0.39,3,3,70,70,70,379,379,5469.73,79.8,365.1,205.14,18.14,0.172377,0.356173,0.237611,0.232267,0.034828,0.48621,0.0889,0.09,
0.39,3,4,70,70,70,384,384,6255.13,86.8,370.1,216.55,19.25,0.149499,0.313727,0.241996,0.240702,0.032977,0.49078,0.0884,0.09,
0.39,3,5,70,70,70,405,405,5378.63,86.3,395.1,217.02,17.99,0.18521,0.309491,0.239708,0.236014,0.029658,0.48868,0.0891,0.09,
0.39,3,6,70,70,70,360,360,5854.1,79.8,350.1,206.97,18.33,0.171741,0.364013,0.241648,0.236674,0.034936,0.49034,0.0888,0.09,
0.39,3,7,70,70,70,336,336,6014.68,79.8,325.1,195.28,18.16,0.161767,0.328091,0.23872,0.235533,0.037794,0.48709,0.0886,0.09,
0.39,3,8,70,70,70,353,353,5385.87,100.1,340.1,219.8,17.84,0.159996,0.303499,0.239559,0.237527,0.034531,0.48819,0.0891,0.09,
0.39,3,9,70,70,70,407,407,5800.41,85.4,395.1,200.54,18.02,0.171315,0.325027,0.23901,0.236829,0.032039,0.48782,0.0892,0.09,
0.39,3.5,0,70,70,70,366,366,5915.65,79.8,355.1,196.71,19.38,0.183969,0.372487,0.247928,0.23763,0.03947,0.49646,0.0888,0.09,
0.39,3.5,1,70,70,70,331,331,5453.07,79.8,320.1,192.8,18.12,0.165025,0.345591,0.240203,0.236273,0.036591,0.48871,0.089,0.09,
0.39,3.5,2,70,70,70,385,385,5373.71,79.8,375.1,210.9,18.27,0.14684,0.370089,0.240087,0.239039,0.038857,0.48844,0.0888,0.09,
0.39,3.5,3,70,70,70,384,384,5469.73,79.8,370.1,216.62,18.43,0.169002,0.369709,0.236494,0.229625,0.036436,0.48494,0.0888,0.09,
0.39,3.5,4,70,70,70,413,413,6255.13,95.1,400.1,232.16,19.48,0.137663,0.32219,0.242722,0.245211,0.038315,0.49111,0.0886,0.09,
0.39,3.5,5,70,70,70,410,410,5378.63,88.6,400.1,234.67,18.33,0.169624,0.315164,0.237448,0.232536,0.031524,0.48622,0.0886,0.09,
0.39,3.5,6,70,70,70,367,367,5854.1,79.8,357.5,225.85,18.69,0.1609,0.374018,0.243088,0.240441,0.038008,0.49157,0.0889,0.09,
0.39,3.5,7,70,70,70,353,353,6014.68,79.8,340.1,205.6,18.27,0.16132,0.337321,0.242203,0.242787,0.040755,0.49042,0.0889,0.09,
0.39,3.5,8,70,70,70,415,415,5385.87,100.1,405.1,233.15,18.13,0.170343,0.313679,0.237867,0.232155,0.035607,0.48637,0.0887,0.09,
0.39,3.5,9,70,70,70,412,412,5800.41,88,400.1,212.24,18.34,0.170958,0.331612,0.237677,0.230212,0.032501,0.48642,0.089,0.09,
0.39,4,0,70,70,70,451,451,5915.65,79.8,440.1,207.29,19.59,0.176576,0.394711,0.247234,0.235817,0.041536,0.49561,0.0887,0.09,
0.39,4,1,70,70,70,426,426,5453.07,79.8,415.1,201.09,18.21,0.151663,0.334973,0.238769,0.237906,0.037463,0.48715,0.0887,0.09,
0.39,4,2,70,70,70,412,412,5373.71,79.8,402.2,221.74,18.41,0.132657,0.373447,0.242151,0.23927,0.04115,0.49037,0.0891,0.09,
0.39,4,3,70,70,70,419,419,5469.73,79.8,406.9,226.68,18.57,0.168842,0.380137,0.237101,0.233042,0.038604,0.48543,0.0888,0.09,
0.39,4,4,70,70,70,428,428,6255.13,95.1,415.1,242.25,19.63,0.145144,0.326772,0.242282,0.240647,0.039546,0.49059,0.0885,0.09,
0.39,4,5,70,70,70,418,418,5378.63,89.3,405.1,247.36,18.44,0.169432,0.319584,0.238069,0.235951,0.032909,0.48677,0.0887,0.09,
0.39,4,6,70,70,70,440,440,5854.1,79.8,430.1,233.55,18.76,0.164717,0.376358,0.243601,0.23848,0.040929,0.49189,0.0888,0.09,
0.39,4,7,70,70,70,393,393,6014.68,79.8,380.1,214.35,18.51,0.15787,0.348622,0.239768,0.241453,0.042559,0.48778,0.0885,0.09,
0.39,4,8,70,70,70,418,418,5385.87,100.1,408.4,245,18.43,0.167893,0.324834,0.239778,0.23313,0.038778,0.4881,0.0889,0.09,
0.39,4,9,70,70,70,415,415,5800.41,85.1,403.5,220.61,18.27,0.167482,0.322441,0.237321,0.234729,0.034898,0.48589,0.0888,0.09,
0.39,4.5,0,70,70,70,456,456,5915.65,79.8,445.1,212.88,19.67,0.178754,0.421068,0.247344,0.239636,0.041038,0.49576,0.0888,0.09,
0.39,4.5,1,70,70,70,431,431,5453.07,80.1,420.1,216.56,18.42,0.171311,0.346642,0.238811,0.234553,0.038328,0.48714,0.0887,0.09,
0.39,4.5,2,70,70,70,470,470,5373.71,79.8,460.1,233.03,18.56,0.154707,0.370492,0.242321,0.236931,0.040363,0.49064,0.089,0.09,
0.39,4.5,3,70,70,70,423,423,5469.73,88.9,410.1,245.13,18.88,0.167337,0.38964,0.236794,0.228565,0.041153,0.48492,0.0887,0.09,
0.39,4.5,4,70,70,70,456,456,6255.13,99.1,445.1,250.18,19.78,0.169358,0.331456,0.242453,0.243613,0.038003,0.4909,0.0886,0.09,
0.39,4.5,5,70,70,70,423,423,5378.63,89.8,410.1,256.59,18.59,0.168216,0.324119,0.23803,0.232608,0.035405,0.48656,0.0886,0.09,
0.39,4.5,6,70,70,70,460,460,5854.1,80.1,450.1,241.58,19.05,0.149645,0.391833,0.243887,0.239993,0.044045,0.49192,0.0887,0.09,
0.39,4.5,7,70,70,70,398,398,6014.68,79.8,385.1,223.82,18.68,0.15778,0.356534,0.241043,0.235927,0.043661,0.48901,0.0886,0.09,
0.39,4.5,8,70,70,70,507,507,5385.87,100.2,495.1,260.43,18.83,0.170321,0.333613,0.237667,0.232221,0.037506,0.48604,0.0887,0.09,
0.39,4.5,9,70,70,70,489,489,5800.41,85.1,481,233.61,18.66,0.158698,0.325712,0.236843,0.232482,0.03499,0.48539,0.089,0.09,
0.39,5,0,70,70,70,461,461,5915.65,90.5,450.1,221.36,20,0.168098,0.439255,0.244585,0.234707,0.044548,0.49271,0.0883,0.09,
0.39,5,1,70,70,70,436,436,5453.07,81.6,425.1,228.21,18.85,0.167729,0.354138,0.234301,0.233063,0.039812,0.48236,0.0879,0.09,
0.39,5,2,70,70,70,540,540,5373.71,79.8,530.1,245.47,18.93,0.147323,0.386332,0.242131,0.23787,0.042903,0.49026,0.0887,0.09,
0.39,5,3,70,70,70,508,508,5469.73,79.8,495.1,249.1,19.17,0.160556,0.396228,0.237875,0.227162,0.043146,0.48587,0.0886,0.09,
0.39,5,4,70,70,70,461,461,6255.13,104,450.1,263.69,20.21,0.161029,0.337166,0.241312,0.240825,0.040012,0.48957,0.0884,0.09,
0.39,5,5,70,70,70,483,483,5378.63,95.3,470.1,263.13,18.98,0.163287,0.328542,0.239216,0.23381,0.036864,0.48768,0.0888,0.09,
0.39,5,6,70,70,70,465,465,5854.1,80.1,455.6,247.94,19.41,0.153877,0.400237,0.243925,0.235147,0.045213,0.49189,0.0889,0.09,
0.39,5,7,70,70,70,414,414,6014.68,79.8,400.1,233.79,19.11,0.156566,0.360787,0.238876,0.237141,0.044682,0.48668,0.0883,0.09,
0.39,5,8,70,70,70,507,507,5385.87,100.7,495.1,268.89,19.11,0.163982,0.339407,0.23349,0.226657,0.038221,0.48165,0.0883,0.09,
0.39,5,9,70,70,70,494,494,5800.41,85.1,485.1,243.4,19.14,0.15636,0.326252,0.23648,0.231526,0.037083,0.48484,0.0889,0.09,
0.39,5.5,0,70,70,70,461,461,5915.65,90.1,450.1,230.17,19.92,0.182119,0.339179,0.241458,0.233719,0.038664,0.48989,0.0881,0.09,
0.39,5.5,1,70,70,70,491,491,5453.07,85.7,480.1,233.87,18.86,0.159981,0.357183,0.233322,0.231874,0.040688,0.48124,0.0876,0.09,
0.39,5.5,2,70,70,70,655,655,5373.71,79.8,645.1,252.83,19.13,0.154362,0.392481,0.241738,0.2397,0.044293,0.48972,0.0887,0.09,
0.39,5.5,3,70,70,70,513,513,5469.73,80.1,500.1,258.09,19.09,0.179941,0.402054,0.236658,0.226819,0.042269,0.48472,0.0884,0.09,
0.39,5.5,4,70,70,70,484,484,6255.13,93.5,470.1,270.55,20.35,0.165448,0.339308,0.240901,0.238751,0.044285,0.48878,0.0882,0.09,
0.39,5.5,5,70,70,70,483,483,5378.63,90.1,470.1,269.56,19.03,0.169284,0.323618,0.239683,0.23918,0.037613,0.4881,0.0888,0.09,
0.39,5.5,6,70,70,70,491,491,5854.1,80.1,480.1,263.27,19.74,0.13655,0.407684,0.24295,0.239945,0.04823,0.49059,0.0883,0.09,
0.39,5.5,7,70,70,70,421,421,6014.68,79.8,410.1,243.13,19.26,0.157273,0.373663,0.238211,0.233192,0.045315,0.48597,0.088,0.09,
0.39,5.5,8,70,70,70,512,512,5385.87,108.4,500.1,272.91,19.16,0.163531,0.320783,0.232924,0.226087,0.038321,0.48105,0.0881,0.09,
0.39,5.5,9,70,70,70,494,494,5800.41,82.6,485.1,249.67,19.19,0.151275,0.329814,0.235919,0.231759,0.039511,0.48406,0.0887,0.09,
0.39,6,0,70,70,70,464,464,5915.65,90.1,454,236.27,19.89,0.178387,0.338015,0.238871,0.236146,0.037586,0.48729,0.0877,0.09,
0.39,6,1,70,70,70,491,491,5453.07,121.5,480.1,242.57,18.8,0.116826,0.353212,0.231486,0.229469,0.04078,0.47924,0.0873,0.09,
0.39,6,2,70,70,70,660,660,5373.71,81.3,650.1,258.47,18.93,0.160487,0.390693,0.239259,0.232636,0.045791,0.48704,0.0882,0.09,
0.39,6,3,70,70,70,553,553,5469.73,80.1,540.1,264.31,19.22,0.17406,0.400369,0.237799,0.225443,0.044065,0.48574,0.0885,0.09,
0.39,6,4,70,70,70,484,484,6255.13,100.1,470.1,280.13,20.57,0.164376,0.342622,0.239756,0.24034,0.041745,0.48783,0.0883,0.09,
0.39,6,5,70,70,70,483,483,5378.63,93.5,470.1,275.61,19.19,0.162315,0.32663,0.235447,0.22452,0.035975,0.48387,0.0881,0.09,
0.39,6,6,70,70,70,491,491,5854.1,80.1,480.1,270.26,19.82,0.140579,0.415343,0.241901,0.241743,0.052174,0.48915,0.0878,0.09,
0.39,6,7,70,70,70,458,458,6014.68,79.8,445.1,249.25,19.29,0.156419,0.378236,0.238108,0.235942,0.047878,0.48559,0.0881,0.09,
0.39,6,8,70,70,70,512,512,5385.87,112.2,500.1,278.8,19.15,0.154583,0.324312,0.230754,0.224408,0.03928,0.47866,0.0878,0.09,
0.39,6,9,70,70,70,499,499,5800.41,82.2,490.1,253.03,19.48,0.141635,0.341833,0.234717,0.22852,0.043016,0.48247,0.0883,0.09,
0.39,6.5,0,70,70,70,487,487,5915.65,90.1,473.8,242.57,20.01,0.170974,0.341495,0.237378,0.232818,0.039954,0.48557,0.0874,0.09,
0.39,6.5,1,70,70,70,495,495,5453.07,124.5,484.9,248.49,18.9,0.129692,0.373242,0.228757,0.221396,0.042122,0.47629,0.0868,0.09,
0.39,6.5,2,70,70,70,665,665,5373.71,91.3,655.1,263.92,18.94,0.140782,0.399101,0.238832,0.230019,0.048778,0.4863,0.088,0.09,
0.39,6.5,3,70,70,70,558,558,5469.73,80.1,545.1,267.54,19.13,0.167858,0.412503,0.235338,0.22445,0.04701,0.48292,0.0881,0.09,
0.39,6.5,4,70,70,70,559,559,6255.13,104.3,548.6,292.67,20.68,0.168204,0.345006,0.236052,0.236241,0.040467,0.48411,0.0877,0.09,
0.39,6.5,5,70,70,70,483,483,5378.63,95.8,470.1,279.85,19.13,0.165743,0.330219,0.234432,0.22373,0.038612,0.4826,0.0878,0.09,
0.39,6.5,6,70,70,70,493,493,5854.1,80.1,482.7,276.21,19.86,0.143835,0.421636,0.242032,0.239136,0.051087,0.48941,0.0881,0.09,
0.39,6.5,7,70,70,70,494,494,6014.68,79.8,481.5,252.68,19.42,0.14805,0.369787,0.236452,0.232032,0.049197,0.48374,0.0876,0.09,
0.39,6.5,8,70,70,70,578,578,5385.87,136.7,565.1,288.35,19.34,0.147026,0.324878,0.227602,0.223313,0.037816,0.47547,0.0873,0.09,
0.39,6.5,9,70,70,70,499,499,5800.41,87.3,490.1,255.36,19.19,0.131905,0.346454,0.232916,0.229758,0.045641,0.48034,0.088,0.09,
0.39,7,0,70,70,70,689,689,5915.65,89.5,675.1,251.82,20.38,0.176547,0.362859,0.236904,0.237213,0.040798,0.48501,0.0871,0.09,
0.39,7,1,70,70,70,499,499,5453.07,130.6,488.9,261.41,19.26,0.144455,0.374492,0.228359,0.225747,0.042763,0.47583,0.0866,0.09,
0.39,7,2,70,70,70,665,665,5373.71,88.9,655.1,263.14,19.05,0.147594,0.393552,0.238901,0.229032,0.048378,0.4864,0.0879,0.09,
0.39,7,3,70,70,70,558,558,5469.73,80.6,545.1,269.5,19.28,0.166826,0.415925,0.235112,0.22206,0.049135,0.48248,0.0879,0.09,
0.39,7,4,70,70,70,561,561,6255.13,107.2,550.1,297.94,20.58,0.159651,0.347491,0.231728,0.231852,0.041641,0.47948,0.087,0.09,
0.39,7,5,70,70,70,483,483,5378.63,98.5,470.1,285.5,19.13,0.15648,0.33264,0.234563,0.223359,0.039971,0.48263,0.0878,0.09,
0.39,7,6,70,70,70,496,496,5854.1,80.1,485.1,284.31,19.76,0.130432,0.427946,0.240794,0.23469,0.0548,0.48773,0.0876,0.09,
0.39,7,7,70,70,70,498,498,6014.68,79.8,485.1,254.09,19.26,0.145011,0.384902,0.2364,0.231814,0.051499,0.48343,0.0876,0.09,
0.39,7,8,70,70,70,578,578,5385.87,129.3,565.1,290.72,19.22,0.144327,0.320242,0.226558,0.220637,0.040085,0.47416,0.0871,0.09,
0.39,7,9,70,70,70,499,499,5800.41,90.3,491,263.48,19.08,0.132222,0.338407,0.229664,0.228231,0.043105,0.47712,0.0876,0.09,
0.4,3,0,70,70,70,361,361,5915.65,79.8,350.1,192,19.15,0.183229,0.366149,0.247125,0.24161,0.039821,0.49559,0.0887,0.09,
0.4,3,1,70,70,70,331,331,5453.07,79.8,320.1,186.43,17.76,0.174284,0.344765,0.237158,0.235525,0.035596,0.48566,0.0886,0.09,
0.4,3,2,70,70,70,355,355,5373.71,79.8,345.1,205.94,17.88,0.150506,0.363559,0.240054,0.238617,0.039341,0.48837,0.0887,0.09,
0.4,3,3,70,70,70,381,381,5469.73,79.8,367.8,214.45,18.26,0.172602,0.329477,0.237081,0.228987,0.033458,0.48575,0.089,0.09,
0.4,3,4,70,70,70,389,389,6255.13,92.5,375.1,225.24,19.32,0.154984,0.31532,0.243637,0.242836,0.034659,0.49235,0.0887,0.09,
0.4,3,5,70,70,70,410,410,5378.63,88.9,400.1,229.18,18.15,0.173496,0.311047,0.237154,0.235467,0.029088,0.48609,0.0886,0.09,
0.4,3,6,70,70,70,364,364,5854.1,79.8,354.6,221.27,18.61,0.168995,0.362587,0.2425,0.240741,0.036236,0.49112,0.0889,0.09,
0.4,3,7,70,70,70,351,351,6014.68,79.8,338.3,203.41,18.3,0.156299,0.332485,0.241968,0.241611,0.038725,0.49034,0.089,0.09,
0.4,3,8,70,70,70,368,368,5385.87,100.1,356.8,228.88,18.1,0.167311,0.312541,0.23918,0.233211,0.034786,0.48778,0.089,0.09,
0.4,3,9,70,70,70,407,407,5800.41,90.1,395.1,210.57,18.22,0.176288,0.318827,0.238209,0.232594,0.029584,0.48715,0.0892,0.09,
0.4,3.5,0,70,70,70,366,366,5915.65,79.8,355.1,203.2,19.6,0.179891,0.381182,0.24928,0.237872,0.041114,0.49771,0.0889,0.09,
0.4,3.5,1,70,70,70,338,338,5453.07,79.8,328,198.26,18.04,0.158161,0.336421,0.239282,0.239552,0.038552,0.4876,0.0887,0.09,
0.4,3.5,2,70,70,70,410,410,5373.71,79.8,400.1,222.14,18.3,0.142621,0.368345,0.240943,0.237908,0.038985,0.48932,0.0889,0.09,
0.4,3.5,3,70,70,70,418,418,5469.73,79.8,405.1,227.5,18.46,0.17167,0.326733,0.236987,0.234946,0.034168,0.4856,0.0889,0.09,
0.4,3.5,4,70,70,70,423,423,6255.13,96.4,410.1,243.87,19.49,0.141803,0.322692,0.242178,0.243247,0.036661,0.4907,0.0885,0.09,
0.4,3.5,5,70,70,70,418,418,5378.63,90.1,405.1,243.74,18.37,0.177451,0.315822,0.239113,0.233362,0.032327,0.4879,0.0888,0.09,
0.4,3.5,6,70,70,70,440,440,5854.1,79.8,430.1,232.97,18.78,0.167586,0.371738,0.243735,0.241722,0.038834,0.49218,0.089,0.09,
0.4,3.5,7,70,70,70,393,393,6014.68,79.8,380.1,212.14,18.47,0.16742,0.346371,0.240615,0.239737,0.040132,0.48887,0.0887,0.09,
0.4,3.5,8,70,70,70,415,415,5385.87,100.6,405.1,242.72,18.23,0.171465,0.325853,0.238711,0.234289,0.037327,0.48712,0.0888,0.09,
0.4,3.5,9,70,70,70,412,412,5800.41,91.7,400.1,217.9,18.27,0.161746,0.335772,0.238484,0.233213,0.034357,0.48712,0.0889,0.09,
0.4,4,0,70,70,70,456,456,5915.65,79.8,445.1,216.41,19.87,0.181739,0.410397,0.247244,0.239402,0.040824,0.49567,0.0887,0.09,
0.4,4,1,70,70,70,431,431,5453.07,79.8,420.1,212.89,18.48,0.17163,0.348661,0.240268,0.236658,0.039556,0.48854,0.0888,0.09,
0.4,4,2,70,70,70,470,470,5373.71,79.8,460.1,234.97,18.65,0.137655,0.380794,0.240866,0.241161,0.042059,0.48897,0.0888,0.09,
0.4,4,3,70,70,70,423,423,5469.73,79.8,410.1,235.38,18.76,0.165361,0.382728,0.237244,0.229149,0.040515,0.48542,0.0887,0.09,
0.4,4,4,70,70,70,456,456,6255.13,95.1,445.1,253.4,20.02,0.152028,0.329151,0.241096,0.244942,0.038454,0.48947,0.0883,0.09,
0.4,4,5,70,70,70,422,422,5378.63,90.1,409.4,255.97,18.54,0.167209,0.320446,0.23907,0.235471,0.033493,0.48777,0.0888,0.09,
0.4,4,6,70,70,70,460,460,5854.1,80.1,450.1,245.8,19.19,0.152381,0.382545,0.243857,0.238429,0.042849,0.49199,0.0888,0.09,
0.4,4,7,70,70,70,401,401,6014.68,79.8,388.8,222.16,18.79,0.160387,0.35723,0.24201,0.239827,0.043476,0.49001,0.0888,0.09,
0.4,4,8,70,70,70,507,507,5385.87,101.7,495.1,260.89,18.8,0.173834,0.33318,0.236672,0.230201,0.03546,0.48518,0.0887,0.09,
0.4,4,9,70,70,70,489,489,5800.41,91.4,480.1,234.12,18.77,0.15625,0.324312,0.238203,0.236457,0.035211,0.48676,0.089,0.09,
0.4,4.5,0,70,70,70,461,461,5915.65,79.8,450.1,223.77,19.7,0.183894,0.438151,0.248343,0.239654,0.044223,0.49655,0.0889,0.09,
0.4,4.5,1,70,70,70,491,491,5453.07,80.1,480.1,228.55,18.42,0.165791,0.360745,0.237548,0.23635,0.040094,0.48572,0.0883,0.09,
0.4,4.5,2,70,70,70,505,505,5373.71,79.8,495.1,244.88,18.55,0.163847,0.384377,0.242418,0.240108,0.041417,0.49067,0.0889,0.09,
0.4,4.5,3,70,70,70,508,508,5469.73,90.1,495.1,252.66,18.83,0.166787,0.392501,0.237156,0.228468,0.040679,0.48535,0.0886,0.09,
0.4,4.5,4,70,70,70,461,461,6255.13,102.9,450.1,267.52,19.82,0.164804,0.330277,0.239623,0.236605,0.038282,0.48798,0.0882,0.09,
0.4,4.5,5,70,70,70,483,483,5378.63,93.3,470.1,266.83,18.72,0.175296,0.325237,0.240748,0.238393,0.035134,0.48939,0.0891,0.09,
0.4,4.5,6,70,70,70,465,465,5854.1,80.1,455.1,254.12,19.06,0.15688,0.390868,0.243898,0.238427,0.044841,0.49188,0.0887,0.09,
0.4,4.5,7,70,70,70,410,410,6014.68,79.8,400.1,234.25,18.8,0.159029,0.365013,0.241573,0.240057,0.04438,0.4895,0.0886,0.09,
0.4,4.5,8,70,70,70,507,507,5385.87,102.3,495.1,271.41,18.83,0.16805,0.338506,0.23545,0.228092,0.036175,0.48385,0.0888,0.09,
0.4,4.5,9,70,70,70,494,494,5800.41,90.9,485.1,243.35,18.56,0.163769,0.330129,0.237432,0.23425,0.037793,0.48578,0.089,0.09,
0.4,5,0,70,70,70,461,461,5915.65,95.4,450.1,229.6,20.41,0.174179,0.352497,0.245618,0.240493,0.038899,0.49412,0.0886,0.09,
0.4,5,1,70,70,70,491,491,5453.07,83.6,480.1,235.74,19.22,0.166508,0.363456,0.23712,0.235371,0.040268,0.48526,0.0884,0.09,
0.4,5,2,70,70,70,655,655,5373.71,79.8,645.1,256.73,19.43,0.154516,0.376824,0.240972,0.239318,0.041974,0.48912,0.0886,0.09,
0.4,5,3,70,70,70,513,513,5469.73,80.1,500.1,256.84,19.51,0.165934,0.401936,0.237748,0.234369,0.042702,0.48579,0.0887,0.09,
0.4,5,4,70,70,70,484,484,6255.13,105.8,470.1,275.49,20.36,0.166636,0.337902,0.239234,0.242148,0.038004,0.48759,0.0883,0.09,
0.4,5,5,70,70,70,499,499,5378.63,95.5,489.1,276.11,19.11,0.170982,0.330097,0.239814,0.239711,0.037308,0.48826,0.0888,0.09,
0.4,5,6,70,70,70,491,491,5854.1,80.1,480.1,260.82,19.42,0.139678,0.400244,0.24488,0.240197,0.048279,0.49256,0.0886,0.09,
0.4,5,7,70,70,70,458,458,6014.68,79.8,445.1,245.67,19.2,0.153362,0.371924,0.240417,0.237427,0.04534,0.48823,0.0883,0.09,
0.4,5,8,70,70,70,512,512,5385.87,102.6,500.1,277.54,19.09,0.1647,0.344073,0.234271,0.229618,0.037598,0.48252,0.0886,0.09,
0.4,5,9,70,70,70,495,495,5800.41,90.2,486.8,250.7,19.06,0.15185,0.334209,0.236725,0.231081,0.038063,0.48501,0.0888,0.09,
0.4,5.5,0,70,70,70,464,464,5915.65,95.1,453.8,237.57,20.13,0.178509,0.353115,0.243251,0.239213,0.038609,0.49172,0.0883,0.09,
0.4,5.5,1,70,70,70,491,491,5453.07,86.3,481,243.73,19.19,0.162991,0.359243,0.235657,0.23744,0.040573,0.48369,0.0879,0.09,
0.4,5.5,2,70,70,70,660,660,5373.71,79.8,650.1,261.96,19.29,0.156373,0.396915,0.243322,0.240075,0.045242,0.49126,0.0888,0.09,
0.4,5.5,3,70,70,70,553,553,5469.73,80.1,540.1,267,19.47,0.17899,0.408391,0.237819,0.22835,0.043445,0.48582,0.0886,0.09,
0.4,5.5,4,70,70,70,484,484,6255.13,93.7,470.1,285.28,20.25,0.171474,0.34446,0.240131,0.243111,0.041001,0.4883,0.0884,0.09,
0.4,5.5,5,70,70,70,525,525,5378.63,90.1,515.1,282.7,19.11,0.164933,0.334335,0.237592,0.228372,0.036219,0.48607,0.0885,0.09,
0.4,5.5,6,70,70,70,491,491,5854.1,80.1,480.1,269.82,19.35,0.143151,0.407235,0.243424,0.239502,0.049604,0.49098,0.0883,0.09,
0.4,5.5,7,70,70,70,458,458,6014.68,79.8,445.7,252.14,19.24,0.15124,0.387446,0.238454,0.23627,0.047624,0.48601,0.0879,0.09,
0.4,5.5,8,70,70,70,512,512,5385.87,108.7,500.1,279.46,19.06,0.159296,0.32224,0.234045,0.227056,0.039045,0.48216,0.0884,0.09,
0.4,5.5,9,70,70,70,499,499,5800.41,90.1,490.1,254.42,18.86,0.147485,0.341317,0.236992,0.231046,0.041509,0.48502,0.0888,0.09,
0.4,6,0,70,70,70,484,484,5915.65,90.1,470.1,246.81,20.48,0.175625,0.352624,0.239347,0.232749,0.040369,0.48757,0.0875,0.09,
0.4,6,1,70,70,70,496,496,5453.07,121.8,485.1,255.48,19.45,0.115952,0.364229,0.230073,0.230515,0.040696,0.47781,0.0869,0.09,
0.4,6,2,70,70,70,665,665,5373.71,81.6,655.1,271.3,19.63,0.15827,0.401946,0.24235,0.23896,0.047936,0.48999,0.0885,0.09,
0.4,6,3,70,70,70,558,558,5469.73,80.1,545.1,271.8,19.59,0.169343,0.414028,0.238518,0.231069,0.046027,0.48631,0.0887,0.09,
0.4,6,4,70,70,70,533,533,6255.13,102.5,520.1,293.18,20.66,0.17418,0.34832,0.238361,0.235769,0.042732,0.48632,0.0882,0.09,
0.4,6,5,70,70,70,535,535,5378.63,93.9,525.1,292.19,19.39,0.167454,0.338897,0.235422,0.23068,0.036597,0.48378,0.088,0.09,
0.4,6,6,70,70,70,496,496,5854.1,80.1,485.1,277.78,19.64,0.147412,0.414564,0.243626,0.235853,0.052875,0.49085,0.0882,0.09,
0.4,6,7,70,70,70,498,498,6014.68,79.8,485.1,255.66,19.28,0.151526,0.388379,0.238311,0.237224,0.048742,0.48574,0.0879,0.09,
0.4,6,8,70,70,70,512,512,5385.87,112.5,500.1,286,19.17,0.152318,0.31752,0.230506,0.225031,0.038119,0.4785,0.0879,0.09,
0.4,6,9,70,70,70,502,502,5800.41,85.1,494,256.39,18.92,0.138196,0.337973,0.23576,0.233516,0.041848,0.48365,0.0886,0.09,
0.4,6.5,0,70,70,70,501,501,5915.65,90.1,490.1,253.93,20.72,0.163703,0.356519,0.24321,0.240736,0.041009,0.4915,0.088,0.09,
0.4,6.5,1,70,70,70,496,496,5453.07,129.2,485.8,260.96,19.53,0.135096,0.362785,0.230553,0.22876,0.042504,0.47817,0.0869,0.09,
0.4,6.5,2,70,70,70,665,665,5373.71,91.7,655.1,274.76,19.65,0.13919,0.398321,0.241165,0.235591,0.049227,0.48864,0.088,0.09,
0.4,6.5,3,70,70,70,558,558,5469.73,80.1,545.1,276.38,19.69,0.175929,0.412854,0.237912,0.230236,0.047034,0.48561,0.0885,0.09,
0.4,6.5,4,70,70,70,561,561,6255.13,104.6,550.1,298.99,20.79,0.159182,0.351773,0.237073,0.239964,0.042229,0.48501,0.0879,0.09,
0.4,6.5,5,70,70,70,535,535,5378.63,96,525.1,296.48,19.5,0.160936,0.332146,0.234948,0.230167,0.037311,0.48323,0.0879,0.09,
0.4,6.5,6,70,70,70,496,496,5854.1,80.1,485.1,282.21,19.88,0.133742,0.427405,0.244824,0.238823,0.053423,0.49203,0.0885,0.09,
0.4,6.5,7,70,70,70,498,498,6014.68,79.8,485.1,257.72,19.41,0.151604,0.384799,0.240734,0.238123,0.051779,0.48791,0.0882,0.09,
0.4,6.5,8,70,70,70,578,578,5385.87,137.1,565.1,293.26,19.47,0.152068,0.316374,0.228822,0.225714,0.038437,0.47668,0.0876,0.09,
0.4,6.5,9,70,70,70,504,504,5800.41,88.3,495.1,265.65,19.14,0.136466,0.357084,0.232636,0.230121,0.045842,0.48006,0.088,0.09,
0.4,7,0,70,70,70,689,689,5915.65,90.1,675.1,261.97,20.89,0.169443,0.356354,0.239832,0.241126,0.040788,0.48802,0.0871,0.09,
0.4,7,1,70,70,70,500,500,5453.07,130.9,489.7,270.75,19.61,0.150338,0.380784,0.229634,0.227696,0.042787,0.47721,0.0869,0.09,
0.4,7,2,70,70,70,670,670,5373.71,90.3,660.1,283.41,19.8,0.136112,0.407418,0.240029,0.236632,0.051037,0.48726,0.0877,0.09,
0.4,7,3,70,70,70,558,558,5469.73,99.3,545.1,285.28,19.8,0.163563,0.424278,0.232748,0.226333,0.049522,0.47998,0.0877,0.09,
0.4,7,4,70,70,70,561,561,6255.13,107.5,550.1,305.34,20.33,0.156094,0.355356,0.235333,0.235647,0.042866,0.48312,0.0875,0.09,
0.4,7,5,70,70,70,550,550,5378.63,99,540.1,301.96,19.41,0.152672,0.33694,0.235623,0.22568,0.041087,0.48363,0.088,0.09,
0.4,7,6,70,70,70,513,513,5854.1,80.1,500.1,292.48,19.79,0.136745,0.434498,0.244173,0.237765,0.05626,0.49109,0.088,0.09,
0.4,7,7,70,70,70,498,498,6014.68,80.1,485.1,265.04,19.37,0.150764,0.404389,0.239601,0.233363,0.053945,0.48654,0.0879,0.09,
0.4,7,8,70,70,70,583,583,5385.87,140.2,570.1,297.6,19.19,0.149265,0.323822,0.227673,0.221789,0.039934,0.47537,0.0873,0.09,
0.4,7,9,70,70,70,504,504,5800.41,90.8,495.8,275.51,18.97,0.13697,0.352505,0.229172,0.230744,0.04366,0.47659,0.0876,0.09,
