I_U,T_INT,seed,nodes_measured,n_targets,total_assignments,sim_elapsed_s,total_survey_time_s,fleet_distance_m,conv_time_min_s,conv_time_max_s,conv_time_mean_s,wall_time_s,var_Ubar_min,var_Ubar_max,var_Ubar_mean,var_Ubar_median,var_Ubar_std,sigma_Ubar_mean,ci_rel_mean,ci_rel_max,error
0.25,3,0,70,70,70,361,361,5915.65,110.1,350.1,217.95,14.9,0.093638,0.133548,0.10805,0.107326,0.009215,0.32842,0.0597,0.06,
0.25,3,1,70,70,70,316,316,5453.07,108.9,306.2,204.76,13.82,0.084116,0.128756,0.106192,0.106389,0.0097,0.32553,0.0596,0.06,
0.25,3,2,70,70,70,375,375,5373.71,79.8,365.1,223.21,13.94,0.080996,0.135644,0.106627,0.105649,0.010281,0.32617,0.0595,0.06,
0.25,3,3,70,70,70,406,406,5469.73,105.2,393.3,232.49,14.16,0.088832,0.126189,0.106032,0.104796,0.008788,0.32535,0.0596,0.06,
0.25,3,4,70,70,70,396,396,6255.13,92.7,383.4,243.27,15.05,0.087626,0.127181,0.107286,0.108233,0.008374,0.3273,0.0596,0.06,
0.25,3,5,70,70,70,430,430,5378.63,100.1,420.1,243.07,14.2,0.090497,0.124594,0.106826,0.10665,0.008699,0.32658,0.0595,0.06,
0.25,3,6,70,70,70,354,354,5854.1,79.8,344.1,234.8,14.5,0.087202,0.136142,0.107072,0.106414,0.009853,0.32688,0.0595,0.06,
0.25,3,7,70,70,70,348,348,6014.68,79.8,335.1,216.87,14.3,0.087814,0.13027,0.106694,0.107278,0.009907,0.32629,0.0596,0.06,
0.25,3,8,70,70,70,368,368,5385.87,116.7,356.5,242.59,14.18,0.088594,0.124557,0.105994,0.105388,0.008716,0.32529,0.0596,0.06,
0.25,3,9,70,70,70,352,352,5800.41,90.1,340.1,230.36,14.36,0.085996,0.125482,0.10641,0.106163,0.009005,0.32592,0.0597,0.06,
0.25,3.5,0,70,70,70,366,366,5915.65,111,355.1,226.68,15.94,0.087817,0.135191,0.108128,0.106564,0.010349,0.32846,0.0596,0.06,
0.25,3.5,1,70,70,70,329,329,5453.07,109.9,318.5,213.36,14.67,0.082337,0.130678,0.105883,0.105463,0.01039,0.325,0.0595,0.06,
0.25,3.5,2,70,70,70,385,385,5373.71,79.8,375.1,232.22,14.95,0.078588,0.138506,0.106717,0.107355,0.009957,0.32632,0.0595,0.06,
0.25,3.5,3,70,70,70,418,418,5469.73,106.2,405.1,242.77,15.42,0.087057,0.126932,0.105595,0.104879,0.009681,0.32462,0.0594,0.06,
0.25,3.5,4,70,70,70,408,408,6255.13,95.1,395.1,254.25,16.08,0.089369,0.128474,0.106835,0.10602,0.008619,0.32659,0.0595,0.06,
0.25,3.5,5,70,70,70,435,435,5378.63,100.8,425.1,256.46,15.2,0.085357,0.128548,0.106775,0.104435,0.009556,0.32645,0.0595,0.06,
0.25,3.5,6,70,70,70,377,377,5854.1,80.7,365.1,249.55,15.58,0.084136,0.144222,0.106983,0.106779,0.011168,0.32665,0.0595,0.06,
0.25,3.5,7,70,70,70,353,353,6014.68,79.8,340.1,228,15.29,0.084495,0.130967,0.106555,0.105964,0.010417,0.32604,0.0596,0.06,
0.25,3.5,8,70,70,70,377,377,5385.87,120.1,365.1,255.55,15.06,0.086279,0.125218,0.105539,0.104665,0.009526,0.32454,0.0595,0.06,
0.25,3.5,9,70,70,70,402,402,5800.41,94.4,390.1,241.1,15.11,0.087398,0.128262,0.106217,0.104142,0.009763,0.32557,0.0596,0.06,
0.25,4,0,70,70,70,451,451,5915.65,114.5,440.1,233.88,16.59,0.090533,0.136269,0.108041,0.106309,0.010071,0.32835,0.0595,0.06,
0.25,4,1,70,70,70,421,421,5453.07,110.1,410.1,223.85,15.36,0.079579,0.132091,0.106407,0.106186,0.010558,0.3258,0.0596,0.06,
0.25,4,2,70,70,70,405,405,5373.71,79.8,395.3,239.67,15.45,0.076366,0.144627,0.106955,0.107725,0.010836,0.32663,0.0595,0.06,
0.25,4,3,70,70,70,418,418,5469.73,106.8,405.1,248.34,15.79,0.09132,0.130617,0.106414,0.105949,0.009946,0.32587,0.0596,0.06,
0.25,4,4,70,70,70,414,414,6255.13,95.1,401.8,262.06,16.74,0.089772,0.130572,0.10788,0.10888,0.009966,0.32811,0.0597,0.06,
0.25,4,5,70,70,70,440,440,5378.63,101.5,430.1,268.57,15.93,0.088663,0.126929,0.106556,0.105759,0.00969,0.3261,0.0595,0.06,
0.25,4,6,70,70,70,471,471,5854.1,115.9,460.1,266.06,16.36,0.081996,0.132289,0.10713,0.106225,0.011503,0.32684,0.0594,0.06,
0.25,4,7,70,70,70,388,388,6014.68,79.8,375.1,241.95,15.96,0.080878,0.132506,0.106198,0.107129,0.010908,0.32545,0.0595,0.06,
0.25,4,8,70,70,70,410,410,5385.87,120.1,400.1,265.23,15.63,0.085523,0.128463,0.105785,0.104169,0.009854,0.3249,0.0596,0.06,
0.25,4,9,70,70,70,484,484,5800.41,95.1,475.1,250.22,15.83,0.085817,0.127779,0.106233,0.105737,0.009788,0.3256,0.0596,0.06,
0.25,4.5,0,70,70,70,456,456,5915.65,114.5,445.1,236.75,16.88,0.08899,0.137719,0.108768,0.107627,0.010644,0.32942,0.0597,0.06,
0.25,4.5,1,70,70,70,426,426,5453.07,110.1,415.4,234.47,15.85,0.085054,0.132372,0.106282,0.106051,0.011088,0.32557,0.0596,0.06,
0.25,4.5,2,70,70,70,414,414,5373.71,79.8,404.1,245.61,15.85,0.083045,0.143786,0.107164,0.10647,0.010744,0.32696,0.0595,0.06,
0.25,4.5,3,70,70,70,423,423,5469.73,107.1,410.1,258.95,16.19,0.087693,0.132213,0.106379,0.105408,0.010879,0.32574,0.0596,0.06,
0.25,4.5,4,70,70,70,428,428,6255.13,97.4,415.1,267.19,17.08,0.085502,0.132199,0.107199,0.106331,0.010759,0.32701,0.0594,0.06,
0.25,4.5,5,70,70,70,445,445,5378.63,102,435.1,275.22,16.17,0.086329,0.129159,0.106665,0.106403,0.009971,0.32625,0.0595,0.06,
0.25,4.5,6,70,70,70,471,471,5854.1,118,460.6,270.4,16.57,0.080311,0.13307,0.107297,0.106166,0.012049,0.32705,0.0595,0.06,
0.25,4.5,7,70,70,70,391,391,6014.68,79.8,378.4,246.51,16.31,0.083659,0.133338,0.106366,0.107268,0.010941,0.32571,0.0596,0.06,
0.25,4.5,8,70,70,70,415,415,5385.87,120.4,405.1,271.94,16.03,0.084697,0.12963,0.105802,0.103966,0.010729,0.32486,0.0595,0.06,
0.25,4.5,9,70,70,70,489,489,5800.41,95.1,480.1,258.58,16.22,0.081017,0.129219,0.10632,0.104792,0.010542,0.32568,0.0597,0.06,
0.25,5,0,70,70,70,456,456,5915.65,114.2,445.1,240.87,17.22,0.08752,0.13926,0.108693,0.107866,0.011013,0.32928,0.0597,0.06,
0.25,5,1,70,70,70,431,431,5453.07,110.5,420.1,243.03,16.19,0.085087,0.129764,0.106088,0.106028,0.01067,0.3253,0.0596,0.06,
0.25,5,2,70,70,70,470,470,5373.71,79.8,460.1,254.58,16.24,0.081017,0.14865,0.107693,0.108272,0.012101,0.32766,0.0596,0.06,
0.25,5,3,70,70,70,498,498,5469.73,107,485.1,266.63,16.58,0.085947,0.13396,0.106311,0.104586,0.011314,0.32561,0.0596,0.06,
0.25,5,4,70,70,70,428,428,6255.13,106.8,415.1,279.33,17.49,0.085905,0.133618,0.107618,0.106609,0.010816,0.32765,0.0596,0.06,
0.25,5,5,70,70,70,454,454,5378.63,102.4,444.7,280.09,16.47,0.087613,0.130364,0.106848,0.105905,0.010498,0.32649,0.0595,0.06,
0.25,5,6,70,70,70,476,476,5854.1,119.6,465.1,273.95,16.97,0.082299,0.137056,0.107806,0.1052,0.012355,0.32781,0.0596,0.06,
0.25,5,7,70,70,70,393,393,6014.68,79.8,381,254.64,16.65,0.079739,0.134721,0.106134,0.105277,0.011607,0.3253,0.0595,0.06,
0.25,5,8,70,70,70,430,430,5385.87,120.6,420.1,275.51,16.27,0.084227,0.13059,0.105585,0.103314,0.010543,0.32454,0.0595,0.06,
0.25,5,9,70,70,70,490,490,5800.41,96.4,481.1,262.37,16.56,0.083268,0.13219,0.106235,0.104824,0.011338,0.32548,0.0596,0.06,
0.25,5.5,0,70,70,70,460,460,5915.65,113.7,449.6,244.5,17.57,0.090461,0.139827,0.109063,0.108385,0.011371,0.32981,0.0597,0.06,
0.25,5.5,1,70,70,70,436,436,5453.07,112.4,425.1,245.01,16.6,0.084152,0.129436,0.10595,0.104816,0.010738,0.32509,0.0596,0.06,
0.25,5.5,2,70,70,70,496,496,5373.71,79.8,486.1,261.55,16.77,0.083455,0.150751,0.107386,0.108524,0.012414,0.32717,0.0595,0.06,
0.25,5.5,3,70,70,70,503,503,5469.73,106.7,490.1,271.73,17.13,0.084747,0.132819,0.106202,0.104825,0.011899,0.32539,0.0595,0.06,
0.25,5.5,4,70,70,70,464,464,6255.13,115.8,450.1,289.83,18.15,0.087861,0.134944,0.107725,0.108157,0.011101,0.32779,0.0596,0.06,
0.25,5.5,5,70,70,70,495,495,5378.63,102.6,485.1,284.41,16.92,0.083472,0.130593,0.1069,0.105248,0.011125,0.32652,0.0595,0.06,
0.25,5.5,6,70,70,70,476,476,5854.1,135.1,465.1,278.99,17.47,0.073312,0.138652,0.107721,0.107014,0.01302,0.32761,0.0595,0.06,
0.25,5.5,7,70,70,70,413,413,6014.68,79.8,399.6,258.17,17.09,0.079931,0.136406,0.106349,0.10675,0.01218,0.32558,0.0595,0.06,
0.25,5.5,8,70,70,70,462,462,5385.87,120.7,450.1,279.8,16.88,0.083956,0.131497,0.105707,0.103695,0.010735,0.32472,0.0595,0.06,
0.25,5.5,9,70,70,70,494,494,5800.41,120.1,485.1,266.56,17.24,0.081746,0.132432,0.105655,0.104367,0.011374,0.32459,0.0596,0.06,
0.25,6,0,70,70,70,461,461,5915.65,113.2,450.1,249.01,17.96,0.087432,0.14047,0.109346,0.107882,0.011684,0.33022,0.0597,0.06,
0.25,6,1,70,70,70,436,436,5453.07,113.6,425.1,247.55,16.64,0.085123,0.139166,0.1064,0.105998,0.011146,0.32575,0.0596,0.06,
0.25,6,2,70,70,70,505,505,5373.71,79.8,495.1,264.3,16.86,0.080127,0.153269,0.107352,0.107453,0.012825,0.32708,0.0594,0.06,
0.25,6,3,70,70,70,508,508,5469.73,106.3,495.1,274.27,17.11,0.086369,0.134845,0.106504,0.104713,0.012178,0.32584,0.0596,0.06,
0.25,6,4,70,70,70,469,469,6255.13,115.1,455.1,296.04,18.31,0.085184,0.136235,0.106797,0.107556,0.011804,0.32631,0.0594,0.06,
0.25,6,5,70,70,70,535,535,5378.63,102.7,525.1,286.65,17.09,0.084597,0.134465,0.106849,0.10498,0.011603,0.32641,0.0595,0.06,
0.25,6,6,70,70,70,479,479,5854.1,135.1,468.3,280.21,17.46,0.074849,0.137547,0.107506,0.107959,0.012883,0.32729,0.0595,0.06,
0.25,6,7,70,70,70,414,414,6014.68,79.8,400.1,260.97,17.14,0.079871,0.136403,0.106199,0.106397,0.012279,0.32534,0.0595,0.06,
0.25,6,8,70,70,70,467,467,5385.87,120.7,455.1,282.35,16.86,0.08308,0.132526,0.106051,0.105032,0.010738,0.32525,0.0595,0.06,
0.25,6,9,70,70,70,494,494,5800.41,120.1,485.1,271.73,17.04,0.08293,0.133868,0.105208,0.103174,0.011073,0.32393,0.0595,0.06,
0.25,6.5,0,70,70,70,461,461,5915.65,112.6,450.1,254.69,18.1,0.088539,0.141245,0.109224,0.108835,0.012088,0.33,0.0597,0.06,
0.25,6.5,1,70,70,70,436,436,5453.07,113.2,425.1,251.8,17.08,0.085122,0.140245,0.106447,0.106574,0.011761,0.32577,0.0596,0.06,
0.25,6.5,2,70,70,70,540,540,5373.71,79.8,530.1,269.81,17.18,0.081391,0.151377,0.107328,0.106038,0.013299,0.327,0.0593,0.06,
0.25,6.5,3,70,70,70,508,508,5469.73,105.7,495.1,277,17.32,0.085726,0.136312,0.106049,0.103633,0.012518,0.32511,0.0594,0.06,
0.25,6.5,4,70,70,70,474,474,6255.13,114.3,460.1,299.63,18.45,0.085066,0.137559,0.106625,0.105896,0.012078,0.32603,0.0593,0.06,
0.25,6.5,5,70,70,70,535,535,5378.63,102.8,525.1,292.71,17.34,0.084613,0.133805,0.106543,0.104556,0.011812,0.32592,0.0594,0.06,
0.25,6.5,6,70,70,70,486,486,5854.1,135.1,475.1,284.04,17.7,0.076289,0.140042,0.107715,0.10775,0.013108,0.32759,0.0595,0.06,
0.25,6.5,7,70,70,70,419,419,6014.68,79.8,405.1,261.73,17.47,0.079642,0.137793,0.106814,0.10682,0.013087,0.32622,0.0595,0.06,
0.25,6.5,8,70,70,70,512,512,5385.87,120.7,500.1,285.3,17.19,0.080835,0.133474,0.105978,0.104903,0.011567,0.32506,0.0595,0.06,
0.25,6.5,9,70,70,70,494,494,5800.41,115.1,485.1,273.36,17.41,0.080071,0.135609,0.105361,0.10404,0.011942,0.32409,0.0596,0.06,
0.25,7,0,70,70,70,461,461,5915.65,111.5,450.1,256.41,17.92,0.08838,0.142484,0.108772,0.106779,0.012272,0.32931,0.0595,0.06,
0.25,7,1,70,70,70,486,486,5453.07,113,475.1,256.32,16.9,0.079125,0.13952,0.105965,0.106552,0.012308,0.32498,0.0594,0.06,
0.25,7,2,70,70,70,544,544,5373.71,79.8,534.1,271.76,17.01,0.082462,0.14969,0.108274,0.10735,0.013195,0.32846,0.0596,0.06,
0.25,7,3,70,70,70,513,513,5469.73,105.1,500.1,279.47,17.35,0.086283,0.137283,0.106282,0.103755,0.012891,0.32543,0.0595,0.06,
0.25,7,4,70,70,70,477,477,6255.13,113.2,465.1,300.86,18.57,0.08645,0.138731,0.106762,0.106922,0.012363,0.32621,0.0594,0.06,
0.25,7,5,70,70,70,540,540,5378.63,102.7,530.1,293.47,17.48,0.083895,0.133371,0.106849,0.105899,0.012106,0.32637,0.0595,0.06,
0.25,7,6,70,70,70,488,488,5854.1,136,477.2,287.84,17.83,0.077581,0.14203,0.107685,0.106793,0.0133,0.32753,0.0595,0.06,
0.25,7,7,70,70,70,419,419,6014.68,79.8,405.1,261.14,17.35,0.07931,0.139535,0.107022,0.107308,0.013832,0.32647,0.0596,0.06,
0.25,7,8,70,70,70,512,512,5385.87,120.7,500.1,289.99,17.34,0.081434,0.134985,0.106182,0.104078,0.011978,0.32535,0.0595,0.06,
0.25,7,9,70,70,70,494,494,5800.41,115.1,485.1,273.81,17.45,0.080942,0.135434,0.105588,0.104044,0.012287,0.32441,0.0596,0.06,
0.26,3,0,70,70,70,366,366,5915.65,110.7,355.1,227.94,17.59,0.089409,0.133023,0.1082,0.105854,0.0096,0.32862,0.0596,0.06,
0.26,3,1,70,70,70,329,329,5453.07,110.1,318.2,214.61,16.16,0.086732,0.129977,0.106185,0.106852,0.009764,0.32552,0.0596,0.06,
0.26,3,2,70,70,70,385,385,5373.71,79.8,375.1,232.83,16.3,0.07895,0.13717,0.106524,0.106343,0.009936,0.32603,0.0595,0.06,
0.26,3,3,70,70,70,413,413,5469.73,110.1,400.7,241.74,16.68,0.087605,0.128989,0.105838,0.104134,0.009318,0.32502,0.0595,0.06,
0.26,3,4,70,70,70,407,407,6255.13,94.6,394.8,254.56,17.97,0.08777,0.127559,0.10684,0.106173,0.008895,0.32658,0.0595,0.06,
0.26,3,5,70,70,70,435,435,5378.63,101.5,425.1,253,16.81,0.086251,0.128126,0.106778,0.10551,0.009704,0.32644,0.0594,0.06,
0.26,3,6,70,70,70,377,377,5854.1,79.8,365.1,249.09,17.26,0.086071,0.14145,0.107203,0.106174,0.010483,0.32704,0.0595,0.06,
0.26,3,7,70,70,70,355,355,6014.68,79.8,342.4,227.28,16.92,0.084523,0.130563,0.106476,0.106117,0.009981,0.32595,0.0596,0.06,
0.26,3,8,70,70,70,377,377,5385.87,119.9,365.1,256.62,16.82,0.083861,0.126599,0.105559,0.105216,0.009309,0.32459,0.0595,0.06,
0.26,3,9,70,70,70,433,433,5800.41,93.7,424.5,243.9,17.01,0.084798,0.127585,0.105641,0.103782,0.008945,0.32474,0.0595,0.06,
0.26,3.5,0,70,70,70,451,451,5915.65,115.4,440.1,236.73,17.6,0.090352,0.134065,0.108298,0.107917,0.009681,0.32877,0.0596,0.06,
0.26,3.5,1,70,70,70,423,423,5453.07,110.1,412.8,230.37,16.52,0.08078,0.130115,0.106699,0.107159,0.010114,0.32628,0.0598,0.06,
0.26,3.5,2,70,70,70,417,417,5373.71,79.8,405.1,243.06,16.53,0.085019,0.139289,0.106948,0.106367,0.010103,0.32668,0.0595,0.06,
0.26,3.5,3,70,70,70,418,418,5469.73,110.1,405.1,251.74,16.84,0.08759,0.129034,0.106644,0.105238,0.009936,0.32622,0.0597,0.06,
0.26,3.5,4,70,70,70,423,423,6255.13,95.1,410.1,269.3,18.15,0.086115,0.130025,0.107516,0.108684,0.009837,0.32756,0.0596,0.06,
0.26,3.5,5,70,70,70,443,443,5378.63,102.4,433.8,271.29,16.96,0.090252,0.125823,0.106698,0.106245,0.008941,0.32636,0.0595,0.06,
0.26,3.5,6,70,70,70,466,466,5854.1,117.1,455.1,266.07,17.63,0.084226,0.131161,0.107226,0.106758,0.011212,0.32701,0.0595,0.06,
0.26,3.5,7,70,70,70,390,390,6014.68,79.8,377.8,243.56,17.2,0.081271,0.131,0.10628,0.106592,0.01023,0.32563,0.0595,0.06,
0.26,3.5,8,70,70,70,388,388,5385.87,120.1,379.5,268.6,16.83,0.083829,0.128336,0.105764,0.10453,0.009554,0.32489,0.0596,0.06,
0.26,3.5,9,70,70,70,484,484,5800.41,95.1,475.1,254.46,17.1,0.086087,0.125273,0.106251,0.104902,0.009108,0.32567,0.0596,0.06,
0.26,4,0,70,70,70,456,456,5915.65,116.3,445.1,241.81,17.86,0.086578,0.139302,0.108804,0.107685,0.010655,0.32947,0.0596,0.06,
0.26,4,1,70,70,70,429,429,5453.07,110.1,418.2,241.94,16.87,0.085771,0.127772,0.105535,0.105486,0.009923,0.3245,0.0595,0.06,
0.26,4,2,70,70,70,465,465,5373.71,79.8,455.6,258.97,16.84,0.083349,0.142863,0.107084,0.106745,0.010605,0.32685,0.0595,0.06,
0.26,4,3,70,70,70,423,423,5469.73,110.2,410.1,268.82,17.13,0.088741,0.132049,0.106559,0.10613,0.010346,0.32606,0.0596,0.06,
0.26,4,4,70,70,70,428,428,6255.13,96.5,415.1,278.82,18.43,0.087961,0.132134,0.107214,0.106449,0.010104,0.32708,0.0594,0.06,
0.26,4,5,70,70,70,485,485,5378.63,103.2,475.1,281.48,17.36,0.087886,0.127718,0.106398,0.105018,0.009699,0.32586,0.0594,0.06,
0.26,4,6,70,70,70,476,476,5854.1,119.4,465.1,274.49,17.7,0.082984,0.133588,0.10729,0.106144,0.012102,0.32704,0.0594,0.06,
0.26,4,7,70,70,70,398,398,6014.68,79.8,385.1,254.43,17.43,0.082326,0.128171,0.106397,0.105616,0.010338,0.3258,0.0595,0.06,
0.26,4,8,70,70,70,425,425,5385.87,122.9,415.1,278.34,17.28,0.085017,0.129536,0.105084,0.104287,0.010274,0.32379,0.0594,0.06,
0.26,4,9,70,70,70,489,489,5800.41,95.1,480.1,264.48,17.49,0.080727,0.129705,0.106367,0.10446,0.010694,0.32574,0.0596,0.06,
0.26,4.5,0,70,70,70,461,461,5915.65,117,450.1,249.05,18.18,0.089739,0.140576,0.108604,0.107018,0.010957,0.32915,0.0596,0.06,
0.26,4.5,1,70,70,70,436,436,5453.07,111.4,425.1,249.64,16.9,0.08123,0.129017,0.105672,0.105271,0.010346,0.32468,0.0595,0.06,
0.26,4.5,2,70,70,70,473,473,5373.71,79.8,463.9,265.29,16.97,0.084718,0.148467,0.106955,0.106769,0.01108,0.32661,0.0594,0.06,
0.26,4.5,3,70,70,70,498,498,5469.73,113,485.1,274.75,17.22,0.085901,0.132109,0.10593,0.103308,0.011001,0.32505,0.0595,0.06,
0.26,4.5,4,70,70,70,428,428,6255.13,103.4,415.1,291.62,18.8,0.085299,0.132462,0.106848,0.107352,0.010582,0.32648,0.0594,0.06,
0.26,4.5,5,70,70,70,486,486,5378.63,105.1,476.5,287.41,17.57,0.086127,0.129426,0.106957,0.105484,0.010211,0.32668,0.0596,0.06,
0.26,4.5,6,70,70,70,481,481,5854.1,135.7,470.1,282.14,18.25,0.074401,0.134337,0.107175,0.10654,0.012152,0.32685,0.0594,0.06,
0.26,4.5,7,70,70,70,403,403,6014.68,79.8,390.1,259.51,17.79,0.083114,0.129691,0.106523,0.10653,0.011261,0.32593,0.0596,0.06,
0.26,4.5,8,70,70,70,462,462,5385.87,123.2,450.1,286.67,17.52,0.08499,0.130733,0.105621,0.103743,0.009773,0.32466,0.0595,0.06,
0.26,4.5,9,70,70,70,494,494,5800.41,123.4,485.1,272.58,17.86,0.081997,0.130796,0.10585,0.104511,0.010283,0.32497,0.0596,0.06,
0.26,5,0,70,70,70,461,461,5915.65,117,450.1,257.85,18.38,0.085718,0.142171,0.108492,0.108366,0.011487,0.32894,0.0595,0.06,
0.26,5,1,70,70,70,488,488,5453.07,113.5,478,256.83,17.15,0.085269,0.127954,0.105987,0.105671,0.009867,0.32521,0.0595,0.06,
0.26,5,2,70,70,70,505,505,5373.71,79.8,495.1,273.64,17.02,0.081689,0.147872,0.107399,0.107266,0.011878,0.32723,0.0594,0.06,
0.26,5,3,70,70,70,503,503,5469.73,113.6,490.1,280.42,17.29,0.088085,0.133698,0.106195,0.104203,0.01121,0.32544,0.0595,0.06,
0.26,5,4,70,70,70,469,469,6255.13,108.1,455.1,298.14,19.35,0.087953,0.134201,0.106989,0.107621,0.010525,0.3267,0.0594,0.06,
0.26,5,5,70,70,70,490,490,5378.63,105.1,480.2,292.21,17.89,0.086436,0.130806,0.106904,0.10607,0.010777,0.32656,0.0596,0.06,
0.26,5,6,70,70,70,486,486,5854.1,136.9,475.1,286.61,18.54,0.076166,0.135075,0.107622,0.107377,0.012325,0.32752,0.0595,0.06,
0.26,5,7,70,70,70,455,455,6014.68,79.8,442.7,267.11,18.2,0.080961,0.131584,0.106158,0.105934,0.011856,0.32532,0.0594,0.06,
0.26,5,8,70,70,70,462,462,5385.87,123.3,450.1,290.08,18.04,0.0843,0.132766,0.105542,0.10462,0.010655,0.32447,0.0594,0.06,
0.26,5,9,70,70,70,494,494,5800.41,122.4,485.1,279.64,18.33,0.082813,0.132477,0.10512,0.104639,0.010658,0.32382,0.0594,0.06,
0.26,5.5,0,70,70,70,465,465,5915.65,116.7,454.3,262.67,18.85,0.087371,0.143226,0.108268,0.106495,0.011962,0.32856,0.0594,0.06,
0.26,5.5,1,70,70,70,491,491,5453.07,115.1,480.1,261.49,17.61,0.084007,0.128273,0.106364,0.106435,0.010389,0.32575,0.0596,0.06,
0.26,5.5,2,70,70,70,536,536,5373.71,79.8,526.7,278.25,17.38,0.083665,0.152507,0.107915,0.108393,0.01203,0.32801,0.0595,0.06,
0.26,5.5,3,70,70,70,508,508,5469.73,113.8,495.1,285.05,17.62,0.088207,0.135013,0.106125,0.104495,0.01136,0.32532,0.0595,0.06,
0.26,5.5,4,70,70,70,474,474,6255.13,118.3,460.1,303.82,19.81,0.08528,0.135599,0.106741,0.105129,0.011611,0.32624,0.0593,0.06,
0.26,5.5,5,70,70,70,535,535,5378.63,129,525.1,301.79,18.62,0.085631,0.130701,0.106372,0.106096,0.011116,0.32571,0.0594,0.06,
0.26,5.5,6,70,70,70,491,491,5854.1,137.5,480.1,294.01,19.1,0.077932,0.140896,0.107637,0.107326,0.012298,0.32755,0.0595,0.06,
0.26,5.5,7,70,70,70,458,458,6014.68,79.8,445.1,270.46,18.65,0.08284,0.132976,0.106548,0.10591,0.012343,0.32588,0.0595,0.06,
0.26,5.5,8,70,70,70,507,507,5385.87,123.4,495.1,293.73,18.37,0.082367,0.134419,0.105722,0.104857,0.011202,0.32471,0.0595,0.06,
0.26,5.5,9,70,70,70,499,499,5800.41,121.3,490.1,283.82,18.7,0.083197,0.133993,0.105315,0.104342,0.010977,0.32409,0.0595,0.06,
0.26,6,0,70,70,70,466,466,5915.65,116,455.1,265.37,19.02,0.088404,0.144027,0.108897,0.107245,0.012001,0.32952,0.0596,0.06,
0.26,6,1,70,70,70,491,491,5453.07,115.5,480.1,264.05,17.73,0.080195,0.129189,0.106072,0.106047,0.010721,0.32527,0.0595,0.06,
0.26,6,2,70,70,70,540,540,5373.71,79.8,530.4,278.55,17.71,0.084044,0.154387,0.108334,0.107348,0.012941,0.32858,0.0596,0.06,
0.26,6,3,70,70,70,513,513,5469.73,113.7,500.1,285.58,17.86,0.086481,0.13636,0.10626,0.105751,0.012116,0.32546,0.0595,0.06,
0.26,6,4,70,70,70,479,479,6255.13,116.9,465.1,306,19.94,0.087621,0.136961,0.107395,0.106192,0.011806,0.32723,0.0595,0.06,
0.26,6,5,70,70,70,584,584,5378.63,128.8,574.3,307.64,18.71,0.084305,0.131774,0.106478,0.10335,0.011126,0.32588,0.0595,0.06,
0.26,6,6,70,70,70,491,491,5854.1,138,480.1,299.54,19.19,0.078886,0.13369,0.107758,0.107736,0.013094,0.32766,0.0595,0.06,
0.26,6,7,70,70,70,458,458,6014.68,79.8,445.1,276.12,18.81,0.07908,0.135999,0.106562,0.106841,0.013372,0.3258,0.0595,0.06,
0.26,6,8,70,70,70,512,512,5385.87,123.3,500.1,297.18,18.55,0.084084,0.134094,0.106195,0.104806,0.011477,0.32541,0.0595,0.06,
0.26,6,9,70,70,70,499,499,5800.41,120.1,490.1,285.57,18.88,0.081886,0.13347,0.10546,0.104655,0.0113,0.32429,0.0596,0.06,
0.26,6.5,0,70,70,70,466,466,5915.65,114.7,455.1,270.24,19.72,0.089039,0.144909,0.10895,0.10641,0.012701,0.32954,0.0596,0.06,
0.26,6.5,1,70,70,70,491,491,5453.07,115.1,480.1,265.58,18.3,0.082368,0.131554,0.106188,0.104331,0.011343,0.3254,0.0595,0.06,
0.26,6.5,2,70,70,70,545,545,5373.71,79.8,535.1,283.8,18.37,0.077132,0.156826,0.108625,0.108215,0.013546,0.32896,0.0596,0.06,
0.26,6.5,3,70,70,70,553,553,5469.73,113.3,540.1,289.81,18.39,0.083484,0.137579,0.106116,0.104617,0.012716,0.32519,0.0594,0.06,
0.26,6.5,4,70,70,70,528,528,6255.13,115.6,515.1,310,20.14,0.081689,0.138195,0.107091,0.107048,0.012511,0.3267,0.0594,0.06,
0.26,6.5,5,70,70,70,585,585,5378.63,128.6,575.1,307.72,18.96,0.084162,0.132592,0.106281,0.103802,0.011603,0.32554,0.0595,0.06,
0.26,6.5,6,70,70,70,491,491,5854.1,138.4,480.1,303.15,19.32,0.070607,0.136113,0.107616,0.106168,0.013866,0.32736,0.0593,0.06,
0.26,6.5,7,70,70,70,459,459,6014.68,79.8,446.9,279.13,19.02,0.078926,0.138036,0.107176,0.106912,0.013603,0.32673,0.0596,0.06,
0.26,6.5,8,70,70,70,512,512,5385.87,123.3,500.1,302.21,18.7,0.083849,0.136631,0.106279,0.104626,0.011854,0.32552,0.0595,0.06,
0.26,6.5,9,70,70,70,499,499,5800.41,120.1,490.1,288.71,18.72,0.077358,0.136087,0.105647,0.104535,0.011937,0.32453,0.0596,0.06,
0.26,7,0,70,70,70,468,468,5915.65,113.9,458,274.83,19.9,0.087384,0.144316,0.108686,0.106978,0.01252,0.32916,0.0595,0.06,
0.26,7,1,70,70,70,491,491,5453.07,115.2,480.1,267.67,18.36,0.08099,0.133646,0.106422,0.104481,0.011882,0.32572,0.0595,0.06,
0.26,7,2,70,70,70,662,662,5373.71,79.8,652.7,289.36,18.67,0.081199,0.156303,0.108742,0.109391,0.013837,0.32911,0.0596,0.06,
0.26,7,3,70,70,70,558,558,5469.73,110.1,545.1,291.21,18.51,0.082942,0.13874,0.106515,0.104459,0.013378,0.32574,0.0595,0.06,
0.26,7,4,70,70,70,528,528,6255.13,115.1,515.1,311.45,20.13,0.082437,0.139309,0.107218,0.107809,0.012896,0.32686,0.0594,0.06,
0.26,7,5,70,70,70,585,585,5378.63,128.4,575.1,308.24,18.8,0.081659,0.136566,0.106445,0.104295,0.013362,0.32563,0.0594,0.06,
0.26,7,6,70,70,70,491,491,5854.1,138.6,480.1,308.16,19.36,0.071696,0.138025,0.108005,0.107514,0.014249,0.32792,0.0594,0.06,
0.26,7,7,70,70,70,463,463,6014.68,79.8,450.1,281.08,18.83,0.076182,0.13816,0.10696,0.106191,0.013745,0.32638,0.0595,0.06,
0.26,7,8,70,70,70,512,512,5385.87,131.4,500.1,302.44,18.48,0.083741,0.137603,0.106334,0.105645,0.011557,0.32562,0.0595,0.06,
0.26,7,9,70,70,70,501,501,5800.41,119.7,492.4,289.54,18.75,0.079219,0.137022,0.10566,0.104396,0.012141,0.32453,0.0596,0.06,
0.27,3,0,70,70,70,451,451,5915.65,113.4,440.1,237.22,19.78,0.092482,0.137005,0.108044,0.107038,0.009483,0.3284,0.0595,0.06,
0.27,3,1,70,70,70,421,421,5453.07,110.1,410.5,233.01,18.34,0.081268,0.129185,0.106355,0.106339,0.00971,0.32578,0.0597,0.06,
0.27,3,2,70,70,70,431,431,5373.71,79.8,421,245.2,18.33,0.085783,0.131883,0.107099,0.106607,0.009627,0.32693,0.0595,0.06,
0.27,3,3,70,70,70,418,418,5469.73,110.1,405.1,253.71,18.6,0.089168,0.129179,0.105958,0.104731,0.009548,0.32519,0.0595,0.06,
0.27,3,4,70,70,70,414,414,6255.13,95.1,401.1,271.75,19.52,0.086743,0.129037,0.10708,0.108285,0.009045,0.32694,0.0595,0.06,
0.27,3,5,70,70,70,445,445,5378.63,103.4,435.1,268.55,18.18,0.088442,0.126689,0.10669,0.105161,0.008897,0.32636,0.0595,0.06,
0.27,3,6,70,70,70,466,466,5854.1,117.6,455.1,265.39,18.75,0.083422,0.130943,0.107462,0.10668,0.010784,0.32741,0.0595,0.06,
0.27,3,7,70,70,70,393,393,6014.68,80.1,380.8,244.68,18.35,0.080506,0.130102,0.105883,0.106093,0.010149,0.32503,0.0594,0.06,
0.27,3,8,70,70,70,382,382,5385.87,120.1,370.1,266.11,18.04,0.08716,0.127571,0.105952,0.105061,0.009289,0.3252,0.0595,0.06,
0.27,3,9,70,70,70,484,484,5800.41,95.1,475.1,255.54,18.3,0.087307,0.12771,0.106015,0.105344,0.009027,0.32531,0.0595,0.06,
0.27,3.5,0,70,70,70,456,456,5915.65,117.9,445.1,244.91,19.53,0.088142,0.139014,0.10862,0.107664,0.010556,0.3292,0.0596,0.06,
0.27,3.5,1,70,70,70,431,431,5453.07,110.5,420.1,245.49,18.33,0.087073,0.126078,0.105694,0.105501,0.00964,0.32477,0.0596,0.06,
0.27,3.5,2,70,70,70,460,460,5373.71,79.8,450.1,265.35,18.4,0.084051,0.126275,0.106247,0.10689,0.009114,0.32566,0.0595,0.06,
0.27,3.5,3,70,70,70,423,423,5469.73,113.5,410.1,273.2,18.46,0.087194,0.130016,0.105959,0.105891,0.009739,0.32518,0.0595,0.06,
0.27,3.5,4,70,70,70,428,428,6255.13,95.5,415.1,287.43,19.77,0.089023,0.127979,0.107193,0.108351,0.008996,0.32712,0.0595,0.06,
0.27,3.5,5,70,70,70,485,485,5378.63,131.4,475.1,287.88,18.37,0.08513,0.127898,0.105813,0.105237,0.009245,0.32498,0.0594,0.06,
0.27,3.5,6,70,70,70,476,476,5854.1,137,465.1,277.64,18.88,0.083209,0.131715,0.106946,0.106009,0.011122,0.32659,0.0594,0.06,
0.27,3.5,7,70,70,70,403,403,6014.68,80.1,390.1,257.31,18.37,0.08446,0.127947,0.106461,0.106329,0.010052,0.32592,0.0596,0.06,
0.27,3.5,8,70,70,70,425,425,5385.87,125.1,415.1,282.38,18.09,0.086112,0.128101,0.105322,0.104365,0.009536,0.32421,0.0595,0.06,
0.27,3.5,9,70,70,70,489,489,5800.41,95.1,480.1,268.72,18.55,0.085536,0.129248,0.106312,0.105029,0.009663,0.32573,0.0597,0.06,
0.27,4,0,70,70,70,461,461,5915.65,118.7,450.1,254.4,19.74,0.085635,0.140087,0.108176,0.10752,0.010999,0.32849,0.0595,0.06,
0.27,4,1,70,70,70,491,491,5453.07,112.3,480.1,259.19,18.6,0.081638,0.125769,0.105092,0.105218,0.009604,0.32384,0.0593,0.06,
0.27,4,2,70,70,70,500,500,5373.71,79.8,490.1,279.69,18.5,0.085641,0.125449,0.106244,0.106612,0.009081,0.32565,0.0594,0.06,
0.27,4,3,70,70,70,498,498,5469.73,115,485.1,281.94,18.42,0.087478,0.131508,0.105706,0.103754,0.010743,0.32472,0.0593,0.06,
0.27,4,4,70,70,70,428,428,6255.13,99.5,415.1,297.82,19.78,0.08723,0.131195,0.106717,0.1067,0.009775,0.32634,0.0594,0.06,
0.27,4,5,70,70,70,490,490,5378.63,131.6,480.1,293.12,18.31,0.087774,0.128847,0.106232,0.104211,0.009952,0.32558,0.0595,0.06,
0.27,4,6,70,70,70,481,481,5854.1,139,470.1,286.38,19.01,0.077019,0.136426,0.107249,0.10792,0.011701,0.327,0.0595,0.06,
0.27,4,7,70,70,70,453,453,6014.68,79.8,440.1,269.27,18.49,0.083885,0.129776,0.10642,0.105769,0.011249,0.32577,0.0595,0.06,
0.27,4,8,70,70,70,462,462,5385.87,125.1,450.1,291.05,18.16,0.085442,0.12944,0.105494,0.103487,0.009804,0.32446,0.0594,0.06,
0.27,4,9,70,70,70,494,494,5800.41,125.1,485.1,284.98,18.59,0.084587,0.13064,0.105354,0.103886,0.009814,0.32424,0.0595,0.06,
0.27,4.5,0,70,70,70,466,466,5915.65,119.1,455.1,261.77,19.86,0.088898,0.140924,0.108917,0.108755,0.011172,0.32961,0.0596,0.06,
0.27,4.5,1,70,70,70,491,491,5453.07,115.1,480.1,264.75,18.71,0.086275,0.125746,0.105998,0.106005,0.009702,0.32524,0.0596,0.06,
0.27,4.5,2,70,70,70,532,532,5373.71,79.8,522.8,285.76,18.64,0.084186,0.147094,0.107441,0.107226,0.011193,0.32735,0.0595,0.06,
0.27,4.5,3,70,70,70,506,506,5469.73,115.1,493.7,285.75,18.81,0.088819,0.133699,0.105953,0.104565,0.010879,0.32509,0.0594,0.06,
0.27,4.5,4,70,70,70,474,474,6255.13,104.5,460.1,307.64,20.21,0.08899,0.130062,0.10651,0.105497,0.010431,0.32597,0.0594,0.06,
0.27,4.5,5,70,70,70,499,499,5378.63,131.5,489.4,299.43,18.73,0.086439,0.131131,0.106605,0.104905,0.010534,0.32612,0.0596,0.06,
0.27,4.5,6,70,70,70,488,488,5854.1,140.1,477.1,297.5,19.32,0.078914,0.138059,0.107226,0.107037,0.012422,0.32691,0.0594,0.06,
0.27,4.5,7,70,70,70,458,458,6014.68,79.8,445.1,278.47,19.04,0.080102,0.132971,0.106179,0.105813,0.012607,0.32529,0.0594,0.06,
0.27,4.5,8,70,70,70,466,466,5385.87,125.1,454.9,295.4,18.63,0.082641,0.131088,0.106077,0.105888,0.010464,0.32531,0.0596,0.06,
0.27,4.5,9,70,70,70,499,499,5800.41,125.1,490.1,287.47,18.99,0.083294,0.132444,0.105447,0.103866,0.010176,0.32436,0.0595,0.06,
0.27,5,0,70,70,70,467,467,5915.65,119.1,456.9,270.97,19.67,0.089684,0.141737,0.108643,0.107125,0.011574,0.32917,0.0596,0.06,
0.27,5,1,70,70,70,493,493,5453.07,116.1,482.8,272.37,18.4,0.085038,0.127595,0.105623,0.105942,0.009825,0.32465,0.0595,0.06,
0.27,5,2,70,70,70,540,540,5373.71,79.8,530.1,290.53,18.53,0.084918,0.15248,0.107655,0.107025,0.011474,0.32766,0.0595,0.06,
0.27,5,3,70,70,70,508,508,5469.73,115.1,495.1,291.43,18.16,0.088907,0.13317,0.10635,0.105932,0.011356,0.32567,0.0595,0.06,
0.27,5,4,70,70,70,479,479,6255.13,109.8,465.1,312.09,20.1,0.087057,0.133743,0.106227,0.105788,0.010396,0.32554,0.0593,0.06,
0.27,5,5,70,70,70,535,535,5378.63,131.4,525.1,308.78,18.73,0.085838,0.132637,0.106218,0.104544,0.010882,0.3255,0.0594,0.06,
0.27,5,6,70,70,70,491,491,5854.1,140.1,480.1,303.59,19.23,0.080175,0.132586,0.107318,0.106563,0.012458,0.32704,0.0594,0.06,
0.27,5,7,70,70,70,458,458,6014.68,79.8,445.1,282.24,18.81,0.080498,0.136036,0.106454,0.106564,0.012419,0.32573,0.0595,0.06,
0.27,5,8,70,70,70,507,507,5385.87,125.1,495.1,300.25,18.52,0.08325,0.132591,0.106448,0.105126,0.011092,0.32583,0.0597,0.06,
0.27,5,9,70,70,70,499,499,5800.41,125.1,490.7,293.27,18.89,0.080392,0.132982,0.105535,0.10487,0.010529,0.32446,0.0595,0.06,
0.27,5.5,0,70,70,70,471,471,5915.65,118.9,460.1,277.45,19.95,0.090076,0.142659,0.109159,0.107756,0.012092,0.32991,0.0596,0.06,
0.27,5.5,1,70,70,70,496,496,5453.07,118.4,485.1,277.28,18.68,0.082004,0.123882,0.105847,0.104939,0.0105,0.32494,0.0596,0.06,
0.27,5.5,2,70,70,70,545,545,5373.71,79.8,535.1,296.02,18.64,0.077841,0.15196,0.107875,0.106668,0.012493,0.3279,0.0595,0.06,
0.27,5.5,3,70,70,70,516,516,5469.73,115.3,503.2,295.03,18.61,0.086727,0.135129,0.106745,0.106425,0.012265,0.3262,0.0595,0.06,
0.27,5.5,4,70,70,70,528,528,6255.13,145.1,515.1,318.65,20.14,0.08431,0.136486,0.106486,0.107629,0.011055,0.32589,0.0594,0.06,
0.27,5.5,5,70,70,70,585,585,5378.63,131.3,575.1,314.29,18.89,0.082911,0.133778,0.106573,0.104714,0.011437,0.326,0.0596,0.06,
0.27,5.5,6,70,70,70,491,491,5854.1,140.1,480.1,305.85,19.26,0.072232,0.139021,0.10771,0.108111,0.013078,0.32759,0.0594,0.06,
0.27,5.5,7,70,70,70,461,461,6014.68,80.1,448.1,289.69,19.03,0.080693,0.138742,0.106635,0.106892,0.01228,0.32602,0.0595,0.06,
0.27,5.5,8,70,70,70,512,512,5385.87,125.1,500.1,309,18.58,0.085601,0.134167,0.106227,0.104025,0.011151,0.32549,0.0595,0.06,
0.27,5.5,9,70,70,70,504,504,5800.41,123.7,495.1,297.39,19.04,0.081906,0.133614,0.106216,0.104668,0.01093,0.32549,0.0597,0.06,
0.27,6,0,70,70,70,476,476,5915.65,118.6,465.1,282.9,20.06,0.089638,0.143611,0.108633,0.106484,0.012202,0.32911,0.0594,0.06,
0.27,6,1,70,70,70,496,496,5453.07,125.1,485.1,281.41,18.81,0.082572,0.126512,0.106009,0.104962,0.010894,0.32516,0.0596,0.06,
0.27,6,2,70,70,70,665,665,5373.71,79.8,655.1,308.25,18.85,0.079933,0.156549,0.108375,0.10899,0.013334,0.3286,0.0595,0.06,
0.27,6,3,70,70,70,557,557,5469.73,115.3,544.4,299.1,18.64,0.088136,0.136504,0.106843,0.106575,0.012395,0.32634,0.0596,0.06,
0.27,6,4,70,70,70,529,529,6255.13,145.1,516.5,322.14,20.34,0.08469,0.138538,0.106982,0.107673,0.011899,0.32658,0.0595,0.06,
0.27,6,5,70,70,70,590,590,5378.63,131.2,580.1,321.96,19.03,0.084168,0.134933,0.106201,0.105754,0.012229,0.32536,0.0595,0.06,
0.27,6,6,70,70,70,496,496,5854.1,140.1,485.1,313.52,19.51,0.07357,0.142309,0.108268,0.108193,0.013286,0.32842,0.0595,0.06,
0.27,6,7,70,70,70,463,463,6014.68,80.1,450.6,297.71,19.23,0.080733,0.141923,0.106709,0.106358,0.013017,0.32607,0.0595,0.06,
0.27,6,8,70,70,70,528,528,5385.87,125.1,515.1,320.13,18.76,0.087187,0.13531,0.106287,0.104987,0.011231,0.32558,0.0595,0.06,
0.27,6,9,70,70,70,542,542,5800.41,122.4,530.1,301.51,19.18,0.078902,0.134576,0.10581,0.104969,0.011257,0.32483,0.0596,0.06,
0.27,6.5,0,70,70,70,502,502,5915.65,118.1,491.8,288.87,20.34,0.086499,0.145393,0.108902,0.107195,0.012959,0.32945,0.0594,0.06,
0.27,6.5,1,70,70,70,496,496,5453.07,126.1,485.1,285.28,19.15,0.081023,0.128205,0.10585,0.105855,0.011397,0.32488,0.0595,0.06,
0.27,6.5,2,70,70,70,665,665,5373.71,79.8,655.1,307.19,19.16,0.082145,0.158313,0.109046,0.109548,0.013684,0.32959,0.0596,0.06,
0.27,6.5,3,70,70,70,558,558,5469.73,115.2,545.1,301.23,19.05,0.086024,0.137381,0.106583,0.105335,0.013425,0.32584,0.0595,0.06,
0.27,6.5,4,70,70,70,533,533,6255.13,118,520.1,323.06,20.58,0.082991,0.139731,0.10719,0.107074,0.01288,0.32682,0.0595,0.06,
0.27,6.5,5,70,70,70,590,590,5378.63,131,580.1,323.49,19.27,0.0827,0.135843,0.106478,0.105607,0.012375,0.32577,0.0596,0.06,
0.27,6.5,6,70,70,70,496,496,5854.1,140.1,485.1,318.88,19.82,0.074854,0.144966,0.10814,0.107217,0.014013,0.32816,0.0595,0.06,
0.27,6.5,7,70,70,70,493,493,6014.68,80.1,480.1,301.62,19.3,0.07729,0.143511,0.106934,0.106474,0.013597,0.32636,0.0595,0.06,
0.27,6.5,8,70,70,70,554,554,5385.87,125.1,545.1,324.11,19.24,0.080072,0.136314,0.106255,0.105002,0.011334,0.32552,0.0596,0.06,
0.27,6.5,9,70,70,70,551,551,5800.41,121,540,304.02,19.3,0.081077,0.135742,0.105769,0.104866,0.011678,0.32474,0.0596,0.06,
0.27,7,0,70,70,70,506,506,5915.65,117.5,495.1,296.03,20.46,0.088583,0.146438,0.108888,0.107233,0.013414,0.32939,0.0594,0.06,
0.27,7,1,70,70,70,496,496,5453.07,125.5,485.1,292.1,18.96,0.078192,0.130423,0.105603,0.105376,0.011869,0.32445,0.0594,0.06,
0.27,7,2,70,70,70,665,665,5373.71,79.9,655.9,308.44,19.3,0.079582,0.160441,0.109072,0.110075,0.013992,0.3296,0.0596,0.06,
0.27,7,3,70,70,70,558,558,5469.73,115.1,545.1,304.97,19.09,0.086715,0.137835,0.106285,0.104631,0.013474,0.32538,0.0594,0.06,
0.27,7,4,70,70,70,566,566,6255.13,116.6,555.1,330.43,20.83,0.084153,0.139891,0.107335,0.106996,0.013187,0.32701,0.0595,0.06,
0.27,7,5,70,70,70,590,590,5378.63,130.8,580.1,324.4,19.28,0.082873,0.136596,0.105851,0.1031,0.01257,0.32479,0.0594,0.06,
0.27,7,6,70,70,70,496,496,5854.1,140.1,485.1,320.73,19.76,0.076049,0.146629,0.108611,0.107283,0.014406,0.32884,0.0596,0.06,
0.27,7,7,70,70,70,496,496,6014.68,80.1,483.2,303.39,19.45,0.077085,0.144904,0.106984,0.10605,0.014365,0.32635,0.0595,0.06,
0.27,7,8,70,70,70,554,554,5385.87,132.7,545.1,325.21,19.19,0.081993,0.136807,0.105867,0.105247,0.011222,0.32493,0.0595,0.06,
0.27,7,9,70,70,70,607,607,5800.41,120.1,595.1,308.48,19.36,0.081056,0.136346,0.10548,0.104452,0.012187,0.32425,0.0595,0.06,
0.28,3,0,70,70,70,456,456,5915.65,118.4,445.1,246.67,19.58,0.089212,0.138335,0.108476,0.10811,0.010167,0.32901,0.0596,0.06,
0.28,3,1,70,70,70,429,429,5453.07,111.8,418.8,244.59,18.07,0.08634,0.1258,0.105855,0.105834,0.009327,0.32504,0.0596,0.06,
0.28,3,2,70,70,70,455,455,5373.71,79.8,445.1,264.52,18.27,0.08491,0.125641,0.106192,0.107145,0.008691,0.3256,0.0595,0.06,
0.28,3,3,70,70,70,418,418,5469.73,114.1,405.1,269.93,18.13,0.090571,0.129221,0.10645,0.105125,0.009218,0.32597,0.0596,0.06,
0.28,3,4,70,70,70,428,428,6255.13,95.1,415.1,282.25,19.8,0.08799,0.128492,0.106583,0.108181,0.009065,0.32618,0.0593,0.06,
0.28,3,5,70,70,70,485,485,5378.63,135.1,475.1,287.78,18.59,0.086888,0.126009,0.105747,0.104703,0.009044,0.3249,0.0594,0.06,
0.28,3,6,70,70,70,471,471,5854.1,138.5,460.1,275.8,19,0.078135,0.136306,0.106669,0.105959,0.011535,0.32613,0.0593,0.06,
0.28,3,7,70,70,70,403,403,6014.68,81.2,390.1,259.1,18.82,0.084837,0.128565,0.106305,0.106125,0.009949,0.32569,0.0596,0.06,
0.28,3,8,70,70,70,400,400,5385.87,125.1,386.8,282.44,18.37,0.084715,0.128879,0.105214,0.104598,0.009188,0.32406,0.0594,0.06,
0.28,3,9,70,70,70,489,489,5800.41,95.1,480.1,269.86,18.64,0.086134,0.128381,0.106235,0.104438,0.009402,0.32563,0.0596,0.06,
0.28,3.5,0,70,70,70,461,461,5915.65,121.3,450.1,256.74,19.64,0.086335,0.1407,0.108274,0.107726,0.010664,0.32867,0.0595,0.06,
0.28,3.5,1,70,70,70,491,491,5453.07,113.7,480.1,262.54,18.56,0.087017,0.125875,0.105306,0.104818,0.009041,0.32421,0.0594,0.06,
0.28,3.5,2,70,70,70,472,472,5373.71,79.8,462.4,277.27,18.27,0.086752,0.125997,0.10632,0.10614,0.008894,0.32578,0.0595,0.06,
0.28,3.5,3,70,70,70,498,498,5469.73,115.1,485.1,282.71,18.51,0.086305,0.130212,0.106117,0.104461,0.010235,0.32539,0.0594,0.06,
0.28,3.5,4,70,70,70,428,428,6255.13,97.6,415.1,297.87,19.93,0.085646,0.124567,0.107093,0.106945,0.00981,0.32691,0.0595,0.06,
0.28,3.5,5,70,70,70,490,490,5378.63,151.8,480.1,295.4,18.46,0.085229,0.135213,0.105778,0.104474,0.010007,0.32488,0.0594,0.06,
0.28,3.5,6,70,70,70,480,480,5854.1,140.1,469.7,290.04,19.16,0.07974,0.135854,0.107217,0.107881,0.011433,0.32697,0.0595,0.06,
0.28,3.5,7,70,70,70,453,453,6014.68,80.1,440.1,272.17,18.8,0.082421,0.131049,0.106271,0.106089,0.011248,0.32554,0.0595,0.06,
0.28,3.5,8,70,70,70,450,450,5385.87,126.6,438.8,295.09,18.41,0.086145,0.130739,0.105434,0.104221,0.009164,0.32441,0.0594,0.06,
0.28,3.5,9,70,70,70,494,494,5800.41,127.3,485.1,290.65,19.11,0.083553,0.130056,0.105667,0.104875,0.009573,0.32474,0.0596,0.06,
0.28,4,0,70,70,70,466,466,5915.65,122.7,455.1,267.85,19.99,0.091056,0.142646,0.108997,0.107524,0.011191,0.32973,0.0596,0.06,
0.28,4,1,70,70,70,496,496,5453.07,115.1,485.1,271.71,18.68,0.086563,0.12541,0.106054,0.105931,0.009454,0.32534,0.0596,0.06,
0.28,4,2,70,70,70,532,532,5373.71,79.8,522.4,291.85,18.95,0.085811,0.128269,0.107349,0.107359,0.009822,0.3273,0.0596,0.06,
0.28,4,3,70,70,70,503,503,5469.73,115.7,490.1,291.01,18.97,0.088551,0.132572,0.106208,0.10541,0.010633,0.3255,0.0595,0.06,
0.28,4,4,70,70,70,474,474,6255.13,100.1,460.1,310.24,20.11,0.088857,0.130957,0.106635,0.106227,0.010464,0.32616,0.0594,0.06,
0.28,4,5,70,70,70,528,528,5378.63,170.1,518.1,306.45,18.69,0.08754,0.137697,0.106673,0.104684,0.010476,0.32623,0.0596,0.06,
0.28,4,6,70,70,70,489,489,5854.1,140.1,478.1,300.1,19.15,0.081631,0.135961,0.107683,0.107389,0.011952,0.32765,0.0595,0.06,
0.28,4,7,70,70,70,456,456,6014.68,80.1,443.7,285.85,18.92,0.08307,0.135687,0.106434,0.107079,0.011447,0.32577,0.0595,0.06,
0.28,4,8,70,70,70,462,462,5385.87,127.1,450.1,304.63,18.48,0.083592,0.132335,0.105956,0.104827,0.009775,0.32517,0.0595,0.06,
0.28,4,9,70,70,70,499,499,5800.41,129.1,490.1,298.19,18.93,0.08302,0.132062,0.105273,0.103739,0.010015,0.3241,0.0595,0.06,
0.28,4.5,0,70,70,70,471,471,5915.65,123.7,460.6,279.82,20.21,0.090232,0.144534,0.108403,0.107268,0.01142,0.32882,0.0594,0.06,
0.28,4.5,1,70,70,70,496,496,5453.07,117.1,485.1,282.74,18.99,0.081159,0.125514,0.105275,0.104628,0.010309,0.32407,0.0594,0.06,
0.28,4.5,2,70,70,70,540,540,5373.71,79.8,530.1,300.43,19.11,0.076564,0.13089,0.107048,0.107527,0.010531,0.32678,0.0594,0.06,
0.28,4.5,3,70,70,70,508,508,5469.73,117,495.1,299.04,19.06,0.087617,0.133118,0.1061,0.106304,0.010802,0.32532,0.0595,0.06,
0.28,4.5,4,70,70,70,528,528,6255.13,105.6,515.1,318.7,20.33,0.08521,0.135627,0.106863,0.107204,0.01082,0.32649,0.0595,0.06,
0.28,4.5,5,70,70,70,535,535,5378.63,175.1,525.1,316.78,18.94,0.086389,0.130124,0.106365,0.104324,0.010615,0.32574,0.0595,0.06,
0.28,4.5,6,70,70,70,491,491,5854.1,148.1,480.1,311.25,19.41,0.073533,0.135128,0.107089,0.107115,0.012137,0.32672,0.0594,0.06,
0.28,4.5,7,70,70,70,458,458,6014.68,80.1,445.1,295.97,19.04,0.079661,0.13885,0.10668,0.106442,0.011516,0.32615,0.0595,0.06,
0.28,4.5,8,70,70,70,518,518,5385.87,127.3,505.1,315.97,18.92,0.089345,0.133826,0.106247,0.105353,0.009976,0.32561,0.0595,0.06,
0.28,4.5,9,70,70,70,504,504,5800.41,128.9,495.1,306.17,19.17,0.080882,0.133449,0.10559,0.103998,0.010472,0.32456,0.0595,0.06,
0.28,5,0,70,70,70,481,481,5915.65,124.5,470.1,287.64,20.37,0.090881,0.146449,0.10875,0.107031,0.011666,0.32933,0.0595,0.06,
0.28,5,1,70,70,70,500,500,5453.07,125.1,489.7,288.77,19.04,0.082361,0.127297,0.105211,0.105205,0.010876,0.32393,0.0594,0.06,
0.28,5,2,70,70,70,545,545,5373.71,79.8,535.1,308.08,19.03,0.079617,0.151283,0.107624,0.107456,0.012152,0.32755,0.0594,0.06,
0.28,5,3,70,70,70,515,515,5469.73,118,502.3,308.51,19.25,0.087564,0.134403,0.10584,0.106154,0.011596,0.32486,0.0594,0.06,
0.28,5,4,70,70,70,528,528,6255.13,170.1,515.1,328.05,20.64,0.08589,0.137219,0.107391,0.106678,0.01134,0.32726,0.0596,0.06,
0.28,5,5,70,70,70,590,590,5378.63,176.4,580.1,329.22,19.14,0.085329,0.132722,0.105769,0.104083,0.011418,0.32476,0.0594,0.06,
0.28,5,6,70,70,70,496,496,5854.1,150.1,485.1,320,19.67,0.075001,0.134218,0.107538,0.108034,0.012684,0.32736,0.0594,0.06,
0.28,5,7,70,70,70,463,463,6014.68,80.1,450.2,304.13,19.4,0.080596,0.140419,0.106516,0.106397,0.012226,0.32584,0.0595,0.06,
0.28,5,8,70,70,70,523,523,5385.87,127.3,510.1,327.16,19.09,0.088274,0.135136,0.106181,0.105057,0.010284,0.32549,0.0595,0.06,
0.28,5,9,70,70,70,537,537,5800.41,125.1,525.1,311.55,19.19,0.082227,0.134793,0.10518,0.104855,0.010914,0.32389,0.0594,0.06,
0.28,5.5,0,70,70,70,506,506,5915.65,128.5,495.1,298.71,20.75,0.087822,0.148013,0.108472,0.107538,0.012119,0.32886,0.0594,0.06,
0.28,5.5,1,70,70,70,501,501,5453.07,125.1,490.1,295.51,19.41,0.083513,0.127537,0.105739,0.105543,0.010971,0.32474,0.0595,0.06,
0.28,5.5,2,70,70,70,665,665,5373.71,79.8,655.1,314.62,19.71,0.082289,0.156425,0.108176,0.109173,0.012567,0.32837,0.0595,0.06,
0.28,5.5,3,70,70,70,558,558,5469.73,118.4,545.1,311.51,19.41,0.08202,0.135728,0.105922,0.104127,0.012571,0.3249,0.0594,0.06,
0.28,5.5,4,70,70,70,533,533,6255.13,170.1,520.1,336.34,20.66,0.082784,0.13881,0.107159,0.107097,0.011885,0.32685,0.0595,0.06,
0.28,5.5,5,70,70,70,590,590,5378.63,177.5,580.1,332.76,19.48,0.084439,0.134511,0.10585,0.104683,0.01168,0.32487,0.0595,0.06,
0.28,5.5,6,70,70,70,496,496,5854.1,150.1,485.1,324.18,19.88,0.076493,0.137798,0.107383,0.107006,0.013596,0.32704,0.0594,0.06,
0.28,5.5,7,70,70,70,497,497,6014.68,80.1,484.3,309.88,19.56,0.081082,0.136137,0.106691,0.105858,0.012328,0.3261,0.0595,0.06,
0.28,5.5,8,70,70,70,531,531,5385.87,127.2,518.2,333.28,19.18,0.080159,0.136273,0.106279,0.107192,0.010563,0.32561,0.0595,0.06,
0.28,5.5,9,70,70,70,607,607,5800.41,125.1,595.1,314.93,19.45,0.080086,0.135791,0.105614,0.105883,0.011545,0.32451,0.0596,0.06,
0.28,6,0,70,70,70,506,506,5915.65,129.8,495.1,303.79,20.83,0.085072,0.149135,0.108455,0.106785,0.013084,0.32875,0.0594,0.06,
0.28,6,1,70,70,70,504,504,5453.07,137.9,493.3,306.19,19.46,0.077302,0.128365,0.105126,0.103893,0.011283,0.32377,0.0594,0.06,
0.28,6,2,70,70,70,670,670,5373.71,79.8,660.1,321.65,19.42,0.079669,0.156183,0.108301,0.1093,0.013196,0.3285,0.0596,0.06,
0.28,6,3,70,70,70,558,558,5469.73,118.5,545.1,317.04,19.17,0.083172,0.136922,0.10611,0.104919,0.012236,0.32522,0.0595,0.06,
0.28,6,4,70,70,70,566,566,6255.13,170.4,555.1,343.39,20.68,0.081386,0.141285,0.10693,0.106442,0.012079,0.32649,0.0594,0.06,
0.28,6,5,70,70,70,594,594,5378.63,178.2,584.1,335.2,19.4,0.082092,0.13567,0.105632,0.102764,0.011986,0.32451,0.0594,0.06,
0.28,6,6,70,70,70,496,496,5854.1,150.1,485.1,327.65,19.81,0.076972,0.140711,0.1074,0.106109,0.013743,0.32706,0.0594,0.06,
0.28,6,7,70,70,70,498,498,6014.68,80.1,485.1,314.05,19.6,0.078819,0.138091,0.106182,0.105568,0.0133,0.32523,0.0594,0.06,
0.28,6,8,70,70,70,554,554,5385.87,127,545.1,338.39,19.3,0.082747,0.137454,0.106044,0.104338,0.011384,0.32519,0.0593,0.06,
0.28,6,9,70,70,70,607,607,5800.41,125.1,595.1,322.93,19.58,0.079732,0.134543,0.105274,0.103946,0.012231,0.32393,0.0596,0.06,
0.28,6.5,0,70,70,70,506,506,5915.65,128.6,495.1,314.23,21.02,0.08686,0.150272,0.108584,0.107306,0.012777,0.32898,0.0594,0.06,
0.28,6.5,1,70,70,70,523,523,5453.07,134.7,510.1,309.15,19.59,0.07944,0.129191,0.10472,0.103348,0.011735,0.32311,0.0593,0.06,
0.28,6.5,2,70,70,70,670,670,5373.71,80.1,660.1,326.3,19.79,0.081235,0.160524,0.108024,0.108974,0.01352,0.32805,0.0594,0.06,
0.28,6.5,3,70,70,70,558,558,5469.73,118.2,545.1,320.49,19.55,0.083712,0.138081,0.105934,0.104057,0.013309,0.32485,0.0594,0.06,
0.28,6.5,4,70,70,70,594,594,6255.13,170.6,580.1,348.24,21.14,0.082408,0.142462,0.106721,0.106599,0.012325,0.32615,0.0593,0.06,
0.28,6.5,5,70,70,70,595,595,5378.63,178.7,585.1,337.1,19.54,0.0805,0.136298,0.106271,0.104486,0.012612,0.32544,0.0595,0.06,
0.28,6.5,6,70,70,70,515,515,5854.1,155.1,505.1,331.45,19.96,0.071502,0.142992,0.107612,0.107394,0.014551,0.32729,0.0594,0.06,
0.28,6.5,7,70,70,70,498,498,6014.68,80.1,485.1,315.35,19.81,0.078876,0.139754,0.106502,0.105235,0.013548,0.3257,0.0595,0.06,
0.28,6.5,8,70,70,70,554,554,5385.87,126.7,545.1,338.66,19.55,0.083797,0.138616,0.106273,0.105259,0.011942,0.3255,0.0594,0.06,
0.28,6.5,9,70,70,70,607,607,5800.41,123.4,595.1,324.81,19.86,0.080595,0.137918,0.104666,0.102911,0.012786,0.32294,0.0594,0.06,
0.28,7,0,70,70,70,506,506,5915.65,119.8,495.1,316.21,21.06,0.082387,0.145847,0.108787,0.106981,0.013278,0.32924,0.0594,0.06,
0.28,7,1,70,70,70,528,528,5453.07,128,515.1,309.21,19.65,0.08196,0.130169,0.105383,0.103811,0.011884,0.32412,0.0595,0.06,
0.28,7,2,70,70,70,675,675,5373.71,80.9,665.1,328.49,19.76,0.072812,0.162402,0.108272,0.108931,0.014232,0.32835,0.0595,0.06,
0.28,7,3,70,70,70,563,563,5469.73,117.8,550.1,321.97,19.37,0.083821,0.139189,0.106238,0.105652,0.013543,0.3253,0.0595,0.06,
0.28,7,4,70,70,70,594,594,6255.13,119.8,580.1,352.76,21.28,0.080123,0.14303,0.10699,0.10776,0.013385,0.32646,0.0593,0.06,
0.28,7,5,70,70,70,595,595,5378.63,179,585.1,342.63,20.02,0.081259,0.136496,0.106491,0.104546,0.012914,0.32575,0.0596,0.06,
0.28,7,6,70,70,70,571,571,5854.1,155.1,560.1,334.78,20.43,0.072686,0.146527,0.10776,0.107045,0.014841,0.3275,0.0594,0.06,
0.28,7,7,70,70,70,519,519,6014.68,80.1,505.1,320.47,20.08,0.076685,0.14119,0.10678,0.105314,0.01437,0.32604,0.0595,0.06,
0.28,7,8,70,70,70,559,559,5385.87,133.5,550.1,339.04,19.66,0.08469,0.138204,0.105993,0.103577,0.011843,0.32507,0.0594,0.06,
0.28,7,9,70,70,70,612,612,5800.41,122,600.1,329.27,20.24,0.081176,0.137856,0.104937,0.10265,0.012994,0.32334,0.0594,0.06,
0.29,3,0,70,70,70,461,461,5915.65,121.4,450.1,259.11,19.87,0.092339,0.135611,0.10798,0.106402,0.009511,0.3283,0.0596,0.06,
0.29,3,1,70,70,70,491,491,5453.07,115.1,480.1,260.8,18.45,0.085884,0.123641,0.105292,0.105366,0.009358,0.32417,0.0594,0.06,
0.29,3,2,70,70,70,465,465,5373.71,79.8,455.1,278.38,18.4,0.087598,0.124567,0.106386,0.10648,0.008844,0.32589,0.0595,0.06,
0.29,3,3,70,70,70,445,445,5469.73,115.1,432.4,283.44,18.53,0.086448,0.129793,0.10612,0.10513,0.00979,0.32543,0.0595,0.06,
0.29,3,4,70,70,70,428,428,6255.13,96.4,415.1,296.59,19.79,0.085797,0.12339,0.106755,0.107337,0.009368,0.32642,0.0594,0.06,
0.29,3,5,70,70,70,489,489,5378.63,145.6,480,296.85,18.47,0.085467,0.133847,0.105279,0.103245,0.010167,0.3241,0.0592,0.06,
0.29,3,6,70,70,70,471,471,5854.1,140.1,460.1,287.49,18.98,0.082602,0.133741,0.107267,0.107273,0.011278,0.32707,0.0595,0.06,
0.29,3,7,70,70,70,413,413,6014.68,83.5,399.1,274.29,18.69,0.082399,0.131707,0.105854,0.106035,0.010659,0.32494,0.0595,0.06,
0.29,3,8,70,70,70,425,425,5385.87,128.2,415.1,293.75,18.46,0.086219,0.129992,0.105469,0.104424,0.009133,0.32446,0.0594,0.06,
0.29,3,9,70,70,70,493,493,5800.41,127.2,484.9,291.19,18.82,0.085569,0.129417,0.105189,0.104827,0.009489,0.32401,0.0594,0.06,
0.29,3.5,0,70,70,70,467,467,5915.65,123.9,456.8,271.29,20.14,0.091672,0.141513,0.10868,0.108294,0.010496,0.3293,0.0596,0.06,
0.29,3.5,1,70,70,70,496,496,5453.07,115.1,485.1,276.84,19.15,0.082458,0.124428,0.105693,0.105407,0.009694,0.32476,0.0595,0.06,
0.29,3.5,2,70,70,70,530,530,5373.71,79.8,520.1,291.07,19.01,0.085909,0.128958,0.107267,0.107946,0.00966,0.32718,0.0595,0.06,
0.29,3.5,3,70,70,70,503,503,5469.73,116.5,490.1,298.34,19.45,0.08689,0.131681,0.105543,0.105459,0.010195,0.32451,0.0594,0.06,
0.29,3.5,4,70,70,70,433,433,6255.13,99.6,420.1,308.43,20.52,0.08949,0.129685,0.106622,0.105862,0.010101,0.32617,0.0593,0.06,
0.29,3.5,5,70,70,70,527,527,5378.63,170.1,517.8,312.35,19.24,0.085552,0.136779,0.106535,0.104978,0.010241,0.32603,0.0595,0.06,
0.29,3.5,6,70,70,70,486,486,5854.1,147.7,475.1,306.14,19.69,0.082847,0.135925,0.106779,0.106347,0.011969,0.32626,0.0594,0.06,
0.29,3.5,7,70,70,70,453,453,6014.68,82.3,440.1,288.33,19.47,0.083789,0.136346,0.106629,0.106792,0.011195,0.3261,0.0596,0.06,
0.29,3.5,8,70,70,70,462,462,5385.87,129.5,450.1,308.33,18.99,0.083849,0.132368,0.1061,0.105544,0.0096,0.3254,0.0595,0.06,
0.29,3.5,9,70,70,70,499,499,5800.41,129.9,490.1,303.86,19.5,0.085095,0.131425,0.1055,0.104455,0.00993,0.32446,0.0595,0.06,
0.29,4,0,70,70,70,477,477,5915.65,128.3,466.5,285.16,20.24,0.090107,0.143893,0.108739,0.107497,0.011168,0.32934,0.0595,0.06,
0.29,4,1,70,70,70,501,501,5453.07,117.7,490.1,289.58,18.91,0.081672,0.123974,0.105141,0.105584,0.009983,0.32389,0.0594,0.06,
0.29,4,2,70,70,70,540,540,5373.71,79.8,530.1,307.11,18.86,0.076855,0.130413,0.106879,0.108971,0.010237,0.32654,0.0594,0.06,
0.29,4,3,70,70,70,512,512,5469.73,118.9,500.1,308.53,18.87,0.086518,0.133313,0.106069,0.106263,0.010789,0.32527,0.0595,0.06,
0.29,4,4,70,70,70,528,528,6255.13,100.9,515.1,326.65,20.53,0.087058,0.134882,0.1068,0.106411,0.010353,0.32643,0.0594,0.06,
0.29,4,5,70,70,70,531,531,5378.63,176.8,521.2,325.43,18.95,0.084545,0.128969,0.105995,0.10395,0.010256,0.3252,0.0594,0.06,
0.29,4,6,70,70,70,491,491,5854.1,150.1,480.1,314.67,19.64,0.076306,0.13323,0.107038,0.107239,0.011887,0.32666,0.0594,0.06,
0.29,4,7,70,70,70,458,458,6014.68,81.4,445.1,301.7,19.27,0.081879,0.137938,0.106538,0.107106,0.011061,0.32597,0.0595,0.06,
0.29,4,8,70,70,70,518,518,5385.87,130,505.1,322.45,18.97,0.089777,0.133894,0.106021,0.105769,0.009402,0.3253,0.0594,0.06,
0.29,4,9,70,70,70,505,505,5800.41,130.1,496.9,310.91,19.16,0.084306,0.132219,0.105925,0.105051,0.010282,0.32509,0.0596,0.06,
0.29,4.5,0,70,70,70,501,501,5915.65,129.6,490.1,297.26,20.81,0.090311,0.146468,0.108076,0.10728,0.011333,0.32833,0.0594,0.06,
0.29,4.5,1,70,70,70,506,506,5453.07,125.1,495.1,301.43,19.51,0.085074,0.125399,0.105578,0.105674,0.010391,0.32454,0.0595,0.06,
0.29,4.5,2,70,70,70,575,575,5373.71,79.8,565.1,319.72,19.5,0.080672,0.130529,0.10693,0.106984,0.010781,0.32659,0.0594,0.06,
0.29,4.5,3,70,70,70,553,553,5469.73,120.1,540.1,316.3,19.7,0.088371,0.134767,0.106668,0.105279,0.011493,0.32614,0.0596,0.06,
0.29,4.5,4,70,70,70,532,532,6255.13,173,519.4,338.69,20.72,0.084582,0.136508,0.106769,0.106652,0.010914,0.32634,0.0594,0.06,
0.29,4.5,5,70,70,70,590,590,5378.63,181.1,580.1,339.02,19.33,0.084404,0.128973,0.105927,0.104909,0.010712,0.32506,0.0595,0.06,
0.29,4.5,6,70,70,70,496,496,5854.1,150.1,485.1,324.04,19.66,0.077795,0.135325,0.107201,0.107563,0.01237,0.32687,0.0593,0.06,
0.29,4.5,7,70,70,70,467,467,6014.68,80.6,454.4,313.09,19.51,0.081557,0.136897,0.106568,0.106595,0.011657,0.32597,0.0595,0.06,
0.29,4.5,8,70,70,70,523,523,5385.87,130.8,510.1,334.05,19.14,0.085072,0.135214,0.106201,0.106051,0.009684,0.32556,0.0595,0.06,
0.29,4.5,9,70,70,70,542,542,5800.41,130.1,530.1,317.45,19.22,0.082651,0.13479,0.105649,0.104804,0.01089,0.32462,0.0596,0.06,
0.29,5,0,70,70,70,506,506,5915.65,130.1,495.1,310.77,21.16,0.085096,0.14824,0.108695,0.108184,0.012229,0.32919,0.0595,0.06,
0.29,5,1,70,70,70,518,518,5453.07,139,505.1,314.21,20.01,0.076518,0.127466,0.105418,0.104453,0.010395,0.32429,0.0595,0.06,
0.29,5,2,70,70,70,665,665,5373.71,79.8,655.1,326.92,19.97,0.083259,0.135489,0.107976,0.108322,0.010992,0.32818,0.0596,0.06,
0.29,5,3,70,70,70,558,558,5469.73,120.1,545.1,324.35,19.91,0.084408,0.136236,0.106157,0.104502,0.012601,0.32526,0.0595,0.06,
0.29,5,4,70,70,70,561,561,6255.13,174,550.1,345.53,21.56,0.083301,0.137851,0.106824,0.107141,0.011574,0.32636,0.0594,0.06,
0.29,5,5,70,70,70,590,590,5378.63,184.4,580.5,343.59,20.26,0.083133,0.131087,0.105942,0.104849,0.011306,0.32504,0.0594,0.06,
0.29,5,6,70,70,70,515,515,5854.1,150.1,505.1,332.16,20.64,0.078404,0.141746,0.107196,0.105298,0.013331,0.32678,0.0593,0.06,
0.29,5,7,70,70,70,513,513,6014.68,80.1,500.1,318.23,20.54,0.080234,0.14011,0.106683,0.106545,0.012549,0.32607,0.0596,0.06,
0.29,5,8,70,70,70,549,549,5385.87,130.9,540.1,341.43,20.26,0.081515,0.136579,0.105832,0.10416,0.010252,0.32495,0.0594,0.06,
0.29,5,9,70,70,70,607,607,5800.41,130.1,595.1,330.16,20.43,0.080919,0.135907,0.10466,0.10522,0.011727,0.32302,0.0594,0.06,
0.29,5.5,0,70,70,70,511,511,5915.65,130.1,500.1,320.01,21.41,0.087806,0.150111,0.108857,0.107303,0.012942,0.32938,0.0594,0.06,
0.29,5.5,1,70,70,70,523,523,5453.07,140.9,510.1,320.23,20.1,0.079246,0.128399,0.105272,0.104192,0.011204,0.324,0.0594,0.06,
0.29,5.5,2,70,70,70,670,670,5373.71,80.1,660.1,336.56,20.27,0.079908,0.155453,0.108481,0.108908,0.012582,0.32883,0.0595,0.06,
0.29,5.5,3,70,70,70,558,558,5469.73,120.1,545.1,328.13,20.19,0.086038,0.137174,0.105856,0.106054,0.012619,0.3248,0.0594,0.06,
0.29,5.5,4,70,70,70,594,594,6255.13,174.7,580.1,360.55,21.67,0.084932,0.139728,0.106729,0.106842,0.012124,0.32618,0.0594,0.06,
0.29,5.5,5,70,70,70,595,595,5378.63,185.1,585.1,347.84,19.92,0.082507,0.132547,0.105695,0.103979,0.012139,0.32459,0.0594,0.06,
0.29,5.5,6,70,70,70,515,515,5854.1,157.8,505.1,337.02,20.54,0.073122,0.142931,0.107541,0.106632,0.013727,0.32727,0.0594,0.06,
0.29,5.5,7,70,70,70,516,516,6014.68,80.1,503.1,323.32,20.24,0.080304,0.142656,0.106525,0.106807,0.013307,0.32576,0.0595,0.06,
0.29,5.5,8,70,70,70,554,554,5385.87,129.9,545.1,345.69,19.95,0.082842,0.13812,0.106129,0.105026,0.011027,0.32535,0.0594,0.06,
0.29,5.5,9,70,70,70,607,607,5800.41,130.1,595.1,335.41,20.36,0.08208,0.136722,0.104597,0.102802,0.011882,0.32291,0.0594,0.06,
0.29,6,0,70,70,70,511,511,5915.65,131.3,500.1,330.4,21.54,0.08692,0.151626,0.108993,0.106923,0.012742,0.3296,0.0595,0.06,
0.29,6,1,70,70,70,528,528,5453.07,141.1,515.1,328.81,20.17,0.081212,0.129225,0.104883,0.105186,0.011466,0.32338,0.0594,0.06,
0.29,6,2,70,70,70,675,675,5373.71,80.1,665.1,340.4,20.45,0.072481,0.16066,0.108275,0.108676,0.014007,0.32838,0.0594,0.06,
0.29,6,3,70,70,70,573,573,5469.73,120.1,560.1,336.03,20.1,0.086458,0.138751,0.106051,0.103933,0.013028,0.32506,0.0595,0.06,
0.29,6,4,70,70,70,594,594,6255.13,175.1,580.4,365.35,22.15,0.082221,0.141162,0.106575,0.106048,0.012488,0.32591,0.0593,0.06,
0.29,6,5,70,70,70,595,595,5378.63,185.1,585.1,358.71,20.64,0.082637,0.133615,0.105902,0.103859,0.012416,0.32489,0.0594,0.06,
0.29,6,6,70,70,70,571,571,5854.1,157.5,560.1,339.95,21.05,0.074366,0.141284,0.107909,0.107574,0.013988,0.32781,0.0595,0.06,
0.29,6,7,70,70,70,519,519,6014.68,80.1,505.1,330.44,20.87,0.072232,0.14462,0.106714,0.105809,0.014081,0.32597,0.0595,0.06,
0.29,6,8,70,70,70,558,558,5385.87,129.7,549.5,351.28,20.63,0.084238,0.139344,0.106776,0.104966,0.011232,0.32633,0.0595,0.06,
0.29,6,9,70,70,70,612,612,5800.41,129.6,600.1,342.41,20.85,0.080226,0.138378,0.104551,0.103343,0.012226,0.32281,0.0594,0.06,
0.29,6.5,0,70,70,70,565,565,5915.65,130.2,552.1,336.22,21.71,0.083349,0.153219,0.10894,0.107801,0.013171,0.32949,0.0595,0.06,
0.29,6.5,1,70,70,70,528,528,5453.07,144,515.1,330.7,20.43,0.082202,0.130028,0.10469,0.104266,0.011344,0.32309,0.0593,0.06,
0.29,6.5,2,70,70,70,706,706,5373.71,80.1,695.1,350.24,20.52,0.074573,0.160643,0.108726,0.108774,0.013828,0.32909,0.0594,0.06,
0.29,6.5,3,70,70,70,573,573,5469.73,120.1,560.1,340.9,20.24,0.085743,0.140177,0.105789,0.103641,0.013095,0.32466,0.0594,0.06,
0.29,6.5,4,70,70,70,599,599,6255.13,176,585.1,369.31,21.84,0.083717,0.142747,0.107048,0.106541,0.013135,0.32658,0.0594,0.06,
0.29,6.5,5,70,70,70,600,600,5378.63,185.1,590.1,361.06,20.19,0.080944,0.134528,0.106033,0.104359,0.012939,0.32504,0.0595,0.06,
0.29,6.5,6,70,70,70,571,571,5854.1,157.1,560.1,344.52,20.59,0.074445,0.143464,0.107573,0.106953,0.014256,0.32727,0.0593,0.06,
0.29,6.5,7,70,70,70,523,523,6014.68,80.1,510.1,333.74,20.4,0.072337,0.145973,0.106835,0.106404,0.014393,0.32612,0.0596,0.06,
0.29,6.5,8,70,70,70,559,559,5385.87,131.6,550.1,353.93,20.04,0.085394,0.13847,0.106951,0.105181,0.011309,0.32659,0.0596,0.06,
0.29,6.5,9,70,70,70,612,612,5800.41,125.1,600.1,343.91,20.37,0.077538,0.139576,0.104859,0.103145,0.013334,0.32319,0.0594,0.06,
0.29,7,0,70,70,70,568,568,5915.65,129.6,555.1,339.37,21.69,0.085174,0.147735,0.107686,0.107235,0.013261,0.32755,0.0591,0.06,
0.29,7,1,70,70,70,529,529,5453.07,144.7,516.4,332.6,20.18,0.076276,0.130129,0.105428,0.105031,0.012028,0.32417,0.0595,0.06,
0.29,7,2,70,70,70,741,741,5373.71,81.6,730.1,355.75,20.34,0.076447,0.158691,0.108789,0.109183,0.013582,0.32921,0.0594,0.06,
0.29,7,3,70,70,70,577,577,5469.73,120.1,564.5,344.35,19.86,0.081487,0.141098,0.106305,0.104642,0.013765,0.32539,0.0595,0.06,
0.29,7,4,70,70,70,599,599,6255.13,172.9,585.1,369.5,21.66,0.084795,0.145059,0.107221,0.105361,0.013139,0.32685,0.0594,0.06,
0.29,7,5,70,70,70,600,600,5378.63,185.1,590.1,363.64,20.4,0.080133,0.135335,0.105812,0.10415,0.012871,0.32471,0.0594,0.06,
0.29,7,6,70,70,70,576,576,5854.1,157,565.1,346.01,20.58,0.06851,0.146352,0.107562,0.106743,0.014928,0.32718,0.0593,0.06,
0.29,7,7,70,70,70,583,583,6014.68,80.1,570.1,337.57,20.41,0.072264,0.147516,0.106934,0.107226,0.014534,0.32626,0.0595,0.06,
0.29,7,8,70,70,70,593,593,5385.87,134.2,580.1,360.81,20.17,0.083246,0.138235,0.106159,0.103917,0.011836,0.32533,0.0594,0.06,
0.29,7,9,70,70,70,612,612,5800.41,125.1,600.1,345.39,20.21,0.078182,0.140125,0.105067,0.103409,0.013476,0.3235,0.0595,0.06,
0.3,3,0,70,70,70,466,466,5915.65,123.8,455.1,270.31,19.87,0.090157,0.139984,0.108274,0.107369,0.010032,0.32871,0.0595,0.06,
0.3,3,1,70,70,70,496,496,5453.07,116.5,485.1,275.37,18.77,0.086987,0.124217,0.105884,0.105529,0.00922,0.32509,0.0596,0.06,
0.3,3,2,70,70,70,530,530,5373.71,79.8,520.1,287.56,18.6,0.084593,0.126836,0.106301,0.106076,0.009642,0.3257,0.0594,0.06,
0.3,3,3,70,70,70,503,503,5469.73,116.3,490.1,297.47,18.42,0.088065,0.130706,0.105589,0.105077,0.009683,0.32461,0.0594,0.06,
0.3,3,4,70,70,70,430,430,6255.13,98.7,417.4,303.9,19.95,0.090326,0.125174,0.107287,0.106877,0.00943,0.32723,0.0595,0.06,
0.3,3,5,70,70,70,525,525,5378.63,170.1,515.1,309.18,18.84,0.088819,0.135674,0.106549,0.105951,0.009839,0.32608,0.0595,0.06,
0.3,3,6,70,70,70,476,476,5854.1,150.1,465.1,301.71,19.27,0.077945,0.133232,0.106491,0.106836,0.011395,0.32587,0.0593,0.06,
0.3,3,7,70,70,70,453,453,6014.68,87.9,440.1,284.91,19,0.083455,0.135089,0.106408,0.106276,0.010882,0.32579,0.0595,0.06,
0.3,3,8,70,70,70,457,457,5385.87,132.1,445.5,307.22,18.66,0.083255,0.130692,0.105735,0.105809,0.009328,0.32486,0.0594,0.06,
0.3,3,9,70,70,70,494,494,5800.41,129.8,485.1,303.56,19.07,0.084304,0.130553,0.105611,0.105002,0.009443,0.32466,0.0595,0.06,
0.3,3.5,0,70,70,70,495,495,5915.65,128.8,485,291.38,20.49,0.089966,0.142444,0.108056,0.107826,0.010684,0.32834,0.0594,0.06,
0.3,3.5,1,70,70,70,503,503,5453.07,118.2,492.7,296.36,19.57,0.084828,0.124367,0.105127,0.105057,0.009421,0.32391,0.0594,0.06,
0.3,3.5,2,70,70,70,535,535,5373.71,79.8,525.1,309.88,19.37,0.076141,0.125412,0.107497,0.108855,0.009821,0.32752,0.0596,0.06,
0.3,3.5,3,70,70,70,512,512,5469.73,119.6,500.1,311.99,19.66,0.087212,0.130829,0.105814,0.105082,0.010145,0.32493,0.0594,0.06,
0.3,3.5,4,70,70,70,528,528,6255.13,100.1,515.1,327.22,20.54,0.080637,0.13317,0.106742,0.106626,0.010286,0.32634,0.0594,0.06,
0.3,3.5,5,70,70,70,535,535,5378.63,176,525.1,327.29,19.21,0.085071,0.12844,0.106296,0.104514,0.010065,0.32567,0.0595,0.06,
0.3,3.5,6,70,70,70,486,486,5854.1,150.1,475.3,314.09,19.51,0.079153,0.132857,0.106989,0.106472,0.01175,0.3266,0.0594,0.06,
0.3,3.5,7,70,70,70,458,458,6014.68,85.1,445.1,305.6,19.51,0.082802,0.135383,0.106397,0.106819,0.010886,0.32577,0.0595,0.06,
0.3,3.5,8,70,70,70,507,507,5385.87,135.1,495.1,321.22,18.96,0.082936,0.130277,0.105743,0.104969,0.009332,0.32487,0.0594,0.06,
0.3,3.5,9,70,70,70,506,506,5800.41,130.1,497.5,316.43,19.34,0.084809,0.128343,0.10501,0.10506,0.009433,0.32373,0.0594,0.06,
0.3,4,0,70,70,70,506,506,5915.65,130.1,495.1,303.99,20.99,0.092758,0.143642,0.108445,0.108143,0.010384,0.32895,0.0595,0.06,
0.3,4,1,70,70,70,510,510,5453.07,120.1,500,306.21,19.55,0.086219,0.125227,0.105532,0.105296,0.009566,0.32453,0.0595,0.06,
0.3,4,2,70,70,70,575,575,5373.71,79.8,565.5,325.67,19.61,0.080815,0.131043,0.107046,0.107648,0.010359,0.3268,0.0594,0.06,
0.3,4,3,70,70,70,553,553,5469.73,120.1,540.1,319.43,19.75,0.084933,0.134722,0.106247,0.10585,0.011017,0.32552,0.0595,0.06,
0.3,4,4,70,70,70,533,533,6255.13,102.4,520.1,339.97,20.71,0.082841,0.135313,0.106532,0.107256,0.011074,0.32596,0.0593,0.06,
0.3,4,5,70,70,70,590,590,5378.63,185.1,580.1,343.02,19.41,0.085497,0.131449,0.105591,0.10368,0.010293,0.32457,0.0594,0.06,
0.3,4,6,70,70,70,496,496,5854.1,150.1,485.1,328.45,19.77,0.080421,0.137093,0.107372,0.106042,0.012117,0.32716,0.0594,0.06,
0.3,4,7,70,70,70,513,513,6014.68,83.9,500.1,319.45,19.62,0.083256,0.139061,0.10622,0.106344,0.011912,0.32542,0.0594,0.06,
0.3,4,8,70,70,70,523,523,5385.87,135.1,510.1,341.01,19.24,0.085476,0.133315,0.106359,0.106012,0.009436,0.32582,0.0595,0.06,
0.3,4,9,70,70,70,559,559,5800.41,130.1,550.1,327.1,19.59,0.083149,0.133892,0.105222,0.104758,0.010818,0.32396,0.0596,0.06,
0.3,4.5,0,70,70,70,511,511,5915.65,130.1,500.1,320.29,21.29,0.086717,0.144753,0.109188,0.108908,0.011313,0.33001,0.0595,0.06,
0.3,4.5,1,70,70,70,518,518,5453.07,141.5,505.1,319.9,19.92,0.077515,0.126077,0.105271,0.104049,0.010344,0.32407,0.0594,0.06,
0.3,4.5,2,70,70,70,670,670,5373.71,79.8,660.1,337.74,20.16,0.083028,0.135179,0.107193,0.109331,0.010635,0.327,0.0594,0.06,
0.3,4.5,3,70,70,70,558,558,5469.73,145.1,545.1,338.37,20.25,0.087133,0.130984,0.105454,0.104557,0.011378,0.32427,0.0594,0.06,
0.3,4.5,4,70,70,70,584,584,6255.13,176.3,570.1,354.18,21.13,0.085466,0.136345,0.107026,0.10722,0.011543,0.32668,0.0594,0.06,
0.3,4.5,5,70,70,70,595,595,5378.63,186.3,585.1,352.65,19.7,0.08502,0.133017,0.105494,0.103973,0.011119,0.32436,0.0593,0.06,
0.3,4.5,6,70,70,70,515,515,5854.1,159.9,505.1,334.87,20.03,0.074509,0.138019,0.107206,0.105673,0.012892,0.32684,0.0593,0.06,
0.3,4.5,7,70,70,70,518,518,6014.68,83.3,505.1,327.65,19.87,0.073567,0.140671,0.107149,0.1064,0.012986,0.32674,0.0597,0.06,
0.3,4.5,8,70,70,70,549,549,5385.87,135.4,540.1,349.18,19.55,0.082457,0.135291,0.105865,0.104506,0.010358,0.32499,0.0593,0.06,
0.3,4.5,9,70,70,70,607,607,5800.41,132.4,595.1,339.33,19.97,0.081344,0.135706,0.104461,0.103014,0.011115,0.32276,0.0594,0.06,
0.3,5,0,70,70,70,521,521,5915.65,130.4,511,330.37,21.53,0.086877,0.146825,0.1089,0.107391,0.012693,0.32947,0.0594,0.06,
0.3,5,1,70,70,70,523,523,5453.07,142.8,510.1,330.07,20.13,0.080727,0.127272,0.104982,0.103686,0.010602,0.3236,0.0594,0.06,
0.3,5,2,70,70,70,675,675,5373.71,80.1,665.1,345.76,20.32,0.080665,0.128589,0.107323,0.108414,0.010752,0.32719,0.0594,0.06,
0.3,5,3,70,70,70,573,573,5469.73,145.1,560.4,346.68,20.18,0.086664,0.132438,0.106225,0.106449,0.011557,0.32545,0.0596,0.06,
0.3,5,4,70,70,70,590,590,6255.13,177.8,576.6,364.77,21.78,0.082734,0.142075,0.106736,0.10648,0.011781,0.32622,0.0593,0.06,
0.3,5,5,70,70,70,595,595,5378.63,189,585.1,361.66,20.57,0.083851,0.134797,0.106336,0.104568,0.012167,0.32557,0.0595,0.06,
0.3,5,6,70,70,70,571,571,5854.1,160.1,560.1,342.67,20.9,0.075851,0.142481,0.108103,0.107649,0.013323,0.32817,0.0595,0.06,
0.3,5,7,70,70,70,523,523,6014.68,82.8,510.1,336.33,20.48,0.074674,0.135524,0.106318,0.106062,0.012911,0.32547,0.0595,0.06,
0.3,5,8,70,70,70,554,554,5385.87,135.5,545.1,353.7,20.22,0.085679,0.13678,0.106093,0.105247,0.010459,0.32534,0.0594,0.06,
0.3,5,9,70,70,70,612,612,5800.41,132.4,600.1,344.64,20.35,0.08226,0.137287,0.10476,0.103169,0.011991,0.32315,0.0595,0.06,
0.3,5.5,0,70,70,70,568,568,5915.65,135.1,555.1,342.65,21.63,0.083657,0.151269,0.108284,0.106584,0.012978,0.32851,0.0593,0.06,
0.3,5.5,1,70,70,70,528,528,5453.07,145,515.1,332.93,20.11,0.083659,0.12824,0.105021,0.104131,0.010884,0.32364,0.0594,0.06,
0.3,5.5,2,70,70,70,706,706,5373.71,80.1,695.1,357.77,20.14,0.073406,0.135077,0.107548,0.108943,0.011769,0.32745,0.0594,0.06,
0.3,5.5,3,70,70,70,673,673,5469.73,145.1,660.1,357.17,20.15,0.082752,0.134284,0.105453,0.10371,0.011905,0.32423,0.0594,0.06,
0.3,5.5,4,70,70,70,599,599,6255.13,180.1,585.1,372.87,21.36,0.083752,0.141033,0.106666,0.106152,0.012349,0.32606,0.0593,0.06,
0.3,5.5,5,70,70,70,600,600,5378.63,189.9,590.1,367.89,20.14,0.080136,0.136212,0.105472,0.103249,0.012145,0.32424,0.0593,0.06,
0.3,5.5,6,70,70,70,576,576,5854.1,160.1,565.1,350.06,20.46,0.075819,0.145162,0.107613,0.106902,0.013607,0.3274,0.0594,0.06,
0.3,5.5,7,70,70,70,583,583,6014.68,82.5,570.1,348.67,20.29,0.07533,0.136801,0.106363,0.105982,0.013019,0.32553,0.0595,0.06,
0.3,5.5,8,70,70,70,559,559,5385.87,135.5,550.1,358.12,19.73,0.087567,0.137996,0.106435,0.104987,0.010839,0.32584,0.0595,0.06,
0.3,5.5,9,70,70,70,612,612,5800.41,132.2,600.1,352.94,20.14,0.079758,0.138752,0.104948,0.104618,0.012423,0.32341,0.0595,0.06,
0.3,6,0,70,70,70,568,568,5915.65,134.1,555.1,346.37,21.9,0.086039,0.153129,0.10883,0.107393,0.01336,0.32931,0.0594,0.06,
0.3,6,1,70,70,70,582,582,5453.07,149.1,570.1,337.65,20.28,0.084845,0.12883,0.10522,0.104812,0.011094,0.32393,0.0595,0.06,
0.3,6,2,70,70,70,741,741,5373.71,80.1,730.1,361.74,20.7,0.075944,0.159728,0.108456,0.108569,0.013068,0.32875,0.0593,0.06,
0.3,6,3,70,70,70,678,678,5469.73,145.1,665.1,368.85,20.76,0.08391,0.139467,0.105432,0.10502,0.012784,0.32412,0.0592,0.06,
0.3,6,4,70,70,70,599,599,6255.13,180.1,585.1,377.07,21.67,0.081618,0.14208,0.107183,0.107492,0.012968,0.3268,0.0594,0.06,
0.3,6,5,70,70,70,600,600,5378.63,193.5,590.1,373.03,20.17,0.081016,0.137366,0.105477,0.104165,0.012441,0.32423,0.0593,0.06,
0.3,6,6,70,70,70,576,576,5854.1,160.1,565.1,352.63,20.56,0.0701,0.147075,0.108408,0.108024,0.014585,0.32851,0.0595,0.06,
0.3,6,7,70,70,70,583,583,6014.68,82.3,570.1,354.53,20.55,0.075659,0.138093,0.10648,0.107431,0.013683,0.32564,0.0595,0.06,
0.3,6,8,70,70,70,601,601,5385.87,135.3,590.1,371.2,20.06,0.085642,0.139249,0.105886,0.105213,0.010718,0.325,0.0595,0.06,
0.3,6,9,70,70,70,612,612,5800.41,131.6,600.1,358.77,20.51,0.081036,0.140067,0.10493,0.1044,0.013176,0.32331,0.0595,0.06,
0.3,6.5,0,70,70,70,568,568,5915.65,132.2,555.1,349.51,21.88,0.08808,0.155014,0.109236,0.107936,0.013329,0.32993,0.0595,0.06,
0.3,6.5,1,70,70,70,597,597,5453.07,151,585.1,347.78,20.5,0.077291,0.130065,0.104946,0.104066,0.012026,0.32343,0.0594,0.06,
0.3,6.5,2,70,70,70,746,746,5373.71,80.8,735.1,367.71,20.56,0.079006,0.164814,0.108935,0.109268,0.014197,0.32938,0.0594,0.06,
0.3,6.5,3,70,70,70,678,678,5469.73,145.1,665.1,371.84,20.6,0.084157,0.141086,0.106372,0.1066,0.012728,0.32558,0.0594,0.06,
0.3,6.5,4,70,70,70,599,599,6255.13,180.1,585.1,382.33,21.94,0.080791,0.143768,0.107702,0.108466,0.013259,0.32757,0.0595,0.06,
0.3,6.5,5,70,70,70,600,600,5378.63,194.1,590.1,377.04,20.32,0.080392,0.138381,0.105537,0.103883,0.012866,0.32428,0.0593,0.06,
0.3,6.5,6,70,70,70,576,576,5854.1,160.1,566,360.62,20.82,0.071291,0.146632,0.108057,0.107503,0.014644,0.32797,0.0595,0.06,
0.3,6.5,7,70,70,70,583,583,6014.68,82.3,570.1,357.75,20.74,0.075736,0.139432,0.10646,0.104647,0.014111,0.32557,0.0595,0.06,
0.3,6.5,8,70,70,70,606,606,5385.87,135.1,595.1,375.56,20.23,0.082587,0.140169,0.105671,0.104481,0.011154,0.32463,0.0594,0.06,
0.3,6.5,9,70,70,70,617,617,5800.41,131,605.1,361.58,20.56,0.082009,0.140937,0.104866,0.101374,0.013686,0.32317,0.0594,0.06,
0.3,7,0,70,70,70,568,568,5915.65,131,555.1,351.23,21.63,0.083912,0.149217,0.109119,0.107745,0.013185,0.32975,0.0595,0.06,
0.3,7,1,70,70,70,600,600,5453.07,152,588.4,350.82,20.24,0.080205,0.12874,0.105143,0.104533,0.011932,0.32374,0.0594,0.06,
0.3,7,2,70,70,70,746,746,5373.71,82.6,735.1,368.91,20.46,0.073015,0.16527,0.109697,0.110995,0.014813,0.33047,0.0595,0.06,
0.3,7,3,70,70,70,678,678,5469.73,145.1,665.1,375.63,20.4,0.083368,0.142696,0.105531,0.104905,0.013474,0.32421,0.0592,0.06,
0.3,7,4,70,70,70,618,618,6255.13,180.1,605.1,387.32,21.97,0.081897,0.145224,0.107845,0.10818,0.01372,0.32774,0.0595,0.06,
0.3,7,5,70,70,70,605,605,5378.63,194.5,595.1,379.78,20.43,0.081536,0.13954,0.106091,0.103828,0.013237,0.32511,0.0594,0.06,
0.3,7,6,70,70,70,581,581,5854.1,160.1,570.1,363.27,20.81,0.072321,0.148167,0.108357,0.107381,0.014601,0.32843,0.0595,0.06,
0.3,7,7,70,70,70,583,583,6014.68,82.4,570.1,363.92,20.79,0.075467,0.14068,0.106755,0.104879,0.015211,0.32592,0.0595,0.06,
0.3,7,8,70,70,70,606,606,5385.87,135,595.1,380.24,20.44,0.083763,0.141284,0.105538,0.104363,0.011096,0.32443,0.0594,0.06,
0.3,7,9,70,70,70,617,617,5800.41,130,605.1,362.88,20.52,0.079609,0.142309,0.10464,0.102159,0.013668,0.32282,0.0594,0.06,
0.31,3,0,70,70,70,476,476,5915.65,128.1,465.9,285.49,20.21,0.093014,0.139817,0.108009,0.107559,0.009674,0.32833,0.0595,0.06,
0.31,3,1,70,70,70,503,503,5453.07,120.1,493,295.05,19.12,0.085115,0.123703,0.104974,0.105023,0.009337,0.32368,0.0593,0.06,
0.31,3,2,70,70,70,535,535,5373.71,79.8,525.1,306.31,19.08,0.074566,0.128782,0.106842,0.107938,0.009846,0.32651,0.0594,0.06,
0.31,3,3,70,70,70,507,507,5469.73,119.3,495.1,311.63,18.92,0.087715,0.131328,0.105853,0.10525,0.009817,0.32501,0.0595,0.06,
0.31,3,4,70,70,70,523,523,6255.13,100.1,510.1,321.66,20.36,0.086952,0.130685,0.106805,0.107155,0.009588,0.32649,0.0593,0.06,
0.31,3,5,70,70,70,531,531,5378.63,170.9,521.2,323.72,19.04,0.087191,0.127986,0.106258,0.104605,0.009912,0.32563,0.0595,0.06,
0.31,3,6,70,70,70,483,483,5854.1,150.1,470.1,311.16,19.53,0.082249,0.129891,0.107152,0.106622,0.011149,0.3269,0.0595,0.06,
0.31,3,7,70,70,70,483,483,6014.68,91.1,470.1,303.24,19.45,0.082369,0.13644,0.106611,0.106297,0.01101,0.32608,0.0595,0.06,
0.31,3,8,70,70,70,462,462,5385.87,135.7,450.1,317.98,18.9,0.085703,0.131165,0.105858,0.105704,0.008756,0.32509,0.0594,0.06,
0.31,3,9,70,70,70,504,504,5800.41,130.1,495.1,316.54,19.26,0.084169,0.130588,0.105063,0.103383,0.009408,0.32382,0.0594,0.06,
0.31,3.5,0,70,70,70,511,511,5915.65,130.1,500.1,305.14,20.69,0.089845,0.14231,0.108485,0.107225,0.010866,0.32897,0.0595,0.06,
0.31,3.5,1,70,70,70,511,511,5453.07,120.5,500.1,309.16,19.54,0.085027,0.123523,0.105507,0.10523,0.009465,0.32449,0.0595,0.06,
0.31,3.5,2,70,70,70,541,541,5373.71,79.8,531.4,325.76,19.54,0.079888,0.129673,0.106624,0.106383,0.010208,0.32616,0.0593,0.06,
0.31,3.5,3,70,70,70,553,553,5469.73,120.1,540.1,324.87,19.47,0.085516,0.126854,0.105674,0.106488,0.010671,0.32467,0.0594,0.06,
0.31,3.5,4,70,70,70,532,532,6255.13,100.9,519.7,341.49,20.74,0.084814,0.133213,0.106692,0.106567,0.010593,0.32624,0.0594,0.06,
0.31,3.5,5,70,70,70,590,590,5378.63,188.7,580.1,345.08,19.46,0.085749,0.131155,0.105481,0.103698,0.010277,0.3244,0.0593,0.06,
0.31,3.5,6,70,70,70,493,493,5854.1,158.4,480.9,329.95,19.82,0.075929,0.139354,0.106763,0.10498,0.012197,0.32622,0.0592,0.06,
0.31,3.5,7,70,70,70,514,514,6014.68,89.7,501.8,327.3,19.96,0.082051,0.138178,0.105858,0.106401,0.011043,0.32492,0.0594,0.06,
0.31,3.5,8,70,70,70,523,523,5385.87,137,510.1,341.7,19.38,0.091763,0.132982,0.106086,0.105193,0.00897,0.32543,0.0594,0.06,
0.31,3.5,9,70,70,70,559,559,5800.41,130.1,550.1,330.43,19.73,0.083949,0.132772,0.105393,0.104885,0.010195,0.32427,0.0596,0.06,
0.31,4,0,70,70,70,524,524,5915.65,130.1,513.4,330.15,21.54,0.08749,0.145633,0.108574,0.106582,0.011221,0.32909,0.0595,0.06,
0.31,4,1,70,70,70,516,516,5453.07,142.5,505.1,320.89,19.84,0.082397,0.126234,0.105307,0.103768,0.010472,0.32411,0.0595,0.06,
0.31,4,2,70,70,70,670,670,5373.71,79.8,660.1,341.33,20.37,0.083267,0.133788,0.107212,0.107892,0.01051,0.32704,0.0594,0.06,
0.31,4,3,70,70,70,573,573,5469.73,145.2,560.1,347.13,20.24,0.087824,0.130821,0.105462,0.106138,0.011284,0.3243,0.0594,0.06,
0.31,4,4,70,70,70,584,584,6255.13,180.1,570.1,357.81,21.29,0.086749,0.135176,0.10656,0.105538,0.010896,0.32601,0.0594,0.06,
0.31,4,5,70,70,70,595,595,5378.63,245.1,585.1,359.83,19.85,0.084123,0.127739,0.104826,0.103135,0.010794,0.32335,0.0592,0.06,
0.31,4,6,70,70,70,515,515,5854.1,161,505.1,337.84,19.99,0.07722,0.138092,0.108019,0.105817,0.012919,0.32808,0.0595,0.06,
0.31,4,7,70,70,70,523,523,6014.68,89.6,510.1,337.62,20.2,0.075249,0.139846,0.105801,0.104895,0.012457,0.32472,0.0594,0.06,
0.31,4,8,70,70,70,530,530,5385.87,137.7,517.2,349.42,19.59,0.085125,0.134816,0.106138,0.104695,0.009909,0.32544,0.0594,0.06,
0.31,4,9,70,70,70,607,607,5800.41,135.1,595.1,343.64,20.1,0.081368,0.133994,0.104769,0.102643,0.011241,0.32323,0.0594,0.06,
0.31,4.5,0,70,70,70,567,567,5915.65,131.7,554.7,343.37,21.92,0.089716,0.148042,0.108723,0.10672,0.012202,0.32924,0.0596,0.06,
0.31,4.5,1,70,70,70,523,523,5453.07,146.4,510.1,336.39,20.25,0.081647,0.127246,0.105161,0.104976,0.010284,0.3239,0.0594,0.06,
0.31,4.5,2,70,70,70,675,675,5373.71,80.1,665.1,354.93,20.48,0.079338,0.131398,0.107543,0.108917,0.010865,0.32752,0.0594,0.06,
0.31,4.5,3,70,70,70,673,673,5469.73,145.6,660.1,364.18,20.75,0.083985,0.133302,0.105077,0.103924,0.011331,0.3237,0.0593,0.06,
0.31,4.5,4,70,70,70,589,589,6255.13,180.1,575.1,372.27,21.52,0.084283,0.140634,0.10685,0.106355,0.011873,0.32639,0.0594,0.06,
0.31,4.5,5,70,70,70,595,595,5378.63,247.4,585.1,369.03,20.15,0.083361,0.131133,0.105764,0.103958,0.010803,0.3248,0.0595,0.06,
0.31,4.5,6,70,70,70,520,520,5854.1,163.5,510.1,346.76,20.48,0.077599,0.140831,0.107708,0.106868,0.01349,0.32755,0.0593,0.06,
0.31,4.5,7,70,70,70,583,583,6014.68,109.7,570.1,348.58,20.6,0.077042,0.137684,0.105398,0.10517,0.012271,0.32411,0.0593,0.06,
0.31,4.5,8,70,70,70,554,554,5385.87,138.1,545.1,357.55,20,0.087084,0.136495,0.106153,0.10499,0.010173,0.32545,0.0594,0.06,
0.31,4.5,9,70,70,70,612,612,5800.41,136.2,600.1,352.43,20.37,0.080045,0.134586,0.104611,0.10331,0.012183,0.3229,0.0593,0.06,
0.31,5,0,70,70,70,581,581,5915.65,133.8,567.7,350.9,21.73,0.085464,0.150866,0.108792,0.107326,0.012604,0.32931,0.0595,0.06,
0.31,5,1,70,70,70,577,577,5453.07,148.3,565.1,343.38,20.25,0.084775,0.128376,0.105155,0.10339,0.010932,0.32384,0.0594,0.06,
0.31,5,2,70,70,70,741,741,5373.71,80.1,730.1,369.79,20.44,0.073737,0.134005,0.107413,0.108439,0.011285,0.32729,0.0593,0.06,
0.31,5,3,70,70,70,673,673,5469.73,145.8,660.1,371.77,20.38,0.084145,0.134712,0.105058,0.104314,0.011824,0.32363,0.0592,0.06,
0.31,5,4,70,70,70,599,599,6255.13,180.1,585.1,382.66,21.78,0.083461,0.142502,0.106455,0.105849,0.012313,0.32574,0.0593,0.06,
0.31,5,5,70,70,70,600,600,5378.63,250.1,590.1,377.94,20.35,0.0836,0.133565,0.105076,0.103182,0.011248,0.32371,0.0593,0.06,
0.31,5,6,70,70,70,576,576,5854.1,165.1,565.1,354.76,20.51,0.071683,0.14482,0.108242,0.10756,0.014095,0.32831,0.0595,0.06,
0.31,5,7,70,70,70,583,583,6014.68,115.1,570.1,362.14,20.75,0.078205,0.140878,0.106104,0.104121,0.013188,0.32512,0.0594,0.06,
0.31,5,8,70,70,70,605,605,5385.87,138.2,594.1,371.53,20.28,0.087425,0.138018,0.106029,0.104819,0.009923,0.32528,0.0595,0.06,
0.31,5,9,70,70,70,612,612,5800.41,136.7,600.1,362.29,20.32,0.082387,0.135882,0.105079,0.103687,0.012282,0.32362,0.0594,0.06,
0.31,5.5,0,70,70,70,584,584,5915.65,140.1,570.1,357.11,21.84,0.08832,0.152151,0.108667,0.108315,0.012531,0.32913,0.0595,0.06,
0.31,5.5,1,70,70,70,597,597,5453.07,152.2,585.1,352.9,20.38,0.075897,0.129761,0.104995,0.104021,0.011675,0.32353,0.0594,0.06,
0.31,5.5,2,70,70,70,746,746,5373.71,81.9,735.1,373.83,20.68,0.076816,0.140328,0.107581,0.108598,0.012277,0.32746,0.0592,0.06,
0.31,5.5,3,70,70,70,678,678,5469.73,145.6,665.1,385.16,20.83,0.08531,0.135831,0.105561,0.105494,0.01204,0.32439,0.0593,0.06,
0.31,5.5,4,70,70,70,618,618,6255.13,180.1,605.1,387.38,21.94,0.082138,0.143477,0.107457,0.106779,0.012944,0.32722,0.0595,0.06,
0.31,5.5,5,70,70,70,600,600,5378.63,250.1,590.1,384.84,20.49,0.083136,0.135231,0.105319,0.103,0.011923,0.32403,0.0594,0.06,
0.31,5.5,6,70,70,70,581,581,5854.1,165.4,570.1,361.22,20.83,0.07275,0.146496,0.108271,0.106308,0.01427,0.32834,0.0595,0.06,
0.31,5.5,7,70,70,70,583,583,6014.68,115.1,570.1,372.32,20.83,0.078035,0.143821,0.106123,0.104368,0.013898,0.32509,0.0593,0.06,
0.31,5.5,8,70,70,70,606,606,5385.87,138.1,595.1,380.69,20.24,0.083801,0.139443,0.105484,0.104828,0.009958,0.32443,0.0594,0.06,
0.31,5.5,9,70,70,70,612,612,5800.41,136.5,600.1,364.46,20.5,0.079174,0.138813,0.105609,0.103066,0.012855,0.32439,0.0596,0.06,
0.31,6,0,70,70,70,584,584,5915.65,135.9,570.1,360.75,22.01,0.084233,0.153348,0.108948,0.10792,0.013639,0.32946,0.0594,0.06,
0.31,6,1,70,70,70,602,602,5453.07,154.5,590.1,358.83,20.44,0.078257,0.130849,0.104843,0.103867,0.011491,0.32331,0.0594,0.06,
0.31,6,2,70,70,70,746,746,5373.71,84.9,735.1,381.4,20.64,0.079846,0.143418,0.107887,0.108052,0.01253,0.32791,0.0593,0.06,
0.31,6,3,70,70,70,678,678,5469.73,145.2,665.1,391,20.84,0.08341,0.137126,0.105263,0.103496,0.012536,0.32388,0.0592,0.06,
0.31,6,4,70,70,70,618,618,6255.13,180.1,605.1,391.86,22.02,0.08396,0.146954,0.107488,0.107386,0.013449,0.32723,0.0595,0.06,
0.31,6,5,70,70,70,605,605,5378.63,250.1,595.9,391.07,20.46,0.08427,0.136293,0.10558,0.102679,0.011862,0.32444,0.0594,0.06,
0.31,6,6,70,70,70,581,581,5854.1,168.2,570.1,369.06,20.77,0.073766,0.148221,0.108431,0.108166,0.014334,0.32857,0.0595,0.06,
0.31,6,7,70,70,70,583,583,6014.68,115.3,570.1,377.44,21.01,0.075527,0.144438,0.106419,0.104246,0.014393,0.32549,0.0594,0.06,
0.31,6,8,70,70,70,611,611,5385.87,137.8,600.1,388.44,20.49,0.085415,0.140815,0.1052,0.105174,0.01083,0.32393,0.0594,0.06,
0.31,6,9,70,70,70,633,633,5800.41,135.6,620.1,369.09,20.52,0.081115,0.1412,0.10496,0.102658,0.013267,0.32336,0.0594,0.06,
0.31,6.5,0,70,70,70,584,584,5915.65,134.9,570.1,365.4,22.03,0.077313,0.154687,0.108938,0.10876,0.013668,0.32944,0.0594,0.06,
0.31,6.5,1,70,70,70,602,602,5453.07,195.1,590.1,361.72,20.68,0.081301,0.131644,0.104919,0.103544,0.012067,0.32339,0.0594,0.06,
0.31,6.5,2,70,70,70,747,747,5373.71,85.1,736.2,380.75,20.79,0.074632,0.164125,0.109044,0.109357,0.014423,0.32952,0.0594,0.06,
0.31,6.5,3,70,70,70,683,683,5469.73,145.1,670.1,393.56,20.86,0.082647,0.138207,0.104972,0.102926,0.013013,0.32339,0.0592,0.06,
0.31,6.5,4,70,70,70,620,620,6255.13,180.1,610,401.34,22.21,0.081228,0.145183,0.106599,0.104411,0.013152,0.32589,0.0592,0.06,
0.31,6.5,5,70,70,70,656,656,5378.63,250.1,645.1,399.42,20.89,0.083048,0.136823,0.105452,0.102577,0.012353,0.3242,0.0594,0.06,
0.31,6.5,6,70,70,70,593,593,5854.1,169.8,580.1,377.74,21.02,0.069299,0.147998,0.108087,0.107043,0.014786,0.328,0.0593,0.06,
0.31,6.5,7,70,70,70,583,583,6014.68,123.5,570.5,378.27,21.11,0.075339,0.146292,0.106658,0.104979,0.014543,0.32585,0.0595,0.06,
0.31,6.5,8,70,70,70,611,611,5385.87,137.6,600.1,391.11,20.63,0.084287,0.141907,0.105203,0.103474,0.01142,0.32389,0.0594,0.06,
0.31,6.5,9,70,70,70,633,633,5800.41,134.3,620.1,370.89,20.74,0.081044,0.142697,0.10501,0.102506,0.013596,0.3234,0.0595,0.06,
0.31,7,0,70,70,70,601,601,5915.65,133.5,590.1,371.93,22.5,0.078163,0.15157,0.108586,0.106715,0.014014,0.32886,0.0593,0.06,
0.31,7,1,70,70,70,602,602,5453.07,195.1,590.1,359.75,20.91,0.083088,0.132169,0.105264,0.105079,0.012496,0.32388,0.0595,0.06,
0.31,7,2,70,70,70,751,751,5373.71,85.1,740.1,382.29,21.11,0.076457,0.169048,0.108787,0.108139,0.015234,0.32905,0.0592,0.06,
0.31,7,3,70,70,70,683,683,5469.73,145.1,670.1,397.09,21.43,0.082842,0.139259,0.105182,0.103631,0.013226,0.3237,0.0592,0.06,
0.31,7,4,70,70,70,648,648,6255.13,180.1,637.5,412.23,23.33,0.081804,0.146258,0.107232,0.106885,0.013632,0.32682,0.0593,0.06,
0.31,7,5,70,70,70,721,721,5378.63,250.1,710.1,405.4,21.87,0.082728,0.136956,0.105057,0.10225,0.012743,0.32355,0.0593,0.06,
0.31,7,6,70,70,70,675,675,5854.1,170.1,665.1,384.64,22.08,0.070139,0.149363,0.108236,0.106583,0.015324,0.32818,0.0594,0.06,
0.31,7,7,70,70,70,588,588,6014.68,124,575.1,379.99,21.93,0.075029,0.148251,0.106829,0.106917,0.015129,0.32605,0.0595,0.06,
0.31,7,8,70,70,70,735,735,5385.87,137.3,725.1,397.99,21.75,0.084969,0.143025,0.105337,0.10373,0.011632,0.32408,0.0594,0.06,
0.31,7,9,70,70,70,633,633,5800.41,132.6,620.1,374.5,21.72,0.079644,0.143882,0.105215,0.102956,0.014282,0.32365,0.0595,0.06,
0.32,3,0,70,70,70,511,511,5915.65,130.1,500.1,305.11,22.18,0.09042,0.141593,0.108225,0.107114,0.010636,0.32859,0.0594,0.06,
0.32,3,1,70,70,70,511,511,5453.07,122.6,500.1,308.33,20.74,0.084749,0.123393,0.105081,0.105168,0.009286,0.32385,0.0593,0.06,
0.32,3,2,70,70,70,540,540,5373.71,79.8,530.1,322.69,20.87,0.078168,0.130517,0.106948,0.108044,0.010739,0.32661,0.0594,0.06,
0.32,3,3,70,70,70,512,512,5469.73,115.6,500.1,327.03,21.01,0.087737,0.127581,0.106299,0.10575,0.009999,0.32568,0.0596,0.06,
0.32,3,4,70,70,70,528,528,6255.13,100.1,515.1,338.78,21.89,0.08272,0.134097,0.106608,0.105363,0.010441,0.32612,0.0594,0.06,
0.32,3,5,70,70,70,585,585,5378.63,180,575.1,338.02,20.67,0.087515,0.12832,0.106135,0.103836,0.009602,0.32546,0.0595,0.06,
0.32,3,6,70,70,70,493,493,5854.1,158.7,480.1,323.9,20.93,0.078848,0.136584,0.106905,0.106524,0.012007,0.32645,0.0593,0.06,
0.32,3,7,70,70,70,514,514,6014.68,96.6,501.7,323.25,21.22,0.083657,0.135381,0.106127,0.104265,0.010758,0.32536,0.0595,0.06,
0.32,3,8,70,70,70,523,523,5385.87,138.4,510.1,335.77,20.55,0.085727,0.132158,0.105937,0.105183,0.009392,0.32517,0.0593,0.06,
0.32,3,9,70,70,70,559,559,5800.41,130.1,550.1,329.5,21.06,0.085325,0.130899,0.105287,0.104679,0.009801,0.32414,0.0595,0.06,
0.32,3.5,0,70,70,70,528,528,5915.65,130.1,517.2,331.41,23.09,0.087202,0.143909,0.10837,0.106606,0.010919,0.3288,0.0594,0.06,
0.32,3.5,1,70,70,70,516,516,5453.07,125.1,505.9,321.51,21.75,0.083275,0.126023,0.105333,0.104384,0.010061,0.32419,0.0595,0.06,
0.32,3.5,2,70,70,70,665,665,5373.71,79.8,655.1,342.85,21.99,0.083823,0.134195,0.106986,0.108487,0.009641,0.32676,0.0594,0.06,
0.32,3.5,3,70,70,70,573,573,5469.73,147,560.6,351.58,22.23,0.084513,0.131133,0.10566,0.10522,0.011289,0.3246,0.0594,0.06,
0.32,3.5,4,70,70,70,584,584,6255.13,180.1,570.1,361.55,21.73,0.085033,0.136191,0.106328,0.106785,0.010884,0.32566,0.0594,0.06,
0.32,3.5,5,70,70,70,590,590,5378.63,245.1,580.1,360.9,20.34,0.085646,0.129722,0.105392,0.104412,0.010134,0.32428,0.0594,0.06,
0.32,3.5,6,70,70,70,515,515,5854.1,161.5,505.1,340.95,20.5,0.079937,0.138342,0.107628,0.106699,0.011908,0.32757,0.0595,0.06,
0.32,3.5,7,70,70,70,523,523,6014.68,109.4,510.1,338.67,20.49,0.075944,0.135703,0.105236,0.104575,0.011977,0.32388,0.0592,0.06,
0.32,3.5,8,70,70,70,529,529,5385.87,140.1,515.1,352.41,20.03,0.085815,0.132486,0.106076,0.105309,0.009463,0.32538,0.0594,0.06,
0.32,3.5,9,70,70,70,607,607,5800.41,135.1,595.1,347.83,20.44,0.081048,0.132542,0.1045,0.103275,0.010864,0.32284,0.0594,0.06,
0.32,4,0,70,70,70,568,568,5915.65,130.7,555.1,347.12,21.46,0.089616,0.146235,0.108339,0.107068,0.011725,0.32869,0.0594,0.06,
0.32,4,1,70,70,70,526,526,5453.07,148.9,515.1,341.22,19.9,0.081216,0.127609,0.104747,0.103847,0.009796,0.3233,0.0594,0.06,
0.32,4,2,70,70,70,675,675,5373.71,80.1,665.1,360.19,19.85,0.078429,0.131923,0.107585,0.109549,0.010806,0.32759,0.0594,0.06,
0.32,4,3,70,70,70,673,673,5469.73,148,660.1,373.53,20.17,0.086223,0.135124,0.10539,0.104457,0.011067,0.3242,0.0593,0.06,
0.32,4,4,70,70,70,589,589,6255.13,180.1,575.1,377.5,21.75,0.084812,0.138278,0.106165,0.105165,0.01137,0.32537,0.0594,0.06,
0.32,4,5,70,70,70,595,595,5378.63,248.2,585.1,372.37,20.39,0.082738,0.134275,0.105832,0.104062,0.010815,0.32491,0.0595,0.06,
0.32,4,6,70,70,70,520,520,5854.1,164.2,510.1,353.22,20.54,0.073458,0.14135,0.10733,0.106772,0.013351,0.32698,0.0594,0.06,
0.32,4,7,70,70,70,583,583,6014.68,115.1,570.1,357.87,20.73,0.078737,0.137473,0.104867,0.103944,0.011475,0.32336,0.0591,0.06,
0.32,4,8,70,70,70,556,556,5385.87,140.1,545.1,370.65,20.15,0.085316,0.136126,0.105732,0.106121,0.009475,0.32485,0.0594,0.06,
0.32,4,9,70,70,70,612,612,5800.41,136.2,600.1,360.97,20.56,0.081165,0.134001,0.104372,0.103407,0.011538,0.32258,0.0594,0.06,
0.32,4.5,0,70,70,70,579,579,5915.65,136,565.1,358.99,21.77,0.086627,0.148699,0.108119,0.106789,0.011616,0.32837,0.0593,0.06,
0.32,4.5,1,70,70,70,597,597,5453.07,153.4,585.1,351.71,20.12,0.085938,0.128833,0.104705,0.103081,0.010426,0.32319,0.0594,0.06,
0.32,4.5,2,70,70,70,741,741,5373.71,80.1,730.1,373.78,20.27,0.082658,0.133534,0.107622,0.108667,0.011091,0.32763,0.0594,0.06,
0.32,4.5,3,70,70,70,673,673,5469.73,148.6,660.1,384.15,20.47,0.085772,0.133658,0.105971,0.105375,0.010891,0.32511,0.0594,0.06,
0.32,4.5,4,70,70,70,594,594,6255.13,180.1,580.1,390.35,22.15,0.085958,0.140625,0.106458,0.104643,0.011872,0.32579,0.0595,0.06,
0.32,4.5,5,70,70,70,600,600,5378.63,250.1,590.1,383.07,20.6,0.087408,0.136452,0.105214,0.102899,0.011117,0.32393,0.0594,0.06,
0.32,4.5,6,70,70,70,580,580,5854.1,165.1,569.3,360.64,20.96,0.074439,0.142958,0.107828,0.107803,0.012716,0.32781,0.0595,0.06,
0.32,4.5,7,70,70,70,583,583,6014.68,115.8,570.1,373.03,21.2,0.078046,0.142579,0.106333,0.106543,0.013014,0.32549,0.0594,0.06,
0.32,4.5,8,70,70,70,606,606,5385.87,140.3,595.1,381.71,20.57,0.083225,0.138498,0.105751,0.104954,0.009845,0.32485,0.0595,0.06,
0.32,4.5,9,70,70,70,612,612,5800.41,140,600.1,370.46,20.79,0.084345,0.135602,0.105043,0.103316,0.011645,0.32362,0.0595,0.06,
0.32,5,0,70,70,70,584,584,5915.65,143.8,570.1,369.41,21.96,0.08308,0.150965,0.10832,0.10721,0.011903,0.32864,0.0594,0.06,
0.32,5,1,70,70,70,602,602,5453.07,198.4,590.1,365.15,20.41,0.077042,0.130124,0.104413,0.103243,0.010836,0.3227,0.0593,0.06,
0.32,5,2,70,70,70,746,746,5373.71,81.3,735.1,380.67,20.38,0.07707,0.139799,0.107591,0.107358,0.012223,0.32749,0.0593,0.06,
0.32,5,3,70,70,70,678,678,5469.73,148.6,665.1,399.83,20.68,0.087892,0.134718,0.105452,0.103728,0.011614,0.32426,0.0593,0.06,
0.32,5,4,70,70,70,618,618,6255.13,183.1,605.1,401.48,22.28,0.084221,0.142745,0.106879,0.105638,0.012821,0.32635,0.0595,0.06,
0.32,5,5,70,70,70,605,605,5378.63,250.1,595.1,392.94,20.76,0.087853,0.136339,0.105748,0.103745,0.011519,0.32473,0.0594,0.06,
0.32,5,6,70,70,70,581,581,5854.1,167.9,570.1,370.16,21.03,0.075465,0.146161,0.107923,0.107759,0.013464,0.32788,0.0595,0.06,
0.32,5,7,70,70,70,583,583,6014.68,123.8,570.1,383.14,21.31,0.078744,0.144643,0.106144,0.105654,0.012999,0.3252,0.0594,0.06,
0.32,5,8,70,70,70,611,611,5385.87,140.6,600.1,392.82,20.83,0.085542,0.140041,0.105998,0.105467,0.010274,0.3252,0.0596,0.06,
0.32,5,9,70,70,70,628,628,5800.41,140.3,615.1,380.28,21.03,0.08091,0.138204,0.10462,0.103207,0.011853,0.32295,0.0594,0.06,
0.32,5.5,0,70,70,70,584,584,5915.65,142.5,570.1,374.68,22.08,0.078912,0.153716,0.109141,0.108704,0.01254,0.32984,0.0596,0.06,
0.32,5.5,1,70,70,70,602,602,5453.07,198.9,590.1,368.96,20.58,0.079742,0.131344,0.104446,0.103317,0.011183,0.32272,0.0594,0.06,
0.32,5.5,2,70,70,70,746,746,5373.71,82.2,735.1,386.44,20.53,0.080361,0.141204,0.108227,0.109112,0.012205,0.32846,0.0595,0.06,
0.32,5.5,3,70,70,70,678,678,5469.73,148.4,665.1,406.34,21.12,0.083428,0.135874,0.104966,0.102717,0.012085,0.32346,0.0592,0.06,
0.32,5.5,4,70,70,70,635,635,6255.13,184.2,624.8,414.12,22.66,0.083573,0.142178,0.105398,0.105382,0.011979,0.32414,0.0591,0.06,
0.32,5.5,5,70,70,70,656,656,5378.63,250.1,645.1,404.66,20.97,0.085675,0.1379,0.105623,0.102588,0.011914,0.3245,0.0593,0.06,
0.32,5.5,6,70,70,70,637,637,5854.1,170.1,624.7,388.02,21.48,0.070954,0.148521,0.108538,0.10878,0.014185,0.32875,0.0596,0.06,
0.32,5.5,7,70,70,70,627,627,6014.68,125.1,615.1,390.68,21.35,0.082371,0.151094,0.10668,0.106695,0.014042,0.32593,0.0594,0.06,
0.32,5.5,8,70,70,70,730,730,5385.87,140.6,720.1,403.46,21,0.082241,0.141649,0.105478,0.104775,0.010967,0.32435,0.0594,0.06,
0.32,5.5,9,70,70,70,628,628,5800.41,139.9,615.1,386,21.23,0.077975,0.140783,0.104885,0.103377,0.013232,0.32324,0.0594,0.06,
0.32,6,0,70,70,70,601,601,5915.65,141.9,590.1,382.08,22.39,0.080659,0.155887,0.108651,0.106878,0.013366,0.32902,0.0593,0.06,
0.32,6,1,70,70,70,603,603,5453.07,199.2,591.7,373.09,20.81,0.082248,0.132303,0.104408,0.10305,0.012012,0.3226,0.0594,0.06,
0.32,6,2,70,70,70,751,751,5373.71,86,740.1,394.19,20.89,0.075905,0.144667,0.107703,0.10894,0.012986,0.32759,0.0593,0.06,
0.32,6,3,70,70,70,683,683,5469.73,148,670.1,408.2,21.12,0.085275,0.136473,0.105155,0.103386,0.012115,0.32376,0.0592,0.06,
0.32,6,4,70,70,70,727,727,6255.13,185,715.1,421.46,23.06,0.083302,0.147281,0.105819,0.104317,0.012667,0.32474,0.0592,0.06,
0.32,6,5,70,70,70,658,658,5378.63,255.1,647.6,409.14,21.08,0.084813,0.138829,0.105493,0.102808,0.012291,0.32427,0.0593,0.06,
0.32,6,6,70,70,70,675,675,5854.1,175.1,665.1,393.86,21.69,0.071846,0.148845,0.108619,0.108595,0.01454,0.32884,0.0595,0.06,
0.32,6,7,70,70,70,630,630,6014.68,125.1,619,397.99,21.7,0.080758,0.15564,0.106266,0.105708,0.014439,0.32526,0.0593,0.06,
0.32,6,8,70,70,70,734,734,5385.87,140.5,724.5,406.85,21.47,0.0866,0.143019,0.105998,0.104523,0.011641,0.3251,0.0595,0.06,
0.32,6,9,70,70,70,633,633,5800.41,139.2,620.1,386.7,21.12,0.079001,0.142032,0.105714,0.102461,0.01364,0.32449,0.0595,0.06,
0.32,6.5,0,70,70,70,606,606,5915.65,140.1,595.1,384.97,22.73,0.081984,0.147894,0.108954,0.10827,0.013839,0.32944,0.0593,0.06,
0.32,6.5,1,70,70,70,713,713,5453.07,199.1,700.1,384.47,21.49,0.076742,0.133203,0.104021,0.102412,0.012029,0.322,0.0592,0.06,
0.32,6.5,2,70,70,70,751,751,5373.71,86.5,740.1,394.92,21.3,0.078085,0.145688,0.107644,0.108823,0.01316,0.32749,0.0592,0.06,
0.32,6.5,3,70,70,70,683,683,5469.73,147.5,670.1,410.35,21.64,0.085723,0.137809,0.105482,0.104434,0.012563,0.32422,0.0593,0.06,
0.32,6.5,4,70,70,70,727,727,6255.13,187.6,715.1,429.6,23.21,0.080043,0.149267,0.106917,0.105734,0.013498,0.32635,0.0594,0.06,
0.32,6.5,5,70,70,70,730,730,5378.63,253.7,720.1,416.46,21.56,0.083602,0.142214,0.105524,0.102324,0.012196,0.32433,0.0593,0.06,
0.32,6.5,6,70,70,70,675,675,5854.1,175.6,665.1,404.99,21.94,0.073528,0.150981,0.108616,0.108162,0.014986,0.3288,0.0594,0.06,
0.32,6.5,7,70,70,70,632,632,6014.68,125.1,620.1,408.58,22.04,0.080309,0.13783,0.106403,0.105428,0.01408,0.3255,0.0594,0.06,
0.32,6.5,8,70,70,70,735,735,5385.87,140.3,725.1,413.6,21.47,0.086571,0.144299,0.105341,0.103667,0.011269,0.32412,0.0593,0.06,
0.32,6.5,9,70,70,70,638,638,5800.41,137.8,625.1,392.02,21.44,0.079995,0.143532,0.10558,0.102893,0.014157,0.32423,0.0594,0.06,
0.32,7,0,70,70,70,829,829,5915.65,135.2,815.1,395.84,22.83,0.082905,0.153682,0.109565,0.108685,0.013685,0.33039,0.0595,0.06,
0.32,7,1,70,70,70,713,713,5453.07,198.9,700.1,385.9,21.23,0.079163,0.133953,0.104388,0.102523,0.012574,0.32252,0.0594,0.06,
0.32,7,2,70,70,70,756,756,5373.71,86.7,745.1,394.98,20.68,0.083614,0.168686,0.109103,0.109583,0.015149,0.32956,0.0593,0.06,
0.32,7,3,70,70,70,683,683,5469.73,146.8,670.1,413.57,21.22,0.082693,0.138721,0.106222,0.105038,0.013214,0.3253,0.0595,0.06,
0.32,7,4,70,70,70,727,727,6255.13,187.8,715.1,434.98,22.94,0.080489,0.148981,0.10727,0.105797,0.013695,0.32687,0.0594,0.06,
0.32,7,5,70,70,70,731,731,5378.63,252.6,720.1,422.48,21.47,0.083626,0.143313,0.105747,0.102888,0.012777,0.32463,0.0594,0.06,
0.32,7,6,70,70,70,675,675,5854.1,175.4,665.1,413.23,21.88,0.078398,0.152208,0.108977,0.108679,0.015593,0.32929,0.0594,0.06,
0.32,7,7,70,70,70,657,657,6014.68,125.6,645.1,420.33,22.1,0.083882,0.138936,0.106776,0.105982,0.013258,0.32615,0.0594,0.06,
0.32,7,8,70,70,70,735,735,5385.87,140.1,725.1,418.81,21.35,0.083962,0.145365,0.10553,0.105073,0.011846,0.32437,0.0594,0.06,
0.32,7,9,70,70,70,638,638,5800.41,137,625.1,398.26,21.2,0.081181,0.145021,0.105517,0.102975,0.014316,0.32412,0.0594,0.06,
0.33,3,0,70,70,70,531,531,5915.65,130.1,520.1,321.95,21.29,0.089774,0.140835,0.108396,0.107366,0.01105,0.32882,0.0594,0.06,
0.33,3,1,70,70,70,516,516,5453.07,149.1,505.1,313.79,19.77,0.083177,0.126877,0.105443,0.103278,0.00971,0.32438,0.0594,0.06,
0.33,3,2,70,70,70,545,545,5373.71,80.1,535.1,337.92,19.82,0.081938,0.127355,0.106523,0.108238,0.009682,0.32604,0.0593,0.06,
0.33,3,3,70,70,70,573,573,5469.73,118.2,560.1,346.64,19.77,0.085392,0.131209,0.105863,0.105393,0.010782,0.32495,0.0594,0.06,
0.33,3,4,70,70,70,579,579,6255.13,102.8,565.1,353.15,21.21,0.085668,0.132893,0.106136,0.106686,0.010341,0.3254,0.0593,0.06,
0.33,3,5,70,70,70,590,590,5378.63,245.1,580.1,359.18,20.06,0.08745,0.1297,0.104963,0.103494,0.010237,0.32361,0.0592,0.06,
0.33,3,6,70,70,70,503,503,5854.1,161.8,490.1,337.14,20.07,0.081329,0.137452,0.107576,0.106574,0.011136,0.32756,0.0595,0.06,
0.33,3,7,70,70,70,523,523,6014.68,99.1,510.1,334.34,20.21,0.081942,0.136329,0.106184,0.106567,0.01045,0.32547,0.0595,0.06,
0.33,3,8,70,70,70,529,529,5385.87,140.1,515.1,350.83,19.61,0.085235,0.133298,0.10666,0.106214,0.009016,0.3263,0.0596,0.06,
0.33,3,9,70,70,70,602,602,5800.41,135.1,590.1,346.25,20.13,0.084266,0.13317,0.104776,0.1033,0.010625,0.32329,0.0594,0.06,
0.33,3.5,0,70,70,70,568,568,5915.65,130.9,555.1,343.23,22.01,0.088718,0.144463,0.108675,0.107646,0.011365,0.32923,0.0595,0.06,
0.33,3.5,1,70,70,70,526,526,5453.07,153.3,515.4,346.2,20.74,0.08085,0.12738,0.104944,0.103978,0.009986,0.32359,0.0594,0.06,
0.33,3.5,2,70,70,70,670,670,5373.71,80.1,660.1,357.22,20.69,0.076567,0.130787,0.107102,0.108569,0.010767,0.32685,0.0593,0.06,
0.33,3.5,3,70,70,70,668,668,5469.73,150.1,655.1,375.52,21.21,0.087315,0.131091,0.104703,0.105164,0.010536,0.32318,0.0592,0.06,
0.33,3.5,4,70,70,70,587,587,6255.13,181.6,573.6,379.23,22,0.084024,0.135229,0.106051,0.105244,0.010856,0.32524,0.0594,0.06,
0.33,3.5,5,70,70,70,595,595,5378.63,246.9,585.1,368.8,20.45,0.084103,0.132977,0.105513,0.103966,0.010894,0.32441,0.0594,0.06,
0.33,3.5,6,70,70,70,515,515,5854.1,164.6,505.1,352.54,20.71,0.076479,0.140727,0.107589,0.106923,0.012722,0.32744,0.0595,0.06,
0.33,3.5,7,70,70,70,537,537,6014.68,123.4,525.3,357.58,21.03,0.079451,0.137031,0.105833,0.104669,0.011824,0.32482,0.0594,0.06,
0.33,3.5,8,70,70,70,556,556,5385.87,143.9,545.1,372.22,20.38,0.082594,0.137917,0.105897,0.105562,0.009448,0.3251,0.0594,0.06,
0.33,3.5,9,70,70,70,607,607,5800.41,136.1,595.1,363.57,20.79,0.081133,0.135291,0.104595,0.103731,0.010797,0.32299,0.0594,0.06,
0.33,4,0,70,70,70,568,568,5915.65,134.7,555.1,361.87,22.05,0.086074,0.148426,0.108181,0.106419,0.011741,0.32845,0.0594,0.06,
0.33,4,1,70,70,70,597,597,5453.07,165.1,585.1,361.83,20.73,0.08457,0.12682,0.104535,0.10411,0.010376,0.32293,0.0593,0.06,
0.33,4,2,70,70,70,741,741,5373.71,80.1,730.1,377.19,20.82,0.082021,0.132726,0.107366,0.106819,0.011095,0.32724,0.0593,0.06,
0.33,4,3,70,70,70,673,673,5469.73,150.1,660.1,394.8,20.88,0.086816,0.132288,0.105511,0.104349,0.010836,0.32441,0.0594,0.06,
0.33,4,4,70,70,70,591,591,6255.13,185,577.9,392.26,22.36,0.086231,0.137676,0.106672,0.105076,0.011541,0.32614,0.0595,0.06,
0.33,4,5,70,70,70,600,600,5378.63,250.1,590.1,388.83,20.65,0.085961,0.132625,0.105222,0.104348,0.010766,0.32397,0.0593,0.06,
0.33,4,6,70,70,70,581,581,5854.1,165.1,570.1,361.95,21.01,0.077358,0.142996,0.107849,0.106709,0.012149,0.32789,0.0595,0.06,
0.33,4,7,70,70,70,583,583,6014.68,125.1,570.1,377.12,21.32,0.080353,0.141381,0.105941,0.105312,0.01235,0.32495,0.0594,0.06,
0.33,4,8,70,70,70,611,611,5385.87,146.5,600.1,387.89,20.81,0.084093,0.140469,0.106041,0.104977,0.009777,0.32531,0.0595,0.06,
0.33,4,9,70,70,70,612,612,5800.41,140.1,600.1,375.43,20.91,0.085384,0.137075,0.105083,0.10408,0.011097,0.32373,0.0595,0.06,
0.33,4.5,0,70,70,70,584,584,5915.65,146.8,570.1,379.14,22.36,0.083729,0.150684,0.108284,0.105989,0.011797,0.3286,0.0594,0.06,
0.33,4.5,1,70,70,70,602,602,5453.07,200.1,590.1,371.49,20.95,0.07718,0.127743,0.104308,0.103805,0.010483,0.32257,0.0593,0.06,
0.33,4.5,2,70,70,70,746,746,5373.71,81,735.1,388.27,21.01,0.076586,0.139056,0.106818,0.106203,0.011648,0.32635,0.0591,0.06,
0.33,4.5,3,70,70,70,678,678,5469.73,150.1,665.1,409.21,21.28,0.088174,0.135503,0.105739,0.104276,0.011219,0.32473,0.0594,0.06,
0.33,4.5,4,70,70,70,618,618,6255.13,188,605.1,408.85,22.55,0.084589,0.138718,0.106495,0.105371,0.012246,0.32581,0.0594,0.06,
0.33,4.5,5,70,70,70,656,656,5378.63,250.1,645.1,401.1,20.99,0.087293,0.136202,0.105598,0.102944,0.011396,0.32451,0.0593,0.06,
0.33,4.5,6,70,70,70,584,584,5854.1,168.8,573.8,382.08,21.26,0.076566,0.146605,0.107893,0.108056,0.013072,0.32788,0.0594,0.06,
0.33,4.5,7,70,70,70,627,627,6014.68,125.1,615.1,389.96,21.49,0.083719,0.151075,0.106801,0.105821,0.013285,0.32619,0.0595,0.06,
0.33,4.5,8,70,70,70,611,611,5385.87,148.3,600.1,399.04,20.79,0.086778,0.14165,0.105987,0.104834,0.010296,0.32519,0.0595,0.06,
0.33,4.5,9,70,70,70,628,628,5800.41,141,615.1,387.64,21.14,0.079162,0.13797,0.104308,0.102667,0.011988,0.32246,0.0593,0.06,
0.33,5,0,70,70,70,588,588,5915.65,145.8,574.8,383.35,22.58,0.081117,0.15247,0.108566,0.107229,0.012788,0.32894,0.0594,0.06,
0.33,5,1,70,70,70,603,603,5453.07,200.1,591.9,375.69,21.09,0.080858,0.129645,0.104541,0.102818,0.011257,0.32287,0.0594,0.06,
0.33,5,2,70,70,70,747,747,5373.71,85.3,736.9,393.85,21.03,0.080477,0.142816,0.107864,0.108215,0.011738,0.32795,0.0594,0.06,
0.33,5,3,70,70,70,678,678,5469.73,150.1,665.1,415.04,21.39,0.084895,0.138425,0.104918,0.104116,0.011983,0.3234,0.0591,0.06,
0.33,5,4,70,70,70,646,646,6255.13,189.5,635.1,417.49,22.64,0.085899,0.14271,0.105998,0.104761,0.012418,0.32503,0.0592,0.06,
0.33,5,5,70,70,70,656,656,5378.63,260.1,645.1,412.04,21.27,0.085873,0.13898,0.10617,0.102919,0.01172,0.32536,0.0594,0.06,
0.33,5,6,70,70,70,658,658,5854.1,175.1,645.1,396.85,21.69,0.073731,0.149804,0.10841,0.107348,0.013829,0.3286,0.0595,0.06,
0.33,5,7,70,70,70,627,627,6014.68,125.7,615.1,402.89,21.84,0.083236,0.134656,0.106424,0.105985,0.012774,0.32565,0.0594,0.06,
0.33,5,8,70,70,70,730,730,5385.87,148.6,720.1,413.15,21.37,0.088177,0.143454,0.105395,0.104315,0.010638,0.32425,0.0593,0.06,
0.33,5,9,70,70,70,628,628,5800.41,143.2,615.1,392.93,21.46,0.080402,0.14034,0.104319,0.102344,0.011582,0.3225,0.0593,0.06,
0.33,5.5,0,70,70,70,606,606,5915.65,145.2,595.1,401.23,22.89,0.083538,0.154619,0.108239,0.107506,0.012846,0.32845,0.0593,0.06,
0.33,5.5,1,70,70,70,713,713,5453.07,200.1,700.1,387.84,21.35,0.082379,0.131608,0.104585,0.103316,0.011611,0.32291,0.0594,0.06,
0.33,5.5,2,70,70,70,751,751,5373.71,86,740.1,403.69,21.05,0.076761,0.144365,0.107758,0.107765,0.012665,0.32771,0.0594,0.06,
0.33,5.5,3,70,70,70,683,683,5469.73,150.1,670.1,419.77,21.47,0.086866,0.139695,0.105743,0.105693,0.011814,0.32469,0.0594,0.06,
0.33,5.5,4,70,70,70,727,727,6255.13,190.1,715.1,426.68,22.84,0.08255,0.134928,0.106571,0.104988,0.012191,0.32593,0.0594,0.06,
0.33,5.5,5,70,70,70,730,730,5378.63,260.1,720.1,424.52,21.23,0.084837,0.141167,0.106169,0.103115,0.012145,0.32533,0.0594,0.06,
0.33,5.5,6,70,70,70,675,675,5854.1,179.6,665.1,415.41,21.87,0.082761,0.151193,0.10832,0.107651,0.013793,0.32847,0.0594,0.06,
0.33,5.5,7,70,70,70,653,653,6014.68,126.7,641.1,416.45,21.85,0.081321,0.133915,0.106464,0.105645,0.012858,0.32571,0.0594,0.06,
0.33,5.5,8,70,70,70,735,735,5385.87,148.8,725.1,423.31,21.31,0.0858,0.144984,0.105065,0.104175,0.011001,0.32371,0.0592,0.06,
0.33,5.5,9,70,70,70,633,633,5800.41,147.7,620.1,400.53,21.34,0.081613,0.141741,0.105014,0.103704,0.012518,0.32351,0.0594,0.06,
0.33,6,0,70,70,70,829,829,5915.65,144.5,815.1,411.27,23.38,0.085403,0.156897,0.108862,0.106698,0.013026,0.32939,0.0595,0.06,
0.33,6,1,70,70,70,713,713,5453.07,200.1,700.1,394.11,21.53,0.077558,0.133102,0.104704,0.103137,0.012189,0.32304,0.0595,0.06,
0.33,6,2,70,70,70,752,752,5373.71,90.1,741.2,406.8,21.48,0.079393,0.139852,0.107487,0.107231,0.012251,0.32733,0.0593,0.06,
0.33,6,3,70,70,70,683,683,5469.73,150.1,670.1,425.96,21.7,0.083886,0.141021,0.106049,0.104895,0.011993,0.32515,0.0595,0.06,
0.33,6,4,70,70,70,727,727,6255.13,190.1,715.1,438.26,23.18,0.083414,0.148282,0.107108,0.106257,0.013595,0.32664,0.0595,0.06,
0.33,6,5,70,70,70,730,730,5378.63,261.6,720.1,430.75,21.6,0.083327,0.142834,0.10622,0.103376,0.012312,0.32539,0.0594,0.06,
0.33,6,6,70,70,70,675,675,5854.1,179.5,665.1,423.58,22.08,0.080065,0.153812,0.10888,0.10843,0.014611,0.32924,0.0595,0.06,
0.33,6,7,70,70,70,657,657,6014.68,127.6,645.1,426.9,22.31,0.08395,0.134753,0.106712,0.10537,0.012899,0.32609,0.0593,0.06,
0.33,6,8,70,70,70,735,735,5385.87,148.8,725.1,429.13,21.64,0.085367,0.146468,0.105344,0.104346,0.011556,0.3241,0.0593,0.06,
0.33,6,9,70,70,70,638,638,5800.41,150.1,625.1,413.5,21.8,0.082751,0.141025,0.104876,0.103509,0.012811,0.32326,0.0593,0.06,
0.33,6.5,0,70,70,70,834,834,5915.65,151.3,820.1,420.18,23.41,0.086004,0.14952,0.108725,0.106496,0.012735,0.3292,0.0595,0.06,
0.33,6.5,1,70,70,70,713,713,5453.07,200.1,700.1,401.41,21.65,0.080616,0.134256,0.104863,0.102704,0.012209,0.32329,0.0595,0.06,
0.33,6.5,2,70,70,70,756,756,5373.71,90.1,745.1,411.87,21.31,0.08179,0.141888,0.107815,0.108854,0.012106,0.32784,0.0593,0.06,
0.33,6.5,3,70,70,70,683,683,5469.73,150.1,670.6,429.23,21.37,0.084202,0.142569,0.106023,0.104377,0.012818,0.32504,0.0595,0.06,
0.33,6.5,4,70,70,70,751,751,6255.13,190.1,740.1,448.57,23.38,0.081857,0.147091,0.107201,0.10739,0.013637,0.32678,0.0594,0.06,
0.33,6.5,5,70,70,70,801,801,5378.63,262.6,790.1,443.1,22.08,0.084792,0.144075,0.106056,0.10348,0.012672,0.32511,0.0594,0.06,
0.33,6.5,6,70,70,70,675,675,5854.1,179.3,665.1,429.49,22.24,0.074173,0.155732,0.109014,0.109211,0.014816,0.32942,0.0594,0.06,
0.33,6.5,7,70,70,70,657,657,6014.68,129,645.9,431.61,22.31,0.084015,0.136588,0.106949,0.105349,0.013429,0.3264,0.0593,0.06,
0.33,6.5,8,70,70,70,735,735,5385.87,148.6,725.1,435.99,21.7,0.082668,0.148013,0.10563,0.104339,0.012078,0.3245,0.0593,0.06,
0.33,6.5,9,70,70,70,638,638,5800.41,150.1,625.1,417.94,21.68,0.077637,0.14255,0.104993,0.103285,0.013572,0.32337,0.0593,0.06,
0.33,7,0,70,70,70,836,836,5915.65,140.1,822.6,423.14,23.61,0.078062,0.151972,0.109258,0.10771,0.013782,0.32992,0.0595,0.06,
0.33,7,1,70,70,70,718,718,5453.07,200.1,705.1,403.92,21.85,0.080667,0.135127,0.104652,0.102766,0.013004,0.32289,0.0594,0.06,
0.33,7,2,70,70,70,756,756,5373.71,90.1,745.1,421.08,21.58,0.08174,0.143272,0.107982,0.109746,0.012061,0.3281,0.0594,0.06,
0.33,7,3,70,70,70,688,688,5469.73,149.9,675.1,434.33,21.77,0.083953,0.144243,0.105669,0.103282,0.013359,0.32445,0.0594,0.06,
0.33,7,4,70,70,70,751,751,6255.13,190.1,740.1,454.08,23.31,0.082326,0.152088,0.107634,0.106887,0.014461,0.32736,0.0594,0.06,
0.33,7,5,70,70,70,806,806,5378.63,263.5,795.1,447.99,21.83,0.085885,0.144977,0.105752,0.103318,0.01319,0.32459,0.0593,0.06,
0.33,7,6,70,70,70,693,693,5854.1,179.1,680.1,433.58,22.04,0.075585,0.157108,0.108743,0.108387,0.015026,0.32899,0.0593,0.06,
0.33,7,7,70,70,70,670,670,6014.68,130.1,660.1,437.34,22.18,0.083842,0.139378,0.106424,0.104828,0.013842,0.32556,0.0592,0.06,
0.33,7,8,70,70,70,740,740,5385.87,145,730.1,440.31,21.53,0.085171,0.14931,0.105695,0.104105,0.012796,0.32454,0.0592,0.06,
0.33,7,9,70,70,70,732,732,5800.41,150.1,720.1,424.99,21.91,0.079037,0.145706,0.105187,0.103163,0.014224,0.32361,0.0593,0.06,
0.34,3,0,70,70,70,568,568,5915.65,130.1,555.1,342.07,21.69,0.089859,0.142625,0.107815,0.106156,0.010027,0.32801,0.0595,0.06,
0.34,3,1,70,70,70,523,523,5453.07,159.4,512.8,338.73,20.26,0.08658,0.126906,0.10556,0.104465,0.00945,0.32458,0.0596,0.06,
0.34,3,2,70,70,70,669,669,5373.71,80.1,660,350.68,20.01,0.084175,0.131239,0.106789,0.107148,0.010671,0.32638,0.0593,0.06,
0.34,3,3,70,70,70,668,668,5469.73,120.1,655.1,364.12,20.28,0.089175,0.129824,0.105307,0.103813,0.009594,0.32418,0.0593,0.06,
0.34,3,4,70,70,70,584,584,6255.13,184.6,570.1,374.82,21.49,0.088413,0.134212,0.105968,0.105349,0.010413,0.32514,0.0594,0.06,
0.34,3,5,70,70,70,595,595,5378.63,245.1,585.1,366.12,20.04,0.086614,0.133132,0.105502,0.104892,0.010081,0.32445,0.0594,0.06,
0.34,3,6,70,70,70,515,515,5854.1,164.9,505.1,350.55,20.29,0.079749,0.139007,0.106627,0.105055,0.012189,0.32601,0.0592,0.06,
0.34,3,7,70,70,70,537,537,6014.68,125.1,525.1,349.09,20.4,0.076504,0.136588,0.105487,0.105854,0.011202,0.32434,0.0594,0.06,
0.34,3,8,70,70,70,556,556,5385.87,145.9,545.1,368.03,20.03,0.08933,0.13755,0.106073,0.105725,0.009253,0.32539,0.0594,0.06,
0.34,3,9,70,70,70,607,607,5800.41,136,595.1,360.53,20.23,0.083762,0.134178,0.104641,0.10319,0.010623,0.32308,0.0594,0.06,
0.34,3.5,0,70,70,70,568,568,5915.65,190.1,555.1,373.18,22.4,0.085295,0.128326,0.106709,0.105245,0.009788,0.32632,0.0592,0.06,
0.34,3.5,1,70,70,70,532,532,5453.07,161.8,520.1,358.82,20.86,0.084785,0.12511,0.104421,0.103964,0.009758,0.32279,0.0593,0.06,
0.34,3.5,2,70,70,70,706,706,5373.71,80.1,695.1,371.47,20.94,0.079954,0.135289,0.107401,0.107756,0.011063,0.32729,0.0594,0.06,
0.34,3.5,3,70,70,70,673,673,5469.73,150.1,660.1,393.65,21.46,0.087209,0.131984,0.105086,0.103538,0.010473,0.32378,0.0593,0.06,
0.34,3.5,4,70,70,70,589,589,6255.13,187.8,575.1,392.91,21.97,0.088126,0.127829,0.105842,0.104101,0.010613,0.32493,0.0594,0.06,
0.34,3.5,5,70,70,70,600,600,5378.63,250.1,590.1,386.25,20.46,0.088953,0.134789,0.105569,0.102739,0.01044,0.32453,0.0594,0.06,
0.34,3.5,6,70,70,70,579,579,5854.1,165.8,568.7,361.77,20.7,0.07897,0.141907,0.107463,0.106383,0.011894,0.32732,0.0594,0.06,
0.34,3.5,7,70,70,70,622,622,6014.68,126.4,610.1,376.89,20.99,0.081847,0.140042,0.105842,0.105576,0.01186,0.32484,0.0594,0.06,
0.34,3.5,8,70,70,70,611,611,5385.87,150,600.1,388.07,20.42,0.084039,0.138385,0.105942,0.10383,0.009749,0.32515,0.0594,0.06,
0.34,3.5,9,70,70,70,612,612,5800.41,140.1,600.1,378.61,20.77,0.081705,0.136164,0.104677,0.104509,0.01082,0.32312,0.0594,0.06,
0.34,4,0,70,70,70,584,584,5915.65,153.4,570.1,379.4,23.03,0.083569,0.147383,0.108363,0.106695,0.011444,0.32874,0.0595,0.06,
0.34,4,1,70,70,70,602,602,5453.07,200.1,590.1,374.54,21.51,0.077477,0.128901,0.104403,0.103557,0.010747,0.32269,0.0593,0.06,
0.34,4,2,70,70,70,746,746,5373.71,80.8,735.1,390.38,21.74,0.073917,0.138325,0.107173,0.107266,0.011403,0.32691,0.0592,0.06,
0.34,4,3,70,70,70,678,678,5469.73,150.1,665.1,408.33,22.14,0.084104,0.135363,0.104886,0.103426,0.011391,0.3234,0.0592,0.06,
0.34,4,4,70,70,70,633,633,6255.13,190.1,622.8,411.46,22.72,0.085006,0.13739,0.106,0.104708,0.011441,0.32511,0.0593,0.06,
0.34,4,5,70,70,70,617,617,5378.63,250.1,608.9,406.93,21.18,0.087544,0.139624,0.106321,0.102978,0.011282,0.32563,0.0595,0.06,
0.34,4,6,70,70,70,586,586,5854.1,169.6,575.1,385.5,21.53,0.076051,0.14537,0.107792,0.107447,0.013214,0.32771,0.0594,0.06,
0.34,4,7,70,70,70,627,627,6014.68,127.2,615.1,397,21.68,0.085134,0.132537,0.10647,0.105638,0.012159,0.32578,0.0594,0.06,
0.34,4,8,70,70,70,611,611,5385.87,151.3,600.1,404.16,21.1,0.085157,0.140456,0.10578,0.10425,0.010257,0.32487,0.0594,0.06,
0.34,4,9,70,70,70,623,623,5800.41,141.5,610.1,392.78,21.48,0.081287,0.138846,0.10442,0.103115,0.011539,0.32266,0.0592,0.06,
0.34,4.5,0,70,70,70,628,628,5915.65,152.3,615.1,393.47,22.47,0.082375,0.149995,0.108023,0.107127,0.012053,0.32818,0.0594,0.06,
0.34,4.5,1,70,70,70,713,713,5453.07,210.5,700.1,391.15,21.16,0.080908,0.13185,0.104117,0.103737,0.011309,0.3222,0.0592,0.06,
0.34,4.5,2,70,70,70,749,749,5373.71,84.8,738.5,401.83,20.94,0.079926,0.142477,0.107638,0.107918,0.011189,0.32764,0.0594,0.06,
0.34,4.5,3,70,70,70,678,678,5469.73,150.1,665.1,419.7,21.25,0.085145,0.135137,0.105021,0.104142,0.011236,0.32362,0.0592,0.06,
0.34,4.5,4,70,70,70,653,653,6255.13,190.1,642.7,422.97,22.74,0.083694,0.133128,0.106631,0.106068,0.011828,0.32605,0.0594,0.06,
0.34,4.5,5,70,70,70,656,656,5378.63,262.5,645.1,420.03,21.32,0.085938,0.142448,0.106344,0.103287,0.011468,0.32565,0.0594,0.06,
0.34,4.5,6,70,70,70,658,658,5854.1,182.9,645.1,408.41,21.77,0.081863,0.148245,0.108057,0.107389,0.01331,0.32811,0.0594,0.06,
0.34,4.5,7,70,70,70,631,631,6014.68,128.8,619.8,409.75,21.85,0.084173,0.134684,0.10655,0.1058,0.011776,0.32593,0.0594,0.06,
0.34,4.5,8,70,70,70,730,730,5385.87,153.5,720.1,424.03,21.45,0.087817,0.142185,0.105537,0.104121,0.010394,0.32449,0.0593,0.06,
0.34,4.5,9,70,70,70,628,628,5800.41,143.7,615.1,399.4,21.36,0.082726,0.141058,0.104934,0.103442,0.01192,0.32343,0.0594,0.06,
0.34,5,0,70,70,70,628,628,5915.65,148,615.1,406.96,22.61,0.085721,0.154913,0.108182,0.105789,0.01255,0.32839,0.0594,0.06,
0.34,5,1,70,70,70,713,713,5453.07,212.1,700.1,401.92,21.3,0.083761,0.132855,0.104625,0.103035,0.011329,0.323,0.0594,0.06,
0.34,5,2,70,70,70,751,751,5373.71,90.1,740.1,410.88,20.96,0.077095,0.136415,0.107657,0.108862,0.011559,0.32764,0.0594,0.06,
0.34,5,3,70,70,70,683,683,5469.73,150.1,670.1,427.32,21.41,0.0839,0.138392,0.105249,0.104075,0.011945,0.32392,0.0593,0.06,
0.34,5,4,70,70,70,727,727,6255.13,190.1,715.1,439.71,23.12,0.086188,0.136364,0.106676,0.106559,0.011679,0.32614,0.0595,0.06,
0.34,5,5,70,70,70,730,730,5378.63,264.8,720.1,434.33,21.72,0.08317,0.144123,0.106051,0.103926,0.011799,0.32517,0.0594,0.06,
0.34,5,6,70,70,70,675,675,5854.1,183,665.1,422.17,21.95,0.080374,0.148261,0.107846,0.107356,0.013363,0.32778,0.0593,0.06,
0.34,5,7,70,70,70,653,653,6014.68,130.1,641.2,424.43,22,0.082752,0.139678,0.106785,0.10558,0.012368,0.32625,0.0594,0.06,
0.34,5,8,70,70,70,735,735,5385.87,180.1,725.1,437.28,21.67,0.086095,0.137839,0.105608,0.103894,0.01096,0.32455,0.0593,0.06,
0.34,5,9,70,70,70,633,633,5800.41,146,620.1,416.39,21.76,0.08409,0.141529,0.105493,0.104149,0.012296,0.32426,0.0595,0.06,
0.34,5.5,0,70,70,70,834,834,5915.65,147.4,820.1,422.83,23.29,0.079063,0.157068,0.109074,0.106979,0.013186,0.32969,0.0595,0.06,
0.34,5.5,1,70,70,70,713,713,5453.07,212.9,700.1,407.45,21.42,0.07879,0.133885,0.105326,0.103936,0.012162,0.32401,0.0595,0.06,
0.34,5.5,2,70,70,70,754,754,5373.71,90.1,743.3,417.57,21.25,0.080015,0.139905,0.106904,0.107258,0.012087,0.32644,0.0592,0.06,
0.34,5.5,3,70,70,70,683,683,5469.73,150.1,670.1,437.74,21.47,0.085997,0.138631,0.104664,0.103658,0.011398,0.32306,0.0592,0.06,
0.34,5.5,4,70,70,70,751,751,6255.13,190.9,740.1,450.17,23.14,0.0848,0.138153,0.107035,0.107019,0.012649,0.3266,0.0594,0.06,
0.34,5.5,5,70,70,70,738,738,5378.63,265.1,728.2,442.71,21.57,0.085608,0.145988,0.106436,0.104098,0.012361,0.32572,0.0595,0.06,
0.34,5.5,6,70,70,70,675,675,5854.1,182.9,665.1,431.86,22.13,0.074625,0.15122,0.10874,0.108011,0.014255,0.32906,0.0594,0.06,
0.34,5.5,7,70,70,70,657,657,6014.68,130.1,645.1,437.42,22.16,0.083925,0.141171,0.106668,0.106866,0.013405,0.32597,0.0593,0.06,
0.34,5.5,8,70,70,70,735,735,5385.87,180.1,725.1,445.65,21.75,0.085561,0.140693,0.1053,0.104507,0.010899,0.32408,0.0592,0.06,
0.34,5.5,9,70,70,70,674,674,5800.41,150.1,660.1,428.63,21.72,0.083078,0.144135,0.105696,0.104016,0.013183,0.3245,0.0594,0.06,
0.34,6,0,70,70,70,839,839,5915.65,146.6,825.1,433.68,23.64,0.080749,0.158996,0.108781,0.106287,0.012905,0.32927,0.0594,0.06,
0.34,6,1,70,70,70,718,718,5453.07,213,705.1,416.72,21.86,0.080951,0.135037,0.105087,0.103628,0.012421,0.32362,0.0593,0.06,
0.34,6,2,70,70,70,756,756,5373.71,91.3,745.1,425.9,21.53,0.084236,0.144366,0.107955,0.109818,0.011861,0.32808,0.0594,0.06,
0.34,6,3,70,70,70,688,688,5469.73,150.1,675.1,447.02,21.88,0.084755,0.139427,0.104477,0.102844,0.011892,0.32273,0.0592,0.06,
0.34,6,4,70,70,70,751,751,6255.13,193.1,741,459.87,23.53,0.083543,0.139056,0.106837,0.106844,0.012083,0.32634,0.0593,0.06,
0.34,6,5,70,70,70,801,801,5378.63,265.2,790.1,455.68,22.02,0.087396,0.14776,0.106211,0.103293,0.012947,0.32533,0.0594,0.06,
0.34,6,6,70,70,70,688,688,5854.1,182.8,675.1,443.33,22.46,0.076582,0.153605,0.108616,0.108071,0.015034,0.32879,0.0593,0.06,
0.34,6,7,70,70,70,670,670,6014.68,131.3,660.1,447.45,22.62,0.08364,0.142313,0.106678,0.105448,0.013401,0.32599,0.0594,0.06,
0.34,6,8,70,70,70,735,735,5385.87,180.1,725.1,450.88,21.94,0.083837,0.142909,0.105906,0.105262,0.0116,0.32496,0.0593,0.06,
0.34,6,9,70,70,70,728,728,5800.41,150.1,716.2,440.26,22.17,0.080128,0.144087,0.10518,0.103435,0.013332,0.32369,0.0593,0.06,
0.34,6.5,0,70,70,70,839,839,5915.65,152.1,825.1,439.12,23.49,0.082034,0.153606,0.108637,0.106994,0.012898,0.32905,0.0594,0.06,
0.34,6.5,1,70,70,70,718,718,5453.07,212.7,705.1,421.82,21.58,0.081278,0.136246,0.105351,0.103548,0.012938,0.32398,0.0594,0.06,
0.34,6.5,2,70,70,70,896,896,5373.71,170.1,883,436.3,21.71,0.082551,0.148369,0.107948,0.109131,0.012285,0.32804,0.0594,0.06,
0.34,6.5,3,70,70,70,688,688,5469.73,150.1,675.1,453.38,21.76,0.082294,0.141572,0.104677,0.102408,0.012225,0.32301,0.0594,0.06,
0.34,6.5,4,70,70,70,756,756,6255.13,224.1,745.1,466.54,23.77,0.084395,0.139314,0.107677,0.107957,0.011997,0.32764,0.0593,0.06,
0.34,6.5,5,70,70,70,801,801,5378.63,266.5,790.1,464.24,22.31,0.07634,0.149536,0.10574,0.102797,0.013782,0.32452,0.0593,0.06,
0.34,6.5,6,70,70,70,711,711,5854.1,182.7,700.1,448.62,22.6,0.07833,0.155199,0.109231,0.108168,0.015404,0.32969,0.0594,0.06,
0.34,6.5,7,70,70,70,698,698,6014.68,132.1,685.1,458.16,22.87,0.085145,0.142314,0.107019,0.105478,0.013709,0.32649,0.0593,0.06,
0.34,6.5,8,70,70,70,789,789,5385.87,180.2,778,467.36,22.41,0.084149,0.144395,0.105902,0.104592,0.012442,0.32489,0.0593,0.06,
0.34,6.5,9,70,70,70,732,732,5800.41,150.7,720.1,442.03,22.43,0.081779,0.146852,0.105862,0.103455,0.013916,0.32469,0.0594,0.06,
0.34,7,0,70,70,70,869,869,5915.65,155.3,855.1,450.24,23.87,0.082536,0.156514,0.108568,0.105202,0.012958,0.32894,0.0593,0.06,
0.34,7,1,70,70,70,718,718,5453.07,212.1,705.1,424.43,21.77,0.081564,0.137494,0.104817,0.103471,0.012787,0.32317,0.0593,0.06,
0.34,7,2,70,70,70,899,899,5373.71,168,885.1,439.09,21.66,0.079811,0.15073,0.108186,0.109344,0.012646,0.32837,0.0594,0.06,
0.34,7,3,70,70,70,793,793,5469.73,150.1,780.1,462.35,22.01,0.079108,0.14322,0.105111,0.102617,0.01275,0.32363,0.0594,0.06,
0.34,7,4,70,70,70,756,756,6255.13,235.1,745.1,476,23.7,0.082075,0.152905,0.107567,0.106546,0.01413,0.3273,0.0593,0.06,
0.34,7,5,70,70,70,806,806,5378.63,270.1,795.1,471.96,22.11,0.07909,0.151346,0.105799,0.102638,0.01404,0.32459,0.0593,0.06,
0.34,7,6,70,70,70,711,711,5854.1,182.5,700.1,452.45,22.41,0.073922,0.156296,0.109039,0.10755,0.016156,0.32932,0.0592,0.06,
0.34,7,7,70,70,70,703,703,6014.68,132.9,690.1,461,22.64,0.084311,0.141328,0.107286,0.104666,0.014366,0.32683,0.0594,0.06,
0.34,7,8,70,70,70,795,795,5385.87,180.1,784,474.62,22.22,0.075578,0.145766,0.105338,0.104822,0.012729,0.32398,0.0592,0.06,
0.34,7,9,70,70,70,758,758,5800.41,154,745.1,451.71,22.24,0.078753,0.150359,0.105953,0.102746,0.014751,0.32475,0.0594,0.06,
0.35,3,0,70,70,70,568,568,5915.65,133.9,555.1,355.16,21.78,0.084428,0.143022,0.107962,0.10634,0.010617,0.32819,0.0594,0.06,
0.35,3,1,70,70,70,531,531,5453.07,160.1,520.1,353.65,20.38,0.081781,0.126179,0.104516,0.103329,0.009859,0.32294,0.0592,0.06,
0.35,3,2,70,70,70,701,701,5373.71,81.1,690.1,368.14,20.28,0.077045,0.135357,0.107016,0.107353,0.011226,0.32669,0.0593,0.06,
0.35,3,3,70,70,70,668,668,5469.73,120.1,655.1,381.14,20.48,0.084904,0.130834,0.105401,0.106623,0.010247,0.32428,0.0593,0.06,
0.35,3,4,70,70,70,589,589,6255.13,188.6,575.1,384.68,21.64,0.085339,0.124721,0.105506,0.104472,0.009775,0.32447,0.0593,0.06,
0.35,3,5,70,70,70,595,595,5378.63,250.1,585.1,383.61,20.17,0.089216,0.13521,0.10606,0.104615,0.01028,0.3253,0.0594,0.06,
0.35,3,6,70,70,70,525,525,5854.1,167.9,515.1,357.83,20.44,0.079044,0.139898,0.107834,0.106859,0.011606,0.32791,0.0595,0.06,
0.35,3,7,70,70,70,576,576,6014.68,130.1,565,369.41,20.59,0.079876,0.140561,0.105813,0.104563,0.011667,0.3248,0.0593,0.06,
0.35,3,8,70,70,70,606,606,5385.87,151,595.1,381.37,20.16,0.084097,0.13668,0.106036,0.105181,0.008907,0.32535,0.0595,0.06,
0.35,3,9,70,70,70,607,607,5800.41,140.1,595.1,376.86,20.69,0.083584,0.131878,0.104851,0.103698,0.010544,0.32341,0.0594,0.06,
0.35,3.5,0,70,70,70,573,573,5915.65,192.6,560.1,387.33,22.47,0.089936,0.129873,0.107312,0.105158,0.009757,0.32726,0.0593,0.06,
0.35,3.5,1,70,70,70,591,591,5453.07,200.3,580.1,377.81,21.06,0.086745,0.129165,0.104883,0.104298,0.010125,0.32349,0.0594,0.06,
0.35,3.5,2,70,70,70,746,746,5373.71,81.9,735.1,386.53,20.89,0.082958,0.137648,0.107422,0.107153,0.011062,0.32733,0.0593,0.06,
0.35,3.5,3,70,70,70,678,678,5469.73,150.1,665.1,409.61,21.49,0.08723,0.132547,0.104847,0.104497,0.010959,0.32337,0.0592,0.06,
0.35,3.5,4,70,70,70,618,618,6255.13,190.1,605.1,408.28,22.31,0.083075,0.134762,0.105902,0.104068,0.011307,0.32497,0.0593,0.06,
0.35,3.5,5,70,70,70,614,614,5378.63,250.1,605.1,408.19,21.02,0.089494,0.133082,0.105587,0.103371,0.010865,0.32453,0.0592,0.06,
0.35,3.5,6,70,70,70,583,583,5854.1,170.1,572.7,385.33,21.1,0.081179,0.144629,0.108103,0.107389,0.012696,0.32823,0.0594,0.06,
0.35,3.5,7,70,70,70,627,627,6014.68,130.1,615.1,390.71,21.4,0.085257,0.146626,0.106596,0.104333,0.012684,0.32594,0.0594,0.06,
0.35,3.5,8,70,70,70,611,611,5385.87,153,600.1,402.92,20.73,0.08791,0.139085,0.106169,0.105272,0.009223,0.32554,0.0595,0.06,
0.35,3.5,9,70,70,70,612,612,5800.41,141.2,600.1,396.39,21.05,0.080904,0.136554,0.105309,0.103561,0.011485,0.32404,0.0594,0.06,
0.35,4,0,70,70,70,628,628,5915.65,195.1,615.1,403.18,22.81,0.08251,0.133922,0.107617,0.107094,0.010337,0.32768,0.0594,0.06,
0.35,4,1,70,70,70,708,708,5453.07,213.8,695.1,395.67,21.25,0.081141,0.130429,0.104894,0.104199,0.01074,0.32346,0.0594,0.06,
0.35,4,2,70,70,70,746,746,5373.71,84.4,735.1,400.44,20.96,0.077819,0.141572,0.10803,0.108674,0.010736,0.32828,0.0595,0.06,
0.35,4,3,70,70,70,678,678,5469.73,150.1,665.1,421.5,21.39,0.08721,0.135647,0.105383,0.104968,0.010961,0.3242,0.0593,0.06,
0.35,4,4,70,70,70,660,660,6255.13,190.1,650,428.53,22.7,0.084976,0.131354,0.106278,0.105617,0.011293,0.32555,0.0594,0.06,
0.35,4,5,70,70,70,656,656,5378.63,265.1,645.1,425.88,21.4,0.08608,0.13726,0.105759,0.103813,0.01073,0.3248,0.0593,0.06,
0.35,4,6,70,70,70,591,591,5854.1,170.1,580.1,403.88,21.48,0.084029,0.146276,0.108114,0.1071,0.013004,0.32822,0.0594,0.06,
0.35,4,7,70,70,70,632,632,6014.68,130.2,620.1,414.68,21.69,0.084813,0.137586,0.106234,0.105796,0.011735,0.32545,0.0593,0.06,
0.35,4,8,70,70,70,730,730,5385.87,180.1,720.1,431.19,21.51,0.088798,0.135545,0.105761,0.104565,0.010118,0.32485,0.0593,0.06,
0.35,4,9,70,70,70,628,628,5800.41,143.9,615.1,410.36,21.35,0.084781,0.139258,0.104772,0.10286,0.011368,0.32323,0.0594,0.06,
0.35,4.5,0,70,70,70,628,628,5915.65,193.4,615.1,414.22,22.72,0.086387,0.136437,0.108019,0.10614,0.011163,0.32824,0.0595,0.06,
0.35,4.5,1,70,70,70,713,713,5453.07,215.1,700.1,407.08,21.41,0.083713,0.13201,0.10491,0.103947,0.011585,0.32342,0.0593,0.06,
0.35,4.5,2,70,70,70,751,751,5373.71,90.1,740.1,416,21.16,0.076813,0.136217,0.107228,0.10709,0.011657,0.32698,0.0593,0.06,
0.35,4.5,3,70,70,70,683,683,5469.73,150.1,670.1,432.98,21.52,0.085336,0.135229,0.105235,0.104648,0.011309,0.32394,0.0594,0.06,
0.35,4.5,4,70,70,70,727,727,6255.13,192.5,715.1,444.67,22.88,0.086914,0.140025,0.106658,0.107155,0.011296,0.32614,0.0594,0.06,
0.35,4.5,5,70,70,70,737,737,5378.63,265.9,727.5,440.49,21.32,0.08434,0.1405,0.106473,0.104091,0.0116,0.32584,0.0595,0.06,
0.35,4.5,6,70,70,70,675,675,5854.1,186.3,665.1,429.18,21.7,0.082005,0.147787,0.107875,0.108309,0.012661,0.32789,0.0594,0.06,
0.35,4.5,7,70,70,70,652,652,6014.68,131.3,640.1,434.75,21.94,0.088069,0.139136,0.106839,0.106479,0.011847,0.32638,0.0594,0.06,
0.35,4.5,8,70,70,70,735,735,5385.87,181.9,725.1,444.22,21.42,0.083317,0.138801,0.105627,0.104762,0.011037,0.32457,0.0593,0.06,
0.35,4.5,9,70,70,70,669,669,5800.41,146.5,655.1,431.44,21.78,0.083967,0.140902,0.104795,0.103339,0.011482,0.32325,0.0593,0.06,
0.35,5,0,70,70,70,839,839,5915.65,153.6,825.1,431.87,23.55,0.081167,0.153827,0.108818,0.106227,0.012729,0.32934,0.0594,0.06,
0.35,5,1,70,70,70,713,713,5453.07,217,700.1,417.73,21.86,0.079678,0.134146,0.105712,0.105051,0.011699,0.32465,0.0595,0.06,
0.35,5,2,70,70,70,756,756,5373.71,90.5,745.1,423.29,21.38,0.080378,0.142146,0.10681,0.107466,0.012048,0.3263,0.0591,0.06,
0.35,5,3,70,70,70,683,683,5469.73,150.1,670.1,446.49,22.01,0.086605,0.131969,0.105039,0.103652,0.010945,0.32367,0.0594,0.06,
0.35,5,4,70,70,70,751,751,6255.13,199.1,740.1,455.44,23.34,0.085394,0.143099,0.106872,0.105791,0.012439,0.32638,0.0594,0.06,
0.35,5,5,70,70,70,740,740,5378.63,271.7,730.1,456.32,21.92,0.087455,0.143039,0.105875,0.102984,0.0121,0.32488,0.0593,0.06,
0.35,5,6,70,70,70,683,683,5854.1,186.4,670.1,442.14,22.24,0.076293,0.15162,0.109052,0.10844,0.014289,0.32953,0.0594,0.06,
0.35,5,7,70,70,70,657,657,6014.68,132.3,645.1,448.84,22.51,0.084631,0.14102,0.106794,0.106697,0.012759,0.32623,0.0593,0.06,
0.35,5,8,70,70,70,735,735,5385.87,192.8,725.1,452,21.67,0.086985,0.137522,0.105105,0.104331,0.011212,0.32375,0.0591,0.06,
0.35,5,9,70,70,70,675,675,5800.41,148.8,663.3,446.52,22.12,0.082298,0.142765,0.105031,0.104148,0.012014,0.32357,0.0593,0.06,
0.35,5.5,0,70,70,70,869,869,5915.65,152.5,855.1,445,23.86,0.08354,0.156436,0.108394,0.107464,0.012589,0.32871,0.0594,0.06,
0.35,5.5,1,70,70,70,718,718,5453.07,217.4,705.1,422.64,22.01,0.082317,0.135473,0.105133,0.103595,0.012652,0.32367,0.0594,0.06,
0.35,5.5,2,70,70,70,756,756,5373.71,91.3,745.1,432.54,21.79,0.086023,0.144074,0.107732,0.108549,0.011397,0.32778,0.0593,0.06,
0.35,5.5,3,70,70,70,688,688,5469.73,150.1,675.1,453.57,21.91,0.080096,0.137079,0.104251,0.102754,0.011984,0.32236,0.0592,0.06,
0.35,5.5,4,70,70,70,756,756,6255.13,224.2,745.1,471.98,23.68,0.083999,0.145026,0.107479,0.107329,0.012411,0.32731,0.0593,0.06,
0.35,5.5,5,70,70,70,801,801,5378.63,275.1,790.1,470.56,22.39,0.081515,0.144944,0.106055,0.104023,0.012767,0.3251,0.0593,0.06,
0.35,5.5,6,70,70,70,711,711,5854.1,186.5,700.2,451.72,22.5,0.078665,0.154687,0.109326,0.108185,0.01475,0.32991,0.0594,0.06,
0.35,5.5,7,70,70,70,670,670,6014.68,133.2,660.1,463.08,22.77,0.085037,0.142714,0.107069,0.105092,0.013518,0.32659,0.0595,0.06,
0.35,5.5,8,70,70,70,735,735,5385.87,193.6,725.1,460.68,21.98,0.084301,0.13914,0.106,0.105154,0.011386,0.32512,0.0594,0.06,
0.35,5.5,9,70,70,70,732,732,5800.41,150.5,720.1,459.87,22.46,0.079577,0.145047,0.105234,0.103117,0.013255,0.32378,0.0593,0.06,
0.35,6,0,70,70,70,869,869,5915.65,148.7,855.1,454.59,23.97,0.085368,0.160942,0.108255,0.106081,0.013203,0.32845,0.0593,0.06,
0.35,6,1,70,70,70,718,718,5453.07,217.4,705.1,425.57,22.02,0.082535,0.13672,0.105815,0.104729,0.012513,0.32474,0.0595,0.06,
0.35,6,2,70,70,70,899,899,5373.71,179.6,885.1,443.08,22.04,0.080977,0.146154,0.108089,0.109508,0.012789,0.3282,0.0594,0.06,
0.35,6,3,70,70,70,788,788,5469.73,150.1,775.1,467.55,22.12,0.081291,0.135555,0.105415,0.103205,0.012197,0.32415,0.0594,0.06,
0.35,6,4,70,70,70,756,756,6255.13,225.1,745.1,476.64,23.56,0.084784,0.146031,0.107972,0.107605,0.013005,0.32802,0.0594,0.06,
0.35,6,5,70,70,70,804,804,5378.63,275.1,793.8,474.4,22.24,0.077211,0.146424,0.10624,0.102444,0.013647,0.32531,0.0594,0.06,
0.35,6,6,70,70,70,716,716,5854.1,186.4,705.1,459.44,22.57,0.074319,0.157111,0.109346,0.108373,0.015131,0.3299,0.0593,0.06,
0.35,6,7,70,70,70,698,698,6014.68,133.9,685.1,470.91,22.62,0.082777,0.14426,0.107281,0.105211,0.013041,0.32696,0.0594,0.06,
0.35,6,8,70,70,70,802,802,5385.87,194,790.1,476.04,22.21,0.07669,0.140569,0.10595,0.104829,0.012705,0.32493,0.0592,0.06,
0.35,6,9,70,70,70,758,758,5800.41,154.9,745.1,471.53,22.64,0.080716,0.149272,0.105555,0.103111,0.013187,0.32429,0.0594,0.06,
0.35,6.5,0,70,70,70,874,874,5915.65,152.8,860.1,462.57,24.62,0.08406,0.157697,0.108205,0.106179,0.01332,0.32836,0.0593,0.06,
0.35,6.5,1,70,70,70,723,723,5453.07,217.2,710.1,431.75,22.38,0.081823,0.137784,0.105647,0.103644,0.013362,0.3244,0.0594,0.06,
0.35,6.5,2,70,70,70,899,899,5373.71,175.9,885.1,452.95,22.72,0.082907,0.148704,0.108215,0.108818,0.013153,0.32837,0.0594,0.06,
0.35,6.5,3,70,70,70,793,793,5469.73,150.1,780.1,477.63,23.09,0.082265,0.138842,0.104823,0.102802,0.012101,0.32324,0.0594,0.06,
0.35,6.5,4,70,70,70,761,761,6255.13,225.1,750.1,486.85,24.33,0.081367,0.146375,0.107872,0.107214,0.013436,0.32782,0.0594,0.06,
0.35,6.5,5,70,70,70,820,820,5378.63,275.1,810.1,483.15,22.82,0.076646,0.147463,0.106332,0.103744,0.013491,0.32546,0.0594,0.06,
0.35,6.5,6,70,70,70,720,720,5854.1,186.4,709.2,470.25,22.97,0.076207,0.158885,0.109168,0.109027,0.014917,0.32965,0.0592,0.06,
0.35,6.5,7,70,70,70,703,703,6014.68,134.7,690.1,473.57,23.13,0.084134,0.145727,0.107654,0.105448,0.014479,0.32739,0.0593,0.06,
0.35,6.5,8,70,70,70,802,802,5385.87,194,790.1,486.63,22.65,0.077889,0.142054,0.105809,0.104596,0.013077,0.32468,0.0592,0.06,
0.35,6.5,9,70,70,70,763,763,5800.41,155.8,750.1,478.02,23.15,0.080912,0.15106,0.105474,0.103239,0.01417,0.32407,0.0593,0.06,
0.35,7,0,70,70,70,874,874,5915.65,190.1,860.1,481.81,24.76,0.085994,0.141099,0.107477,0.106236,0.012001,0.32735,0.0592,0.06,
0.35,7,1,70,70,70,723,723,5453.07,216.7,710.1,437.42,22.26,0.079841,0.138908,0.106131,0.103616,0.013705,0.32511,0.0595,0.06,
0.35,7,2,70,70,70,939,939,5373.71,173.4,929.5,467.19,22.63,0.079118,0.150554,0.108542,0.110128,0.013677,0.32882,0.0594,0.06,
0.35,7,3,70,70,70,798,798,5469.73,150.1,785.1,483.36,22.89,0.083081,0.134843,0.104655,0.103015,0.012268,0.32297,0.0594,0.06,
0.35,7,4,70,70,70,761,761,6255.13,250.1,750.1,495.02,24.31,0.081986,0.14613,0.108206,0.106184,0.013666,0.32831,0.0595,0.06,
0.35,7,5,70,70,70,825,825,5378.63,275.1,815.1,487.23,22.86,0.078202,0.14822,0.106756,0.103677,0.014094,0.32606,0.0594,0.06,
0.35,7,6,70,70,70,790,790,5854.1,186.3,780.1,480.71,23.34,0.072795,0.160114,0.109839,0.108661,0.015092,0.33065,0.0594,0.06,
0.35,7,7,70,70,70,708,708,6014.68,135.1,695.1,475.94,23.13,0.084372,0.146843,0.108252,0.106479,0.014465,0.32831,0.0595,0.06,
0.35,7,8,70,70,70,802,802,5385.87,193.9,790.1,499.47,23.04,0.079413,0.143343,0.105555,0.103714,0.013043,0.32429,0.0592,0.06,
0.35,7,9,70,70,70,787,787,5800.41,156.7,775.1,479.83,23.14,0.078648,0.152568,0.105444,0.103788,0.01491,0.32395,0.0592,0.06,
0.36,3,0,70,70,70,573,573,5915.65,195.1,560.1,379.87,22.27,0.086847,0.133702,0.106952,0.105077,0.010475,0.32665,0.0592,0.06,
0.36,3,1,70,70,70,536,536,5453.07,173.1,525.1,369.23,20.32,0.08722,0.128028,0.104491,0.104417,0.009478,0.32292,0.0593,0.06,
0.36,3,2,70,70,70,710,710,5373.71,84.3,699.1,378.07,20.52,0.080312,0.138512,0.107186,0.107574,0.0108,0.32698,0.0593,0.06,
0.36,3,3,70,70,70,673,673,5469.73,120.1,660.1,395.42,20.67,0.087504,0.131468,0.104477,0.103279,0.010636,0.32282,0.0591,0.06,
0.36,3,4,70,70,70,616,616,6255.13,190.1,603.2,403.74,22.38,0.086734,0.130409,0.106272,0.105929,0.010606,0.3256,0.0595,0.06,
0.36,3,5,70,70,70,614,614,5378.63,250.1,605.1,398.86,20.7,0.088719,0.134064,0.10557,0.103607,0.009634,0.32459,0.0594,0.06,
0.36,3,6,70,70,70,581,581,5854.1,170.1,570.1,378.92,21.04,0.085465,0.143238,0.107726,0.107188,0.011983,0.32772,0.0594,0.06,
0.36,3,7,70,70,70,623,623,6014.68,131.7,611.4,386.7,21.35,0.084091,0.147051,0.106111,0.107106,0.011587,0.32528,0.0594,0.06,
0.36,3,8,70,70,70,611,611,5385.87,175.4,600.1,397.09,20.69,0.086505,0.132798,0.105846,0.104334,0.009093,0.32505,0.0594,0.06,
0.36,3,9,70,70,70,612,612,5800.41,141.6,600.1,387.55,20.96,0.084518,0.135495,0.104685,0.103834,0.010861,0.32313,0.0593,0.06,
0.36,3.5,0,70,70,70,628,628,5915.65,195.1,615.1,399.06,22.69,0.081146,0.132376,0.107335,0.106415,0.009991,0.32727,0.0593,0.06,
0.36,3.5,1,70,70,70,693,693,5453.07,214.8,680.1,394.96,21.44,0.080795,0.12951,0.104795,0.10384,0.010169,0.32335,0.0593,0.06,
0.36,3.5,2,70,70,70,746,746,5373.71,85.1,735.1,403.15,21.3,0.075366,0.133061,0.106882,0.107445,0.010575,0.32652,0.0593,0.06,
0.36,3.5,3,70,70,70,678,678,5469.73,150.1,665.1,423,21.54,0.087009,0.134909,0.104677,0.103074,0.010262,0.32316,0.0592,0.06,
0.36,3.5,4,70,70,70,660,660,6255.13,190.2,650,431.36,22.58,0.086149,0.139634,0.105917,0.105288,0.010944,0.32503,0.0593,0.06,
0.36,3.5,5,70,70,70,656,656,5378.63,265.1,645.1,422.02,20.94,0.087158,0.139047,0.106319,0.10422,0.010474,0.32569,0.0595,0.06,
0.36,3.5,6,70,70,70,590,590,5854.1,170.3,579.4,400.64,21.27,0.084775,0.14557,0.108108,0.106662,0.012758,0.32824,0.0595,0.06,
0.36,3.5,7,70,70,70,631,631,6014.68,132.6,619.1,409.23,21.41,0.084207,0.136064,0.106603,0.107215,0.011416,0.32605,0.0594,0.06,
0.36,3.5,8,70,70,70,613,613,5385.87,180.1,602.7,424,20.95,0.08607,0.135181,0.105752,0.104127,0.009875,0.32485,0.0593,0.06,
0.36,3.5,9,70,70,70,623,623,5800.41,143.7,610.1,409.49,21.21,0.084914,0.138124,0.104753,0.103357,0.011249,0.3232,0.0594,0.06,
0.36,4,0,70,70,70,628,628,5915.65,195.1,615.1,418.09,23.18,0.085615,0.135735,0.10786,0.106767,0.010861,0.32801,0.0594,0.06,
0.36,4,1,70,70,70,713,713,5453.07,218,700.1,407.65,21.79,0.082042,0.132173,0.104913,0.104491,0.01137,0.32344,0.0593,0.06,
0.36,4,2,70,70,70,751,751,5373.71,90.1,740.1,417.66,21.52,0.081106,0.135224,0.106393,0.107012,0.010789,0.32576,0.0592,0.06,
0.36,4,3,70,70,70,678,678,5469.73,150.2,665.1,437.47,22.07,0.086266,0.133795,0.105402,0.103961,0.010667,0.32425,0.0595,0.06,
0.36,4,4,70,70,70,722,722,6255.13,194.4,710.1,447.55,23.06,0.086658,0.14033,0.106794,0.106645,0.011434,0.32634,0.0594,0.06,
0.36,4,5,70,70,70,661,661,5378.63,270.1,650.1,439.12,21.25,0.08452,0.138776,0.10647,0.104186,0.011085,0.32587,0.0594,0.06,
0.36,4,6,70,70,70,675,675,5854.1,190.6,665.1,432.47,21.85,0.082456,0.149621,0.108072,0.107957,0.013322,0.32813,0.0594,0.06,
0.36,4,7,70,70,70,652,652,6014.68,133.5,640.1,434.15,21.92,0.086171,0.13603,0.10685,0.105999,0.011994,0.32638,0.0594,0.06,
0.36,4,8,70,70,70,730,730,5385.87,193.5,720.1,446.04,21.47,0.081871,0.135118,0.105719,0.104897,0.010587,0.32475,0.0593,0.06,
0.36,4,9,70,70,70,669,669,5800.41,146.6,655.1,438.57,21.85,0.086074,0.14024,0.105285,0.103842,0.011079,0.32404,0.0594,0.06,
0.36,4.5,0,70,70,70,869,869,5915.65,195.1,855.1,441.91,23.74,0.082343,0.137332,0.107513,0.106185,0.011076,0.32747,0.0593,0.06,
0.36,4.5,1,70,70,70,713,713,5453.07,220.1,700.1,420.45,21.81,0.079665,0.130957,0.105322,0.104634,0.011431,0.32406,0.0594,0.06,
0.36,4.5,2,70,70,70,756,756,5373.71,90.6,745.1,427.84,21.5,0.079813,0.141506,0.106463,0.107009,0.011794,0.32579,0.0591,0.06,
0.36,4.5,3,70,70,70,683,683,5469.73,150.3,670.1,450.59,21.97,0.08029,0.132082,0.104934,0.103299,0.011235,0.32348,0.0593,0.06,
0.36,4.5,4,70,70,70,751,751,6255.13,222.2,740.1,464.28,23.46,0.083972,0.130941,0.106556,0.107095,0.011266,0.32598,0.0592,0.06,
0.36,4.5,5,70,70,70,740,740,5378.63,271.8,730.1,462.4,22.08,0.088757,0.142161,0.106096,0.102972,0.011548,0.32526,0.0593,0.06,
0.36,4.5,6,70,70,70,677,677,5854.1,191.4,665.1,445.67,22.56,0.077518,0.150014,0.109409,0.10828,0.014025,0.3301,0.0595,0.06,
0.36,4.5,7,70,70,70,657,657,6014.68,134.2,645.1,453.74,22.54,0.084475,0.138969,0.106283,0.104959,0.01242,0.32548,0.0592,0.06,
0.36,4.5,8,70,70,70,735,735,5385.87,195.1,725.1,459.24,21.97,0.086422,0.133888,0.1052,0.104204,0.010802,0.32393,0.0591,0.06,
0.36,4.5,9,70,70,70,674,674,5800.41,148.9,660.1,452.85,22.26,0.080774,0.142132,0.104995,0.102935,0.011956,0.32352,0.0592,0.06,
0.36,5,0,70,70,70,869,869,5915.65,195.1,855.1,461.85,24.09,0.085612,0.13483,0.107779,0.106656,0.010875,0.32789,0.0594,0.06,
0.36,5,1,70,70,70,718,718,5453.07,220.1,705.1,427.1,22.15,0.081298,0.133766,0.105327,0.104791,0.012103,0.32402,0.0594,0.06,
0.36,5,2,70,70,70,899,899,5373.71,235.1,885.1,445.56,22.06,0.08005,0.142774,0.108049,0.109225,0.011248,0.32827,0.0594,0.06,
0.36,5,3,70,70,70,783,783,5469.73,150.1,770.1,463.57,21.92,0.082365,0.131255,0.105245,0.10376,0.011438,0.32395,0.0593,0.06,
0.36,5,4,70,70,70,756,756,6255.13,225.1,745.1,478.66,23.54,0.086102,0.131183,0.106882,0.106531,0.011411,0.32647,0.0592,0.06,
0.36,5,5,70,70,70,815,815,5378.63,275.1,805.1,476.46,22.16,0.08121,0.138858,0.105804,0.103799,0.011769,0.32479,0.0593,0.06,
0.36,5,6,70,70,70,716,716,5854.1,191.6,705.9,462.73,22.64,0.080303,0.153934,0.108787,0.108531,0.014319,0.32913,0.0592,0.06,
0.36,5,7,70,70,70,670,670,6014.68,135,660.1,472.06,22.58,0.082896,0.141393,0.106651,0.105411,0.012812,0.326,0.0593,0.06,
0.36,5,8,70,70,70,735,735,5385.87,195.1,725.1,474.74,22,0.084001,0.134033,0.105506,0.105034,0.010904,0.32439,0.0592,0.06,
0.36,5,9,70,70,70,758,758,5800.41,150.1,745.1,471,22.45,0.081822,0.141933,0.105142,0.10344,0.012356,0.32372,0.0592,0.06,
0.36,5.5,0,70,70,70,874,874,5915.65,195.1,860.1,471.85,24.16,0.083597,0.134977,0.10769,0.106257,0.011245,0.32773,0.0594,0.06,
0.36,5.5,1,70,70,70,736,736,5453.07,220.1,725.1,438.82,22.29,0.083425,0.135776,0.105668,0.10257,0.012505,0.32451,0.0595,0.06,
0.36,5.5,2,70,70,70,899,899,5373.71,235.1,885.1,456.49,22.37,0.082842,0.145638,0.107957,0.108691,0.012755,0.328,0.0593,0.06,
0.36,5.5,3,70,70,70,793,793,5469.73,150.1,780.1,476.17,22.65,0.083982,0.136968,0.105159,0.102588,0.011969,0.32377,0.0593,0.06,
0.36,5.5,4,70,70,70,758,758,6255.13,225.1,747.1,488.88,23.83,0.083451,0.134918,0.107718,0.106167,0.011954,0.32771,0.0594,0.06,
0.36,5.5,5,70,70,70,820,820,5378.63,275.1,810.1,487.67,22.59,0.076514,0.138154,0.105985,0.103924,0.012272,0.32502,0.0594,0.06,
0.36,5.5,6,70,70,70,722,722,5854.1,191.8,711.5,470.67,22.77,0.075902,0.157172,0.10911,0.109336,0.014455,0.32961,0.0592,0.06,
0.36,5.5,7,70,70,70,701,701,6014.68,135.1,688.2,478.12,23.03,0.085223,0.143417,0.106956,0.104534,0.013096,0.32645,0.0593,0.06,
0.36,5.5,8,70,70,70,802,802,5385.87,195.1,790.1,489.39,22.65,0.078552,0.136461,0.105579,0.104583,0.011464,0.32446,0.0592,0.06,
0.36,5.5,9,70,70,70,763,763,5800.41,155.5,750.1,484.32,22.97,0.083002,0.148932,0.105232,0.103829,0.012528,0.32385,0.0593,0.06,
0.36,6,0,70,70,70,874,874,5915.65,195.1,860.1,484.45,24.4,0.086212,0.136409,0.107874,0.106324,0.011376,0.328,0.0594,0.06,
0.36,6,1,70,70,70,741,741,5453.07,220.1,730.1,445.53,22.17,0.081944,0.137178,0.105563,0.104328,0.012945,0.32432,0.0594,0.06,
0.36,6,2,70,70,70,904,904,5373.71,200.1,890.1,466.86,22.25,0.079862,0.14237,0.108141,0.109288,0.013177,0.32825,0.0594,0.06,
0.36,6,3,70,70,70,796,796,5469.73,150.1,784,487.62,22.35,0.082855,0.132841,0.104472,0.10299,0.012332,0.32268,0.0592,0.06,
0.36,6,4,70,70,70,761,761,6255.13,255.1,750.1,500.86,24.08,0.084397,0.13455,0.107291,0.107033,0.012581,0.327,0.0594,0.06,
0.36,6,5,70,70,70,825,825,5378.63,275.1,815.1,497.93,22.72,0.07951,0.147924,0.10626,0.102967,0.012915,0.32541,0.0593,0.06,
0.36,6,6,70,70,70,790,790,5854.1,191.8,780.1,488.24,23.14,0.077716,0.159729,0.109579,0.108521,0.01471,0.33029,0.0593,0.06,
0.36,6,7,70,70,70,708,708,6014.68,135.1,696.2,482.66,22.93,0.086615,0.145087,0.107896,0.103816,0.014023,0.32781,0.0594,0.06,
0.36,6,8,70,70,70,802,802,5385.87,195.1,790.1,497.26,22.66,0.080568,0.138353,0.105526,0.103958,0.011967,0.32434,0.0592,0.06,
0.36,6,9,70,70,70,763,763,5800.41,159.8,750.1,486.83,23.13,0.079691,0.149564,0.105007,0.103514,0.013443,0.32341,0.0592,0.06,
0.36,6.5,0,70,70,70,874,874,5915.65,153.5,860.1,485.42,24.49,0.088531,0.162091,0.108766,0.106277,0.013399,0.32921,0.0594,0.06,
0.36,6.5,1,70,70,70,741,741,5453.07,220.1,730.1,453.04,22.38,0.082393,0.13813,0.105736,0.104673,0.012846,0.32459,0.0595,0.06,
0.36,6.5,2,70,70,70,940,940,5373.71,200.1,930.1,477.5,22.56,0.081882,0.141117,0.107806,0.108181,0.013259,0.32773,0.0592,0.06,
0.36,6.5,3,70,70,70,798,798,5469.73,150.1,785.7,494.92,22.7,0.082548,0.137084,0.104084,0.102772,0.012747,0.32204,0.0592,0.06,
0.36,6.5,4,70,70,70,769,769,6255.13,255.1,759,510.33,24.4,0.081937,0.13671,0.107082,0.106225,0.013302,0.32662,0.0592,0.06,
0.36,6.5,5,70,70,70,841,841,5378.63,275.7,829,509.51,22.95,0.077171,0.148797,0.106005,0.1036,0.013224,0.32498,0.0592,0.06,
0.36,6.5,6,70,70,70,853,853,5854.1,191.9,840.1,494.28,23.35,0.074616,0.161721,0.110251,0.109773,0.015541,0.33123,0.0594,0.06,
0.36,6.5,7,70,70,70,763,763,6014.68,135.1,750.3,490.36,23.25,0.086135,0.146489,0.107261,0.104378,0.014205,0.32683,0.0593,0.06,
0.36,6.5,8,70,70,70,902,902,5385.87,195.1,890.1,504.81,22.76,0.081219,0.139809,0.105735,0.104155,0.012463,0.32462,0.0592,0.06,
0.36,6.5,9,70,70,70,763,763,5800.41,160.4,750.1,492.62,22.99,0.081282,0.151281,0.105232,0.10496,0.013697,0.32373,0.0593,0.06,
0.36,7,0,70,70,70,874,874,5915.65,192.9,860.1,497.84,25.12,0.089913,0.138945,0.107826,0.105791,0.011972,0.32789,0.0592,0.06,
0.36,7,1,70,70,70,746,746,5453.07,220.1,735.1,455.74,22.78,0.084406,0.138739,0.105868,0.103551,0.013244,0.32476,0.0595,0.06,
0.36,7,2,70,70,70,940,940,5373.71,178.9,930.1,484.62,22.82,0.078875,0.15096,0.108876,0.109708,0.013885,0.32931,0.0594,0.06,
0.36,7,3,70,70,70,803,803,5469.73,150.1,790.1,500.18,23.09,0.084363,0.140902,0.104153,0.102306,0.012916,0.32214,0.0592,0.06,
0.36,7,4,70,70,70,771,771,6255.13,255.1,760.1,517.61,24.52,0.082605,0.151436,0.107581,0.106718,0.013941,0.32733,0.0593,0.06,
0.36,7,5,70,70,70,843,843,5378.63,279.7,830.1,513.07,23.02,0.082769,0.149317,0.106042,0.102827,0.013851,0.32498,0.0591,0.06,
0.36,7,6,70,70,70,856,856,5854.1,191.9,844,509.84,23.59,0.07538,0.163199,0.110242,0.108119,0.015594,0.33122,0.0594,0.06,
0.36,7,7,70,70,70,770,770,6014.68,135.4,760.1,492.63,23.27,0.081269,0.147628,0.107203,0.103032,0.01508,0.32664,0.0592,0.06,
0.36,7,8,70,70,70,907,907,5385.87,195.1,895.1,515.98,23.37,0.083192,0.140918,0.105977,0.105004,0.012337,0.32501,0.0593,0.06,
0.36,7,9,70,70,70,794,794,5800.41,160.9,785.1,504.48,23.35,0.082496,0.152914,0.105623,0.104623,0.0143,0.32428,0.0594,0.06,
0.37,3,0,70,70,70,623,623,5915.65,214,610.1,396.68,22.7,0.083586,0.130982,0.107257,0.105686,0.009056,0.32722,0.0594,0.06,
0.37,3,1,70,70,70,683,683,5453.07,214.1,670.1,389.41,21.51,0.084802,0.128279,0.10527,0.104032,0.01016,0.32408,0.0595,0.06,
0.37,3,2,70,70,70,746,746,5373.71,85.1,735.1,389.18,21.01,0.079922,0.134218,0.107358,0.106394,0.01076,0.32725,0.0593,0.06,
0.37,3,3,70,70,70,673,673,5469.73,120.1,660.1,409.78,21.7,0.088044,0.13272,0.105052,0.103577,0.010426,0.32373,0.0593,0.06,
0.37,3,4,70,70,70,646,646,6255.13,190.5,635.2,423.74,22.94,0.084915,0.137063,0.106075,0.105455,0.01055,0.3253,0.0594,0.06,
0.37,3,5,70,70,70,630,630,5378.63,265.1,620.1,414.39,21.13,0.088535,0.135025,0.105223,0.103951,0.010354,0.324,0.0592,0.06,
0.37,3,6,70,70,70,586,586,5854.1,171.6,575.1,395.97,21.62,0.085374,0.143049,0.107632,0.106628,0.011837,0.32759,0.0593,0.06,
0.37,3,7,70,70,70,627,627,6014.68,135,615.1,402.58,21.67,0.086419,0.133626,0.106475,0.106497,0.011461,0.32585,0.0594,0.06,
0.37,3,8,70,70,70,611,611,5385.87,179.5,600.1,415.65,21.2,0.090255,0.134921,0.10665,0.106673,0.008988,0.32629,0.0595,0.06,
0.37,3,9,70,70,70,612,612,5800.41,143.8,600.1,406.35,21.44,0.082126,0.137013,0.10467,0.10302,0.010902,0.3231,0.0594,0.06,
0.37,3.5,0,70,70,70,628,628,5915.65,215.1,615.1,417.43,23.12,0.083793,0.134788,0.107316,0.107314,0.010375,0.32722,0.0594,0.06,
0.37,3.5,1,70,70,70,713,713,5453.07,218.9,700.1,406.01,21.75,0.083804,0.131137,0.104577,0.104506,0.010613,0.32297,0.0592,0.06,
0.37,3.5,2,70,70,70,751,751,5373.71,85.1,740.1,417.03,21.56,0.077329,0.137848,0.106735,0.106892,0.011015,0.32627,0.0592,0.06,
0.37,3.5,3,70,70,70,678,678,5469.73,154.4,665.1,432.62,21.94,0.086687,0.133158,0.10543,0.104066,0.010732,0.32429,0.0594,0.06,
0.37,3.5,4,70,70,70,717,717,6255.13,196.7,705.1,446.07,23.02,0.090592,0.135813,0.106807,0.105373,0.010749,0.32641,0.0594,0.06,
0.37,3.5,5,70,70,70,659,659,5378.63,270.1,649,439.45,21.49,0.08346,0.134491,0.106094,0.103916,0.01059,0.32533,0.0594,0.06,
0.37,3.5,6,70,70,70,670,670,5854.1,195.1,660.1,421.64,21.86,0.083317,0.149422,0.107935,0.107805,0.012568,0.32799,0.0594,0.06,
0.37,3.5,7,70,70,70,647,647,6014.68,135.1,635.1,432.67,22.05,0.083486,0.135062,0.10632,0.105177,0.011239,0.32563,0.0594,0.06,
0.37,3.5,8,70,70,70,730,730,5385.87,194.3,720.1,446.64,21.68,0.087307,0.134157,0.105337,0.104849,0.009903,0.32421,0.0593,0.06,
0.37,3.5,9,70,70,70,669,669,5800.41,146.9,655.1,430.64,21.7,0.086396,0.13903,0.104976,0.103321,0.010809,0.32359,0.0594,0.06,
0.37,4,0,70,70,70,839,839,5915.65,215.1,825.1,447.73,24.24,0.08123,0.136381,0.107974,0.106682,0.010559,0.32821,0.0595,0.06,
0.37,4,1,70,70,70,713,713,5453.07,220.1,700.1,421.56,22.29,0.079827,0.132223,0.105545,0.104482,0.011551,0.3244,0.0595,0.06,
0.37,4,2,70,70,70,751,751,5373.71,90.4,740.1,430.1,22,0.078547,0.140318,0.106281,0.105749,0.010739,0.3256,0.0591,0.06,
0.37,4,3,70,70,70,683,683,5469.73,155,670.1,452.62,22.57,0.081183,0.130763,0.104586,0.103332,0.010885,0.32297,0.0592,0.06,
0.37,4,4,70,70,70,751,751,6255.13,222.5,740.1,467.85,23.52,0.087698,0.130275,0.10662,0.10654,0.010287,0.32616,0.0593,0.06,
0.37,4,5,70,70,70,740,740,5378.63,271.4,731,462.63,22.19,0.088883,0.136815,0.106304,0.104398,0.011214,0.32561,0.0594,0.06,
0.37,4,6,70,70,70,681,681,5854.1,195.1,668.5,452.17,22.46,0.078172,0.151706,0.108834,0.107584,0.013543,0.32928,0.0594,0.06,
0.37,4,7,70,70,70,652,652,6014.68,135.1,640.1,458.06,22.53,0.083187,0.137365,0.106534,0.104442,0.012423,0.32586,0.0593,0.06,
0.37,4,8,70,70,70,735,735,5385.87,195.1,725.1,462.88,21.98,0.084526,0.132595,0.105316,0.104748,0.010265,0.32415,0.0592,0.06,
0.37,4,9,70,70,70,674,674,5800.41,149.1,660.1,453.88,22.27,0.082864,0.141359,0.104638,0.103608,0.011298,0.32302,0.0591,0.06,
0.37,4.5,0,70,70,70,869,869,5915.65,220.2,855.1,467.81,24.63,0.086706,0.134965,0.108175,0.106922,0.010464,0.32853,0.0596,0.06,
0.37,4.5,1,70,70,70,736,736,5453.07,224.2,725.1,433.61,22.48,0.083188,0.133369,0.105419,0.104585,0.011051,0.32425,0.0595,0.06,
0.37,4.5,2,70,70,70,756,756,5373.71,265.1,745.1,448.78,22.48,0.083961,0.142226,0.107547,0.108296,0.01059,0.32755,0.0594,0.06,
0.37,4.5,3,70,70,70,783,783,5469.73,154.9,770.1,467.7,22.97,0.084077,0.13058,0.105422,0.104256,0.010571,0.32429,0.0595,0.06,
0.37,4.5,4,70,70,70,756,756,6255.13,225.1,745.1,481.51,23.83,0.082996,0.132384,0.107467,0.107274,0.011896,0.32733,0.0594,0.06,
0.37,4.5,5,70,70,70,815,815,5378.63,275.1,805.1,480.85,22.66,0.080868,0.138087,0.105951,0.104001,0.01157,0.32503,0.0593,0.06,
0.37,4.5,6,70,70,70,721,721,5854.1,195.1,710.1,465.65,22.8,0.081058,0.153411,0.108752,0.108691,0.013979,0.32911,0.0593,0.06,
0.37,4.5,7,70,70,70,675,675,6014.68,135.1,665.1,478.06,23.16,0.083975,0.139362,0.106659,0.103191,0.012977,0.326,0.0592,0.06,
0.37,4.5,8,70,70,70,735,735,5385.87,195.1,725.1,473.1,22.4,0.086038,0.136911,0.10559,0.104375,0.010366,0.32457,0.0592,0.06,
0.37,4.5,9,70,70,70,732,732,5800.41,150.1,720.1,475.93,22.97,0.084037,0.141803,0.104911,0.102376,0.011904,0.3234,0.0593,0.06,
0.37,5,0,70,70,70,874,874,5915.65,221.4,860.1,487.95,24.98,0.084691,0.136529,0.106955,0.106745,0.011137,0.32661,0.0592,0.06,
0.37,5,1,70,70,70,736,736,5453.07,225.4,725.1,444.22,22.89,0.083858,0.134801,0.105716,0.10409,0.012229,0.32461,0.0595,0.06,
0.37,5,2,70,70,70,899,899,5373.71,265.1,885.1,471.33,22.88,0.081797,0.145075,0.107999,0.109228,0.012179,0.32812,0.0594,0.06,
0.37,5,3,70,70,70,793,793,5469.73,154.6,780.1,483.02,23.05,0.083787,0.136324,0.104818,0.102787,0.011185,0.32331,0.0593,0.06,
0.37,5,4,70,70,70,761,761,6255.13,255.1,750.1,496.45,24.17,0.085706,0.134404,0.107311,0.106559,0.012263,0.32706,0.0594,0.06,
0.37,5,5,70,70,70,838,838,5378.63,275.1,825.1,504.04,23.14,0.076222,0.138973,0.105723,0.102949,0.012023,0.32464,0.0592,0.06,
0.37,5,6,70,70,70,731,731,5854.1,195.1,720.1,477.32,23.26,0.077048,0.15613,0.109372,0.107812,0.014858,0.32997,0.0593,0.06,
0.37,5,7,70,70,70,681,681,6014.68,135.4,670.1,482.12,23.18,0.081413,0.141293,0.107583,0.104267,0.013321,0.32739,0.0595,0.06,
0.37,5,8,70,70,70,752,752,5385.87,195.5,740.1,488.99,22.69,0.079902,0.139744,0.106022,0.104943,0.011773,0.32512,0.0593,0.06,
0.37,5,9,70,70,70,763,763,5800.41,151.7,750.1,490.8,23.36,0.079434,0.146352,0.1048,0.103555,0.01274,0.32316,0.0592,0.06,
0.37,5.5,0,70,70,70,874,874,5915.65,222.1,860.1,504.01,25.21,0.087236,0.138118,0.107316,0.106274,0.011589,0.32713,0.0592,0.06,
0.37,5.5,1,70,70,70,741,741,5453.07,226.2,730.1,455.63,22.51,0.080962,0.136306,0.105605,0.104412,0.012401,0.32442,0.0595,0.06,
0.37,5.5,2,70,70,70,904,904,5373.71,264.3,890.1,489.55,23.06,0.080397,0.146755,0.10788,0.108061,0.012854,0.32788,0.0593,0.06,
0.37,5.5,3,70,70,70,798,798,5469.73,154,785.1,499.65,23.05,0.085409,0.13404,0.104532,0.104126,0.011165,0.32287,0.0593,0.06,
0.37,5.5,4,70,70,70,862,862,6255.13,255.8,850.1,511.64,24.9,0.08382,0.136113,0.107184,0.106336,0.012866,0.32682,0.0593,0.06,
0.37,5.5,5,70,70,70,838,838,5378.63,275.1,825.1,515.18,23.6,0.079768,0.140019,0.105823,0.103111,0.011774,0.32482,0.0592,0.06,
0.37,5.5,6,70,70,70,823,823,5854.1,195.1,810.1,500.62,23.92,0.073658,0.158647,0.10988,0.108847,0.014911,0.33073,0.0594,0.06,
0.37,5.5,7,70,70,70,709,709,6014.68,136,696.2,491.36,23.8,0.086779,0.14307,0.107755,0.10389,0.013675,0.32763,0.0594,0.06,
0.37,5.5,8,70,70,70,902,902,5385.87,196.3,890.1,507.2,23.42,0.082418,0.141254,0.105668,0.104399,0.012368,0.32453,0.0592,0.06,
0.37,5.5,9,70,70,70,794,794,5800.41,161,785.1,499.79,23.66,0.081656,0.149317,0.104957,0.103811,0.013195,0.32336,0.0593,0.06,
0.37,6,0,70,70,70,874,874,5915.65,222.4,860.1,509.29,25.07,0.08992,0.139605,0.107584,0.105709,0.011642,0.32755,0.0593,0.06,
0.37,6,1,70,70,70,746,746,5453.07,226.4,735.1,463.88,22.66,0.084382,0.137641,0.105829,0.104049,0.012761,0.32474,0.0595,0.06,
0.37,6,2,70,70,70,940,940,5373.71,262.3,930.1,499.1,23.07,0.079118,0.150779,0.107603,0.109088,0.01348,0.3274,0.0591,0.06,
0.37,6,3,70,70,70,803,803,5469.73,153.3,790.1,511.95,23.03,0.08413,0.139066,0.104181,0.102469,0.011671,0.32229,0.0592,0.06,
0.37,6,4,70,70,70,864,864,6255.13,256.2,852.2,522.99,25.08,0.082096,0.137004,0.107367,0.106728,0.013144,0.32707,0.0594,0.06,
0.37,6,5,70,70,70,843,843,5378.63,280,830.1,521.64,23.38,0.078695,0.143525,0.106333,0.103997,0.012354,0.32556,0.0593,0.06,
0.37,6,6,70,70,70,858,858,5854.1,195.1,845.1,507.89,24.11,0.076092,0.160952,0.109968,0.109209,0.015454,0.33081,0.0593,0.06,
0.37,6,7,70,70,70,768,768,6014.68,136.6,755.4,501.28,23.72,0.082211,0.144722,0.107353,0.103718,0.014137,0.32697,0.0592,0.06,
0.37,6,8,70,70,70,902,902,5385.87,196.8,890.1,518.07,23.49,0.077991,0.142682,0.105705,0.105187,0.012617,0.32456,0.0592,0.06,
0.37,6,9,70,70,70,794,794,5800.41,205.4,785.1,510.06,23.62,0.083567,0.156328,0.10538,0.103168,0.014085,0.32393,0.0594,0.06,
0.37,6.5,0,70,70,70,919,919,5915.65,195.1,905.1,522.71,25.57,0.081244,0.140999,0.107662,0.106732,0.012136,0.32762,0.0592,0.06,
0.37,6.5,1,70,70,70,746,746,5453.07,226.3,735.1,471.12,22.94,0.081627,0.138813,0.105721,0.103859,0.012897,0.32456,0.0594,0.06,
0.37,6.5,2,70,70,70,940,940,5373.71,260.6,930.1,508.8,23.28,0.081281,0.148451,0.107473,0.106926,0.013123,0.32724,0.0591,0.06,
0.37,6.5,3,70,70,70,823,823,5469.73,152.5,815.1,527.79,23.68,0.08485,0.131413,0.103435,0.101108,0.01145,0.32114,0.0592,0.06,
0.37,6.5,4,70,70,70,867,867,6255.13,256.6,855.1,530.72,24.9,0.079549,0.137295,0.107223,0.105557,0.01401,0.32677,0.0593,0.06,
0.37,6.5,5,70,70,70,843,843,5378.63,280.1,830.1,532.39,23.77,0.078443,0.143937,0.106294,0.10425,0.012768,0.32546,0.0593,0.06,
0.37,6.5,6,70,70,70,858,858,5854.1,195.1,845.1,522.58,24.1,0.072054,0.163146,0.109361,0.107697,0.016202,0.32981,0.0592,0.06,
0.37,6.5,7,70,70,70,770,770,6014.68,137.2,760.1,503.02,23.7,0.083916,0.14634,0.107649,0.104372,0.014682,0.32737,0.0593,0.06,
0.37,6.5,8,70,70,70,907,907,5385.87,198.4,895.1,531.94,23.72,0.079647,0.143537,0.106017,0.106221,0.012473,0.32505,0.0593,0.06,
0.37,6.5,9,70,70,70,799,799,5800.41,205.2,790.1,512.48,23.63,0.079284,0.158704,0.104907,0.102683,0.014674,0.32314,0.0592,0.06,
0.37,7,0,70,70,70,966,966,5915.65,195.1,955.1,531.15,25.96,0.082715,0.142312,0.1077,0.105841,0.012364,0.32766,0.0592,0.06,
0.37,7,1,70,70,70,751,751,5453.07,225.9,740.1,479.32,23.03,0.077165,0.13991,0.105682,0.105175,0.013826,0.3244,0.0594,0.06,
0.37,7,2,70,70,70,945,945,5373.71,200.1,935.1,511.35,23.4,0.076572,0.145754,0.107447,0.106708,0.014545,0.32706,0.0589,0.06,
0.37,7,3,70,70,70,828,828,5469.73,150.1,820.1,541.13,23.84,0.084009,0.136196,0.103073,0.100524,0.012339,0.3205,0.059,0.06,
0.37,7,4,70,70,70,867,867,6255.13,256.7,855.1,542.44,25.35,0.07884,0.13857,0.107427,0.106123,0.014787,0.327,0.0593,0.06,
0.37,7,5,70,70,70,930,930,5378.63,280.1,920.1,539.94,23.93,0.079683,0.145652,0.106403,0.103826,0.013311,0.32558,0.0593,0.06,
0.37,7,6,70,70,70,858,858,5854.1,195.1,845.1,527.85,24.3,0.073971,0.165218,0.109569,0.107848,0.016582,0.33009,0.0593,0.06,
0.37,7,7,70,70,70,770,770,6014.68,137.8,760.1,507.82,23.95,0.084813,0.147834,0.107521,0.102754,0.014899,0.32716,0.0592,0.06,
0.37,7,8,70,70,70,947,947,5385.87,196.5,935.1,550.36,24,0.074568,0.145661,0.105872,0.105108,0.013581,0.32472,0.0592,0.06,
0.37,7,9,70,70,70,799,799,5800.41,205.1,790.1,513.46,24,0.081133,0.15932,0.105891,0.104246,0.01484,0.32465,0.0594,0.06,
0.38,3,0,70,70,70,628,628,5915.65,215.1,615.1,413.67,23.03,0.081865,0.13335,0.107016,0.106407,0.010682,0.32673,0.0593,0.06,
0.38,3,1,70,70,70,688,688,5453.07,217.6,675.1,401.65,21.68,0.082181,0.130182,0.10474,0.105594,0.010488,0.32324,0.0593,0.06,
0.38,3,2,70,70,70,746,746,5373.71,85.1,735.1,406.23,21.27,0.075796,0.139842,0.107039,0.107563,0.01014,0.3268,0.0593,0.06,
0.38,3,3,70,70,70,676,676,5469.73,155.1,663.7,427.88,21.44,0.086372,0.131208,0.104921,0.105414,0.009922,0.32356,0.0593,0.06,
0.38,3,4,70,70,70,717,717,6255.13,195.1,705.1,442.85,23.15,0.088708,0.128721,0.105813,0.106588,0.010221,0.32492,0.0591,0.06,
0.38,3,5,70,70,70,656,656,5378.63,265.1,645.1,429.22,21.4,0.086925,0.130487,0.106158,0.104917,0.009662,0.32549,0.0594,0.06,
0.38,3,6,70,70,70,594,594,5854.1,219.4,583.5,413.33,21.66,0.08056,0.147595,0.107519,0.106684,0.012744,0.32734,0.0593,0.06,
0.38,3,7,70,70,70,632,632,6014.68,136,620.1,421.81,21.89,0.085514,0.134081,0.106125,0.105506,0.010994,0.32534,0.0593,0.06,
0.38,3,8,70,70,70,616,616,5385.87,193.5,605.1,430.37,21.33,0.084632,0.132754,0.105818,0.104329,0.009564,0.32497,0.0594,0.06,
0.38,3,9,70,70,70,669,669,5800.41,146.7,655.1,419.14,21.54,0.08624,0.137615,0.105062,0.104215,0.010016,0.32378,0.0594,0.06,
0.38,3.5,0,70,70,70,743,743,5915.65,219.6,730.1,439.48,24.41,0.08722,0.135221,0.107435,0.106465,0.010924,0.32736,0.0594,0.06,
0.38,3.5,1,70,70,70,713,713,5453.07,220.9,700.1,420.51,22.68,0.079495,0.131256,0.105401,0.102933,0.011262,0.3242,0.0594,0.06,
0.38,3.5,2,70,70,70,751,751,5373.71,85.1,740.1,427.44,22.53,0.081164,0.142023,0.106492,0.108146,0.010959,0.3259,0.0592,0.06,
0.38,3.5,3,70,70,70,683,683,5469.73,155.1,670.1,451.21,23.06,0.080856,0.128265,0.10489,0.104619,0.010448,0.32347,0.0593,0.06,
0.38,3.5,4,70,70,70,751,751,6255.13,204.7,740.1,462.01,24.75,0.088309,0.139662,0.106438,0.105846,0.010724,0.32585,0.0593,0.06,
0.38,3.5,5,70,70,70,740,740,5378.63,270.1,730.1,456.37,23.22,0.087523,0.134926,0.106022,0.104629,0.010315,0.32524,0.0594,0.06,
0.38,3.5,6,70,70,70,675,675,5854.1,235.2,665.1,446.77,23.62,0.078129,0.14534,0.108352,0.10757,0.012915,0.32859,0.0594,0.06,
0.38,3.5,7,70,70,70,647,647,6014.68,136.4,635.1,457.35,23.73,0.086388,0.134933,0.10622,0.104428,0.011876,0.32542,0.0592,0.06,
0.38,3.5,8,70,70,70,733,733,5385.87,195.1,723.2,462.82,23.11,0.081851,0.132463,0.105718,0.104245,0.010142,0.32478,0.0593,0.06,
0.38,3.5,9,70,70,70,669,669,5800.41,149.3,655.1,453.25,23.18,0.084974,0.140328,0.105111,0.103694,0.010864,0.32379,0.0593,0.06,
0.38,4,0,70,70,70,869,869,5915.65,222.4,855.1,474.55,25.85,0.086564,0.134196,0.107677,0.106332,0.010418,0.32777,0.0594,0.06,
0.38,4,1,70,70,70,736,736,5453.07,225.5,725.1,436.05,23.79,0.083309,0.132604,0.105452,0.104097,0.011095,0.32429,0.0595,0.06,
0.38,4,2,70,70,70,756,756,5373.71,265.1,745.1,452.46,23.5,0.078767,0.144718,0.107159,0.108017,0.01115,0.32691,0.0593,0.06,
0.38,4,3,70,70,70,783,783,5469.73,155.1,770.1,472.12,23.85,0.084922,0.128887,0.105151,0.103878,0.010088,0.32391,0.0594,0.06,
0.38,4,4,70,70,70,756,756,6255.13,225.2,745.1,480.77,24.89,0.083014,0.133721,0.10691,0.107066,0.011715,0.32649,0.0594,0.06,
0.38,4,5,70,70,70,833,833,5378.63,275.1,820.1,495,23.66,0.079594,0.135196,0.105554,0.103873,0.010876,0.32447,0.0593,0.06,
0.38,4,6,70,70,70,721,721,5854.1,243.9,710.8,467.47,23.73,0.081791,0.14963,0.10866,0.108314,0.012918,0.32906,0.0594,0.06,
0.38,4,7,70,70,70,675,675,6014.68,136.8,665.1,473.81,23.99,0.084057,0.13819,0.106336,0.104583,0.012428,0.32555,0.0591,0.06,
0.38,4,8,70,70,70,747,747,5385.87,196.3,735.1,474.66,23.2,0.087836,0.137029,0.105737,0.104013,0.010829,0.32476,0.0592,0.06,
0.38,4,9,70,70,70,727,727,5800.41,150.1,715.5,476.62,23.69,0.08412,0.141501,0.105167,0.103093,0.012039,0.32378,0.0593,0.06,
0.38,4.5,0,70,70,70,874,874,5915.65,225.1,860.1,498.2,25.92,0.08649,0.133646,0.106845,0.105724,0.010466,0.32649,0.0592,0.06,
0.38,4.5,1,70,70,70,736,736,5453.07,229.9,725.1,444.8,23.52,0.083911,0.13579,0.105518,0.103677,0.012027,0.32432,0.0595,0.06,
0.38,4.5,2,70,70,70,899,899,5373.71,265.1,885.1,477.03,23.95,0.079764,0.148956,0.107731,0.10854,0.012137,0.32771,0.0593,0.06,
0.38,4.5,3,70,70,70,791,791,5469.73,155.1,778.2,488.05,24.06,0.085442,0.135551,0.105176,0.10301,0.010542,0.32391,0.0594,0.06,
0.38,4.5,4,70,70,70,862,862,6255.13,257.3,850.1,504.62,24.58,0.086175,0.137604,0.106644,0.106342,0.012297,0.32604,0.0592,0.06,
0.38,4.5,5,70,70,70,838,838,5378.63,275.1,825.1,514.12,23.41,0.074681,0.138152,0.105357,0.102807,0.011623,0.32411,0.0592,0.06,
0.38,4.5,6,70,70,70,731,731,5854.1,244.4,720.1,482.9,23.48,0.077731,0.153071,0.109414,0.108722,0.014188,0.3301,0.0595,0.06,
0.38,4.5,7,70,70,70,681,681,6014.68,137.4,670.1,492.15,23.44,0.082316,0.13691,0.106709,0.104196,0.012238,0.32615,0.0593,0.06,
0.38,4.5,8,70,70,70,752,752,5385.87,200.1,740.1,491.91,22.93,0.080524,0.133131,0.105646,0.104894,0.011216,0.32458,0.0592,0.06,
0.38,4.5,9,70,70,70,763,763,5800.41,152.7,750.1,486.71,23.34,0.083921,0.146357,0.105649,0.104207,0.012973,0.32445,0.0594,0.06,
0.38,5,0,70,70,70,874,874,5915.65,225.1,860.1,521.5,25.83,0.086795,0.135332,0.106572,0.105592,0.010689,0.32605,0.0591,0.06,
0.38,5,1,70,70,70,741,741,5453.07,230.1,730.1,467.08,22.95,0.079237,0.136616,0.105626,0.104768,0.011849,0.3245,0.0595,0.06,
0.38,5,2,70,70,70,904,904,5373.71,265.1,890.1,498.18,23.36,0.082263,0.15121,0.10742,0.108152,0.012762,0.32719,0.0591,0.06,
0.38,5,3,70,70,70,798,798,5469.73,155.1,785.1,504.62,23.19,0.08463,0.134228,0.10466,0.103738,0.010936,0.32309,0.0592,0.06,
0.38,5,4,70,70,70,862,862,6255.13,260.1,850.1,523.45,25.36,0.082794,0.140463,0.107262,0.106377,0.0127,0.32695,0.0594,0.06,
0.38,5,5,70,70,70,838,838,5378.63,276.4,825.5,528.97,24.03,0.079354,0.14098,0.105978,0.103971,0.011406,0.32509,0.0592,0.06,
0.38,5,6,70,70,70,823,823,5854.1,244.9,810.1,507.17,24.29,0.074342,0.15579,0.109126,0.108282,0.014252,0.32965,0.0593,0.06,
0.38,5,7,70,70,70,705,705,6014.68,138.1,695.7,498.18,23.92,0.08479,0.138618,0.106965,0.103366,0.013334,0.32644,0.0592,0.06,
0.38,5,8,70,70,70,902,902,5385.87,200.1,890.1,511.37,23.69,0.083718,0.136232,0.105465,0.103968,0.011409,0.32429,0.0592,0.06,
0.38,5,9,70,70,70,794,794,5800.41,156.2,785.1,510.75,23.92,0.081863,0.149741,0.104929,0.103377,0.013292,0.32331,0.0593,0.06,
0.38,5.5,0,70,70,70,919,919,5915.65,225.1,905.1,537.18,25.84,0.082063,0.136942,0.107419,0.105573,0.011029,0.32733,0.0593,0.06,
0.38,5.5,1,70,70,70,746,746,5453.07,230.3,735.1,475.1,23.12,0.08528,0.138764,0.105559,0.103437,0.012337,0.32436,0.0594,0.06,
0.38,5.5,2,70,70,70,938,938,5373.71,265.1,928.7,516.11,23.84,0.080561,0.153412,0.107241,0.107513,0.013088,0.32689,0.059,0.06,
0.38,5.5,3,70,70,70,828,828,5469.73,155.1,820.1,523.75,23.77,0.085292,0.140768,0.104023,0.101933,0.011548,0.32205,0.0592,0.06,
0.38,5.5,4,70,70,70,864,864,6255.13,260.1,852.2,533.5,25.4,0.080285,0.142289,0.107444,0.106585,0.013563,0.32715,0.0594,0.06,
0.38,5.5,5,70,70,70,843,843,5378.63,280.1,830.1,537.21,23.94,0.07814,0.14203,0.106132,0.103813,0.012674,0.32521,0.0592,0.06,
0.38,5.5,6,70,70,70,858,858,5854.1,245.1,845.1,520.75,24.41,0.077157,0.158015,0.108855,0.106926,0.015108,0.32916,0.0593,0.06,
0.38,5.5,7,70,70,70,770,770,6014.68,140.1,760.1,509.48,24.27,0.083952,0.140104,0.106509,0.104265,0.013536,0.32572,0.0591,0.06,
0.38,5.5,8,70,70,70,902,902,5385.87,200.1,890.1,523.01,23.64,0.079618,0.138624,0.105738,0.10588,0.012066,0.32466,0.0593,0.06,
0.38,5.5,9,70,70,70,799,799,5800.41,207.5,790.1,519.1,24.03,0.079734,0.152741,0.10446,0.102426,0.014762,0.32243,0.0591,0.06,
0.38,6,0,70,70,70,966,966,5915.65,225.1,955.1,544.86,26.84,0.081616,0.137998,0.107401,0.106269,0.011076,0.3273,0.0593,0.06,
0.38,6,1,70,70,70,751,751,5453.07,230.7,740.1,485.64,23.9,0.078249,0.140259,0.105117,0.104136,0.01309,0.3236,0.0593,0.06,
0.38,6,2,70,70,70,940,940,5373.71,265.1,930.1,532.87,24.7,0.077186,0.155041,0.107561,0.107724,0.01327,0.32737,0.0591,0.06,
0.38,6,3,70,70,70,828,828,5469.73,155.1,820.1,541.14,24.87,0.084961,0.134934,0.103176,0.101742,0.011253,0.32075,0.0591,0.06,
0.38,6,4,70,70,70,867,867,6255.13,260.1,855.1,541.54,26.04,0.081494,0.143252,0.107074,0.105318,0.013842,0.32656,0.0592,0.06,
0.38,6,5,70,70,70,843,843,5378.63,280.1,830.1,548.08,24.55,0.080743,0.139687,0.1065,0.104452,0.012766,0.32578,0.0593,0.06,
0.38,6,6,70,70,70,858,858,5854.1,245.1,845.1,531.51,25.13,0.073248,0.159718,0.108727,0.108113,0.014878,0.32898,0.0593,0.06,
0.38,6,7,70,70,70,823,823,6014.68,140.1,810.6,513.73,24.6,0.084751,0.14156,0.107404,0.104442,0.013807,0.32707,0.0594,0.06,
0.38,6,8,70,70,70,907,907,5385.87,200.1,895.1,550.58,24.65,0.074787,0.140245,0.105642,0.104683,0.012451,0.32447,0.0593,0.06,
0.38,6,9,70,70,70,799,799,5800.41,210,790.1,526.23,24.69,0.081459,0.154892,0.104874,0.102593,0.014628,0.3231,0.0592,0.06,
0.38,6.5,0,70,70,70,966,966,5915.65,225.1,955.1,550.67,26.65,0.085396,0.135954,0.107343,0.106822,0.010707,0.32724,0.0593,0.06,
0.38,6.5,1,70,70,70,833,833,5453.07,230.6,820.1,496.11,23.88,0.079866,0.141461,0.105574,0.104125,0.013511,0.32427,0.0594,0.06,
0.38,6.5,2,70,70,70,945,945,5373.71,265.1,935.1,534.93,24.35,0.079236,0.15511,0.108217,0.108846,0.013413,0.32835,0.0593,0.06,
0.38,6.5,3,70,70,70,828,828,5469.73,154.9,820.1,544.93,24.53,0.085487,0.138295,0.103657,0.102036,0.012529,0.32139,0.0592,0.06,
0.38,6.5,4,70,70,70,867,867,6255.13,260.1,855.1,551.77,25.8,0.082158,0.143585,0.107236,0.106204,0.014301,0.32676,0.0592,0.06,
0.38,6.5,5,70,70,70,930,930,5378.63,283.1,920.1,557.23,24.65,0.082211,0.143081,0.106028,0.102118,0.013342,0.32501,0.0591,0.06,
0.38,6.5,6,70,70,70,858,858,5854.1,245.1,845.1,542.39,25.19,0.074917,0.161075,0.108971,0.108847,0.014826,0.32936,0.0594,0.06,
0.38,6.5,7,70,70,70,828,828,6014.68,140.1,815.1,526.21,25.01,0.08461,0.139833,0.107141,0.103762,0.013921,0.32666,0.0593,0.06,
0.38,6.5,8,70,70,70,947,947,5385.87,200.1,935.1,563.35,24.85,0.076726,0.141553,0.1056,0.105023,0.013008,0.32436,0.0592,0.06,
0.38,6.5,9,69,70,139,1080,,11592.3,215.1,825.1,536.25,33.1,0.083242,0.156857,0.105323,0.104041,0.014969,0.32376,0.0594,0.06,
0.38,7,0,70,70,70,966,966,5915.65,225.1,955.1,560.26,26.75,0.082324,0.139893,0.106741,0.106274,0.01172,0.32624,0.0592,0.06,
0.38,7,1,70,70,70,833,833,5453.07,230.1,820.1,505.46,24.23,0.080495,0.1425,0.105717,0.102781,0.013249,0.32452,0.0595,0.06,
0.38,7,2,70,70,70,960,960,5373.71,264.3,950.1,542.47,24.47,0.080794,0.152911,0.108257,0.108635,0.013866,0.32837,0.0593,0.06,
0.38,7,3,70,70,70,838,838,5469.73,154,825.1,555.15,24.66,0.084449,0.140811,0.103669,0.100685,0.012501,0.32142,0.0591,0.06,
0.38,7,4,70,70,70,867,867,6255.13,260.1,855.1,560.24,26.14,0.076804,0.143379,0.107244,0.105578,0.014893,0.32671,0.0592,0.06,
0.38,7,5,70,70,70,991,991,5378.63,338.2,980.1,583.33,25.07,0.082074,0.146096,0.105916,0.101771,0.013833,0.3248,0.0591,0.06,
0.38,7,6,70,70,70,863,863,5854.1,245.1,850.1,552.48,25.31,0.074266,0.166729,0.108762,0.108281,0.015202,0.32901,0.0593,0.06,
0.38,7,7,70,70,70,828,828,6014.68,140.1,815.1,526.72,24.79,0.083666,0.148579,0.107549,0.10569,0.014983,0.32718,0.0592,0.06,
0.38,7,8,70,70,70,947,947,5385.87,200.1,935.1,567.47,24.75,0.078364,0.142788,0.105643,0.104053,0.013145,0.32442,0.0592,0.06,
0.38,7,9,69,70,139,1080,,11592.3,207.9,825.1,542.85,33.58,0.081925,0.162023,0.105438,0.102507,0.015338,0.3239,0.0594,0.06,
0.39,3,0,70,70,70,663,663,5915.65,220.1,650.1,433.62,23.59,0.083904,0.133782,0.106545,0.105845,0.009725,0.32608,0.0592,0.06,
0.39,3,1,70,70,70,693,693,5453.07,220.1,680.1,414.13,21.87,0.085654,0.128517,0.105203,0.103784,0.010743,0.32394,0.0594,0.06,
0.39,3,2,70,70,70,751,751,5373.71,87.1,740.1,418.29,21.66,0.078952,0.140314,0.106528,0.106358,0.010754,0.32597,0.0591,0.06,
0.39,3,3,70,70,70,678,678,5469.73,155.1,665.1,440.57,21.69,0.089199,0.128252,0.104812,0.103179,0.009955,0.32339,0.0592,0.06,
0.39,3,4,70,70,70,717,717,6255.13,201.4,705.1,455.2,22.88,0.08641,0.138077,0.106503,0.105666,0.010784,0.32594,0.0593,0.06,
0.39,3,5,70,70,70,661,661,5378.63,270.1,650.1,451.61,21.56,0.084773,0.134119,0.10625,0.103998,0.010497,0.32558,0.0594,0.06,
0.39,3,6,70,70,70,643,643,5854.1,235.1,630.1,427.69,21.69,0.084553,0.134428,0.107328,0.107186,0.011536,0.32714,0.0593,0.06,
0.39,3,7,70,70,70,642,642,6014.68,140.1,630.1,437.13,21.82,0.084675,0.129394,0.10598,0.105018,0.010861,0.32512,0.0593,0.06,
0.39,3,8,70,70,70,730,730,5385.87,195.1,720.1,450.63,21.42,0.08341,0.129965,0.105557,0.104842,0.009795,0.32455,0.0593,0.06,
0.39,3,9,70,70,70,669,669,5800.41,149.2,655.1,439.19,22.57,0.08478,0.138736,0.104738,0.102962,0.010615,0.32323,0.0592,0.06,
0.39,3.5,0,70,70,70,869,869,5915.65,220.3,855.1,462.28,24.5,0.083572,0.132901,0.107816,0.106364,0.010447,0.32798,0.0594,0.06,
0.39,3.5,1,70,70,70,731,731,5453.07,225.5,720.1,437.61,22.66,0.082902,0.131686,0.105265,0.103952,0.0107,0.32404,0.0594,0.06,
0.39,3.5,2,70,70,70,756,756,5373.71,86.9,745.1,439.42,22.49,0.079936,0.142922,0.106694,0.106789,0.01087,0.32622,0.0592,0.06,
0.39,3.5,3,70,70,70,684,684,5469.73,155.1,675.1,469.01,22.86,0.084493,0.133242,0.104887,0.102788,0.010182,0.32349,0.0593,0.06,
0.39,3.5,4,70,70,70,756,756,6255.13,225.4,745.1,480.54,23.88,0.087494,0.130596,0.106871,0.106569,0.010823,0.3265,0.0594,0.06,
0.39,3.5,5,70,70,70,833,833,5378.63,275.1,820.1,485.58,22.59,0.077096,0.131048,0.105957,0.10357,0.010883,0.32509,0.0594,0.06,
0.39,3.5,6,70,70,70,721,721,5854.1,245.1,710.1,464.33,22.67,0.081889,0.147347,0.108584,0.107308,0.012484,0.32899,0.0594,0.06,
0.39,3.5,7,70,70,70,670,670,6014.68,140.1,660.1,472.83,22.85,0.082913,0.134044,0.106425,0.104397,0.011948,0.32573,0.0592,0.06,
0.39,3.5,8,70,70,70,735,735,5385.87,198.8,725.1,474.91,21.93,0.084167,0.135028,0.105438,0.103511,0.010405,0.32433,0.0592,0.06,
0.39,3.5,9,70,70,70,677,677,5800.41,150.1,665.1,472.48,23.26,0.084335,0.140905,0.104932,0.102487,0.011397,0.32347,0.0593,0.06,
0.39,4,0,70,70,70,874,874,5915.65,225.1,860.1,506.38,24.88,0.086064,0.133084,0.106852,0.106688,0.010127,0.32652,0.0592,0.06,
0.39,4,1,70,70,70,736,736,5453.07,230.1,725.1,451.49,22.39,0.082386,0.134043,0.105515,0.104193,0.01106,0.3244,0.0595,0.06,
0.39,4,2,70,70,70,899,899,5373.71,90.2,885.1,477.08,22.51,0.080857,0.142259,0.107382,0.108617,0.011163,0.32725,0.0593,0.06,
0.39,4,3,70,70,70,783,783,5469.73,155.1,770.1,487.75,23.4,0.085483,0.134083,0.105098,0.104577,0.010656,0.32378,0.0593,0.06,
0.39,4,4,70,70,70,824,824,6255.13,259.7,810.1,507.29,24.4,0.086636,0.139474,0.106622,0.10605,0.011938,0.32603,0.0593,0.06,
0.39,4,5,70,70,70,838,838,5378.63,275.1,825.1,515.17,23.14,0.082557,0.135429,0.106154,0.103742,0.011025,0.32539,0.0594,0.06,
0.39,4,6,70,70,70,823,823,5854.1,246,810.1,488.25,23.49,0.077851,0.144353,0.108878,0.1086,0.01326,0.32936,0.0593,0.06,
0.39,4,7,70,70,70,685,685,6014.68,140.1,674.7,497.02,23.36,0.08131,0.136015,0.106155,0.103112,0.011945,0.32532,0.0592,0.06,
0.39,4,8,70,70,70,752,752,5385.87,200.1,740.1,491.74,22.66,0.080431,0.134736,0.105467,0.105155,0.010859,0.32433,0.0592,0.06,
0.39,4,9,70,70,70,763,763,5800.41,153.2,750.1,492.48,23.59,0.082638,0.1457,0.105305,0.104591,0.012538,0.32395,0.0593,0.06,
0.39,4.5,0,70,70,70,919,919,5915.65,225.1,905.1,529.12,25.41,0.084181,0.134595,0.106362,0.104542,0.010855,0.32572,0.0591,0.06,
0.39,4.5,1,70,70,70,741,741,5453.07,232.3,730.1,473.04,22.67,0.087596,0.137358,0.105203,0.104224,0.011564,0.32388,0.0594,0.06,
0.39,4.5,2,70,70,70,904,904,5373.71,295.1,890.1,505.72,22.86,0.083014,0.145292,0.107896,0.108659,0.011978,0.32798,0.0593,0.06,
0.39,4.5,3,70,70,70,798,798,5469.73,155.1,785.1,509.11,23.84,0.085382,0.133304,0.10438,0.102866,0.010323,0.3227,0.0592,0.06,
0.39,4.5,4,70,70,70,862,862,6255.13,260.1,850.1,527.98,24.91,0.084293,0.14364,0.107,0.106519,0.012662,0.32655,0.0593,0.06,
0.39,4.5,5,70,70,70,838,838,5378.63,276.6,825.1,532.81,23.59,0.077648,0.140534,0.10597,0.10322,0.011313,0.32508,0.0592,0.06,
0.39,4.5,6,70,70,70,823,823,5854.1,280.1,810.1,510.66,23.75,0.074612,0.152682,0.109085,0.108098,0.01415,0.32959,0.0593,0.06,
0.39,4.5,7,70,70,70,686,686,6014.68,140.1,675.1,503.53,23.61,0.081692,0.136065,0.106765,0.104906,0.012671,0.32619,0.0593,0.06,
0.39,4.5,8,70,70,70,752,752,5385.87,200.1,740.1,514.19,22.92,0.084264,0.135922,0.105833,0.105245,0.010945,0.32489,0.0593,0.06,
0.39,4.5,9,70,70,70,797,797,5800.41,156.3,788.8,509.22,23.96,0.084006,0.148696,0.105514,0.103027,0.01281,0.32426,0.0594,0.06,
0.39,5,0,70,70,70,919,919,5915.65,225.1,905.1,544.69,25.7,0.083104,0.1358,0.107037,0.105439,0.010463,0.32679,0.0593,0.06,
0.39,5,1,70,70,70,746,746,5453.07,235.1,735.1,484.05,22.67,0.082936,0.13439,0.105339,0.103885,0.011781,0.32407,0.0594,0.06,
0.39,5,2,70,70,70,935,935,5373.71,295.1,925.1,525.04,23.24,0.081365,0.147008,0.107386,0.108621,0.01269,0.32714,0.0592,0.06,
0.39,5,3,70,70,70,828,828,5469.73,155.1,820.1,529.82,24.28,0.082808,0.131594,0.103988,0.102535,0.011139,0.32202,0.0592,0.06,
0.39,5,4,70,70,70,862,862,6255.13,264.1,850.1,545.48,25.23,0.081959,0.146683,0.107404,0.106585,0.013448,0.3271,0.0593,0.06,
0.39,5,5,70,70,70,843,843,5378.63,280.1,830.1,539.19,23.86,0.077259,0.137714,0.106173,0.102435,0.012619,0.32529,0.0592,0.06,
0.39,5,6,70,70,70,858,858,5854.1,285.1,845.1,526.16,24.16,0.07777,0.154641,0.108535,0.106942,0.014615,0.32872,0.0592,0.06,
0.39,5,7,70,70,70,823,823,6014.68,140.2,810.1,515.05,24.01,0.08486,0.136157,0.106766,0.104721,0.012754,0.32619,0.0592,0.06,
0.39,5,8,70,70,70,902,902,5385.87,200.1,890.1,537.14,23.45,0.080751,0.138935,0.105375,0.105562,0.011892,0.32411,0.0592,0.06,
0.39,5,9,70,70,70,799,799,5800.41,209.5,790.1,526.47,24.43,0.081188,0.149767,0.104984,0.102203,0.013827,0.32334,0.0592,0.06,
0.39,5.5,0,70,70,70,966,966,5915.65,225.1,955.1,554.94,26.03,0.08336,0.13793,0.106609,0.107238,0.010657,0.32612,0.0592,0.06,
0.39,5.5,1,70,70,70,833,833,5453.07,235.1,820.1,500.92,23.41,0.079156,0.136169,0.1055,0.104707,0.013108,0.32419,0.0593,0.06,
0.39,5.5,2,70,70,70,940,940,5373.71,265.5,930.1,536.94,23.55,0.078792,0.15215,0.107544,0.107335,0.012802,0.32738,0.0592,0.06,
0.39,5.5,3,70,70,70,832,832,5469.73,155.1,824.9,542.97,24.65,0.084827,0.137372,0.103232,0.100902,0.012041,0.32078,0.059,0.06,
0.39,5.5,4,70,70,70,867,867,6255.13,265.1,855.1,549.66,25.39,0.083626,0.148631,0.106631,0.104824,0.013639,0.3259,0.0591,0.06,
0.39,5.5,5,70,70,70,930,930,5378.63,280.7,920.1,555.38,23.96,0.082783,0.142291,0.106323,0.103243,0.01231,0.32555,0.0592,0.06,
0.39,5.5,6,70,70,70,858,858,5854.1,285.1,845.1,539.64,24.39,0.074037,0.156119,0.108705,0.107703,0.01465,0.32897,0.0593,0.06,
0.39,5.5,7,70,70,70,828,828,6014.68,144.2,815.1,523.91,24.09,0.085777,0.138796,0.1075,0.105339,0.013181,0.32727,0.0595,0.06,
0.39,5.5,8,70,70,70,937,937,5385.87,200.1,925.1,566.44,24.01,0.07607,0.141299,0.105642,0.105121,0.012089,0.3245,0.0593,0.06,
0.39,5.5,9,69,70,139,1080,,11592.3,215.1,825.1,533.64,32.55,0.083328,0.152654,0.105278,0.10455,0.014013,0.32378,0.0593,0.06,
0.39,6,0,70,70,70,966,966,5915.65,225.1,955.1,569.48,26.25,0.083627,0.139509,0.106275,0.10487,0.011669,0.32553,0.0592,0.06,
0.39,6,1,70,70,70,855,855,5453.07,235.1,845.1,508.83,23.49,0.082181,0.137358,0.105683,0.1029,0.013505,0.32445,0.0593,0.06,
0.39,6,2,70,70,70,965,965,5373.71,265.1,955.1,542.63,23.45,0.081292,0.153589,0.10812,0.10823,0.013576,0.32819,0.0593,0.06,
0.39,6,3,70,70,70,841,841,5469.73,155.1,830.6,555.99,24.65,0.086567,0.139561,0.104101,0.102293,0.012582,0.32208,0.0592,0.06,
0.39,6,4,70,70,70,947,947,6255.13,265.1,935.1,571.03,25.5,0.079078,0.149668,0.106999,0.105901,0.014558,0.32637,0.0592,0.06,
0.39,6,5,70,70,70,930,930,5378.63,335.1,920.1,576.47,24.26,0.082317,0.145409,0.106252,0.102844,0.012709,0.32541,0.0592,0.06,
0.39,6,6,70,70,70,863,863,5854.1,285.6,850.1,551.55,24.25,0.074162,0.161865,0.109704,0.107694,0.015397,0.33042,0.0595,0.06,
0.39,6,7,70,70,70,828,828,6014.68,144.8,815.1,533.58,23.93,0.083956,0.141545,0.105992,0.105868,0.013128,0.32496,0.059,0.06,
0.39,6,8,70,70,70,942,942,5385.87,200.1,930.1,571.43,24.09,0.078474,0.14312,0.106001,0.104694,0.012984,0.32498,0.0593,0.06,
0.39,6,9,69,70,139,1080,,11592.3,215.1,830.1,542.76,33.61,0.083461,0.154998,0.105644,0.101924,0.014704,0.32428,0.0594,0.06,
0.39,6.5,0,70,70,70,979,979,5915.65,225.1,965.1,582.65,26.86,0.083493,0.140938,0.106069,0.104726,0.011804,0.3252,0.0592,0.06,
0.39,6.5,1,70,70,70,918,918,5453.07,235.1,907.6,521.03,24.2,0.083236,0.138111,0.10562,0.103576,0.013122,0.32439,0.0594,0.06,
0.39,6.5,2,69,70,139,1080,,10746.9,265.1,955.1,549.35,32.62,0.085878,0.152978,0.108233,0.106991,0.013332,0.32839,0.0591,0.06,
0.39,6.5,3,70,70,70,843,843,5469.73,155.1,835.1,568.94,25.2,0.080354,0.135955,0.1032,0.100646,0.011633,0.32076,0.0591,0.06,
0.39,6.5,4,70,70,70,952,952,6255.13,265.1,940.1,584.69,26.37,0.080012,0.150043,0.107285,0.106985,0.01519,0.32675,0.0593,0.06,
0.39,6.5,5,70,70,70,991,991,5378.63,340.1,980.1,595.39,25.33,0.0824,0.135301,0.106242,0.102913,0.012447,0.32541,0.0591,0.06,
0.39,6.5,6,70,70,70,863,863,5854.1,290.1,850.1,562.67,25.28,0.082116,0.155566,0.109006,0.106942,0.014744,0.32943,0.0593,0.06,
0.39,6.5,7,70,70,70,828,828,6014.68,145.1,815.1,539.52,24.8,0.083481,0.143997,0.10698,0.105998,0.013732,0.32643,0.0593,0.06,
0.39,6.5,8,70,70,70,947,947,5385.87,200.1,935.1,580.6,24.51,0.077188,0.144584,0.10587,0.104182,0.013384,0.32474,0.0593,0.06,
0.39,6.5,9,69,70,139,1080,,11592.3,216.3,830.1,551.03,33.99,0.081013,0.156929,0.105707,0.103526,0.015312,0.32432,0.0594,0.06,
0.39,7,0,69,70,139,1080,,11825.7,225.1,965.1,592.48,35.75,0.082596,0.142608,0.106323,0.104078,0.012751,0.32551,0.0592,0.06,
0.39,7,1,70,70,70,921,921,5453.07,235.1,910.1,536.15,24.6,0.081181,0.138531,0.105603,0.103909,0.01376,0.3243,0.0593,0.06,
0.39,7,2,69,70,139,1080,,10746.9,265.1,955.1,559.38,32.58,0.082522,0.160715,0.108846,0.108823,0.013921,0.32927,0.0592,0.06,
0.39,7,3,70,70,70,843,843,5469.73,155.1,835.1,583.37,25.23,0.080836,0.137245,0.102508,0.101795,0.011776,0.31966,0.0589,0.06,
0.39,7,4,70,70,70,957,957,6255.13,265.1,945.1,593.5,26.31,0.080596,0.14985,0.107987,0.107378,0.015353,0.32781,0.0593,0.06,
0.39,7,5,70,70,70,996,996,5378.63,340.1,985.1,600.65,25.24,0.082241,0.137586,0.106686,0.10411,0.012886,0.32606,0.0592,0.06,
0.39,7,6,70,70,70,863,863,5854.1,290.1,850.1,575.26,25.43,0.079671,0.160277,0.109288,0.107778,0.01518,0.32983,0.0593,0.06,
0.39,7,7,70,70,70,828,828,6014.68,160,815.1,552.76,24.82,0.068416,0.145182,0.106591,0.105435,0.014509,0.32574,0.0591,0.06,
0.39,7,8,70,70,70,947,947,5385.87,200.1,935.1,589.91,24.97,0.076713,0.145716,0.105733,0.103462,0.013824,0.32449,0.0592,0.06,
0.39,7,9,69,70,139,1080,,11592.3,217.6,970.1,569.75,33.13,0.07766,0.160393,0.105241,0.104275,0.016307,0.32348,0.0593,0.06,
0.4,3,0,70,70,70,743,743,5915.65,220.7,730.1,446.07,24.33,0.087111,0.132966,0.10777,0.106787,0.009897,0.32795,0.0595,0.06,
0.4,3,1,70,70,70,713,713,5453.07,224.3,700.1,427.71,22.66,0.081025,0.130463,0.104946,0.105493,0.010801,0.32353,0.0593,0.06,
0.4,3,2,70,70,70,751,751,5373.71,91,740.1,430.23,22.5,0.082137,0.138722,0.106859,0.107587,0.01025,0.32652,0.0593,0.06,
0.4,3,3,70,70,70,679,679,5469.73,155.1,670.1,460.31,23.18,0.082193,0.127885,0.104376,0.103124,0.009661,0.32273,0.0592,0.06,
0.4,3,4,70,70,70,751,751,6255.13,207.2,740.1,468.36,24.31,0.089793,0.127889,0.106715,0.105861,0.010493,0.32629,0.0594,0.06,
0.4,3,5,70,70,70,815,815,5378.63,270.1,805.1,471.35,23.01,0.085669,0.13382,0.105934,0.104202,0.010245,0.32511,0.0594,0.06,
0.4,3,6,70,70,70,675,675,5854.1,236.3,665.1,451.33,23.2,0.080714,0.141969,0.107783,0.107332,0.012106,0.3278,0.0593,0.06,
0.4,3,7,70,70,70,642,642,6014.68,144.6,630.1,462.81,22.99,0.087795,0.132723,0.106709,0.105372,0.010636,0.32627,0.0594,0.06,
0.4,3,8,70,70,70,730,730,5385.87,196,720.1,469.25,22.57,0.085007,0.134441,0.105706,0.104335,0.010427,0.32474,0.0593,0.06,
0.4,3,9,70,70,70,669,669,5800.41,150.1,655.1,458.99,22.96,0.085366,0.139501,0.105564,0.103038,0.011033,0.32448,0.0594,0.06,
0.4,3.5,0,70,70,70,874,874,5915.65,225.1,860.1,492.92,24.63,0.087567,0.131964,0.107114,0.106373,0.009162,0.32699,0.0594,0.06,
0.4,3.5,1,70,70,70,736,736,5453.07,230.1,725.1,447.73,22.64,0.084331,0.132724,0.105108,0.104162,0.010795,0.32379,0.0593,0.06,
0.4,3.5,2,70,70,70,756,756,5373.71,90.6,745.1,463.73,22.6,0.085014,0.141133,0.106889,0.107083,0.010702,0.32654,0.0593,0.06,
0.4,3.5,3,70,70,70,689,689,5469.73,155.1,680.1,475.55,22.79,0.084473,0.130221,0.104941,0.105472,0.009961,0.32359,0.0593,0.06,
0.4,3.5,4,70,70,70,824,824,6255.13,260.1,810.1,503.77,24.37,0.085979,0.136008,0.106564,0.107021,0.011113,0.32601,0.0593,0.06,
0.4,3.5,5,70,70,70,833,833,5378.63,275.1,820.1,510.95,23.33,0.080256,0.136146,0.105856,0.103825,0.010696,0.32496,0.0593,0.06,
0.4,3.5,6,70,70,70,731,731,5854.1,275.1,720.1,482.38,23.08,0.077336,0.141781,0.109001,0.107779,0.012476,0.32962,0.0594,0.06,
0.4,3.5,7,70,70,70,675,675,6014.68,144.9,665.1,491.22,23.29,0.086583,0.134997,0.106144,0.103809,0.011236,0.32535,0.0592,0.06,
0.4,3.5,8,70,70,70,749,749,5385.87,200.1,737.9,485.12,22.2,0.08775,0.133572,0.105526,0.10499,0.010359,0.32447,0.0592,0.06,
0.4,3.5,9,70,70,70,687,687,5800.41,153.1,675.1,487.88,23.35,0.082942,0.144299,0.105308,0.104186,0.011871,0.32402,0.0593,0.06,
0.4,4,0,70,70,70,919,919,5915.65,225.1,905.1,528.08,25.26,0.087022,0.134904,0.10614,0.105306,0.010234,0.32543,0.059,0.06,
0.4,4,1,70,70,70,738,738,5453.07,235.1,727.6,475.87,23.13,0.085868,0.133014,0.105323,0.10445,0.011579,0.32406,0.0593,0.06,
0.4,4,2,70,70,70,904,904,5373.71,295.1,890.1,507.55,23.49,0.080097,0.153863,0.107479,0.108908,0.01252,0.3273,0.0592,0.06,
0.4,4,3,70,70,70,793,793,5469.73,155.1,780.6,506.53,23.58,0.085721,0.131105,0.104644,0.102899,0.009681,0.32315,0.0593,0.06,
0.4,4,4,70,70,70,862,862,6255.13,262.3,850.1,527.35,24.88,0.084782,0.144198,0.107346,0.105602,0.012419,0.32711,0.0594,0.06,
0.4,4,5,70,70,70,838,838,5378.63,276,825.1,527.51,23.51,0.07552,0.139505,0.106108,0.10348,0.011339,0.32529,0.0593,0.06,
0.4,4,6,70,70,70,823,823,5854.1,280.1,810.1,507.04,23.67,0.080137,0.151215,0.108744,0.108196,0.013384,0.32915,0.0593,0.06,
0.4,4,7,70,70,70,823,823,6014.68,145.1,810.1,506.01,23.74,0.084874,0.134933,0.10641,0.104438,0.011999,0.3257,0.0593,0.06,
0.4,4,8,70,70,70,752,752,5385.87,200.1,740.1,504.11,22.53,0.083732,0.137344,0.105831,0.105903,0.010768,0.3249,0.0593,0.06,
0.4,4,9,70,70,70,797,797,5800.41,156.3,789,513.9,24.31,0.086315,0.147583,0.104811,0.102489,0.012673,0.32318,0.0592,0.06,
0.4,4.5,0,70,70,70,919,919,5915.65,225.1,905.1,552.87,26.02,0.086563,0.138519,0.106585,0.105595,0.010395,0.3261,0.0593,0.06,
0.4,4.5,1,70,70,70,743,743,5453.07,239.2,732.9,489.97,23.82,0.079863,0.135675,0.105917,0.10396,0.012437,0.3249,0.0594,0.06,
0.4,4.5,2,70,70,70,935,935,5373.71,299.8,925.1,528.09,24.36,0.081429,0.155965,0.107642,0.10945,0.013116,0.3275,0.0592,0.06,
0.4,4.5,3,70,70,70,830,830,5469.73,155.1,822.6,530.01,24.37,0.084066,0.128288,0.104279,0.103044,0.010516,0.32252,0.0593,0.06,
0.4,4.5,4,70,70,70,942,942,6255.13,265.1,930.1,553.38,25.93,0.083127,0.134326,0.107329,0.10689,0.012725,0.32704,0.0593,0.06,
0.4,4.5,5,70,70,70,843,843,5378.63,280.1,830.1,543.51,24.3,0.080277,0.138517,0.106094,0.103632,0.012501,0.32518,0.0592,0.06,
0.4,4.5,6,70,70,70,858,858,5854.1,280.1,845.1,532.27,24.76,0.077962,0.154481,0.108445,0.107299,0.013872,0.32866,0.0593,0.06,
0.4,4.5,7,70,70,70,823,823,6014.68,145.1,810.1,516.26,24.4,0.08477,0.138284,0.106665,0.103661,0.012584,0.32605,0.0592,0.06,
0.4,4.5,8,70,70,70,902,902,5385.87,204.3,890.1,544.15,24.28,0.08129,0.138273,0.105194,0.104025,0.011573,0.32386,0.0592,0.06,
0.4,4.5,9,70,70,70,1000,1000,5800.41,212.6,987.4,536.17,24.54,0.082084,0.151283,0.105078,0.103614,0.013898,0.32348,0.0593,0.06,
0.4,5,0,70,70,70,966,966,5915.65,226,955.1,568.74,26.37,0.086888,0.140608,0.106573,0.106384,0.010672,0.32607,0.0593,0.06,
0.4,5,1,70,70,70,833,833,5453.07,240.1,820.1,506.02,24.07,0.082111,0.136795,0.105414,0.104469,0.013323,0.32404,0.0593,0.06,
0.4,5,2,70,70,70,962,962,5373.71,300.1,952.6,543,24.41,0.079866,0.160266,0.107467,0.107963,0.013189,0.32723,0.0592,0.06,
0.4,5,3,70,70,70,843,843,5469.73,155.1,835.1,548.29,24.62,0.084435,0.137327,0.1033,0.101789,0.011731,0.32091,0.059,0.06,
0.4,5,4,70,70,70,942,942,6255.13,265.1,930.1,563.49,25.78,0.079986,0.134566,0.10667,0.105247,0.013302,0.32598,0.0591,0.06,
0.4,5,5,70,70,70,930,930,5378.63,281.2,920.1,559.2,24.39,0.079021,0.142987,0.106219,0.102599,0.012868,0.32534,0.0591,0.06,
0.4,5,6,70,70,70,858,858,5854.1,285.1,845.1,547.77,24.88,0.074441,0.157041,0.108486,0.107761,0.014443,0.32866,0.0593,0.06,
0.4,5,7,70,70,70,828,828,6014.68,145.6,815.1,525.34,24.45,0.086108,0.139943,0.107092,0.106684,0.013019,0.32666,0.0593,0.06,
0.4,5,8,70,70,70,937,937,5385.87,205.1,925.1,575.21,24.47,0.076745,0.13525,0.105107,0.102868,0.012312,0.32366,0.0591,0.06,
0.4,5,9,69,70,139,1080,,11592.3,215.4,825.1,538.1,32.38,0.083912,0.153848,0.105536,0.105624,0.013757,0.32421,0.0594,0.06,
0.4,5.5,0,70,70,70,979,979,5915.65,226.5,965.1,593.86,26.72,0.08435,0.142302,0.105642,0.103232,0.01148,0.32457,0.0592,0.06,
0.4,5.5,1,70,70,70,850,850,5453.07,240.1,840.1,517.99,23.85,0.083,0.138315,0.105697,0.103238,0.013111,0.32451,0.0594,0.06,
0.4,5.5,2,70,70,70,965,965,5373.71,300.1,955.1,551.07,24.47,0.082639,0.163633,0.108068,0.107346,0.013436,0.32814,0.0593,0.06,
0.4,5.5,3,70,70,70,844,844,5469.73,155.1,836.3,558.65,24.64,0.085649,0.133152,0.103905,0.102101,0.011396,0.32187,0.0592,0.06,
0.4,5.5,4,70,70,70,947,947,6255.13,265.1,935.1,584.62,26.03,0.081624,0.13644,0.106693,0.105388,0.013637,0.32599,0.0592,0.06,
0.4,5.5,5,70,70,70,935,935,5378.63,335.1,925.1,587.4,24.78,0.083324,0.139984,0.106014,0.102884,0.012914,0.32502,0.0591,0.06,
0.4,5.5,6,70,70,70,863,863,5854.1,288,850.1,554.93,24.84,0.075329,0.150848,0.109181,0.107703,0.015089,0.32966,0.0594,0.06,
0.4,5.5,7,70,70,70,828,828,6014.68,146.1,815.1,541.66,24.59,0.085176,0.141452,0.106563,0.103536,0.012446,0.3259,0.0593,0.06,
0.4,5.5,8,70,70,70,942,942,5385.87,205.1,930.1,583.52,24.61,0.07972,0.137595,0.105468,0.102993,0.012864,0.32417,0.0592,0.06,
0.4,5.5,9,69,70,139,1080,,11592.3,217.1,830.1,556.28,33.16,0.083859,0.156089,0.105435,0.103999,0.014229,0.32401,0.0594,0.06,
0.4,6,0,69,70,139,1080,,11825.7,226.6,965.1,593.75,35.43,0.084753,0.143944,0.105574,0.104099,0.011701,0.32445,0.0591,0.06,
0.4,6,1,70,70,70,921,921,5453.07,240.1,910.1,529.55,24.63,0.083115,0.139283,0.10575,0.104822,0.012908,0.3246,0.0594,0.06,
0.4,6,2,69,70,139,1080,,10746.9,302.1,955.1,562.28,32.51,0.085513,0.154503,0.107803,0.107535,0.012751,0.32779,0.0591,0.06,
0.4,6,3,70,70,70,848,848,5469.73,155.1,840.1,577.35,25.34,0.082145,0.128126,0.103119,0.10174,0.010878,0.32069,0.0591,0.06,
0.4,6,4,70,70,70,952,952,6255.13,265.1,940.1,591.76,26.87,0.073248,0.138459,0.107275,0.10683,0.014452,0.3268,0.0593,0.06,
0.4,6,5,70,70,70,996,996,5378.63,340.1,985.1,604.88,25.82,0.083552,0.140281,0.107028,0.1046,0.01297,0.32658,0.0593,0.06,
0.4,6,6,70,70,70,863,863,5854.1,290.1,850.1,576.42,25.79,0.078994,0.15681,0.108312,0.106939,0.014218,0.32843,0.0591,0.06,
0.4,6,7,70,70,70,828,828,6014.68,146.6,815.1,550.09,25.24,0.08438,0.143022,0.106712,0.105152,0.01359,0.32603,0.0592,0.06,
0.4,6,8,70,70,70,947,947,5385.87,205.1,935.1,596.15,25.51,0.076561,0.139724,0.105554,0.102388,0.013295,0.32426,0.0592,0.06,
0.4,6,9,69,70,139,1080,,11592.3,219,900.1,573.09,33.45,0.08005,0.158248,0.104707,0.102484,0.014697,0.32283,0.0592,0.06,
0.4,6.5,0,69,70,139,1080,,11825.7,226.7,965.1,605.54,35.6,0.081551,0.145354,0.1062,0.105204,0.012805,0.32532,0.0592,0.06,
0.4,6.5,1,70,70,70,931,931,5453.07,239.5,920.1,543.15,24.88,0.08331,0.14166,0.105729,0.103988,0.013698,0.32449,0.0593,0.06,
0.4,6.5,2,69,70,139,1080,,10746.9,302.4,955.1,575.42,32.64,0.084049,0.153704,0.108217,0.107566,0.012709,0.32842,0.0592,0.06,
0.4,6.5,3,70,70,70,853,853,5469.73,155.1,845.1,596.38,25.59,0.083974,0.131154,0.103851,0.102097,0.011455,0.32178,0.0592,0.06,
0.4,6.5,4,70,70,70,963,963,6255.13,265.4,951.6,606.99,26.76,0.073854,0.155034,0.10725,0.106095,0.015383,0.32667,0.0591,0.06,
0.4,6.5,5,69,70,139,1080,,10745,340.1,986,611.2,33.4,0.08189,0.1409,0.107713,0.105204,0.013164,0.32761,0.0593,0.06,
0.4,6.5,6,70,70,70,900,900,5854.1,290.1,890.1,585.48,25.23,0.081465,0.163164,0.108627,0.108011,0.014671,0.32887,0.0591,0.06,
0.4,6.5,7,70,70,70,879,879,6014.68,156.7,865.1,567.32,24.75,0.071455,0.141112,0.10683,0.106375,0.014091,0.32615,0.0591,0.06,
0.4,6.5,8,70,70,70,947,947,5385.87,205.1,935.1,603.98,25.18,0.078586,0.141585,0.105213,0.102831,0.013562,0.32371,0.0591,0.06,
0.4,6.5,9,69,70,139,1080,,11592.3,220.1,970.1,589.66,34.01,0.079779,0.160249,0.104959,0.103081,0.015246,0.32317,0.0592,0.06,
0.4,7,0,69,70,139,1080,,11825.7,230.1,974.8,609.69,35.45,0.081985,0.142115,0.106314,0.1062,0.012678,0.3255,0.0592,0.06,
0.4,7,1,70,70,70,936,936,5453.07,235.1,925.1,551.71,24.29,0.080356,0.143868,0.105432,0.102324,0.014507,0.32395,0.0592,0.06,
0.4,7,2,69,70,139,1080,,10746.9,265.5,959,582.52,32.29,0.085308,0.15953,0.108598,0.107558,0.013149,0.32897,0.0593,0.06,
0.4,7,3,69,70,139,1080,,10901,155.1,845.1,602.22,32.13,0.079078,0.137084,0.104199,0.103401,0.01177,0.3223,0.0592,0.06,
0.4,7,4,69,70,139,1080,,12476.4,265.4,905.1,609.44,33.35,0.07427,0.156124,0.108,0.107844,0.015648,0.32779,0.0592,0.06,
0.4,7,5,68,70,138,1080,,10756.5,340.1,990.1,615.39,31.83,0.082087,0.143921,0.107907,0.105879,0.013528,0.32788,0.0593,0.06,
0.4,7,6,70,70,70,905,905,5854.1,290.1,895.1,604.11,25.95,0.075942,0.168207,0.10858,0.107972,0.015961,0.32866,0.059,0.06,
0.4,7,7,70,70,70,879,879,6014.68,176.1,865.1,580.17,25.83,0.058893,0.136585,0.106211,0.104966,0.015709,0.32501,0.059,0.06,
0.4,7,8,70,70,70,952,952,5385.87,205.1,940.1,606.42,25.79,0.07407,0.143338,0.105352,0.103537,0.013968,0.32389,0.0591,0.06,
0.4,7,9,69,70,139,1080,,11592.3,220.3,975.1,596.92,20.44,0.081315,0.162748,0.105421,0.10438,0.015223,0.32389,0.0594,0.06,
