I_U,T_INT,seed,nodes_measured,n_targets,total_assignments,sim_elapsed_s,total_survey_time_s,fleet_distance_m,conv_time_min_s,conv_time_max_s,conv_time_mean_s,wall_time_s,var_Ubar_min,var_Ubar_max,var_Ubar_mean,var_Ubar_median,var_Ubar_std,sigma_Ubar_mean,ci_rel_mean,ci_rel_max,error
0.25,3,0,70,70,70,239,239,5915.65,79.8,225.2,125.72,13.14,0.129226,0.252076,0.192178,0.190023,0.024496,0.43751,0.0787,0.08,
0.25,3,1,70,70,70,214,214,5453.07,79.8,202.5,128.04,12.22,0.128416,0.225526,0.185298,0.185466,0.019603,0.42986,0.079,0.08,
0.25,3,2,70,70,70,238,238,5373.71,79.8,228.9,125.97,12.09,0.096594,0.25356,0.186886,0.186592,0.027372,0.43111,0.0786,0.08,
0.25,3,3,70,70,70,241,241,5469.73,79.8,230.1,129.21,12.24,0.132961,0.244588,0.188082,0.185573,0.020793,0.43303,0.0792,0.08,
0.25,3,4,70,70,70,267,267,6255.13,79.8,257.5,135.52,13,0.142655,0.236356,0.188226,0.188009,0.019691,0.43326,0.079,0.08,
0.25,3,5,70,70,70,265,265,5378.63,79.8,254.5,134.04,12.07,0.152067,0.285994,0.190387,0.184862,0.023871,0.43554,0.0794,0.08,
0.25,3,6,70,70,70,239,239,5854.1,79.8,228.4,134.28,12.65,0.129954,0.247746,0.186494,0.186164,0.025757,0.43081,0.0784,0.08,
0.25,3,7,70,70,70,293,293,6014.68,79.8,280.1,130.85,12.68,0.114992,0.242391,0.186408,0.184798,0.024281,0.43081,0.0785,0.08,
0.25,3,8,70,70,70,226,226,5385.87,79.8,215.1,136.57,12.16,0.131714,0.260995,0.186945,0.183419,0.024213,0.43149,0.0793,0.08,
0.25,3,9,70,70,70,242,242,5800.41,79.8,231.9,133.25,12.6,0.132686,0.22442,0.187379,0.188402,0.018008,0.43237,0.0795,0.08,
0.25,3.5,0,70,70,70,341,341,5915.65,79.8,330.8,133.03,13.82,0.130888,0.259715,0.193072,0.189944,0.026134,0.43842,0.0787,0.08,
0.25,3.5,1,70,70,70,228,228,5453.07,79.8,217.6,133.51,12.84,0.135589,0.231751,0.185239,0.185777,0.019919,0.42978,0.0789,0.08,
0.25,3.5,2,70,70,70,285,285,5373.71,79.8,275.1,134.15,12.73,0.099317,0.248958,0.187015,0.186345,0.026741,0.43131,0.0787,0.08,
0.25,3.5,3,70,70,70,246,246,5469.73,79.8,235.1,133.99,12.86,0.142173,0.248071,0.187593,0.184907,0.021613,0.43242,0.0792,0.08,
0.25,3.5,4,70,70,70,275,275,6255.13,79.8,265.1,141.55,13.82,0.148791,0.233946,0.189702,0.190539,0.02055,0.43492,0.079,0.08,
0.25,3.5,5,70,70,70,271,271,5378.63,79.9,260.1,141.07,12.93,0.142785,0.278118,0.189501,0.184316,0.025639,0.43439,0.0791,0.08,
0.25,3.5,6,70,70,70,241,241,5854.1,79.8,230.5,141.8,13.2,0.133443,0.25263,0.187078,0.186012,0.026607,0.43143,0.0784,0.08,
0.25,3.5,7,70,70,70,298,298,6014.68,79.8,285.1,136.6,13.2,0.11451,0.247467,0.187088,0.188589,0.025871,0.43148,0.0785,0.08,
0.25,3.5,8,70,70,70,231,231,5385.87,79.8,221.8,142.78,12.62,0.132212,0.274837,0.185957,0.182019,0.025142,0.43029,0.0793,0.08,
0.25,3.5,9,70,70,70,281,281,5800.41,79.8,270.1,139.83,13,0.1353,0.231386,0.186358,0.184935,0.019418,0.43111,0.0793,0.08,
0.25,4,0,70,70,70,346,346,5915.65,79.8,335.1,139.87,14.54,0.132729,0.264066,0.191634,0.18764,0.025538,0.43682,0.0785,0.08,
0.25,4,1,70,70,70,235,235,5453.07,79.8,224.1,137.01,13.48,0.128959,0.253146,0.185179,0.185443,0.023121,0.4295,0.0786,0.08,
0.25,4,2,70,70,70,310,310,5373.71,79.8,300.1,140.3,13.38,0.102646,0.261682,0.18754,0.185787,0.027855,0.43184,0.0786,0.08,
0.25,4,3,70,70,70,261,261,5469.73,79.8,250.1,138.78,13.25,0.148847,0.251577,0.187937,0.184869,0.022554,0.43277,0.0792,0.08,
0.25,4,4,70,70,70,275,275,6255.13,79.8,265.1,144.84,14.11,0.147604,0.233952,0.189601,0.190872,0.02055,0.4348,0.079,0.08,
0.25,4,5,70,70,70,278,278,5378.63,80.1,265.1,144.33,13.16,0.145639,0.277431,0.189441,0.185821,0.024379,0.43439,0.0791,0.08,
0.25,4,6,70,70,70,246,246,5854.1,79.8,235.1,148.88,13.63,0.131478,0.270342,0.187522,0.184939,0.02687,0.43195,0.0784,0.08,
0.25,4,7,70,70,70,303,303,6014.68,79.8,290.1,142.66,13.64,0.114872,0.25127,0.184341,0.185636,0.026747,0.42821,0.0781,0.08,
0.25,4,8,70,70,70,245,245,5385.87,79.8,235.1,150.59,13.32,0.128099,0.27982,0.186802,0.183016,0.027433,0.43109,0.0794,0.08,
0.25,4,9,70,70,70,290,290,5800.41,79.8,279.1,147.21,13.6,0.142922,0.23024,0.186704,0.185793,0.020028,0.43148,0.0793,0.08,
0.25,4.5,0,70,70,70,346,346,5915.65,79.8,335.1,143.06,14.73,0.134806,0.272219,0.191182,0.188384,0.026257,0.43625,0.0784,0.08,
0.25,4.5,1,70,70,70,245,245,5453.07,79.8,235.1,140.86,13.5,0.125548,0.257701,0.184443,0.186258,0.024888,0.4285,0.0784,0.08,
0.25,4.5,2,70,70,70,316,316,5373.71,79.8,306.6,142.84,13.56,0.106362,0.261285,0.188104,0.18594,0.027462,0.43254,0.0788,0.08,
0.25,4.5,3,70,70,70,275,275,5469.73,79.8,264.8,141.46,13.54,0.131698,0.254329,0.186584,0.182244,0.023471,0.43113,0.0789,0.08,
0.25,4.5,4,70,70,70,335,335,6255.13,79.8,325.1,151.16,14.56,0.151609,0.235978,0.188636,0.191459,0.021363,0.43364,0.0788,0.08,
0.25,4.5,5,70,70,70,281,281,5378.63,80.1,270.1,150.94,13.49,0.137458,0.28319,0.188119,0.18342,0.02547,0.43279,0.0788,0.08,
0.25,4.5,6,70,70,70,249,249,5854.1,79.8,238.7,154.26,13.95,0.134374,0.26188,0.186884,0.185606,0.02591,0.43128,0.0785,0.08,
0.25,4.5,7,70,70,70,303,303,6014.68,79.8,290.1,145.54,14,0.115811,0.25479,0.18522,0.181677,0.026699,0.42925,0.0783,0.08,
0.25,4.5,8,70,70,70,249,249,5385.87,79.8,239.4,156.26,13.54,0.131544,0.244282,0.186037,0.184679,0.025336,0.43034,0.0793,0.08,
0.25,4.5,9,70,70,70,291,291,5800.41,79.8,280.1,149.36,13.81,0.140426,0.233695,0.186,0.186301,0.020832,0.43061,0.0791,0.08,
0.25,5,0,70,70,70,349,349,5915.65,79.8,338.5,147.23,15.03,0.139806,0.274407,0.190645,0.18897,0.027661,0.43553,0.0781,0.08,
0.25,5,1,70,70,70,250,250,5453.07,79.8,240.1,144.37,13.96,0.108625,0.261615,0.183785,0.185062,0.026969,0.42752,0.0783,0.08,
0.25,5,2,70,70,70,320,320,5373.71,79.8,310.1,146.55,13.67,0.110259,0.265127,0.187022,0.185798,0.028602,0.4312,0.0783,0.08,
0.25,5,3,70,70,70,284,284,5469.73,79.8,273.6,145.61,13.89,0.122629,0.257432,0.185191,0.184005,0.026136,0.42929,0.0786,0.08,
0.25,5,4,70,70,70,355,355,6255.13,79.8,345.1,154.29,14.75,0.093286,0.240561,0.189675,0.190965,0.024676,0.43454,0.0789,0.08,
0.25,5,5,70,70,70,286,286,5378.63,80.1,275.6,161.05,13.81,0.137627,0.290292,0.188156,0.184972,0.027511,0.43267,0.0787,0.08,
0.25,5,6,70,70,70,293,293,5854.1,79.8,280.1,158.38,14.25,0.1239,0.265598,0.185404,0.184517,0.028008,0.42937,0.0782,0.08,
0.25,5,7,70,70,70,308,308,6014.68,79.8,295.1,149.07,14.12,0.117196,0.254757,0.184628,0.181906,0.028565,0.42839,0.0782,0.08,
0.25,5,8,70,70,70,270,270,5385.87,79.8,261.2,164.67,13.85,0.137702,0.248961,0.186838,0.183939,0.025957,0.43123,0.0792,0.08,
0.25,5,9,70,70,70,291,291,5800.41,79.8,280.1,151.88,13.94,0.134725,0.233135,0.184328,0.184435,0.023099,0.4285,0.0788,0.08,
0.25,5.5,0,70,70,70,351,351,5915.65,79.8,340.1,149.3,15.25,0.133195,0.276572,0.188454,0.185478,0.02976,0.4328,0.0775,0.08,
0.25,5.5,1,70,70,70,251,251,5453.07,79.8,240.1,146.2,14.03,0.096533,0.264726,0.182726,0.184341,0.027598,0.42621,0.0782,0.08,
0.25,5.5,2,70,70,70,320,320,5373.71,79.8,310.1,151.86,13.92,0.114034,0.268742,0.185804,0.184131,0.02876,0.42978,0.0781,0.08,
0.25,5.5,3,70,70,70,303,303,5469.73,79.8,295.1,150.11,14.05,0.115807,0.260577,0.185066,0.181943,0.027834,0.429,0.0785,0.08,
0.25,5.5,4,70,70,70,355,355,6255.13,79.8,345.1,157.59,15.09,0.104872,0.235832,0.187826,0.19062,0.023395,0.43252,0.0786,0.08,
0.25,5.5,5,70,70,70,291,291,5378.63,80.1,280.1,165.78,14.02,0.137602,0.291626,0.187246,0.182318,0.028454,0.43154,0.0785,0.08,
0.25,5.5,6,70,70,70,297,297,5854.1,79.8,284.9,161.27,14.59,0.122319,0.240295,0.184128,0.184123,0.027994,0.42786,0.078,0.08,
0.25,5.5,7,70,70,70,308,308,6014.68,79.8,295.1,152.8,14.48,0.118944,0.258658,0.183469,0.181672,0.028005,0.4271,0.0781,0.08,
0.25,5.5,8,70,70,70,274,274,5385.87,83.1,265.6,170.23,14.07,0.141052,0.252372,0.183962,0.178971,0.027096,0.42779,0.0787,0.08,
0.25,5.5,9,70,70,70,296,296,5800.41,79.8,285.1,154.01,14.25,0.133616,0.235337,0.18308,0.182952,0.023496,0.42701,0.0785,0.08,
0.25,6,0,70,70,70,351,351,5915.65,79.8,340.1,154.87,15.87,0.113907,0.26232,0.186707,0.184722,0.030938,0.43061,0.0771,0.08,
0.25,6,1,70,70,70,281,281,5453.07,79.8,270.1,148.57,14.56,0.096003,0.267434,0.180557,0.179795,0.028782,0.42356,0.0778,0.08,
0.25,6,2,70,70,70,320,320,5373.71,79.8,310.8,154,14.3,0.117456,0.261399,0.184079,0.183465,0.027372,0.42788,0.0778,0.08,
0.25,6,3,70,70,70,303,303,5469.73,79.8,295.1,152.57,14.39,0.113037,0.263323,0.184735,0.183774,0.029242,0.42849,0.0784,0.08,
0.25,6,4,70,70,70,360,360,6255.13,79.8,350.1,160.86,15.46,0.113543,0.2363,0.187114,0.189242,0.024671,0.43161,0.0784,0.08,
0.25,6,5,70,70,70,295,295,5378.63,80.2,284.4,169,14.47,0.111782,0.291751,0.18404,0.179673,0.029906,0.42764,0.0779,0.08,
0.25,6,6,70,70,70,298,298,5854.1,79.8,285.1,163.06,14.9,0.11684,0.246721,0.181784,0.181207,0.030758,0.42483,0.0773,0.08,
0.25,6,7,70,70,70,308,308,6014.68,79.8,295.9,154.92,14.84,0.120924,0.261292,0.183226,0.181818,0.028218,0.4268,0.0781,0.08,
0.25,6,8,70,70,70,282,282,5385.87,83.8,270.2,168.94,14.45,0.13623,0.253914,0.185512,0.181493,0.027492,0.42957,0.0789,0.08,
0.25,6,9,70,70,70,296,296,5800.41,79.8,285.1,155.25,14.59,0.13684,0.243331,0.182397,0.180441,0.025731,0.42604,0.0784,0.08,
0.25,6.5,0,70,70,70,351,351,5915.65,79.8,340.1,157.58,15.82,0.111472,0.271453,0.187579,0.184443,0.032946,0.43143,0.0773,0.08,
0.25,6.5,1,70,70,70,281,281,5453.07,79.8,270.1,151.3,14.56,0.093127,0.2707,0.177858,0.179784,0.028993,0.42034,0.0772,0.08,
0.25,6.5,2,70,70,70,323,323,5373.71,79.8,313.6,156.1,14.28,0.120573,0.26486,0.185544,0.183438,0.02878,0.42948,0.0781,0.08,
0.25,6.5,3,70,70,70,338,338,5469.73,79.8,325.1,156.28,14.66,0.106364,0.262399,0.182766,0.175778,0.030947,0.426,0.078,0.08,
0.25,6.5,4,70,70,70,360,360,6255.13,79.8,350.1,164.36,15.58,0.122934,0.236686,0.186533,0.186059,0.023906,0.43101,0.0782,0.08,
0.25,6.5,5,70,70,70,299,299,5378.63,80.2,288.5,169.29,14.56,0.121011,0.290992,0.184164,0.179799,0.031292,0.42768,0.0778,0.08,
0.25,6.5,6,70,70,70,307,307,5854.1,79.8,295.1,166.78,15.01,0.100903,0.258457,0.182266,0.180538,0.034231,0.42503,0.0772,0.08,
0.25,6.5,7,70,70,70,313,313,6014.68,79.8,300.1,157.07,14.87,0.123099,0.2666,0.183439,0.183006,0.030049,0.4269,0.078,0.08,
0.25,6.5,8,70,70,70,336,336,5385.87,82.4,325.1,173.57,14.63,0.128922,0.252499,0.183102,0.181605,0.027069,0.42676,0.0785,0.08,
0.25,6.5,9,70,70,70,296,296,5800.41,79.8,285.1,156.33,14.73,0.131338,0.240904,0.181854,0.179648,0.026641,0.42532,0.0783,0.08,
0.25,7,0,70,70,70,351,351,5915.65,79.8,340.1,160.45,15.85,0.112309,0.26312,0.185516,0.184696,0.032891,0.42898,0.077,0.08,
0.25,7,1,70,70,70,281,281,5453.07,79.8,270.1,154.59,14.59,0.092052,0.272793,0.174671,0.174842,0.031071,0.41631,0.0764,0.08,
0.25,7,2,70,70,70,325,325,5373.71,79.8,315.1,158.62,14.66,0.123429,0.269102,0.186563,0.183522,0.033253,0.43025,0.0781,0.08,
0.25,7,3,70,70,70,379,379,5469.73,79.8,365.1,166.28,14.7,0.096273,0.261069,0.180766,0.176316,0.032806,0.42343,0.0774,0.08,
0.25,7,4,70,70,70,364,364,6255.13,79.8,354.4,166.6,15.62,0.112574,0.23864,0.184916,0.184828,0.025672,0.42897,0.0778,0.08,
0.25,7,5,70,70,70,322,322,5378.63,80.3,310.1,173.81,14.68,0.131468,0.313697,0.184766,0.179013,0.033113,0.42825,0.0777,0.08,
0.25,7,6,70,70,70,307,307,5854.1,79.8,295.1,168.92,15.11,0.108905,0.262391,0.181442,0.179406,0.035787,0.42389,0.0769,0.08,
0.25,7,7,70,70,70,313,313,6014.68,79.8,300.1,161.07,15.02,0.125582,0.249167,0.180918,0.178986,0.02927,0.42397,0.0774,0.08,
0.25,7,8,70,70,70,349,349,5385.87,81.9,339.7,176.47,14.61,0.127881,0.254992,0.182116,0.180542,0.027992,0.42552,0.0783,0.08,
0.25,7,9,70,70,70,296,296,5800.41,79.8,285.1,158.91,14.9,0.115367,0.241867,0.17871,0.179357,0.025882,0.42162,0.0776,0.08,
0.26,3,0,70,70,70,341,341,5915.65,79.8,330.1,135.13,15.18,0.135072,0.262935,0.193502,0.190473,0.024268,0.43905,0.079,0.08,
0.26,3,1,70,70,70,229,229,5453.07,79.8,218.3,133.08,14.4,0.133742,0.235493,0.186649,0.185306,0.020367,0.43139,0.0791,0.08,
0.26,3,2,70,70,70,285,285,5373.71,79.8,275.1,136.07,14.09,0.100618,0.253711,0.18702,0.186763,0.026305,0.43137,0.0788,0.08,
0.26,3,3,70,70,70,246,246,5469.73,79.8,235.1,135.75,14.28,0.138375,0.24195,0.187567,0.185141,0.021092,0.43242,0.0792,0.08,
0.26,3,4,70,70,70,270,270,6255.13,79.8,260.1,141.52,15.17,0.146612,0.232479,0.189236,0.19157,0.01994,0.43441,0.0791,0.08,
0.26,3,5,70,70,70,268,268,5378.63,80.1,255.6,142.24,14.19,0.147383,0.269024,0.189483,0.185869,0.023421,0.43451,0.0792,0.08,
0.26,3,6,70,70,70,241,241,5854.1,79.8,230.3,141.17,14.65,0.12171,0.257679,0.188618,0.187626,0.026818,0.43319,0.0787,0.08,
0.26,3,7,70,70,70,298,298,6014.68,79.8,285.1,137.06,14.6,0.12209,0.247672,0.187286,0.18835,0.024436,0.43183,0.0786,0.08,
0.26,3,8,70,70,70,230,230,5385.87,79.8,220.7,144.51,14.2,0.136408,0.230974,0.186501,0.183993,0.02253,0.43109,0.0795,0.08,
0.26,3,9,70,70,70,281,281,5800.41,79.8,270.1,142.23,14.57,0.136123,0.230278,0.186799,0.187081,0.019126,0.43164,0.0794,0.08,
0.26,3.5,0,70,70,70,346,346,5915.65,79.8,335.1,141.6,15.76,0.136833,0.262273,0.193393,0.190414,0.025407,0.43885,0.0788,0.08,
0.26,3.5,1,70,70,70,237,237,5453.07,79.8,227,138.62,14.43,0.141145,0.237699,0.185168,0.186715,0.021055,0.42963,0.0787,0.08,
0.26,3.5,2,70,70,70,311,311,5373.71,79.8,301.2,143.11,14.55,0.103431,0.26041,0.187338,0.185522,0.027629,0.43163,0.0786,0.08,
0.26,3.5,3,70,70,70,261,261,5469.73,79.8,250.1,141.82,14.53,0.148092,0.252485,0.189636,0.185435,0.022584,0.43473,0.0796,0.08,
0.26,3.5,4,70,70,70,275,275,6255.13,79.8,265.1,147.84,15.32,0.145416,0.231536,0.190765,0.190477,0.019937,0.43618,0.0793,0.08,
0.26,3.5,5,70,70,70,277,277,5378.63,80.2,265.1,147.94,14.26,0.141586,0.271696,0.190596,0.184946,0.024058,0.43575,0.0793,0.08,
0.26,3.5,6,70,70,70,247,247,5854.1,79.8,236.1,151.3,14.88,0.131594,0.26455,0.187228,0.184757,0.025741,0.43169,0.0785,0.08,
0.26,3.5,7,70,70,70,303,303,6014.68,79.8,290.1,143.8,14.76,0.1214,0.240016,0.185721,0.186084,0.025039,0.42996,0.0784,0.08,
0.26,3.5,8,70,70,70,245,245,5385.87,79.8,235.1,153.77,14.34,0.126693,0.241909,0.185994,0.183508,0.025245,0.4303,0.0792,0.08,
0.26,3.5,9,70,70,70,288,288,5800.41,79.8,277.5,148.89,14.74,0.133848,0.230585,0.187341,0.185893,0.019992,0.43222,0.0794,0.08,
0.26,4,0,70,70,70,346,346,5915.65,79.8,335.1,145.04,15.68,0.13874,0.271257,0.193056,0.19118,0.025896,0.43842,0.0786,0.08,
0.26,4,1,70,70,70,245,245,5453.07,79.8,235.1,143.28,14.49,0.130818,0.258391,0.18504,0.185407,0.023592,0.42931,0.0786,0.08,
0.26,4,2,70,70,70,320,320,5373.71,79.8,310.1,146.42,14.39,0.10694,0.255248,0.189697,0.187279,0.027314,0.4344,0.079,0.08,
0.26,4,3,70,70,70,283,283,5469.73,79.8,272.4,146.78,14.56,0.152483,0.256026,0.188646,0.183891,0.022896,0.43357,0.0793,0.08,
0.26,4,4,70,70,70,335,335,6255.13,79.8,325.1,153.71,15.49,0.152937,0.238181,0.190107,0.191539,0.020582,0.43539,0.0791,0.08,
0.26,4,5,70,70,70,281,281,5378.63,80.9,270.1,155.28,14.45,0.141851,0.277891,0.189174,0.183854,0.024647,0.43407,0.079,0.08,
0.26,4,6,70,70,70,251,251,5854.1,79.8,241,156.62,14.9,0.135332,0.270104,0.18826,0.187667,0.026185,0.43286,0.0787,0.08,
0.26,4,7,70,70,70,303,303,6014.68,79.8,290.1,148.69,14.89,0.12158,0.243857,0.185174,0.183343,0.025574,0.42929,0.0783,0.08,
0.26,4,8,70,70,70,250,250,5385.87,79.8,240.1,158.57,14.44,0.132483,0.245271,0.187171,0.183653,0.026015,0.43161,0.0794,0.08,
0.26,4,9,70,70,70,291,291,5800.41,79.8,280.1,151.95,14.73,0.144126,0.231581,0.186828,0.187351,0.020575,0.43159,0.0792,0.08,
0.26,4.5,0,70,70,70,351,351,5915.65,79.8,340.1,149.14,15.74,0.140826,0.270643,0.191759,0.188087,0.026082,0.43693,0.0784,0.08,
0.26,4.5,1,70,70,70,298,298,5453.07,79.8,287.5,146.77,14.6,0.128404,0.262661,0.185416,0.188199,0.025783,0.42957,0.0787,0.08,
0.26,4.5,2,70,70,70,320,320,5373.71,79.8,310.1,150.67,14.73,0.111209,0.264112,0.189052,0.186883,0.028227,0.43359,0.0787,0.08,
0.26,4.5,3,70,70,70,287,287,5469.73,79.8,276.4,151.45,14.66,0.134013,0.259346,0.188404,0.184061,0.023663,0.43323,0.0791,0.08,
0.26,4.5,4,70,70,70,355,355,6255.13,79.8,345.1,157.07,15.64,0.091238,0.238417,0.190018,0.191715,0.02447,0.43495,0.0789,0.08,
0.26,4.5,5,70,70,70,289,289,5378.63,81.4,278.9,163.08,14.58,0.13945,0.281927,0.190141,0.185671,0.026134,0.43508,0.0789,0.08,
0.26,4.5,6,70,70,70,293,293,5854.1,79.8,280.1,162.32,15.12,0.125654,0.274873,0.187282,0.185594,0.027564,0.43161,0.0786,0.08,
0.26,4.5,7,70,70,70,306,306,6014.68,79.8,293.6,154.22,14.98,0.122366,0.254316,0.185508,0.182888,0.026727,0.4296,0.0784,0.08,
0.26,4.5,8,70,70,70,274,274,5385.87,79.8,265.1,168.81,14.68,0.139085,0.249345,0.187561,0.1838,0.025868,0.43208,0.0794,0.08,
0.26,4.5,9,70,70,70,291,291,5800.41,79.8,280.1,155.92,14.82,0.136732,0.232714,0.184983,0.184951,0.021261,0.42939,0.0789,0.08,
0.26,5,0,70,70,70,351,351,5915.65,79.8,340.1,152.65,15.9,0.14155,0.263345,0.189621,0.186494,0.027591,0.43435,0.0779,0.08,
0.26,5,1,70,70,70,300,300,5453.07,79.8,289.7,150.2,14.9,0.108817,0.266063,0.184367,0.1853,0.027513,0.42817,0.0785,0.08,
0.26,5,2,70,70,70,324,324,5373.71,79.8,314.6,154.19,14.74,0.115542,0.261992,0.188268,0.187229,0.028271,0.43268,0.0786,0.08,
0.26,5,3,70,70,70,298,298,5469.73,79.8,290.1,157.96,14.82,0.126025,0.262107,0.186289,0.182783,0.027363,0.43047,0.0787,0.08,
0.26,5,4,70,70,70,355,355,6255.13,79.8,345.1,161.89,15.93,0.096022,0.240441,0.190256,0.191354,0.025361,0.43517,0.0789,0.08,
0.26,5,5,70,70,70,291,291,5378.63,81.6,280.1,169.91,14.84,0.137374,0.293126,0.189241,0.186496,0.027471,0.43393,0.0788,0.08,
0.26,5,6,70,70,70,308,308,5854.1,79.8,295.1,166.82,15.42,0.121566,0.278959,0.185497,0.182609,0.028603,0.42943,0.0782,0.08,
0.26,5,7,70,70,70,308,308,6014.68,79.8,295.1,157.24,15.18,0.123676,0.257272,0.185679,0.185764,0.026742,0.4298,0.0784,0.08,
0.26,5,8,70,70,70,279,279,5385.87,79.8,270.1,173.6,14.93,0.142621,0.248498,0.186735,0.183692,0.026457,0.43107,0.0792,0.08,
0.26,5,9,70,70,70,296,296,5800.41,79.8,285.1,157.88,15.06,0.140552,0.235525,0.184566,0.184658,0.021931,0.42886,0.0789,0.08,
0.26,5.5,0,70,70,70,351,351,5915.65,79.8,340.1,157.25,15.95,0.120192,0.271344,0.190295,0.188068,0.030546,0.43485,0.0778,0.08,
0.26,5.5,1,70,70,70,306,306,5453.07,79.8,295.1,152.23,14.71,0.099767,0.269879,0.181178,0.180334,0.028517,0.42432,0.0778,0.08,
0.26,5.5,2,70,70,70,325,325,5373.71,79.8,315.1,157.71,14.63,0.11948,0.264583,0.188089,0.186047,0.02839,0.43247,0.0784,0.08,
0.26,5.5,3,70,70,70,303,303,5469.73,79.8,295.1,160.92,14.69,0.118639,0.264929,0.183219,0.181871,0.027748,0.42684,0.0781,0.08,
0.26,5.5,4,70,70,70,360,360,6255.13,79.8,350.1,167.46,15.78,0.110932,0.24224,0.188859,0.187945,0.025614,0.43357,0.0786,0.08,
0.26,5.5,5,70,70,70,296,296,5378.63,81.8,285.1,171.7,14.73,0.137583,0.297643,0.188399,0.18098,0.028606,0.43288,0.0786,0.08,
0.26,5.5,6,70,70,70,313,313,5854.1,79.8,300.1,169.86,15.28,0.123459,0.250226,0.185251,0.183969,0.027153,0.42923,0.0781,0.08,
0.26,5.5,7,70,70,70,313,313,6014.68,79.8,300.1,161.82,15.17,0.125304,0.242134,0.185907,0.187088,0.027079,0.43002,0.0784,0.08,
0.26,5.5,8,70,70,70,291,291,5385.87,85.1,280.6,179.35,14.78,0.140581,0.23936,0.186047,0.18115,0.026319,0.43028,0.0791,0.08,
0.26,5.5,9,70,70,70,296,296,5800.41,79.8,285.1,159.53,14.95,0.131717,0.233773,0.183034,0.183982,0.022717,0.427,0.0786,0.08,
0.26,6,0,70,70,70,351,351,5915.65,79.8,340.1,160.19,16.18,0.118398,0.27611,0.188642,0.187614,0.030967,0.4329,0.0775,0.08,
0.26,6,1,70,70,70,306,306,5453.07,79.8,295.1,155.3,14.91,0.098292,0.272655,0.179371,0.179686,0.029091,0.42214,0.0774,0.08,
0.26,6,2,70,70,70,325,325,5373.71,79.8,315.1,162.21,14.79,0.123036,0.268982,0.187474,0.184374,0.028662,0.43175,0.0782,0.08,
0.26,6,3,70,70,70,379,379,5469.73,79.8,365.1,166.38,15.05,0.116691,0.267593,0.182547,0.178382,0.03087,0.42578,0.0778,0.08,
0.26,6,4,70,70,70,360,360,6255.13,79.8,350.1,171.77,16.01,0.131559,0.243612,0.187168,0.187382,0.025316,0.43165,0.0781,0.08,
0.26,6,5,70,70,70,317,317,5378.63,82,305.1,176.66,14.93,0.129493,0.302672,0.186964,0.181573,0.030091,0.43108,0.0783,0.08,
0.26,6,6,70,70,70,318,318,5854.1,79.8,305.1,174.25,15.43,0.10299,0.25185,0.181743,0.182939,0.029922,0.42483,0.0772,0.08,
0.26,6,7,70,70,70,313,313,6014.68,79.8,300.1,165.07,15.35,0.127222,0.247254,0.185713,0.183857,0.028285,0.4297,0.0783,0.08,
0.26,6,8,70,70,70,345,345,5385.87,85.1,335.1,185.11,15.07,0.132392,0.243722,0.18492,0.179897,0.026754,0.42892,0.0788,0.08,
0.26,6,9,70,70,70,296,296,5800.41,79.8,285.1,161.53,15.23,0.136151,0.232133,0.182585,0.18282,0.023279,0.42644,0.0785,0.08,
0.26,6.5,0,70,70,70,353,353,5915.65,79.8,342.5,164.19,16.01,0.116278,0.269924,0.186827,0.189932,0.031371,0.43071,0.0773,0.08,
0.26,6.5,1,70,70,70,306,306,5453.07,79.8,295.1,157.1,14.74,0.096386,0.275992,0.179621,0.182864,0.029947,0.42234,0.0774,0.08,
0.26,6.5,2,70,70,70,355,355,5373.71,79.8,345.1,169.12,14.89,0.126235,0.268718,0.186743,0.183686,0.029513,0.43082,0.0782,0.08,
0.26,6.5,3,70,70,70,379,379,5469.73,79.8,365.1,172.16,15.25,0.100357,0.270036,0.18154,0.180589,0.032667,0.42439,0.0776,0.08,
0.26,6.5,4,70,70,70,365,365,6255.13,79.8,355.1,175.56,16.06,0.126013,0.244428,0.186655,0.187769,0.025565,0.43103,0.0779,0.08,
0.26,6.5,5,70,70,70,322,322,5378.63,82.1,310.1,180.17,14.94,0.126069,0.310155,0.185953,0.179808,0.030866,0.42984,0.078,0.08,
0.26,6.5,6,70,70,70,318,318,5854.1,79.8,305.1,179.07,15.49,0.107057,0.247376,0.180464,0.180592,0.031003,0.42322,0.077,0.08,
0.26,6.5,7,70,70,70,331,331,6014.68,79.8,320.1,165.3,15.34,0.129305,0.260885,0.185489,0.185727,0.029761,0.42932,0.0782,0.08,
0.26,6.5,8,70,70,70,350,350,5385.87,85.1,340.1,189.29,15.14,0.14107,0.248806,0.18524,0.183721,0.027216,0.42926,0.0787,0.08,
0.26,6.5,9,70,70,70,297,297,5800.41,79.8,286.7,162.71,15.16,0.130876,0.238409,0.182004,0.179682,0.024835,0.42564,0.0783,0.08,
0.26,7,0,70,70,70,356,356,5915.65,79.8,345.1,167.67,16.15,0.118114,0.269572,0.185634,0.184449,0.031986,0.42925,0.0771,0.08,
0.26,7,1,70,70,70,311,311,5453.07,79.8,300.1,159.79,14.93,0.100034,0.278816,0.178082,0.178169,0.031733,0.42035,0.077,0.08,
0.26,7,2,70,70,70,355,355,5373.71,79.8,345.1,173.29,14.95,0.095443,0.283155,0.186074,0.184072,0.033314,0.42964,0.078,0.08,
0.26,7,3,70,70,70,379,379,5469.73,79.8,365.1,176.35,15.23,0.098974,0.272986,0.181836,0.180688,0.032455,0.42477,0.0774,0.08,
0.26,7,4,70,70,70,367,367,6255.13,79.8,357.8,178.99,16.08,0.11522,0.243923,0.185185,0.186146,0.0279,0.42911,0.0776,0.08,
0.26,7,5,70,70,70,322,322,5378.63,82.1,310.1,182.75,14.88,0.132761,0.308655,0.184789,0.179006,0.032221,0.42835,0.0776,0.08,
0.26,7,6,70,70,70,323,323,5854.1,79.8,310.1,181,15.44,0.11784,0.263066,0.182039,0.182949,0.03217,0.42502,0.077,0.08,
0.26,7,7,70,70,70,331,331,6014.68,79.8,320.1,167.59,15.38,0.131855,0.264628,0.183582,0.180418,0.029375,0.42713,0.0779,0.08,
0.26,7,8,70,70,70,350,350,5385.87,85.1,340.1,190.8,15.13,0.108991,0.252284,0.181788,0.180767,0.028961,0.42501,0.0778,0.08,
0.26,7,9,70,70,70,301,301,5800.41,79.8,290.1,167.25,15.07,0.097596,0.240422,0.178917,0.178883,0.027598,0.42169,0.0775,0.08,
0.27,3,0,70,70,70,346,346,5915.65,79.8,335.1,142.17,15.67,0.141252,0.274492,0.194927,0.192175,0.024353,0.44068,0.0791,0.08,
0.27,3,1,70,70,70,238,238,5453.07,79.8,227.6,138.66,14.6,0.13935,0.233481,0.185606,0.186312,0.020334,0.43018,0.0788,0.08,
0.27,3,2,70,70,70,310,310,5373.71,79.8,300.1,142.11,14.33,0.104874,0.256551,0.188285,0.186039,0.026779,0.43282,0.0789,0.08,
0.27,3,3,70,70,70,261,261,5469.73,79.8,250.1,143.03,14.61,0.144095,0.251367,0.189213,0.185761,0.021823,0.43428,0.0794,0.08,
0.27,3,4,70,70,70,275,275,6255.13,79.8,265.1,147.38,15.5,0.15205,0.232411,0.191232,0.190662,0.019955,0.43671,0.0793,0.08,
0.27,3,5,70,70,70,275,275,5378.63,80.8,264.7,147.96,14.36,0.145112,0.279693,0.192271,0.187507,0.024417,0.43766,0.0796,0.08,
0.27,3,6,70,70,70,247,247,5854.1,79.8,236.2,148.55,14.96,0.128972,0.256909,0.186895,0.186793,0.025413,0.43132,0.0785,0.08,
0.27,3,7,70,70,70,299,299,6014.68,79.8,287,145.91,14.96,0.129615,0.243619,0.186876,0.185784,0.023666,0.43143,0.0787,0.08,
0.27,3,8,70,70,70,245,245,5385.87,79.8,235.1,152.24,14.39,0.132211,0.239371,0.186927,0.183003,0.024307,0.43146,0.0795,0.08,
0.27,3,9,70,70,70,286,286,5800.41,79.8,275.1,149.58,14.82,0.14874,0.233203,0.187749,0.187069,0.018265,0.4328,0.0795,0.08,
0.27,3.5,0,70,70,70,346,346,5915.65,79.8,335.1,146.6,15.89,0.143082,0.269829,0.19421,0.191019,0.025792,0.43976,0.0788,0.08,
0.27,3.5,1,70,70,70,306,306,5453.07,79.8,295.1,145.71,14.77,0.133232,0.23568,0.184916,0.185792,0.021718,0.42927,0.0787,0.08,
0.27,3.5,2,70,70,70,320,320,5373.71,79.8,310.1,150.11,14.6,0.107836,0.254881,0.190208,0.187984,0.027009,0.43502,0.079,0.08,
0.27,3.5,3,70,70,70,284,284,5469.73,79.8,273.8,151.19,14.7,0.142063,0.255205,0.189393,0.189823,0.022712,0.43443,0.0794,0.08,
0.27,3.5,4,70,70,70,331,331,6255.13,79.8,321.7,154.36,15.66,0.156958,0.234808,0.191519,0.192986,0.019377,0.43708,0.0794,0.08,
0.27,3.5,5,70,70,70,281,281,5378.63,82.2,270.1,157.32,14.69,0.143075,0.281452,0.190297,0.183358,0.025617,0.43531,0.0791,0.08,
0.27,3.5,6,70,70,70,256,256,5854.1,79.8,245.1,158.35,15.11,0.135905,0.26257,0.188671,0.188266,0.025716,0.43337,0.0788,0.08,
0.27,3.5,7,70,70,70,303,303,6014.68,79.8,290.1,150.77,15.07,0.128765,0.248163,0.185618,0.185692,0.024596,0.4299,0.0784,0.08,
0.27,3.5,8,70,70,70,262,262,5385.87,79.9,250.1,162.27,14.59,0.129709,0.24415,0.187323,0.186689,0.025419,0.43183,0.0796,0.08,
0.27,3.5,9,70,70,70,291,291,5800.41,79.8,280.1,154.89,14.93,0.140742,0.236227,0.187295,0.18769,0.020395,0.43214,0.0793,0.08,
0.27,4,0,70,70,70,351,351,5915.65,79.8,340.1,152.01,16.14,0.145046,0.267329,0.19303,0.190086,0.025006,0.43847,0.0787,0.08,
0.27,4,1,70,70,70,306,306,5453.07,79.8,295.1,149.39,14.94,0.136177,0.238824,0.184943,0.186795,0.023423,0.42919,0.0787,0.08,
0.27,4,2,70,70,70,322,322,5373.71,79.8,312.9,154.89,14.82,0.112111,0.262998,0.189798,0.188027,0.029065,0.43438,0.0789,0.08,
0.27,4,3,70,70,70,290,290,5469.73,79.8,279.8,156.85,14.8,0.144111,0.256349,0.187886,0.185096,0.022528,0.4327,0.0791,0.08,
0.27,4,4,70,70,70,352,352,6255.13,79.8,342.1,161.62,15.88,0.100923,0.237644,0.190919,0.191364,0.024126,0.43603,0.0791,0.08,
0.27,4,5,70,70,70,290,290,5378.63,83.3,279.4,167.37,14.85,0.142879,0.288028,0.190544,0.185845,0.025647,0.43559,0.079,0.08,
0.27,4,6,70,70,70,293,293,5854.1,79.8,280.1,163.98,15.24,0.126943,0.268098,0.18886,0.185236,0.026693,0.4335,0.0789,0.08,
0.27,4,7,70,70,70,308,308,6014.68,79.8,295.1,158.04,15.21,0.128726,0.25359,0.184975,0.182642,0.026166,0.42903,0.0784,0.08,
0.27,4,8,70,70,70,270,270,5385.87,84.4,258.1,171.38,14.89,0.139159,0.24386,0.18669,0.182794,0.024202,0.43119,0.0794,0.08,
0.27,4,9,70,70,70,291,291,5800.41,79.8,280.1,157.72,15.26,0.136851,0.238893,0.187133,0.186282,0.021107,0.43191,0.0794,0.08,
0.27,4.5,0,70,70,70,351,351,5915.65,79.8,340.1,154.55,16.4,0.15159,0.275643,0.193323,0.190819,0.025906,0.43875,0.0787,0.08,
0.27,4.5,1,70,70,70,306,306,5453.07,79.8,295.1,153.75,15.21,0.118388,0.23956,0.18332,0.185112,0.025646,0.42709,0.0783,0.08,
0.27,4.5,2,70,70,70,325,325,5373.71,79.8,315.1,160.51,14.99,0.116783,0.261594,0.188668,0.188146,0.028462,0.43313,0.0787,0.08,
0.27,4.5,3,70,70,70,302,302,5469.73,79.8,291.6,161.22,15.15,0.138107,0.256156,0.186985,0.182642,0.02363,0.43159,0.0791,0.08,
0.27,4.5,4,70,70,70,355,355,6255.13,79.8,345.1,170.96,15.98,0.096271,0.239575,0.189931,0.191323,0.024729,0.43484,0.0788,0.08,
0.27,4.5,5,70,70,70,309,309,5378.63,83.8,299.2,173.62,14.83,0.141594,0.293525,0.190782,0.183428,0.02802,0.43568,0.079,0.08,
0.27,4.5,6,70,70,70,313,313,5854.1,79.8,300.1,169.16,15.32,0.124135,0.273212,0.188835,0.187863,0.028139,0.43335,0.0787,0.08,
0.27,4.5,7,70,70,70,313,313,6014.68,79.8,300.1,164.01,15.29,0.129408,0.256152,0.186526,0.183658,0.027086,0.43076,0.0785,0.08,
0.27,4.5,8,70,70,70,290,290,5385.87,85.1,280.1,179.66,14.9,0.142427,0.238684,0.187266,0.183802,0.025212,0.43178,0.0794,0.08,
0.27,4.5,9,70,70,70,296,296,5800.41,79.8,285.1,161.82,15.07,0.143109,0.241414,0.185778,0.183492,0.020851,0.43035,0.0791,0.08,
0.27,5,0,70,70,70,351,351,5915.65,79.8,340.1,159.98,16.19,0.144309,0.266701,0.192003,0.190805,0.027448,0.43712,0.0783,0.08,
0.27,5,1,70,70,70,306,306,5453.07,79.8,295.1,156.1,15.14,0.105727,0.238508,0.182061,0.183348,0.026775,0.42549,0.078,0.08,
0.27,5,2,70,70,70,325,325,5373.71,79.8,315.1,164.03,15.03,0.121418,0.265814,0.189192,0.184471,0.029358,0.43368,0.0787,0.08,
0.27,5,3,70,70,70,374,374,5469.73,79.8,360.9,166.85,15.29,0.131074,0.255269,0.185544,0.183297,0.025384,0.42977,0.0787,0.08,
0.27,5,4,70,70,70,376,376,6255.13,79.8,362.4,177.91,16.2,0.098499,0.242911,0.191003,0.18825,0.024854,0.43607,0.0788,0.08,
0.27,5,5,70,70,70,320,320,5378.63,84.1,310.1,181.41,15.15,0.138625,0.298263,0.190377,0.18397,0.027787,0.43521,0.079,0.08,
0.27,5,6,70,70,70,313,313,5854.1,79.8,300.4,174.04,15.48,0.125772,0.267315,0.187938,0.185692,0.028266,0.4323,0.0786,0.08,
0.27,5,7,70,70,70,331,331,6014.68,79.8,320.1,169.74,15.52,0.130577,0.251635,0.187249,0.189552,0.0282,0.43151,0.0785,0.08,
0.27,5,8,70,70,70,292,292,5385.87,85.1,280.2,188.5,15.16,0.13396,0.245784,0.187828,0.184375,0.024868,0.43246,0.0793,0.08,
0.27,5,9,70,70,70,296,296,5800.41,79.8,285.1,163.4,15.21,0.134447,0.242999,0.185006,0.184336,0.022451,0.42933,0.0789,0.08,
0.27,5.5,0,70,70,70,356,356,5915.65,79.8,345.1,162.33,16.12,0.123432,0.279461,0.190082,0.184954,0.030432,0.43466,0.0779,0.08,
0.27,5.5,1,70,70,70,306,306,5453.07,79.8,295.1,159.04,14.91,0.103586,0.251906,0.182574,0.181769,0.027182,0.42608,0.0783,0.08,
0.27,5.5,2,70,70,70,355,355,5373.71,79.8,345.1,170.87,15.1,0.125572,0.275823,0.18893,0.186967,0.028894,0.43342,0.0786,0.08,
0.27,5.5,3,70,70,70,379,379,5469.73,79.8,365.1,174.5,15.29,0.12191,0.269859,0.183064,0.180614,0.028042,0.42665,0.0782,0.08,
0.27,5.5,4,70,70,70,379,379,6255.13,79.8,365.1,182.58,16.34,0.119582,0.237786,0.189635,0.188993,0.024686,0.43454,0.0786,0.08,
0.27,5.5,5,70,70,70,320,320,5378.63,84.3,310.1,185.76,15.26,0.137475,0.302468,0.18929,0.18752,0.029572,0.43381,0.0787,0.08,
0.27,5.5,6,70,70,70,318,318,5854.1,79.8,305.1,178.14,15.61,0.122031,0.260787,0.185341,0.183755,0.028899,0.42921,0.078,0.08,
0.27,5.5,7,70,70,70,331,331,6014.68,79.8,320.1,171.7,15.54,0.129902,0.257338,0.18642,0.182323,0.029703,0.43042,0.0784,0.08,
0.27,5.5,8,70,70,70,345,345,5385.87,85.1,335.1,195.04,15.39,0.123491,0.252205,0.186149,0.182508,0.026789,0.43035,0.0787,0.08,
0.27,5.5,9,70,70,70,297,297,5800.41,79.8,286.2,167.26,15.32,0.132968,0.239231,0.183662,0.182944,0.024265,0.42763,0.0787,0.08,
0.27,6,0,70,70,70,356,356,5915.65,79.8,345.1,164.24,16.35,0.117903,0.28057,0.190232,0.185141,0.033253,0.43455,0.0778,0.08,
0.27,6,1,70,70,70,306,306,5453.07,79.8,295.1,163.26,15.14,0.102064,0.253932,0.181486,0.181315,0.027453,0.42478,0.0781,0.08,
0.27,6,2,70,70,70,363,363,5373.71,79.8,353.8,175.31,15.21,0.089991,0.271023,0.187499,0.187588,0.029526,0.43162,0.0784,0.08,
0.27,6,3,70,70,70,379,379,5469.73,79.8,365.1,178.44,15.43,0.115371,0.27213,0.181537,0.177587,0.030439,0.42462,0.0777,0.08,
0.27,6,4,70,70,70,379,379,6255.13,89.5,365.1,189.42,16.51,0.13147,0.246789,0.188291,0.190021,0.025694,0.43292,0.0783,0.08,
0.27,6,5,70,70,70,323,323,5378.63,84.4,313.3,188.28,15.42,0.134504,0.302246,0.189463,0.187387,0.029973,0.43398,0.0787,0.08,
0.27,6,6,70,70,70,323,323,5854.1,79.8,310.1,185.51,15.86,0.107809,0.262853,0.182701,0.177839,0.030218,0.42599,0.0774,0.08,
0.27,6,7,70,70,70,331,331,6014.68,79.8,320.1,172.55,15.77,0.124547,0.248823,0.186197,0.182434,0.030022,0.43012,0.0783,0.08,
0.27,6,8,70,70,70,345,345,5385.87,85.6,335.9,197.07,15.57,0.118942,0.256314,0.185276,0.182489,0.027698,0.42925,0.0785,0.08,
0.27,6,9,70,70,70,301,301,5800.41,79.8,290.1,169.16,15.51,0.101348,0.240755,0.182768,0.179917,0.026448,0.42637,0.0784,0.08,
0.27,6.5,0,70,70,70,356,356,5915.65,79.8,345.1,168.67,16.18,0.12023,0.276317,0.189342,0.186061,0.031845,0.43363,0.0778,0.08,
0.27,6.5,1,70,70,70,311,311,5453.07,79.8,300.1,166.1,14.97,0.102155,0.254791,0.179528,0.181556,0.028981,0.4223,0.0776,0.08,
0.27,6.5,2,70,70,70,375,375,5373.71,79.8,365.1,177.91,15.03,0.102527,0.283519,0.187571,0.185158,0.032876,0.43146,0.0783,0.08,
0.27,6.5,3,70,70,70,379,379,5469.73,79.8,365.1,184.01,15.44,0.102668,0.275215,0.1819,0.178532,0.031777,0.42492,0.0775,0.08,
0.27,6.5,4,70,70,70,379,379,6255.13,82.1,365.1,191.76,16.57,0.12357,0.248369,0.189167,0.190451,0.025552,0.43395,0.0782,0.08,
0.27,6.5,5,70,70,70,330,330,5378.63,84.4,320.1,194.8,15.38,0.105191,0.30111,0.187415,0.183286,0.030872,0.43149,0.0782,0.08,
0.27,6.5,6,70,70,70,323,323,5854.1,79.8,310.1,189.6,15.85,0.120188,0.253661,0.182762,0.179943,0.029911,0.42609,0.0775,0.08,
0.27,6.5,7,70,70,70,336,336,6014.68,79.8,325.1,175.52,15.69,0.127196,0.258114,0.184388,0.181499,0.030456,0.42798,0.0781,0.08,
0.27,6.5,8,70,70,70,350,350,5385.87,86.2,340.6,197.06,15.45,0.117257,0.259433,0.185458,0.182734,0.029302,0.42932,0.0785,0.08,
0.27,6.5,9,70,70,70,301,301,5800.41,79.8,290.1,171.64,15.48,0.102562,0.245213,0.181599,0.17862,0.028021,0.42485,0.0781,0.08,
0.27,7,0,70,70,70,356,356,5915.65,79.8,345.1,172.08,16.27,0.121823,0.276201,0.18778,0.186468,0.033275,0.43165,0.0775,0.08,
0.27,7,1,70,70,70,311,311,5453.07,79.8,300.1,169.32,15.01,0.105496,0.250688,0.176456,0.177913,0.030291,0.4185,0.0769,0.08,
0.27,7,2,70,70,70,380,380,5373.71,79.9,370.1,184.72,15.16,0.099713,0.275496,0.184335,0.183481,0.031831,0.42775,0.0778,0.08,
0.27,7,3,70,70,70,383,383,5469.73,79.8,369.1,186.33,15.18,0.105536,0.27736,0.183316,0.180956,0.031909,0.4266,0.0777,0.08,
0.27,7,4,70,70,70,384,384,6255.13,83.5,370.1,194.25,16.49,0.118393,0.249917,0.184327,0.188415,0.026299,0.42825,0.0772,0.08,
0.27,7,5,70,70,70,347,347,5378.63,84.4,335.1,199.08,15.41,0.105662,0.317055,0.185186,0.180203,0.032549,0.42875,0.0777,0.08,
0.27,7,6,70,70,70,325,325,5854.1,79.8,312.5,191.41,15.88,0.124928,0.254247,0.184863,0.180907,0.0312,0.42844,0.0778,0.08,
0.27,7,7,70,70,70,336,336,6014.68,79.8,325.1,176.83,15.78,0.129341,0.25702,0.182888,0.180214,0.030371,0.42622,0.0778,0.08,
0.27,7,8,70,70,70,415,415,5385.87,86.7,405.1,200.11,15.55,0.113839,0.261749,0.183803,0.181068,0.030495,0.42727,0.078,0.08,
0.27,7,9,70,70,70,301,301,5800.41,79.8,290.1,174.69,15.42,0.103361,0.237491,0.179982,0.178756,0.027353,0.42298,0.0777,0.08,
0.28,3,0,70,70,70,346,346,5915.65,79.8,335.1,146.49,15.99,0.147743,0.277385,0.195683,0.191296,0.024946,0.4415,0.0792,0.08,
0.28,3,1,70,70,70,306,306,5453.07,79.8,295.1,143.91,14.78,0.136814,0.24298,0.18593,0.186019,0.021172,0.4305,0.0789,0.08,
0.28,3,2,70,70,70,320,320,5373.71,79.8,310.1,149.6,14.39,0.10945,0.256615,0.189381,0.188547,0.026399,0.43412,0.0789,0.08,
0.28,3,3,70,70,70,283,283,5469.73,79.8,273,151.24,14.67,0.150117,0.25534,0.188775,0.186764,0.020214,0.43388,0.0794,0.08,
0.28,3,4,70,70,70,330,330,6255.13,79.8,320.1,156.48,15.95,0.151154,0.234043,0.190839,0.191816,0.018568,0.43634,0.0793,0.08,
0.28,3,5,70,70,70,277,277,5378.63,83.1,266.1,157.06,14.77,0.144908,0.29615,0.19078,0.184095,0.02601,0.43585,0.0792,0.08,
0.28,3,6,70,70,70,256,256,5854.1,79.8,245.1,159.24,15.42,0.135744,0.25178,0.188702,0.188225,0.024218,0.4335,0.0789,0.08,
0.28,3,7,70,70,70,303,303,6014.68,79.8,290.1,152.26,15.35,0.13761,0.245768,0.185807,0.188764,0.023343,0.43021,0.0786,0.08,
0.28,3,8,70,70,70,260,260,5385.87,83.3,248.6,162.72,14.87,0.130207,0.241446,0.186651,0.184889,0.024481,0.43112,0.0795,0.08,
0.28,3,9,70,70,70,291,291,5800.41,79.8,280.1,156.48,15.19,0.138278,0.237648,0.187376,0.187773,0.020752,0.43221,0.0793,0.08,
0.28,3.5,0,70,70,70,351,351,5915.65,79.8,340.1,153.74,16.12,0.149674,0.265293,0.194517,0.193662,0.023905,0.44023,0.0791,0.08,
0.28,3.5,1,70,70,70,306,306,5453.07,79.8,295.1,150.81,14.79,0.141075,0.2311,0.184378,0.183646,0.021674,0.42866,0.0787,0.08,
0.28,3.5,2,70,70,70,324,324,5373.71,79.8,314.1,155.97,14.76,0.112538,0.263089,0.189343,0.187999,0.028625,0.4339,0.0788,0.08,
0.28,3.5,3,70,70,70,294,294,5469.73,79.8,283.6,158.86,14.94,0.147749,0.259852,0.188534,0.186041,0.022043,0.43348,0.0792,0.08,
0.28,3.5,4,70,70,70,350,350,6255.13,79.8,340.1,164.78,15.92,0.150799,0.23742,0.191875,0.190837,0.020617,0.43741,0.0793,0.08,
0.28,3.5,5,70,70,70,300,300,5378.63,84.3,290.1,170.27,14.85,0.144681,0.290339,0.192132,0.188851,0.027011,0.43732,0.0794,0.08,
0.28,3.5,6,70,70,70,293,293,5854.1,79.8,280.1,165.58,15.2,0.132268,0.25721,0.189493,0.188596,0.024496,0.4344,0.0791,0.08,
0.28,3.5,7,70,70,70,306,306,6014.68,79.8,293.2,161.86,15.2,0.136567,0.25151,0.185571,0.181674,0.024468,0.42987,0.0786,0.08,
0.28,3.5,8,70,70,70,267,267,5385.87,85,255.3,172.94,14.78,0.145654,0.243058,0.186454,0.182614,0.024013,0.43093,0.0794,0.08,
0.28,3.5,9,70,70,70,291,291,5800.41,79.8,280.1,161.99,15.07,0.134554,0.235039,0.187472,0.185625,0.020272,0.43235,0.0794,0.08,
0.28,4,0,70,70,70,351,351,5915.65,79.8,340.1,158.18,16.01,0.151678,0.273449,0.193991,0.1903,0.025845,0.43951,0.0789,0.08,
0.28,4,1,70,70,70,306,306,5453.07,79.8,295.1,156.56,14.88,0.137525,0.249882,0.184218,0.184806,0.02356,0.42834,0.0785,0.08,
0.28,4,2,70,70,70,325,325,5373.71,79.8,315.1,162.5,14.85,0.117649,0.264687,0.190628,0.190523,0.029057,0.43536,0.079,0.08,
0.28,4,3,70,70,70,325,325,5469.73,79.8,314.2,166.7,14.87,0.148047,0.263719,0.188315,0.183296,0.023482,0.43315,0.0793,0.08,
0.28,4,4,70,70,70,355,355,6255.13,79.8,345.1,175.1,16.04,0.096955,0.240139,0.190302,0.19106,0.024146,0.43531,0.0788,0.08,
0.28,4,5,70,70,70,310,310,5378.63,85.1,300.1,176.38,14.85,0.14465,0.287334,0.191207,0.184611,0.026376,0.4363,0.0791,0.08,
0.28,4,6,70,70,70,313,313,5854.1,79.8,300.1,171.55,15.28,0.125434,0.261834,0.189017,0.188455,0.026532,0.4337,0.0788,0.08,
0.28,4,7,70,70,70,313,313,6014.68,79.8,300.1,165.79,15.32,0.131855,0.25447,0.186088,0.187549,0.025107,0.43041,0.0786,0.08,
0.28,4,8,70,70,70,290,290,5385.87,85.1,280.1,184.07,14.92,0.14495,0.243651,0.189162,0.185192,0.024242,0.43405,0.0796,0.08,
0.28,4,9,70,70,70,296,296,5800.41,79.8,285.1,166.65,15.17,0.143023,0.240484,0.185869,0.184229,0.02139,0.43042,0.0791,0.08,
0.28,4.5,0,70,70,70,355,355,5915.65,79.8,344.2,161.01,16.35,0.147112,0.271824,0.193715,0.189436,0.025796,0.43921,0.0788,0.08,
0.28,4.5,1,70,70,70,306,306,5453.07,79.8,295.1,158.92,15,0.12139,0.253749,0.184906,0.185091,0.026494,0.42889,0.0786,0.08,
0.28,4.5,2,70,70,70,330,330,5373.71,79.8,320.1,166.93,14.85,0.12217,0.269472,0.190284,0.188917,0.030651,0.43483,0.0789,0.08,
0.28,4.5,3,70,70,70,375,375,5469.73,79.8,361.6,174.78,15.19,0.136034,0.266392,0.186507,0.182593,0.024461,0.43097,0.079,0.08,
0.28,4.5,4,70,70,70,374,374,6255.13,79.8,360.1,181.19,16.28,0.099072,0.242054,0.191249,0.193736,0.024715,0.43636,0.0788,0.08,
0.28,4.5,5,70,70,70,320,320,5378.63,85.1,310.1,183.15,15,0.141625,0.290352,0.190899,0.185307,0.028976,0.43576,0.0789,0.08,
0.28,4.5,6,70,70,70,314,314,5854.1,79.8,301.5,176.17,15.47,0.127476,0.2759,0.189782,0.187603,0.027952,0.43447,0.0788,0.08,
0.28,4.5,7,70,70,70,331,331,6014.68,79.8,320.1,171.33,15.6,0.13689,0.25849,0.186062,0.18485,0.027229,0.43022,0.0785,0.08,
0.28,4.5,8,70,70,70,343,343,5385.87,85.7,333.5,193.91,15.3,0.134873,0.250161,0.188533,0.187398,0.024635,0.43329,0.0793,0.08,
0.28,4.5,9,70,70,70,296,296,5800.41,79.8,285.1,169.27,15.39,0.135793,0.243241,0.186595,0.183449,0.021987,0.43123,0.0793,0.08,
0.28,5,0,70,70,70,356,356,5915.65,79.8,345.1,167.17,16.44,0.148805,0.278357,0.191924,0.188524,0.028073,0.437,0.0783,0.08,
0.28,5,1,70,70,70,307,307,5453.07,79.8,296.7,162.47,14.87,0.109044,0.252836,0.185315,0.184626,0.026958,0.42933,0.0788,0.08,
0.28,5,2,70,70,70,369,369,5373.71,79.8,359.7,175.78,15.09,0.128031,0.268132,0.190147,0.189519,0.028441,0.43485,0.079,0.08,
0.28,5,3,70,70,70,379,379,5469.73,79.8,365.1,181.51,15.26,0.135204,0.267988,0.186051,0.182996,0.025464,0.43036,0.0789,0.08,
0.28,5,4,70,70,70,379,379,6255.13,85.1,365.1,189.36,16.29,0.120153,0.244158,0.191101,0.19195,0.023197,0.43634,0.0788,0.08,
0.28,5,5,70,70,70,320,320,5378.63,85.1,310.1,189.06,15.18,0.144277,0.302574,0.189712,0.188446,0.027505,0.4345,0.0788,0.08,
0.28,5,6,70,70,70,318,318,5854.1,79.8,305.1,181.58,15.56,0.136075,0.272089,0.188505,0.18523,0.028489,0.43297,0.0785,0.08,
0.28,5,7,70,70,70,331,331,6014.68,79.8,320.1,174.24,15.51,0.137906,0.262,0.18687,0.18639,0.027312,0.43116,0.0786,0.08,
0.28,5,8,70,70,70,345,345,5385.87,86.5,335.1,197.76,15.32,0.135966,0.254049,0.187913,0.184691,0.0258,0.43249,0.079,0.08,
0.28,5,9,70,70,70,300,300,5800.41,79.8,289.3,171.47,15.24,0.139538,0.245409,0.185734,0.183733,0.022705,0.43018,0.0791,0.08,
0.28,5.5,0,70,70,70,356,356,5915.65,79.8,345.1,169.53,16.29,0.127287,0.283094,0.191371,0.189988,0.028659,0.43628,0.0781,0.08,
0.28,5.5,1,70,70,70,311,311,5453.07,79.8,300.1,166.06,15.08,0.108418,0.250491,0.180931,0.180984,0.027172,0.42415,0.0779,0.08,
0.28,5.5,2,70,70,70,375,375,5373.71,79.8,365.1,183.69,15.13,0.091403,0.271715,0.187066,0.18744,0.028671,0.43119,0.0785,0.08,
0.28,5.5,3,70,70,70,379,379,5469.73,79.8,365.1,185.44,15.33,0.125672,0.266577,0.183798,0.181723,0.027141,0.42758,0.0783,0.08,
0.28,5.5,4,70,70,70,379,379,6255.13,85.1,365.1,194.2,16.42,0.128013,0.244123,0.189565,0.194034,0.025394,0.4344,0.0785,0.08,
0.28,5.5,5,70,70,70,325,325,5378.63,85.1,315.1,194.44,15.26,0.123963,0.309125,0.189058,0.184286,0.029032,0.4336,0.0787,0.08,
0.28,5.5,6,70,70,70,323,323,5854.1,79.8,310.1,188.34,15.78,0.114891,0.271372,0.186167,0.183036,0.030483,0.43005,0.0782,0.08,
0.28,5.5,7,70,70,70,333,333,6014.68,79.8,322.3,177.59,15.54,0.128616,0.25478,0.185568,0.18614,0.027837,0.42959,0.0785,0.08,
0.28,5.5,8,70,70,70,346,346,5385.87,87.2,336.5,201.87,15.36,0.129198,0.257167,0.187778,0.185427,0.027567,0.43218,0.0789,0.08,
0.28,5.5,9,70,70,70,301,301,5800.41,79.8,290.1,172.48,15.4,0.113966,0.247297,0.185279,0.182012,0.024798,0.42948,0.0789,0.08,
0.28,6,0,70,70,70,356,356,5915.65,79.8,345.1,171.88,16.45,0.123494,0.30658,0.191635,0.185896,0.032713,0.43626,0.078,0.08,
0.28,6,1,70,70,70,311,311,5453.07,79.8,300.1,169.67,15.19,0.116066,0.247321,0.181446,0.178567,0.028788,0.42462,0.0779,0.08,
0.28,6,2,70,70,70,375,375,5373.71,79.8,365.1,191.15,15.33,0.096311,0.27307,0.18695,0.186303,0.028832,0.43106,0.0785,0.08,
0.28,6,3,70,70,70,380,380,5469.73,79.8,366.6,190.01,15.43,0.118039,0.264718,0.185047,0.181156,0.03081,0.42874,0.0782,0.08,
0.28,6,4,70,70,70,379,379,6255.13,90.1,365.1,197.72,16.43,0.135443,0.243688,0.189253,0.19096,0.025549,0.43405,0.0783,0.08,
0.28,6,5,70,70,70,347,347,5378.63,85.1,335.1,199.43,15.35,0.111028,0.314205,0.188962,0.186548,0.029629,0.43342,0.0787,0.08,
0.28,6,6,70,70,70,346,346,5854.1,79.8,335.1,194.21,15.86,0.117629,0.274649,0.18511,0.178967,0.030194,0.42884,0.0779,0.08,
0.28,6,7,70,70,70,336,336,6014.68,79.8,325.1,179.66,15.78,0.132034,0.261035,0.185159,0.184983,0.02854,0.42905,0.0783,0.08,
0.28,6,8,70,70,70,412,412,5385.87,87.8,402.6,204.72,15.51,0.125555,0.259745,0.184718,0.180263,0.028429,0.42855,0.0783,0.08,
0.28,6,9,70,70,70,301,301,5800.41,79.8,290.1,174.81,15.34,0.105675,0.249289,0.184382,0.18368,0.026606,0.42827,0.0787,0.08,
0.28,6.5,0,70,70,70,360,360,5915.65,79.8,350,175.98,16.39,0.125579,0.291085,0.191217,0.18841,0.031866,0.43581,0.0782,0.08,
0.28,6.5,1,70,70,70,314,314,5453.07,79.8,303.6,174.14,15.13,0.119472,0.259816,0.179941,0.17878,0.028918,0.42283,0.0776,0.08,
0.28,6.5,2,70,70,70,398,398,5373.71,79.8,385.1,197.7,15.32,0.1054,0.278052,0.186298,0.185873,0.031487,0.4301,0.0782,0.08,
0.28,6.5,3,70,70,70,384,384,5469.73,79.8,370.1,194.56,15.33,0.106993,0.262632,0.183065,0.18067,0.031679,0.42631,0.0777,0.08,
0.28,6.5,4,70,70,70,384,384,6255.13,90.1,370.1,203.43,16.42,0.124908,0.245211,0.187802,0.190412,0.026328,0.4323,0.0779,0.08,
0.28,6.5,5,70,70,70,352,352,5378.63,85.1,340.1,203.5,15.3,0.109299,0.317971,0.188053,0.189284,0.030068,0.43233,0.0785,0.08,
0.28,6.5,6,70,70,70,346,346,5854.1,79.8,335.1,197.73,15.78,0.132101,0.262567,0.185837,0.183671,0.029565,0.42975,0.078,0.08,
0.28,6.5,7,70,70,70,336,336,6014.68,79.8,325.1,180.66,15.57,0.1349,0.263665,0.18494,0.178948,0.030243,0.42866,0.0783,0.08,
0.28,6.5,8,70,70,70,415,415,5385.87,88.4,405.1,208.03,15.33,0.122717,0.261993,0.184804,0.180908,0.029875,0.42851,0.0782,0.08,
0.28,6.5,9,70,70,70,301,301,5800.41,79.8,290.6,180.75,15.34,0.105004,0.24511,0.183484,0.182632,0.027816,0.4271,0.0784,0.08,
0.28,7,0,70,70,70,361,361,5915.65,79.8,350.1,177.41,16.66,0.127362,0.283079,0.188723,0.183752,0.033444,0.43277,0.0776,0.08,
0.28,7,1,70,70,70,316,316,5453.07,79.8,305.1,177.99,15.38,0.117211,0.261677,0.178044,0.178706,0.031962,0.42025,0.0772,0.08,
0.28,7,2,70,70,70,398,398,5373.71,80.9,385.1,199.27,15.53,0.114428,0.280396,0.185754,0.185426,0.032795,0.42935,0.078,0.08,
0.28,7,3,70,70,70,384,384,5469.73,79.8,370.1,197.78,15.74,0.108234,0.282165,0.183837,0.18105,0.032814,0.42713,0.0779,0.08,
0.28,7,4,70,70,70,388,388,6255.13,90,378.4,205.73,16.72,0.120828,0.252432,0.185286,0.187612,0.026104,0.42938,0.0773,0.08,
0.28,7,5,70,70,70,352,352,5378.63,85.1,340.1,207.79,15.41,0.139322,0.317524,0.186366,0.181945,0.030933,0.43031,0.0781,0.08,
0.28,7,6,70,70,70,351,351,5854.1,79.8,340.1,203.19,16.06,0.125185,0.26265,0.185928,0.181896,0.030343,0.42978,0.078,0.08,
0.28,7,7,70,70,70,336,336,6014.68,79.8,325.1,183.05,15.8,0.126964,0.266496,0.182605,0.178359,0.030445,0.42589,0.0778,0.08,
0.28,7,8,70,70,70,418,418,5385.87,88.8,408.8,212.07,15.73,0.119,0.264733,0.183725,0.180986,0.030236,0.42721,0.078,0.08,
0.28,7,9,70,70,70,306,306,5800.41,79.8,295.1,182.99,15.52,0.102812,0.245024,0.182284,0.180532,0.028816,0.42559,0.078,0.08,
0.29,3,0,70,70,70,350,350,5915.65,79.8,339.5,152.73,16.02,0.154521,0.281296,0.196124,0.194899,0.024269,0.44205,0.0792,0.08,
0.29,3,1,70,70,70,306,306,5453.07,79.8,295.1,150.49,14.72,0.142664,0.232506,0.185391,0.187348,0.020968,0.42988,0.0789,0.08,
0.29,3,2,70,70,70,321,321,5373.71,79.8,312,156.74,14.52,0.114317,0.256715,0.189785,0.188583,0.027018,0.43454,0.079,0.08,
0.29,3,3,70,70,70,290,290,5469.73,79.8,279.6,159.97,14.57,0.148034,0.258514,0.188125,0.183918,0.022208,0.433,0.0793,0.08,
0.29,3,4,70,70,70,333,333,6255.13,79.8,323.7,163.12,15.77,0.155383,0.235231,0.192604,0.19304,0.019241,0.43833,0.0795,0.08,
0.29,3,5,70,70,70,300,300,5378.63,84.8,290.1,167.68,14.69,0.147668,0.295508,0.191372,0.186335,0.025551,0.43655,0.0794,0.08,
0.29,3,6,70,70,70,266,266,5854.1,79.8,255.1,164.63,15.25,0.133658,0.254835,0.188917,0.187803,0.024148,0.43376,0.079,0.08,
0.29,3,7,70,70,70,303,303,6014.68,79.8,290.1,161.44,15.25,0.141768,0.248627,0.186951,0.184931,0.023183,0.43157,0.0788,0.08,
0.29,3,8,70,70,70,265,265,5385.87,85.1,254,169.51,14.76,0.134918,0.234365,0.185924,0.183652,0.023498,0.43034,0.0795,0.08,
0.29,3,9,70,70,70,291,291,5800.41,79.8,280.1,162.98,15.03,0.137578,0.240346,0.188021,0.186617,0.020105,0.433,0.0794,0.08,
0.29,3.5,0,70,70,70,351,351,5915.65,79.8,340.1,160.01,16.2,0.156607,0.272557,0.194751,0.194365,0.024208,0.44049,0.0791,0.08,
0.29,3.5,1,70,70,70,306,306,5453.07,79.8,295.1,155.52,14.93,0.136559,0.238636,0.186505,0.1861,0.022237,0.4311,0.079,0.08,
0.29,3.5,2,70,70,70,325,325,5373.71,79.8,315.1,163.69,14.67,0.117507,0.263627,0.191157,0.190328,0.029073,0.43597,0.0792,0.08,
0.29,3.5,3,70,70,70,324,324,5469.73,79.8,314,168.44,14.94,0.150624,0.263517,0.188264,0.183234,0.022687,0.43314,0.0793,0.08,
0.29,3.5,4,70,70,70,350,350,6255.13,79.8,340.1,175.59,15.99,0.105703,0.238682,0.192028,0.194076,0.02315,0.43738,0.0791,0.08,
0.29,3.5,5,70,70,70,305,305,5378.63,85.1,295.1,182.55,14.93,0.144754,0.305068,0.191544,0.189282,0.025355,0.43676,0.0794,0.08,
0.29,3.5,6,70,70,70,308,308,5854.1,79.8,295.1,172.27,15.38,0.130672,0.260516,0.189688,0.188781,0.025321,0.43457,0.079,0.08,
0.29,3.5,7,70,70,70,308,308,6014.68,79.8,295.1,167.39,15.39,0.137573,0.251462,0.187082,0.188024,0.024428,0.43163,0.0788,0.08,
0.29,3.5,8,70,70,70,290,290,5385.87,85.4,280.1,184.93,15.05,0.142442,0.245413,0.187342,0.183356,0.023933,0.43197,0.0794,0.08,
0.29,3.5,9,70,70,70,296,296,5800.41,79.8,285.1,168.95,15.24,0.14153,0.244265,0.186481,0.184594,0.02112,0.43115,0.0791,0.08,
0.29,4,0,70,70,70,356,356,5915.65,79.8,345.1,164.66,16.33,0.149217,0.273849,0.194262,0.191528,0.025202,0.43987,0.079,0.08,
0.29,4,1,70,70,70,308,308,5453.07,79.8,297.5,162.15,15.21,0.13727,0.241541,0.18595,0.187403,0.024165,0.43031,0.0789,0.08,
0.29,4,2,70,70,70,330,330,5373.71,79.8,320.1,169.48,14.75,0.121678,0.269648,0.19084,0.188283,0.030574,0.43549,0.0791,0.08,
0.29,4,3,70,70,70,374,374,5469.73,79.8,360.1,180.01,15.07,0.148684,0.26768,0.187375,0.182467,0.023381,0.43207,0.0792,0.08,
0.29,4,4,70,70,70,355,355,6255.13,90.1,345.1,184.61,16.22,0.099488,0.241953,0.191757,0.191871,0.024071,0.437,0.0791,0.08,
0.29,4,5,70,70,70,320,320,5378.63,85.1,310.1,190.27,14.97,0.13933,0.285098,0.188825,0.186169,0.025417,0.43361,0.0789,0.08,
0.29,4,6,70,70,70,314,314,5854.1,79.8,301.4,178.42,15.6,0.128957,0.265775,0.190251,0.18835,0.026548,0.43513,0.079,0.08,
0.29,4,7,70,70,70,329,329,6014.68,79.8,318.7,172.18,15.46,0.139604,0.255535,0.186846,0.186515,0.025295,0.43129,0.0788,0.08,
0.29,4,8,70,70,70,334,334,5385.87,86.8,325.1,195.43,15.24,0.133934,0.249819,0.188937,0.187392,0.025151,0.43373,0.0795,0.08,
0.29,4,9,70,70,70,296,296,5800.41,79.8,285.1,172.35,15.3,0.135278,0.246156,0.18742,0.185517,0.022717,0.43213,0.0793,0.08,
0.29,4.5,0,70,70,70,356,356,5915.65,79.8,345.1,169.57,16.32,0.150842,0.277334,0.192839,0.190803,0.027303,0.43809,0.0785,0.08,
0.29,4.5,1,70,70,70,311,311,5453.07,79.8,300.1,166,15,0.125185,0.242108,0.184482,0.181836,0.025977,0.42845,0.0786,0.08,
0.29,4.5,2,70,70,70,370,370,5373.71,79.8,360.1,182.66,14.9,0.118677,0.268995,0.189787,0.190883,0.028941,0.4344,0.0791,0.08,
0.29,4.5,3,70,70,70,379,379,5469.73,79.8,365.1,186.6,15.08,0.141066,0.271628,0.187133,0.183838,0.024028,0.43174,0.079,0.08,
0.29,4.5,4,70,70,70,374,374,6255.13,90.1,360.1,193.92,16.03,0.102109,0.244463,0.191186,0.191878,0.023956,0.43635,0.0789,0.08,
0.29,4.5,5,70,70,70,320,320,5378.63,85.1,310.1,198.21,15.04,0.145124,0.250754,0.188248,0.187532,0.021655,0.43317,0.0791,0.08,
0.29,4.5,6,70,70,70,318,318,5854.1,79.8,305.1,184.65,15.54,0.140411,0.269904,0.189465,0.18856,0.025956,0.43429,0.0788,0.08,
0.29,4.5,7,70,70,70,331,331,6014.68,79.8,320.1,178.09,15.44,0.142035,0.259076,0.188236,0.189594,0.027501,0.43273,0.0789,0.08,
0.29,4.5,8,70,70,70,345,345,5385.87,87.8,335.1,203.68,15.14,0.14317,0.253085,0.187741,0.186423,0.024222,0.43241,0.0791,0.08,
0.29,4.5,9,70,70,70,301,301,5800.41,79.8,290.1,175.71,15.12,0.139045,0.241325,0.187001,0.187662,0.023745,0.43158,0.079,0.08,
0.29,5,0,70,70,70,356,356,5915.65,79.8,345.1,171.82,16.93,0.149993,0.288359,0.192831,0.189563,0.028098,0.43803,0.0785,0.08,
0.29,5,1,70,70,70,311,311,5453.07,79.8,300.1,168.69,15.45,0.127666,0.250017,0.184051,0.182474,0.027759,0.42779,0.0784,0.08,
0.29,5,2,70,70,70,375,375,5373.71,79.8,365.1,187.87,15.75,0.121477,0.271836,0.189586,0.187679,0.029511,0.43412,0.079,0.08,
0.29,5,3,70,70,70,379,379,5469.73,79.8,365.1,194.64,15.84,0.132784,0.275004,0.186869,0.183019,0.0257,0.43131,0.0788,0.08,
0.29,5,4,70,70,70,379,379,6255.13,89.9,365.1,200.31,16.52,0.125614,0.246671,0.191725,0.192156,0.024676,0.43695,0.0789,0.08,
0.29,5,5,70,70,70,345,345,5378.63,85.1,335.1,202.78,15.4,0.144837,0.305845,0.188332,0.182397,0.026269,0.433,0.0789,0.08,
0.29,5,6,70,70,70,344,344,5854.1,79.8,334.2,193.11,15.76,0.129798,0.274326,0.188251,0.187999,0.028325,0.43268,0.0786,0.08,
0.29,5,7,70,70,70,336,336,6014.68,79.8,325.1,182.78,15.82,0.131712,0.26247,0.186284,0.182692,0.029039,0.43034,0.0785,0.08,
0.29,5,8,70,70,70,345,345,5385.87,88.7,335.3,207.66,15.42,0.135894,0.256116,0.187118,0.185079,0.025195,0.43161,0.0789,0.08,
0.29,5,9,70,70,70,301,301,5800.41,79.8,290.1,179.07,15.4,0.137522,0.243667,0.187029,0.186078,0.023684,0.43161,0.079,0.08,
0.29,5.5,0,70,70,70,361,361,5915.65,80.1,350.1,175.33,16.79,0.131859,0.286753,0.192563,0.187337,0.030212,0.43755,0.0783,0.08,
0.29,5.5,1,70,70,70,311,311,5453.07,79.8,300.1,172.91,15.56,0.127729,0.262143,0.184949,0.182162,0.028148,0.42881,0.0786,0.08,
0.29,5.5,2,70,70,70,375,375,5373.71,79.8,365.1,193.88,15.57,0.096499,0.274489,0.187731,0.187651,0.029084,0.43196,0.0785,0.08,
0.29,5.5,3,70,70,70,383,383,5469.73,79.8,369.9,199.39,15.82,0.129776,0.277269,0.184371,0.179697,0.027499,0.42825,0.0783,0.08,
0.29,5.5,4,70,70,70,379,379,6255.13,89.4,365.1,205.73,16.56,0.136319,0.248615,0.189925,0.188485,0.025661,0.43482,0.0784,0.08,
0.29,5.5,5,70,70,70,351,351,5378.63,85.1,339.4,209.9,15.48,0.121531,0.308586,0.18743,0.184501,0.028317,0.43176,0.0786,0.08,
0.29,5.5,6,70,70,70,355,355,5854.1,79.8,345.1,200.36,15.88,0.119653,0.278216,0.186827,0.183615,0.030349,0.43084,0.0783,0.08,
0.29,5.5,7,70,70,70,336,336,6014.68,79.8,325.1,184.65,15.68,0.136124,0.262524,0.186529,0.183117,0.028856,0.43064,0.0785,0.08,
0.29,5.5,8,70,70,70,350,350,5385.87,89.5,340.1,208.84,15.48,0.131234,0.258893,0.186967,0.183748,0.026664,0.43132,0.0788,0.08,
0.29,5.5,9,70,70,70,301,301,5800.41,79.8,290.1,185,15.37,0.119094,0.250111,0.185568,0.183879,0.025039,0.42979,0.0787,0.08,
0.29,6,0,70,70,70,361,361,5915.65,80.1,350.1,181.38,16.76,0.129147,0.28528,0.190688,0.187881,0.03021,0.43537,0.0781,0.08,
0.29,6,1,70,70,70,316,316,5453.07,79.8,305.1,177.11,15.46,0.121412,0.261568,0.182678,0.181254,0.02967,0.426,0.078,0.08,
0.29,6,2,70,70,70,380,380,5373.71,79.8,370.1,199.49,15.64,0.100618,0.278456,0.186411,0.186715,0.029797,0.43038,0.0783,0.08,
0.29,6,3,70,70,70,384,384,5469.73,79.8,370.1,203.98,15.91,0.11804,0.277806,0.182722,0.177881,0.029744,0.42611,0.0778,0.08,
0.29,6,4,70,70,70,385,385,6255.13,90.2,375.8,209.09,16.79,0.139068,0.250809,0.190573,0.189693,0.025248,0.43559,0.0785,0.08,
0.29,6,5,70,70,70,352,352,5378.63,85.1,340.1,213.96,15.72,0.115736,0.307512,0.187976,0.189299,0.029068,0.43231,0.0787,0.08,
0.29,6,6,70,70,70,362,362,5854.1,79.8,352.2,204.26,16.07,0.130497,0.282525,0.187922,0.186906,0.030189,0.43214,0.0785,0.08,
0.29,6,7,70,70,70,336,336,6014.68,79.8,325.1,185.74,15.8,0.135748,0.263618,0.186393,0.180587,0.030399,0.43035,0.0784,0.08,
0.29,6,8,70,70,70,420,420,5385.87,90.1,410.1,214.49,15.76,0.130699,0.250995,0.185158,0.181404,0.026996,0.42918,0.0783,0.08,
0.29,6,9,70,70,70,370,370,5800.41,79.9,358.3,190.18,15.61,0.111224,0.251864,0.185441,0.183948,0.025655,0.4296,0.0786,0.08,
0.29,6.5,0,70,70,70,361,361,5915.65,80.1,350.1,183.13,16.64,0.133622,0.291876,0.190252,0.188133,0.031331,0.43477,0.078,0.08,
0.29,6.5,1,70,70,70,325,325,5453.07,79.8,315.1,182.18,15.45,0.127678,0.257879,0.181394,0.179522,0.029356,0.42452,0.0778,0.08,
0.29,6.5,2,70,70,70,398,398,5373.71,79.8,385.1,203.74,15.53,0.109622,0.281699,0.187572,0.187389,0.028935,0.43183,0.0785,0.08,
0.29,6.5,3,70,70,70,384,384,5469.73,79.8,370.1,206.32,15.63,0.109708,0.275605,0.183858,0.180193,0.029342,0.42747,0.0779,0.08,
0.29,6.5,4,70,70,70,390,390,6255.13,90.1,380.1,212.14,16.7,0.127517,0.249837,0.188464,0.187143,0.027111,0.43301,0.0782,0.08,
0.29,6.5,5,70,70,70,352,352,5378.63,85.1,340.1,216.43,15.57,0.129312,0.324838,0.188552,0.185956,0.030269,0.43292,0.0787,0.08,
0.29,6.5,6,70,70,70,369,369,5854.1,79.8,355.1,212.97,16.17,0.130482,0.280698,0.186919,0.184823,0.030805,0.43092,0.0782,0.08,
0.29,6.5,7,70,70,70,341,341,6014.68,79.8,330.1,187.76,15.7,0.124674,0.26719,0.185586,0.178966,0.031732,0.42928,0.0782,0.08,
0.29,6.5,8,70,70,70,420,420,5385.87,90.1,410.1,218.19,15.58,0.125689,0.255631,0.185086,0.180801,0.030126,0.42881,0.0782,0.08,
0.29,6.5,9,70,70,70,412,412,5800.41,80,400.1,193.05,15.47,0.111864,0.253716,0.185403,0.183397,0.02739,0.42941,0.0785,0.08,
0.29,7,0,70,70,70,387,387,5915.65,80.1,375.1,188.86,16.92,0.119319,0.282904,0.18929,0.189329,0.033066,0.43346,0.0777,0.08,
0.29,7,1,70,70,70,325,325,5453.07,79.8,315.1,189.6,15.39,0.123245,0.253748,0.176245,0.175536,0.032299,0.41807,0.0768,0.08,
0.29,7,2,70,70,70,400,400,5373.71,81.6,387.9,208.05,15.58,0.12574,0.284706,0.186242,0.186448,0.030324,0.43016,0.0781,0.08,
0.29,7,3,70,70,70,385,385,5469.73,79.8,371.1,208.41,15.77,0.111557,0.273048,0.183541,0.177604,0.030465,0.427,0.0778,0.08,
0.29,7,4,70,70,70,394,394,6255.13,90.6,381.2,219.43,16.87,0.124687,0.245858,0.185768,0.188472,0.025707,0.42998,0.0777,0.08,
0.29,7,5,70,70,70,357,357,5378.63,93.7,345.1,219.36,15.69,0.134085,0.329504,0.186933,0.179989,0.031772,0.43092,0.0781,0.08,
0.29,7,6,70,70,70,369,369,5854.1,79.8,357.4,219.1,16.4,0.130102,0.275678,0.188258,0.187036,0.030831,0.43246,0.0784,0.08,
0.29,7,7,70,70,70,341,341,6014.68,79.8,330.1,191.75,16.11,0.124252,0.270215,0.185041,0.177574,0.032425,0.42856,0.0781,0.08,
0.29,7,8,70,70,70,420,420,5385.87,90.1,410.1,220.89,15.84,0.124392,0.25996,0.183106,0.181174,0.030632,0.42643,0.0778,0.08,
0.29,7,9,70,70,70,412,412,5800.41,80.1,400.1,197.41,15.93,0.10668,0.255159,0.184403,0.180297,0.028323,0.42814,0.0782,0.08,
0.3,3,0,70,70,70,351,351,5915.65,79.8,340.1,160.42,16.19,0.153588,0.28498,0.195956,0.19267,0.025213,0.44181,0.0792,0.08,
0.3,3,1,70,70,70,306,306,5453.07,79.8,295.1,155.12,14.8,0.147647,0.245086,0.186567,0.183133,0.021114,0.43126,0.079,0.08,
0.3,3,2,70,70,70,325,325,5373.71,79.8,315.1,163.5,14.67,0.119427,0.261901,0.19113,0.189531,0.028185,0.43601,0.0792,0.08,
0.3,3,3,70,70,70,310,310,5469.73,79.8,299.8,168.54,14.64,0.151487,0.261772,0.18819,0.183418,0.021998,0.4331,0.0793,0.08,
0.3,3,4,70,70,70,339,339,6255.13,79.8,326.9,176.59,15.86,0.150337,0.234909,0.192044,0.194272,0.020741,0.43759,0.0793,0.08,
0.3,3,5,70,70,70,301,301,5378.63,85.1,290.1,182.64,14.78,0.14684,0.297311,0.190946,0.18895,0.025181,0.43609,0.0794,0.08,
0.3,3,6,70,70,70,293,293,5854.1,79.8,280.1,171.31,15.19,0.13103,0.261354,0.190099,0.188801,0.025882,0.435,0.079,0.08,
0.3,3,7,70,70,70,308,308,6014.68,79.8,295.1,166.59,15.2,0.135477,0.247046,0.187212,0.185998,0.024249,0.43179,0.0788,0.08,
0.3,3,8,70,70,70,274,274,5385.87,85.9,264.3,182.73,14.82,0.141247,0.243926,0.186633,0.183499,0.023416,0.43118,0.0793,0.08,
0.3,3,9,70,70,70,291,291,5800.41,80.1,280.1,168.99,15.15,0.143838,0.244318,0.188011,0.188798,0.020401,0.43297,0.0793,0.08,
0.3,3.5,0,70,70,70,354,354,5915.65,79.8,343.2,165.29,16.39,0.152312,0.268474,0.194557,0.192488,0.024467,0.44025,0.0791,0.08,
0.3,3.5,1,70,70,70,311,311,5453.07,79.8,300.1,163.66,15.33,0.132569,0.248301,0.185903,0.183023,0.022872,0.43036,0.0788,0.08,
0.3,3.5,2,70,70,70,330,330,5373.71,79.8,320.1,170.04,14.84,0.122784,0.265772,0.191343,0.189116,0.029907,0.43612,0.0791,0.08,
0.3,3.5,3,70,70,70,374,374,5469.73,79.8,360.1,178.24,15.14,0.147371,0.267112,0.187955,0.183228,0.022846,0.43278,0.0793,0.08,
0.3,3.5,4,70,70,70,355,355,6255.13,86.8,345.1,184.72,16.3,0.108595,0.23798,0.191326,0.192257,0.02294,0.4366,0.0791,0.08,
0.3,3.5,5,70,70,70,317,317,5378.63,85.1,305.1,192,15.1,0.143965,0.30469,0.189513,0.187975,0.025127,0.43445,0.0791,0.08,
0.3,3.5,6,70,70,70,320,320,5854.1,79.8,310.1,181.99,15.67,0.129559,0.267907,0.190713,0.188327,0.025712,0.43573,0.0791,0.08,
0.3,3.5,7,70,70,70,326,326,6014.68,79.8,315.1,173.95,15.55,0.132506,0.251979,0.188299,0.186409,0.024937,0.433,0.079,0.08,
0.3,3.5,8,70,70,70,334,334,5385.87,87.5,325.1,197.43,15.32,0.145433,0.248485,0.187992,0.185764,0.023665,0.43274,0.0793,0.08,
0.3,3.5,9,70,70,70,296,296,5800.41,80.1,285.1,174.36,15.32,0.143516,0.247793,0.187827,0.18674,0.021221,0.43271,0.0793,0.08,
0.3,4,0,70,70,70,356,356,5915.65,79.8,345.1,168.23,16.52,0.153415,0.275286,0.193691,0.188849,0.026745,0.43911,0.0788,0.08,
0.3,4,1,70,70,70,311,311,5453.07,79.8,300.1,166.61,15.18,0.133062,0.253931,0.185485,0.1844,0.025495,0.42967,0.0787,0.08,
0.3,4,2,70,70,70,335,335,5373.71,79.8,325.1,181.73,15.06,0.121374,0.272081,0.190802,0.190405,0.029646,0.43551,0.0792,0.08,
0.3,4,3,70,70,70,379,379,5469.73,79.8,365.1,192.82,15.11,0.144317,0.271715,0.189189,0.185624,0.024889,0.43406,0.0793,0.08,
0.3,4,4,70,70,70,375,375,6255.13,92,361.9,196.09,16.33,0.100732,0.243097,0.191832,0.192951,0.02406,0.43708,0.079,0.08,
0.3,4,5,70,70,70,345,345,5378.63,85.1,335.1,200.33,15.29,0.147268,0.303284,0.190088,0.18878,0.025176,0.43511,0.0791,0.08,
0.3,4,6,70,70,70,332,332,5854.1,79.8,322.5,189.47,15.86,0.141623,0.273455,0.190914,0.190981,0.02552,0.43599,0.0791,0.08,
0.3,4,7,70,70,70,331,331,6014.68,79.8,320.1,178.28,15.69,0.14108,0.256675,0.188567,0.18836,0.026645,0.43319,0.079,0.08,
0.3,4,8,70,70,70,345,345,5385.87,89,335.1,205.2,15.49,0.141808,0.251355,0.186648,0.183951,0.024371,0.43113,0.0789,0.08,
0.3,4,9,70,70,70,300,300,5800.41,80.1,289.1,179.21,15.43,0.141211,0.251084,0.188983,0.186894,0.022502,0.43397,0.0793,0.08,
0.3,4.5,0,70,70,70,361,361,5915.65,79.8,350.1,175.45,16.6,0.139599,0.286789,0.193703,0.188923,0.028498,0.439,0.0786,0.08,
0.3,4.5,1,70,70,70,311,311,5453.07,79.8,300.1,173.1,15.12,0.129044,0.255484,0.185495,0.185237,0.027689,0.42948,0.0786,0.08,
0.3,4.5,2,70,70,70,375,375,5373.71,79.8,365.1,189.86,15.05,0.124573,0.2759,0.189208,0.186825,0.029853,0.43367,0.0788,0.08,
0.3,4.5,3,70,70,70,379,379,5469.73,79.8,365.1,197.82,15.18,0.136722,0.275906,0.187849,0.183509,0.025842,0.43244,0.0791,0.08,
0.3,4.5,4,70,70,70,379,379,6255.13,92.2,365.1,202.31,16.4,0.106819,0.246759,0.192648,0.194412,0.025632,0.43791,0.079,0.08,
0.3,4.5,5,70,70,70,357,357,5378.63,85.1,345.1,209.65,15.38,0.146249,0.231191,0.186738,0.186236,0.020514,0.43149,0.0789,0.08,
0.3,4.5,6,70,70,70,350,350,5854.1,79.8,340.1,196.41,15.86,0.133284,0.278193,0.189466,0.187805,0.027011,0.4342,0.0788,0.08,
0.3,4.5,7,70,70,70,334,334,6014.68,79.8,323.9,185.12,15.68,0.133594,0.260891,0.187829,0.184124,0.029027,0.43214,0.0788,0.08,
0.3,4.5,8,70,70,70,345,345,5385.87,90.1,335.1,209.83,15.48,0.138899,0.246695,0.188253,0.185738,0.025399,0.43291,0.0791,0.08,
0.3,4.5,9,70,70,70,301,301,5800.41,80.1,290.1,184.16,15.39,0.13736,0.245823,0.188582,0.184057,0.02315,0.43346,0.0792,0.08,
0.3,5,0,70,70,70,361,361,5915.65,79.8,350.1,181.37,16.97,0.139595,0.302111,0.194038,0.188957,0.029323,0.43934,0.0787,0.08,
0.3,5,1,70,70,70,325,325,5453.07,79.8,315.1,182.17,15.79,0.131887,0.26226,0.185825,0.185171,0.028284,0.42984,0.0786,0.08,
0.3,5,2,70,70,70,380,380,5373.71,79.8,370.1,198.35,15.7,0.096539,0.275788,0.188656,0.188189,0.03211,0.43277,0.0786,0.08,
0.3,5,3,70,70,70,384,384,5469.73,79.8,370.1,204.34,15.73,0.136246,0.279294,0.185675,0.182766,0.027334,0.42979,0.0786,0.08,
0.3,5,4,70,70,70,379,379,6255.13,91.4,365.1,209.6,16.58,0.132822,0.249467,0.19156,0.190014,0.024959,0.43675,0.0787,0.08,
0.3,5,5,70,70,70,410,410,5378.63,85.1,400.1,219.19,15.59,0.138219,0.234274,0.18593,0.184914,0.022982,0.43038,0.0786,0.08,
0.3,5,6,70,70,70,360,360,5854.1,79.8,350.1,202.38,16.16,0.137473,0.282675,0.189778,0.187447,0.028761,0.43443,0.079,0.08,
0.3,5,7,70,70,70,336,336,6014.68,79.8,325.1,188.51,15.78,0.131526,0.265021,0.188289,0.18447,0.029173,0.43266,0.0788,0.08,
0.3,5,8,70,70,70,350,350,5385.87,90.1,340.1,215.38,15.53,0.139198,0.25338,0.188251,0.184912,0.026478,0.43283,0.079,0.08,
0.3,5,9,70,70,70,367,367,5800.41,80.1,355.5,192.74,15.78,0.138592,0.244228,0.186944,0.182359,0.024244,0.43148,0.0789,0.08,
0.3,5.5,0,70,70,70,361,361,5915.65,82.5,350.6,183.93,16.58,0.136958,0.292715,0.193845,0.189228,0.030383,0.43901,0.0786,0.08,
0.3,5.5,1,70,70,70,326,326,5453.07,79.8,315.1,185.52,15.6,0.129946,0.252211,0.184964,0.184908,0.028137,0.42884,0.0785,0.08,
0.3,5.5,2,70,70,70,380,380,5373.71,79.8,370.1,203.93,15.49,0.100992,0.271943,0.188371,0.189923,0.030688,0.43256,0.0786,0.08,
0.3,5.5,3,70,70,70,384,384,5469.73,79.8,370.1,211.29,15.58,0.134176,0.282479,0.18566,0.181531,0.027145,0.4298,0.0785,0.08,
0.3,5.5,4,70,70,70,390,390,6255.13,90.7,380.1,214.33,16.57,0.138403,0.251323,0.19034,0.189902,0.026522,0.43523,0.0784,0.08,
0.3,5.5,5,70,70,70,410,410,5378.63,85.1,400.1,226.9,15.83,0.121741,0.236083,0.186571,0.186215,0.02445,0.43101,0.0787,0.08,
0.3,5.5,6,70,70,70,365,365,5854.1,79.8,355.1,211.32,16.12,0.13056,0.286406,0.187565,0.184898,0.029645,0.4318,0.0784,0.08,
0.3,5.5,7,70,70,70,339,339,6014.68,79.8,328.6,191.44,15.75,0.12565,0.269216,0.188891,0.184353,0.030452,0.43323,0.0789,0.08,
0.3,5.5,8,70,70,70,415,415,5385.87,90.1,405.1,222.29,15.73,0.138013,0.259347,0.186649,0.183934,0.026989,0.43093,0.0787,0.08,
0.3,5.5,9,70,70,70,412,412,5800.41,80.1,400.1,197.23,15.73,0.114262,0.248164,0.18592,0.183477,0.025724,0.43016,0.0787,0.08,
0.3,6,0,70,70,70,387,387,5915.65,82.1,375.1,190.47,16.74,0.134246,0.25727,0.190758,0.188159,0.027624,0.43564,0.0785,0.08,
0.3,6,1,70,70,70,326,326,5453.07,79.8,315.6,189.38,15.47,0.127998,0.249271,0.183735,0.184044,0.029089,0.4273,0.0782,0.08,
0.3,6,2,70,70,70,398,398,5373.71,79.8,385.1,207.11,15.42,0.117592,0.280976,0.189897,0.189848,0.030025,0.43443,0.079,0.08,
0.3,6,3,70,70,70,384,384,5469.73,79.8,370.1,212.49,15.53,0.114793,0.285483,0.184631,0.178469,0.029258,0.42841,0.0784,0.08,
0.3,6,4,70,70,70,390,390,6255.13,91.4,380.1,219.18,16.91,0.136359,0.253257,0.190529,0.190681,0.026255,0.43547,0.0786,0.08,
0.3,6,5,70,70,70,410,410,5378.63,85.1,400.1,229.99,15.87,0.119977,0.321791,0.188866,0.186783,0.029383,0.43335,0.0789,0.08,
0.3,6,6,70,70,70,370,370,5854.1,79.8,360.1,218.17,16.28,0.132299,0.289567,0.187914,0.185391,0.031347,0.43205,0.0783,0.08,
0.3,6,7,70,70,70,341,341,6014.68,79.8,330.1,192.13,15.96,0.12894,0.267697,0.188324,0.184064,0.031697,0.43247,0.0787,0.08,
0.3,6,8,70,70,70,420,420,5385.87,90.4,410.1,226.64,15.89,0.134416,0.263394,0.184822,0.181196,0.028572,0.42866,0.0783,0.08,
0.3,6,9,70,70,70,412,412,5800.41,80.1,400.1,201.45,15.93,0.116205,0.250085,0.18554,0.181394,0.026668,0.42965,0.0785,0.08,
0.3,6.5,0,70,70,70,388,388,5915.65,81.6,376.1,190.67,17.14,0.139386,0.280729,0.192343,0.190131,0.029968,0.43728,0.0786,0.08,
0.3,6.5,1,70,70,70,330,330,5453.07,79.8,320.1,194.43,15.8,0.125972,0.270639,0.180057,0.176271,0.029822,0.42292,0.0776,0.08,
0.3,6.5,2,70,70,70,403,403,5373.71,79.8,390.1,209.75,15.82,0.114385,0.284695,0.18783,0.183717,0.031234,0.43193,0.0785,0.08,
0.3,6.5,3,70,70,70,423,423,5469.73,79.8,410.1,215.77,15.73,0.118868,0.287277,0.184916,0.179053,0.031328,0.42856,0.0781,0.08,
0.3,6.5,4,70,70,70,394,394,6255.13,90.7,384.4,221.69,17.02,0.127177,0.255361,0.18869,0.189762,0.028173,0.43316,0.0781,0.08,
0.3,6.5,5,70,70,70,410,410,5378.63,85.1,400.2,231.76,15.96,0.135061,0.323049,0.188282,0.18723,0.029023,0.43272,0.0788,0.08,
0.3,6.5,6,70,70,70,370,370,5854.1,79.8,360.1,223.02,16.61,0.130156,0.292768,0.190308,0.188756,0.031091,0.43484,0.0787,0.08,
0.3,6.5,7,70,70,70,346,346,6014.68,79.8,335.1,195.36,16.11,0.130901,0.259553,0.187511,0.182764,0.031315,0.43156,0.0785,0.08,
0.3,6.5,8,70,70,70,425,425,5385.87,107.9,415.1,227.53,16.15,0.130092,0.241314,0.184697,0.183339,0.029282,0.42842,0.0782,0.08,
0.3,6.5,9,70,70,70,412,412,5800.41,80.1,400.1,203.79,15.97,0.117355,0.256388,0.186336,0.183154,0.027311,0.43052,0.0787,0.08,
0.3,7,0,70,70,70,392,392,5915.65,80.2,380.1,200.09,16.97,0.133796,0.281037,0.190155,0.188419,0.031062,0.43467,0.0782,0.08,
0.3,7,1,70,70,70,330,330,5453.07,79.9,320.1,197.99,15.69,0.121742,0.268164,0.177311,0.176657,0.031382,0.41946,0.0771,0.08,
0.3,7,2,70,70,70,403,403,5373.71,82.6,390.1,216.66,15.77,0.132568,0.288334,0.187131,0.184459,0.031917,0.43108,0.0783,0.08,
0.3,7,3,70,70,70,423,423,5469.73,79.8,410.1,218.39,15.78,0.116282,0.286381,0.184114,0.179189,0.032084,0.42755,0.0779,0.08,
0.3,7,4,70,70,70,413,413,6255.13,103.4,400.1,229.57,17.06,0.124747,0.253959,0.186251,0.189076,0.027704,0.43036,0.0777,0.08,
0.3,7,5,70,70,70,415,415,5378.63,94.4,405.1,234.23,16.08,0.135764,0.320515,0.186846,0.180189,0.029898,0.43099,0.0782,0.08,
0.3,7,6,70,70,70,440,440,5854.1,79.8,430.1,232.53,16.58,0.124818,0.288619,0.189935,0.187994,0.032866,0.43424,0.0785,0.08,
0.3,7,7,70,70,70,346,346,6014.68,79.8,335.1,198.87,15.92,0.126177,0.263496,0.186078,0.185451,0.032167,0.42979,0.0783,0.08,
0.3,7,8,70,70,70,425,425,5385.87,107.7,415.1,231.84,15.86,0.118755,0.24311,0.181663,0.177805,0.029741,0.42481,0.0776,0.08,
0.3,7,9,70,70,70,417,417,5800.41,80.1,405.1,208.44,15.85,0.111066,0.258027,0.183349,0.180929,0.027794,0.42696,0.0782,0.08,
0.31,3,0,70,70,70,351,351,5915.65,79.8,340.1,164.72,16.45,0.154609,0.267896,0.195755,0.194292,0.025532,0.44154,0.0791,0.08,
0.31,3,1,70,70,70,311,311,5453.07,79.8,300.1,162.5,15.05,0.134333,0.241031,0.186657,0.187201,0.02284,0.43123,0.079,0.08,
0.31,3,2,70,70,70,329,329,5373.71,79.8,320,169.52,14.79,0.124816,0.264994,0.191848,0.189471,0.028724,0.4368,0.0793,0.08,
0.31,3,3,70,70,70,330,330,5469.73,79.8,319.5,175.09,14.84,0.151984,0.26436,0.188692,0.184895,0.021693,0.4337,0.0794,0.08,
0.31,3,4,70,70,70,350,350,6255.13,79.8,340.1,185.85,16.36,0.154661,0.236591,0.192041,0.191206,0.020704,0.4376,0.0794,0.08,
0.31,3,5,70,70,70,310,310,5378.63,85.1,298.6,194.87,15.28,0.150621,0.253294,0.189559,0.189983,0.021333,0.43471,0.0792,0.08,
0.31,3,6,70,70,70,320,320,5854.1,79.8,310.1,182.38,15.75,0.131659,0.265807,0.189394,0.187222,0.02498,0.43427,0.0789,0.08,
0.31,3,7,70,70,70,308,308,6014.68,79.8,295.1,172.4,15.65,0.140727,0.246827,0.188681,0.186564,0.023415,0.43355,0.0791,0.08,
0.31,3,8,70,70,70,314,314,5385.87,87.9,300.1,191.66,15.28,0.144371,0.245904,0.186977,0.182453,0.023244,0.43159,0.0793,0.08,
0.31,3,9,70,70,70,296,296,5800.41,80.1,285.1,174.27,15.31,0.143977,0.239705,0.188159,0.187851,0.020389,0.43314,0.0793,0.08,
0.31,3.5,0,70,70,70,356,356,5915.65,79.8,345.1,171.12,16.35,0.140753,0.272141,0.194851,0.189129,0.02631,0.44046,0.079,0.08,
0.31,3.5,1,70,70,70,311,311,5453.07,79.8,300.1,168.08,14.99,0.139392,0.24553,0.185939,0.183869,0.023441,0.43036,0.0788,0.08,
0.31,3.5,2,70,70,70,335,335,5373.71,79.8,325.1,181.08,14.98,0.123327,0.268381,0.19086,0.187264,0.030324,0.43553,0.079,0.08,
0.31,3.5,3,70,70,70,379,379,5469.73,79.8,365.1,194.06,14.87,0.143231,0.270897,0.189115,0.183896,0.023922,0.43404,0.0793,0.08,
0.31,3.5,4,70,70,70,379,379,6255.13,87.2,365.1,198.63,16.37,0.112222,0.239926,0.192632,0.192821,0.023794,0.43804,0.0792,0.08,
0.31,3.5,5,70,70,70,345,345,5378.63,85.5,335.1,203.17,15.2,0.146104,0.233595,0.189628,0.189607,0.020916,0.43481,0.0793,0.08,
0.31,3.5,6,70,70,70,326,326,5854.1,79.8,316.8,191.75,15.64,0.142998,0.272017,0.190153,0.187802,0.025641,0.4351,0.079,0.08,
0.31,3.5,7,70,70,70,331,331,6014.68,79.8,320.1,181.07,15.37,0.142797,0.251712,0.188539,0.18781,0.025766,0.43322,0.0789,0.08,
0.31,3.5,8,70,70,70,344,344,5385.87,90,335.1,206.45,15.19,0.13816,0.248893,0.187163,0.183862,0.024009,0.43175,0.0789,0.08,
0.31,3.5,9,70,70,70,298,298,5800.41,80.3,285.2,181.37,15.15,0.14008,0.250092,0.188907,0.187043,0.022356,0.43388,0.0794,0.08,
0.31,4,0,70,70,70,361,361,5915.65,79.8,350.1,178.19,16.83,0.143128,0.283106,0.194883,0.190698,0.027124,0.44045,0.0789,0.08,
0.31,4,1,70,70,70,311,311,5453.07,79.8,300.1,174.41,15.47,0.13554,0.252274,0.186787,0.18911,0.026405,0.4311,0.0788,0.08,
0.31,4,2,70,70,70,375,375,5373.71,79.8,365.1,193.78,15.37,0.127224,0.268683,0.188903,0.186321,0.029009,0.43338,0.0787,0.08,
0.31,4,3,70,70,70,379,379,5469.73,79.8,365.1,201.12,15.41,0.138729,0.275951,0.188735,0.184909,0.024921,0.43354,0.0793,0.08,
0.31,4,4,70,70,70,383,383,6255.13,92.5,369.1,206.45,16.87,0.103548,0.244506,0.192598,0.193697,0.025327,0.43787,0.0791,0.08,
0.31,4,5,70,70,70,405,405,5378.63,86.1,395.1,213.57,15.66,0.144759,0.238083,0.188073,0.186306,0.020374,0.43305,0.0791,0.08,
0.31,4,6,70,70,70,350,350,5854.1,79.8,340.1,198.22,15.95,0.136276,0.277862,0.190132,0.189757,0.026391,0.43502,0.079,0.08,
0.31,4,7,70,70,70,333,333,6014.68,79.8,322.4,186.71,15.92,0.134028,0.256515,0.187772,0.184758,0.027856,0.43217,0.0787,0.08,
0.31,4,8,70,70,70,345,345,5385.87,90.1,336.1,212.32,15.57,0.130422,0.25176,0.18928,0.185202,0.025487,0.43409,0.0792,0.08,
0.31,4,9,70,70,70,301,301,5800.41,80.3,290.1,188.41,15.61,0.137348,0.253991,0.188915,0.185302,0.023035,0.43385,0.0793,0.08,
0.31,4.5,0,70,70,70,361,361,5915.65,79.8,350.1,185.01,16.74,0.144954,0.300032,0.194547,0.189953,0.028706,0.43996,0.0788,0.08,
0.31,4.5,1,70,70,70,325,325,5453.07,79.8,315.1,182.8,15.39,0.133375,0.263548,0.187287,0.187125,0.028132,0.43155,0.0788,0.08,
0.31,4.5,2,70,70,70,380,380,5373.71,79.8,370.1,199.29,15.24,0.121398,0.275642,0.190548,0.188486,0.029314,0.43527,0.0789,0.08,
0.31,4.5,3,70,70,70,384,384,5469.73,79.8,370.1,205.98,15.45,0.139109,0.280372,0.18724,0.182713,0.025737,0.43174,0.079,0.08,
0.31,4.5,4,70,70,70,384,384,6255.13,95.1,370.1,213.19,16.63,0.110471,0.245858,0.192088,0.193693,0.026052,0.43725,0.0788,0.08,
0.31,4.5,5,70,70,70,410,410,5378.63,86.5,400.1,223.16,15.55,0.142639,0.241507,0.18757,0.187571,0.022599,0.43232,0.0789,0.08,
0.31,4.5,6,70,70,70,361,361,5854.1,79.8,351.2,208.3,15.93,0.138506,0.282858,0.190287,0.187036,0.027789,0.4351,0.0791,0.08,
0.31,4.5,7,70,70,70,337,337,6014.68,79.8,325.1,192.54,15.62,0.136853,0.261342,0.188964,0.188017,0.028016,0.43354,0.079,0.08,
0.31,4.5,8,70,70,70,396,396,5385.87,99.9,382.3,220.14,15.56,0.134282,0.247763,0.189112,0.183106,0.025305,0.43391,0.0792,0.08,
0.31,4.5,9,70,70,70,376,376,5800.41,80.2,364.8,196.08,15.33,0.141867,0.2447,0.187972,0.183457,0.023394,0.43274,0.079,0.08,
0.31,5,0,70,70,70,377,377,5915.65,79.8,365.1,191.15,16.87,0.143461,0.316364,0.194659,0.191349,0.030495,0.43997,0.0788,0.08,
0.31,5,1,70,70,70,326,326,5453.07,79.8,315.1,187.34,15.53,0.133165,0.255708,0.186902,0.186,0.02731,0.43117,0.0788,0.08,
0.31,5,2,70,70,70,380,380,5373.71,79.8,370.1,204.3,15.5,0.101562,0.279663,0.190442,0.189771,0.03222,0.43482,0.0788,0.08,
0.31,5,3,70,70,70,384,384,5469.73,79.8,370.1,210.22,15.74,0.13804,0.284048,0.186162,0.182207,0.027563,0.43035,0.0788,0.08,
0.31,5,4,70,70,70,390,390,6255.13,94.4,380.1,220.68,16.73,0.140496,0.250773,0.192069,0.192629,0.02701,0.43718,0.0787,0.08,
0.31,5,5,70,70,70,410,410,5378.63,86.6,400.1,230.7,15.67,0.13278,0.244262,0.186602,0.185439,0.023142,0.43115,0.0787,0.08,
0.31,5,6,70,70,70,365,365,5854.1,79.8,355.1,215.65,16.12,0.13395,0.287459,0.189669,0.186862,0.029659,0.43424,0.0787,0.08,
0.31,5,7,70,70,70,343,343,6014.68,79.8,330.1,194.37,15.72,0.128246,0.264197,0.189945,0.186444,0.030476,0.43445,0.0791,0.08,
0.31,5,8,70,70,70,415,415,5385.87,100.1,405.1,228.07,15.75,0.137422,0.236361,0.187977,0.185209,0.027352,0.43243,0.079,0.08,
0.31,5,9,70,70,70,412,412,5800.41,80.1,400.1,201.21,15.66,0.128145,0.2489,0.188222,0.186353,0.024351,0.43295,0.079,0.08,
0.31,5.5,0,70,70,70,377,377,5915.65,86.6,365.1,193.97,16.99,0.139944,0.318595,0.192292,0.188497,0.03008,0.43727,0.0785,0.08,
0.31,5.5,1,70,70,70,329,329,5453.07,79.8,319.3,190.09,15.67,0.127076,0.265853,0.186417,0.184344,0.030432,0.43034,0.0787,0.08,
0.31,5.5,2,70,70,70,385,385,5373.71,79.8,375.1,208.78,15.75,0.108424,0.282774,0.189804,0.187354,0.030736,0.43427,0.0789,0.08,
0.31,5.5,3,70,70,70,423,423,5469.73,79.8,410.1,217.96,15.7,0.131559,0.287554,0.185065,0.180325,0.029241,0.42893,0.0784,0.08,
0.31,5.5,4,70,70,70,390,390,6255.13,93.4,380.1,224.31,17.01,0.141467,0.253868,0.192586,0.193996,0.026214,0.43783,0.0788,0.08,
0.31,5.5,5,70,70,70,410,410,5378.63,86.7,400.1,234.46,15.89,0.12717,0.246267,0.186957,0.185924,0.024185,0.43149,0.0788,0.08,
0.31,5.5,6,70,70,70,370,370,5854.1,79.8,360.1,224.9,16.36,0.130003,0.291962,0.188936,0.185961,0.03067,0.4333,0.0784,0.08,
0.31,5.5,7,70,70,70,346,346,6014.68,79.8,335.1,199.26,16.02,0.132503,0.266893,0.189097,0.187147,0.030478,0.43348,0.0789,0.08,
0.31,5.5,8,70,70,70,420,420,5385.87,100.1,410.1,231.6,15.96,0.137386,0.239636,0.18683,0.184704,0.026797,0.43115,0.0788,0.08,
0.31,5.5,9,70,70,70,412,412,5800.41,80.1,400.1,205.83,15.78,0.119104,0.250518,0.187819,0.185289,0.026503,0.43232,0.0789,0.08,
0.31,6,0,70,70,70,387,387,5915.65,86.2,375.1,203.38,17.4,0.138852,0.263165,0.190534,0.187183,0.027874,0.43537,0.0786,0.08,
0.31,6,1,70,70,70,337,337,5453.07,79.8,325.1,197.78,15.97,0.120322,0.262722,0.184595,0.184691,0.028581,0.42837,0.0785,0.08,
0.31,6,2,70,70,70,403,403,5373.71,79.8,390.1,214.09,15.89,0.119164,0.27903,0.189237,0.189286,0.030449,0.43365,0.0789,0.08,
0.31,6,3,70,70,70,423,423,5469.73,79.8,410.1,222.54,15.98,0.118479,0.290747,0.185946,0.182848,0.030027,0.42989,0.0785,0.08,
0.31,6,4,70,70,70,413,413,6255.13,92.6,400.7,229.64,17.05,0.138175,0.256335,0.19171,0.192349,0.028042,0.43668,0.0788,0.08,
0.31,6,5,70,70,70,415,415,5378.63,86.6,405.1,241.28,16.23,0.126034,0.24812,0.187178,0.185809,0.025338,0.43165,0.0787,0.08,
0.31,6,6,70,70,70,440,440,5854.1,79.8,430.1,231.79,16.58,0.12499,0.295854,0.18865,0.187518,0.031595,0.43288,0.0783,0.08,
0.31,6,7,70,70,70,348,348,6014.68,79.8,335.3,201.9,16.07,0.127447,0.269618,0.188485,0.186314,0.031704,0.43268,0.0788,0.08,
0.31,6,8,70,70,70,425,425,5385.87,100.1,415.1,234.99,15.99,0.134243,0.243403,0.185487,0.183315,0.027945,0.42949,0.0786,0.08,
0.31,6,9,70,70,70,417,417,5800.41,80.1,405.1,208.47,15.96,0.121479,0.248433,0.187265,0.185463,0.027133,0.4316,0.0788,0.08,
0.31,6.5,0,70,70,70,392,392,5915.65,85.1,380.1,204.77,17.21,0.144722,0.26647,0.191094,0.188315,0.029039,0.43592,0.0787,0.08,
0.31,6.5,1,70,70,70,382,382,5453.07,80.1,369.9,206.1,15.97,0.127102,0.259071,0.182126,0.182656,0.029419,0.42538,0.078,0.08,
0.31,6.5,2,70,70,70,403,403,5373.71,80.5,390.1,220.36,15.8,0.127626,0.28813,0.189384,0.185789,0.031108,0.43379,0.0788,0.08,
0.31,6.5,3,70,70,70,423,423,5469.73,79.8,410.1,225.65,15.94,0.122612,0.293306,0.186232,0.180612,0.030353,0.43021,0.0786,0.08,
0.31,6.5,4,70,70,70,428,428,6255.13,92,415.1,235.95,17.16,0.130406,0.257858,0.189276,0.190049,0.029644,0.43372,0.0783,0.08,
0.31,6.5,5,70,70,70,415,415,5378.63,86.5,405.1,244.25,16.13,0.140911,0.24877,0.187124,0.18529,0.025697,0.43158,0.0787,0.08,
0.31,6.5,6,70,70,70,440,440,5854.1,79.8,430.1,237.22,16.65,0.129294,0.300032,0.189722,0.187139,0.03259,0.43404,0.0785,0.08,
0.31,6.5,7,70,70,70,364,364,6014.68,79.8,350.9,208.55,16.13,0.130316,0.273216,0.187152,0.183037,0.032236,0.43107,0.0785,0.08,
0.31,6.5,8,70,70,70,425,425,5385.87,111.5,415.1,239.41,15.99,0.125527,0.242438,0.182866,0.184105,0.028183,0.42636,0.078,0.08,
0.31,6.5,9,70,70,70,417,417,5800.41,80.1,405.1,211.85,15.89,0.122485,0.254699,0.185429,0.18381,0.028665,0.42934,0.0785,0.08,
0.31,7,0,70,70,70,456,456,5915.65,85.1,445.1,212.49,18.13,0.130738,0.269049,0.187248,0.183383,0.031608,0.43123,0.0778,0.08,
0.31,7,1,70,70,70,397,397,5453.07,80.4,385.1,212.64,16.86,0.099113,0.255112,0.178425,0.18117,0.031374,0.42073,0.0771,0.08,
0.31,7,2,70,70,70,403,403,5373.71,83.6,390.1,225.75,16.92,0.130145,0.291775,0.187909,0.186102,0.032874,0.43191,0.0784,0.08,
0.31,7,3,70,70,70,508,508,5469.73,79.8,495.1,234.63,16.86,0.123615,0.295386,0.185084,0.181215,0.031821,0.42873,0.0782,0.08,
0.31,7,4,70,70,70,474,474,6255.13,104,460.1,241.51,17.36,0.131038,0.253545,0.187106,0.189784,0.027919,0.43134,0.0779,0.08,
0.31,7,5,70,70,70,415,415,5378.63,95,405.1,248.07,16.25,0.137274,0.338402,0.187763,0.179887,0.031555,0.43194,0.0785,0.08,
0.31,7,6,70,70,70,476,476,5854.1,79.8,465.1,246.62,16.96,0.112894,0.301875,0.190138,0.187214,0.035711,0.43419,0.0785,0.08,
0.31,7,7,70,70,70,410,410,6014.68,79.8,396.8,216.51,16.38,0.126919,0.276207,0.187313,0.184305,0.032312,0.43124,0.0785,0.08,
0.31,7,8,70,70,70,430,430,5385.87,114.4,420.1,247.81,16.24,0.123567,0.238776,0.180122,0.181563,0.028215,0.42311,0.0775,0.08,
0.31,7,9,70,70,70,417,417,5800.41,80.1,405.1,218.31,16.04,0.11559,0.25715,0.183887,0.183416,0.028064,0.42757,0.0782,0.08,
0.32,3,0,70,70,70,356,356,5915.65,79.8,345.1,173.74,16.72,0.142421,0.268337,0.194736,0.191668,0.025322,0.44039,0.079,0.08,
0.32,3,1,70,70,70,311,311,5453.07,79.8,300.1,167.6,15.45,0.141009,0.24076,0.185546,0.184101,0.022165,0.42999,0.0787,0.08,
0.32,3,2,70,70,70,330,330,5373.71,79.8,320.6,179.24,15.25,0.12436,0.266808,0.19087,0.186451,0.028735,0.43568,0.0791,0.08,
0.32,3,3,70,70,70,374,374,5469.73,79.8,360.1,188.89,15.49,0.144452,0.263993,0.188553,0.185156,0.022837,0.43346,0.0793,0.08,
0.32,3,4,70,70,70,379,379,6255.13,83.1,365.1,196.13,16.75,0.149296,0.237911,0.192871,0.195673,0.021856,0.43847,0.0793,0.08,
0.32,3,5,70,70,70,345,345,5378.63,86.1,335.1,200.77,15.64,0.146135,0.241882,0.190111,0.188545,0.021185,0.43535,0.0794,0.08,
0.32,3,6,70,70,70,320,320,5854.1,79.8,310.1,189.92,16.11,0.131382,0.268416,0.190345,0.189826,0.024847,0.43537,0.0791,0.08,
0.32,3,7,70,70,70,326,326,6014.68,79.8,315.9,180.35,15.85,0.13617,0.243068,0.189638,0.190709,0.0245,0.43458,0.0791,0.08,
0.32,3,8,70,70,70,344,344,5385.87,90.1,335.1,203.23,15.64,0.147388,0.242694,0.188425,0.18561,0.023185,0.43328,0.0793,0.08,
0.32,3,9,70,70,70,298,298,5800.41,81.7,285.1,181.56,15.68,0.143479,0.243854,0.188666,0.186216,0.021821,0.43364,0.0793,0.08,
0.32,3.5,0,70,70,70,356,356,5915.65,79.8,345.1,181.4,16.93,0.146103,0.276721,0.194484,0.189405,0.026986,0.44,0.0789,0.08,
0.32,3.5,1,70,70,70,311,311,5453.07,79.8,300.1,173.71,15.64,0.133397,0.252597,0.187941,0.189582,0.024251,0.43262,0.0791,0.08,
0.32,3.5,2,70,70,70,340,340,5373.71,79.8,330.1,191.27,15.57,0.129071,0.273067,0.190152,0.189316,0.02855,0.43486,0.079,0.08,
0.32,3.5,3,70,70,70,379,379,5469.73,79.8,365.1,201.56,15.79,0.139997,0.268041,0.188827,0.184341,0.024051,0.4337,0.0795,0.08,
0.32,3.5,4,70,70,70,384,384,6255.13,88,370.1,206.87,16.93,0.116022,0.240895,0.191846,0.191103,0.024319,0.43711,0.079,0.08,
0.32,3.5,5,70,70,70,405,405,5378.63,88.1,395.1,212.91,15.93,0.147471,0.235662,0.188809,0.187622,0.020641,0.43388,0.0792,0.08,
0.32,3.5,6,70,70,70,343,343,5854.1,79.8,333.2,199.85,16.1,0.138827,0.270063,0.190721,0.188394,0.025104,0.43579,0.0791,0.08,
0.32,3.5,7,70,70,70,331,331,6014.68,79.8,320.1,189.14,16.02,0.132693,0.251305,0.188373,0.184339,0.02734,0.4329,0.0789,0.08,
0.32,3.5,8,70,70,70,346,346,5385.87,100.1,337.2,214.6,15.75,0.145184,0.234782,0.18806,0.18748,0.023507,0.43283,0.0791,0.08,
0.32,3.5,9,70,70,70,301,301,5800.41,81.9,290.1,191.86,15.95,0.139105,0.247801,0.188772,0.185421,0.022259,0.43374,0.0794,0.08,
0.32,4,0,70,70,70,361,361,5915.65,79.8,350.1,187.4,16.96,0.147142,0.295709,0.195482,0.190697,0.028457,0.44104,0.0791,0.08,
0.32,4,1,70,70,70,326,326,5453.07,79.8,315.1,185.57,15.5,0.133402,0.264384,0.187579,0.185756,0.02693,0.43199,0.0789,0.08,
0.32,4,2,70,70,70,380,380,5373.71,79.8,370.1,201.5,15.4,0.123776,0.275738,0.190368,0.188441,0.029042,0.43509,0.079,0.08,
0.32,4,3,70,70,70,382,382,5469.73,79.8,368.7,207.78,15.46,0.14026,0.279058,0.188623,0.183827,0.024169,0.43346,0.0794,0.08,
0.32,4,4,70,70,70,384,384,6255.13,93.3,370.1,217.36,16.62,0.10733,0.246046,0.192249,0.193401,0.02614,0.43742,0.0789,0.08,
0.32,4,5,70,70,70,410,410,5378.63,88.8,400.1,222.31,15.62,0.141766,0.240414,0.187321,0.186137,0.021887,0.43208,0.0789,0.08,
0.32,4,6,70,70,70,360,360,5854.1,79.8,350.6,209.67,15.97,0.131494,0.27615,0.191152,0.187909,0.027657,0.43609,0.0791,0.08,
0.32,4,7,70,70,70,343,343,6014.68,79.8,330.1,193.71,15.89,0.140577,0.256503,0.18841,0.187608,0.027204,0.43296,0.0788,0.08,
0.32,4,8,70,70,70,350,350,5385.87,100.1,340.1,222,15.55,0.137475,0.235842,0.189133,0.186386,0.025298,0.43393,0.0793,0.08,
0.32,4,9,70,70,70,407,407,5800.41,81.9,395.1,199.63,15.71,0.142914,0.25521,0.189422,0.186297,0.022844,0.43446,0.0794,0.08,
0.32,4.5,0,70,70,70,366,366,5915.65,79.8,355.1,194.68,17.15,0.144994,0.313685,0.195057,0.189328,0.030128,0.44044,0.0789,0.08,
0.32,4.5,1,70,70,70,326,326,5453.07,79.8,315.1,190.15,15.67,0.132518,0.258289,0.187794,0.185739,0.027649,0.43218,0.0789,0.08,
0.32,4.5,2,70,70,70,385,385,5373.71,79.8,375.1,208.48,15.74,0.102991,0.278178,0.190046,0.188335,0.029815,0.43461,0.079,0.08,
0.32,4.5,3,70,70,70,384,384,5469.73,79.8,370.1,214.91,15.76,0.134754,0.284336,0.186657,0.18133,0.027452,0.43093,0.0789,0.08,
0.32,4.5,4,70,70,70,390,390,6255.13,95.2,380.1,226.87,17.09,0.11487,0.250107,0.191704,0.192843,0.027935,0.43666,0.0787,0.08,
0.32,4.5,5,70,70,70,410,410,5378.63,89.2,400.1,232.28,15.88,0.145867,0.24369,0.187567,0.18407,0.023276,0.43227,0.0789,0.08,
0.32,4.5,6,70,70,70,366,366,5854.1,79.8,356.3,219.97,16.22,0.135825,0.281844,0.191124,0.187614,0.028409,0.43601,0.0791,0.08,
0.32,4.5,7,70,70,70,347,347,6014.68,79.8,334.3,199.01,15.82,0.129746,0.258728,0.189905,0.185979,0.028581,0.43457,0.0791,0.08,
0.32,4.5,8,70,70,70,415,415,5385.87,100.1,405.1,230.43,15.78,0.137717,0.242013,0.187716,0.185115,0.025676,0.43226,0.079,0.08,
0.32,4.5,9,70,70,70,412,412,5800.41,81.8,400.1,205.5,15.78,0.140311,0.238443,0.1879,0.185435,0.022911,0.43269,0.079,0.08,
0.32,5,0,70,70,70,377,377,5915.65,79.8,365.1,202.28,17.1,0.146699,0.331033,0.193278,0.187182,0.030277,0.43841,0.0788,0.08,
0.32,5,1,70,70,70,331,331,5453.07,79.8,320.1,193.66,15.53,0.129654,0.26723,0.18764,0.186497,0.028725,0.43192,0.0789,0.08,
0.32,5,2,70,70,70,387,387,5373.71,79.8,377.3,213,15.53,0.106988,0.283249,0.189548,0.189887,0.032368,0.4338,0.0788,0.08,
0.32,5,3,70,70,70,423,423,5469.73,79.8,410.1,223.46,15.88,0.135881,0.28913,0.187569,0.183545,0.028076,0.43195,0.079,0.08,
0.32,5,4,70,70,70,413,413,6255.13,95.1,400.1,232.51,17.39,0.141506,0.249848,0.191893,0.191393,0.027741,0.43693,0.0789,0.08,
0.32,5,5,70,70,70,410,410,5378.63,89.3,400.1,237.51,16.26,0.138289,0.246321,0.188343,0.186885,0.024115,0.43311,0.0789,0.08,
0.32,5,6,70,70,70,371,371,5854.1,79.8,361.9,228.57,16.7,0.132983,0.291051,0.190838,0.188758,0.02948,0.4356,0.0788,0.08,
0.32,5,7,70,70,70,348,348,6014.68,79.8,335.1,202.17,16.08,0.13504,0.265165,0.189305,0.187784,0.029448,0.43382,0.079,0.08,
0.32,5,8,70,70,70,420,420,5385.87,100.1,410.1,234.09,16.13,0.13811,0.247209,0.188047,0.185816,0.026628,0.43258,0.079,0.08,
0.32,5,9,70,70,70,412,412,5800.41,81.7,400.1,211.95,16.04,0.134081,0.23857,0.186421,0.185362,0.024745,0.43083,0.0789,0.08,
0.32,5.5,0,70,70,70,455,455,5915.65,90.3,444.2,209.61,17.21,0.141027,0.259982,0.191793,0.188316,0.026241,0.43695,0.079,0.08,
0.32,5.5,1,70,70,70,378,378,5453.07,79.8,365.1,202.44,15.78,0.123103,0.270011,0.188202,0.186057,0.030372,0.43243,0.079,0.08,
0.32,5.5,2,70,70,70,403,403,5373.71,79.8,390.1,219.93,15.56,0.113889,0.286618,0.191,0.187362,0.031365,0.43562,0.0791,0.08,
0.32,5.5,3,70,70,70,423,423,5469.73,79.8,410.1,226.86,15.76,0.1346,0.292261,0.186863,0.183959,0.029505,0.43102,0.0788,0.08,
0.32,5.5,4,70,70,70,428,428,6255.13,94.8,415.1,241.89,17.1,0.140302,0.255501,0.191306,0.190784,0.0273,0.43629,0.0788,0.08,
0.32,5.5,5,70,70,70,415,415,5378.63,89.4,405.1,242.19,16.07,0.133652,0.248686,0.187767,0.186322,0.02501,0.43237,0.0788,0.08,
0.32,5.5,6,70,70,70,440,440,5854.1,79.8,430.1,234.18,16.42,0.128194,0.295977,0.189793,0.187195,0.030674,0.43429,0.0785,0.08,
0.32,5.5,7,70,70,70,395,395,6014.68,79.8,382.8,209.39,15.92,0.128597,0.270161,0.188296,0.183607,0.031714,0.43244,0.0787,0.08,
0.32,5.5,8,70,70,70,425,425,5385.87,100.1,415.1,239.17,15.92,0.134828,0.251728,0.186308,0.184606,0.025844,0.43062,0.0787,0.08,
0.32,5.5,9,70,70,70,417,417,5800.41,81.5,405.1,217.64,15.74,0.12456,0.253896,0.186357,0.183906,0.026709,0.4306,0.0789,0.08,
0.32,6,0,70,70,70,456,456,5915.65,90.1,445.1,212.47,17.44,0.143815,0.2641,0.190424,0.188714,0.027368,0.43528,0.0787,0.08,
0.32,6,1,70,70,70,397,397,5453.07,86.6,385.1,211.37,16.12,0.11968,0.271137,0.18428,0.183033,0.02973,0.4279,0.0784,0.08,
0.32,6,2,70,70,70,407,407,5373.71,79.8,397.6,224.75,16.05,0.12478,0.289896,0.189829,0.185304,0.029083,0.43447,0.079,0.08,
0.32,6,3,70,70,70,425,425,5469.73,80.1,412.8,236.41,16.11,0.123929,0.292271,0.186977,0.182617,0.029571,0.43114,0.0788,0.08,
0.32,6,4,70,70,70,428,428,6255.13,93.9,415.1,247.07,17.57,0.131979,0.258335,0.19065,0.190634,0.028562,0.43543,0.0787,0.08,
0.32,6,5,70,70,70,415,415,5378.63,89.3,405.1,249.64,16.23,0.133169,0.250662,0.189226,0.186391,0.025829,0.434,0.0791,0.08,
0.32,6,6,70,70,70,440,440,5854.1,79.8,430.1,240.05,16.63,0.129443,0.300473,0.190694,0.187565,0.032217,0.4352,0.0786,0.08,
0.32,6,7,70,70,70,398,398,6014.68,79.8,385.1,221.8,16.43,0.128611,0.277334,0.188494,0.18333,0.032451,0.43262,0.0786,0.08,
0.32,6,8,70,70,70,425,425,5385.87,108.6,415.1,247.26,16.16,0.134257,0.24843,0.184901,0.18487,0.026909,0.42887,0.0785,0.08,
0.32,6,9,70,70,70,417,417,5800.41,81.4,405.1,219.67,15.96,0.123864,0.255805,0.187079,0.185267,0.028096,0.43133,0.0789,0.08,
0.32,6.5,0,70,70,70,456,456,5915.65,90.1,445.1,218.66,17.58,0.144185,0.267536,0.189187,0.187602,0.028429,0.43378,0.0784,0.08,
0.32,6.5,1,70,70,70,431,431,5453.07,80.1,420.1,217.88,16.27,0.113876,0.272731,0.182059,0.182096,0.03058,0.42519,0.0778,0.08,
0.32,6.5,2,70,70,70,413,413,5373.71,81.1,403.5,230.94,16.08,0.135029,0.286384,0.189999,0.186701,0.029679,0.43463,0.0788,0.08,
0.32,6.5,3,70,70,70,508,508,5469.73,80.1,495.1,241.74,16.26,0.126767,0.298917,0.186015,0.181023,0.030674,0.42993,0.0785,0.08,
0.32,6.5,4,70,70,70,474,474,6255.13,93.1,460.1,252.79,17.41,0.134769,0.260853,0.1891,0.19113,0.029914,0.43351,0.0784,0.08,
0.32,6.5,5,70,70,70,415,415,5378.63,92.3,405.1,254.47,16.16,0.13961,0.249958,0.188694,0.185984,0.026206,0.43337,0.0789,0.08,
0.32,6.5,6,70,70,70,486,486,5854.1,79.8,475.1,248.79,16.68,0.117046,0.304781,0.189964,0.18563,0.033867,0.4342,0.0785,0.08,
0.32,6.5,7,70,70,70,414,414,6014.68,79.8,400.1,225.26,16.4,0.128367,0.277368,0.188602,0.183037,0.033783,0.43261,0.0786,0.08,
0.32,6.5,8,70,70,70,507,507,5385.87,112.3,495.1,251.48,16.26,0.130103,0.241887,0.183158,0.181397,0.027205,0.42681,0.078,0.08,
0.32,6.5,9,70,70,70,417,417,5800.41,81.2,405.1,226.22,15.98,0.11966,0.256122,0.186555,0.181678,0.028978,0.43064,0.0787,0.08,
0.32,7,0,70,70,70,456,456,5915.65,90.1,445.1,221.02,17.64,0.136183,0.268183,0.186831,0.18658,0.030201,0.43088,0.0778,0.08,
0.32,7,1,70,70,70,431,431,5453.07,120,420.1,225.26,16.43,0.090415,0.268569,0.178114,0.176515,0.030752,0.42044,0.0772,0.08,
0.32,7,2,70,70,70,550,550,5373.71,84.5,540.1,239.13,16.26,0.120531,0.295116,0.187562,0.182908,0.033417,0.43143,0.0784,0.08,
0.32,7,3,70,70,70,508,508,5469.73,80.1,495.4,245.74,16.49,0.131964,0.301046,0.184715,0.177703,0.031515,0.42834,0.0784,0.08,
0.32,7,4,70,70,70,479,479,6255.13,104.7,465.1,260.72,17.8,0.13274,0.260091,0.185723,0.189114,0.029273,0.42962,0.0779,0.08,
0.32,7,5,70,70,70,415,415,5378.63,95.5,405.1,261.59,16.53,0.137005,0.255846,0.186064,0.18001,0.027936,0.43018,0.0784,0.08,
0.32,7,6,70,70,70,486,486,5854.1,79.8,475.2,254.99,17.06,0.11976,0.30885,0.187572,0.183787,0.033984,0.43142,0.0782,0.08,
0.32,7,7,70,70,70,414,414,6014.68,79.8,400.1,230.26,16.62,0.126121,0.281555,0.186966,0.182619,0.03416,0.43067,0.0784,0.08,
0.32,7,8,70,70,70,510,510,5385.87,115.1,498.6,257.59,16.55,0.120016,0.239971,0.181132,0.178345,0.028432,0.4243,0.0777,0.08,
0.32,7,9,70,70,70,417,417,5800.41,81.1,405.1,228.11,16.32,0.104072,0.252045,0.184391,0.181367,0.02942,0.42804,0.0783,0.08,
0.33,3,0,70,70,70,356,356,5915.65,79.8,345.1,180.18,16.46,0.14782,0.266788,0.195144,0.188638,0.025418,0.44086,0.0791,0.08,
0.33,3,1,70,70,70,311,311,5453.07,79.8,300.1,171.93,15.11,0.138891,0.252355,0.188613,0.186084,0.022888,0.43351,0.0793,0.08,
0.33,3,2,70,70,70,339,339,5373.71,79.8,329.2,191.71,15.06,0.12992,0.26953,0.190483,0.188639,0.026882,0.43538,0.0791,0.08,
0.33,3,3,70,70,70,379,379,5469.73,79.8,365.1,198.69,15.15,0.144779,0.239857,0.187775,0.185653,0.022161,0.43259,0.0792,0.08,
0.33,3,4,70,70,70,384,384,6255.13,83.5,370.1,202.87,16.52,0.150677,0.239947,0.193379,0.192938,0.021937,0.43905,0.0794,0.08,
0.33,3,5,70,70,70,395,395,5378.63,88.8,385.1,207.15,15.36,0.149369,0.238781,0.190642,0.191148,0.020392,0.43601,0.0795,0.08,
0.33,3,6,70,70,70,327,327,5854.1,79.8,317.4,200.6,15.89,0.140876,0.265626,0.190153,0.190127,0.024348,0.43519,0.0791,0.08,
0.33,3,7,70,70,70,331,331,6014.68,79.8,320.1,188.86,15.59,0.140248,0.24823,0.18854,0.186187,0.024683,0.4333,0.0789,0.08,
0.33,3,8,70,70,70,344,344,5385.87,100.1,335.1,212.49,15.4,0.13883,0.232317,0.187455,0.187177,0.022856,0.43217,0.079,0.08,
0.33,3,9,70,70,70,304,304,5800.41,90.1,291.5,192.28,15.26,0.139982,0.242426,0.188459,0.186882,0.021451,0.43343,0.0794,0.08,
0.33,3.5,0,70,70,70,361,361,5915.65,79.8,350.1,189.57,17.14,0.150531,0.288575,0.196429,0.191165,0.028306,0.44213,0.0793,0.08,
0.33,3.5,1,70,70,70,326,326,5453.07,79.8,315.1,183.55,15.7,0.136516,0.250961,0.18691,0.186035,0.025103,0.43136,0.0789,0.08,
0.33,3.5,2,70,70,70,380,380,5373.71,79.8,370.1,203.78,15.72,0.125617,0.275386,0.189893,0.189042,0.026419,0.43474,0.0791,0.08,
0.33,3.5,3,70,70,70,379,379,5469.73,79.8,365.1,208.61,15.71,0.141478,0.252034,0.187439,0.183826,0.023529,0.43213,0.0793,0.08,
0.33,3.5,4,70,70,70,384,384,6255.13,88.8,370.1,218.2,16.8,0.11986,0.243643,0.19154,0.192554,0.024647,0.43674,0.0789,0.08,
0.33,3.5,5,70,70,70,408,408,5378.63,90.1,398.4,220.52,15.62,0.148559,0.239468,0.188598,0.185933,0.021207,0.43361,0.0792,0.08,
0.33,3.5,6,70,70,70,360,360,5854.1,79.8,350.1,211.79,16.08,0.133455,0.27482,0.190152,0.18776,0.02657,0.43503,0.079,0.08,
0.33,3.5,7,70,70,70,343,343,6014.68,79.8,330.8,195.9,15.88,0.139464,0.25488,0.189339,0.188362,0.027061,0.43404,0.0789,0.08,
0.33,3.5,8,70,70,70,349,349,5385.87,100.1,340.1,222.05,15.68,0.132806,0.239245,0.189596,0.187458,0.025323,0.43446,0.0793,0.08,
0.33,3.5,9,70,70,70,407,407,5800.41,90.1,395.1,201.13,15.83,0.141062,0.244925,0.189105,0.186817,0.021905,0.43415,0.0794,0.08,
0.33,4,0,70,70,70,366,366,5915.65,79.8,355.1,197.26,17,0.149555,0.308699,0.196401,0.189184,0.029778,0.442,0.0792,0.08,
0.33,4,1,70,70,70,327,327,5453.07,79.8,316.4,190.87,15.67,0.134973,0.260471,0.188266,0.186641,0.026488,0.43283,0.0789,0.08,
0.33,4,2,70,70,70,385,385,5373.71,79.8,375.1,210.58,15.55,0.120237,0.281624,0.190347,0.189914,0.028074,0.43513,0.0791,0.08,
0.33,4,3,70,70,70,384,384,5469.73,79.8,370.1,214.81,15.54,0.137778,0.24883,0.18752,0.183946,0.025213,0.43209,0.0793,0.08,
0.33,4,4,70,70,70,408,408,6255.13,94,395.1,233.05,17,0.113818,0.246587,0.192424,0.19474,0.026265,0.43762,0.079,0.08,
0.33,4,5,70,70,70,410,410,5378.63,90.1,400.1,232.14,15.75,0.137498,0.242924,0.188247,0.184411,0.023663,0.43303,0.079,0.08,
0.33,4,6,70,70,70,365,365,5854.1,79.8,355.3,223.68,16.23,0.137228,0.281848,0.192863,0.189749,0.027184,0.4381,0.0794,0.08,
0.33,4,7,70,70,70,348,348,6014.68,79.8,335.1,202.96,15.71,0.129919,0.262748,0.18898,0.188355,0.028304,0.43352,0.0788,0.08,
0.33,4,8,70,70,70,415,415,5385.87,100.1,405.1,232.9,15.81,0.138975,0.247337,0.18885,0.186317,0.02534,0.43361,0.0791,0.08,
0.33,4,9,70,70,70,412,412,5800.41,90.1,400.1,210.66,15.78,0.138528,0.255193,0.188441,0.186324,0.023839,0.43326,0.0792,0.08,
0.33,4.5,0,70,70,70,451,451,5915.65,79.8,440.1,204.72,17.28,0.143796,0.327753,0.193055,0.185049,0.029721,0.4382,0.0787,0.08,
0.33,4.5,1,70,70,70,331,331,5453.07,79.8,320.1,194.37,15.76,0.126088,0.269818,0.18953,0.188059,0.028559,0.43412,0.0792,0.08,
0.33,4.5,2,70,70,70,390,390,5373.71,79.8,380.1,217.47,15.89,0.107004,0.283174,0.19048,0.189612,0.029948,0.43512,0.0792,0.08,
0.33,4.5,3,70,70,70,420,420,5469.73,79.8,407.1,222.75,15.84,0.139468,0.283115,0.187851,0.183077,0.027849,0.4323,0.0791,0.08,
0.33,4.5,4,70,70,70,423,423,6255.13,97.2,410.1,238.43,17.23,0.118277,0.250364,0.191998,0.192576,0.028351,0.43698,0.0789,0.08,
0.33,4.5,5,70,70,70,410,410,5378.63,90.1,400.1,243.05,16.13,0.142716,0.245858,0.187972,0.185643,0.022062,0.43282,0.079,0.08,
0.33,4.5,6,70,70,70,373,373,5854.1,79.8,363.6,229.24,16.47,0.127289,0.287022,0.192133,0.189017,0.029578,0.43707,0.0791,0.08,
0.33,4.5,7,70,70,70,388,388,6014.68,79.8,375.1,209.51,16.23,0.133642,0.268483,0.190033,0.189354,0.030001,0.43461,0.079,0.08,
0.33,4.5,8,70,70,70,417,417,5385.87,100.6,408,239.66,16.06,0.138599,0.25267,0.189181,0.184602,0.027152,0.43385,0.0791,0.08,
0.33,4.5,9,70,70,70,412,412,5800.41,90.2,400.1,217.94,16.09,0.135086,0.251143,0.187968,0.185436,0.025414,0.43259,0.0791,0.08,
0.33,5,0,70,70,70,456,456,5915.65,88.4,445.1,208.94,17.22,0.14502,0.297108,0.194057,0.188009,0.028346,0.43941,0.0789,0.08,
0.33,5,1,70,70,70,429,429,5453.07,79.8,418.8,204.62,15.9,0.124666,0.268372,0.189644,0.186915,0.028977,0.43422,0.0793,0.08,
0.33,5,2,70,70,70,410,410,5373.71,79.8,400.1,225.51,15.76,0.11243,0.281835,0.190621,0.188009,0.029061,0.43537,0.0791,0.08,
0.33,5,3,70,70,70,423,423,5469.73,80.1,410.1,231.11,15.95,0.136706,0.292529,0.188364,0.182923,0.028195,0.43287,0.0791,0.08,
0.33,5,4,70,70,70,428,428,6255.13,95.5,415.1,242.76,17.66,0.142306,0.25467,0.192141,0.190986,0.027982,0.4372,0.0789,0.08,
0.33,5,5,70,70,70,415,415,5378.63,90.1,405.1,249.77,16.63,0.14155,0.248787,0.188214,0.185214,0.023685,0.433,0.0789,0.08,
0.33,5,6,70,70,70,440,440,5854.1,79.8,430.1,238.86,16.93,0.131362,0.29079,0.192308,0.189635,0.030637,0.43719,0.079,0.08,
0.33,5,7,70,70,70,393,393,6014.68,79.8,380.1,220.34,16.61,0.132134,0.27274,0.189228,0.18608,0.030862,0.43362,0.0787,0.08,
0.33,5,8,70,70,70,425,425,5385.87,101.2,415.1,247.77,16.3,0.135001,0.256336,0.189379,0.187021,0.027135,0.43408,0.0792,0.08,
0.33,5,9,70,70,70,417,417,5800.41,90.1,405.1,225.13,16.38,0.126943,0.248697,0.186459,0.182928,0.026032,0.43079,0.0789,0.08,
0.33,5.5,0,70,70,70,456,456,5915.65,95.1,445.1,217.52,17.15,0.145814,0.259459,0.191126,0.189234,0.027622,0.43608,0.0787,0.08,
0.33,5.5,1,70,70,70,431,431,5453.07,80.1,420.1,215.26,15.85,0.122982,0.266426,0.187308,0.185913,0.029399,0.43149,0.0789,0.08,
0.33,5.5,2,70,70,70,488,488,5373.71,79.8,478.7,235.93,16.01,0.125539,0.290433,0.190824,0.187304,0.029462,0.4356,0.0792,0.08,
0.33,5.5,3,70,70,70,508,508,5469.73,80.1,495.1,239.38,16.1,0.135442,0.297335,0.18708,0.179897,0.030153,0.43122,0.0788,0.08,
0.33,5.5,4,70,70,70,428,428,6255.13,102.7,415.1,251.77,17.71,0.134044,0.256142,0.190477,0.190809,0.028942,0.43519,0.0788,0.08,
0.33,5.5,5,70,70,70,423,423,5378.63,90.1,410.1,259.1,16.58,0.140104,0.25156,0.188704,0.184481,0.025797,0.43341,0.079,0.08,
0.33,5.5,6,70,70,70,445,445,5854.1,79.8,435.1,242.26,17.03,0.116739,0.296671,0.192047,0.188549,0.032574,0.43672,0.0789,0.08,
0.33,5.5,7,70,70,70,398,398,6014.68,79.8,385.1,225.19,16.56,0.130827,0.284762,0.189063,0.185302,0.031323,0.43339,0.0788,0.08,
0.33,5.5,8,70,70,70,507,507,5385.87,101.5,495.1,259.09,16.59,0.137759,0.260043,0.187047,0.183915,0.027315,0.43136,0.0789,0.08,
0.33,5.5,9,70,70,70,417,417,5800.41,85.1,405.1,231.92,16.46,0.130875,0.242331,0.186461,0.183746,0.02523,0.43084,0.079,0.08,
0.33,6,0,70,70,70,456,456,5915.65,95.1,445.1,223.11,17.57,0.141809,0.259751,0.189978,0.18762,0.027312,0.43479,0.0785,0.08,
0.33,6,1,70,70,70,436,436,5453.07,87.6,425.1,222.47,16.17,0.121209,0.270975,0.183477,0.182277,0.031609,0.42678,0.078,0.08,
0.33,6,2,70,70,70,504,504,5373.71,79.8,494.2,240.65,16.13,0.138767,0.294234,0.192104,0.187444,0.029866,0.43704,0.0792,0.08,
0.33,6,3,70,70,70,508,508,5469.73,80.1,495.1,244.89,16.21,0.1275,0.300516,0.187915,0.18276,0.030639,0.43213,0.0789,0.08,
0.33,6,4,70,70,70,479,479,6255.13,95.1,465.1,260.92,18.62,0.13434,0.255564,0.189776,0.188455,0.03049,0.43425,0.0785,0.08,
0.33,6,5,70,70,70,478,478,5378.63,90.1,465.1,264.07,17.3,0.137506,0.253704,0.189145,0.186647,0.026503,0.43387,0.0791,0.08,
0.33,6,6,70,70,70,465,465,5854.1,79.8,455.1,249.86,17.61,0.120578,0.30093,0.191224,0.187079,0.032784,0.43577,0.0788,0.08,
0.33,6,7,70,70,70,414,414,6014.68,79.8,400.1,231.12,17.19,0.127715,0.286935,0.187845,0.185271,0.033137,0.43181,0.0785,0.08,
0.33,6,8,70,70,70,507,507,5385.87,109.2,495.1,264.82,17.41,0.137686,0.245632,0.184896,0.181951,0.02633,0.42893,0.0786,0.08,
0.33,6,9,70,70,70,494,494,5800.41,85.1,485.1,243.36,17.22,0.131611,0.256654,0.18643,0.183867,0.02753,0.43064,0.0789,0.08,
0.33,6.5,0,70,70,70,461,461,5915.65,90.3,450.1,227.19,18.01,0.14504,0.259903,0.188809,0.183356,0.028224,0.43336,0.0782,0.08,
0.33,6.5,1,70,70,70,436,436,5453.07,119,425.1,228.04,16.68,0.119414,0.264275,0.181588,0.182619,0.029879,0.4247,0.0778,0.08,
0.33,6.5,2,70,70,70,655,655,5373.71,81.6,645.1,249.55,16.91,0.121438,0.296904,0.189847,0.189687,0.032552,0.43418,0.0788,0.08,
0.33,6.5,3,70,70,70,513,513,5469.73,80.1,500.1,250.85,16.79,0.131805,0.302635,0.187467,0.183758,0.031758,0.43153,0.0788,0.08,
0.33,6.5,4,70,70,70,479,479,6255.13,101.1,465.1,268,18.31,0.13372,0.256869,0.188811,0.191385,0.030507,0.43311,0.0784,0.08,
0.33,6.5,5,70,70,70,478,478,5378.63,93.5,465.1,267.33,16.71,0.138294,0.256374,0.186832,0.185228,0.027262,0.43112,0.0785,0.08,
0.33,6.5,6,70,70,70,491,491,5854.1,79.8,480.1,258.41,17.51,0.123926,0.305101,0.190975,0.186385,0.034308,0.43534,0.0786,0.08,
0.33,6.5,7,70,70,70,414,414,6014.68,79.8,400.1,235.37,17.17,0.124559,0.288586,0.186748,0.183275,0.033307,0.43051,0.0784,0.08,
0.33,6.5,8,70,70,70,512,512,5385.87,112.8,500.1,269.25,16.97,0.133757,0.247985,0.182544,0.178971,0.026834,0.42612,0.0782,0.08,
0.33,6.5,9,70,70,70,494,494,5800.41,85.1,485.1,243.69,16.94,0.124564,0.260883,0.186444,0.184134,0.028813,0.43055,0.0789,0.08,
0.33,7,0,70,70,70,461,461,5915.65,90.1,450.1,232.27,18.19,0.138426,0.259402,0.188747,0.186383,0.029311,0.43319,0.078,0.08,
0.33,7,1,70,70,70,436,436,5453.07,121.6,425.1,232.51,16.8,0.091055,0.28213,0.179386,0.181003,0.032478,0.42179,0.0772,0.08,
0.33,7,2,70,70,70,657,657,5373.71,85.2,647.1,251.96,17.05,0.124477,0.294066,0.186767,0.183338,0.034324,0.43043,0.078,0.08,
0.33,7,3,70,70,70,513,513,5469.73,80.1,500.1,259.03,16.84,0.149715,0.298603,0.18777,0.182706,0.031603,0.43191,0.0788,0.08,
0.33,7,4,70,70,70,481,481,6255.13,105.3,467.3,273.69,18.39,0.131741,0.258447,0.185905,0.188031,0.029741,0.42979,0.078,0.08,
0.33,7,5,70,70,70,478,478,5378.63,95.9,465.1,272.1,17.18,0.130524,0.258365,0.186352,0.180008,0.027576,0.43054,0.0784,0.08,
0.33,7,6,70,70,70,491,491,5854.1,79.8,480.1,266.29,17.55,0.124007,0.313178,0.190925,0.186869,0.035106,0.43521,0.0784,0.08,
0.33,7,7,70,70,70,419,419,6014.68,79.8,405.1,240.75,17.2,0.128372,0.29501,0.186809,0.18181,0.034786,0.43044,0.0784,0.08,
0.33,7,8,70,70,70,512,512,5385.87,115.8,500.1,274.32,17.31,0.118066,0.249976,0.18023,0.17624,0.027051,0.42336,0.0777,0.08,
0.33,7,9,70,70,70,494,494,5800.41,82.7,485.1,245.32,17.08,0.108625,0.262835,0.186637,0.185592,0.031111,0.43054,0.0788,0.08,
0.34,3,0,70,70,70,360,360,5915.65,79.8,349.1,185.37,17.15,0.152223,0.277723,0.196128,0.192567,0.027302,0.44185,0.0792,0.08,
0.34,3,1,70,70,70,316,316,5453.07,79.8,305.1,179,15.72,0.13338,0.251892,0.187963,0.187933,0.02458,0.43262,0.0791,0.08,
0.34,3,2,70,70,70,340,340,5373.71,79.8,330.1,201.81,15.57,0.126739,0.272941,0.189982,0.188018,0.026211,0.43485,0.0791,0.08,
0.34,3,3,70,70,70,379,379,5469.73,79.8,365.1,206.6,15.86,0.142855,0.24789,0.187562,0.184201,0.022907,0.4323,0.0793,0.08,
0.34,3,4,70,70,70,384,384,6255.13,84.1,370.1,218.54,17.09,0.152228,0.23813,0.190666,0.193439,0.021311,0.43598,0.079,0.08,
0.34,3,5,70,70,70,400,400,5378.63,90.1,390.1,217.75,16.04,0.146506,0.237455,0.188341,0.185679,0.020413,0.43336,0.0791,0.08,
0.34,3,6,70,70,70,350,350,5854.1,79.8,340.1,207.84,16.43,0.135019,0.27362,0.190865,0.189641,0.025773,0.43591,0.0792,0.08,
0.34,3,7,70,70,70,331,331,6014.68,79.8,320.8,195.34,16.25,0.131906,0.252096,0.18874,0.187499,0.026097,0.43342,0.0788,0.08,
0.34,3,8,70,70,70,349,349,5385.87,100.1,340.1,217.84,15.94,0.145825,0.239735,0.189536,0.186976,0.024197,0.43449,0.0794,0.08,
0.34,3,9,70,70,70,321,321,5800.41,90.1,308.8,199.44,16.02,0.139425,0.249261,0.187775,0.183454,0.021431,0.43264,0.0792,0.08,
0.34,3.5,0,70,70,70,366,366,5915.65,79.8,355.1,198.07,16.98,0.15137,0.300737,0.195727,0.190875,0.028629,0.44132,0.0791,0.08,
0.34,3.5,1,70,70,70,327,327,5453.07,79.8,316.5,189.78,15.71,0.133844,0.262133,0.189348,0.188375,0.026424,0.43409,0.0792,0.08,
0.34,3.5,2,70,70,70,380,380,5373.71,79.8,370.1,213.61,15.76,0.122451,0.27846,0.187791,0.185974,0.027432,0.43223,0.0787,0.08,
0.34,3.5,3,70,70,70,384,384,5469.73,79.8,370.1,216.75,15.74,0.140657,0.247383,0.187875,0.184307,0.023563,0.43262,0.0792,0.08,
0.34,3.5,4,70,70,70,389,389,6255.13,89.3,375.1,231.19,16.81,0.115791,0.243781,0.192141,0.192373,0.025018,0.43739,0.0789,0.08,
0.34,3.5,5,70,70,70,410,410,5378.63,90.1,400.1,234.45,15.73,0.145081,0.240073,0.18844,0.183098,0.022146,0.43337,0.079,0.08,
0.34,3.5,6,70,70,70,365,365,5854.1,80.1,355.1,223.67,16.1,0.138976,0.281992,0.192,0.190895,0.026569,0.43716,0.0792,0.08,
0.34,3.5,7,70,70,70,348,348,6014.68,79.8,335.1,203.79,15.86,0.128545,0.261835,0.190464,0.190956,0.028339,0.43523,0.0791,0.08,
0.34,3.5,8,70,70,70,367,367,5385.87,101.4,355.1,232.93,15.58,0.139591,0.248063,0.188312,0.183648,0.024684,0.43303,0.079,0.08,
0.34,3.5,9,70,70,70,411,411,5800.41,90.1,400,212.8,15.74,0.143285,0.253699,0.188582,0.184443,0.02193,0.43355,0.0792,0.08,
0.34,4,0,70,70,70,451,451,5915.65,79.8,440.1,206.92,17.37,0.147302,0.322052,0.195307,0.188092,0.029676,0.44077,0.0791,0.08,
0.34,4,1,70,70,70,334,334,5453.07,79.8,323.7,196.48,16.12,0.131317,0.262483,0.189759,0.1909,0.027335,0.43449,0.0792,0.08,
0.34,4,2,70,70,70,390,390,5373.71,79.8,380.1,220.53,16.27,0.118112,0.283926,0.190079,0.186245,0.029047,0.43476,0.0791,0.08,
0.34,4,3,70,70,70,418,418,5469.73,79.8,405.1,225.08,16.4,0.140485,0.25368,0.187504,0.184595,0.025302,0.43207,0.0791,0.08,
0.34,4,4,70,70,70,423,423,6255.13,94.6,410.1,240.42,17.63,0.117682,0.247202,0.19109,0.189429,0.027425,0.43601,0.0787,0.08,
0.34,4,5,70,70,70,410,410,5378.63,90.1,400.1,242.45,16.3,0.144502,0.243204,0.189227,0.185503,0.023754,0.43417,0.079,0.08,
0.34,4,6,70,70,70,371,371,5854.1,79.8,361.9,232.59,16.79,0.129893,0.288905,0.191551,0.191039,0.029119,0.43644,0.079,0.08,
0.34,4,7,70,70,70,388,388,6014.68,79.8,375.1,210.62,16.41,0.136361,0.267909,0.191157,0.189931,0.029738,0.43593,0.0792,0.08,
0.34,4,8,70,70,70,415,415,5385.87,102.3,405.1,243.52,16.34,0.139863,0.252287,0.188621,0.186443,0.02617,0.43328,0.0791,0.08,
0.34,4,9,70,70,70,412,412,5800.41,93.1,400.1,221.07,16.34,0.139942,0.256429,0.188062,0.185747,0.024684,0.43276,0.0791,0.08,
0.34,4.5,0,70,70,70,456,456,5915.65,79.8,445.1,212.17,17.57,0.145723,0.342203,0.196032,0.18802,0.031072,0.4415,0.0792,0.08,
0.34,4.5,1,70,70,70,428,428,5453.07,79.8,417.4,208.72,16.26,0.126737,0.264535,0.190321,0.188095,0.028614,0.43505,0.0793,0.08,
0.34,4.5,2,70,70,70,414,414,5373.71,79.8,404.3,229.43,16.54,0.111483,0.28995,0.189651,0.186778,0.028559,0.4343,0.0789,0.08,
0.34,4.5,3,70,70,70,423,423,5469.73,80.1,410.1,237.9,16.66,0.138915,0.254638,0.187041,0.18167,0.025639,0.43151,0.0791,0.08,
0.34,4.5,4,70,70,70,428,428,6255.13,97.5,415.1,246.14,17.23,0.141489,0.251293,0.192287,0.192859,0.026336,0.4375,0.0791,0.08,
0.34,4.5,5,70,70,70,421,421,5378.63,90.1,408.8,254.32,16.01,0.141462,0.246441,0.189307,0.185738,0.0239,0.43425,0.0791,0.08,
0.34,4.5,6,70,70,70,440,440,5854.1,79.8,430.1,242.65,16.5,0.134113,0.294409,0.192403,0.190358,0.030554,0.43731,0.0791,0.08,
0.34,4.5,7,70,70,70,398,398,6014.68,79.8,385.1,221.44,16.18,0.132808,0.273816,0.19123,0.188381,0.030424,0.43595,0.0791,0.08,
0.34,4.5,8,70,70,70,420,420,5385.87,102.9,410.1,256.14,16.08,0.136616,0.255884,0.187243,0.186407,0.026181,0.43168,0.0791,0.08,
0.34,4.5,9,70,70,70,417,417,5800.41,93,405.1,229.57,15.91,0.126674,0.264373,0.188767,0.187404,0.025597,0.4335,0.0792,0.08,
0.34,5,0,70,70,70,456,456,5915.65,89.1,445.1,218.61,17.64,0.144443,0.321477,0.195264,0.190606,0.030789,0.44062,0.0789,0.08,
0.34,5,1,70,70,70,431,431,5453.07,80.1,420.1,218.48,16.52,0.139608,0.270618,0.189847,0.187622,0.028555,0.43452,0.079,0.08,
0.34,5,2,70,70,70,487,487,5373.71,79.8,477.2,240.56,16.6,0.128727,0.290701,0.190408,0.188736,0.029986,0.43507,0.079,0.08,
0.34,5,3,70,70,70,508,508,5469.73,80.1,495.1,246.68,16.96,0.133275,0.295363,0.186524,0.182594,0.029466,0.43063,0.0787,0.08,
0.34,5,4,70,70,70,461,461,6255.13,97.7,450.1,260.28,17.98,0.140339,0.254582,0.191099,0.192074,0.027924,0.436,0.079,0.08,
0.34,5,5,70,70,70,444,444,5378.63,90.1,434.1,264.62,16.68,0.137306,0.24939,0.18853,0.185967,0.026435,0.43316,0.079,0.08,
0.34,5,6,70,70,70,446,446,5854.1,81.9,436.4,244.08,17.08,0.119717,0.29906,0.192746,0.187591,0.031259,0.43764,0.079,0.08,
0.34,5,7,70,70,70,398,398,6014.68,79.8,385.1,228.12,16.64,0.132922,0.282812,0.190851,0.189782,0.031977,0.43538,0.0791,0.08,
0.34,5,8,70,70,70,507,507,5385.87,103.3,495.1,267.5,16.83,0.136404,0.25937,0.186068,0.184332,0.02563,0.43036,0.079,0.08,
0.34,5,9,70,70,70,494,494,5800.41,91.6,485.1,242.56,16.83,0.133096,0.253675,0.188192,0.187013,0.026162,0.4328,0.0792,0.08,
0.34,5.5,0,70,70,70,461,461,5915.65,96.7,450.1,224.47,17.25,0.148958,0.270164,0.19267,0.187131,0.027208,0.4379,0.0788,0.08,
0.34,5.5,1,70,70,70,436,436,5453.07,80.1,425.1,226.83,16.05,0.135643,0.273909,0.187669,0.186218,0.028892,0.43195,0.0787,0.08,
0.34,5.5,2,70,70,70,505,505,5373.71,79.8,495.1,249.74,16.08,0.119883,0.288135,0.191813,0.189925,0.030162,0.43667,0.0792,0.08,
0.34,5.5,3,70,70,70,508,508,5469.73,80.1,495.1,252.59,16.3,0.133591,0.300952,0.188065,0.183481,0.030245,0.43236,0.079,0.08,
0.34,5.5,4,70,70,70,466,466,6255.13,105.1,455.1,266.26,17.78,0.138703,0.258984,0.190931,0.192091,0.028802,0.43573,0.0789,0.08,
0.34,5.5,5,70,70,70,483,483,5378.63,90.1,470.1,268.7,16.72,0.141607,0.25239,0.189159,0.185647,0.026844,0.43386,0.0791,0.08,
0.34,5.5,6,70,70,70,465,465,5854.1,79.8,455.1,249.28,16.95,0.12318,0.303214,0.191947,0.187983,0.032007,0.43667,0.0789,0.08,
0.34,5.5,7,70,70,70,414,414,6014.68,79.8,400.1,238.72,16.76,0.127054,0.271739,0.188874,0.18883,0.031372,0.43313,0.0788,0.08,
0.34,5.5,8,70,70,70,507,507,5385.87,104,495.1,269.72,16.62,0.136436,0.261655,0.185521,0.179275,0.027007,0.42962,0.0789,0.08,
0.34,5.5,9,70,70,70,494,494,5800.41,91,485.1,247.19,16.66,0.131194,0.250084,0.188195,0.185423,0.027077,0.43272,0.0792,0.08,
0.34,6,0,70,70,70,461,461,5915.65,95.7,450.1,230.23,17.64,0.142415,0.27114,0.191679,0.187103,0.028382,0.43667,0.0786,0.08,
0.34,6,1,70,70,70,486,486,5453.07,119.4,475.9,236.68,16.64,0.128491,0.272169,0.184766,0.181155,0.028007,0.42864,0.0783,0.08,
0.34,6,2,70,70,70,655,655,5373.71,79.8,645.1,254.3,16.82,0.124225,0.29778,0.190975,0.189896,0.03245,0.43551,0.079,0.08,
0.34,6,3,70,70,70,513,513,5469.73,80.1,500.1,260.44,16.84,0.147858,0.305826,0.188155,0.180993,0.031552,0.43237,0.0789,0.08,
0.34,6,4,70,70,70,484,484,6255.13,95.1,470.1,270.73,17.74,0.139774,0.26174,0.189898,0.191755,0.03092,0.43435,0.0786,0.08,
0.34,6,5,70,70,70,530,530,5378.63,90.1,520.1,274.76,16.41,0.132954,0.255219,0.188134,0.185059,0.026784,0.43268,0.0788,0.08,
0.34,6,6,70,70,70,470,470,5854.1,79.8,460.1,258.31,16.85,0.126279,0.307453,0.192066,0.189126,0.034804,0.43654,0.0787,0.08,
0.34,6,7,70,70,70,414,414,6014.68,79.8,400.1,243.64,16.67,0.127176,0.275476,0.188752,0.184494,0.032335,0.43291,0.0787,0.08,
0.34,6,8,70,70,70,512,512,5385.87,109.8,500.1,274.6,16.41,0.134213,0.243787,0.184154,0.180777,0.026485,0.42805,0.0785,0.08,
0.34,6,9,70,70,70,494,494,5800.41,90.2,485.1,250.15,16.5,0.12888,0.263412,0.188155,0.183403,0.028347,0.43258,0.0793,0.08,
0.34,6.5,0,70,70,70,461,461,5915.65,95.1,450.1,235.89,17.82,0.14428,0.270135,0.190967,0.186974,0.029736,0.43574,0.0784,0.08,
0.34,6.5,1,70,70,70,490,490,5453.07,120.8,479.2,241.79,16.99,0.114042,0.277227,0.184105,0.183959,0.028468,0.42781,0.0781,0.08,
0.34,6.5,2,70,70,70,660,660,5373.71,82.3,650.1,259.25,17.07,0.128179,0.301589,0.189877,0.184969,0.032838,0.43423,0.0788,0.08,
0.34,6.5,3,70,70,70,516,516,5469.73,80.1,503.1,264.61,17.12,0.148776,0.309388,0.188229,0.1812,0.031491,0.43248,0.079,0.08,
0.34,6.5,4,70,70,70,484,484,6255.13,102,470.1,279.57,17.87,0.138013,0.263895,0.188238,0.190707,0.029307,0.43257,0.0784,0.08,
0.34,6.5,5,70,70,70,535,535,5378.63,94.1,525.1,280.15,16.49,0.135782,0.258152,0.186811,0.181385,0.026892,0.43114,0.0785,0.08,
0.34,6.5,6,70,70,70,491,491,5854.1,80.1,480.1,266.44,16.93,0.111624,0.311324,0.193359,0.190239,0.037264,0.43778,0.0787,0.08,
0.34,6.5,7,70,70,70,421,421,6014.68,79.8,410.1,250.09,16.66,0.126991,0.278264,0.187885,0.18467,0.033056,0.43183,0.0785,0.08,
0.34,6.5,8,70,70,70,512,512,5385.87,113.4,500.1,280.39,16.48,0.129306,0.239303,0.180706,0.178454,0.025438,0.42406,0.0779,0.08,
0.34,6.5,9,70,70,70,497,497,5800.41,90.1,488.2,252.52,16.44,0.122241,0.258004,0.186924,0.184454,0.029686,0.43102,0.0789,0.08,
0.34,7,0,70,70,70,466,466,5915.65,91.8,455.1,239.1,18.05,0.143571,0.268816,0.190042,0.185455,0.030526,0.43461,0.0783,0.08,
0.34,7,1,70,70,70,496,496,5453.07,126.1,485.1,246.35,17.01,0.09436,0.272596,0.18136,0.17948,0.031145,0.42428,0.0774,0.08,
0.34,7,2,70,70,70,664,664,5373.71,85.7,654.8,262.06,17.27,0.127469,0.304201,0.188725,0.18303,0.034408,0.43272,0.0784,0.08,
0.34,7,3,70,70,70,556,556,5469.73,80.1,543.1,267.94,17.31,0.137581,0.311828,0.18619,0.178809,0.032421,0.43001,0.0785,0.08,
0.34,7,4,70,70,70,528,528,6255.13,105.7,515.1,287.56,18.04,0.131454,0.266069,0.187259,0.185879,0.029312,0.43143,0.0783,0.08,
0.34,7,5,70,70,70,540,540,5378.63,96.2,530.1,282.28,16.82,0.135964,0.261219,0.18646,0.181585,0.027645,0.43066,0.0784,0.08,
0.34,7,6,70,70,70,491,491,5854.1,80.1,480.1,274.3,17.2,0.113796,0.315013,0.191842,0.189848,0.037395,0.43603,0.0785,0.08,
0.34,7,7,70,70,70,424,424,6014.68,79.8,410.1,251.78,16.74,0.125739,0.282131,0.187257,0.186456,0.034632,0.43093,0.0785,0.08,
0.34,7,8,70,70,70,512,512,5385.87,116.2,500.1,282.18,16.82,0.122553,0.244404,0.18185,0.179362,0.026074,0.42535,0.0781,0.08,
0.34,7,9,70,70,70,499,499,5800.41,90.1,490.1,254.16,16.48,0.110529,0.273114,0.18608,0.183318,0.031956,0.42981,0.0787,0.08,
0.35,3,0,70,70,70,361,361,5915.65,79.8,350.1,196.11,16.94,0.153679,0.288967,0.195725,0.190832,0.029048,0.44127,0.0792,0.08,
0.35,3,1,70,70,70,326,326,5453.07,79.8,315.1,188,15.63,0.137825,0.253822,0.188943,0.189804,0.02545,0.43369,0.0792,0.08,
0.35,3,2,70,70,70,380,380,5373.71,79.8,370.1,211.96,15.86,0.124255,0.259486,0.189533,0.190491,0.025531,0.43438,0.079,0.08,
0.35,3,3,70,70,70,379,379,5469.73,79.8,365.1,214.99,15.79,0.144095,0.245085,0.187493,0.184419,0.022408,0.43226,0.0792,0.08,
0.35,3,4,70,70,70,389,389,6255.13,84.9,375.1,226.21,16.93,0.130329,0.243923,0.191328,0.190429,0.02278,0.43664,0.079,0.08,
0.35,3,5,70,70,70,405,405,5378.63,90.1,395.1,229.93,15.74,0.148407,0.241353,0.190586,0.186398,0.022064,0.43585,0.0793,0.08,
0.35,3,6,70,70,70,360,360,5854.1,80.1,350.1,221.98,16.29,0.140953,0.281846,0.191132,0.190308,0.025108,0.43628,0.0791,0.08,
0.35,3,7,70,70,70,338,338,6014.68,79.8,325.1,202.94,16.04,0.134784,0.259485,0.190835,0.190138,0.02704,0.43577,0.0791,0.08,
0.35,3,8,70,70,70,367,367,5385.87,102,355.6,231.51,15.81,0.132062,0.246087,0.188678,0.189235,0.023094,0.43356,0.0792,0.08,
0.35,3,9,70,70,70,407,407,5800.41,90.1,395.1,211.02,15.75,0.14141,0.261748,0.188343,0.183472,0.022265,0.43325,0.0792,0.08,
0.35,3.5,0,70,70,70,366,366,5915.65,79.8,355.1,206.41,17.05,0.150212,0.313226,0.195662,0.189439,0.028445,0.44126,0.0792,0.08,
0.35,3.5,1,70,70,70,331,331,5453.07,79.8,320.1,197.72,15.82,0.133448,0.258615,0.189711,0.188353,0.025687,0.43457,0.0791,0.08,
0.35,3.5,2,70,70,70,390,390,5373.71,79.8,380.1,221.62,15.9,0.120575,0.282233,0.189734,0.187729,0.026866,0.43453,0.0791,0.08,
0.35,3.5,3,70,70,70,418,418,5469.73,79.8,405.1,227.76,15.82,0.142208,0.247653,0.187714,0.186585,0.024089,0.43239,0.0792,0.08,
0.35,3.5,4,70,70,70,413,413,6255.13,90,400.1,242.86,17.11,0.120085,0.247916,0.190472,0.191637,0.026056,0.4354,0.0787,0.08,
0.35,3.5,5,70,70,70,435,435,5378.63,90.1,425.1,242.94,15.93,0.145182,0.241159,0.18921,0.183878,0.023728,0.43415,0.079,0.08,
0.35,3.5,6,70,70,70,370,370,5854.1,80.5,360.1,233.05,16.21,0.13235,0.2894,0.191725,0.190221,0.026911,0.43681,0.0792,0.08,
0.35,3.5,7,70,70,70,357,357,6014.68,79.8,344.3,209.85,15.87,0.134752,0.265936,0.190868,0.188356,0.028233,0.43573,0.0791,0.08,
0.35,3.5,8,70,70,70,415,415,5385.87,103.6,405.1,244.5,15.88,0.133703,0.250199,0.187349,0.186261,0.024871,0.4319,0.079,0.08,
0.35,3.5,9,70,70,70,412,412,5800.41,93,400.1,219.07,15.84,0.141576,0.266397,0.189288,0.187142,0.024823,0.43417,0.0792,0.08,
0.35,4,0,70,70,70,456,456,5915.65,79.8,445.1,218.59,17.67,0.148048,0.335776,0.195861,0.189212,0.029774,0.44141,0.0792,0.08,
0.35,4,1,70,70,70,426,426,5453.07,79.8,415.7,212.3,16.3,0.127224,0.252252,0.18946,0.188076,0.02742,0.43413,0.0793,0.08,
0.35,4,2,70,70,70,465,465,5373.71,79.8,455.1,233.57,16.47,0.114377,0.287203,0.190357,0.188465,0.027312,0.43521,0.0791,0.08,
0.35,4,3,70,70,70,423,423,5469.73,80.1,410.1,239.43,16.71,0.137105,0.251285,0.187593,0.182154,0.0257,0.43214,0.0792,0.08,
0.35,4,4,70,70,70,428,428,6255.13,95.2,415.1,255.69,17.73,0.122493,0.251335,0.190237,0.192172,0.026887,0.43509,0.0788,0.08,
0.35,4,5,70,70,70,440,440,5378.63,90.1,430.1,257.83,16.53,0.13957,0.244752,0.189511,0.185959,0.02387,0.43449,0.0791,0.08,
0.35,4,6,70,70,70,440,440,5854.1,79.8,430.1,245.16,16.91,0.135843,0.296028,0.19047,0.189744,0.028581,0.43525,0.0789,0.08,
0.35,4,7,70,70,70,393,393,6014.68,79.8,380.1,222.29,16.52,0.132129,0.261987,0.190839,0.190051,0.028935,0.43561,0.0791,0.08,
0.35,4,8,70,70,70,420,420,5385.87,105.1,410.1,257.07,16.49,0.136361,0.246338,0.187881,0.186195,0.025416,0.43248,0.0792,0.08,
0.35,4,9,70,70,70,412,412,5800.41,95.1,400.9,231.6,16.39,0.138404,0.261472,0.189242,0.187732,0.023657,0.4342,0.0793,0.08,
0.35,4.5,0,70,70,70,456,456,5915.65,80.1,445.1,222.54,17.41,0.145132,0.343054,0.19631,0.190858,0.032007,0.44173,0.0791,0.08,
0.35,4.5,1,70,70,70,436,436,5453.07,102.6,425.1,225.04,16.16,0.143206,0.251822,0.189511,0.187126,0.026832,0.43425,0.0792,0.08,
0.35,4.5,2,70,70,70,485,485,5373.71,79.8,476,242.47,16.13,0.123537,0.290641,0.190067,0.190422,0.029312,0.4347,0.0789,0.08,
0.35,4.5,3,70,70,70,426,426,5469.73,80.1,413.5,249.68,16.2,0.137801,0.255365,0.187625,0.181754,0.027093,0.43208,0.079,0.08,
0.35,4.5,4,70,70,70,428,428,6255.13,97.9,415.1,266.73,17.55,0.141388,0.252785,0.190975,0.188589,0.026805,0.43596,0.079,0.08,
0.35,4.5,5,70,70,70,445,445,5378.63,91.1,435.1,272,16.37,0.139092,0.248082,0.188491,0.184058,0.024844,0.43323,0.079,0.08,
0.35,4.5,6,70,70,70,460,460,5854.1,79.8,450.1,254.5,16.6,0.122757,0.302009,0.191717,0.190044,0.030415,0.43653,0.079,0.08,
0.35,4.5,7,70,70,70,403,403,6014.68,79.8,390.1,232.15,16.31,0.131315,0.266655,0.191048,0.190355,0.030862,0.43569,0.0791,0.08,
0.35,4.5,8,70,70,70,507,507,5385.87,105.1,495.1,269.32,16.4,0.139591,0.251246,0.186882,0.181933,0.026327,0.43126,0.0791,0.08,
0.35,4.5,9,70,70,70,494,494,5800.41,95.1,485.1,247.33,16.13,0.132693,0.270594,0.188032,0.183571,0.026434,0.43259,0.0792,0.08,
0.35,5,0,70,70,70,461,461,5915.65,89.5,450.1,229.69,17.88,0.145701,0.342476,0.195318,0.188351,0.032411,0.44058,0.079,0.08,
0.35,5,1,70,70,70,491,491,5453.07,80.1,480.1,233,16.87,0.140583,0.267875,0.189572,0.188364,0.026393,0.43436,0.0793,0.08,
0.35,5,2,70,70,70,535,535,5373.71,79.8,525.1,254.59,17.05,0.134835,0.297924,0.189896,0.187534,0.028193,0.43464,0.0789,0.08,
0.35,5,3,70,70,70,508,508,5469.73,95.1,495.1,259.41,17.05,0.138455,0.261337,0.18739,0.181621,0.027377,0.4318,0.079,0.08,
0.35,5,4,70,70,70,466,466,6255.13,99.1,455.1,273.2,17.46,0.143048,0.256165,0.190912,0.191316,0.027674,0.43583,0.079,0.08,
0.35,5,5,70,70,70,483,483,5378.63,94.1,470.1,278.87,16.46,0.136508,0.251365,0.18877,0.186488,0.025058,0.43354,0.079,0.08,
0.35,5,6,70,70,70,465,465,5854.1,82.2,455.1,257.36,16.76,0.126123,0.307763,0.191566,0.190811,0.031971,0.43623,0.0788,0.08,
0.35,5,7,70,70,70,414,414,6014.68,79.8,400.1,243.83,16.51,0.126868,0.272444,0.190687,0.188685,0.03212,0.43516,0.079,0.08,
0.35,5,8,70,70,70,507,507,5385.87,105.1,495.1,274.31,16.46,0.137172,0.255161,0.18675,0.181628,0.026533,0.43109,0.079,0.08,
0.35,5,9,70,70,70,494,494,5800.41,94.5,485.1,253.42,16.27,0.13153,0.263408,0.187496,0.183022,0.026972,0.43192,0.0791,0.08,
0.35,5.5,0,70,70,70,461,461,5915.65,98.4,450.1,237.45,17.9,0.146519,0.272968,0.194529,0.190837,0.028384,0.43993,0.0791,0.08,
0.35,5.5,1,70,70,70,491,491,5453.07,110.8,480.1,238.96,16.98,0.134488,0.267814,0.187391,0.182756,0.028328,0.43168,0.0788,0.08,
0.35,5.5,2,70,70,70,655,655,5373.71,79.8,645.1,265,16.94,0.126179,0.298497,0.190072,0.185578,0.029832,0.43469,0.0789,0.08,
0.35,5.5,3,70,70,70,513,513,5469.73,95.1,500.1,271.05,17,0.148729,0.262675,0.186955,0.181993,0.027942,0.43125,0.0789,0.08,
0.35,5.5,4,70,70,70,484,484,6255.13,107.3,470.1,284.19,18.25,0.141801,0.258865,0.188992,0.191658,0.027727,0.43358,0.0787,0.08,
0.35,5.5,5,70,70,70,532,532,5378.63,90.8,523,283.84,17.13,0.136471,0.254406,0.189023,0.186824,0.02589,0.43377,0.079,0.08,
0.35,5.5,6,70,70,70,470,470,5854.1,80.8,460.1,262.84,17.13,0.1273,0.312981,0.192623,0.188934,0.035892,0.4371,0.0788,0.08,
0.35,5.5,7,70,70,70,458,458,6014.68,79.8,445.1,248.07,17.05,0.132474,0.274953,0.188881,0.185528,0.031232,0.43315,0.0786,0.08,
0.35,5.5,8,70,70,70,512,512,5385.87,105.1,500.1,277.21,16.82,0.133326,0.258443,0.185314,0.181234,0.027061,0.42937,0.0787,0.08,
0.35,5.5,9,70,70,70,498,498,5800.41,93.8,490,257.29,16.82,0.130069,0.268185,0.188279,0.18377,0.02934,0.43265,0.0792,0.08,
0.35,6,0,70,70,70,466,466,5915.65,97.5,455.1,241.02,17.61,0.148194,0.276616,0.194109,0.190427,0.029275,0.4394,0.0789,0.08,
0.35,6,1,70,70,70,491,491,5453.07,120,480.1,247.24,16.6,0.127927,0.264084,0.186866,0.185813,0.028098,0.43108,0.0786,0.08,
0.35,6,2,70,70,70,660,660,5373.71,79.8,650.1,271.27,16.89,0.131027,0.294525,0.190559,0.188666,0.030715,0.43518,0.0789,0.08,
0.35,6,3,70,70,70,553,553,5469.73,95.1,540.1,273.1,16.77,0.141785,0.309133,0.187805,0.183781,0.030692,0.43204,0.079,0.08,
0.35,6,4,70,70,70,528,528,6255.13,95.8,515.1,290.79,18.08,0.146046,0.264284,0.188876,0.186392,0.028041,0.43344,0.0787,0.08,
0.35,6,5,70,70,70,535,535,5378.63,90.3,525.1,287.75,16.71,0.138228,0.256941,0.189188,0.186208,0.026042,0.43395,0.079,0.08,
0.35,6,6,70,70,70,491,491,5854.1,81.3,480.1,272.39,16.95,0.115069,0.31608,0.193847,0.188946,0.037153,0.43839,0.0789,0.08,
0.35,6,7,70,70,70,458,458,6014.68,79.8,445.1,256.14,16.81,0.131206,0.278857,0.18926,0.189025,0.033045,0.43344,0.0787,0.08,
0.35,6,8,70,70,70,512,512,5385.87,110.4,500.1,283.57,16.46,0.132862,0.249126,0.184019,0.179692,0.026351,0.42791,0.0786,0.08,
0.35,6,9,70,70,70,499,499,5800.41,93.2,490.1,259.22,16.36,0.131842,0.266596,0.187989,0.184593,0.029486,0.43229,0.0791,0.08,
0.35,6.5,0,70,70,70,484,484,5915.65,96.5,470.1,247.6,18.09,0.140723,0.279087,0.19128,0.187114,0.029952,0.43609,0.0783,0.08,
0.35,6.5,1,70,70,70,491,491,5453.07,121.4,480.1,254.92,17.11,0.101761,0.278694,0.18456,0.184164,0.029225,0.42826,0.0781,0.08,
0.35,6.5,2,70,70,70,665,665,5373.71,83,655.1,272.11,17.17,0.13051,0.305376,0.190434,0.186985,0.032629,0.43486,0.0787,0.08,
0.35,6.5,3,70,70,70,558,558,5469.73,94.3,545.1,275.59,17.32,0.137517,0.314321,0.1876,0.182736,0.033129,0.43158,0.0789,0.08,
0.35,6.5,4,70,70,70,533,533,6255.13,103.7,520.1,294.13,18.17,0.13869,0.266568,0.188406,0.189043,0.028436,0.43284,0.0786,0.08,
0.35,6.5,5,70,70,70,535,535,5378.63,94.5,525.1,291.99,16.93,0.136125,0.25932,0.188484,0.185575,0.026736,0.43308,0.0788,0.08,
0.35,6.5,6,70,70,70,496,496,5854.1,85.1,485.1,280.14,17.33,0.117689,0.319115,0.192647,0.190918,0.037371,0.43697,0.0786,0.08,
0.35,6.5,7,70,70,70,493,493,6014.68,79.8,480.1,260.5,17.08,0.121108,0.274759,0.188917,0.186803,0.033784,0.43295,0.0787,0.08,
0.35,6.5,8,70,70,70,512,512,5385.87,113.9,500.1,286.57,16.85,0.127786,0.249944,0.18277,0.179644,0.026789,0.42639,0.0783,0.08,
0.35,6.5,9,70,70,70,500,500,5800.41,91.6,491.2,263.84,16.53,0.11603,0.26665,0.187699,0.1847,0.030852,0.4318,0.079,0.08,
0.35,7,0,70,70,70,484,484,5915.65,95.4,470.1,252,18.15,0.144014,0.281664,0.192407,0.190062,0.030187,0.43736,0.0785,0.08,
0.35,7,1,70,70,70,497,497,5453.07,127.4,486.1,260.2,17.01,0.109176,0.281773,0.181891,0.181276,0.031478,0.42492,0.0775,0.08,
0.35,7,2,70,70,70,665,665,5373.71,86.6,655.1,278.06,17.16,0.118399,0.309246,0.190308,0.186878,0.03479,0.43449,0.0784,0.08,
0.35,7,3,70,70,70,558,558,5469.73,93.8,545.1,280.33,17.3,0.142179,0.317792,0.187448,0.182729,0.033707,0.43137,0.0789,0.08,
0.35,7,4,70,70,70,561,561,6255.13,106.1,550.1,301.9,18.79,0.131471,0.260488,0.187433,0.188064,0.029902,0.43157,0.0784,0.08,
0.35,7,5,70,70,70,595,595,5378.63,96.7,585.1,297.06,17.46,0.128196,0.262097,0.186495,0.185546,0.028371,0.43063,0.0785,0.08,
0.35,7,6,70,70,70,496,496,5854.1,85.1,485.1,281.19,17.64,0.120003,0.322028,0.193049,0.189913,0.038385,0.43731,0.0788,0.08,
0.35,7,7,70,70,70,496,496,6014.68,79.8,483.9,263.44,17.58,0.120914,0.278219,0.188549,0.18678,0.035074,0.43238,0.0786,0.08,
0.35,7,8,70,70,70,578,578,5385.87,116.9,565.1,297.07,17.32,0.126977,0.252372,0.18238,0.179513,0.028288,0.42579,0.0782,0.08,
0.35,7,9,70,70,70,503,503,5800.41,91,494.8,268.42,17.26,0.114717,0.278731,0.185823,0.184195,0.032547,0.42944,0.0786,0.08,
0.36,3,0,70,70,70,361,361,5915.65,79.8,350.3,204.34,17.17,0.151936,0.300501,0.195602,0.190282,0.02781,0.44123,0.0792,0.08,
0.36,3,1,70,70,70,331,331,5453.07,79.8,320.1,196.26,15.83,0.145134,0.242984,0.189369,0.189081,0.023318,0.43434,0.0792,0.08,
0.36,3,2,70,70,70,385,385,5373.71,79.8,375.1,218.62,15.88,0.1228,0.270493,0.188582,0.185401,0.026443,0.43322,0.079,0.08,
0.36,3,3,70,70,70,384,384,5469.73,79.8,370.1,224.51,16.12,0.143779,0.244418,0.187278,0.185539,0.022879,0.43197,0.0792,0.08,
0.36,3,4,70,70,70,410,410,6255.13,85.4,398,240.03,17.19,0.134379,0.239963,0.19064,0.189245,0.023163,0.43582,0.0789,0.08,
0.36,3,5,70,70,70,433,433,5378.63,90.4,424,241.49,16.08,0.143729,0.238575,0.188017,0.184319,0.023323,0.43279,0.0787,0.08,
0.36,3,6,70,70,70,365,365,5854.1,80.4,355.1,231.97,16.41,0.139728,0.235231,0.189744,0.186553,0.023099,0.43479,0.079,0.08,
0.36,3,7,70,70,70,356,356,6014.68,79.8,343.1,209.08,16.12,0.131141,0.263019,0.191717,0.19184,0.028848,0.43664,0.0793,0.08,
0.36,3,8,70,70,70,377,377,5385.87,105.1,365.1,243.37,15.86,0.138486,0.241431,0.187932,0.186063,0.023284,0.43269,0.0792,0.08,
0.36,3,9,70,70,70,411,411,5800.41,90.1,399.3,219.87,15.87,0.142302,0.23907,0.188097,0.185747,0.022476,0.43295,0.0792,0.08,
0.36,3.5,0,70,70,70,453,453,5915.65,79.8,442.2,221.81,17.88,0.148666,0.326127,0.195399,0.190004,0.029345,0.4409,0.0792,0.08,
0.36,3.5,1,70,70,70,426,426,5453.07,79.8,415.1,210.56,16.39,0.127259,0.25178,0.189855,0.19128,0.026699,0.43464,0.0793,0.08,
0.36,3.5,2,70,70,70,414,414,5373.71,79.8,404.8,232.14,16.4,0.116735,0.269572,0.19107,0.191401,0.026627,0.43608,0.0793,0.08,
0.36,3.5,3,70,70,70,418,418,5469.73,80.1,405.1,238.59,16.59,0.140329,0.248238,0.18745,0.182289,0.024553,0.43206,0.0792,0.08,
0.36,3.5,4,70,70,70,428,428,6255.13,95.5,415.1,257.38,17.31,0.124439,0.243548,0.189311,0.190156,0.024732,0.43417,0.0787,0.08,
0.36,3.5,5,70,70,70,440,440,5378.63,92.1,430.1,256.04,16.02,0.149365,0.237204,0.189319,0.185222,0.022923,0.43433,0.0791,0.08,
0.36,3.5,6,70,70,70,440,440,5854.1,83.2,430.1,247.12,16.57,0.137053,0.239889,0.190227,0.189423,0.025319,0.43519,0.0791,0.08,
0.36,3.5,7,70,70,70,389,389,6014.68,79.8,376.3,221.93,16.12,0.130043,0.261946,0.190882,0.191407,0.028144,0.43572,0.079,0.08,
0.36,3.5,8,70,70,70,415,415,5385.87,105.4,405.1,257.5,16.09,0.138479,0.249431,0.188549,0.186084,0.023681,0.43338,0.0793,0.08,
0.36,3.5,9,70,70,70,489,489,5800.41,95.1,480.1,237.93,16.12,0.135117,0.243065,0.188918,0.188553,0.022809,0.43387,0.0793,0.08,
0.36,4,0,70,70,70,456,456,5915.65,80.1,445.1,225.98,17.79,0.145199,0.338673,0.195714,0.192594,0.030884,0.44115,0.0792,0.08,
0.36,4,1,70,70,70,436,436,5453.07,80.1,425.1,224.5,16.62,0.140678,0.251912,0.189354,0.189304,0.026747,0.43408,0.0791,0.08,
0.36,4,2,70,70,70,470,470,5373.71,79.8,460.3,242.09,16.55,0.133533,0.29121,0.191382,0.188761,0.027299,0.43641,0.0792,0.08,
0.36,4,3,70,70,70,423,423,5469.73,80.1,410.1,248.91,16.75,0.142368,0.251389,0.188523,0.186214,0.02636,0.43317,0.0792,0.08,
0.36,4,4,70,70,70,428,428,6255.13,96.8,415.1,266.04,17.79,0.126995,0.254447,0.191526,0.192595,0.02753,0.43652,0.079,0.08,
0.36,4,5,70,70,70,445,445,5378.63,92.7,435.1,271.13,16.55,0.139433,0.241681,0.189863,0.185283,0.024031,0.43488,0.0792,0.08,
0.36,4,6,70,70,70,460,460,5854.1,79.8,450.1,255.9,16.91,0.12561,0.261231,0.190958,0.189641,0.027432,0.43587,0.079,0.08,
0.36,4,7,70,70,70,403,403,6014.68,79.8,390.1,234.53,16.59,0.135009,0.266803,0.192083,0.19065,0.029863,0.43698,0.0793,0.08,
0.36,4,8,70,70,70,467,467,5385.87,106,455.1,271.84,16.54,0.140949,0.253632,0.187302,0.182624,0.02426,0.43191,0.0791,0.08,
0.36,4,9,70,70,70,494,494,5800.41,95.1,485.1,248.28,16.52,0.131003,0.275003,0.188553,0.185471,0.026933,0.43316,0.0791,0.08,
0.36,4.5,0,70,70,70,461,461,5915.65,81.4,450.1,234.5,17.93,0.148573,0.351241,0.195095,0.189444,0.032693,0.44031,0.0791,0.08,
0.36,4.5,1,70,70,70,491,491,5453.07,105.1,480.1,232.48,16.7,0.143357,0.263355,0.189792,0.188581,0.026702,0.4346,0.0792,0.08,
0.36,4.5,2,70,70,70,535,535,5373.71,79.8,525.1,253.73,16.79,0.127925,0.29585,0.189976,0.187333,0.029411,0.43462,0.0788,0.08,
0.36,4.5,3,70,70,70,508,508,5469.73,98.3,495.1,263.02,16.89,0.140138,0.255472,0.188234,0.184759,0.026198,0.43285,0.0793,0.08,
0.36,4.5,4,70,70,70,461,461,6255.13,98.6,450.1,276.34,18.1,0.148056,0.258232,0.191753,0.191915,0.027067,0.43684,0.0792,0.08,
0.36,4.5,5,70,70,70,499,499,5378.63,92.9,489.5,282.42,17.1,0.137358,0.244662,0.189077,0.187016,0.024587,0.43393,0.0791,0.08,
0.36,4.5,6,70,70,70,465,465,5854.1,80.1,455.4,265.79,17.34,0.129171,0.283777,0.191926,0.191948,0.029676,0.43681,0.0792,0.08,
0.36,4.5,7,70,70,70,413,413,6014.68,79.8,400.1,242.31,16.95,0.127905,0.271678,0.192524,0.191464,0.03166,0.43732,0.0793,0.08,
0.36,4.5,8,70,70,70,507,507,5385.87,106.2,495.1,277.79,16.95,0.13506,0.257714,0.187337,0.18038,0.025472,0.43186,0.0791,0.08,
0.36,4.5,9,70,70,70,494,494,5800.41,95.1,485.1,259.21,17,0.13078,0.279062,0.187141,0.183475,0.026442,0.43157,0.0789,0.08,
0.36,5,0,70,70,70,465,465,5915.65,100.1,454.6,242.78,17.82,0.150539,0.267787,0.194073,0.189685,0.02679,0.43953,0.0791,0.08,
0.36,5,1,70,70,70,491,491,5453.07,105,480.1,244.66,16.78,0.13887,0.261493,0.188783,0.185445,0.02749,0.43336,0.079,0.08,
0.36,5,2,70,70,70,540,540,5373.71,79.8,530.1,268.3,16.74,0.127027,0.29715,0.190667,0.188424,0.029238,0.43542,0.0789,0.08,
0.36,5,3,70,70,70,513,513,5469.73,98.6,500.1,273.87,16.78,0.142938,0.259778,0.186695,0.182636,0.02689,0.43103,0.0789,0.08,
0.36,5,4,70,70,70,484,484,6255.13,105.2,470.1,288.65,18.22,0.148289,0.261581,0.189739,0.190261,0.027996,0.43444,0.0789,0.08,
0.36,5,5,70,70,70,524,524,5378.63,94.3,515,288.5,16.96,0.138821,0.247477,0.188683,0.183043,0.026428,0.43334,0.079,0.08,
0.36,5,6,70,70,70,470,470,5854.1,85.1,460.1,272.54,17.19,0.115115,0.292019,0.191896,0.190249,0.032394,0.43653,0.0789,0.08,
0.36,5,7,70,70,70,458,458,6014.68,79.8,445.1,252.5,17.16,0.126221,0.275913,0.190025,0.188211,0.031604,0.43445,0.0788,0.08,
0.36,5,8,70,70,70,512,512,5385.87,106.4,500.1,280.68,16.79,0.136019,0.260808,0.187242,0.182616,0.025696,0.43172,0.0791,0.08,
0.36,5,9,70,70,70,499,499,5800.41,95.1,490.1,262.32,17.03,0.130497,0.274246,0.187808,0.183919,0.027034,0.43229,0.079,0.08,
0.36,5.5,0,70,70,70,466,466,5915.65,100.1,455.1,250.86,17.8,0.149707,0.268979,0.193286,0.188788,0.027073,0.43861,0.0788,0.08,
0.36,5.5,1,70,70,70,496,496,5453.07,117.1,485.1,252.62,16.88,0.134709,0.274526,0.187596,0.187835,0.028722,0.43189,0.0787,0.08,
0.36,5.5,2,70,70,70,660,660,5373.71,79.8,650.2,277.32,17.09,0.132972,0.304572,0.191806,0.188682,0.030196,0.43667,0.079,0.08,
0.36,5.5,3,70,70,70,553,553,5469.73,98.4,540.1,278.39,16.95,0.146666,0.26236,0.187158,0.181642,0.027941,0.43148,0.079,0.08,
0.36,5.5,4,70,70,70,530,530,6255.13,110.1,517.1,297.22,18.25,0.142153,0.264522,0.189296,0.190394,0.026761,0.43401,0.0788,0.08,
0.36,5.5,5,70,70,70,535,535,5378.63,92.9,525.1,292.96,16.91,0.134559,0.249791,0.189151,0.186496,0.027066,0.43383,0.079,0.08,
0.36,5.5,6,70,70,70,493,493,5854.1,85.1,482.2,280.74,17.35,0.117756,0.316223,0.192508,0.190539,0.034988,0.43704,0.0789,0.08,
0.36,5.5,7,70,70,70,461,461,6014.68,79.8,448.4,256.98,16.87,0.126692,0.280003,0.190312,0.1878,0.032653,0.43469,0.0789,0.08,
0.36,5.5,8,70,70,70,512,512,5385.87,107.2,500.1,284.9,16.69,0.130066,0.262202,0.186888,0.183819,0.026942,0.43122,0.079,0.08,
0.36,5.5,9,70,70,70,502,502,5800.41,95.1,493.7,267.35,16.71,0.132634,0.260014,0.18877,0.184398,0.028196,0.43331,0.0793,0.08,
0.36,6,0,70,70,70,501,501,5915.65,99.2,490.1,259.82,18.38,0.144376,0.278078,0.192901,0.188486,0.02829,0.43808,0.0786,0.08,
0.36,6,1,70,70,70,496,496,5453.07,120.3,485.1,258.97,16.92,0.132296,0.276435,0.186165,0.185109,0.028261,0.43027,0.0785,0.08,
0.36,6,2,70,70,70,665,665,5373.71,79.9,655.1,281,17.43,0.132963,0.305878,0.192207,0.193312,0.031664,0.43698,0.0789,0.08,
0.36,6,3,70,70,70,558,558,5469.73,97.4,545.1,280.97,17.14,0.139548,0.263662,0.187142,0.18467,0.029983,0.43128,0.079,0.08,
0.36,6,4,70,70,70,533,533,6255.13,97.6,520.1,299.56,18.25,0.144263,0.267471,0.190319,0.189841,0.030211,0.43492,0.0788,0.08,
0.36,6,5,70,70,70,595,595,5378.63,92.7,585.1,298.38,17.24,0.137216,0.251721,0.188824,0.183884,0.027645,0.4334,0.0789,0.08,
0.36,6,6,70,70,70,496,496,5854.1,85.1,485.1,282.21,17.56,0.121186,0.322488,0.194297,0.191113,0.035903,0.43901,0.0792,0.08,
0.36,6,7,70,70,70,498,498,6014.68,79.8,485.1,261.54,17.07,0.12689,0.284044,0.192403,0.18885,0.034361,0.43693,0.0791,0.08,
0.36,6,8,70,70,70,512,512,5385.87,111.8,500.8,293.76,16.9,0.130306,0.249757,0.186523,0.182427,0.027133,0.43077,0.0789,0.08,
0.36,6,9,70,70,70,504,504,5800.41,95.1,495.1,269.89,16.9,0.129479,0.2733,0.187675,0.182378,0.02968,0.43192,0.079,0.08,
0.36,6.5,0,70,70,70,504,504,5915.65,98.2,493.5,261.79,18.52,0.142668,0.282264,0.192772,0.184938,0.030189,0.4378,0.0784,0.08,
0.36,6.5,1,70,70,70,496,496,5453.07,122.2,485.1,265.15,17.17,0.101544,0.272157,0.183916,0.181056,0.028833,0.42754,0.0779,0.08,
0.36,6.5,2,70,70,70,667,667,5373.71,83.6,657.6,282.17,17.29,0.124039,0.301113,0.191989,0.193676,0.032386,0.43666,0.0789,0.08,
0.36,6.5,3,70,70,70,558,558,5469.73,96.7,545.1,286.22,17.13,0.144816,0.3158,0.18891,0.185601,0.033376,0.43309,0.0791,0.08,
0.36,6.5,4,70,70,70,533,533,6255.13,105.5,520.1,309.34,18.46,0.133997,0.270246,0.18912,0.18645,0.029607,0.43357,0.0787,0.08,
0.36,6.5,5,70,70,70,595,595,5378.63,95,585.1,300.94,17.28,0.132635,0.262051,0.188045,0.184863,0.028765,0.43242,0.0788,0.08,
0.36,6.5,6,70,70,70,496,496,5854.1,85.1,485.1,293.74,17.64,0.110232,0.328214,0.1932,0.189155,0.038622,0.43748,0.0787,0.08,
0.36,6.5,7,70,70,70,498,498,6014.68,79.8,485.1,271.72,17.37,0.12688,0.280695,0.191325,0.188551,0.034114,0.43571,0.079,0.08,
0.36,6.5,8,70,70,70,517,517,5385.87,114.3,505.1,299.62,17.09,0.12827,0.250966,0.185402,0.182268,0.028403,0.42934,0.0787,0.08,
0.36,6.5,9,70,70,70,542,542,5800.41,94.4,530.1,275.6,17.08,0.120453,0.277518,0.187767,0.18531,0.031246,0.43187,0.079,0.08,
0.36,7,0,70,70,70,506,506,5915.65,97.2,495.1,264.62,18.22,0.138108,0.285573,0.192174,0.186074,0.03156,0.43698,0.0782,0.08,
0.36,7,1,70,70,70,497,497,5453.07,129,486.8,271.7,17.37,0.114127,0.267645,0.182854,0.180413,0.029817,0.42623,0.0777,0.08,
0.36,7,2,70,70,70,670,670,5373.71,87.2,660.1,287.17,17.15,0.124067,0.313323,0.192287,0.19234,0.035278,0.43672,0.0787,0.08,
0.36,7,3,70,70,70,558,558,5469.73,95.1,545.1,292.28,17.2,0.132826,0.322416,0.188733,0.180646,0.035862,0.43264,0.079,0.08,
0.36,7,4,70,70,70,561,561,6255.13,106.4,550.1,314.48,18.49,0.130425,0.272959,0.189468,0.18975,0.030625,0.43389,0.0786,0.08,
0.36,7,5,70,70,70,595,595,5378.63,97,585.1,308.62,17.27,0.126417,0.264804,0.186257,0.183422,0.028148,0.43038,0.0785,0.08,
0.36,7,6,70,70,70,513,513,5854.1,85.1,500.1,298.12,17.72,0.112068,0.332474,0.192369,0.188415,0.038753,0.43653,0.0786,0.08,
0.36,7,7,70,70,70,498,498,6014.68,79.8,485.1,273.32,17.28,0.125521,0.284285,0.191019,0.189633,0.035897,0.43517,0.0788,0.08,
0.36,7,8,70,70,70,583,583,5385.87,117.5,570.1,305.73,17.05,0.125291,0.254731,0.184501,0.180661,0.028603,0.42828,0.0785,0.08,
0.36,7,9,70,70,70,545,545,5800.41,93.7,533.1,283.84,16.85,0.118898,0.282864,0.185609,0.182434,0.033346,0.42914,0.0786,0.08,
0.37,3,0,70,70,70,366,366,5915.65,79.8,355.1,220.05,17.59,0.15016,0.312341,0.194767,0.1893,0.027556,0.4403,0.0792,0.08,
0.37,3,1,70,70,70,336,336,5453.07,79.8,325.1,206.17,16.17,0.13373,0.245429,0.189298,0.189441,0.024485,0.43418,0.0792,0.08,
0.37,3,2,70,70,70,410,410,5373.71,79.8,400.1,226.18,16.02,0.121744,0.279191,0.190565,0.187044,0.026688,0.4355,0.0791,0.08,
0.37,3,3,70,70,70,418,418,5469.73,79.8,405.1,233.91,16.25,0.143582,0.248667,0.187938,0.184532,0.023376,0.43271,0.0792,0.08,
0.37,3,4,70,70,70,423,423,6255.13,85.8,410.1,254.21,17.19,0.139413,0.243314,0.189872,0.190622,0.023197,0.43494,0.0789,0.08,
0.37,3,5,70,70,70,436,436,5378.63,92.8,426.4,250.97,15.91,0.1498,0.236092,0.188718,0.184287,0.022732,0.43365,0.079,0.08,
0.37,3,6,70,70,70,440,440,5854.1,81.1,430.1,242.64,16.38,0.140403,0.24522,0.190461,0.188852,0.024188,0.43555,0.0791,0.08,
0.37,3,7,70,70,70,360,360,6014.68,79.8,347.3,217.32,15.95,0.137159,0.265811,0.191085,0.188835,0.027465,0.43603,0.0791,0.08,
0.37,3,8,70,70,70,379,379,5385.87,106.3,367.7,252.78,15.87,0.142265,0.247131,0.187336,0.184076,0.023453,0.432,0.0791,0.08,
0.37,3,9,70,70,70,484,484,5800.41,94.1,475.1,234.75,15.97,0.141489,0.242919,0.189127,0.189387,0.022792,0.43412,0.0793,0.08,
0.37,3.5,0,70,70,70,456,456,5915.65,79.8,445.1,225.4,17.75,0.144497,0.339339,0.196179,0.192393,0.030327,0.44173,0.0793,0.08,
0.37,3.5,1,70,70,70,431,431,5453.07,80.1,420.1,219.21,16.46,0.144468,0.25189,0.18959,0.188848,0.026679,0.43436,0.0793,0.08,
0.37,3.5,2,70,70,70,465,465,5373.71,79.8,455.4,239.89,16.52,0.135245,0.277863,0.191168,0.188221,0.026593,0.43621,0.0791,0.08,
0.37,3.5,3,70,70,70,423,423,5469.73,80.1,410.1,244.44,16.73,0.144566,0.24884,0.188489,0.186454,0.025731,0.43317,0.0792,0.08,
0.37,3.5,4,70,70,70,428,428,6255.13,95.7,415.1,267,17.52,0.128853,0.247696,0.18893,0.189719,0.024987,0.43372,0.0786,0.08,
0.37,3.5,5,70,70,70,445,445,5378.63,94.9,435.1,263.78,16.28,0.142203,0.240095,0.189529,0.185585,0.023868,0.43451,0.0791,0.08,
0.37,3.5,6,70,70,70,455,455,5854.1,83.3,445.1,255.95,16.82,0.128408,0.244565,0.190009,0.192023,0.025793,0.4349,0.0789,0.08,
0.37,3.5,7,70,70,70,398,398,6014.68,79.8,385.1,237.14,16.41,0.135922,0.259682,0.190953,0.189117,0.027126,0.43589,0.0791,0.08,
0.37,3.5,8,70,70,70,420,420,5385.87,110.1,410.1,268.26,16.55,0.141324,0.245639,0.188015,0.184511,0.024863,0.43268,0.0793,0.08,
0.37,3.5,9,70,70,70,489,489,5800.41,95.1,480.1,251.56,16.91,0.140572,0.243938,0.188332,0.184638,0.024851,0.43305,0.0793,0.08,
0.37,4,0,70,70,70,461,461,5915.65,81.4,450.1,232.84,17.94,0.149818,0.347005,0.196178,0.189202,0.031744,0.44162,0.0793,0.08,
0.37,4,1,70,70,70,491,491,5453.07,80.1,480.1,231.57,16.75,0.144722,0.252744,0.1902,0.188352,0.025863,0.43513,0.0793,0.08,
0.37,4,2,70,70,70,508,508,5373.71,79.8,498.8,256.07,16.95,0.138196,0.273059,0.190898,0.189985,0.025878,0.43595,0.079,0.08,
0.37,4,3,70,70,70,508,508,5469.73,102.2,495.1,267,17.09,0.151227,0.25395,0.188241,0.182823,0.025775,0.4329,0.0791,0.08,
0.37,4,4,70,70,70,431,431,6255.13,98.5,419,275.16,17.95,0.133217,0.251055,0.191961,0.192711,0.026514,0.4371,0.0792,0.08,
0.37,4,5,70,70,70,493,493,5378.63,95.1,480.5,283.18,16.82,0.144901,0.251772,0.188272,0.184584,0.023855,0.43306,0.0789,0.08,
0.37,4,6,70,70,70,465,465,5854.1,80.1,455.1,263.97,17.06,0.13201,0.280183,0.191831,0.191374,0.029682,0.4367,0.0791,0.08,
0.37,4,7,70,70,70,456,456,6014.68,79.8,443.1,247.97,16.8,0.132834,0.262552,0.191599,0.189596,0.028743,0.4365,0.0792,0.08,
0.37,4,8,70,70,70,507,507,5385.87,111.8,495.1,278.59,16.78,0.137787,0.247909,0.18603,0.181333,0.02349,0.43047,0.0789,0.08,
0.37,4,9,70,70,70,494,494,5800.41,95.1,485.1,263.08,16.73,0.136941,0.246472,0.187805,0.184884,0.02508,0.43243,0.0791,0.08,
0.37,4.5,0,70,70,70,466,466,5915.65,82.6,455.1,242.85,17.81,0.151357,0.35685,0.196656,0.190894,0.032424,0.44212,0.0793,0.08,
0.37,4.5,1,70,70,70,496,496,5453.07,105.5,485.1,248.61,16.6,0.135437,0.256457,0.189097,0.185776,0.027545,0.43373,0.079,0.08,
0.37,4.5,2,70,70,70,539,539,5373.71,79.8,529.3,269.25,16.67,0.126414,0.299916,0.190882,0.188874,0.02852,0.43573,0.0789,0.08,
0.37,4.5,3,70,70,70,513,513,5469.73,102.6,500.1,272.83,16.63,0.145345,0.257766,0.187356,0.184765,0.02656,0.43182,0.079,0.08,
0.37,4.5,4,70,70,70,484,484,6255.13,103.4,470.1,292.65,18.05,0.144132,0.255553,0.190276,0.190018,0.027841,0.43508,0.0788,0.08,
0.37,4.5,5,70,70,70,522,522,5378.63,95.1,512.2,291.82,16.98,0.139826,0.246562,0.188478,0.183538,0.025495,0.43317,0.079,0.08,
0.37,4.5,6,70,70,70,470,470,5854.1,89.9,460.1,275.43,17.28,0.118488,0.2857,0.192157,0.189417,0.030996,0.43696,0.079,0.08,
0.37,4.5,7,70,70,70,458,458,6014.68,79.8,445.1,259.98,17.06,0.13121,0.266455,0.190964,0.187074,0.029642,0.43571,0.079,0.08,
0.37,4.5,8,70,70,70,512,512,5385.87,111.9,500.1,282.45,16.66,0.136954,0.251738,0.186851,0.183671,0.02457,0.43135,0.079,0.08,
0.37,4.5,9,70,70,70,499,499,5800.41,95.1,490.1,265.98,16.93,0.130124,0.274263,0.187716,0.182854,0.02746,0.43215,0.079,0.08,
0.37,5,0,70,70,70,468,468,5915.65,102,457.7,258.1,18.03,0.135842,0.269371,0.191789,0.188595,0.026105,0.43696,0.0788,0.08,
0.37,5,1,70,70,70,496,496,5453.07,105.5,485.1,255.18,16.85,0.134795,0.258817,0.188499,0.188815,0.02712,0.43305,0.079,0.08,
0.37,5,2,70,70,70,545,545,5373.71,79.8,535.1,278.88,16.92,0.133676,0.304683,0.1925,0.190008,0.029044,0.43755,0.0791,0.08,
0.37,5,3,70,70,70,553,553,5469.73,102.7,540.1,282.9,17.07,0.150484,0.257546,0.187653,0.184923,0.027272,0.43211,0.079,0.08,
0.37,5,4,70,70,70,528,528,6255.13,105.8,515.1,300.95,18.61,0.142254,0.258188,0.190363,0.189696,0.028139,0.43514,0.0789,0.08,
0.37,5,5,70,70,70,529,529,5378.63,95.1,519.7,296.97,17.29,0.136428,0.258331,0.190166,0.18621,0.026471,0.43506,0.0792,0.08,
0.37,5,6,70,70,70,495,495,5854.1,90.1,484.3,285.67,17.76,0.120971,0.287486,0.191927,0.189197,0.031019,0.43669,0.0789,0.08,
0.37,5,7,70,70,70,495,495,6014.68,79.8,483,266.28,17.3,0.132086,0.270683,0.190499,0.187806,0.030392,0.4351,0.079,0.08,
0.37,5,8,70,70,70,512,512,5385.87,111.8,500.1,286.11,17.11,0.133129,0.255497,0.187629,0.184433,0.026719,0.43209,0.0792,0.08,
0.37,5,9,70,70,70,504,504,5800.41,115.1,495.1,277.08,17.28,0.13369,0.281182,0.187775,0.186306,0.026766,0.43228,0.0793,0.08,
0.37,5.5,0,70,70,70,505,505,5915.65,100.2,494.8,263.25,18.04,0.147325,0.273534,0.193547,0.188878,0.027512,0.43887,0.0788,0.08,
0.37,5.5,1,70,70,70,498,498,5453.07,117.7,487.3,262.37,16.83,0.138181,0.270409,0.18887,0.185931,0.027793,0.43346,0.079,0.08,
0.37,5.5,2,70,70,70,665,665,5373.71,79.8,655.1,286.19,17.05,0.120684,0.310021,0.193386,0.191911,0.031696,0.43833,0.0791,0.08,
0.37,5.5,3,70,70,70,558,558,5469.73,102.4,545.1,287.72,16.91,0.14078,0.26174,0.188177,0.186552,0.029912,0.43249,0.0791,0.08,
0.37,5.5,4,70,70,70,533,533,6255.13,110.7,520.1,308.4,18.45,0.131971,0.261115,0.189465,0.191176,0.028187,0.43409,0.0789,0.08,
0.37,5.5,5,70,70,70,595,595,5378.63,95.1,585.1,304.11,17.19,0.132822,0.260913,0.189334,0.183949,0.029204,0.43387,0.0791,0.08,
0.37,5.5,6,70,70,70,496,496,5854.1,90.1,485.1,290.99,17.54,0.123906,0.294298,0.193673,0.190893,0.032965,0.43853,0.0792,0.08,
0.37,5.5,7,70,70,70,498,498,6014.68,79.8,485.1,271.18,17.24,0.123075,0.266434,0.191538,0.189783,0.031642,0.43617,0.0791,0.08,
0.37,5.5,8,70,70,70,514,514,5385.87,115.1,502.8,298.33,17.02,0.130641,0.24893,0.18635,0.182162,0.02644,0.43063,0.0787,0.08,
0.37,5.5,9,70,70,70,542,542,5800.41,96,530.1,282.32,16.84,0.130519,0.257476,0.187774,0.185798,0.026488,0.43228,0.0793,0.08,
0.37,6,0,70,70,70,506,506,5915.65,100.1,495.1,267.79,18.29,0.14698,0.278141,0.192275,0.186352,0.026303,0.43751,0.0785,0.08,
0.37,6,1,70,70,70,501,501,5453.07,120.7,490.1,265.83,17.1,0.125005,0.266827,0.187841,0.184903,0.027835,0.43224,0.0788,0.08,
0.37,6,2,70,70,70,670,670,5373.71,80.5,660.1,289.44,17.19,0.125753,0.311917,0.193113,0.192632,0.032692,0.43793,0.079,0.08,
0.37,6,3,70,70,70,558,558,5469.73,101.9,545.1,293.41,17.31,0.137033,0.265192,0.188973,0.18316,0.031298,0.43329,0.0792,0.08,
0.37,6,4,70,70,70,533,533,6255.13,110.1,520.1,311.94,18.54,0.133207,0.260452,0.189899,0.19058,0.028843,0.43452,0.0789,0.08,
0.37,6,5,70,70,70,595,595,5378.63,95.1,585.1,309.02,17.37,0.136232,0.256968,0.189023,0.185421,0.027661,0.43364,0.079,0.08,
0.37,6,6,70,70,70,496,496,5854.1,90.1,485.1,297.9,17.79,0.113711,0.299425,0.193192,0.187397,0.034423,0.43784,0.0789,0.08,
0.37,6,7,70,70,70,499,499,6014.68,79.8,486.8,278.06,17.33,0.123421,0.272271,0.192324,0.190018,0.033773,0.43689,0.0791,0.08,
0.37,6,8,70,70,70,517,517,5385.87,114.2,505.1,307.83,17.19,0.125246,0.258902,0.186282,0.182954,0.028805,0.43035,0.0787,0.08,
0.37,6,9,70,70,70,544,544,5800.41,95.1,532.2,287.44,17.28,0.122287,0.264638,0.186816,0.186344,0.029458,0.43092,0.079,0.08,
0.37,6.5,0,70,70,70,506,506,5915.65,100.1,495.1,272.06,18.36,0.141969,0.280774,0.191337,0.186641,0.028082,0.43631,0.0781,0.08,
0.37,6.5,1,70,70,70,501,501,5453.07,124.2,490.1,272.23,17.17,0.104866,0.284403,0.18539,0.181759,0.029143,0.42926,0.0783,0.08,
0.37,6.5,2,70,70,70,670,670,5373.71,84.1,660.1,293.99,17.31,0.13018,0.313727,0.192423,0.191891,0.033443,0.43706,0.0788,0.08,
0.37,6.5,3,70,70,70,558,558,5469.73,113,545.1,299.1,17.34,0.137689,0.268401,0.188242,0.183661,0.031387,0.43243,0.079,0.08,
0.37,6.5,4,70,70,70,566,566,6255.13,108.6,555.1,316.97,18.92,0.135843,0.273584,0.19039,0.189284,0.030137,0.435,0.0789,0.08,
0.37,6.5,5,70,70,70,595,595,5378.63,95.3,585.1,312.67,17.68,0.130716,0.25969,0.187864,0.185214,0.027858,0.43227,0.0788,0.08,
0.37,6.5,6,70,70,70,513,513,5854.1,90.1,500.1,306.45,17.97,0.115852,0.329583,0.192373,0.188673,0.037125,0.43668,0.0787,0.08,
0.37,6.5,7,70,70,70,503,503,6014.68,79.8,490.1,280.15,17.51,0.123395,0.277079,0.189947,0.188231,0.03561,0.43397,0.0786,0.08,
0.37,6.5,8,70,70,70,517,517,5385.87,114.7,505.1,314.08,17.5,0.126211,0.260971,0.185541,0.18374,0.028786,0.42949,0.0786,0.08,
0.37,6.5,9,70,70,70,607,607,5800.41,95.1,595.1,295.48,17.54,0.125267,0.279173,0.186041,0.183862,0.030386,0.42996,0.0788,0.08,
0.37,7,0,70,70,70,506,506,5915.65,98.8,495.1,277.93,18.34,0.141097,0.287308,0.192398,0.187147,0.030368,0.43735,0.0783,0.08,
0.37,7,1,70,70,70,503,503,5453.07,129.8,492.7,276.05,17.1,0.119228,0.279922,0.18586,0.182219,0.029735,0.42978,0.0784,0.08,
0.37,7,2,70,70,70,675,675,5373.71,87.6,665.1,300.85,17.28,0.112614,0.308061,0.191935,0.19263,0.034604,0.43635,0.0785,0.08,
0.37,7,3,70,70,70,562,562,5469.73,105.1,549.1,301.58,17.14,0.138676,0.326147,0.18694,0.181887,0.033282,0.43081,0.0787,0.08,
0.37,7,4,70,70,70,566,566,6255.13,106.6,555.1,325.3,18.7,0.136513,0.276555,0.189765,0.187625,0.032385,0.43408,0.0786,0.08,
0.37,7,5,70,70,70,600,600,5378.63,97.5,590.1,317.41,17.55,0.131411,0.269996,0.187586,0.18287,0.028776,0.43188,0.0787,0.08,
0.37,7,6,70,70,70,518,518,5854.1,90.1,505.1,305.81,17.9,0.115922,0.336595,0.194401,0.18631,0.040267,0.4387,0.0788,0.08,
0.37,7,7,70,70,70,519,519,6014.68,79.8,505.1,285.6,17.52,0.120085,0.280968,0.190886,0.189452,0.037802,0.4348,0.0786,0.08,
0.37,7,8,70,70,70,583,583,5385.87,139,570.1,325.61,17.55,0.134129,0.263027,0.18634,0.181481,0.028014,0.43049,0.0787,0.08,
0.37,7,9,70,70,70,607,607,5800.41,95.1,595.3,303.37,17.36,0.123291,0.283555,0.185201,0.180946,0.031551,0.42885,0.0787,0.08,
0.38,3,0,70,70,70,456,456,5915.65,79.8,445.1,226.47,17.74,0.156928,0.324473,0.195176,0.189574,0.027943,0.44076,0.0794,0.08,
0.38,3,1,70,70,70,429,429,5453.07,80.1,418.4,214.45,16.19,0.131356,0.249057,0.189449,0.190968,0.025961,0.43424,0.0793,0.08,
0.38,3,2,70,70,70,456,456,5373.71,79.8,446.5,236.72,16.23,0.134595,0.279133,0.191733,0.192868,0.025487,0.43694,0.0793,0.08,
0.38,3,3,70,70,70,418,418,5469.73,80.1,405.1,242.28,16.29,0.146952,0.247932,0.188759,0.184451,0.024186,0.43361,0.0794,0.08,
0.38,3,4,70,70,70,428,428,6255.13,86.3,415.1,262.53,18.04,0.144455,0.246882,0.188745,0.187209,0.023736,0.4336,0.0787,0.08,
0.38,3,5,70,70,70,440,440,5378.63,95.1,430.5,260.96,16.87,0.141913,0.245216,0.189443,0.184829,0.02281,0.43449,0.0791,0.08,
0.38,3,6,70,70,70,445,445,5854.1,81.3,435.1,252.22,17.36,0.131328,0.241112,0.190365,0.192371,0.024563,0.4354,0.0791,0.08,
0.38,3,7,70,70,70,398,398,6014.68,80.1,385.1,231.3,16.98,0.131696,0.250374,0.189314,0.191943,0.02601,0.43407,0.0788,0.08,
0.38,3,8,70,70,70,415,415,5385.87,112.5,405.1,259.95,16.8,0.139419,0.240608,0.188285,0.187104,0.023041,0.43312,0.0793,0.08,
0.38,3,9,70,70,70,488,488,5800.41,95.1,480,250.17,16.94,0.134681,0.242578,0.188004,0.185035,0.022525,0.43283,0.0791,0.08,
0.38,3.5,0,70,70,70,461,461,5915.65,81.2,450.1,234.15,17.9,0.148545,0.341147,0.195048,0.189262,0.030607,0.44041,0.0793,0.08,
0.38,3.5,1,70,70,70,491,491,5453.07,80.1,480.1,232.13,16.71,0.144747,0.258894,0.189012,0.187431,0.025778,0.43377,0.079,0.08,
0.38,3.5,2,70,70,70,472,472,5373.71,79.8,462.6,250.87,16.5,0.132706,0.289269,0.190931,0.191207,0.027039,0.4359,0.0791,0.08,
0.38,3.5,3,70,70,70,447,447,5469.73,103.7,434.6,264.69,16.54,0.149527,0.251456,0.187769,0.184543,0.024435,0.43245,0.0791,0.08,
0.38,3.5,4,70,70,70,428,428,6255.13,97.2,415.1,274.38,17.65,0.133021,0.251622,0.191385,0.194888,0.024648,0.43657,0.0792,0.08,
0.38,3.5,5,70,70,70,487,487,5378.63,95.1,477.9,276.15,16.45,0.139084,0.239191,0.188903,0.188036,0.023161,0.43383,0.0791,0.08,
0.38,3.5,6,70,70,70,460,460,5854.1,83.5,450.1,262.53,16.79,0.134585,0.259582,0.191354,0.19011,0.02811,0.43628,0.0791,0.08,
0.38,3.5,7,70,70,70,453,453,6014.68,79.8,440.1,248,16.55,0.136787,0.258751,0.191215,0.186362,0.027538,0.43617,0.0792,0.08,
0.38,3.5,8,70,70,70,471,471,5385.87,113.8,459.9,276.82,16.45,0.139831,0.245051,0.186244,0.183041,0.022418,0.4308,0.079,0.08,
0.38,3.5,9,70,70,70,494,494,5800.41,95.1,485.1,262.98,16.55,0.133669,0.241313,0.187476,0.1842,0.024327,0.43209,0.0791,0.08,
0.38,4,0,70,70,70,466,466,5915.65,82.6,455.1,246.02,18.07,0.150097,0.352131,0.195474,0.189893,0.031995,0.44082,0.0792,0.08,
0.38,4,1,70,70,70,496,496,5453.07,110.1,485.1,251.14,16.97,0.137333,0.241011,0.189047,0.187746,0.02484,0.43387,0.0793,0.08,
0.38,4,2,70,70,70,535,535,5373.71,79.8,525.1,270.81,17.09,0.124134,0.284191,0.190948,0.189627,0.026644,0.43594,0.0789,0.08,
0.38,4,3,70,70,70,508,508,5469.73,104.9,495.1,273.82,17.4,0.144792,0.25247,0.188193,0.185401,0.02579,0.43284,0.0791,0.08,
0.38,4,4,70,70,70,484,484,6255.13,107.4,470.1,293.85,18.27,0.139694,0.256055,0.1905,0.190608,0.026609,0.43542,0.079,0.08,
0.38,4,5,70,70,70,520,520,5378.63,95.1,510.1,288.13,17,0.139498,0.246845,0.188481,0.183415,0.02527,0.43319,0.079,0.08,
0.38,4,6,70,70,70,491,491,5854.1,80.1,480.1,282.27,17.49,0.121802,0.295936,0.192808,0.190777,0.031212,0.4377,0.0793,0.08,
0.38,4,7,70,70,70,458,458,6014.68,79.8,445.1,258.96,17.02,0.135651,0.263607,0.191347,0.188633,0.029043,0.4362,0.0791,0.08,
0.38,4,8,70,70,70,508,508,5385.87,114.9,496.4,283.11,16.93,0.133309,0.248046,0.187406,0.1831,0.024766,0.43199,0.0792,0.08,
0.38,4,9,70,70,70,499,499,5800.41,95.1,490.1,275.57,17.2,0.134397,0.251199,0.187108,0.183079,0.024596,0.43166,0.079,0.08,
0.38,4.5,0,70,70,70,471,471,5915.65,83.9,460.1,254.05,18.18,0.141939,0.363512,0.19627,0.191018,0.032903,0.44166,0.0791,0.08,
0.38,4.5,1,70,70,70,498,498,5453.07,110.1,487.8,261.15,16.92,0.135372,0.247163,0.188136,0.187994,0.024741,0.43281,0.0791,0.08,
0.38,4.5,2,70,70,70,542,542,5373.71,79.8,532.3,280.39,17.13,0.132645,0.278804,0.191915,0.190316,0.026377,0.43707,0.079,0.08,
0.38,4.5,3,70,70,70,553,553,5469.73,118.3,540.1,284.29,17.23,0.150413,0.256695,0.189936,0.186663,0.027223,0.43475,0.0794,0.08,
0.38,4.5,4,70,70,70,528,528,6255.13,116.1,515.1,303.98,18.74,0.143037,0.260296,0.190808,0.188502,0.027079,0.43575,0.0791,0.08,
0.38,4.5,5,70,70,70,528,528,5378.63,95.1,518.2,298.19,17.42,0.136981,0.24698,0.189532,0.18557,0.02543,0.43439,0.0791,0.08,
0.38,4.5,6,70,70,70,493,493,5854.1,90.5,483,290.94,17.84,0.1244,0.288451,0.193023,0.190893,0.031833,0.43788,0.0792,0.08,
0.38,4.5,7,70,70,70,462,462,6014.68,79.8,449.6,267.9,17.37,0.125863,0.262586,0.191167,0.188414,0.031545,0.43575,0.0791,0.08,
0.38,4.5,8,70,70,70,512,512,5385.87,115.1,500.1,293.22,17.25,0.134718,0.254779,0.187464,0.18324,0.025815,0.43198,0.079,0.08,
0.38,4.5,9,70,70,70,504,504,5800.41,100.1,495.7,285.81,17.19,0.134304,0.252885,0.188626,0.184822,0.026365,0.43329,0.0793,0.08,
0.38,5,0,70,70,70,506,506,5915.65,103.7,495.1,270.51,18.56,0.145931,0.263303,0.19376,0.189785,0.026704,0.43917,0.0789,0.08,
0.38,5,1,70,70,70,501,501,5453.07,110.1,490.1,269.58,17.1,0.141067,0.248808,0.18859,0.187214,0.025297,0.43332,0.0791,0.08,
0.38,5,2,70,70,70,665,665,5373.71,79.8,655.1,289.37,17.17,0.120282,0.308283,0.192875,0.193446,0.03042,0.43786,0.0791,0.08,
0.38,5,3,70,70,70,558,558,5469.73,119.1,545.1,290.2,17.18,0.138714,0.258364,0.187617,0.188507,0.028722,0.43192,0.0789,0.08,
0.38,5,4,70,70,70,533,533,6255.13,114.8,520.1,310.07,18.63,0.133278,0.26439,0.190057,0.190209,0.028927,0.43471,0.079,0.08,
0.38,5,5,70,70,70,535,535,5378.63,95.1,525.1,305.62,17.2,0.133426,0.250168,0.189045,0.185503,0.027225,0.43368,0.079,0.08,
0.38,5,6,70,70,70,496,496,5854.1,91.8,485.1,296.85,17.63,0.124497,0.29273,0.192197,0.190461,0.032046,0.43692,0.0791,0.08,
0.38,5,7,70,70,70,498,498,6014.68,79.8,485.1,277.9,17.29,0.127629,0.271348,0.192192,0.190872,0.030678,0.43703,0.0792,0.08,
0.38,5,8,70,70,70,512,512,5385.87,124.3,500.1,301.06,17.08,0.131952,0.258917,0.188725,0.184006,0.026545,0.43339,0.0792,0.08,
0.38,5,9,70,70,70,541,541,5800.41,117.9,529.1,291.71,17.28,0.130956,0.256654,0.18748,0.183954,0.027753,0.43184,0.0793,0.08,
0.38,5.5,0,70,70,70,506,506,5915.65,102.7,495.1,277.59,18.58,0.140559,0.275926,0.193292,0.190102,0.027859,0.43854,0.0788,0.08,
0.38,5.5,1,70,70,70,505,505,5453.07,118.4,494.4,272.35,17.33,0.125484,0.266174,0.18753,0.182722,0.028253,0.43185,0.0788,0.08,
0.38,5.5,2,70,70,70,670,670,5373.71,79.8,660.1,297.17,17.66,0.126431,0.313106,0.193169,0.19519,0.031002,0.43814,0.0791,0.08,
0.38,5.5,3,70,70,70,558,558,5469.73,119.2,545.1,296.36,17.33,0.138101,0.262519,0.187946,0.186013,0.030394,0.43217,0.079,0.08,
0.38,5.5,4,70,70,70,533,533,6255.13,112.7,520.1,315.21,18.45,0.13767,0.268681,0.190688,0.18884,0.029403,0.43541,0.079,0.08,
0.38,5.5,5,70,70,70,555,555,5378.63,95.1,545.1,312.68,17.23,0.131231,0.253916,0.189669,0.187658,0.027469,0.43439,0.0791,0.08,
0.38,5.5,6,70,70,70,496,496,5854.1,117.9,485.1,311.62,17.69,0.116563,0.25815,0.191403,0.191809,0.031159,0.43604,0.0787,0.08,
0.38,5.5,7,70,70,70,503,503,6014.68,79.8,490.1,291.89,17.57,0.124799,0.273231,0.191763,0.189987,0.033093,0.4363,0.0791,0.08,
0.38,5.5,8,70,70,70,517,517,5385.87,129.6,505.1,308.27,16.96,0.126639,0.262084,0.188201,0.184469,0.028011,0.43265,0.0791,0.08,
0.38,5.5,9,70,70,70,607,607,5800.41,115.1,595.1,298.83,17.36,0.123203,0.26048,0.185786,0.182327,0.029043,0.42976,0.079,0.08,
0.38,6,0,70,70,70,506,506,5915.65,101.1,495.1,282.29,18.69,0.144642,0.279387,0.192665,0.189195,0.027986,0.43783,0.0786,0.08,
0.38,6,1,70,70,70,508,508,5453.07,121.1,497.6,277.11,17.59,0.113189,0.278681,0.187849,0.184659,0.029814,0.43207,0.0788,0.08,
0.38,6,2,70,70,70,675,675,5373.71,80.9,665.1,304.74,17.86,0.131367,0.318689,0.19284,0.194693,0.032337,0.43765,0.0788,0.08,
0.38,6,3,70,70,70,558,558,5469.73,104.6,545.1,304.05,17.79,0.141686,0.265867,0.188373,0.183912,0.032457,0.43249,0.079,0.08,
0.38,6,4,70,70,70,566,566,6255.13,110.8,555.1,323.21,18.74,0.132314,0.272586,0.189754,0.18956,0.029968,0.43428,0.0788,0.08,
0.38,6,5,70,70,70,600,600,5378.63,95.1,590.1,316.19,17.3,0.133616,0.256199,0.187659,0.182932,0.028244,0.43201,0.0787,0.08,
0.38,6,6,70,70,70,515,515,5854.1,123,505.1,317.6,17.93,0.118724,0.278785,0.191963,0.190423,0.032864,0.43655,0.0789,0.08,
0.38,6,7,70,70,70,519,519,6014.68,79.8,505.1,297.28,17.72,0.125213,0.268464,0.188753,0.183525,0.032835,0.43287,0.0786,0.08,
0.38,6,8,70,70,70,562,562,5385.87,116.1,549.7,323.14,17.46,0.142849,0.264397,0.187469,0.182697,0.027821,0.43184,0.0788,0.08,
0.38,6,9,70,70,70,607,607,5800.41,115.1,595.1,308.73,17.66,0.127374,0.263985,0.184879,0.181208,0.029788,0.42862,0.0789,0.08,
0.38,6.5,0,70,70,70,506,506,5915.65,100.1,495.1,284.39,18.9,0.146882,0.283304,0.191497,0.190143,0.028389,0.43647,0.0783,0.08,
0.38,6.5,1,70,70,70,511,511,5453.07,124.9,500.1,285.34,17.42,0.113636,0.274538,0.18507,0.182301,0.029449,0.42887,0.0783,0.08,
0.38,6.5,2,70,70,70,675,675,5373.71,84.5,665.1,308.61,17.65,0.114407,0.320151,0.192859,0.193904,0.033015,0.43758,0.0787,0.08,
0.38,6.5,3,70,70,70,563,563,5469.73,118.2,550.1,310.41,17.85,0.139236,0.268388,0.186426,0.18246,0.030797,0.43036,0.0787,0.08,
0.38,6.5,4,70,70,70,599,599,6255.13,110.1,585.1,331.34,18.9,0.135109,0.275533,0.188962,0.186099,0.030336,0.43333,0.0786,0.08,
0.38,6.5,5,70,70,70,600,600,5378.63,95.5,590.1,321.08,17.46,0.130056,0.26911,0.188961,0.185509,0.02963,0.43341,0.0789,0.08,
0.38,6.5,6,70,70,70,568,568,5854.1,145.1,557.2,324.19,18.23,0.106896,0.272836,0.1912,0.187585,0.033326,0.43559,0.0787,0.08,
0.38,6.5,7,70,70,70,578,578,6014.68,79.8,565.1,303.59,17.73,0.122289,0.27527,0.187505,0.184244,0.035018,0.43119,0.0783,0.08,
0.38,6.5,8,70,70,70,588,588,5385.87,136.3,575.1,332.2,17.5,0.137805,0.267026,0.186291,0.181415,0.027484,0.43049,0.0787,0.08,
0.38,6.5,9,70,70,70,607,607,5800.41,96.2,595.1,312.18,17.79,0.123911,0.269517,0.186614,0.182267,0.031509,0.4305,0.0792,0.08,
0.38,7,0,70,70,70,506,506,5915.65,100.1,495.1,296.83,19.04,0.136337,0.287665,0.191304,0.18653,0.029441,0.43616,0.0785,0.08,
0.38,7,1,70,70,70,512,512,5453.07,130.3,501.2,289.77,17.7,0.12424,0.291083,0.185596,0.183716,0.03022,0.42944,0.0784,0.08,
0.38,7,2,70,70,70,675,675,5373.71,88.4,665.1,312.85,17.88,0.117869,0.320719,0.193314,0.196704,0.034673,0.43794,0.0788,0.08,
0.38,7,3,70,70,70,563,563,5469.73,117.6,550.1,313.96,17.59,0.130203,0.270181,0.185846,0.179283,0.031816,0.42959,0.0785,0.08,
0.38,7,4,70,70,70,599,599,6255.13,109,585.1,332.67,19.41,0.134978,0.278348,0.18959,0.185734,0.031603,0.43395,0.0787,0.08,
0.38,7,5,70,70,70,600,600,5378.63,98,590.1,332.13,18.05,0.127732,0.257369,0.187348,0.1864,0.02868,0.4316,0.0788,0.08,
0.38,7,6,70,70,70,571,571,5854.1,91.1,560.1,326.67,18.43,0.108785,0.314677,0.189596,0.188316,0.035354,0.43362,0.0782,0.08,
0.38,7,7,70,70,70,599,599,6014.68,79.8,589.6,314.12,18.35,0.121776,0.280237,0.189016,0.185386,0.035744,0.43287,0.0786,0.08,
0.38,7,8,70,70,70,588,588,5385.87,139.4,575.1,337.49,18.16,0.139757,0.269542,0.186137,0.183757,0.027381,0.43031,0.0786,0.08,
0.38,7,9,70,70,70,612,612,5800.41,95.3,600.1,319.17,18.19,0.125148,0.283965,0.184577,0.182074,0.032768,0.42801,0.0788,0.08,
0.39,3,0,70,70,70,457,457,5915.65,79.9,446.8,231.05,17.39,0.1492,0.336369,0.194338,0.188834,0.030442,0.43961,0.0791,0.08,
0.39,3,1,70,70,70,491,491,5453.07,80.1,480.1,227.08,16.15,0.14755,0.252911,0.189485,0.189367,0.024488,0.4344,0.0792,0.08,
0.39,3,2,70,70,70,465,465,5373.71,79.8,455.1,248.35,16.26,0.136595,0.273658,0.189549,0.187511,0.025484,0.43442,0.079,0.08,
0.39,3,3,70,70,70,423,423,5469.73,104.3,410.1,260.95,16.2,0.143887,0.247746,0.186684,0.183256,0.024773,0.43116,0.0789,0.08,
0.39,3,4,70,70,70,428,428,6255.13,88.2,415.1,271.4,17.81,0.14679,0.24733,0.190202,0.191068,0.023209,0.43532,0.079,0.08,
0.39,3,5,70,70,70,452,452,5378.63,95.1,442.3,268.64,16.53,0.148401,0.237961,0.189869,0.188415,0.021823,0.43504,0.0792,0.08,
0.39,3,6,70,70,70,455,455,5854.1,81.6,445.1,261.04,16.89,0.137178,0.244423,0.189863,0.187522,0.025571,0.43475,0.0789,0.08,
0.39,3,7,70,70,70,403,403,6014.68,80.1,390.1,243.45,16.68,0.137397,0.260941,0.19171,0.188059,0.026152,0.43685,0.0793,0.08,
0.39,3,8,70,70,70,415,415,5385.87,117.1,405.1,270.51,16.43,0.139671,0.240604,0.187433,0.185211,0.022717,0.43215,0.0793,0.08,
0.39,3,9,70,70,70,489,489,5800.41,95.1,480.1,258.22,16.69,0.139804,0.24256,0.187811,0.184865,0.023962,0.43251,0.0792,0.08,
0.39,3.5,0,70,70,70,463,463,5915.65,82.4,452.4,241.16,17.92,0.154888,0.345752,0.196308,0.191051,0.031102,0.44183,0.0794,0.08,
0.39,3.5,1,70,70,70,496,496,5453.07,110.4,485.1,250.1,16.69,0.142728,0.239075,0.189032,0.187654,0.023866,0.43392,0.0792,0.08,
0.39,3.5,2,70,70,70,530,530,5373.71,79.8,520.7,268.85,16.69,0.139982,0.290049,0.190511,0.189615,0.026159,0.43549,0.079,0.08,
0.39,3.5,3,70,70,70,508,508,5469.73,111.5,495.1,274.17,16.94,0.150267,0.250114,0.188527,0.185092,0.024931,0.43329,0.0792,0.08,
0.39,3.5,4,70,70,70,483,483,6255.13,99.1,470.1,285.33,17.92,0.137663,0.252327,0.190849,0.191115,0.025236,0.43592,0.0789,0.08,
0.39,3.5,5,70,70,70,493,493,5378.63,95.1,480.1,285.02,16.65,0.137432,0.245631,0.188122,0.183882,0.024061,0.43287,0.0789,0.08,
0.39,3.5,6,70,70,70,491,491,5854.1,83.6,480.1,283.04,17.2,0.125116,0.281265,0.191714,0.189759,0.030346,0.43651,0.0791,0.08,
0.39,3.5,7,70,70,70,458,458,6014.68,80.1,445.1,255.08,16.84,0.131256,0.260206,0.191264,0.189264,0.028291,0.43616,0.0791,0.08,
0.39,3.5,8,70,70,70,507,507,5385.87,118.7,495.1,282.5,16.48,0.134732,0.244129,0.187452,0.183899,0.02411,0.43208,0.0792,0.08,
0.39,3.5,9,70,70,70,496,496,5800.41,95.1,487.7,274.64,16.77,0.131317,0.249946,0.187913,0.185829,0.025074,0.43255,0.0791,0.08,
0.39,4,0,70,70,70,469,469,5915.65,83.8,459,257.03,18.23,0.152244,0.358773,0.19567,0.189361,0.032312,0.44103,0.0792,0.08,
0.39,4,1,70,70,70,501,501,5453.07,111.4,490.1,259.23,17.07,0.134448,0.245801,0.188397,0.185882,0.024112,0.43316,0.0792,0.08,
0.39,4,2,70,70,70,540,540,5373.71,79.8,530.1,286.49,17.44,0.129938,0.295628,0.191707,0.192234,0.026392,0.43684,0.079,0.08,
0.39,4,3,70,70,70,553,553,5469.73,120,540.1,282.7,17.39,0.148342,0.253105,0.189044,0.18857,0.026372,0.43378,0.0792,0.08,
0.39,4,4,70,70,70,528,528,6255.13,107.8,515.1,302.23,18.28,0.132815,0.256775,0.189378,0.18993,0.02618,0.43415,0.0788,0.08,
0.39,4,5,70,70,70,525,525,5378.63,95.1,515.1,297.4,16.99,0.142593,0.249045,0.188928,0.186601,0.02444,0.43377,0.079,0.08,
0.39,4,6,70,70,70,491,491,5854.1,91.9,480.1,294.46,17.51,0.1277,0.283044,0.191516,0.189482,0.031107,0.43621,0.0789,0.08,
0.39,4,7,70,70,70,458,458,6014.68,80.1,445.7,271.8,17.07,0.128309,0.26326,0.190427,0.188724,0.031277,0.43493,0.079,0.08,
0.39,4,8,70,70,70,512,512,5385.87,120.1,500.1,291.59,16.72,0.136072,0.247568,0.187782,0.182525,0.025154,0.43239,0.0791,0.08,
0.39,4,9,70,70,70,504,504,5800.41,120.1,495.4,289.65,17.09,0.134299,0.247418,0.187512,0.185976,0.023404,0.4322,0.0792,0.08,
0.39,4.5,0,70,70,70,506,506,5915.65,85,495.1,275.05,18.67,0.146594,0.369105,0.195581,0.188974,0.035221,0.44067,0.0791,0.08,
0.39,4.5,1,70,70,70,504,504,5453.07,111,494,271.4,17.31,0.133613,0.247235,0.187691,0.184654,0.025225,0.43227,0.079,0.08,
0.39,4.5,2,70,70,70,579,579,5373.71,79.8,569.3,293.17,17.53,0.135961,0.289965,0.192512,0.193934,0.028468,0.43759,0.079,0.08,
0.39,4.5,3,70,70,70,553,553,5469.73,135.9,540.2,295.05,17.58,0.141383,0.259697,0.188151,0.18628,0.028288,0.43258,0.079,0.08,
0.39,4.5,4,70,70,70,533,533,6255.13,119,520.1,310.59,18.42,0.136451,0.260872,0.191615,0.19064,0.027542,0.43663,0.0793,0.08,
0.39,4.5,5,70,70,70,535,535,5378.63,95.1,525.1,309.67,17.07,0.140708,0.253789,0.189291,0.186003,0.026168,0.43406,0.079,0.08,
0.39,4.5,6,70,70,70,496,496,5854.1,115.1,485.1,303.27,17.53,0.117628,0.272248,0.190195,0.187559,0.029651,0.4348,0.0788,0.08,
0.39,4.5,7,70,70,70,498,498,6014.68,79.8,485.1,290.82,17.27,0.128008,0.2656,0.191902,0.189984,0.030655,0.43669,0.0793,0.08,
0.39,4.5,8,70,70,70,512,512,5385.87,132.3,500.1,303.68,16.89,0.133272,0.253878,0.188734,0.185216,0.025983,0.43344,0.0792,0.08,
0.39,4.5,9,70,70,70,559,559,5800.41,120.1,550.1,296.33,17.29,0.130721,0.252108,0.187212,0.183917,0.02561,0.43169,0.0793,0.08,
0.39,5,0,70,70,70,506,506,5915.65,105.1,495.1,288.42,19.16,0.14207,0.273878,0.191843,0.187837,0.026917,0.43697,0.0788,0.08,
0.39,5,1,70,70,70,509,509,5453.07,110.5,498.5,277.57,17.8,0.124769,0.251639,0.187111,0.183409,0.027015,0.43145,0.0789,0.08,
0.39,5,2,70,70,70,670,670,5373.71,79.8,660.1,308.57,18.04,0.125829,0.313227,0.193417,0.192979,0.03097,0.43844,0.0791,0.08,
0.39,5,3,70,70,70,558,558,5469.73,135.6,545.1,306.47,18.02,0.140705,0.258615,0.188113,0.184321,0.029295,0.43246,0.079,0.08,
0.39,5,4,70,70,70,533,533,6255.13,116.2,520.1,318.41,18.88,0.139017,0.264637,0.191254,0.190547,0.029825,0.43603,0.0791,0.08,
0.39,5,5,70,70,70,558,558,5378.63,95.3,548.3,319.91,17.58,0.133227,0.256994,0.189667,0.185982,0.028068,0.43435,0.0791,0.08,
0.39,5,6,70,70,70,515,515,5854.1,116.2,505.1,317.4,18.07,0.119773,0.259619,0.191176,0.187964,0.030591,0.43584,0.0788,0.08,
0.39,5,7,70,70,70,503,503,6014.68,79.8,490.1,299.15,17.86,0.129348,0.269546,0.191783,0.189973,0.032548,0.43639,0.0791,0.08,
0.39,5,8,70,70,70,517,517,5385.87,125.1,505.1,313.77,17.4,0.12776,0.257123,0.188479,0.183677,0.026987,0.43305,0.0792,0.08,
0.39,5,9,70,70,70,607,607,5800.41,120.1,595.1,303.68,17.78,0.123657,0.25883,0.186016,0.183281,0.02786,0.43012,0.079,0.08,
0.39,5.5,0,70,70,70,506,506,5915.65,104.3,495.1,291.2,19.05,0.142548,0.275007,0.192601,0.190645,0.029225,0.43766,0.0787,0.08,
0.39,5.5,1,70,70,70,511,511,5453.07,118.9,500.1,282.06,17.52,0.12976,0.256056,0.187105,0.18247,0.026858,0.43147,0.0788,0.08,
0.39,5.5,2,70,70,70,675,675,5373.71,79.8,665.1,311.32,17.89,0.132216,0.316993,0.193786,0.195213,0.031189,0.43884,0.0791,0.08,
0.39,5.5,3,70,70,70,558,558,5469.73,135.1,545.1,311.68,17.67,0.144966,0.263551,0.189381,0.186773,0.029821,0.43388,0.0792,0.08,
0.39,5.5,4,70,70,70,599,599,6255.13,114.9,585.1,330.46,18.9,0.134831,0.266832,0.189248,0.187419,0.029048,0.43378,0.0787,0.08,
0.39,5.5,5,70,70,70,600,600,5378.63,95.1,590.1,327.22,17.59,0.13512,0.26013,0.189504,0.182462,0.029002,0.43409,0.0792,0.08,
0.39,5.5,6,70,70,70,566,566,5854.1,118.2,555.1,323.91,18.04,0.119925,0.270979,0.192615,0.190287,0.032407,0.43734,0.079,0.08,
0.39,5.5,7,70,70,70,523,523,6014.68,79.8,510.1,304.82,17.82,0.127505,0.270575,0.188939,0.184134,0.032907,0.43307,0.0785,0.08,
0.39,5.5,8,70,70,70,571,571,5385.87,130.5,558.4,324.69,17.45,0.136566,0.258925,0.188667,0.188369,0.026184,0.43334,0.079,0.08,
0.39,5.5,9,70,70,70,607,607,5800.41,118.5,595.1,312.99,17.85,0.125728,0.26008,0.186821,0.184684,0.029103,0.43094,0.0793,0.08,
0.39,6,0,70,70,70,506,506,5915.65,103.2,495.1,296.22,19.06,0.135358,0.275152,0.191953,0.190623,0.029306,0.43691,0.0785,0.08,
0.39,6,1,70,70,70,516,516,5453.07,121.5,505.1,288.2,17.59,0.116826,0.258725,0.186837,0.183939,0.028042,0.43103,0.0788,0.08,
0.39,6,2,70,70,70,675,675,5373.71,81.3,665.1,316.25,18,0.115505,0.322186,0.193286,0.19454,0.032506,0.43814,0.0789,0.08,
0.39,6,3,70,70,70,563,563,5469.73,135.1,550.1,320.06,17.84,0.131549,0.267138,0.189173,0.186892,0.031674,0.43346,0.0791,0.08,
0.39,6,4,70,70,70,599,599,6255.13,112.7,585.1,334.23,19.13,0.138839,0.269781,0.189731,0.184892,0.030606,0.43421,0.0787,0.08,
0.39,6,5,70,70,70,600,600,5378.63,95.1,590.1,337.63,17.9,0.133257,0.263289,0.187302,0.182351,0.030114,0.43145,0.0789,0.08,
0.39,6,6,70,70,70,571,571,5854.1,149,560.1,327.63,18.35,0.110352,0.27955,0.190819,0.187729,0.032591,0.43525,0.0786,0.08,
0.39,6,7,70,70,70,583,583,6014.68,79.8,570.1,311.82,18.2,0.112618,0.273621,0.188749,0.183981,0.034422,0.43269,0.0784,0.08,
0.39,6,8,70,70,70,588,588,5385.87,133.7,575.1,332.2,17.85,0.14095,0.263903,0.187234,0.182215,0.025904,0.43172,0.0788,0.08,
0.39,6,9,70,70,70,612,612,5800.41,115.1,600.1,317.92,17.95,0.127973,0.26544,0.185611,0.183018,0.031059,0.42937,0.079,0.08,
0.39,6.5,0,70,70,70,511,511,5915.65,102,500.1,298.87,18.59,0.139275,0.274673,0.19171,0.189197,0.027324,0.43678,0.0785,0.08,
0.39,6.5,1,70,70,70,520,520,5453.07,125.5,509.6,295.41,17.36,0.129692,0.286565,0.186619,0.183831,0.028669,0.43077,0.0787,0.08,
0.39,6.5,2,70,70,70,746,746,5373.71,91.3,735.1,323.32,17.69,0.119673,0.32723,0.193714,0.195284,0.033489,0.43855,0.0789,0.08,
0.39,6.5,3,70,70,70,678,678,5469.73,135.1,665.1,329.18,17.78,0.134212,0.26954,0.188231,0.183247,0.032532,0.43229,0.0788,0.08,
0.39,6.5,4,70,70,70,599,599,6255.13,110.8,585.1,337.36,19.26,0.133111,0.272889,0.190931,0.188289,0.030874,0.43556,0.0789,0.08,
0.39,6.5,5,70,70,70,600,600,5378.63,95.8,590.1,342.62,18.08,0.129596,0.26625,0.18718,0.182073,0.029511,0.43134,0.0789,0.08,
0.39,6.5,6,70,70,70,571,571,5854.1,148.8,560.1,331.37,18.42,0.112037,0.286654,0.19266,0.190991,0.034804,0.43715,0.0788,0.08,
0.39,6.5,7,70,70,70,583,583,6014.68,79.8,570.1,318.35,18.33,0.112572,0.275596,0.188101,0.185842,0.034411,0.43192,0.0783,0.08,
0.39,6.5,8,70,70,70,591,591,5385.87,136.7,578.8,342.88,18.05,0.141714,0.264217,0.187492,0.182072,0.026991,0.43193,0.0787,0.08,
0.39,6.5,9,70,70,70,612,612,5800.41,115.1,600.1,322.44,18.13,0.127192,0.269023,0.186305,0.185393,0.031484,0.43014,0.0791,0.08,
0.39,7,0,70,70,70,749,749,5915.65,100.2,735.1,314.43,19.4,0.138709,0.289391,0.191976,0.189008,0.029085,0.43697,0.0786,0.08,
0.39,7,1,70,70,70,531,531,5453.07,130.6,520.1,307.48,17.93,0.122229,0.28201,0.183706,0.180077,0.029142,0.42732,0.0781,0.08,
0.39,7,2,70,70,70,751,751,5373.71,88.9,740.1,330.37,18.05,0.12335,0.328024,0.194245,0.194859,0.035175,0.43899,0.0788,0.08,
0.39,7,3,70,70,70,678,678,5469.73,136.3,665.1,336.75,18.27,0.13665,0.270961,0.18736,0.183623,0.031453,0.43139,0.0785,0.08,
0.39,7,4,70,70,70,611,611,6255.13,110.1,600.1,339.97,19.46,0.131181,0.279626,0.190302,0.186512,0.032148,0.43473,0.0788,0.08,
0.39,7,5,70,70,70,600,600,5378.63,98.5,590.1,348.55,18.35,0.125467,0.268556,0.187036,0.18219,0.02963,0.43116,0.0788,0.08,
0.39,7,6,70,70,70,588,588,5854.1,153.3,575.1,338.38,18.77,0.112998,0.292418,0.191344,0.189637,0.03537,0.43559,0.0787,0.08,
0.39,7,7,70,70,70,600,600,6014.68,79.8,590.1,325.24,18.75,0.112254,0.272344,0.189454,0.189033,0.035086,0.43342,0.0787,0.08,
0.39,7,8,70,70,70,598,598,5385.87,139.8,585.1,345.63,18.13,0.133426,0.272342,0.186575,0.181972,0.029235,0.43068,0.0785,0.08,
0.39,7,9,70,70,70,612,612,5800.41,114,600.1,333.15,18.43,0.124382,0.274629,0.185142,0.176765,0.032298,0.42873,0.0788,0.08,
0.4,3,0,70,70,70,461,461,5915.65,81.8,450.1,237.46,18.78,0.149373,0.33722,0.195643,0.191597,0.029943,0.44115,0.0794,0.08,
0.4,3,1,70,70,70,496,496,5453.07,111.3,485.1,242.47,17.63,0.146134,0.255025,0.18883,0.18638,0.024305,0.43366,0.0792,0.08,
0.4,3,2,70,70,70,472,472,5373.71,79.8,462.7,260.5,17.46,0.13615,0.28457,0.190182,0.189852,0.026112,0.43512,0.079,0.08,
0.4,3,3,70,70,70,450,450,5469.73,110.1,437.3,268.58,17.93,0.149111,0.246931,0.188576,0.183462,0.02437,0.43338,0.0792,0.08,
0.4,3,4,70,70,70,428,428,6255.13,93.2,415.1,282.49,18.6,0.141799,0.246489,0.191139,0.191422,0.024075,0.43634,0.0791,0.08,
0.4,3,5,70,70,70,490,490,5378.63,95.1,480.1,275.1,17.42,0.142083,0.242434,0.18964,0.186221,0.023743,0.43464,0.0791,0.08,
0.4,3,6,70,70,70,460,460,5854.1,81.7,450.1,268.67,17.64,0.128609,0.258403,0.19156,0.188646,0.028039,0.43651,0.0791,0.08,
0.4,3,7,70,70,70,410,410,6014.68,82.1,400.1,251.79,17.4,0.134027,0.256728,0.189493,0.187612,0.027393,0.43419,0.079,0.08,
0.4,3,8,70,70,70,462,462,5385.87,120.1,450.1,281.46,17.33,0.142469,0.2406,0.186212,0.18207,0.022616,0.43075,0.0789,0.08,
0.4,3,9,70,70,70,494,494,5800.41,95.1,485.1,268.3,17.55,0.134429,0.244879,0.188896,0.184148,0.023768,0.43378,0.0792,0.08,
0.4,3.5,0,70,70,70,466,466,5915.65,83.5,455.4,255.11,18.73,0.152645,0.351441,0.195928,0.189915,0.032416,0.4413,0.0792,0.08,
0.4,3.5,1,70,70,70,501,501,5453.07,114.1,490.1,259.7,17.77,0.13951,0.243756,0.18865,0.187496,0.02392,0.43348,0.0794,0.08,
0.4,3.5,2,70,70,70,535,535,5373.71,79.8,525.1,280.23,17.68,0.125146,0.279365,0.190352,0.1908,0.024594,0.4354,0.0789,0.08,
0.4,3.5,3,70,70,70,513,513,5469.73,114.5,500.1,280.94,17.85,0.146294,0.253168,0.189128,0.186307,0.025398,0.43395,0.0792,0.08,
0.4,3.5,4,70,70,70,523,523,6255.13,102.3,510.1,299.55,18.68,0.141803,0.253596,0.189134,0.191154,0.026325,0.43386,0.0788,0.08,
0.4,3.5,5,70,70,70,525,525,5378.63,95.7,515.1,295.9,17.29,0.143395,0.247648,0.189201,0.185964,0.023826,0.43413,0.0791,0.08,
0.4,3.5,6,70,70,70,491,491,5854.1,85.1,480.1,290.56,17.78,0.131089,0.278882,0.192845,0.190209,0.02939,0.43789,0.0793,0.08,
0.4,3.5,7,70,70,70,458,458,6014.68,80.1,445.1,272.01,17.52,0.128866,0.26087,0.190687,0.190568,0.029538,0.43539,0.0792,0.08,
0.4,3.5,8,70,70,70,511,511,5385.87,120.1,499.8,294.97,17.22,0.138127,0.245141,0.188376,0.185933,0.024495,0.43314,0.0793,0.08,
0.4,3.5,9,70,70,70,503,503,5800.41,121,494.6,288.94,17.39,0.13752,0.245696,0.186287,0.18416,0.023455,0.43078,0.0789,0.08,
0.4,4,0,70,70,70,506,506,5915.65,84.9,495.1,273.46,19.16,0.149311,0.36404,0.195762,0.19011,0.034029,0.44099,0.079,0.08,
0.4,4,1,70,70,70,506,506,5453.07,113.7,495.1,271.12,17.87,0.135546,0.245506,0.188289,0.188,0.02386,0.43306,0.0793,0.08,
0.4,4,2,70,70,70,580,580,5373.71,79.8,570.1,299.55,18.12,0.134924,0.301722,0.191941,0.194159,0.027142,0.43705,0.0791,0.08,
0.4,4,3,70,70,70,553,553,5469.73,128.8,540.1,300.7,18.35,0.140786,0.255744,0.188581,0.185513,0.027581,0.43314,0.0792,0.08,
0.4,4,4,70,70,70,531,531,6255.13,109,519,313.14,19.12,0.138037,0.259347,0.190321,0.190474,0.026198,0.43524,0.0792,0.08,
0.4,4,5,70,70,70,530,530,5378.63,96.1,520.1,313.8,17.87,0.141749,0.243472,0.189001,0.184272,0.024938,0.43382,0.0791,0.08,
0.4,4,6,70,70,70,496,496,5854.1,115.5,485.1,303.82,18.2,0.120897,0.269396,0.19121,0.186901,0.030839,0.43587,0.079,0.08,
0.4,4,7,70,70,70,498,498,6014.68,80.1,485.1,293.04,17.99,0.131185,0.26282,0.190413,0.187071,0.029268,0.43509,0.079,0.08,
0.4,4,8,70,70,70,512,512,5385.87,120.1,500.1,308.71,17.66,0.134707,0.250206,0.187824,0.18558,0.024282,0.43251,0.0792,0.08,
0.4,4,9,70,70,70,559,559,5800.41,120.1,550.1,298.16,17.99,0.135688,0.250096,0.186505,0.181817,0.025713,0.43087,0.079,0.08,
0.4,4.5,0,70,70,70,506,506,5915.65,85.1,495.1,285.56,19.17,0.142468,0.370841,0.194995,0.190033,0.03505,0.44004,0.0789,0.08,
0.4,4.5,1,70,70,70,511,511,5453.07,113.2,500.1,283.68,17.85,0.139257,0.251025,0.186647,0.183701,0.024946,0.43109,0.079,0.08,
0.4,4.5,2,70,70,70,670,670,5373.71,79.8,660.1,313.93,18.09,0.123737,0.301411,0.191138,0.192626,0.028424,0.43602,0.0788,0.08,
0.4,4.5,3,70,70,70,558,558,5469.73,139.1,545.1,313.05,18.28,0.142449,0.259977,0.18716,0.18545,0.028121,0.43145,0.0789,0.08,
0.4,4.5,4,70,70,70,533,533,6255.13,134.4,520.1,326.07,19.39,0.143423,0.264238,0.188902,0.187564,0.027459,0.43351,0.0789,0.08,
0.4,4.5,5,70,70,70,560,560,5378.63,96.1,550.1,324.2,18.04,0.133128,0.24683,0.189768,0.183473,0.027138,0.43454,0.0792,0.08,
0.4,4.5,6,70,70,70,515,515,5854.1,117.2,505.1,315.16,18.43,0.123244,0.263421,0.19144,0.190056,0.030098,0.43619,0.0789,0.08,
0.4,4.5,7,70,70,70,521,521,6014.68,80.1,509,305.58,18.33,0.130371,0.267015,0.190175,0.189611,0.030153,0.43475,0.0791,0.08,
0.4,4.5,8,70,70,70,517,517,5385.87,132.6,505.1,316.61,17.85,0.128369,0.253687,0.187553,0.184434,0.024831,0.43214,0.079,0.08,
0.4,4.5,9,70,70,70,607,607,5800.41,120.1,595.1,309.75,18.07,0.132088,0.256304,0.186814,0.185783,0.026896,0.43113,0.0792,0.08,
0.4,5,0,70,70,70,506,506,5915.65,106,495.1,297.54,19.56,0.144996,0.2761,0.192584,0.190381,0.0277,0.43776,0.0789,0.08,
0.4,5,1,70,70,70,524,524,5453.07,112.7,511.9,291.17,18.35,0.130594,0.25498,0.186703,0.184721,0.025992,0.43107,0.079,0.08,
0.4,5,2,70,70,70,675,675,5373.71,79.8,665.1,316.94,18.62,0.131576,0.295432,0.194762,0.194227,0.030481,0.44,0.0793,0.08,
0.4,5,3,70,70,70,678,678,5469.73,139,665.1,321.71,18.84,0.144531,0.264299,0.187665,0.182856,0.029239,0.43195,0.079,0.08,
0.4,5,4,70,70,70,594,594,6255.13,119.3,580.1,339.46,19.67,0.136239,0.262526,0.188999,0.185048,0.029281,0.43348,0.0787,0.08,
0.4,5,5,70,70,70,600,600,5378.63,96,590.1,332.52,18.21,0.136479,0.251759,0.189072,0.183401,0.027875,0.43368,0.0791,0.08,
0.4,5,6,70,70,70,568,568,5854.1,119.4,557.9,326.24,18.78,0.111634,0.271069,0.19234,0.190383,0.032974,0.43697,0.0789,0.08,
0.4,5,7,70,70,70,523,523,6014.68,80.1,510.1,311.21,18.5,0.116167,0.251981,0.189386,0.188882,0.030978,0.43374,0.0788,0.08,
0.4,5,8,70,70,70,588,588,5385.87,125.6,575.1,333.2,18.13,0.144397,0.257861,0.187256,0.182742,0.025591,0.43176,0.0788,0.08,
0.4,5,9,70,70,70,607,607,5800.41,120.1,595.1,317.33,18.27,0.128367,0.251171,0.186443,0.187125,0.027364,0.43064,0.0792,0.08,
0.4,5.5,0,70,70,70,510,510,5915.65,105.1,499.4,305.07,19.78,0.137117,0.279764,0.191291,0.187092,0.028126,0.43624,0.0786,0.08,
0.4,5.5,1,70,70,70,528,528,5453.07,119.3,515.1,302.64,18.52,0.129191,0.257103,0.186832,0.185749,0.027904,0.43107,0.079,0.08,
0.4,5.5,2,70,70,70,675,675,5373.71,79.8,665.1,322.69,18.42,0.127884,0.321823,0.194506,0.192361,0.032675,0.43955,0.0791,0.08,
0.4,5.5,3,70,70,70,678,678,5469.73,138.4,665.1,335.84,18.77,0.134583,0.263618,0.187342,0.18461,0.030469,0.43145,0.0787,0.08,
0.4,5.5,4,70,70,70,599,599,6255.13,116.1,585.1,343.88,19.81,0.141271,0.268947,0.19031,0.188567,0.029351,0.43499,0.0789,0.08,
0.4,5.5,5,70,70,70,600,600,5378.63,95.7,590.1,336.46,18.4,0.131908,0.256184,0.189695,0.185485,0.02877,0.43432,0.0792,0.08,
0.4,5.5,6,70,70,70,571,571,5854.1,145.3,560.1,332.65,18.73,0.113367,0.284173,0.191621,0.189969,0.033599,0.43608,0.0788,0.08,
0.4,5.5,7,70,70,70,528,528,6014.68,80.1,515.1,316.64,18.63,0.11707,0.258846,0.189878,0.187789,0.0311,0.43429,0.0789,0.08,
0.4,5.5,8,70,70,70,593,593,5385.87,131.2,580.1,339.56,18.41,0.142345,0.262198,0.187574,0.181993,0.025236,0.43217,0.0788,0.08,
0.4,5.5,9,70,70,70,612,612,5800.41,120.1,600.1,326.4,18.58,0.12878,0.251757,0.185506,0.183426,0.028442,0.42947,0.0789,0.08,
0.4,6,0,70,70,70,511,511,5915.65,104.8,500.1,311.73,19.5,0.140521,0.284795,0.192092,0.18928,0.028139,0.43716,0.0786,0.08,
0.4,6,1,70,70,70,533,533,5453.07,121.8,520.1,311.14,18.48,0.115952,0.253925,0.18611,0.182699,0.028745,0.43012,0.0789,0.08,
0.4,6,2,70,70,70,748,748,5373.71,81.6,737.2,331.88,18.43,0.116935,0.325926,0.195291,0.194713,0.033374,0.44035,0.079,0.08,
0.4,6,3,70,70,70,678,678,5469.73,136.9,665.1,343.45,18.49,0.137468,0.265874,0.18799,0.185519,0.030653,0.43219,0.0789,0.08,
0.4,6,4,70,70,70,601,601,6255.13,114.8,587.3,348.84,19.64,0.133923,0.274072,0.19064,0.190994,0.030924,0.43523,0.0789,0.08,
0.4,6,5,70,70,70,600,600,5378.63,95.5,590.1,347.38,18.44,0.127865,0.259093,0.189056,0.182737,0.030216,0.43347,0.0792,0.08,
0.4,6,6,70,70,70,571,571,5854.1,149.4,560.1,337.29,18.86,0.115573,0.269583,0.1925,0.190115,0.033345,0.43712,0.0788,0.08,
0.4,6,7,70,70,70,583,583,6014.68,80.1,570.1,322.99,18.54,0.117375,0.258675,0.18979,0.187741,0.031961,0.43411,0.0789,0.08,
0.4,6,8,70,70,70,598,598,5385.87,133.9,585.1,350.68,18.54,0.134705,0.265815,0.185716,0.182908,0.026485,0.4299,0.0786,0.08,
0.4,6,9,70,70,70,612,612,5800.41,119,600.1,330.45,18.56,0.127495,0.264819,0.186588,0.180588,0.030785,0.43054,0.0791,0.08,
0.4,6.5,0,70,70,70,568,568,5915.65,103.6,555.1,321.08,19.98,0.141805,0.285674,0.193449,0.190277,0.030321,0.43855,0.0789,0.08,
0.4,6.5,1,70,70,70,533,533,5453.07,129.2,520.1,321.29,18.67,0.124106,0.254678,0.182613,0.180806,0.028221,0.42608,0.0781,0.08,
0.4,6.5,2,70,70,70,751,751,5373.71,91.7,740.1,340.22,18.72,0.121086,0.328851,0.19563,0.196849,0.032894,0.4408,0.079,0.08,
0.4,6.5,3,70,70,70,678,678,5469.73,135.8,665.1,348.17,18.82,0.14063,0.274996,0.189734,0.185335,0.03179,0.43413,0.0791,0.08,
0.4,6.5,4,70,70,70,616,616,6255.13,112.7,605.1,356.55,19.94,0.135846,0.277698,0.19103,0.189804,0.031734,0.43561,0.0788,0.08,
0.4,6.5,5,70,70,70,639,639,5378.63,96,629.1,355.03,18.64,0.128378,0.26082,0.18846,0.182975,0.030526,0.43275,0.0791,0.08,
0.4,6.5,6,70,70,70,576,576,5854.1,150.1,565.1,342.25,18.84,0.106627,0.282406,0.192665,0.192001,0.035031,0.43714,0.0788,0.08,
0.4,6.5,7,70,70,70,600,600,6014.68,79.8,590.1,336.57,18.99,0.117356,0.267236,0.188781,0.183953,0.035325,0.43263,0.0786,0.08,
0.4,6.5,8,70,70,70,598,598,5385.87,137.1,585.1,355.98,18.57,0.137277,0.268549,0.186834,0.181869,0.027646,0.43111,0.0787,0.08,
0.4,6.5,9,70,70,70,612,612,5800.41,115.1,600.1,335.94,18.72,0.128557,0.268536,0.186083,0.176979,0.033027,0.42975,0.0789,0.08,
0.4,7,0,70,70,70,774,774,5915.65,102.4,760.1,330.09,20.23,0.142724,0.284616,0.192199,0.189525,0.029894,0.43717,0.0785,0.08,
0.4,7,1,70,70,70,597,597,5453.07,130.9,585.1,330.08,18.83,0.123203,0.256322,0.18133,0.17775,0.028465,0.42455,0.078,0.08,
0.4,7,2,70,70,70,751,751,5373.71,90.3,740.1,344.68,18.75,0.124769,0.335627,0.194575,0.195771,0.03401,0.4395,0.0787,0.08,
0.4,7,3,70,70,70,683,683,5469.73,136.7,670.1,357.34,19.02,0.138988,0.278295,0.187017,0.182513,0.031618,0.43098,0.0785,0.08,
0.4,7,4,70,70,70,631,631,6255.13,110.8,621,361.22,18.59,0.136617,0.281084,0.191329,0.187185,0.032936,0.43585,0.0787,0.08,
0.4,7,5,70,70,70,640,640,5378.63,99,630.1,357.35,17.65,0.13089,0.261507,0.187802,0.183583,0.03116,0.43192,0.0789,0.08,
0.4,7,6,70,70,70,588,588,5854.1,156.7,575.1,350.15,17.78,0.10809,0.286546,0.191134,0.188784,0.035558,0.43531,0.0785,0.08,
0.4,7,7,70,70,70,605,605,6014.68,80.1,595.1,344.52,17.79,0.117028,0.278893,0.187335,0.182804,0.033975,0.43108,0.0786,0.08,
0.4,7,8,70,70,70,598,598,5385.87,140.2,585.1,356.78,17.4,0.139065,0.270473,0.187504,0.181355,0.028578,0.43182,0.0788,0.08,
0.4,7,9,70,70,70,617,617,5800.41,115.1,605.1,345.95,17.4,0.127167,0.273922,0.183858,0.173237,0.032288,0.4272,0.0786,0.08,
