I_U,T_INT,seed,nodes_measured,n_targets,total_assignments,sim_elapsed_s,total_survey_time_s,fleet_distance_m,conv_time_min_s,conv_time_max_s,conv_time_mean_s,wall_time_s,var_Ubar_min,var_Ubar_max,var_Ubar_mean,var_Ubar_median,var_Ubar_std,sigma_Ubar_mean,ci_rel_mean,ci_rel_max,error
0.25,3,0,70,70,70,133,133,5915.65,79.8,122.8,83.95,12.51,0.129226,0.607791,0.295036,0.277538,0.099145,0.53633,0.0974,0.1299,
0.25,3,1,70,70,70,127,127,5453.07,79.8,115.1,86.87,11.68,0.128416,0.545399,0.300547,0.282943,0.093848,0.54198,0.1005,0.13,
0.25,3,2,70,70,70,118,118,5373.71,79.8,105.7,85.38,11.4,0.096594,0.559087,0.306868,0.307914,0.10366,0.5457,0.0996,0.13,
0.25,3,3,70,70,70,127,127,5469.73,79.8,116.7,85.98,11.68,0.132961,0.536938,0.319881,0.308892,0.092744,0.55954,0.1036,0.13,
0.25,3,4,70,70,70,122,122,6255.13,79.8,110.1,85.47,12.35,0.142655,0.589484,0.320619,0.309685,0.097159,0.55984,0.1025,0.13,
0.25,3,5,70,70,70,123,123,5378.63,79.8,113,86.49,11.43,0.162596,0.591846,0.31661,0.31041,0.091035,0.55709,0.1031,0.13,
0.25,3,6,70,70,70,138,138,5854.1,79.8,125.1,84.23,11.92,0.129954,0.540787,0.322011,0.32171,0.097429,0.56061,0.1034,0.13,
0.25,3,7,70,70,70,129,129,6014.68,79.8,117.1,86.35,12.02,0.114992,0.52749,0.308436,0.302717,0.093619,0.54874,0.1004,0.1299,
0.25,3,8,70,70,70,136,136,5385.87,79.8,125.1,87.73,11.53,0.194891,0.57886,0.321034,0.308806,0.084287,0.56193,0.104,0.13,
0.25,3,9,70,70,70,141,141,5800.41,79.8,131.7,86.85,11.86,0.148194,0.534024,0.323005,0.308621,0.098555,0.56162,0.1043,0.13,
0.25,3.5,0,70,70,70,137,137,5915.65,79.8,126.2,87.44,13.14,0.130888,0.616336,0.298968,0.280073,0.0963,0.54026,0.0981,0.13,
0.25,3.5,1,70,70,70,137,137,5453.07,79.8,125.1,90.74,12.23,0.135589,0.570122,0.300547,0.285904,0.091596,0.54227,0.1006,0.1299,
0.25,3.5,2,70,70,70,130,130,5373.71,79.8,117.4,88.57,11.98,0.099317,0.589375,0.313866,0.320278,0.10601,0.55182,0.1006,0.13,
0.25,3.5,3,70,70,70,131,131,5469.73,79.8,120.4,88.57,12.07,0.142173,0.494081,0.327223,0.322191,0.09318,0.56615,0.1047,0.13,
0.25,3.5,4,70,70,70,144,144,6255.13,79.8,130.1,88.49,12.91,0.153345,0.592285,0.325858,0.310827,0.098554,0.56435,0.1031,0.13,
0.25,3.5,5,70,70,70,133,133,5378.63,79.8,123,89.58,11.99,0.167127,0.613519,0.319947,0.306817,0.098408,0.55927,0.1034,0.1299,
0.25,3.5,6,70,70,70,142,142,5854.1,79.8,129.8,88,12.47,0.133533,0.630247,0.321974,0.308479,0.098975,0.56054,0.103,0.13,
0.25,3.5,7,70,70,70,132,132,6014.68,79.8,121,88.82,12.53,0.11451,0.534018,0.317403,0.320434,0.09357,0.55683,0.102,0.13,
0.25,3.5,8,70,70,70,145,145,5385.87,79.8,135.1,91.01,11.76,0.192473,0.583681,0.323686,0.317882,0.090551,0.56369,0.1042,0.1299,
0.25,3.5,9,70,70,70,144,144,5800.41,79.8,134.6,90.63,12.12,0.140396,0.537063,0.323587,0.309847,0.096577,0.5624,0.1046,0.13,
0.25,4,0,70,70,70,143,143,5915.65,79.8,131.4,89.96,13.54,0.132729,0.628282,0.304253,0.284325,0.098995,0.54481,0.0987,0.13,
0.25,4,1,70,70,70,143,143,5453.07,79.8,131.5,93.04,12.65,0.128959,0.545298,0.30448,0.293588,0.092729,0.54567,0.1012,0.13,
0.25,4,2,70,70,70,157,157,5373.71,79.8,143.2,91.63,12.33,0.102646,0.53672,0.312285,0.319833,0.102789,0.55083,0.1007,0.13,
0.25,4,3,70,70,70,135,135,5469.73,79.8,125.1,90.44,12.52,0.149826,0.557009,0.332233,0.32405,0.095987,0.57044,0.1057,0.13,
0.25,4,4,70,70,70,159,159,6255.13,79.8,145.1,91.86,13.41,0.150991,0.607088,0.332056,0.313323,0.103025,0.56939,0.1038,0.1299,
0.25,4,5,70,70,70,141,141,5378.63,79.8,129.1,91,12.3,0.163956,0.620617,0.325782,0.315315,0.098857,0.56457,0.1046,0.13,
0.25,4,6,70,70,70,143,143,5854.1,79.8,130.1,88.58,12.89,0.137093,0.637638,0.329625,0.324757,0.101271,0.56716,0.1043,0.13,
0.25,4,7,70,70,70,136,136,6014.68,79.8,124.1,89.62,12.85,0.114872,0.537253,0.32759,0.32784,0.095968,0.56571,0.1036,0.13,
0.25,4,8,70,70,70,180,180,5385.87,79.8,170.1,95.39,12.41,0.180999,0.612034,0.321781,0.318768,0.095842,0.56118,0.1034,0.13,
0.25,4,9,70,70,70,180,180,5800.41,79.8,170.1,93.41,12.89,0.145021,0.540088,0.331357,0.316004,0.096935,0.56938,0.1063,0.13,
0.25,4.5,0,70,70,70,161,161,5915.65,79.8,152.6,92.95,14.1,0.134806,0.643962,0.307614,0.292322,0.101895,0.54758,0.099,0.13,
0.25,4.5,1,70,70,70,147,147,5453.07,79.8,135.6,96.46,13.33,0.125548,0.577679,0.304612,0.28668,0.096658,0.54523,0.1012,0.13,
0.25,4.5,2,70,70,70,164,164,5373.71,79.8,150.9,93.87,12.88,0.106362,0.54301,0.313766,0.311757,0.106297,0.55178,0.101,0.13,
0.25,4.5,3,70,70,70,137,137,5469.73,79.8,125.6,92.25,12.91,0.156197,0.621429,0.334678,0.337175,0.100548,0.57213,0.106,0.13,
0.25,4.5,4,70,70,70,166,166,6255.13,79.8,152.4,94.15,13.94,0.153392,0.617,0.331248,0.322456,0.104232,0.56849,0.1036,0.13,
0.25,4.5,5,70,70,70,148,148,5378.63,79.8,137,94.35,12.88,0.155263,0.576181,0.328141,0.321171,0.098297,0.56651,0.105,0.13,
0.25,4.5,6,70,70,70,154,154,5854.1,79.8,142,90.41,13.4,0.140619,0.650519,0.332044,0.323172,0.105611,0.56897,0.1049,0.13,
0.25,4.5,7,70,70,70,139,139,6014.68,79.8,128.4,91.42,13.42,0.115811,0.524622,0.330421,0.332924,0.094876,0.56838,0.1039,0.13,
0.25,4.5,8,70,70,70,188,188,5385.87,79.8,178.7,99.04,12.97,0.147352,0.591918,0.322725,0.314746,0.100986,0.56133,0.1036,0.1299,
0.25,4.5,9,70,70,70,180,180,5800.41,79.8,170.1,95.46,13.27,0.159784,0.542842,0.333221,0.328273,0.098692,0.57084,0.1064,0.13,
0.25,5,0,70,70,70,167,167,5915.65,79.8,158.7,96.64,13.97,0.139806,0.644344,0.305188,0.292042,0.104851,0.54481,0.0983,0.13,
0.25,5,1,70,70,70,152,152,5453.07,79.8,140.1,101.14,13.14,0.108625,0.582061,0.301734,0.281153,0.10123,0.5419,0.1007,0.1299,
0.25,5,2,70,70,70,168,168,5373.71,79.8,154.4,98.69,12.78,0.110259,0.542851,0.314705,0.299381,0.108331,0.55244,0.101,0.13,
0.25,5,3,70,70,70,155,155,5469.73,79.8,141.5,96.89,12.87,0.122629,0.594481,0.326503,0.320194,0.10472,0.56406,0.1043,0.13,
0.25,5,4,70,70,70,176,176,6255.13,79.8,162.3,98.4,13.83,0.093286,0.623381,0.325094,0.31256,0.10426,0.56256,0.1025,0.1299,
0.25,5,5,70,70,70,151,151,5378.63,79.8,139.7,97.07,12.75,0.149204,0.590701,0.33036,0.314537,0.103612,0.56802,0.1052,0.13,
0.25,5,6,70,70,70,158,158,5854.1,79.8,145.4,94.27,13.2,0.144077,0.662878,0.328318,0.301669,0.110072,0.56514,0.1037,0.1299,
0.25,5,7,70,70,70,156,156,6014.68,79.8,146.3,96.06,13.26,0.117196,0.540791,0.323612,0.331753,0.094233,0.56247,0.103,0.13,
0.25,5,8,70,70,70,219,219,5385.87,79.8,209.6,102.67,12.73,0.179374,0.585094,0.324575,0.310993,0.091486,0.5642,0.1041,0.13,
0.25,5,9,70,70,70,183,183,5800.41,79.8,174,97.83,13.02,0.160686,0.541363,0.331185,0.306417,0.100928,0.56879,0.1062,0.13,
0.25,5.5,0,70,70,70,172,172,5915.65,79.8,163.5,101.08,14.24,0.133411,0.613441,0.298314,0.294018,0.10181,0.53846,0.0971,0.13,
0.25,5.5,1,70,70,70,201,201,5453.07,79.8,188.6,103.9,13.28,0.096533,0.558927,0.290828,0.260462,0.099774,0.53198,0.0986,0.1299,
0.25,5.5,2,70,70,70,176,176,5373.71,79.8,162.5,102.34,12.86,0.114034,0.548753,0.308355,0.295038,0.102311,0.54761,0.1002,0.13,
0.25,5.5,3,70,70,70,170,170,5469.73,79.8,157,99.15,13.09,0.148113,0.596473,0.321778,0.321167,0.100971,0.56038,0.1038,0.13,
0.25,5.5,4,70,70,70,213,213,6255.13,79.8,200.1,103.66,14.02,0.104872,0.627302,0.315996,0.306962,0.098273,0.55521,0.1015,0.1299,
0.25,5.5,5,70,70,70,172,172,5378.63,79.8,163.7,101.14,12.91,0.148284,0.608972,0.326244,0.328677,0.107378,0.56365,0.1043,0.13,
0.25,5.5,6,70,70,70,170,170,5854.1,79.8,157.6,97.1,13.37,0.141482,0.670133,0.322468,0.29947,0.112756,0.55951,0.1028,0.13,
0.25,5.5,7,70,70,70,177,177,6014.68,79.8,164.4,101.2,13.49,0.118944,0.551296,0.316038,0.316531,0.098325,0.55507,0.1016,0.1299,
0.25,5.5,8,70,70,70,222,222,5385.87,79.8,212.9,109.11,12.93,0.144148,0.565612,0.309278,0.292724,0.091825,0.55017,0.1012,0.13,
0.25,5.5,9,70,70,70,185,185,5800.41,79.8,175.1,102.26,13.43,0.152364,0.507297,0.31814,0.296374,0.094855,0.55786,0.1042,0.13,
0.25,6,0,70,70,70,176,176,5915.65,79.8,167.5,103.72,14.93,0.125874,0.616839,0.298988,0.288706,0.105254,0.53855,0.0971,0.13,
0.25,6,1,70,70,70,205,205,5453.07,79.8,192.3,106.49,13.86,0.096003,0.543128,0.285451,0.259719,0.097622,0.52698,0.0978,0.1297,
0.25,6,2,70,70,70,218,218,5373.71,79.8,209,107.62,13.8,0.117456,0.565793,0.304617,0.284457,0.107979,0.54345,0.0996,0.13,
0.25,6,3,70,70,70,174,174,5469.73,79.8,161.2,103.17,13.77,0.170162,0.659514,0.308048,0.282855,0.102522,0.54785,0.1012,0.13,
0.25,6,4,70,70,70,213,213,6255.13,79.8,200.1,106.69,14.74,0.113543,0.629392,0.311042,0.305651,0.09823,0.55073,0.1008,0.1299,
0.25,6,5,70,70,70,267,267,5378.63,79.8,256.9,106.07,13.67,0.111782,0.579585,0.323735,0.319597,0.109701,0.56075,0.1034,0.13,
0.25,6,6,70,70,70,173,173,5854.1,79.8,160.7,101.82,14.04,0.128689,0.585994,0.307738,0.290833,0.10589,0.5467,0.1005,0.1299,
0.25,6,7,70,70,70,181,181,6014.68,79.8,168.6,105.44,14.2,0.120924,0.551595,0.308003,0.30451,0.09895,0.54774,0.1005,0.1299,
0.25,6,8,70,70,70,227,227,5385.87,79.8,218,112.4,13.56,0.141915,0.508177,0.31462,0.30569,0.090226,0.55523,0.1024,0.13,
0.25,6,9,70,70,70,185,185,5800.41,79.8,175.1,105.23,14.04,0.144604,0.601411,0.315883,0.284,0.096845,0.55564,0.1039,0.13,
0.25,6.5,0,70,70,70,180,180,5915.65,79.8,171.3,105.66,14.98,0.119585,0.61208,0.306528,0.290686,0.105026,0.54552,0.0983,0.13,
0.25,6.5,1,70,70,70,217,217,5453.07,79.8,204.3,109.8,13.96,0.093127,0.537629,0.286271,0.259301,0.105294,0.52658,0.0979,0.13,
0.25,6.5,2,70,70,70,224,224,5373.71,79.8,214.7,109.13,13.6,0.120573,0.568098,0.309959,0.285563,0.1105,0.54808,0.1005,0.13,
0.25,6.5,3,70,70,70,176,176,5469.73,79.8,163,107.06,13.79,0.118271,0.657983,0.304886,0.28094,0.109575,0.54374,0.1004,0.13,
0.25,6.5,4,70,70,70,213,213,6255.13,79.8,200.1,109.05,14.83,0.148947,0.601029,0.306743,0.294665,0.098649,0.54692,0.1001,0.13,
0.25,6.5,5,70,70,70,299,299,5378.63,79.8,288.5,111.15,13.76,0.121011,0.578912,0.312579,0.28739,0.109549,0.55062,0.1016,0.13,
0.25,6.5,6,70,70,70,178,178,5854.1,79.8,166.8,103.75,14.09,0.139044,0.594723,0.307144,0.296437,0.105684,0.54622,0.1006,0.13,
0.25,6.5,7,70,70,70,188,188,6014.68,79.8,176,107.53,14.26,0.123099,0.533777,0.307631,0.301424,0.101307,0.54709,0.1004,0.1299,
0.25,6.5,8,70,70,70,232,232,5385.87,79.8,222.3,117.11,13.78,0.133765,0.512584,0.308694,0.297434,0.087817,0.55002,0.1015,0.13,
0.25,6.5,9,70,70,70,207,207,5800.41,79.8,195.8,109.32,14.09,0.135326,0.60277,0.306596,0.28261,0.098767,0.5467,0.1024,0.13,
0.25,7,0,70,70,70,203,203,5915.65,79.8,189.9,109.43,14.72,0.11466,0.627836,0.312013,0.306846,0.115652,0.54908,0.0987,0.13,
0.25,7,1,70,70,70,230,230,5453.07,79.8,220.1,113.67,13.85,0.092052,0.556887,0.281118,0.258504,0.105264,0.52159,0.0967,0.13,
0.25,7,2,70,70,70,226,226,5373.71,79.8,216.7,110.25,13.57,0.123429,0.545435,0.311496,0.290953,0.109752,0.54948,0.1009,0.1296,
0.25,7,3,70,70,70,182,182,5469.73,79.8,170.4,108.03,13.59,0.124821,0.667447,0.306896,0.2786,0.115038,0.54499,0.1006,0.13,
0.25,7,4,70,70,70,213,213,6255.13,79.8,203.6,111.17,14.63,0.139599,0.583428,0.306806,0.29081,0.099151,0.54675,0.1002,0.13,
0.25,7,5,70,70,70,188,188,5378.63,79.8,175.5,110.88,13.5,0.133841,0.73753,0.323334,0.289745,0.121183,0.55935,0.1033,0.13,
0.25,7,6,70,70,70,181,181,5854.1,79.8,169.4,107.47,14,0.133496,0.595407,0.304816,0.298638,0.103742,0.54426,0.1002,0.13,
0.25,7,7,70,70,70,192,192,6014.68,79.8,179.1,111.06,14.23,0.125582,0.569454,0.30587,0.293769,0.10748,0.54461,0.0999,0.13,
0.25,7,8,70,70,70,234,234,5385.87,79.8,224.9,118.55,13.68,0.134283,0.626106,0.31442,0.298453,0.097714,0.55415,0.1022,0.13,
0.25,7,9,70,70,70,211,211,5800.41,79.8,200,113.61,13.97,0.115367,0.612001,0.298673,0.278639,0.10096,0.53891,0.1009,0.13,
0.26,3,0,70,70,70,134,134,5915.65,79.8,123.4,85.8,14.41,0.135072,0.617867,0.306753,0.290177,0.100155,0.54712,0.0995,0.13,
0.26,3,1,70,70,70,132,132,5453.07,79.8,120.8,88.38,13.26,0.133742,0.571887,0.313987,0.295479,0.095811,0.55421,0.1028,0.13,
0.26,3,2,70,70,70,119,119,5373.71,79.8,106.9,86.57,13.12,0.100618,0.572349,0.319748,0.32689,0.106686,0.55711,0.1016,0.13,
0.26,3,3,70,70,70,130,130,5469.73,79.8,120.1,87.14,13.2,0.138375,0.513542,0.33289,0.326894,0.091123,0.57138,0.1058,0.13,
0.26,3,4,70,70,70,142,142,6255.13,79.8,129,86.51,14.13,0.149136,0.609023,0.334437,0.326144,0.099381,0.57192,0.1046,0.13,
0.26,3,5,70,70,70,132,132,5378.63,79.8,121.6,87.35,13.13,0.172726,0.613164,0.332444,0.324994,0.09664,0.57074,0.1056,0.13,
0.26,3,6,70,70,70,142,142,5854.1,79.8,129.6,85.12,13.64,0.134968,0.515741,0.334883,0.337272,0.097806,0.57202,0.1054,0.13,
0.26,3,7,70,70,70,129,129,6014.68,79.8,117.7,86.94,13.66,0.12209,0.53252,0.323729,0.322357,0.093206,0.56267,0.103,0.13,
0.26,3,8,70,70,70,140,140,5385.87,79.8,128.8,89.09,13.1,0.202897,0.592363,0.337016,0.328493,0.088203,0.57578,0.1065,0.13,
0.26,3,9,70,70,70,142,142,5800.41,79.8,132.2,88.2,13.58,0.156485,0.538979,0.335698,0.327913,0.101368,0.5726,0.1065,0.13,
0.26,3.5,0,70,70,70,138,138,5915.65,79.8,127.3,88.43,14.67,0.136833,0.639364,0.312559,0.293999,0.09926,0.55244,0.1003,0.13,
0.26,3.5,1,70,70,70,137,137,5453.07,79.8,125.1,91.79,13.56,0.141145,0.548859,0.31491,0.300249,0.095606,0.55502,0.103,0.13,
0.26,3.5,2,70,70,70,131,131,5373.71,79.8,118.1,90.05,13.23,0.103431,0.529565,0.324534,0.334757,0.10366,0.56187,0.1026,0.1299,
0.26,3.5,3,70,70,70,135,135,5469.73,79.8,125.1,89.35,13.48,0.148092,0.528545,0.344542,0.341238,0.096278,0.58114,0.1075,0.13,
0.26,3.5,4,70,70,70,159,159,6255.13,79.8,145.1,90.22,14.45,0.16052,0.632719,0.341179,0.321763,0.104113,0.57738,0.1052,0.13,
0.26,3.5,5,70,70,70,134,134,5378.63,79.8,123.3,90.34,13.32,0.170221,0.654053,0.338003,0.330197,0.101114,0.57506,0.1064,0.13,
0.26,3.5,6,70,70,70,143,143,5854.1,79.8,130.1,88.64,13.75,0.138658,0.578381,0.335786,0.324669,0.100003,0.57266,0.1052,0.13,
0.26,3.5,7,70,70,70,133,133,6014.68,79.8,121.6,89.6,13.82,0.1214,0.519129,0.334698,0.338867,0.097068,0.57194,0.1047,0.13,
0.26,3.5,8,70,70,70,179,179,5385.87,79.8,169.8,93.49,13.21,0.186156,0.629803,0.337628,0.336314,0.101989,0.57475,0.106,0.13,
0.26,3.5,9,70,70,70,180,180,5800.41,79.8,170.1,92.58,13.75,0.146955,0.545688,0.337496,0.326855,0.098864,0.57452,0.1069,0.13,
0.26,4,0,70,70,70,155,155,5915.65,79.8,144.6,91.89,14.81,0.13874,0.654344,0.315404,0.299401,0.101773,0.55479,0.1001,0.13,
0.26,4,1,70,70,70,147,147,5453.07,79.8,135.5,94.51,13.79,0.130818,0.578079,0.316036,0.31113,0.096192,0.55588,0.1031,0.13,
0.26,4,2,70,70,70,160,160,5373.71,79.8,146.1,92.99,13.53,0.10694,0.5422,0.327599,0.324426,0.107489,0.56426,0.1031,0.13,
0.26,4,3,70,70,70,136,136,5469.73,79.8,126.7,91.43,13.72,0.156123,0.599336,0.346632,0.34061,0.097968,0.58296,0.108,0.13,
0.26,4,4,70,70,70,164,164,6255.13,79.8,150.2,92.97,14.81,0.159227,0.648921,0.344904,0.332787,0.106232,0.58037,0.1058,0.13,
0.26,4,5,70,70,70,141,141,5378.63,79.8,129.7,93.03,13.4,0.171366,0.659671,0.340295,0.33342,0.100256,0.57725,0.1069,0.1299,
0.26,4,6,70,70,70,157,157,5854.1,79.8,144.4,90.35,14.02,0.142381,0.651073,0.341521,0.336674,0.107264,0.57708,0.106,0.13,
0.26,4,7,70,70,70,136,136,6014.68,79.8,124.8,90.86,13.93,0.12158,0.539326,0.341015,0.348063,0.098097,0.57739,0.1057,0.1299,
0.26,4,8,70,70,70,180,180,5385.87,79.8,170.4,96.96,13.56,0.16098,0.660293,0.335543,0.332963,0.1041,0.57247,0.1055,0.13,
0.26,4,9,70,70,70,180,180,5800.41,79.8,170.1,95.02,13.97,0.151949,0.540999,0.347214,0.335072,0.098631,0.58313,0.1088,0.13,
0.26,4.5,0,70,70,70,162,162,5915.65,79.8,153.6,95.1,14.63,0.140826,0.665171,0.318215,0.308765,0.108211,0.55623,0.1005,0.13,
0.26,4.5,1,70,70,70,152,152,5453.07,79.8,140.1,99.14,13.86,0.128404,0.582549,0.315065,0.29623,0.103125,0.55414,0.1028,0.13,
0.26,4.5,2,70,70,70,166,166,5373.71,79.8,152.5,95.27,13.47,0.111209,0.562343,0.325867,0.321675,0.108761,0.5625,0.103,0.13,
0.26,4.5,3,70,70,70,150,150,5469.73,79.8,141.6,94.94,13.47,0.162792,0.576276,0.344764,0.343782,0.102306,0.58066,0.1075,0.13,
0.26,4.5,4,70,70,70,167,167,6255.13,79.8,153.3,96.15,14.52,0.091238,0.659715,0.34425,0.331098,0.111869,0.57877,0.1055,0.13,
0.26,4.5,5,70,70,70,149,149,5378.63,79.8,137.7,96.37,13.38,0.162018,0.61444,0.341028,0.334336,0.103739,0.57754,0.1069,0.13,
0.26,4.5,6,70,70,70,156,156,5854.1,79.8,143.6,92.66,13.8,0.146013,0.609605,0.344796,0.3323,0.109036,0.57974,0.1067,0.13,
0.26,4.5,7,70,70,70,154,154,6014.68,79.8,144.2,93.49,13.96,0.122366,0.548617,0.340933,0.348362,0.098738,0.57724,0.1055,0.13,
0.26,4.5,8,70,70,70,190,190,5385.87,79.8,180.3,101.27,13.51,0.152908,0.652432,0.335542,0.326791,0.100293,0.57292,0.1056,0.1299,
0.26,4.5,9,70,70,70,185,185,5800.41,79.8,175.1,98.32,13.86,0.16639,0.550135,0.339243,0.322632,0.097252,0.57641,0.1076,0.13,
0.26,5,0,70,70,70,168,168,5915.65,79.8,159.9,98.36,14.85,0.144971,0.608151,0.316824,0.316953,0.10276,0.5556,0.1003,0.13,
0.26,5,1,70,70,70,198,198,5453.07,79.8,186,103.46,13.84,0.108817,0.582883,0.308734,0.28593,0.103335,0.54825,0.1016,0.13,
0.26,5,2,70,70,70,169,169,5373.71,79.8,155.4,102.39,13.67,0.115542,0.574034,0.323602,0.311926,0.108473,0.56073,0.1024,0.13,
0.26,5,3,70,70,70,156,156,5469.73,79.8,142.5,98.35,13.63,0.126025,0.634835,0.336692,0.330734,0.108913,0.57274,0.1058,0.13,
0.26,5,4,70,70,70,213,213,6255.13,79.8,200.1,101.34,14.68,0.096022,0.666819,0.342321,0.331723,0.109938,0.57722,0.1054,0.13,
0.26,5,5,70,70,70,251,251,5378.63,79.8,240.1,101.81,13.65,0.158035,0.63908,0.341074,0.341537,0.108527,0.57706,0.1066,0.13,
0.26,5,6,70,70,70,167,167,5854.1,79.8,154.5,96.76,13.96,0.149583,0.614468,0.339455,0.320319,0.112021,0.57472,0.1054,0.13,
0.26,5,7,70,70,70,160,160,6014.68,79.8,150.1,97.78,14.04,0.123676,0.558091,0.33315,0.340814,0.095874,0.57088,0.1045,0.13,
0.26,5,8,70,70,70,220,220,5385.87,79.8,210.5,106.11,13.57,0.158011,0.622185,0.334145,0.315123,0.101224,0.57164,0.1051,0.13,
0.26,5,9,70,70,70,185,185,5800.41,79.8,175.1,100.23,13.93,0.167262,0.550248,0.33929,0.32482,0.101067,0.57601,0.1076,0.13,
0.26,5.5,0,70,70,70,173,173,5915.65,79.8,165,102.53,14.88,0.133923,0.608852,0.311252,0.311285,0.104205,0.55013,0.0992,0.13,
0.26,5.5,1,70,70,70,202,202,5453.07,79.8,190,105.63,13.86,0.099767,0.567411,0.301455,0.27678,0.100457,0.54192,0.1006,0.13,
0.26,5.5,2,70,70,70,215,215,5373.71,79.8,206,107.12,13.64,0.11948,0.57131,0.318264,0.307881,0.107796,0.55605,0.1018,0.13,
0.26,5.5,3,70,70,70,172,172,5469.73,79.8,158.9,100.87,13.78,0.173056,0.63427,0.329749,0.318762,0.105785,0.56711,0.105,0.13,
0.26,5.5,4,70,70,70,213,213,6255.13,79.8,200.1,105.54,14.74,0.110932,0.671101,0.332819,0.324739,0.106888,0.56931,0.104,0.13,
0.26,5.5,5,70,70,70,264,264,5378.63,79.8,253.6,105.5,13.64,0.152911,0.620485,0.336124,0.343825,0.106277,0.5726,0.1057,0.13,
0.26,5.5,6,70,70,70,171,171,5854.1,79.8,158.7,101.17,14.1,0.12992,0.621672,0.331167,0.32931,0.114539,0.56695,0.1041,0.13,
0.26,5.5,7,70,70,70,178,178,6014.68,79.8,165.3,102.71,14.24,0.125304,0.551474,0.327514,0.325775,0.098373,0.56547,0.1035,0.13,
0.26,5.5,8,70,70,70,224,224,5385.87,79.8,214.1,110.45,13.78,0.151143,0.571172,0.332751,0.317734,0.098194,0.57061,0.1051,0.13,
0.26,5.5,9,70,70,70,185,185,5800.41,79.8,175.1,103.86,14.01,0.155529,0.547624,0.331397,0.310808,0.093653,0.56996,0.1065,0.13,
0.26,6,0,70,70,70,177,177,5915.65,79.8,168.8,104.8,14.98,0.128938,0.626229,0.314382,0.298421,0.109588,0.55224,0.0996,0.13,
0.26,6,1,70,70,70,215,215,5453.07,79.8,202.6,108.36,13.77,0.098292,0.57239,0.299776,0.277583,0.105811,0.53946,0.1002,0.13,
0.26,6,2,70,70,70,220,220,5373.71,79.8,210.9,109.22,13.87,0.123036,0.604424,0.32123,0.305308,0.112769,0.55822,0.1022,0.13,
0.26,6,3,70,70,70,175,175,5469.73,79.8,161.8,104.76,13.93,0.177234,0.66825,0.323135,0.295554,0.109668,0.56078,0.1036,0.13,
0.26,6,4,70,70,70,213,213,6255.13,79.8,200.1,108.83,14.93,0.155365,0.673441,0.32375,0.306511,0.106535,0.56148,0.1029,0.1299,
0.26,6,5,70,70,70,297,297,5378.63,79.8,286.1,111.65,13.83,0.129493,0.621927,0.33471,0.336582,0.116656,0.56968,0.1051,0.13,
0.26,6,6,70,70,70,183,183,5854.1,79.8,170.1,104.8,14.17,0.139329,0.630909,0.326618,0.316818,0.114116,0.56293,0.1034,0.13,
0.26,6,7,70,70,70,185,185,6014.68,79.8,172.8,106.94,14.27,0.127222,0.568083,0.321676,0.318972,0.103183,0.55979,0.1027,0.1298,
0.26,6,8,70,70,70,230,230,5385.87,79.8,220.3,114.87,13.83,0.144305,0.529308,0.329519,0.315299,0.092119,0.56846,0.1049,0.13,
0.26,6,9,70,70,70,205,205,5800.41,79.8,193.8,109.45,14.23,0.144567,0.634093,0.323572,0.298183,0.099918,0.56215,0.1048,0.13,
0.26,6.5,0,70,70,70,186,186,5915.65,79.8,173.5,106.98,15.24,0.121509,0.596479,0.325058,0.324319,0.110465,0.56157,0.1011,0.13,
0.26,6.5,1,70,70,70,220,220,5453.07,79.8,207.6,112.77,14.2,0.096386,0.564091,0.294908,0.270436,0.114515,0.53355,0.0989,0.13,
0.26,6.5,2,70,70,70,225,225,5373.71,79.8,215.5,109.62,13.96,0.126235,0.59001,0.328238,0.310237,0.113212,0.56451,0.1034,0.13,
0.26,6.5,3,70,70,70,177,177,5469.73,79.8,163.9,108.74,13.94,0.132695,0.638926,0.316084,0.298826,0.111367,0.55389,0.1023,0.13,
0.26,6.5,4,70,70,70,216,216,6255.13,79.8,203.1,110.53,14.92,0.15394,0.635127,0.322591,0.300408,0.10622,0.56045,0.1026,0.13,
0.26,6.5,5,70,70,70,302,302,5378.63,79.8,291.8,114.07,13.93,0.126069,0.621394,0.331528,0.309772,0.115994,0.56701,0.1047,0.13,
0.26,6.5,6,70,70,70,183,183,5854.1,79.8,170.3,108.08,14.34,0.145125,0.640463,0.322571,0.312166,0.11282,0.55947,0.1028,0.13,
0.26,6.5,7,70,70,70,189,189,6014.68,79.8,177,108.82,14.39,0.129305,0.578455,0.322551,0.318835,0.107121,0.56009,0.1028,0.13,
0.26,6.5,8,70,70,70,233,233,5385.87,79.8,223.4,118.08,13.91,0.142891,0.513332,0.324131,0.316043,0.08954,0.56383,0.1041,0.1295,
0.26,6.5,9,70,70,70,209,209,5800.41,79.8,197.3,111.88,14.26,0.141346,0.639443,0.318375,0.299612,0.102975,0.55711,0.1042,0.13,
0.26,7,0,70,70,70,206,206,5915.65,79.8,192.4,112.59,17.29,0.118114,0.63255,0.319882,0.302628,0.123093,0.55505,0.0996,0.13,
0.26,7,1,70,70,70,230,230,5453.07,79.8,220.8,117.6,15.29,0.100034,0.621444,0.288227,0.262317,0.115025,0.52701,0.0976,0.13,
0.26,7,2,70,70,70,227,227,5373.71,79.8,217.4,115.89,15.08,0.129117,0.574648,0.320466,0.298537,0.118259,0.55662,0.1022,0.13,
0.26,7,3,70,70,70,183,183,5469.73,79.8,171.6,111.31,15.15,0.153712,0.659033,0.31452,0.29486,0.114122,0.55215,0.102,0.13,
0.26,7,4,70,70,70,218,218,6255.13,79.8,208.3,115.46,17.26,0.11522,0.600673,0.316375,0.299216,0.10902,0.55417,0.1012,0.13,
0.26,7,5,70,70,70,311,311,5378.63,79.8,300.4,117.12,15.91,0.136304,0.619482,0.323903,0.292837,0.113863,0.56054,0.1039,0.13,
0.26,7,6,70,70,70,197,197,5854.1,79.8,186.7,113.13,16.59,0.149017,0.631948,0.314602,0.302367,0.107595,0.55297,0.1017,0.13,
0.26,7,7,70,70,70,193,193,6014.68,79.8,180.8,113.05,16.61,0.131855,0.611163,0.321876,0.295004,0.114493,0.55863,0.1024,0.1299,
0.26,7,8,70,70,70,255,255,5385.87,79.8,243.6,123.55,16.21,0.13942,0.507774,0.312922,0.30481,0.093555,0.5532,0.1022,0.13,
0.26,7,9,70,70,70,213,213,5800.41,79.8,202,115.37,16.6,0.117417,0.649776,0.310495,0.290238,0.104294,0.54957,0.1029,0.13,
0.27,3,0,70,70,70,134,134,5915.65,79.8,123.9,86.94,25.76,0.141252,0.64202,0.320076,0.302176,0.099377,0.55937,0.1016,0.13,
0.27,3,1,70,70,70,137,137,5453.07,79.8,125.1,89.78,23.92,0.13935,0.555859,0.323088,0.309556,0.094357,0.5625,0.1042,0.13,
0.27,3,2,70,70,70,124,124,5373.71,79.8,114.7,87.51,23.12,0.104874,0.558119,0.335338,0.343892,0.108066,0.57096,0.1041,0.13,
0.27,3,3,70,70,70,133,133,5469.73,79.8,123.7,88.28,22.86,0.144095,0.549717,0.349475,0.344948,0.097084,0.58521,0.1084,0.13,
0.27,3,4,70,70,70,159,159,6255.13,79.8,145.1,88.12,24.29,0.155931,0.648994,0.35133,0.342278,0.104264,0.58618,0.1069,0.13,
0.27,3,5,70,70,70,133,133,5378.63,79.8,122.2,88.52,22.41,0.18001,0.66079,0.347275,0.341395,0.100626,0.58326,0.1079,0.13,
0.27,3,6,70,70,70,143,143,5854.1,79.8,130.1,86.65,23.22,0.140246,0.528186,0.345204,0.347213,0.100067,0.58091,0.1069,0.13,
0.27,3,7,70,70,70,130,130,6014.68,79.8,118.5,87.94,23.28,0.129615,0.516761,0.337341,0.34022,0.093134,0.57477,0.1052,0.13,
0.27,3,8,70,70,70,175,175,5385.87,79.8,165.1,90.38,22.58,0.212201,0.636845,0.353431,0.347476,0.094571,0.58941,0.1088,0.1299,
0.27,3,9,70,70,70,180,180,5800.41,79.8,170.1,90.78,23.53,0.143754,0.543398,0.348289,0.337054,0.10152,0.58362,0.1084,0.13,
0.27,3.5,0,70,70,70,152,152,5915.65,79.8,141.5,90.71,25.47,0.143082,0.656606,0.325956,0.311041,0.10092,0.56443,0.1021,0.13,
0.27,3.5,1,70,70,70,137,137,5453.07,79.8,125.1,92.99,23.37,0.134971,0.571592,0.327373,0.310617,0.097375,0.56603,0.1051,0.13,
0.27,3.5,2,70,70,70,155,155,5373.71,79.8,141.1,91.24,22.63,0.107836,0.540914,0.334936,0.34914,0.108573,0.57048,0.1043,0.13,
0.27,3.5,3,70,70,70,136,136,5469.73,79.8,126.4,90.77,22.72,0.154315,0.566637,0.355931,0.337865,0.101007,0.59062,0.1092,0.13,
0.27,3.5,4,70,70,70,159,159,6255.13,79.8,145.1,91.27,24.24,0.168099,0.674704,0.357166,0.34122,0.107486,0.59092,0.1076,0.13,
0.27,3.5,5,70,70,70,140,140,5378.63,79.8,128.1,91.59,22.15,0.178901,0.698025,0.352161,0.349478,0.101691,0.58741,0.1087,0.13,
0.27,3.5,6,70,70,70,147,147,5854.1,79.8,134.2,89.87,23.29,0.144044,0.624942,0.350992,0.343371,0.107357,0.58516,0.1074,0.13,
0.27,3.5,7,70,70,70,134,134,6014.68,79.8,122,90.35,23.14,0.128765,0.540857,0.349427,0.351814,0.098765,0.58468,0.1071,0.13,
0.27,3.5,8,70,70,70,180,180,5385.87,79.8,170.1,95.7,22.54,0.196377,0.678005,0.347107,0.352532,0.10141,0.58304,0.1074,0.13,
0.27,3.5,9,70,70,70,180,180,5800.41,79.8,170.1,94.07,23.39,0.153561,0.552819,0.351469,0.341215,0.100152,0.58663,0.1093,0.13,
0.27,4,0,70,70,70,158,158,5915.65,79.8,149.8,94.28,25.07,0.145046,0.666063,0.324617,0.316447,0.104752,0.56254,0.1016,0.13,
0.27,4,1,70,70,70,152,152,5453.07,79.8,140.1,95.42,23.19,0.13629,0.580878,0.329931,0.319479,0.099371,0.56807,0.1054,0.13,
0.27,4,2,70,70,70,162,162,5373.71,79.8,148.6,93.69,22.71,0.112111,0.554383,0.342299,0.343024,0.110528,0.577,0.1054,0.13,
0.27,4,3,70,70,70,149,149,5469.73,79.8,140.1,93.66,22.77,0.162771,0.591018,0.356113,0.348854,0.099176,0.59091,0.1095,0.13,
0.27,4,4,70,70,70,164,164,6255.13,79.8,151,94.45,23.99,0.100923,0.692244,0.357672,0.35244,0.112894,0.59035,0.1075,0.13,
0.27,4,5,70,70,70,166,166,5378.63,79.8,156.4,95.13,22.32,0.178315,0.647208,0.351401,0.34855,0.098371,0.58715,0.1087,0.13,
0.27,4,6,70,70,70,158,158,5854.1,79.8,145.3,92.83,23.21,0.147925,0.582811,0.348924,0.346233,0.105244,0.58372,0.1072,0.1299,
0.27,4,7,70,70,70,137,137,6014.68,79.8,125.5,92.14,23.21,0.128726,0.556395,0.357283,0.367869,0.100847,0.5912,0.1082,0.13,
0.27,4,8,70,70,70,186,186,5385.87,79.8,176.7,99.12,22.57,0.169297,0.660009,0.34865,0.351817,0.104344,0.58402,0.1078,0.13,
0.27,4,9,70,70,70,185,185,5800.41,79.8,175.1,99.02,23.4,0.159847,0.559889,0.347486,0.337462,0.095258,0.58381,0.1091,0.13,
0.27,4.5,0,70,70,70,165,165,5915.65,79.8,156.7,97.25,25.18,0.15159,0.669185,0.330274,0.329298,0.110996,0.56663,0.1021,0.13,
0.27,4.5,1,70,70,70,187,187,5453.07,79.8,174.4,101.35,23.33,0.118388,0.571195,0.323694,0.315896,0.09808,0.56244,0.1044,0.13,
0.27,4.5,2,70,70,70,167,167,5373.71,79.8,153.5,97.79,22.54,0.116783,0.599049,0.337878,0.326373,0.112952,0.57281,0.1046,0.13,
0.27,4.5,3,70,70,70,153,153,5469.73,79.8,142.3,96.71,22.67,0.16938,0.650013,0.353316,0.344688,0.109045,0.58748,0.1086,0.1299,
0.27,4.5,4,70,70,70,175,175,6255.13,79.8,161.3,97.85,24.16,0.096271,0.704163,0.360325,0.347971,0.117446,0.59207,0.108,0.13,
0.27,4.5,5,70,70,70,169,169,5378.63,79.8,159.2,99,22.29,0.166531,0.656735,0.352291,0.348447,0.102325,0.58749,0.1087,0.1299,
0.27,4.5,6,70,70,70,183,183,5854.1,79.8,170.1,96.25,23.07,0.151695,0.62054,0.355387,0.340828,0.112272,0.58869,0.1081,0.13,
0.27,4.5,7,70,70,70,155,155,6014.68,79.8,145.5,96.57,23.28,0.129408,0.554811,0.34592,0.353978,0.094612,0.58218,0.1065,0.13,
0.27,4.5,8,70,70,70,191,191,5385.87,79.8,181.2,103.13,22.56,0.159087,0.704076,0.354138,0.345671,0.104703,0.5888,0.1085,0.13,
0.27,4.5,9,70,70,70,185,185,5800.41,79.8,175.1,100.62,23.46,0.173287,0.565584,0.349057,0.338051,0.09881,0.58483,0.1092,0.13,
0.27,5,0,70,70,70,169,169,5915.65,79.8,161,100.05,25.34,0.148329,0.632982,0.330829,0.339668,0.10664,0.56776,0.1025,0.13,
0.27,5,1,70,70,70,199,199,5453.07,79.8,186.9,105.11,23.48,0.105727,0.579034,0.318375,0.298156,0.101034,0.55735,0.1033,0.13,
0.27,5,2,70,70,70,170,170,5373.71,79.8,156.8,104.04,22.81,0.121418,0.611854,0.337348,0.335755,0.111824,0.57257,0.1047,0.13,
0.27,5,3,70,70,70,166,166,5469.73,79.8,152.9,101.08,22.91,0.131074,0.657932,0.343393,0.345297,0.108833,0.57865,0.107,0.13,
0.27,5,4,70,70,70,213,213,6255.13,79.8,200.1,103.04,24.18,0.098499,0.711911,0.355961,0.339703,0.113961,0.58868,0.1074,0.13,
0.27,5,5,70,70,70,251,251,5378.63,79.8,240.1,105.43,22.49,0.163402,0.644219,0.347551,0.351433,0.103787,0.58309,0.1077,0.13,
0.27,5,6,70,70,70,183,183,5854.1,79.8,170.9,101.09,23.24,0.136305,0.641957,0.345879,0.330858,0.1147,0.57995,0.1062,0.13,
0.27,5,7,70,70,70,162,162,6014.68,79.8,152.1,99.63,23.34,0.130577,0.586857,0.346493,0.346778,0.099505,0.58223,0.1066,0.13,
0.27,5,8,70,70,70,221,221,5385.87,79.8,211.4,110.08,22.82,0.156408,0.661917,0.341796,0.322471,0.098769,0.57879,0.1067,0.13,
0.27,5,9,70,70,70,186,186,5800.41,79.8,176.1,102.34,23.98,0.174104,0.561132,0.348145,0.338135,0.09773,0.58416,0.109,0.13,
0.27,5.5,0,70,70,70,175,175,5915.65,79.8,166.2,104.28,25.86,0.137908,0.593906,0.322749,0.333311,0.103518,0.56061,0.101,0.13,
0.27,5.5,1,70,70,70,203,203,5453.07,79.8,190.9,106.98,23.96,0.103586,0.597229,0.312971,0.294801,0.100733,0.55258,0.1027,0.13,
0.27,5.5,2,70,70,70,217,217,5373.71,79.8,207.2,108.89,23.51,0.125572,0.610428,0.330689,0.324326,0.111182,0.56685,0.1038,0.13,
0.27,5.5,3,70,70,70,173,173,5469.73,79.8,160.8,103.85,23.28,0.180398,0.63603,0.338648,0.323159,0.106777,0.57499,0.1062,0.13,
0.27,5.5,4,70,70,70,214,214,6255.13,79.8,201.5,106.62,24.86,0.119582,0.716643,0.346856,0.340752,0.111599,0.58124,0.1064,0.13,
0.27,5.5,5,70,70,70,266,266,5378.63,79.8,255.6,108.75,23.18,0.137475,0.650779,0.346166,0.326923,0.111949,0.58073,0.1071,0.13,
0.27,5.5,6,70,70,70,188,188,5854.1,79.8,175.1,103.76,23.76,0.13267,0.646016,0.341818,0.341008,0.112973,0.57664,0.106,0.13,
0.27,5.5,7,70,70,70,179,179,6014.68,79.8,166.3,106.77,24.02,0.132111,0.581935,0.331364,0.335345,0.101182,0.56873,0.1044,0.13,
0.27,5.5,8,70,70,70,225,225,5385.87,79.8,215.7,113.3,23.28,0.15638,0.603362,0.347125,0.33688,0.099677,0.5832,0.1074,0.13,
0.27,5.5,9,70,70,70,190,190,5800.41,79.8,180.1,107.27,25.35,0.159842,0.598432,0.34563,0.329443,0.097467,0.58207,0.1086,0.13,
0.27,6,0,70,70,70,178,178,5915.65,79.8,169.8,106.41,24.97,0.132911,0.612768,0.329222,0.312765,0.110647,0.56545,0.1019,0.13,
0.27,6,1,70,70,70,216,216,5453.07,79.8,203.4,109.84,23.09,0.102064,0.603195,0.313203,0.288218,0.109566,0.55149,0.1025,0.13,
0.27,6,2,70,70,70,223,223,5373.71,79.8,213.7,111.14,22.71,0.129245,0.640194,0.332795,0.324636,0.109053,0.56922,0.1043,0.13,
0.27,6,3,70,70,70,176,176,5469.73,79.8,162.4,107.46,22.6,0.127032,0.662285,0.334347,0.309371,0.112072,0.57034,0.1055,0.13,
0.27,6,4,70,70,70,218,218,6255.13,79.8,205.1,111.06,24.26,0.163687,0.719199,0.331585,0.313739,0.10953,0.56837,0.1041,0.13,
0.27,6,5,70,70,70,298,298,5378.63,79.8,287.6,115.43,22.53,0.134504,0.655265,0.339032,0.317749,0.118778,0.57365,0.1057,0.13,
0.27,6,6,70,70,70,212,212,5854.1,79.8,201.4,108.14,23.07,0.146989,0.652218,0.332155,0.323048,0.111425,0.56836,0.1044,0.13,
0.27,6,7,70,70,70,187,187,6014.68,79.8,174.3,109.23,23.39,0.1339,0.611901,0.329988,0.332745,0.104914,0.56716,0.1041,0.13,
0.27,6,8,70,70,70,232,232,5385.87,79.8,222.3,116.81,22.54,0.150052,0.555078,0.342087,0.324655,0.091175,0.57969,0.1071,0.13,
0.27,6,9,70,70,70,207,207,5800.41,79.8,195.1,112.11,27.71,0.148517,0.647685,0.334449,0.310396,0.101015,0.57179,0.1067,0.13,
0.27,6.5,0,70,70,70,191,191,5915.65,79.8,178.3,109.44,24.84,0.125028,0.658867,0.343793,0.342812,0.122238,0.57686,0.1036,0.13,
0.27,6.5,1,70,70,70,234,234,5453.07,79.8,224.3,116.74,23.19,0.102155,0.61392,0.304841,0.282046,0.112778,0.54319,0.1005,0.13,
0.27,6.5,2,70,70,70,226,226,5373.71,79.8,216.1,112.11,22.53,0.132504,0.601115,0.337748,0.324996,0.111068,0.57328,0.1052,0.13,
0.27,6.5,3,70,70,70,181,181,5469.73,79.8,169.3,110.3,22.25,0.139708,0.683955,0.328471,0.312939,0.113195,0.56496,0.1043,0.13,
0.27,6.5,4,70,70,70,218,218,6255.13,79.8,205.1,113.54,24.04,0.159837,0.674405,0.333034,0.315029,0.108168,0.56978,0.1043,0.13,
0.27,6.5,5,70,70,70,305,305,5378.63,79.8,294.6,118.56,22.55,0.148795,0.659779,0.337159,0.311311,0.115387,0.57242,0.1059,0.13,
0.27,6.5,6,70,70,70,218,218,5854.1,79.8,207.1,110.47,23.04,0.150906,0.658474,0.334666,0.325843,0.115244,0.57008,0.1047,0.13,
0.27,6.5,7,70,70,70,211,211,6014.68,79.8,201.2,110.75,23.39,0.135924,0.606866,0.336776,0.328709,0.111397,0.57232,0.105,0.13,
0.27,6.5,8,70,70,70,234,234,5385.87,79.8,224.5,119.19,23.33,0.148588,0.551862,0.342206,0.335125,0.095255,0.57922,0.1069,0.13,
0.27,6.5,9,70,70,70,210,210,5800.41,79.8,198.6,115.69,33.07,0.129559,0.660028,0.325251,0.315064,0.103024,0.56326,0.1055,0.13,
0.27,7,0,70,70,70,208,208,5915.65,79.8,194.2,114.07,25.56,0.121823,0.670546,0.333944,0.32066,0.128642,0.56706,0.1018,0.13,
0.27,7,1,70,70,70,235,235,5453.07,79.8,225.1,121.14,23.82,0.105496,0.622742,0.291126,0.266524,0.113318,0.53015,0.0982,0.13,
0.27,7,2,70,70,70,228,228,5373.71,79.8,218.1,117.9,23.16,0.135296,0.60047,0.332728,0.30589,0.120792,0.56749,0.1043,0.13,
0.27,7,3,70,70,70,239,239,5469.73,79.8,226.9,116.44,23.28,0.167021,0.694254,0.330289,0.304592,0.119099,0.56597,0.1041,0.13,
0.27,7,4,70,70,70,219,219,6255.13,79.8,209.7,119.01,24.8,0.118393,0.537541,0.322108,0.308129,0.107501,0.55944,0.1023,0.13,
0.27,7,5,70,70,70,313,313,5378.63,79.8,302.8,121.4,23.08,0.140609,0.663684,0.329844,0.306303,0.116213,0.56565,0.1047,0.13,
0.27,7,6,70,70,70,222,222,5854.1,79.8,211.2,117.14,23.83,0.160741,0.665026,0.328635,0.313639,0.110574,0.56539,0.1039,0.13,
0.27,7,7,70,70,70,213,213,6014.68,79.8,203.9,117.6,23.98,0.138539,0.622904,0.326341,0.309369,0.105784,0.5638,0.1035,0.13,
0.27,7,8,70,70,70,266,266,5385.87,79.8,256.6,127.62,23.96,0.149314,0.614766,0.32676,0.306428,0.109756,0.56394,0.1041,0.13,
0.27,7,9,70,70,70,236,236,5800.41,79.8,224.7,120.78,27.12,0.12017,0.57191,0.315206,0.303091,0.097697,0.55461,0.1034,0.13,
0.28,3,0,70,70,70,149,149,5915.65,79.8,139,89.28,24.55,0.147743,0.652338,0.329633,0.321234,0.096949,0.56832,0.103,0.13,
0.28,3,1,70,70,70,137,137,5453.07,79.8,125.1,90.77,22.61,0.14517,0.5716,0.334917,0.329125,0.09609,0.57285,0.1062,0.13,
0.28,3,2,70,70,70,125,125,5373.71,79.8,115.1,88.32,22.01,0.10945,0.593232,0.349539,0.353585,0.111537,0.58315,0.1064,0.1299,
0.28,3,3,70,70,70,135,135,5469.73,79.8,125.1,89.76,22.21,0.150117,0.588191,0.359785,0.347755,0.100725,0.59381,0.1098,0.13,
0.28,3,4,70,70,70,159,159,6255.13,79.8,145.1,89.02,23.89,0.163076,0.690321,0.366369,0.360633,0.106892,0.59875,0.1091,0.13,
0.28,3,5,70,70,70,133,133,5378.63,79.8,122.6,89.94,22.09,0.182123,0.710279,0.361157,0.362075,0.102842,0.595,0.11,0.13,
0.28,3,6,70,70,70,146,146,5854.1,79.8,133.3,87.7,22.9,0.145839,0.568286,0.360964,0.354141,0.105085,0.59395,0.1092,0.13,
0.28,3,7,70,70,70,134,134,6014.68,79.8,120.1,89.16,23.36,0.13761,0.539732,0.352361,0.363538,0.096295,0.58753,0.1074,0.13,
0.28,3,8,70,70,70,178,178,5385.87,79.8,168.9,91.77,22.62,0.214633,0.683388,0.365434,0.363614,0.100351,0.59913,0.1107,0.13,
0.28,3,9,70,70,70,180,180,5800.41,79.8,170.1,93.04,23.53,0.149291,0.55742,0.357226,0.3455,0.100048,0.59163,0.1101,0.13,
0.28,3.5,0,70,70,70,152,152,5915.65,79.8,142,93.01,24.94,0.149674,0.63703,0.335137,0.328298,0.099954,0.57253,0.1036,0.13,
0.28,3.5,1,70,70,70,151,151,5453.07,79.8,139.8,94.49,22.86,0.143906,0.581506,0.339049,0.322906,0.097455,0.57636,0.107,0.13,
0.28,3.5,2,70,70,70,155,155,5373.71,79.8,141.8,92.47,22.22,0.112538,0.558886,0.349484,0.365368,0.108694,0.5834,0.1066,0.13,
0.28,3.5,3,70,70,70,141,141,5469.73,79.8,130.1,91.88,22.48,0.160881,0.606881,0.369371,0.352329,0.102941,0.60193,0.1112,0.13,
0.28,3.5,4,70,70,70,161,161,6255.13,79.8,147.2,93.23,24.08,0.150799,0.718156,0.373217,0.35798,0.111898,0.60397,0.1099,0.13,
0.28,3.5,5,70,70,70,164,164,5378.63,79.8,154.7,93.8,22.4,0.188397,0.7386,0.365952,0.363784,0.102458,0.59918,0.1109,0.13,
0.28,3.5,6,70,70,70,156,156,5854.1,79.8,143.7,91.28,23.28,0.149715,0.606854,0.360871,0.354293,0.10617,0.59381,0.1091,0.13,
0.28,3.5,7,70,70,70,140,140,6014.68,79.8,129.2,92.3,23.46,0.136567,0.557342,0.362991,0.376711,0.099658,0.59625,0.109,0.13,
0.28,3.5,8,70,70,70,180,180,5385.87,79.8,170.1,96.93,23.45,0.204771,0.677219,0.363589,0.370228,0.105086,0.59684,0.1099,0.13,
0.28,3.5,9,70,70,70,184,184,5800.41,79.8,174.6,96.92,23.99,0.166921,0.571898,0.358867,0.363562,0.096991,0.59337,0.1106,0.13,
0.28,4,0,70,70,70,159,159,5915.65,79.8,150.9,95.58,25.35,0.151678,0.642426,0.339418,0.334644,0.107479,0.57534,0.1038,0.13,
0.28,4,1,70,70,70,175,175,5453.07,79.8,162.1,98.7,23.41,0.142147,0.588617,0.34059,0.327812,0.101093,0.57716,0.107,0.13,
0.28,4,2,70,70,70,164,164,5373.71,79.8,150.2,96.6,22.78,0.117649,0.595573,0.35087,0.33912,0.109814,0.58461,0.1067,0.13,
0.28,4,3,70,70,70,149,149,5469.73,79.8,140.5,94.57,22.98,0.169705,0.63154,0.371161,0.37235,0.101375,0.60355,0.1117,0.13,
0.28,4,4,70,70,70,165,165,6255.13,79.8,151.7,96.47,24.49,0.096955,0.737329,0.374062,0.372841,0.119125,0.60361,0.1099,0.13,
0.28,4,5,70,70,70,168,168,5378.63,79.8,159,96.45,22.65,0.17694,0.687303,0.366355,0.364507,0.102517,0.59947,0.111,0.13,
0.28,4,6,70,70,70,183,183,5854.1,79.8,170.1,95.46,23.69,0.153718,0.624036,0.36158,0.350109,0.109454,0.59427,0.109,0.13,
0.28,4,7,70,70,70,153,153,6014.68,79.8,143.2,94.31,24,0.136355,0.561176,0.363428,0.387015,0.098203,0.59675,0.1091,0.13,
0.28,4,8,70,70,70,187,187,5385.87,79.8,177.9,101.17,23.69,0.167126,0.707699,0.364501,0.369236,0.110091,0.59714,0.11,0.13,
0.28,4,9,70,70,70,185,185,5800.41,79.8,175.1,100.38,23.6,0.168539,0.574193,0.357889,0.349826,0.095763,0.59275,0.1108,0.13,
0.28,4.5,0,70,70,70,166,166,5915.65,79.8,157.9,98.56,24.91,0.15666,0.647744,0.344196,0.348643,0.114292,0.57846,0.1043,0.13,
0.28,4.5,1,70,70,70,196,196,5453.07,79.8,183.5,103.28,23.26,0.12139,0.591613,0.334813,0.321364,0.100463,0.57217,0.1063,0.13,
0.28,4.5,2,70,70,70,168,168,5373.71,79.8,154.3,100.88,22.67,0.12217,0.63711,0.349546,0.344974,0.113355,0.58309,0.1066,0.13,
0.28,4.5,3,70,70,70,167,167,5469.73,79.8,157.6,99.17,22.48,0.176855,0.616877,0.364146,0.363126,0.106672,0.59706,0.1103,0.13,
0.28,4.5,4,70,70,70,176,176,6255.13,79.8,162.3,101.44,24.21,0.099072,0.750234,0.366799,0.353197,0.120016,0.59746,0.1089,0.13,
0.28,4.5,5,70,70,70,175,175,5378.63,79.8,165.1,100.77,22.16,0.164173,0.70021,0.366679,0.36244,0.104308,0.59957,0.111,0.13,
0.28,4.5,6,70,70,70,188,188,5854.1,79.8,175.1,98.69,23.04,0.157625,0.635312,0.365521,0.343965,0.114121,0.59721,0.1095,0.13,
0.28,4.5,7,70,70,70,157,157,6014.68,79.8,147.2,97.55,23.28,0.13689,0.522506,0.361661,0.371786,0.097278,0.59542,0.1089,0.1299,
0.28,4.5,8,70,70,70,218,218,5385.87,79.8,208.9,106.6,22.82,0.154969,0.752501,0.366313,0.363575,0.107333,0.59899,0.1104,0.13,
0.28,4.5,9,70,70,70,187,187,5800.41,79.8,177.9,102.15,23.57,0.180471,0.581625,0.361327,0.351309,0.097188,0.59555,0.1112,0.13,
0.28,5,0,70,70,70,171,171,5915.65,79.8,162.7,101.78,24.64,0.157602,0.617696,0.343051,0.353708,0.108432,0.57823,0.1043,0.13,
0.28,5,1,70,70,70,200,200,5453.07,79.8,187.9,105.93,23.01,0.109044,0.598366,0.331609,0.310506,0.100828,0.56928,0.1056,0.13,
0.28,5,2,70,70,70,184,184,5373.71,79.8,170.3,106.68,22.49,0.128065,0.654838,0.349328,0.344743,0.111764,0.5833,0.1067,0.1299,
0.28,5,3,70,70,70,226,226,5469.73,79.8,213.5,105.08,22.58,0.135204,0.649863,0.349351,0.354157,0.111619,0.5835,0.1075,0.13,
0.28,5,4,70,70,70,215,215,6255.13,79.8,202.8,107.25,24.12,0.120153,0.758648,0.358665,0.345934,0.114162,0.5913,0.1079,0.13,
0.28,5,5,70,70,70,256,256,5378.63,79.8,245.1,107.18,22.28,0.168538,0.652184,0.356569,0.3507,0.104578,0.59085,0.1091,0.1299,
0.28,5,6,70,70,70,188,188,5854.1,79.8,175.1,102.62,22.81,0.142483,0.640685,0.361993,0.355781,0.118152,0.59343,0.109,0.13,
0.28,5,7,70,70,70,163,163,6014.68,79.8,153.9,101.19,22.99,0.137906,0.620306,0.357727,0.358361,0.099102,0.592,0.1085,0.13,
0.28,5,8,70,70,70,222,222,5385.87,79.8,212.2,111.9,22.62,0.163503,0.702635,0.354974,0.340638,0.099341,0.59024,0.109,0.13,
0.28,5,9,70,70,70,212,212,5800.41,79.8,201.3,105.55,23.42,0.181216,0.597075,0.359117,0.355672,0.091733,0.59429,0.111,0.13,
0.28,5.5,0,70,70,70,176,176,5915.65,79.8,167.3,105.75,24.86,0.141656,0.638557,0.337291,0.344492,0.110428,0.57281,0.103,0.13,
0.28,5.5,1,70,70,70,213,213,5453.07,79.8,201,109.91,23.24,0.108418,0.603296,0.322896,0.30879,0.108719,0.56045,0.1041,0.13,
0.28,5.5,2,70,70,70,218,218,5373.71,79.8,208.7,111.05,22.58,0.132405,0.650747,0.346158,0.339472,0.114541,0.58022,0.1062,0.13,
0.28,5.5,3,70,70,70,229,229,5469.73,79.8,216.6,108.47,22.69,0.170368,0.67745,0.343725,0.328821,0.114352,0.57855,0.1065,0.13,
0.28,5.5,4,70,70,70,218,218,6255.13,79.8,205.1,111.57,24.35,0.128013,0.763995,0.348541,0.335824,0.114952,0.58262,0.1066,0.13,
0.28,5.5,5,70,70,70,268,268,5378.63,79.8,257.2,114.05,22.35,0.143905,0.659417,0.353368,0.337439,0.115886,0.58656,0.1082,0.13,
0.28,5.5,6,70,70,70,206,206,5854.1,79.8,195.1,109.02,23.13,0.143783,0.601605,0.34732,0.344367,0.115204,0.58122,0.107,0.13,
0.28,5.5,7,70,70,70,180,180,6014.68,79.8,167.6,107.98,23.22,0.139299,0.633575,0.346338,0.350592,0.108211,0.58118,0.1067,0.13,
0.28,5.5,8,70,70,70,230,230,5385.87,79.8,220.8,117.26,22.8,0.16188,0.637281,0.350408,0.335755,0.092327,0.58698,0.1085,0.13,
0.28,5.5,9,70,70,70,204,204,5800.41,79.8,192.5,110.33,23.66,0.157672,0.639084,0.352797,0.338195,0.099172,0.58801,0.1094,0.13,
0.28,6,0,70,70,70,186,186,5915.65,79.8,174.3,109.52,24.85,0.133074,0.658966,0.339397,0.332075,0.111423,0.57452,0.1032,0.13,
0.28,6,1,70,70,70,217,217,5453.07,79.8,204.7,112.42,23.21,0.116066,0.622005,0.320477,0.303043,0.106852,0.5586,0.1039,0.13,
0.28,6,2,70,70,70,226,226,5373.71,79.8,215.1,112.9,22.64,0.136198,0.67736,0.349457,0.340819,0.11302,0.58349,0.107,0.13,
0.28,6,3,70,70,70,235,235,5469.73,79.8,222.8,112.16,22.78,0.138233,0.688789,0.346083,0.346888,0.115628,0.58032,0.1069,0.13,
0.28,6,4,70,70,70,218,218,6255.13,79.8,205.1,113.47,24.39,0.172073,0.743074,0.343624,0.324074,0.112789,0.57878,0.1059,0.13,
0.28,6,5,70,70,70,300,300,5378.63,79.8,289.2,118.73,22.58,0.140204,0.665305,0.348125,0.321925,0.112812,0.58242,0.1076,0.13,
0.28,6,6,70,70,70,214,214,5854.1,79.8,203.1,110.1,23.3,0.163042,0.598076,0.347362,0.341776,0.110496,0.58193,0.107,0.13,
0.28,6,7,70,70,70,215,215,6014.68,79.8,205.1,111.65,23.37,0.141033,0.64502,0.343139,0.338154,0.1099,0.57826,0.1062,0.13,
0.28,6,8,70,70,70,249,249,5385.87,79.8,237.7,121.48,22.72,0.155634,0.593533,0.345136,0.338931,0.090808,0.58245,0.1076,0.13,
0.28,6,9,70,70,70,208,208,5800.41,79.8,198.4,114.33,23.76,0.155763,0.558677,0.342475,0.330078,0.095737,0.57939,0.1082,0.13,
0.28,6.5,0,70,70,70,215,215,5915.65,79.8,201.1,114.32,24.98,0.125579,0.675104,0.347196,0.347243,0.124318,0.57945,0.1039,0.13,
0.28,6.5,1,70,70,70,235,235,5453.07,79.8,225.1,119.72,23.4,0.119472,0.624219,0.307966,0.2923,0.113567,0.54611,0.101,0.13,
0.28,6.5,2,70,70,70,231,231,5373.71,79.8,220.1,115.71,22.81,0.139498,0.639407,0.35466,0.33808,0.115874,0.58768,0.1078,0.13,
0.28,6.5,3,70,70,70,238,238,5469.73,79.8,225.3,115.59,23.01,0.149122,0.699585,0.339765,0.328677,0.113826,0.57519,0.1059,0.13,
0.28,6.5,4,70,70,70,218,218,6255.13,79.8,206.5,117.48,24.29,0.124908,0.715815,0.340973,0.327134,0.115824,0.57575,0.1051,0.13,
0.28,6.5,5,70,70,70,309,309,5378.63,79.8,298.5,120.18,22.75,0.15282,0.670852,0.344052,0.325016,0.113738,0.57869,0.1072,0.13,
0.28,6.5,6,70,70,70,219,219,5854.1,79.8,209,113.92,23.41,0.156867,0.608021,0.34892,0.34451,0.112969,0.58289,0.1071,0.13,
0.28,6.5,7,70,70,70,215,215,6014.68,79.8,205.1,113.96,23.54,0.142975,0.649847,0.349135,0.343828,0.113312,0.583,0.1069,0.13,
0.28,6.5,8,70,70,70,253,253,5385.87,79.8,241.8,126.57,22.83,0.15412,0.649155,0.34364,0.334332,0.099715,0.58028,0.1073,0.13,
0.28,6.5,9,70,70,70,215,215,5800.41,79.8,204.6,118.2,24.09,0.12774,0.585857,0.334892,0.334268,0.098055,0.5723,0.1071,0.13,
0.28,7,0,70,70,70,218,218,5915.65,79.8,204.1,119.57,25.3,0.127362,0.616342,0.338398,0.328661,0.125346,0.57152,0.1027,0.13,
0.28,7,1,70,70,70,235,235,5453.07,79.8,225.1,122.65,23.68,0.117211,0.592342,0.30379,0.2754,0.115267,0.54173,0.1004,0.13,
0.28,7,2,70,70,70,231,231,5373.71,79.8,220.1,121.32,23.14,0.127937,0.605529,0.338842,0.320374,0.116465,0.57362,0.1054,0.13,
0.28,7,3,70,70,70,245,245,5469.73,79.8,232.7,122.89,23.37,0.139604,0.661102,0.335432,0.324548,0.116123,0.57084,0.1049,0.13,
0.28,7,4,70,70,70,236,236,6255.13,79.8,224.1,125.73,24.81,0.120828,0.564668,0.328005,0.300708,0.115708,0.56387,0.1027,0.13,
0.28,7,5,70,70,70,315,315,5378.63,79.8,304.3,124.69,23.17,0.140828,0.676321,0.338629,0.316869,0.121004,0.57288,0.1058,0.13,
0.28,7,6,70,70,70,310,310,5854.1,79.8,297.8,125.51,24.15,0.153479,0.628421,0.330958,0.319656,0.114589,0.56677,0.1036,0.13,
0.28,7,7,70,70,70,252,252,6014.68,79.8,239.6,121.7,23.9,0.145667,0.652462,0.335924,0.318003,0.109316,0.57199,0.1052,0.13,
0.28,7,8,70,70,70,268,268,5385.87,79.8,258.1,132.5,23.68,0.138413,0.659796,0.337522,0.321459,0.11533,0.57295,0.1058,0.13,
0.28,7,9,70,70,70,240,240,5800.41,79.8,229.9,124.33,23.97,0.102812,0.610415,0.326779,0.311279,0.10736,0.56364,0.105,0.13,
0.29,3,0,70,70,70,150,150,5915.65,79.8,139.4,90.66,24.48,0.154521,0.626569,0.342738,0.332296,0.095882,0.5799,0.105,0.13,
0.29,3,1,70,70,70,137,137,5453.07,79.8,127.4,91.69,22.46,0.151337,0.585657,0.347836,0.34747,0.097046,0.58409,0.1084,0.13,
0.29,3,2,70,70,70,150,150,5373.71,79.8,136.5,90.01,21.93,0.114317,0.598235,0.35873,0.360384,0.112595,0.59102,0.108,0.13,
0.29,3,3,70,70,70,139,139,5469.73,79.8,129.3,91.32,22.16,0.156462,0.629868,0.373062,0.36487,0.103581,0.60485,0.1117,0.13,
0.29,3,4,70,70,70,159,159,6255.13,79.8,145.1,90.6,23.59,0.170535,0.697691,0.380614,0.384769,0.109459,0.61047,0.1111,0.13,
0.29,3,5,70,70,70,164,164,5378.63,79.8,154.8,92.4,21.78,0.193768,0.735197,0.37404,0.381029,0.102998,0.60593,0.112,0.13,
0.29,3,6,70,70,70,148,148,5854.1,79.8,135.1,88.89,22.79,0.15168,0.608875,0.374746,0.368089,0.10928,0.60516,0.1113,0.13,
0.29,3,7,70,70,70,134,134,6014.68,79.8,120.1,90.01,22.78,0.146029,0.555547,0.367567,0.381873,0.09697,0.60042,0.1097,0.13,
0.29,3,8,70,70,70,180,180,5385.87,79.8,170.1,94.95,21.87,0.206185,0.682432,0.369417,0.360631,0.1017,0.60219,0.1108,0.13,
0.29,3,9,70,70,70,180,180,5800.41,79.8,170.9,95.08,23.69,0.15754,0.570259,0.368641,0.3642,0.099057,0.60146,0.1118,0.13,
0.29,3.5,0,70,70,70,153,153,5915.65,79.8,142.5,94.84,25.21,0.156607,0.625169,0.344795,0.346832,0.101672,0.58081,0.1049,0.13,
0.29,3.5,1,70,70,70,157,157,5453.07,79.8,145.1,95.88,23.34,0.152558,0.590832,0.350792,0.344227,0.09568,0.58672,0.1089,0.13,
0.29,3.5,2,70,70,70,156,156,5373.71,79.8,143,95.57,22.48,0.117507,0.5883,0.358329,0.356105,0.11192,0.59079,0.1079,0.13,
0.29,3.5,3,70,70,70,149,149,5469.73,79.8,140.1,93.96,22.55,0.167764,0.633403,0.379263,0.370324,0.100331,0.6105,0.1129,0.13,
0.29,3.5,4,70,70,70,164,164,6255.13,79.8,150.1,96.17,24.1,0.105703,0.701906,0.383941,0.380132,0.113549,0.61248,0.1115,0.13,
0.29,3.5,5,70,70,70,171,171,5378.63,79.8,162,95.25,22.19,0.196071,0.778659,0.378981,0.37741,0.101662,0.61024,0.113,0.13,
0.29,3.5,6,70,70,70,183,183,5854.1,79.8,170.1,94.64,22.97,0.155581,0.613328,0.372081,0.369648,0.109756,0.60292,0.1105,0.13,
0.29,3.5,7,70,70,70,144,144,6014.68,79.8,133.5,93.8,23.1,0.144747,0.560986,0.373036,0.387515,0.101264,0.60459,0.1105,0.13,
0.29,3.5,8,70,70,70,185,185,5385.87,79.8,175.1,99.94,22.43,0.179507,0.724396,0.373102,0.384505,0.109333,0.60449,0.1114,0.13,
0.29,3.5,9,70,70,70,185,185,5800.41,79.8,175.1,98.25,23.1,0.17458,0.551451,0.370973,0.385686,0.09509,0.60378,0.1126,0.13,
0.29,4,0,70,70,70,162,162,5915.65,79.8,153.7,96.72,24.3,0.158664,0.645603,0.354414,0.351727,0.111518,0.58788,0.1061,0.13,
0.29,4,1,70,70,70,191,191,5453.07,79.8,178.1,101.62,22.84,0.144492,0.585069,0.349946,0.343034,0.097408,0.58573,0.1087,0.13,
0.29,4,2,70,70,70,166,166,5373.71,79.8,152.4,99.38,22.27,0.121678,0.638065,0.358708,0.356824,0.115246,0.59085,0.1081,0.13,
0.29,4,3,70,70,70,165,165,5469.73,79.8,155.1,97.33,22.21,0.177006,0.628667,0.380703,0.375906,0.1022,0.61146,0.1131,0.13,
0.29,4,4,70,70,70,170,170,6255.13,79.8,156.4,99.81,23.84,0.099488,0.717888,0.386756,0.388343,0.119899,0.61411,0.1118,0.13,
0.29,4,5,70,70,70,177,177,5378.63,79.8,167.8,98.63,21.98,0.182968,0.729258,0.378429,0.380657,0.101089,0.60975,0.1129,0.13,
0.29,4,6,70,70,70,188,188,5854.1,79.8,175.1,97.16,22.78,0.159787,0.630103,0.373094,0.360809,0.109483,0.60405,0.1107,0.13,
0.29,4,7,70,70,70,154,154,6014.68,79.8,144.5,96.09,23.03,0.144431,0.531859,0.375267,0.384085,0.098645,0.60673,0.1109,0.13,
0.29,4,8,70,70,70,189,189,5385.87,79.8,179.6,103.38,22.24,0.173722,0.771787,0.377373,0.377062,0.109336,0.60811,0.1122,0.13,
0.29,4,9,70,70,70,188,188,5800.41,79.8,178.6,102.09,23.84,0.179294,0.576701,0.370156,0.364332,0.096887,0.60307,0.1126,0.13,
0.29,4.5,0,70,70,70,167,167,5915.65,79.8,158.9,100.01,25.23,0.155346,0.642348,0.354745,0.358738,0.114875,0.58746,0.106,0.13,
0.29,4.5,1,70,70,70,197,197,5453.07,79.8,184.9,105.6,23.34,0.125185,0.597523,0.345648,0.340304,0.099646,0.58161,0.1079,0.13,
0.29,4.5,2,70,70,70,169,169,5373.71,79.8,155.4,104.64,22.8,0.128455,0.684049,0.362561,0.364443,0.116133,0.59403,0.1086,0.1299,
0.29,4.5,3,70,70,70,224,224,5469.73,79.8,211.6,102.58,23.03,0.141066,0.656787,0.371347,0.369629,0.114645,0.6021,0.1109,0.13,
0.29,4.5,4,70,70,70,215,215,6255.13,79.8,202.4,105.47,24.48,0.102109,0.727663,0.379513,0.374544,0.117129,0.60843,0.111,0.13,
0.29,4.5,5,70,70,70,180,180,5378.63,79.8,170.7,102.97,22.59,0.17546,0.745652,0.378712,0.376756,0.107971,0.60924,0.1125,0.13,
0.29,4.5,6,70,70,70,188,188,5854.1,79.8,175.1,102.22,23.44,0.163843,0.638716,0.371204,0.353981,0.110615,0.60236,0.1104,0.13,
0.29,4.5,7,70,70,70,158,158,6014.68,79.8,148.6,98.68,23.44,0.144797,0.554659,0.377935,0.387434,0.101961,0.60867,0.1113,0.13,
0.29,4.5,8,70,70,70,219,219,5385.87,79.8,209.6,109.05,22.83,0.162242,0.767515,0.377287,0.368658,0.110109,0.60797,0.1121,0.13,
0.29,4.5,9,70,70,70,194,194,5800.41,79.8,183.7,105.52,23.83,0.187925,0.614404,0.364879,0.362133,0.095374,0.59883,0.1117,0.13,
0.29,5,0,70,70,70,180,180,5915.65,79.8,168.8,105.13,24.85,0.152948,0.658201,0.351279,0.348413,0.109644,0.5853,0.1054,0.13,
0.29,5,1,70,70,70,201,201,5453.07,79.8,189,107.42,23.17,0.127666,0.614961,0.344135,0.327859,0.102918,0.58019,0.1075,0.13,
0.29,5,2,70,70,70,215,215,5373.71,79.8,205.2,109.41,22.78,0.135489,0.697681,0.363005,0.359367,0.116943,0.5946,0.1091,0.13,
0.29,5,3,70,70,70,227,227,5469.73,79.8,214.8,106.38,22.78,0.132784,0.679026,0.361744,0.367798,0.115417,0.59384,0.1094,0.13,
0.29,5,4,70,70,70,218,218,6255.13,79.8,205.1,109.58,24.32,0.125614,0.772875,0.371035,0.360013,0.116245,0.60168,0.1098,0.13,
0.29,5,5,70,70,70,263,263,5378.63,79.8,252.7,108.9,22.45,0.173987,0.686684,0.369271,0.357759,0.105918,0.60152,0.1108,0.13,
0.29,5,6,70,70,70,209,209,5854.1,79.8,198.8,107.35,23.35,0.149692,0.646573,0.364332,0.3659,0.114944,0.59591,0.1097,0.13,
0.29,5,7,70,70,70,177,177,6014.68,79.8,164.6,105.31,23.28,0.145675,0.655045,0.36358,0.371143,0.109445,0.59578,0.1092,0.13,
0.29,5,8,70,70,70,223,223,5385.87,79.8,213.6,115.13,22.69,0.172337,0.744531,0.362438,0.348311,0.099708,0.59661,0.1103,0.13,
0.29,5,9,70,70,70,213,213,5800.41,79.8,202.3,108.93,23.49,0.188609,0.642875,0.367861,0.373351,0.095754,0.60126,0.112,0.13,
0.29,5.5,0,70,70,70,183,183,5915.65,79.8,171.5,108.46,24.64,0.131859,0.668725,0.349495,0.360092,0.11592,0.58268,0.1047,0.13,
0.29,5.5,1,70,70,70,215,215,5453.07,79.8,202.5,112.71,23.07,0.127729,0.641,0.327477,0.315648,0.107203,0.56495,0.1048,0.13,
0.29,5.5,2,70,70,70,220,220,5373.71,79.8,210.6,112.81,22.62,0.1401,0.690592,0.358439,0.36023,0.112633,0.5912,0.1084,0.13,
0.29,5.5,3,70,70,70,232,232,5469.73,79.8,219.8,111.15,22.63,0.176077,0.692513,0.353776,0.340598,0.116381,0.58721,0.1079,0.13,
0.29,5.5,4,70,70,70,218,218,6255.13,79.8,205.1,114.02,24.31,0.136319,0.793065,0.361197,0.351896,0.116318,0.5934,0.1086,0.13,
0.29,5.5,5,70,70,70,297,297,5378.63,79.8,286.2,117.59,22.65,0.149271,0.682282,0.357903,0.333357,0.119818,0.59012,0.1086,0.13,
0.29,5.5,6,70,70,70,211,211,5854.1,79.8,200.1,111.56,23.17,0.158411,0.632676,0.355205,0.344121,0.11323,0.58847,0.1084,0.13,
0.29,5.5,7,70,70,70,193,193,6014.68,79.8,180.1,110.42,23.33,0.146958,0.693207,0.359954,0.368628,0.112093,0.59258,0.1087,0.13,
0.29,5.5,8,70,70,70,246,246,5385.87,79.8,235,119.98,22.96,0.168221,0.666234,0.365476,0.355539,0.097816,0.59931,0.1106,0.13,
0.29,5.5,9,70,70,70,215,215,5800.41,79.8,204.1,114.72,24.02,0.165433,0.562679,0.353103,0.343907,0.095027,0.58872,0.1096,0.13,
0.29,6,0,70,70,70,205,205,5915.65,79.8,192.1,111.3,24.88,0.138704,0.676365,0.356351,0.355464,0.118476,0.58844,0.1055,0.13,
0.29,6,1,70,70,70,235,235,5453.07,79.8,225.1,116.04,23.36,0.121412,0.623244,0.330369,0.316648,0.109244,0.56727,0.1055,0.13,
0.29,6,2,70,70,70,231,231,5373.71,79.8,220.1,115.08,22.71,0.144023,0.719997,0.359243,0.358304,0.107613,0.59273,0.1086,0.13,
0.29,6,3,70,70,70,236,236,5469.73,79.8,224,114.39,22.97,0.156275,0.65605,0.354071,0.355611,0.116371,0.5871,0.1079,0.1299,
0.29,6,4,70,70,70,228,228,6255.13,79.8,216.4,118.86,24.45,0.180438,0.783716,0.35115,0.340689,0.110807,0.58577,0.1073,0.13,
0.29,6,5,70,70,70,305,305,5378.63,79.8,294.1,120.75,22.71,0.14613,0.617906,0.356012,0.336835,0.109777,0.58967,0.1089,0.13,
0.29,6,6,70,70,70,227,227,5854.1,79.8,218,113.16,23.32,0.170405,0.640338,0.359005,0.347061,0.113446,0.59179,0.1084,0.13,
0.29,6,7,70,70,70,217,217,6014.68,79.8,207.2,114.84,23.41,0.148582,0.679494,0.355011,0.359872,0.111076,0.58845,0.1078,0.13,
0.29,6,8,70,70,70,250,250,5385.87,79.8,238.7,124.54,22.93,0.163445,0.63351,0.360553,0.35449,0.095929,0.59526,0.11,0.13,
0.29,6,9,70,70,70,215,215,5800.41,79.8,204.5,118.12,24.05,0.155217,0.59475,0.345653,0.335063,0.095014,0.58221,0.1088,0.13,
0.29,6.5,0,70,70,70,217,217,5915.65,79.8,203.5,117.51,25.13,0.133622,0.64012,0.351933,0.359263,0.123714,0.58372,0.1045,0.13,
0.29,6.5,1,70,70,70,235,235,5453.07,79.8,225.1,121.45,23.42,0.127678,0.616624,0.318245,0.302576,0.116383,0.55517,0.1027,0.13,
0.29,6.5,2,70,70,70,231,231,5373.71,79.8,220.1,119.78,23.04,0.147362,0.679016,0.359381,0.342795,0.11456,0.5921,0.1085,0.13,
0.29,6.5,3,70,70,70,239,239,5469.73,79.8,226.5,118.7,22.92,0.157173,0.664737,0.357917,0.346294,0.11592,0.59071,0.1086,0.13,
0.29,6.5,4,70,70,70,232,232,6255.13,79.8,220.8,123.29,24.49,0.127517,0.757568,0.339318,0.327331,0.1134,0.57485,0.1051,0.13,
0.29,6.5,5,70,70,70,311,311,5378.63,79.8,300.8,122.3,22.86,0.157285,0.616271,0.352982,0.339272,0.111482,0.58682,0.1086,0.13,
0.29,6.5,6,70,70,70,307,307,5854.1,79.8,294.8,120.58,23.64,0.176929,0.66374,0.355957,0.341319,0.114646,0.58889,0.1079,0.13,
0.29,6.5,7,70,70,70,248,248,6014.68,79.8,235.3,119.53,23.64,0.15044,0.695423,0.358209,0.34603,0.11531,0.59077,0.1082,0.13,
0.29,6.5,8,70,70,70,254,254,5385.87,79.8,242.9,130.93,22.91,0.141342,0.672776,0.351868,0.339335,0.10596,0.58664,0.1084,0.13,
0.29,6.5,9,70,70,70,241,241,5800.41,79.8,230.1,122.5,23.81,0.111864,0.623935,0.344034,0.344706,0.106974,0.57906,0.1079,0.13,
0.29,7,0,70,70,70,229,229,5915.65,79.8,215.1,123.94,25.17,0.130427,0.660084,0.349475,0.34426,0.127277,0.58111,0.1042,0.13,
0.29,7,1,70,70,70,239,239,5453.07,79.8,226.8,124.65,23.51,0.123721,0.632377,0.310489,0.28759,0.111895,0.54858,0.1017,0.13,
0.29,7,2,70,70,70,231,231,5373.71,79.8,220.1,124.3,22.91,0.134145,0.636508,0.340889,0.330948,0.107748,0.57655,0.1061,0.13,
0.29,7,3,70,70,70,247,247,5469.73,79.8,235,126.6,23.22,0.141284,0.691473,0.344097,0.328481,0.121852,0.57782,0.106,0.13,
0.29,7,4,70,70,70,236,236,6255.13,79.8,225,131.09,24.85,0.124687,0.654092,0.325197,0.298654,0.116622,0.56153,0.1025,0.13,
0.29,7,5,70,70,70,316,316,5378.63,79.8,305.7,129.33,22.9,0.147803,0.618183,0.33919,0.330376,0.118728,0.5738,0.1057,0.13,
0.29,7,6,70,70,70,312,312,5854.1,79.8,299.2,128.16,23.85,0.159812,0.640899,0.342213,0.332462,0.114427,0.57697,0.1056,0.13,
0.29,7,7,70,70,70,253,253,6014.68,79.8,240.9,127.79,23.86,0.139436,0.684691,0.3441,0.335504,0.117555,0.57812,0.106,0.13,
0.29,7,8,70,70,70,269,269,5385.87,79.8,259.1,135.09,22.99,0.145234,0.664937,0.346675,0.333578,0.115118,0.58128,0.1075,0.13,
0.29,7,9,70,70,70,241,241,5800.41,79.8,230.1,127.31,24.36,0.10668,0.650355,0.33271,0.316343,0.105129,0.56935,0.1061,0.13,
0.3,3,0,70,70,70,150,150,5915.65,79.8,139.8,91.64,24.74,0.161668,0.619894,0.355088,0.347585,0.094199,0.59068,0.1069,0.13,
0.3,3,1,70,70,70,152,152,5453.07,79.8,140.1,93.53,22.5,0.157781,0.584197,0.356624,0.346791,0.090774,0.5922,0.11,0.13,
0.3,3,2,70,70,70,154,154,5373.71,79.8,140.1,92.68,22.12,0.119427,0.600529,0.361111,0.352802,0.11236,0.59308,0.1083,0.13,
0.3,3,3,70,70,70,140,140,5469.73,79.8,130.1,92.64,22.32,0.163109,0.619595,0.385031,0.380147,0.100439,0.6151,0.1136,0.13,
0.3,3,4,70,70,70,163,163,6255.13,79.8,149.8,92.69,23.78,0.150337,0.601541,0.389198,0.396744,0.103103,0.61806,0.1124,0.13,
0.3,3,5,70,70,70,172,172,5378.63,79.8,162.3,93.98,21.95,0.199811,0.764981,0.383128,0.389293,0.103894,0.6134,0.1134,0.13,
0.3,3,6,70,70,70,183,183,5854.1,79.8,170.1,91.93,22.8,0.157831,0.618082,0.382691,0.379415,0.108412,0.61196,0.1122,0.13,
0.3,3,7,70,70,70,136,136,6014.68,79.8,124.1,91.73,22.88,0.154864,0.559442,0.379223,0.396873,0.098884,0.61005,0.1114,0.13,
0.3,3,8,70,70,70,180,180,5385.87,79.8,170.1,97.54,22.4,0.217915,0.723565,0.382868,0.383008,0.105303,0.61312,0.1126,0.13,
0.3,3,9,70,70,70,185,185,5800.41,79.8,175.1,96.94,23.83,0.168149,0.561834,0.373806,0.383356,0.096255,0.6061,0.1127,0.13,
0.3,3.5,0,70,70,70,157,157,5915.65,79.8,148.1,95.74,25.21,0.163847,0.638606,0.359056,0.364018,0.105717,0.59268,0.1071,0.13,
0.3,3.5,1,70,70,70,157,157,5453.07,79.8,145.1,98.06,22.95,0.159375,0.584287,0.362796,0.364792,0.094021,0.59707,0.1109,0.13,
0.3,3.5,2,70,70,70,158,158,5373.71,79.8,144.5,97.04,22.39,0.122784,0.628476,0.366412,0.356465,0.113797,0.5976,0.1091,0.13,
0.3,3.5,3,70,70,70,150,150,5469.73,79.8,140.1,96.16,22.47,0.175015,0.64857,0.391059,0.385682,0.107017,0.61935,0.1145,0.13,
0.3,3.5,4,70,70,70,164,164,6255.13,79.8,150.1,98.8,23.98,0.108595,0.647744,0.389302,0.387727,0.107826,0.61752,0.1124,0.13,
0.3,3.5,5,70,70,70,179,179,5378.63,79.8,169.8,96.78,21.96,0.198721,0.731537,0.389541,0.394096,0.097275,0.6193,0.1146,0.13,
0.3,3.5,6,70,70,70,188,188,5854.1,79.8,175.1,97,22.83,0.161864,0.6269,0.382653,0.385588,0.110018,0.61186,0.112,0.13,
0.3,3.5,7,70,70,70,144,144,6014.68,79.8,133.9,95.07,22.89,0.153394,0.557127,0.386968,0.395999,0.103617,0.61595,0.1125,0.13,
0.3,3.5,8,70,70,70,185,185,5385.87,79.8,175.1,102.04,22.13,0.187784,0.752006,0.385771,0.397548,0.109649,0.61505,0.1132,0.13,
0.3,3.5,9,70,70,70,187,187,5800.41,79.8,177.3,100,23.31,0.182889,0.566005,0.38746,0.396215,0.098283,0.61712,0.1151,0.13,
0.3,4,0,70,70,70,163,163,5915.65,79.8,155,98.25,24.26,0.165989,0.637854,0.364166,0.371223,0.111727,0.59617,0.1077,0.13,
0.3,4,1,70,70,70,191,191,5453.07,79.8,178.9,103.47,22.71,0.133062,0.595232,0.358554,0.361197,0.093968,0.5934,0.1103,0.13,
0.3,4,2,70,70,70,167,167,5373.71,79.8,153.2,100.88,22.18,0.127563,0.681827,0.370232,0.372893,0.117187,0.60057,0.1099,0.13,
0.3,4,3,70,70,70,214,214,5469.73,79.8,201.7,99.78,22.42,0.18465,0.655044,0.391458,0.394489,0.109365,0.61958,0.1142,0.13,
0.3,4,4,70,70,70,174,174,6255.13,79.8,160.1,104.45,23.93,0.100732,0.651583,0.389331,0.389958,0.110595,0.61721,0.1124,0.13,
0.3,4,5,70,70,70,184,184,5378.63,79.8,174.8,100.8,21.88,0.189934,0.772173,0.392376,0.390917,0.107662,0.62063,0.1146,0.13,
0.3,4,6,70,70,70,188,188,5854.1,79.8,175.1,100,22.92,0.166101,0.63319,0.381227,0.376137,0.105568,0.61123,0.112,0.13,
0.3,4,7,70,70,70,155,155,6014.68,79.8,145.4,97.7,22.88,0.152918,0.569183,0.389318,0.402119,0.10504,0.6177,0.113,0.13,
0.3,4,8,70,70,70,190,190,5385.87,79.8,180.7,105.81,22.25,0.180934,0.784963,0.388163,0.365607,0.11186,0.61686,0.1138,0.13,
0.3,4,9,70,70,70,190,190,5800.41,79.8,180.1,104.71,23.71,0.194799,0.614654,0.381627,0.384617,0.093491,0.613,0.1144,0.13,
0.3,4.5,0,70,70,70,178,178,5915.65,79.8,167,103.13,24.73,0.16046,0.660412,0.363716,0.379404,0.114493,0.59523,0.1073,0.13,
0.3,4.5,1,70,70,70,198,198,5453.07,79.8,185.6,107.15,23.09,0.129044,0.57589,0.356296,0.350585,0.099239,0.59086,0.1097,0.13,
0.3,4.5,2,70,70,70,170,170,5373.71,79.8,156.2,106.17,22.53,0.135179,0.731039,0.376377,0.382886,0.121898,0.60518,0.1105,0.13,
0.3,4.5,3,70,70,70,225,225,5469.73,79.8,212.9,104.67,22.52,0.144978,0.678759,0.381597,0.381486,0.116982,0.61048,0.1124,0.13,
0.3,4.5,4,70,70,70,218,218,6255.13,79.8,205.1,108.36,24.2,0.106819,0.724926,0.390704,0.37673,0.117276,0.61765,0.1126,0.13,
0.3,4.5,5,70,70,70,256,256,5378.63,79.8,245.1,107.09,22.45,0.184354,0.795372,0.389922,0.380876,0.111574,0.61822,0.114,0.13,
0.3,4.5,6,70,70,70,190,190,5854.1,79.8,177.5,104.89,23.14,0.17028,0.645522,0.383867,0.365365,0.115107,0.61247,0.1123,0.13,
0.3,4.5,7,70,70,70,159,159,6014.68,79.8,149.8,101.62,23.2,0.153122,0.588912,0.385691,0.377729,0.105065,0.61489,0.1125,0.13,
0.3,4.5,8,70,70,70,220,220,5385.87,79.8,210.3,111.88,22.38,0.206467,0.803524,0.388031,0.382374,0.109386,0.61714,0.1137,0.13,
0.3,4.5,9,70,70,70,210,210,5800.41,79.8,199.9,107.68,23.58,0.195652,0.649042,0.373866,0.372579,0.095169,0.60649,0.113,0.13,
0.3,5,0,70,70,70,181,181,5915.65,79.8,169.4,107.08,24.67,0.157678,0.669848,0.362124,0.360091,0.108829,0.59477,0.1069,0.13,
0.3,5,1,70,70,70,230,230,5453.07,79.8,220.1,110.6,23.06,0.134228,0.649528,0.354272,0.341686,0.102858,0.58899,0.1092,0.13,
0.3,5,2,70,70,70,216,216,5373.71,79.8,206.1,112.71,22.61,0.143535,0.735495,0.374851,0.38067,0.118699,0.60451,0.1107,0.13,
0.3,5,3,70,70,70,228,228,5469.73,79.8,215.8,110.09,22.77,0.136246,0.652506,0.367329,0.360064,0.118635,0.59832,0.11,0.13,
0.3,5,4,70,70,70,218,218,6255.13,79.8,205.1,112.29,24.23,0.132822,0.739333,0.379724,0.366853,0.112985,0.60931,0.1113,0.13,
0.3,5,5,70,70,70,265,265,5378.63,79.8,254.9,113.83,22.54,0.15301,0.719189,0.374746,0.366851,0.116047,0.60486,0.1112,0.13,
0.3,5,6,70,70,70,212,212,5854.1,79.8,201.8,112.7,23.31,0.157986,0.650317,0.360244,0.349859,0.110582,0.59314,0.1091,0.13,
0.3,5,7,70,70,70,193,193,6014.68,79.8,180.1,109.73,23.35,0.15384,0.697455,0.374279,0.383029,0.114558,0.60435,0.1109,0.13,
0.3,5,8,70,70,70,229,229,5385.87,79.8,219.8,117.72,22.61,0.177667,0.787062,0.378697,0.374627,0.10202,0.6101,0.1128,0.13,
0.3,5,9,70,70,70,214,214,5800.41,79.8,203.2,113.83,39.6,0.170852,0.574644,0.373082,0.379208,0.089518,0.60609,0.1127,0.13,
0.3,5.5,0,70,70,70,192,192,5915.65,79.8,180.1,112.4,41.75,0.136958,0.66062,0.358378,0.370051,0.11645,0.59027,0.1058,0.13,
0.3,5.5,1,70,70,70,235,235,5453.07,79.8,225.1,116.52,39.07,0.138231,0.614565,0.3335,0.321546,0.108099,0.57014,0.1058,0.13,
0.3,5.5,2,70,70,70,222,222,5373.71,79.8,212.5,115.2,38.42,0.148364,0.73129,0.378607,0.379946,0.111779,0.60853,0.1115,0.13,
0.3,5.5,3,70,70,70,235,235,5469.73,79.8,222.1,115.38,38.34,0.181798,0.685615,0.368466,0.356561,0.122146,0.59899,0.11,0.13,
0.3,5.5,4,70,70,70,219,219,6255.13,79.8,206.9,115.42,41.04,0.146046,0.75262,0.373521,0.359856,0.117162,0.60377,0.1106,0.13,
0.3,5.5,5,70,70,70,298,298,5378.63,79.8,287.3,121.68,39.09,0.155438,0.66613,0.364326,0.337889,0.118995,0.59589,0.1098,0.13,
0.3,5.5,6,70,70,70,216,216,5854.1,79.8,205.9,115.92,40.34,0.170401,0.653653,0.357642,0.353301,0.106082,0.59142,0.109,0.13,
0.3,5.5,7,70,70,70,193,193,6014.68,79.8,180.1,112.86,40.64,0.155042,0.711691,0.371136,0.380243,0.113684,0.60192,0.1102,0.13,
0.3,5.5,8,70,70,70,247,247,5385.87,79.8,235.7,122.18,39.84,0.169594,0.699216,0.376958,0.364985,0.101015,0.6087,0.1125,0.13,
0.3,5.5,9,70,70,70,241,241,5800.41,79.8,230.1,117.82,28.17,0.172999,0.597774,0.360607,0.361127,0.095012,0.59518,0.111,0.13,
0.3,6,0,70,70,70,205,205,5915.65,79.8,192.9,114.91,29.69,0.134246,0.667434,0.365709,0.363097,0.118573,0.59635,0.1066,0.13,
0.3,6,1,70,70,70,235,235,5453.07,79.8,225.1,119.2,27.72,0.137433,0.62614,0.339583,0.32863,0.112873,0.57504,0.1065,0.13,
0.3,6,2,70,70,70,257,257,5373.71,79.8,247.3,120.79,27.3,0.152441,0.768863,0.371327,0.376322,0.118518,0.60173,0.1102,0.13,
0.3,6,3,70,70,70,237,237,5469.73,79.8,224.9,117.64,27.59,0.165758,0.695039,0.368929,0.360971,0.124189,0.59906,0.1099,0.13,
0.3,6,4,70,70,70,229,229,6255.13,79.8,217.4,122.22,29.25,0.187669,0.778395,0.361392,0.346202,0.112346,0.59448,0.1088,0.13,
0.3,6,5,70,70,70,306,306,5378.63,79.8,296,123.37,27.45,0.169545,0.656253,0.369037,0.346257,0.111681,0.60077,0.1108,0.13,
0.3,6,6,70,70,70,304,304,5854.1,79.8,291.9,122.03,28.44,0.176252,0.647296,0.359765,0.351049,0.111865,0.59255,0.1081,0.13,
0.3,6,7,70,70,70,220,220,6014.68,79.8,210.1,115.21,28.16,0.156541,0.716221,0.37488,0.366331,0.120199,0.60438,0.1107,0.13,
0.3,6,8,70,70,70,251,251,5385.87,79.8,239.7,127.31,27.41,0.169671,0.681295,0.373196,0.370272,0.100063,0.60555,0.1121,0.13,
0.3,6,9,70,70,70,241,241,5800.41,79.8,230.1,122.32,24.78,0.131019,0.632064,0.354708,0.355172,0.101754,0.58915,0.1097,0.13,
0.3,6.5,0,70,70,70,229,229,5915.65,79.8,215.1,120.72,25.86,0.139669,0.684609,0.36618,0.361881,0.128186,0.59558,0.1065,0.13,
0.3,6.5,1,70,70,70,240,240,5453.07,79.8,230.1,123.64,24.24,0.137027,0.617564,0.328106,0.319289,0.110545,0.56482,0.1045,0.13,
0.3,6.5,2,70,70,70,260,260,5373.71,79.8,250.5,126.02,23.77,0.155879,0.616689,0.358843,0.33953,0.108734,0.59217,0.1088,0.13,
0.3,6.5,3,70,70,70,241,241,5469.73,79.8,229,122.82,23.81,0.148216,0.707654,0.365612,0.362885,0.125135,0.59605,0.1092,0.13,
0.3,6.5,4,70,70,70,234,234,6255.13,79.8,222.3,128.97,25.39,0.131002,0.636486,0.344419,0.325125,0.111958,0.5794,0.1058,0.13,
0.3,6.5,5,70,70,70,313,313,5378.63,79.8,302.8,127.04,23.73,0.166675,0.654695,0.357988,0.340397,0.11723,0.59063,0.1089,0.13,
0.3,6.5,6,70,70,70,309,309,5854.1,79.8,296.2,126.45,24.45,0.180258,0.646185,0.355967,0.352504,0.111365,0.58934,0.1076,0.13,
0.3,6.5,7,70,70,70,249,249,6014.68,79.8,236.9,124.27,24.51,0.158327,0.720342,0.360075,0.34689,0.118466,0.59225,0.1086,0.13,
0.3,6.5,8,70,70,70,267,267,5385.87,79.8,257.8,134.3,23.81,0.15153,0.687535,0.35506,0.343101,0.105904,0.58959,0.1091,0.13,
0.3,6.5,9,70,70,70,241,241,5800.41,79.8,230.1,125.02,23.81,0.117355,0.663338,0.348589,0.345163,0.105336,0.58331,0.1088,0.13,
0.3,7,0,70,70,70,234,234,5915.65,79.8,220.1,128.64,25.34,0.133796,0.691902,0.354961,0.359526,0.131004,0.58537,0.1049,0.13,
0.3,7,1,70,70,70,252,252,5453.07,79.8,239.7,128.29,23.55,0.129956,0.620377,0.318186,0.29878,0.110191,0.55603,0.1031,0.13,
0.3,7,2,70,70,70,234,234,5373.71,79.8,223.7,128.06,23.08,0.140458,0.671087,0.34923,0.348256,0.109789,0.58368,0.1072,0.13,
0.3,7,3,70,70,70,309,309,5469.73,79.8,296.7,130,23.22,0.149016,0.725463,0.358341,0.340258,0.123599,0.58998,0.1081,0.13,
0.3,7,4,70,70,70,237,237,6255.13,79.8,225.7,134.7,24.82,0.125314,0.68945,0.3385,0.309327,0.126886,0.57203,0.1041,0.13,
0.3,7,5,70,70,70,317,317,5378.63,79.8,306.9,134.36,22.84,0.155339,0.653771,0.34763,0.341926,0.118383,0.58135,0.1071,0.13,
0.3,7,6,70,70,70,313,313,5854.1,79.8,300.5,131.88,23.86,0.166065,0.652032,0.349252,0.341737,0.107334,0.58414,0.1071,0.13,
0.3,7,7,70,70,70,268,268,6014.68,79.8,255.1,129.4,23.74,0.141419,0.715761,0.35454,0.349614,0.121414,0.58675,0.1076,0.13,
0.3,7,8,70,70,70,278,278,5385.87,79.8,268.3,137.98,23.08,0.174511,0.704364,0.34914,0.338177,0.111758,0.584,0.1082,0.13,
0.3,7,9,70,70,70,263,263,5800.41,79.8,251.9,129.36,24.09,0.111066,0.685196,0.34411,0.333457,0.106613,0.57922,0.1079,0.13,
0.31,3,0,70,70,70,151,151,5915.65,79.8,140.2,92.52,24.11,0.169142,0.624891,0.37058,0.380515,0.097587,0.6034,0.1093,0.13,
0.31,3,1,70,70,70,157,157,5453.07,79.8,145.1,96.43,22.26,0.161795,0.580919,0.361984,0.361739,0.091043,0.59668,0.1108,0.13,
0.31,3,2,70,70,70,154,154,5373.71,79.8,140.7,94.69,21.66,0.124816,0.634009,0.373394,0.365989,0.115438,0.60321,0.1103,0.13,
0.31,3,3,70,70,70,142,142,5469.73,79.8,133,94.19,21.81,0.170189,0.60282,0.397592,0.395827,0.100665,0.62533,0.1154,0.13,
0.31,3,4,70,70,70,164,164,6255.13,79.8,150.1,94.84,23.29,0.154661,0.642235,0.398008,0.398366,0.103003,0.62532,0.1136,0.13,
0.31,3,5,70,70,70,180,180,5378.63,79.8,170.1,94.97,21.62,0.206023,0.778375,0.396122,0.406151,0.101777,0.62425,0.1155,0.13,
0.31,3,6,70,70,70,184,184,5854.1,79.8,171.4,93.98,22.53,0.164196,0.637031,0.393797,0.397063,0.106765,0.62131,0.1139,0.13,
0.31,3,7,70,70,70,140,140,6014.68,79.8,131.1,92.72,22.37,0.162283,0.556771,0.388499,0.407443,0.09682,0.61794,0.1129,0.13,
0.31,3,8,70,70,70,184,184,5385.87,79.8,174.7,100.29,21.89,0.226926,0.747397,0.392592,0.392775,0.109402,0.62072,0.114,0.13,
0.31,3,9,70,70,70,185,185,5800.41,79.8,175.1,98.61,23.34,0.177176,0.569233,0.386626,0.396361,0.096862,0.61666,0.1148,0.13,
0.31,3.5,0,70,70,70,168,168,5915.65,79.8,156.1,97.95,24.5,0.171443,0.634304,0.371792,0.37271,0.105371,0.60349,0.1089,0.13,
0.31,3.5,1,70,70,70,160,160,5453.07,79.8,148.6,100.37,22.52,0.160808,0.592308,0.37286,0.376805,0.093502,0.60556,0.1127,0.13,
0.31,3.5,2,70,70,70,160,160,5373.71,79.8,146.8,98.7,22.02,0.128342,0.669834,0.379535,0.386275,0.1152,0.60858,0.1111,0.13,
0.31,3.5,3,70,70,70,210,210,5469.73,79.8,198,98.73,22.27,0.18263,0.644681,0.40351,0.401831,0.108919,0.62922,0.1158,0.13,
0.31,3.5,4,70,70,70,174,174,6255.13,79.8,160.1,101.72,23.63,0.112222,0.650346,0.397301,0.403344,0.106888,0.6241,0.1134,0.13,
0.31,3.5,5,70,70,70,185,185,5378.63,79.8,175.1,98.69,21.82,0.205598,0.779714,0.400727,0.397704,0.099426,0.62826,0.1162,0.13,
0.31,3.5,6,70,70,70,188,188,5854.1,79.8,175.1,97.86,22.73,0.16837,0.635557,0.395081,0.403952,0.106952,0.62239,0.1142,0.13,
0.31,3.5,7,70,70,70,145,145,6014.68,79.8,134.5,96.23,22.82,0.16254,0.586372,0.401327,0.409581,0.105821,0.62748,0.1147,0.13,
0.31,3.5,8,70,70,70,190,190,5385.87,79.8,180.1,104.58,21.93,0.196662,0.78029,0.391369,0.391263,0.109706,0.61971,0.1142,0.13,
0.31,3.5,9,70,70,70,190,190,5800.41,79.8,180.1,102.51,23.05,0.191937,0.610754,0.390572,0.398493,0.096959,0.61993,0.1158,0.13,
0.31,4,0,70,70,70,165,165,5915.65,79.8,156.2,101.19,24.36,0.173623,0.658457,0.381068,0.388126,0.118681,0.60954,0.1098,0.13,
0.31,4,1,70,70,70,192,192,5453.07,79.8,179.5,105.49,22.99,0.137813,0.573127,0.367934,0.374972,0.09468,0.60117,0.112,0.13,
0.31,4,2,70,70,70,167,167,5373.71,79.8,153.8,102.33,22.12,0.133788,0.725433,0.390931,0.39389,0.122581,0.61709,0.1128,0.13,
0.31,4,3,70,70,70,223,223,5469.73,79.8,210.6,102.47,22.37,0.192676,0.675463,0.40141,0.406492,0.111974,0.62739,0.1156,0.13,
0.31,4,4,70,70,70,175,175,6255.13,79.8,161.5,107.19,23.82,0.103548,0.656651,0.399509,0.404006,0.10678,0.62586,0.1141,0.13,
0.31,4,5,70,70,70,187,187,5378.63,79.8,177.6,103.16,22.05,0.198179,0.817717,0.40059,0.393029,0.108531,0.62735,0.1157,0.13,
0.31,4,6,70,70,70,191,191,5854.1,79.8,178.6,103.49,22.81,0.172721,0.638225,0.392028,0.392761,0.109171,0.6198,0.1138,0.13,
0.31,4,7,70,70,70,156,156,6014.68,79.8,146.2,100.05,22.75,0.161876,0.60677,0.398343,0.405989,0.1079,0.62489,0.1143,0.13,
0.31,4,8,70,70,70,216,216,5385.87,79.8,206.9,108.99,22.3,0.188527,0.797822,0.400157,0.403485,0.110486,0.62684,0.1156,0.13,
0.31,4,9,70,70,70,193,193,5800.41,79.8,184,106.81,23.42,0.202858,0.645671,0.388721,0.39128,0.090354,0.61919,0.1156,0.13,
0.31,4.5,0,70,70,70,179,179,5915.65,79.8,167.4,105.5,24.31,0.169891,0.653689,0.372571,0.381053,0.114136,0.60274,0.1086,0.13,
0.31,4.5,1,70,70,70,199,199,5453.07,79.8,186.3,109.5,22.95,0.133375,0.608815,0.363856,0.36643,0.098517,0.59744,0.1108,0.13,
0.31,4.5,2,70,70,70,205,205,5373.71,79.8,191.1,108.96,22.43,0.142475,0.727915,0.386442,0.39113,0.123682,0.61342,0.1119,0.13,
0.31,4.5,3,70,70,70,226,226,5469.73,79.8,213.9,107.92,22.72,0.150425,0.672674,0.389409,0.380513,0.114016,0.6173,0.1134,0.13,
0.31,4.5,4,70,70,70,218,218,6255.13,79.8,205.1,111.92,23.92,0.110471,0.665086,0.401391,0.398799,0.113021,0.62668,0.1141,0.13,
0.31,4.5,5,70,70,70,256,256,5378.63,79.8,245.1,109.67,22.33,0.191146,0.75351,0.400179,0.392647,0.112425,0.6264,0.1154,0.13,
0.31,4.5,6,70,70,70,216,216,5854.1,79.8,205.1,110.49,23.09,0.167864,0.645228,0.383816,0.373885,0.110046,0.61293,0.1124,0.13,
0.31,4.5,7,70,70,70,193,193,6014.68,79.8,180.1,105.73,22.96,0.161896,0.625451,0.385693,0.394841,0.104152,0.61519,0.1128,0.13,
0.31,4.5,8,70,70,70,221,221,5385.87,79.8,211.3,114.47,22.24,0.18306,0.811943,0.392038,0.388937,0.106481,0.62072,0.1146,0.13,
0.31,4.5,9,70,70,70,211,211,5800.41,79.8,200.9,109.84,23.54,0.203678,0.657801,0.383512,0.394101,0.095844,0.61439,0.1146,0.13,
0.31,5,0,70,70,70,181,181,5915.65,79.8,170.1,109.92,24.66,0.143636,0.662965,0.368181,0.371698,0.115687,0.59895,0.1075,0.13,
0.31,5,1,70,70,70,233,233,5453.07,79.8,224,113.06,22.93,0.141844,0.615546,0.360156,0.356912,0.103361,0.59386,0.1101,0.13,
0.31,5,2,70,70,70,216,216,5373.71,79.8,207,115.9,22.61,0.152108,0.75454,0.385797,0.38695,0.123287,0.61319,0.112,0.13,
0.31,5,3,70,70,70,230,230,5469.73,79.8,217.1,113.83,22.74,0.140262,0.685301,0.376966,0.375002,0.121859,0.6061,0.1113,0.13,
0.31,5,4,70,70,70,220,220,6255.13,79.8,207.2,115.99,24.06,0.140496,0.657469,0.390461,0.381043,0.11171,0.61825,0.1127,0.13,
0.31,5,5,70,70,70,266,266,5378.63,79.8,255.8,117.08,22.42,0.165822,0.755673,0.387176,0.375289,0.116897,0.61524,0.1133,0.13,
0.31,5,6,70,70,70,220,220,5854.1,79.8,209.8,115.72,23.04,0.167304,0.651979,0.368336,0.36085,0.107439,0.60035,0.1103,0.13,
0.31,5,7,70,70,70,198,198,6014.68,79.8,185.1,113.08,23.11,0.162473,0.712303,0.378966,0.393489,0.114954,0.60837,0.1117,0.13,
0.31,5,8,70,70,70,230,230,5385.87,79.8,220.8,120.78,22.58,0.174741,0.786955,0.389434,0.374779,0.103913,0.61882,0.1145,0.13,
0.31,5,9,70,70,70,214,214,5800.41,79.8,203.8,116.89,24.05,0.178546,0.594183,0.377639,0.389658,0.089822,0.60991,0.1135,0.13,
0.31,5.5,0,70,70,70,196,196,5915.65,79.8,184.3,113.88,25.14,0.142258,0.672265,0.372378,0.380313,0.119931,0.60185,0.1077,0.13,
0.31,5.5,1,70,70,70,235,235,5453.07,79.8,225.1,117.51,23.57,0.145911,0.624332,0.348735,0.343382,0.109097,0.58339,0.1083,0.13,
0.31,5.5,2,70,70,70,250,250,5373.71,79.8,240.5,119.75,23.18,0.157183,0.657262,0.386717,0.382866,0.114509,0.61491,0.1124,0.13,
0.31,5.5,3,70,70,70,236,236,5469.73,79.8,223.1,118.09,23.07,0.1883,0.696568,0.375993,0.365583,0.122133,0.60552,0.1113,0.13,
0.31,5.5,4,70,70,70,226,226,6255.13,79.8,214.4,121.05,24.35,0.192061,0.695669,0.37489,0.347508,0.111319,0.60584,0.1109,0.13,
0.31,5.5,5,70,70,70,299,299,5378.63,79.8,288.4,123.51,22.93,0.162051,0.709818,0.376829,0.353306,0.125056,0.6058,0.1112,0.13,
0.31,5.5,6,70,70,70,239,239,5854.1,79.8,227,120.29,23.59,0.179694,0.643992,0.366118,0.358293,0.107128,0.59851,0.1096,0.13,
0.31,5.5,7,70,70,70,220,220,6014.68,79.8,210.1,118.06,23.61,0.163545,0.635426,0.372893,0.37331,0.112892,0.60345,0.1106,0.13,
0.31,5.5,8,70,70,70,248,248,5385.87,79.8,236.3,125.78,23.13,0.17644,0.73592,0.387133,0.379437,0.102578,0.61707,0.1142,0.13,
0.31,5.5,9,70,70,70,241,241,5800.41,79.8,230.1,120.66,23.65,0.178029,0.634026,0.37114,0.372986,0.094451,0.60411,0.1124,0.13,
0.31,6,0,70,70,70,206,206,5915.65,79.8,193.4,119.11,24.88,0.138852,0.686288,0.376759,0.375534,0.12473,0.60499,0.1079,0.13,
0.31,6,1,70,70,70,240,240,5453.07,79.8,230.1,121.61,23.14,0.14694,0.621284,0.344924,0.341418,0.110388,0.57986,0.1074,0.13,
0.31,6,2,70,70,70,258,258,5373.71,79.8,248.4,123.18,22.88,0.161406,0.686843,0.381183,0.382931,0.116348,0.61015,0.1115,0.13,
0.31,6,3,70,70,70,238,238,5469.73,79.8,225.7,120.6,22.83,0.173866,0.718393,0.378056,0.370746,0.121375,0.60723,0.1115,0.13,
0.31,6,4,70,70,70,230,230,6255.13,79.8,218.2,125.22,24.36,0.140812,0.766184,0.376231,0.351167,0.118619,0.60603,0.1105,0.13,
0.31,6,5,70,70,70,308,308,5378.63,79.8,297.5,127.11,22.58,0.163981,0.677491,0.375401,0.35062,0.116887,0.60543,0.1112,0.13,
0.31,6,6,70,70,70,305,305,5854.1,79.8,293,124.81,23.46,0.186642,0.651615,0.371626,0.376317,0.111772,0.60272,0.1098,0.13,
0.31,6,7,70,70,70,245,245,6014.68,79.8,231.4,119.83,23.32,0.164948,0.719871,0.389063,0.373319,0.123213,0.61599,0.1126,0.13,
0.31,6,8,70,70,70,252,252,5385.87,79.8,240.5,129.05,22.65,0.177265,0.680219,0.38467,0.375768,0.099829,0.61513,0.1141,0.13,
0.31,6,9,70,70,70,241,241,5800.41,79.8,230.1,124.22,23.76,0.121479,0.670662,0.364803,0.360204,0.106091,0.59719,0.1111,0.13,
0.31,6.5,0,70,70,70,234,234,5915.65,79.8,220.1,125.29,24.95,0.144722,0.691111,0.374555,0.374031,0.129564,0.60258,0.1078,0.13,
0.31,6.5,1,70,70,70,240,240,5453.07,79.8,230.1,125.28,23.45,0.130374,0.624228,0.341104,0.336171,0.112961,0.57595,0.1066,0.13,
0.31,6.5,2,70,70,70,261,261,5373.71,79.8,251.2,130.18,22.97,0.149875,0.651215,0.369477,0.353964,0.118451,0.60006,0.1097,0.13,
0.31,6.5,3,70,70,70,257,257,5469.73,79.8,245.1,129.19,22.96,0.155358,0.725394,0.374512,0.356202,0.125318,0.60361,0.1107,0.13,
0.31,6.5,4,70,70,70,235,235,6255.13,79.8,223.4,131.68,24.47,0.130406,0.742349,0.364929,0.341839,0.125861,0.59548,0.1084,0.13,
0.31,6.5,5,70,70,70,314,314,5378.63,79.8,303.9,130.57,22.87,0.16362,0.69828,0.365982,0.344357,0.121145,0.59698,0.1099,0.13,
0.31,6.5,6,70,70,70,310,310,5854.1,79.8,297.5,129.28,23.6,0.19223,0.632852,0.365016,0.36658,0.106802,0.59766,0.1089,0.13,
0.31,6.5,7,70,70,70,252,252,6014.68,79.8,239.3,125.86,23.5,0.165858,0.698937,0.372909,0.35875,0.117595,0.6032,0.1107,0.13,
0.31,6.5,8,70,70,70,268,268,5385.87,79.8,258.9,138.05,23.13,0.159406,0.650193,0.358811,0.354415,0.100427,0.59335,0.1101,0.1299,
0.31,6.5,9,70,70,70,281,281,5800.41,79.8,270.9,130.3,23.97,0.122485,0.616171,0.354818,0.352705,0.109165,0.58817,0.1094,0.13,
0.31,7,0,70,70,70,234,234,5915.65,79.8,221.1,131.82,25.28,0.137499,0.693773,0.367347,0.369415,0.129379,0.59625,0.1065,0.13,
0.31,7,1,70,70,70,254,254,5453.07,79.8,241.8,131.91,23.61,0.12983,0.618992,0.325696,0.311553,0.114308,0.56225,0.104,0.13,
0.31,7,2,70,70,70,278,278,5373.71,79.8,264.7,135.78,23.17,0.151828,0.567287,0.35081,0.34846,0.102154,0.58591,0.1076,0.13,
0.31,7,3,70,70,70,310,310,5469.73,79.8,297.5,134.1,23.26,0.152484,0.731542,0.368214,0.355217,0.126384,0.59816,0.1097,0.13,
0.31,7,4,70,70,70,253,253,6255.13,79.8,242.3,139.33,24.64,0.132076,0.7292,0.352788,0.323645,0.135354,0.58358,0.106,0.13,
0.31,7,5,70,70,70,319,319,5378.63,79.8,308.1,138.02,22.99,0.157918,0.691217,0.357084,0.344227,0.117584,0.58965,0.1084,0.13,
0.31,7,6,70,70,70,314,314,5854.1,79.8,301.4,134.85,23.79,0.176537,0.634774,0.353738,0.350607,0.101716,0.58874,0.1079,0.13,
0.31,7,7,70,70,70,271,271,6014.68,79.8,258.3,132.86,23.77,0.143857,0.722897,0.363296,0.344625,0.12255,0.59425,0.1089,0.13,
0.31,7,8,70,70,70,279,279,5385.87,79.8,269.2,143.37,23.25,0.180016,0.753248,0.351939,0.3386,0.108751,0.58692,0.1087,0.13,
0.31,7,9,70,70,70,286,286,5800.41,79.8,275.1,135.9,23.91,0.11559,0.601932,0.344235,0.345691,0.105637,0.57941,0.108,0.13,
0.32,3,0,70,70,70,173,173,5915.65,79.8,161.4,96.06,24.04,0.176931,0.640865,0.384944,0.396018,0.101294,0.61495,0.1113,0.13,
0.32,3,1,70,70,70,157,157,5453.07,79.8,145.1,97.35,22.5,0.169059,0.604104,0.377135,0.378634,0.094582,0.60906,0.1131,0.13,
0.32,3,2,70,70,70,155,155,5373.71,79.8,141.2,96.81,21.83,0.130517,0.644156,0.38313,0.381482,0.114083,0.61163,0.1119,0.13,
0.32,3,3,70,70,70,192,192,5469.73,79.8,179.5,96.93,21.99,0.177603,0.645558,0.408803,0.407437,0.100034,0.63446,0.1168,0.13,
0.32,3,4,70,70,70,164,164,6255.13,79.8,150.1,96.41,23.47,0.158186,0.645425,0.409467,0.413428,0.102215,0.63458,0.1153,0.13,
0.32,3,5,70,70,70,185,185,5378.63,79.8,175.1,96.69,21.56,0.213001,0.739214,0.405843,0.418754,0.099008,0.63233,0.1168,0.13,
0.32,3,6,70,70,70,188,188,5854.1,79.8,175.1,96.33,22.43,0.17083,0.631036,0.39839,0.409211,0.106645,0.62515,0.1144,0.13,
0.32,3,7,70,70,70,141,141,6014.68,79.8,131.4,94.2,22.52,0.169706,0.585011,0.401513,0.419936,0.097343,0.62849,0.1149,0.13,
0.32,3,8,70,70,70,185,185,5385.87,79.8,175.1,102.63,21.79,0.208305,0.771293,0.399848,0.410334,0.109927,0.62661,0.1153,0.13,
0.32,3,9,70,70,70,190,190,5800.41,79.8,180.1,100.68,23.33,0.187738,0.606871,0.396244,0.39777,0.094665,0.62477,0.1163,0.13,
0.32,3.5,0,70,70,70,168,168,5915.65,79.8,156.6,99.22,24.67,0.179367,0.652331,0.384278,0.381529,0.108065,0.61361,0.1106,0.13,
0.32,3.5,1,70,70,70,190,190,5453.07,79.8,177.2,104.08,22.73,0.167602,0.58618,0.37943,0.381768,0.092578,0.61113,0.1136,0.13,
0.32,3.5,2,70,70,70,164,164,5373.71,79.8,150.2,100.53,22.02,0.134195,0.712363,0.393178,0.396891,0.116884,0.61976,0.113,0.13,
0.32,3.5,3,70,70,70,211,211,5469.73,79.8,198.7,100.79,22.3,0.172413,0.669163,0.413277,0.416358,0.111105,0.63679,0.1172,0.13,
0.32,3.5,4,70,70,70,174,174,6255.13,79.8,160.1,103.71,23.8,0.116022,0.656564,0.413269,0.422343,0.10899,0.63669,0.1157,0.13,
0.32,3.5,5,70,70,70,256,256,5378.63,79.8,245.1,103.57,22.2,0.214325,0.812516,0.410142,0.410304,0.104955,0.63534,0.1171,0.13,
0.32,3.5,6,70,70,70,189,189,5854.1,79.8,176.3,101.08,22.85,0.175159,0.634464,0.402756,0.402092,0.109581,0.62848,0.1156,0.13,
0.32,3.5,7,70,70,70,169,169,6014.68,79.8,156.5,99.52,23.01,0.172127,0.616578,0.406769,0.403927,0.107746,0.63179,0.1155,0.13,
0.32,3.5,8,70,70,70,210,210,5385.87,79.8,200.4,107.32,22.47,0.205069,0.78855,0.401195,0.406665,0.109467,0.62776,0.1157,0.13,
0.32,3.5,9,70,70,70,192,192,5800.41,79.8,182.7,104.25,23.3,0.201283,0.649429,0.398444,0.403261,0.096212,0.62648,0.117,0.13,
0.32,4,0,70,70,70,176,176,5915.65,79.8,164.4,103.99,24.67,0.17465,0.65726,0.388419,0.402249,0.118052,0.61554,0.1107,0.13,
0.32,4,1,70,70,70,194,194,5453.07,79.8,181.4,107.11,22.87,0.143111,0.602972,0.379113,0.383792,0.097423,0.61029,0.1137,0.13,
0.32,4,2,70,70,70,209,209,5373.71,79.8,199.3,106.66,22.39,0.140492,0.723575,0.400458,0.413409,0.123179,0.62489,0.1143,0.13,
0.32,4,3,70,70,70,224,224,5469.73,79.8,211.6,105.94,22.61,0.167471,0.669434,0.405573,0.404087,0.112644,0.63047,0.1158,0.13,
0.32,4,4,70,70,70,176,176,6255.13,79.8,165.1,109.13,23.8,0.10733,0.670348,0.410824,0.404614,0.109051,0.63474,0.1156,0.13,
0.32,4,5,70,70,70,256,256,5378.63,79.8,245.1,108.14,22.26,0.209493,0.753337,0.406765,0.400247,0.105771,0.63248,0.1164,0.13,
0.32,4,6,70,70,70,193,193,5854.1,79.8,180.1,105.67,23.04,0.17955,0.631391,0.398319,0.405762,0.104555,0.62541,0.1148,0.13,
0.32,4,7,70,70,70,193,193,6014.68,79.8,180.1,103.25,22.92,0.171232,0.64323,0.402419,0.413633,0.104303,0.62871,0.1152,0.13,
0.32,4,8,70,70,70,218,218,5385.87,79.8,208.6,112.01,22.11,0.180966,0.786029,0.40693,0.400337,0.107804,0.63256,0.1167,0.13,
0.32,4,9,70,70,70,195,195,5800.41,79.8,185.1,109.03,23.36,0.21118,0.650134,0.394003,0.404964,0.094354,0.6231,0.1164,0.13,
0.32,4.5,0,70,70,70,205,205,5915.65,79.8,195.9,108.26,24.47,0.170122,0.661881,0.381063,0.383731,0.116792,0.60963,0.1095,0.13,
0.32,4.5,1,70,70,70,200,200,5453.07,79.8,187.1,110.59,22.77,0.143638,0.613745,0.376119,0.380661,0.096121,0.60797,0.1127,0.13,
0.32,4.5,2,70,70,70,213,213,5373.71,79.8,203.6,113.78,22.48,0.150234,0.751596,0.401151,0.404418,0.124181,0.62561,0.1143,0.13,
0.32,4.5,3,70,70,70,227,227,5469.73,79.8,215,109.56,22.55,0.15648,0.682038,0.399674,0.390796,0.116777,0.62544,0.1147,0.13,
0.32,4.5,4,70,70,70,218,218,6255.13,79.8,205.8,115.33,23.95,0.11487,0.680659,0.408044,0.390573,0.113003,0.63218,0.1151,0.13,
0.32,4.5,5,70,70,70,261,261,5378.63,79.8,250.1,111.97,22.28,0.197583,0.801481,0.406715,0.395909,0.112775,0.63177,0.1162,0.13,
0.32,4.5,6,70,70,70,221,221,5854.1,79.8,210.1,115.21,23.1,0.17614,0.651077,0.387126,0.391341,0.110362,0.61571,0.1125,0.13,
0.32,4.5,7,70,70,70,198,198,6014.68,79.8,185.1,109.54,23.08,0.171059,0.707859,0.393989,0.393128,0.105075,0.62204,0.1141,0.13,
0.32,4.5,8,70,70,70,222,222,5385.87,79.8,212.2,119.41,22.46,0.188811,0.814998,0.393259,0.389366,0.105933,0.62177,0.1149,0.13,
0.32,4.5,9,70,70,70,212,212,5800.41,79.8,201.7,114.1,23.57,0.211994,0.58316,0.392585,0.406229,0.093168,0.62199,0.1157,0.13,
0.32,5,0,70,70,70,209,209,5915.65,79.8,199.2,114.01,24.84,0.148305,0.678256,0.379199,0.378832,0.120935,0.60764,0.1088,0.13,
0.32,5,1,70,70,70,235,235,5453.07,79.8,225.1,116.94,23.09,0.149382,0.604168,0.35906,0.358351,0.103847,0.59283,0.1096,0.13,
0.32,5,2,70,70,70,247,247,5373.71,79.8,238,117.73,22.77,0.16125,0.670536,0.394565,0.382942,0.120625,0.62071,0.1134,0.13,
0.32,5,3,70,70,70,236,236,5469.73,79.8,228.3,116.74,22.82,0.144622,0.705251,0.385538,0.378602,0.122523,0.61332,0.1125,0.13,
0.32,5,4,70,70,70,223,223,6255.13,79.8,210.1,117.69,24.23,0.150524,0.731941,0.40273,0.391639,0.116475,0.62794,0.1145,0.13,
0.32,5,5,70,70,70,296,296,5378.63,79.8,285.3,120.74,22.71,0.171825,0.799599,0.391096,0.376633,0.120441,0.61825,0.1136,0.13,
0.32,5,6,70,70,70,236,236,5854.1,79.8,224.4,121.13,23.46,0.168091,0.65822,0.374298,0.37377,0.108794,0.60526,0.1103,0.13,
0.32,5,7,70,70,70,198,198,6014.68,79.8,186,115.64,23.4,0.17156,0.660578,0.381078,0.385962,0.108498,0.61088,0.1123,0.13,
0.32,5,8,70,70,70,245,245,5385.87,79.8,233.4,126.19,22.77,0.180666,0.833959,0.392544,0.382092,0.106122,0.62134,0.1146,0.13,
0.32,5,9,70,70,70,225,225,5800.41,79.8,213.6,120.12,23.67,0.186926,0.629062,0.384802,0.390856,0.090154,0.61586,0.1144,0.13,
0.32,5.5,0,70,70,70,218,218,5915.65,79.8,209,116.38,24.87,0.141027,0.683893,0.386085,0.391126,0.123901,0.61289,0.1094,0.13,
0.32,5.5,1,70,70,70,240,240,5453.07,79.8,230.1,120.8,23.31,0.153747,0.619168,0.354837,0.356342,0.108102,0.58889,0.1094,0.13,
0.32,5.5,2,70,70,70,251,251,5373.71,79.8,241.6,122.57,22.9,0.166584,0.698593,0.394671,0.389445,0.120872,0.62067,0.1133,0.13,
0.32,5.5,3,70,70,70,238,238,5469.73,79.8,230.6,120.77,22.86,0.195139,0.715189,0.386519,0.371406,0.123456,0.61418,0.1127,0.13,
0.32,5.5,4,70,70,70,227,227,6255.13,79.8,215.3,123.37,24.3,0.199539,0.729246,0.38651,0.359895,0.11485,0.61522,0.1125,0.13,
0.32,5.5,5,70,70,70,304,304,5378.63,79.8,293.5,126.17,22.69,0.164882,0.748221,0.38531,0.358027,0.122758,0.61312,0.1125,0.13,
0.32,5.5,6,70,70,70,303,303,5854.1,79.8,290.1,127.29,23.65,0.186558,0.665653,0.371655,0.370154,0.10857,0.60313,0.1096,0.13,
0.32,5.5,7,70,70,70,221,221,6014.68,79.8,211.1,119.49,23.44,0.172497,0.639958,0.385362,0.383735,0.114953,0.6136,0.1125,0.13,
0.32,5.5,8,70,70,70,248,248,5385.87,79.8,237,129.6,22.77,0.184215,0.775106,0.394212,0.378297,0.108354,0.62235,0.1148,0.13,
0.32,5.5,9,70,70,70,274,274,5800.41,79.8,263.3,125.24,23.72,0.176667,0.671483,0.381055,0.377863,0.100087,0.61183,0.1134,0.13,
0.32,6,0,70,70,70,234,234,5915.65,79.8,220.1,122.54,25.06,0.144692,0.689135,0.390182,0.390367,0.127107,0.61577,0.1097,0.13,
0.32,6,1,70,70,70,240,240,5453.07,79.8,230.1,124.88,23.43,0.158921,0.631622,0.352036,0.357361,0.110438,0.58606,0.1087,0.13,
0.32,6,2,70,70,70,259,259,5373.71,79.8,249.5,126.56,22.91,0.170993,0.728893,0.392402,0.37605,0.122373,0.61891,0.1128,0.13,
0.32,6,3,70,70,70,240,240,5469.73,79.8,232.6,127.1,22.98,0.15856,0.697489,0.385916,0.378219,0.113849,0.61454,0.1126,0.13,
0.32,6,4,70,70,70,231,231,6255.13,79.8,219.3,129.57,24.39,0.131979,0.725709,0.385097,0.352675,0.123803,0.61271,0.1116,0.13,
0.32,6,5,70,70,70,310,310,5378.63,79.8,299.5,129.85,22.71,0.172382,0.685633,0.382694,0.364273,0.118378,0.61141,0.1124,0.13,
0.32,6,6,70,70,70,307,307,5854.1,79.8,294.1,129.05,23.74,0.175015,0.671273,0.377694,0.388008,0.109958,0.60795,0.1105,0.13,
0.32,6,7,70,70,70,247,247,6014.68,79.8,234.3,123.84,23.48,0.173754,0.713601,0.394548,0.381699,0.123072,0.6206,0.1135,0.13,
0.32,6,8,70,70,70,253,253,5385.87,79.8,241.3,134.02,22.81,0.160448,0.731614,0.389874,0.382827,0.10846,0.61853,0.1143,0.13,
0.32,6,9,70,70,70,281,281,5800.41,79.8,270.1,127.81,23.79,0.123864,0.616341,0.374725,0.363127,0.103503,0.60578,0.1126,0.13,
0.32,6.5,0,70,70,70,234,234,5915.65,79.8,220.1,128.61,25.28,0.144185,0.709449,0.3833,0.379998,0.133327,0.60951,0.1089,0.13,
0.32,6.5,1,70,70,70,240,240,5453.07,79.8,230.1,128.31,23.49,0.140466,0.638952,0.348631,0.34595,0.112984,0.58262,0.1078,0.13,
0.32,6.5,2,70,70,70,261,261,5373.71,79.8,251.8,137.33,23.28,0.158142,0.723112,0.37246,0.367041,0.12018,0.60244,0.11,0.13,
0.32,6.5,3,70,70,70,307,307,5469.73,79.8,294.9,132.05,23.25,0.164067,0.683129,0.383944,0.377903,0.12203,0.61187,0.1121,0.13,
0.32,6.5,4,70,70,70,236,236,6255.13,79.8,224.1,136.93,24.63,0.134769,0.782153,0.369265,0.339339,0.129433,0.59886,0.1091,0.13,
0.32,6.5,5,70,70,70,315,315,5378.63,79.8,305,134.82,23.04,0.172089,0.731617,0.375235,0.352232,0.123507,0.60462,0.1112,0.13,
0.32,6.5,6,70,70,70,311,311,5854.1,79.8,298.5,136.3,23.73,0.162279,0.641128,0.365172,0.364385,0.107006,0.59776,0.1089,0.13,
0.32,6.5,7,70,70,70,273,273,6014.68,79.8,260.1,131.12,23.79,0.169431,0.741194,0.377229,0.355853,0.12035,0.60665,0.1114,0.13,
0.32,6.5,8,70,70,70,269,269,5385.87,79.8,259.8,142.66,23.25,0.167104,0.692169,0.369769,0.368029,0.101062,0.60268,0.1117,0.13,
0.32,6.5,9,70,70,70,286,286,5800.41,79.8,275.1,132.77,24.12,0.11966,0.625751,0.367922,0.36674,0.112743,0.59894,0.1112,0.13,
0.32,7,0,70,70,70,234,234,5915.65,79.8,221.9,137.03,25.36,0.136537,0.702284,0.36765,0.372016,0.133283,0.59609,0.1065,0.13,
0.32,7,1,70,70,70,255,255,5453.07,79.8,242.9,135.66,23.65,0.134162,0.646901,0.331569,0.320262,0.111061,0.56801,0.1051,0.13,
0.32,7,2,70,70,70,279,279,5373.71,79.8,265.3,143.38,23.51,0.152058,0.638706,0.355457,0.35483,0.106076,0.58954,0.1078,0.13,
0.32,7,3,70,70,70,311,311,5469.73,79.8,298.2,142.17,23.59,0.162077,0.70685,0.370985,0.347641,0.128574,0.60027,0.1098,0.13,
0.32,7,4,70,70,70,253,253,6255.13,79.8,243,143.24,25.04,0.136492,0.768426,0.36173,0.33634,0.132455,0.5919,0.1075,0.13,
0.32,7,5,70,70,70,320,320,5378.63,79.8,309.5,141.89,23.31,0.166887,0.730024,0.365026,0.365097,0.12098,0.59608,0.1094,0.13,
0.32,7,6,70,70,70,315,315,5854.1,79.8,302.2,143.62,24.05,0.166651,0.64699,0.364353,0.373189,0.108908,0.59684,0.1087,0.13,
0.32,7,7,70,70,70,273,273,6014.68,79.8,260.1,136.11,24.03,0.146411,0.675503,0.370357,0.351335,0.121868,0.60034,0.11,0.13,
0.32,7,8,70,70,70,279,279,5385.87,79.8,270,147.87,23.31,0.210695,0.659725,0.351861,0.353314,0.087537,0.58888,0.1096,0.13,
0.32,7,9,70,70,70,286,286,5800.41,79.8,275.1,139.22,24.08,0.104072,0.636808,0.352325,0.345518,0.108458,0.58616,0.1093,0.13,
0.33,3,0,70,70,70,182,182,5915.65,79.8,170.1,98.08,24.06,0.18506,0.640333,0.397379,0.406577,0.1063,0.62458,0.1128,0.13,
0.33,3,1,70,70,70,162,162,5453.07,79.8,150.1,99.58,22.36,0.176233,0.592846,0.386088,0.394778,0.089758,0.61693,0.1146,0.13,
0.33,3,2,70,70,70,158,158,5373.71,79.8,145.1,97.71,21.78,0.136484,0.683585,0.396626,0.398313,0.115949,0.62261,0.1137,0.13,
0.33,3,3,70,70,70,193,193,5469.73,79.8,180.1,99.38,22.2,0.185365,0.655085,0.417436,0.408473,0.10037,0.64127,0.1182,0.13,
0.33,3,4,70,70,70,167,167,6255.13,79.8,153.5,99.56,23.5,0.16347,0.653374,0.418532,0.427106,0.10316,0.64173,0.1165,0.13,
0.33,3,5,70,70,70,251,251,5378.63,79.8,240.1,100.64,21.85,0.218655,0.784666,0.414181,0.417891,0.099638,0.63898,0.1178,0.13,
0.33,3,6,70,70,70,188,188,5854.1,79.8,175.1,99.18,22.57,0.177831,0.629461,0.406243,0.412385,0.107287,0.63147,0.1158,0.13,
0.33,3,7,70,70,70,167,167,6014.68,79.8,154.6,96.77,22.64,0.17735,0.610711,0.410489,0.419158,0.097017,0.63579,0.1162,0.13,
0.33,3,8,70,70,70,190,190,5385.87,79.8,180.1,104.92,22.37,0.220912,0.776627,0.408371,0.412701,0.107631,0.6337,0.1168,0.13,
0.33,3,9,70,70,70,190,190,5800.41,79.8,180.1,102.08,23.43,0.197974,0.643257,0.404836,0.414285,0.093951,0.63179,0.1177,0.13,
0.33,3.5,0,70,70,70,169,169,5915.65,79.8,157.1,101.44,24.78,0.187675,0.659936,0.393821,0.38898,0.105708,0.6217,0.1121,0.13,
0.33,3.5,1,70,70,70,190,190,5453.07,79.8,177.7,106.3,22.85,0.174818,0.615515,0.391148,0.390076,0.093496,0.62072,0.1155,0.13,
0.33,3.5,2,70,70,70,203,203,5373.71,79.8,193.6,103.77,22.33,0.140334,0.714769,0.406813,0.407762,0.117044,0.63084,0.1151,0.13,
0.33,3.5,3,70,70,70,212,212,5469.73,79.8,199.4,103.91,22.35,0.178049,0.671113,0.417025,0.420888,0.112023,0.63975,0.1174,0.13,
0.33,3.5,4,70,70,70,176,176,6255.13,79.8,165.1,106.6,23.84,0.11986,0.667845,0.417387,0.415586,0.110127,0.63993,0.1163,0.13,
0.33,3.5,5,70,70,70,256,256,5378.63,79.8,245.1,106.61,22.08,0.222719,0.738555,0.413786,0.42322,0.09814,0.63872,0.1175,0.13,
0.33,3.5,6,70,70,70,193,193,5854.1,79.8,180.1,103.9,22.86,0.182199,0.638996,0.406974,0.417745,0.104258,0.63244,0.1162,0.13,
0.33,3.5,7,70,70,70,180,180,6014.68,79.8,167.8,102.38,22.86,0.18122,0.620928,0.412011,0.413296,0.10621,0.63626,0.1163,0.13,
0.33,3.5,8,70,70,70,210,210,5385.87,79.8,201,109.42,22.09,0.178864,0.793044,0.406661,0.40259,0.107423,0.63239,0.1164,0.13,
0.33,3.5,9,70,70,70,195,195,5800.41,79.8,185.1,106.99,23.3,0.203265,0.644417,0.406414,0.417189,0.092695,0.63314,0.1183,0.13,
0.33,4,0,70,70,70,192,192,5915.65,79.8,180.1,106.86,24.64,0.180911,0.663344,0.399501,0.40605,0.122055,0.62421,0.1121,0.13,
0.33,4,1,70,70,70,195,195,5453.07,79.8,182.9,110.89,22.89,0.148287,0.621698,0.391768,0.403692,0.099821,0.62044,0.1152,0.13,
0.33,4,2,70,70,70,209,209,5373.71,79.8,200,109.74,22.55,0.147754,0.746422,0.410936,0.416014,0.124772,0.63325,0.1156,0.13,
0.33,4,3,70,70,70,225,225,5469.73,79.8,213,107.3,22.59,0.173176,0.692775,0.416742,0.407839,0.114665,0.6393,0.1173,0.13,
0.33,4,4,70,70,70,181,181,6255.13,79.8,170.1,111.35,24.06,0.113818,0.678771,0.423065,0.414645,0.111224,0.6443,0.1172,0.13,
0.33,4,5,70,70,70,258,258,5378.63,79.8,247.4,110.91,22.32,0.215756,0.799311,0.410388,0.405963,0.104958,0.63549,0.117,0.13,
0.33,4,6,70,70,70,221,221,5854.1,79.8,210.1,110.28,22.95,0.186613,0.64879,0.411892,0.413988,0.105895,0.63622,0.1162,0.13,
0.33,4,7,70,70,70,198,198,6014.68,79.8,185.1,105.99,22.96,0.181074,0.678869,0.41556,0.414621,0.109131,0.63887,0.117,0.13,
0.33,4,8,70,70,70,219,219,5385.87,79.8,209.3,114.76,22.18,0.188592,0.811163,0.416982,0.403556,0.111587,0.64031,0.1181,0.13,
0.33,4,9,70,70,70,209,209,5800.41,79.8,198.2,111.32,23.68,0.219809,0.645631,0.4025,0.410359,0.091639,0.63019,0.1176,0.13,
0.33,4.5,0,70,70,70,206,206,5915.65,79.8,196.4,112.26,24.6,0.175104,0.673437,0.39345,0.396762,0.119151,0.61964,0.1112,0.13,
0.33,4.5,1,70,70,70,235,235,5453.07,79.8,225.1,113.37,22.88,0.152411,0.610467,0.385313,0.398246,0.097539,0.61547,0.1139,0.13,
0.33,4.5,2,70,70,70,245,245,5373.71,79.8,235.9,115.77,22.56,0.15847,0.698077,0.410757,0.398468,0.122753,0.63354,0.1159,0.13,
0.33,4.5,3,70,70,70,234,234,5469.73,79.8,226.1,112.44,22.65,0.152389,0.716511,0.408565,0.399089,0.116239,0.63277,0.1162,0.13,
0.33,4.5,4,70,70,70,223,223,6255.13,79.8,210.1,118.91,24.16,0.118277,0.680673,0.413296,0.407084,0.110058,0.63677,0.116,0.13,
0.33,4.5,5,70,70,70,261,261,5378.63,79.8,250.1,113.74,22.38,0.204226,0.83478,0.417973,0.41331,0.113853,0.64072,0.1178,0.13,
0.33,4.5,6,70,70,70,225,225,5854.1,79.8,215,117.93,23.28,0.18419,0.65816,0.402258,0.404801,0.111749,0.62792,0.1145,0.13,
0.33,4.5,7,70,70,70,200,200,6014.68,79.8,188,112.58,23.23,0.180732,0.609964,0.399309,0.409952,0.103646,0.62629,0.115,0.13,
0.33,4.5,8,70,70,70,228,228,5385.87,79.8,218.3,121.92,22.78,0.194949,0.831368,0.403105,0.399508,0.108153,0.62962,0.1161,0.13,
0.33,4.5,9,70,70,70,213,213,5800.41,79.8,202.4,116.3,23.55,0.220585,0.616338,0.4007,0.419149,0.090636,0.62879,0.1169,0.13,
0.33,5,0,70,70,70,216,216,5915.65,79.8,206.7,116.34,24.99,0.152538,0.681909,0.388187,0.39239,0.12131,0.61503,0.1101,0.13,
0.33,5,1,70,70,70,235,235,5453.07,79.8,225.1,119.45,23.31,0.157655,0.624741,0.373378,0.376019,0.106833,0.6046,0.1117,0.13,
0.33,5,2,70,70,70,248,248,5373.71,79.8,238.6,121.42,22.99,0.17093,0.708902,0.406497,0.39201,0.122981,0.63028,0.1151,0.13,
0.33,5,3,70,70,70,236,236,5469.73,79.8,228.8,118.79,23.03,0.149323,0.724622,0.393541,0.389377,0.123904,0.61979,0.1137,0.13,
0.33,5,4,70,70,70,224,224,6255.13,79.8,212.8,123.28,24.47,0.160205,0.768128,0.396826,0.384101,0.109039,0.6241,0.1142,0.13,
0.33,5,5,70,70,70,297,297,5378.63,79.8,286.1,124.37,22.87,0.178688,0.746784,0.39298,0.372928,0.116046,0.62028,0.1143,0.13,
0.33,5,6,70,70,70,299,299,5854.1,79.8,286.8,127.53,23.8,0.181586,0.667881,0.379072,0.390209,0.111989,0.60877,0.1104,0.13,
0.33,5,7,70,70,70,222,222,6014.68,79.8,212.7,118.67,23.58,0.181078,0.680408,0.392953,0.402179,0.112319,0.62029,0.1137,0.13,
0.33,5,8,70,70,70,245,245,5385.87,79.8,234,129.89,22.81,0.189085,0.84821,0.40643,0.394855,0.108717,0.63233,0.1166,0.13,
0.33,5,9,70,70,70,271,271,5800.41,79.8,260.3,124.12,24.02,0.195633,0.665034,0.39177,0.39093,0.091002,0.62155,0.1152,0.13,
0.33,5.5,0,70,70,70,219,219,5915.65,79.8,209.5,119.96,25.1,0.147423,0.688681,0.396483,0.398879,0.126791,0.62107,0.1108,0.13,
0.33,5.5,1,70,70,70,240,240,5453.07,79.8,230.1,123.92,23.38,0.162023,0.634992,0.3635,0.370779,0.110287,0.59603,0.1106,0.13,
0.33,5.5,2,70,70,70,253,253,5373.71,79.8,243.8,126.39,23.07,0.176552,0.741159,0.407005,0.39689,0.125994,0.63023,0.1146,0.13,
0.33,5.5,3,70,70,70,239,239,5469.73,79.8,231.1,126.23,23.17,0.165829,0.731572,0.392992,0.372772,0.121427,0.61966,0.1137,0.13,
0.33,5.5,4,70,70,70,228,228,6255.13,79.8,216.2,129,24.46,0.209153,0.766715,0.395665,0.378346,0.107854,0.62344,0.1143,0.13,
0.33,5.5,5,70,70,70,305,305,5378.63,79.8,294.5,129.34,22.84,0.173272,0.716701,0.390024,0.372969,0.123093,0.61702,0.1132,0.13,
0.33,5.5,6,70,70,70,303,303,5854.1,79.8,290.9,130.69,23.7,0.195781,0.674684,0.380524,0.382972,0.112083,0.61004,0.1106,0.13,
0.33,5.5,7,70,70,70,225,225,6014.68,79.8,215.1,122.66,23.43,0.181877,0.676873,0.396352,0.395173,0.114204,0.62276,0.1141,0.13,
0.33,5.5,8,70,70,70,249,249,5385.87,79.8,237.7,132.25,22.99,0.191831,0.790203,0.404532,0.389059,0.109957,0.63051,0.1163,0.13,
0.33,5.5,9,70,70,70,274,274,5800.41,79.8,264,128.97,24.04,0.130875,0.591166,0.384572,0.391192,0.099233,0.61438,0.1139,0.13,
0.33,6,0,70,70,70,234,234,5915.65,79.8,220.1,125.83,25.41,0.160598,0.727559,0.401093,0.401465,0.132029,0.62435,0.1113,0.13,
0.33,6,1,70,70,70,240,240,5453.07,79.8,230.1,129.87,23.59,0.142217,0.644864,0.352077,0.35454,0.110272,0.58614,0.1085,0.13,
0.33,6,2,70,70,70,260,260,5373.71,79.8,250.1,132.37,23.07,0.181169,0.766467,0.398924,0.383601,0.117653,0.62482,0.1141,0.13,
0.33,6,3,70,70,70,304,304,5469.73,79.8,291.9,134.42,23.56,0.164729,0.737945,0.399881,0.38632,0.120962,0.62534,0.1145,0.13,
0.33,6,4,70,70,70,270,270,6255.13,79.8,260.1,135.07,24.88,0.136673,0.761792,0.387402,0.368628,0.122065,0.61479,0.1125,0.13,
0.33,6,5,70,70,70,312,312,5378.63,79.8,301.2,134.68,23.12,0.181322,0.701846,0.391967,0.381161,0.119587,0.61895,0.1138,0.13,
0.33,6,6,70,70,70,308,308,5854.1,79.8,295.1,137,24.01,0.181037,0.681773,0.381776,0.378764,0.114529,0.61091,0.111,0.13,
0.33,6,7,70,70,70,247,247,6014.68,79.8,235,127.39,23.75,0.180512,0.670508,0.402862,0.389923,0.123071,0.62734,0.1147,0.13,
0.33,6,8,70,70,70,268,268,5385.87,79.8,258.2,137.19,23.07,0.168074,0.777685,0.397384,0.380411,0.112877,0.62434,0.1154,0.13,
0.33,6,9,70,70,70,286,286,5800.41,79.8,275.1,130.83,24.14,0.131611,0.620665,0.380095,0.385486,0.105327,0.61001,0.1134,0.13,
0.33,6.5,0,70,70,70,235,235,5915.65,79.8,221.5,132.37,25.38,0.14952,0.753176,0.392641,0.386414,0.135064,0.61714,0.1101,0.13,
0.33,6.5,1,70,70,70,250,250,5453.07,79.8,237.5,132.15,23.68,0.144396,0.633001,0.351184,0.354221,0.111219,0.5851,0.1081,0.13,
0.33,6.5,2,70,70,70,279,279,5373.71,79.8,265.2,139.18,23.58,0.166451,0.760536,0.387164,0.372938,0.120082,0.61485,0.1122,0.13,
0.33,6.5,3,70,70,70,308,308,5469.73,79.8,295.7,138.79,23.5,0.169679,0.721011,0.392169,0.371769,0.127233,0.61833,0.1131,0.13,
0.33,6.5,4,70,70,70,270,270,6255.13,79.8,260.9,142.86,25.09,0.139454,0.813324,0.372787,0.349949,0.125863,0.6023,0.1102,0.13,
0.33,6.5,5,70,70,70,316,316,5378.63,79.8,305.9,140.04,23.15,0.181086,0.785668,0.380286,0.374269,0.124268,0.60867,0.112,0.13,
0.33,6.5,6,70,70,70,312,312,5854.1,79.8,299.3,143.72,24.24,0.154917,0.672712,0.370498,0.369522,0.111401,0.60164,0.1091,0.13,
0.33,6.5,7,70,70,70,273,273,6014.68,79.8,260.1,135.88,24.07,0.173825,0.694339,0.387574,0.370139,0.118689,0.61535,0.113,0.13,
0.33,6.5,8,70,70,70,276,276,5385.87,79.8,266.9,147.42,23.66,0.200202,0.731745,0.368873,0.368804,0.097226,0.60232,0.1115,0.13,
0.33,6.5,9,70,70,70,286,286,5800.41,79.8,275.1,136.62,24.49,0.124564,0.64781,0.367697,0.364439,0.108116,0.5994,0.1115,0.13,
0.33,7,0,70,70,70,239,239,5915.65,79.8,225.1,139.69,25.81,0.142495,0.709384,0.374763,0.379854,0.131112,0.6026,0.1075,0.13,
0.33,7,1,70,70,70,256,256,5453.07,79.8,243.7,137.55,23.93,0.138918,0.647832,0.347396,0.341815,0.11083,0.58195,0.1075,0.1299,
0.33,7,2,70,70,70,279,279,5373.71,79.8,265.9,145.14,23.79,0.160301,0.669774,0.370549,0.366607,0.112261,0.60173,0.11,0.13,
0.33,7,3,70,70,70,311,311,5469.73,79.8,298.8,147.5,24.01,0.172415,0.718214,0.372858,0.34763,0.128164,0.6023,0.1101,0.13,
0.33,7,4,70,70,70,276,276,6255.13,79.8,266.2,147.75,25.29,0.135542,0.807694,0.368314,0.350942,0.128818,0.59808,0.109,0.13,
0.33,7,5,70,70,70,321,321,5378.63,79.9,310.5,145.89,23.59,0.157054,0.787769,0.37376,0.381621,0.127125,0.60274,0.1107,0.13,
0.33,7,6,70,70,70,316,316,5854.1,79.8,303.3,148.19,24.46,0.175158,0.668416,0.374592,0.377117,0.111251,0.6052,0.1101,0.13,
0.33,7,7,70,70,70,275,275,6014.68,79.8,262.2,140.33,24.4,0.149466,0.715037,0.381791,0.366194,0.125257,0.60966,0.1118,0.13,
0.33,7,8,70,70,70,280,280,5385.87,79.8,270.8,153.27,23.91,0.220378,0.686753,0.357702,0.355223,0.090651,0.59365,0.1099,0.13,
0.33,7,9,70,70,70,286,286,5800.41,79.8,275.6,142.13,24.35,0.108625,0.672728,0.363929,0.349857,0.113694,0.59557,0.1109,0.13,
0.34,3,0,70,70,70,182,182,5915.65,79.8,170.3,99.74,24.54,0.192912,0.652427,0.408022,0.412032,0.107626,0.63312,0.1141,0.13,
0.34,3,1,70,70,70,188,188,5453.07,79.8,175.1,102.85,22.66,0.186014,0.609796,0.389838,0.403869,0.088812,0.62007,0.1151,0.13,
0.34,3,2,70,70,70,200,200,5373.71,79.8,190.1,100.56,21.98,0.142723,0.674562,0.405391,0.405967,0.113109,0.63012,0.1152,0.13,
0.34,3,3,70,70,70,193,193,5469.73,79.8,180.1,101.11,22.29,0.193459,0.668143,0.427596,0.425047,0.101045,0.64921,0.1194,0.13,
0.34,3,4,70,70,70,174,174,6255.13,79.8,160.1,102.37,23.83,0.171259,0.665779,0.432278,0.438381,0.104699,0.65239,0.1185,0.13,
0.34,3,5,70,70,70,256,256,5378.63,79.8,245.1,103.45,22,0.227314,0.809226,0.423486,0.429341,0.100649,0.64628,0.1189,0.13,
0.34,3,6,70,70,70,191,191,5854.1,79.8,178.9,101.33,22.75,0.185021,0.633147,0.414542,0.422711,0.106938,0.63812,0.117,0.13,
0.34,3,7,70,70,70,167,167,6014.68,79.8,154.8,98.58,22.73,0.185316,0.602344,0.417367,0.417675,0.096183,0.64138,0.1172,0.13,
0.34,3,8,70,70,70,205,205,5385.87,79.8,195.6,106.79,22.11,0.231309,0.7805,0.41609,0.416463,0.104188,0.64018,0.1178,0.13,
0.34,3,9,70,70,70,194,194,5800.41,79.8,184.9,104.62,24.13,0.205804,0.653074,0.411814,0.418727,0.091627,0.63758,0.1189,0.13,
0.34,3.5,0,70,70,70,187,187,5915.65,79.8,176,105.77,25.27,0.196312,0.660123,0.402156,0.400105,0.10611,0.62839,0.113,0.13,
0.34,3.5,1,70,70,70,191,191,5453.07,79.8,178.1,108.56,23.34,0.179486,0.635164,0.399023,0.403958,0.095845,0.62688,0.1166,0.13,
0.34,3.5,2,70,70,70,205,205,5373.71,79.8,195.1,105.23,22.73,0.149576,0.688358,0.414288,0.417036,0.116104,0.63696,0.1163,0.13,
0.34,3.5,3,70,70,70,223,223,5469.73,79.8,210.2,105.98,22.95,0.184616,0.674412,0.424715,0.431274,0.112875,0.64571,0.1184,0.13,
0.34,3.5,4,70,70,70,188,188,6255.13,79.8,178.7,109.04,24.57,0.115791,0.670551,0.42262,0.421018,0.106928,0.64437,0.1174,0.13,
0.34,3.5,5,70,70,70,256,256,5378.63,79.8,245.1,109.81,22.84,0.23112,0.782113,0.418443,0.417608,0.100579,0.64227,0.1181,0.13,
0.34,3.5,6,70,70,70,221,221,5854.1,79.8,210.1,108.51,24.1,0.189519,0.634632,0.413597,0.425505,0.103497,0.63774,0.1167,0.13,
0.34,3.5,7,70,70,70,198,198,6014.68,79.8,185.1,103.84,24.21,0.189193,0.655047,0.423808,0.420829,0.107758,0.64551,0.1179,0.13,
0.34,3.5,8,70,70,70,212,212,5385.87,79.8,205.1,112.31,24.1,0.186495,0.804065,0.416627,0.40282,0.108317,0.64029,0.1178,0.13,
0.34,3.5,9,70,70,70,195,195,5800.41,79.8,185.1,109.89,23.51,0.209865,0.650802,0.409518,0.429145,0.093068,0.63556,0.1184,0.13,
0.34,4,0,70,70,70,203,203,5915.65,79.8,193.3,109.45,24.62,0.187767,0.669726,0.406978,0.406297,0.12417,0.63019,0.113,0.13,
0.34,4,1,70,70,70,235,235,5453.07,79.8,225.1,114.72,23.18,0.154103,0.635052,0.400704,0.421428,0.100935,0.62759,0.1161,0.13,
0.34,4,2,70,70,70,210,210,5373.71,79.8,200.7,112.19,22.63,0.155327,0.687162,0.421217,0.43151,0.119946,0.64194,0.1172,0.13,
0.34,4,3,70,70,70,226,226,5469.73,79.8,213.7,110.05,22.55,0.169537,0.697683,0.422112,0.420172,0.11192,0.64383,0.1182,0.13,
0.34,4,4,70,70,70,221,221,6255.13,79.8,208.7,115.5,24.09,0.117682,0.678253,0.427449,0.420711,0.105987,0.64832,0.1182,0.13,
0.34,4,5,70,70,70,261,261,5378.63,79.8,250.1,113.54,22.4,0.20889,0.823289,0.419028,0.417094,0.110826,0.64176,0.1178,0.13,
0.34,4,6,70,70,70,226,226,5854.1,79.8,215.1,115.21,23.14,0.194098,0.659334,0.415965,0.413496,0.108436,0.6393,0.1163,0.13,
0.34,4,7,70,70,70,209,209,6014.68,79.8,196.3,108.69,23.17,0.191342,0.695781,0.421784,0.415871,0.110678,0.64376,0.1178,0.13,
0.34,4,8,70,70,70,219,219,5385.87,79.8,210.1,117.95,22.73,0.197167,0.826101,0.421325,0.414786,0.107749,0.6441,0.1186,0.13,
0.34,4,9,70,70,70,210,210,5800.41,79.8,199.3,114.14,23.77,0.211808,0.664813,0.41388,0.422246,0.093066,0.63912,0.1189,0.13,
0.34,4.5,0,70,70,70,206,206,5915.65,79.8,197,113.93,24.89,0.184097,0.675697,0.401996,0.406031,0.119033,0.6267,0.1122,0.13,
0.34,4.5,1,70,70,70,235,235,5453.07,79.8,225.1,117.37,23.06,0.161625,0.632617,0.395053,0.398686,0.099509,0.6233,0.115,0.13,
0.34,4.5,2,70,70,70,246,246,5373.71,79.8,236.4,118.95,22.86,0.167164,0.702976,0.41669,0.413299,0.117202,0.63893,0.1167,0.13,
0.34,4.5,3,70,70,70,234,234,5469.73,79.8,226.7,114.74,22.82,0.157194,0.706168,0.410472,0.406937,0.112557,0.63459,0.1166,0.13,
0.34,4.5,4,70,70,70,223,223,6255.13,79.8,210.1,120.96,24.26,0.1583,0.715432,0.422744,0.412698,0.108882,0.64459,0.1174,0.13,
0.34,4.5,5,70,70,70,294,294,5378.63,79.8,283.1,119.8,22.5,0.176904,0.857098,0.414068,0.408968,0.121397,0.63676,0.1167,0.13,
0.34,4.5,6,70,70,70,251,251,5854.1,79.8,238.8,124.17,23.65,0.192436,0.64232,0.40222,0.411092,0.109417,0.62802,0.114,0.13,
0.34,4.5,7,70,70,70,221,221,6014.68,79.8,208.3,117.64,23.47,0.190828,0.666646,0.406687,0.40668,0.105422,0.63219,0.1159,0.13,
0.34,4.5,8,70,70,70,229,229,5385.87,79.8,219.2,125.91,22.8,0.198762,0.845652,0.414179,0.399454,0.110125,0.63836,0.1177,0.13,
0.34,4.5,9,70,70,70,241,241,5800.41,79.8,230.1,119.99,22.91,0.203946,0.650564,0.405166,0.414568,0.094703,0.632,0.1171,0.13,
0.34,5,0,70,70,70,217,217,5915.65,79.8,207.7,117.66,23.41,0.158079,0.68538,0.403378,0.407816,0.125065,0.62705,0.1121,0.13,
0.34,5,1,70,70,70,240,240,5453.07,79.8,230.1,122.78,22.46,0.167159,0.635436,0.380037,0.38686,0.109992,0.60982,0.1126,0.13,
0.34,5,2,70,70,70,249,249,5373.71,79.8,239.1,127.78,21.9,0.18112,0.746044,0.414405,0.399912,0.122546,0.63661,0.116,0.13,
0.34,5,3,70,70,70,237,237,5469.73,79.8,229.2,122.94,21.7,0.155117,0.745748,0.404445,0.380652,0.12562,0.62851,0.1152,0.13,
0.34,5,4,70,70,70,225,225,6255.13,79.8,213.2,127.92,22.31,0.164064,0.789611,0.402624,0.387015,0.114346,0.62814,0.1149,0.13,
0.34,5,5,70,70,70,298,298,5378.63,79.8,287.1,130.4,21.27,0.185918,0.7955,0.398199,0.388981,0.123867,0.6238,0.1143,0.13,
0.34,5,6,70,70,70,300,300,5854.1,79.8,287.7,129.24,21.52,0.194393,0.628981,0.391001,0.385725,0.115151,0.6183,0.1119,0.13,
0.34,5,7,70,70,70,225,225,6014.68,79.8,215.1,121.79,21.29,0.191028,0.691604,0.401183,0.398715,0.111622,0.62716,0.115,0.13,
0.34,5,8,70,70,70,246,246,5385.87,79.8,234.5,131.28,21.18,0.202406,0.865005,0.417332,0.393858,0.111005,0.64085,0.1181,0.13,
0.34,5,9,70,70,70,272,272,5800.41,79.8,261.5,127.88,16.83,0.161063,0.589155,0.398752,0.404626,0.093511,0.62679,0.1161,0.13,
0.34,5.5,0,70,70,70,220,220,5915.65,79.8,210.3,122.34,17.61,0.154186,0.693778,0.407967,0.409737,0.130208,0.63013,0.1121,0.13,
0.34,5.5,1,70,70,70,240,240,5453.07,79.8,230.1,129.13,16.48,0.177141,0.631278,0.364519,0.353885,0.112103,0.59667,0.1104,0.13,
0.34,5.5,2,70,70,70,257,257,5373.71,79.8,247.6,131.09,16.49,0.187076,0.785037,0.420292,0.414072,0.119213,0.64173,0.1171,0.13,
0.34,5.5,3,70,70,70,301,301,5469.73,79.8,288.6,132.49,16.68,0.171439,0.754834,0.405074,0.380643,0.128205,0.62885,0.1149,0.13,
0.34,5.5,4,70,70,70,228,228,6255.13,79.8,216.9,132.89,17.57,0.218009,0.800388,0.403022,0.394163,0.105563,0.62967,0.1153,0.13,
0.34,5.5,5,70,70,70,306,306,5378.63,79.8,295.7,134.19,16.61,0.18742,0.750282,0.398115,0.38236,0.127734,0.62332,0.114,0.13,
0.34,5.5,6,70,70,70,304,304,5854.1,79.8,291.7,133.87,17.2,0.203688,0.638569,0.38927,0.373295,0.115098,0.61708,0.1116,0.13,
0.34,5.5,7,70,70,70,225,225,6014.68,79.8,215.1,125.56,17,0.191674,0.702978,0.40365,0.391951,0.119448,0.62821,0.1147,0.13,
0.34,5.5,8,70,70,70,257,257,5385.87,79.8,245.7,137.5,16.56,0.199635,0.829171,0.410314,0.389039,0.113808,0.63492,0.1168,0.13,
0.34,5.5,9,70,70,70,286,286,5800.41,79.8,275.1,132.17,16.05,0.136783,0.623038,0.387589,0.392878,0.100099,0.61688,0.1146,0.13,
0.34,6,0,70,70,70,236,236,5915.65,79.8,222.1,128.97,16.62,0.166834,0.770975,0.411282,0.416724,0.131539,0.63274,0.1125,0.13,
0.34,6,1,70,70,70,245,245,5453.07,79.8,235.1,133.09,15.65,0.15185,0.651234,0.361808,0.353219,0.107703,0.59489,0.11,0.13,
0.34,6,2,70,70,70,260,260,5373.71,79.8,250.7,138.46,15.19,0.191932,0.809142,0.40416,0.398495,0.127059,0.62806,0.1146,0.13,
0.34,6,3,70,70,70,305,305,5469.73,79.8,292.7,138.38,15.33,0.171539,0.755685,0.404827,0.380699,0.127602,0.62877,0.1152,0.13,
0.34,6,4,70,70,70,273,273,6255.13,79.8,264,139.12,16.17,0.144589,0.800042,0.395408,0.37863,0.118131,0.62191,0.1139,0.13,
0.34,6,5,70,70,70,313,313,5378.63,79.8,302.5,139.8,15,0.194326,0.740702,0.395278,0.381375,0.125379,0.62113,0.1136,0.13,
0.34,6,6,70,70,70,308,308,5854.1,79.8,296,144.28,15.46,0.178723,0.644925,0.390386,0.384306,0.113304,0.61809,0.1115,0.13,
0.34,6,7,70,70,70,273,273,6014.68,79.8,260.1,133.3,15.22,0.186123,0.70855,0.398254,0.387752,0.124075,0.62345,0.1141,0.13,
0.34,6,8,70,70,70,268,268,5385.87,79.8,258.9,144.87,14.91,0.181324,0.823796,0.393408,0.386662,0.106188,0.62179,0.1145,0.13,
0.34,6,9,70,70,70,286,286,5800.41,79.8,275.1,136.76,15.14,0.137431,0.654363,0.381886,0.392068,0.103253,0.61182,0.1138,0.13,
0.34,6.5,0,70,70,70,336,336,5915.65,79.8,325.8,137.14,15.98,0.153606,0.748606,0.397443,0.391444,0.131592,0.62162,0.1107,0.13,
0.34,6.5,1,70,70,70,252,252,5453.07,79.8,239.4,136.05,14.87,0.149719,0.633186,0.347579,0.342834,0.108045,0.58256,0.1076,0.13,
0.34,6.5,2,70,70,70,296,296,5373.71,79.8,286.5,143.38,14.76,0.174045,0.796692,0.397859,0.380057,0.123974,0.62328,0.1135,0.13,
0.34,6.5,3,70,70,70,309,309,5469.73,79.8,296.4,141.74,14.82,0.177122,0.760932,0.388767,0.359405,0.127491,0.61573,0.1127,0.13,
0.34,6.5,4,70,70,70,275,275,6255.13,79.8,265.1,147.15,15.72,0.144702,0.749538,0.383145,0.371299,0.118427,0.61173,0.1116,0.13,
0.34,6.5,5,70,70,70,317,317,5378.63,79.8,306.9,148.27,14.78,0.185367,0.788648,0.388112,0.371535,0.131453,0.61429,0.1123,0.13,
0.34,6.5,6,70,70,70,328,328,5854.1,79.8,315.1,149.35,15.26,0.165131,0.642619,0.377777,0.381552,0.112224,0.60775,0.1102,0.13,
0.34,6.5,7,70,70,70,306,306,6014.68,79.8,293.1,141.23,15.13,0.162037,0.73386,0.39441,0.388214,0.12301,0.62055,0.1141,0.13,
0.34,6.5,8,70,70,70,298,298,5385.87,79.8,287.9,152.63,14.67,0.208374,0.771359,0.375393,0.368898,0.099828,0.60768,0.112,0.13,
0.34,6.5,9,70,70,70,287,287,5800.41,79.8,276.2,141.99,15.17,0.129457,0.683203,0.375836,0.367166,0.108352,0.6063,0.1127,0.13,
0.34,7,0,70,70,70,346,346,5915.65,79.8,335.8,145.21,16.21,0.148024,0.716075,0.386547,0.397521,0.129517,0.61269,0.109,0.13,
0.34,7,1,70,70,70,257,257,5453.07,79.8,244.6,142.27,15.03,0.138532,0.646181,0.355056,0.347938,0.11844,0.58758,0.1086,0.13,
0.34,7,2,70,70,70,299,299,5373.71,79.8,289.6,149.1,14.87,0.167795,0.703186,0.383191,0.386782,0.112799,0.61224,0.1117,0.13,
0.34,7,3,70,70,70,333,333,5469.73,79.8,320.1,152.35,14.96,0.181397,0.747803,0.369019,0.352071,0.124127,0.59949,0.1097,0.13,
0.34,7,4,70,70,70,277,277,6255.13,79.8,267.3,151.8,15.85,0.145978,0.786898,0.376412,0.361712,0.126639,0.6052,0.1103,0.13,
0.34,7,5,70,70,70,322,322,5378.63,80.3,311.4,152.45,14.89,0.177535,0.807011,0.384568,0.376344,0.132151,0.61115,0.1116,0.13,
0.34,7,6,70,70,70,328,328,5854.1,79.8,315.1,152.74,15.3,0.18333,0.666996,0.376887,0.383075,0.109084,0.60738,0.1101,0.13,
0.34,7,7,70,70,70,308,308,6014.68,79.8,295.4,144.53,15.32,0.152778,0.755821,0.387675,0.380096,0.126766,0.61447,0.1128,0.13,
0.34,7,8,70,70,70,371,371,5385.87,79.8,360.7,159.46,14.85,0.158456,0.700997,0.363412,0.357019,0.09036,0.59833,0.1103,0.13,
0.34,7,9,70,70,70,291,291,5800.41,79.8,280.1,144.86,15.29,0.110529,0.690868,0.373052,0.365616,0.114269,0.6033,0.1122,0.13,
0.35,3,0,70,70,70,186,186,5915.65,79.8,175,102.05,15.39,0.200217,0.654092,0.415452,0.426649,0.100775,0.63962,0.1154,0.13,
0.35,3,1,70,70,70,188,188,5453.07,79.8,175.5,106.16,14.28,0.194065,0.628558,0.400712,0.415059,0.095324,0.62826,0.1164,0.13,
0.35,3,2,70,70,70,202,202,5373.71,79.8,192.8,101.94,14.05,0.149259,0.692439,0.418463,0.422585,0.112353,0.64067,0.1171,0.13,
0.35,3,3,70,70,70,207,207,5469.73,79.8,194.6,103.62,14.24,0.201875,0.664945,0.433402,0.430498,0.100713,0.65376,0.12,0.13,
0.35,3,4,70,70,70,185,185,6255.13,79.8,175.2,106.9,15.12,0.130329,0.699286,0.437247,0.437375,0.103559,0.6562,0.1195,0.13,
0.35,3,5,70,70,70,256,256,5378.63,79.8,245.1,106.09,14.12,0.235102,0.746508,0.43156,0.440489,0.095958,0.65287,0.1198,0.13,
0.35,3,6,70,70,70,204,204,5854.1,79.8,194.5,105.36,14.58,0.192458,0.638891,0.422411,0.427006,0.106529,0.64439,0.1179,0.13,
0.35,3,7,70,70,70,191,191,6014.68,79.8,178.6,102.43,14.51,0.19351,0.629049,0.42052,0.406462,0.099195,0.64375,0.1175,0.13,
0.35,3,8,70,70,70,206,206,5385.87,79.8,196.5,108.48,13.91,0.241942,0.791853,0.4276,0.42118,0.10368,0.64932,0.1195,0.13,
0.35,3,9,70,70,70,195,195,5800.41,79.8,185.1,107.32,14.67,0.214759,0.640707,0.417141,0.423996,0.091535,0.64178,0.1195,0.13,
0.35,3.5,0,70,70,70,195,195,5915.65,79.8,185.9,108.66,15.55,0.205275,0.665519,0.40726,0.412208,0.112594,0.63191,0.1136,0.13,
0.35,3.5,1,70,70,70,191,191,5453.07,79.8,178.5,111.67,14.52,0.173285,0.625583,0.408218,0.422399,0.094848,0.63427,0.1175,0.13,
0.35,3.5,2,70,70,70,209,209,5373.71,79.8,199.6,108.42,14.27,0.157061,0.704006,0.426958,0.434869,0.117034,0.64691,0.1182,0.13,
0.35,3.5,3,70,70,70,224,224,5469.73,79.8,211.1,108.6,14.43,0.191311,0.6798,0.430359,0.422802,0.11162,0.65036,0.1192,0.13,
0.35,3.5,4,70,70,70,218,218,6255.13,79.8,205.1,113.79,15.43,0.120085,0.690946,0.430181,0.431946,0.104775,0.6505,0.1186,0.13,
0.35,3.5,5,70,70,70,260,260,5378.63,79.8,249.7,113.3,14.17,0.232796,0.811673,0.427725,0.426513,0.106273,0.64906,0.1189,0.13,
0.35,3.5,6,70,70,70,224,224,5854.1,79.8,213.5,114.09,14.75,0.197149,0.663669,0.424603,0.42084,0.105575,0.6463,0.1178,0.13,
0.35,3.5,7,70,70,70,198,198,6014.68,79.8,185.1,107.22,14.61,0.197378,0.658982,0.428927,0.423044,0.108022,0.64953,0.1185,0.13,
0.35,3.5,8,70,70,70,213,213,5385.87,79.8,206.8,114.43,13.99,0.193967,0.816616,0.421953,0.40236,0.107678,0.6446,0.1187,0.13,
0.35,3.5,9,70,70,70,206,206,5800.41,79.8,195.6,111.85,14.6,0.217065,0.649413,0.418033,0.426071,0.09119,0.64248,0.1197,0.13,
0.35,4,0,70,70,70,204,204,5915.65,79.8,194.1,112.43,15.72,0.190253,0.671828,0.410684,0.414448,0.120164,0.63368,0.1135,0.13,
0.35,4,1,70,70,70,235,235,5453.07,79.8,225.1,116.87,14.67,0.160255,0.63118,0.406407,0.421776,0.099246,0.63236,0.1168,0.13,
0.35,4,2,70,70,70,221,221,5373.71,79.8,210.1,116.72,14.33,0.163295,0.717371,0.426622,0.424459,0.118737,0.64651,0.118,0.13,
0.35,4,3,70,70,70,227,227,5469.73,79.8,214.6,111.99,14.47,0.173531,0.700259,0.431254,0.425769,0.110916,0.65113,0.1195,0.13,
0.35,4,4,70,70,70,223,223,6255.13,79.8,210.1,118.4,15.46,0.122493,0.712692,0.432233,0.428921,0.105829,0.65213,0.1187,0.13,
0.35,4,5,70,70,70,261,261,5378.63,79.8,250.1,120.31,14.34,0.222409,0.759557,0.419465,0.412537,0.110505,0.64219,0.1178,0.13,
0.35,4,6,70,70,70,244,244,5854.1,79.8,231.3,120.23,14.89,0.201762,0.689783,0.422924,0.42681,0.108571,0.64478,0.117,0.13,
0.35,4,7,70,70,70,221,221,6014.68,79.8,208.8,112.72,14.75,0.201368,0.710238,0.42085,0.405244,0.10772,0.64342,0.1178,0.13,
0.35,4,8,70,70,70,220,220,5385.87,79.8,210.5,121.76,14.28,0.26158,0.818722,0.428758,0.416053,0.105723,0.65025,0.1197,0.13,
0.35,4,9,70,70,70,210,210,5800.41,79.8,200,118.04,14.75,0.218694,0.627797,0.418544,0.430813,0.085442,0.64341,0.1197,0.13,
0.35,4.5,0,70,70,70,207,207,5915.65,79.8,197.6,116.15,15.63,0.189863,0.684936,0.41236,0.406787,0.12475,0.63454,0.1134,0.13,
0.35,4.5,1,70,70,70,235,235,5453.07,79.8,225.6,119.4,14.69,0.169918,0.635443,0.406794,0.411337,0.100754,0.63264,0.1166,0.13,
0.35,4.5,2,70,70,70,246,246,5373.71,79.8,236.9,125.83,14.47,0.176248,0.74332,0.420332,0.414075,0.116574,0.642,0.1169,0.13,
0.35,4.5,3,70,70,70,235,235,5469.73,79.8,227.2,118.7,14.47,0.162344,0.666326,0.415106,0.408788,0.113484,0.63821,0.1171,0.13,
0.35,4.5,4,70,70,70,223,223,6255.13,79.8,210.1,126.16,15.56,0.164988,0.753676,0.424565,0.421881,0.106225,0.64635,0.1176,0.13,
0.35,4.5,5,70,70,70,294,294,5378.63,79.8,283.9,127.79,14.45,0.164755,0.802117,0.412232,0.402143,0.119805,0.63547,0.1156,0.13,
0.35,4.5,6,70,70,70,252,252,5854.1,79.8,240,127.38,14.97,0.201257,0.676837,0.407901,0.399841,0.117155,0.63186,0.1144,0.13,
0.35,4.5,7,70,70,70,225,225,6014.68,79.8,215.1,120.58,14.88,0.201375,0.684324,0.414163,0.407372,0.1077,0.63795,0.1168,0.13,
0.35,4.5,8,70,70,70,243,243,5385.87,79.8,231.2,130.41,14.28,0.205976,0.779461,0.42196,0.412007,0.103194,0.64508,0.1188,0.13,
0.35,4.5,9,70,70,70,241,241,5800.41,79.8,230.1,125.6,15.09,0.211807,0.678049,0.411965,0.421485,0.096702,0.63724,0.1181,0.13,
0.35,5,0,70,70,70,218,218,5915.65,79.8,208.3,120.83,15.87,0.164415,0.695633,0.409987,0.418683,0.128456,0.63214,0.1126,0.13,
0.35,5,1,70,70,70,240,240,5453.07,79.8,230.1,126.38,14.91,0.176909,0.642475,0.377912,0.391878,0.109525,0.60808,0.1124,0.13,
0.35,5,2,70,70,70,251,251,5373.71,79.8,240.1,131.82,14.68,0.191791,0.788876,0.415012,0.412272,0.119227,0.63757,0.1163,0.13,
0.35,5,3,70,70,70,237,237,5469.73,79.8,229.5,128.91,14.86,0.151848,0.690329,0.401829,0.382487,0.121241,0.62694,0.115,0.13,
0.35,5,4,70,70,70,225,225,6255.13,79.8,213.7,132.66,15.82,0.143048,0.78506,0.410591,0.402922,0.110614,0.63482,0.116,0.13,
0.35,5,5,70,70,70,301,301,5378.63,79.8,290.1,136.69,14.78,0.193517,0.84545,0.407541,0.395462,0.130931,0.63068,0.1152,0.13,
0.35,5,6,70,70,70,301,301,5854.1,79.8,288.3,131.7,15.27,0.1831,0.664133,0.398325,0.395372,0.122454,0.62351,0.1127,0.13,
0.35,5,7,70,70,70,232,232,6014.68,79.8,219.1,125.7,15.09,0.201411,0.68851,0.411069,0.406615,0.110725,0.6352,0.1163,0.13,
0.35,5,8,70,70,70,246,246,5385.87,79.8,235.1,136.1,14.62,0.210304,0.874459,0.425445,0.40964,0.114761,0.6469,0.1188,0.13,
0.35,5,9,70,70,70,286,286,5800.41,79.8,275.1,131.4,15.31,0.166485,0.627477,0.401172,0.40594,0.095773,0.62865,0.1167,0.13,
0.35,5.5,0,70,70,70,221,221,5915.65,79.8,211.4,125.61,15.93,0.160008,0.705119,0.416565,0.418796,0.130877,0.63697,0.1132,0.13,
0.35,5.5,1,70,70,70,245,245,5453.07,79.8,235.1,133.42,14.96,0.170648,0.63152,0.367274,0.361595,0.108374,0.59945,0.1113,0.13,
0.35,5.5,2,70,70,70,258,258,5373.71,79.8,248.4,136.23,14.88,0.198098,0.815328,0.424473,0.416048,0.125605,0.64449,0.1173,0.13,
0.35,5.5,3,70,70,70,302,302,5469.73,79.8,289.3,136.33,15.06,0.177214,0.77241,0.409135,0.381981,0.129073,0.63207,0.1151,0.13,
0.35,5.5,4,70,70,70,229,229,6255.13,82.3,217.6,139.28,15.87,0.143981,0.748952,0.408005,0.396857,0.108544,0.63308,0.1158,0.13,
0.35,5.5,5,70,70,70,307,307,5378.63,79.8,296.6,139.63,14.95,0.203658,0.788916,0.409579,0.398276,0.130336,0.63242,0.1153,0.13,
0.35,5.5,6,70,70,70,305,305,5854.1,79.8,292.5,136.93,15.22,0.179334,0.703341,0.402471,0.3842,0.121103,0.6272,0.1131,0.13,
0.35,5.5,7,70,70,70,303,303,6014.68,79.8,290.1,133.01,15.24,0.201915,0.640676,0.404948,0.378521,0.117434,0.62965,0.1152,0.13,
0.35,5.5,8,70,70,70,258,258,5385.87,79.8,246.3,141.31,14.79,0.195498,0.867762,0.413607,0.405089,0.109844,0.63768,0.1175,0.13,
0.35,5.5,9,70,70,70,286,286,5800.41,79.8,275.1,135.41,15.35,0.1425,0.65584,0.392242,0.399515,0.096533,0.62112,0.1153,0.13,
0.35,6,0,70,70,70,239,239,5915.65,79.8,225.1,131.54,16.13,0.171695,0.815885,0.414378,0.391653,0.134845,0.63509,0.1129,0.13,
0.35,6,1,70,70,70,245,245,5453.07,79.8,235.1,136.28,15.18,0.157343,0.64486,0.368189,0.360642,0.111732,0.59987,0.1111,0.13,
0.35,6,2,70,70,70,283,283,5373.71,79.8,273.2,142.48,15.03,0.203239,0.83314,0.413731,0.407657,0.12825,0.63575,0.1158,0.13,
0.35,6,3,70,70,70,306,306,5469.73,79.8,293.4,143.33,15.16,0.179362,0.780604,0.402621,0.374119,0.129744,0.6268,0.1143,0.13,
0.35,6,4,70,70,70,275,275,6255.13,79.8,265.1,144.17,16.07,0.149668,0.772985,0.40269,0.388592,0.117896,0.62776,0.1146,0.13,
0.35,6,5,70,70,70,314,314,5378.63,79.8,303.5,144.54,14.9,0.200763,0.777726,0.395758,0.378747,0.132818,0.62077,0.1135,0.13,
0.35,6,6,70,70,70,309,309,5854.1,79.8,296.8,146.85,15.54,0.185188,0.681126,0.400423,0.393022,0.116988,0.62592,0.1128,0.13,
0.35,6,7,70,70,70,308,308,6014.68,79.8,295.1,139.74,15.46,0.19136,0.747837,0.399697,0.383677,0.12488,0.62477,0.1143,0.13,
0.35,6,8,70,70,70,295,295,5385.87,79.8,284.7,150.47,14.97,0.22169,0.869217,0.397848,0.381171,0.110481,0.6252,0.1148,0.13,
0.35,6,9,70,70,70,289,289,5800.41,79.8,278.4,140.34,15.43,0.133129,0.681821,0.385426,0.377326,0.103407,0.61488,0.1144,0.13,
0.35,6.5,0,70,70,70,341,341,5915.65,79.8,330.1,143.03,16.51,0.157697,0.78581,0.409683,0.410567,0.134703,0.63124,0.1121,0.13,
0.35,6.5,1,70,70,70,255,255,5453.07,79.8,242.1,138.43,15.21,0.153591,0.648687,0.360053,0.355672,0.11485,0.59257,0.1096,0.13,
0.35,6.5,2,70,70,70,298,298,5373.71,79.8,287.5,145.43,15.16,0.186724,0.784049,0.406487,0.401991,0.125137,0.63006,0.1146,0.13,
0.35,6.5,3,70,70,70,333,333,5469.73,79.8,320.1,148.59,15.36,0.186399,0.751145,0.39027,0.362568,0.126977,0.61698,0.1125,0.13,
0.35,6.5,4,70,70,70,275,275,6255.13,79.8,265.1,151.97,16.23,0.150827,0.815249,0.388897,0.382015,0.120315,0.61634,0.1124,0.13,
0.35,6.5,5,70,70,70,319,319,5378.63,79.8,308.1,151.69,15.01,0.19529,0.703384,0.397488,0.389162,0.12475,0.62268,0.1136,0.13,
0.35,6.5,6,70,70,70,328,328,5854.1,79.8,315.1,152.11,15.64,0.17965,0.673993,0.38918,0.381855,0.115155,0.61698,0.1117,0.13,
0.35,6.5,7,70,70,70,308,308,6014.68,79.8,295.1,148.01,15.55,0.165318,0.774612,0.389545,0.360541,0.124405,0.61634,0.1129,0.13,
0.35,6.5,8,70,70,70,299,299,5385.87,79.8,288.8,155.91,15.07,0.218194,0.820446,0.389129,0.38334,0.101845,0.61888,0.1137,0.13,
0.35,6.5,9,70,70,70,291,291,5800.41,79.8,280.1,144.6,15.58,0.11603,0.692866,0.389334,0.385667,0.11087,0.61716,0.1145,0.13,
0.35,7,0,70,70,70,347,347,5915.65,79.8,337,149.01,16.6,0.153035,0.744689,0.404872,0.407722,0.133482,0.62744,0.1114,0.13,
0.35,7,1,70,70,70,270,270,5453.07,79.8,260.1,148.42,15.35,0.140928,0.653433,0.361217,0.356824,0.117592,0.59313,0.1094,0.13,
0.35,7,2,70,70,70,328,328,5373.71,79.8,317.5,155.11,15.27,0.15173,0.734256,0.386843,0.379099,0.123632,0.61385,0.1117,0.13,
0.35,7,3,70,70,70,335,335,5469.73,79.8,323,157.02,15.42,0.187622,0.758761,0.377118,0.344994,0.129808,0.60577,0.1105,0.13,
0.35,7,4,70,70,70,280,280,6255.13,79.8,270.1,154.66,16.32,0.153104,0.828682,0.383605,0.365237,0.128332,0.61109,0.1112,0.13,
0.35,7,5,70,70,70,330,330,5378.63,80.8,319.6,159.72,15.33,0.184233,0.752495,0.388953,0.37213,0.134241,0.6145,0.1121,0.13,
0.35,7,6,70,70,70,328,328,5854.1,79.8,315.1,157.48,15.75,0.17808,0.691355,0.386929,0.395342,0.11561,0.61498,0.1114,0.13,
0.35,7,7,70,70,70,309,309,6014.68,79.8,296.6,153.21,15.62,0.155992,0.797943,0.387279,0.3685,0.135079,0.61313,0.1121,0.13,
0.35,7,8,70,70,70,374,374,5385.87,79.8,363.8,163.36,15.3,0.164543,0.687173,0.373231,0.365645,0.086289,0.60694,0.1121,0.13,
0.35,7,9,70,70,70,291,291,5800.41,79.8,280.1,150.85,15.63,0.114717,0.624905,0.38304,0.381753,0.11218,0.61183,0.1138,0.13,
0.36,3,0,70,70,70,187,187,5915.65,79.8,175.1,104.79,15.58,0.207563,0.675952,0.423856,0.427262,0.105698,0.64582,0.1161,0.13,
0.36,3,1,70,70,70,188,188,5453.07,79.8,175.8,108.57,14.5,0.200255,0.609155,0.41143,0.417472,0.096296,0.63677,0.1179,0.13,
0.36,3,2,70,70,70,205,205,5373.71,79.8,195.1,104.63,14.27,0.156066,0.72641,0.424737,0.427715,0.116415,0.64528,0.1178,0.13,
0.36,3,3,70,70,70,208,208,5469.73,79.8,195.3,106.42,14.48,0.210596,0.658687,0.435563,0.435584,0.106251,0.65497,0.12,0.13,
0.36,3,4,70,70,70,185,185,6255.13,79.8,175.5,109.51,15.56,0.134379,0.705762,0.440045,0.443841,0.101707,0.65847,0.12,0.13,
0.36,3,5,70,70,70,256,256,5378.63,79.8,245.1,109.64,14.22,0.242658,0.787841,0.43722,0.433701,0.100758,0.65692,0.1206,0.13,
0.36,3,6,70,70,70,221,221,5854.1,79.8,210.1,109.35,14.78,0.20022,0.659853,0.428593,0.43764,0.104337,0.64946,0.1185,0.13,
0.36,3,7,70,70,70,198,198,6014.68,79.8,185.1,104.54,14.79,0.202068,0.65331,0.430171,0.419563,0.099453,0.65137,0.1188,0.13,
0.36,3,8,70,70,70,212,212,5385.87,79.8,205.1,111.64,14.28,0.190502,0.803792,0.43089,0.416026,0.10579,0.65171,0.1198,0.13,
0.36,3,9,70,70,70,202,202,5800.41,79.8,191.7,110.23,14.93,0.223779,0.647379,0.423694,0.438375,0.086259,0.64734,0.1205,0.13,
0.36,3.5,0,70,70,70,196,196,5915.65,79.8,186.5,110.42,15.82,0.214602,0.668143,0.4147,0.426805,0.112288,0.63783,0.1146,0.13,
0.36,3.5,1,70,70,70,191,191,5453.07,79.8,178.9,115.74,14.84,0.181738,0.63366,0.411135,0.421339,0.096893,0.63648,0.1177,0.13,
0.36,3.5,2,70,70,70,216,216,5373.71,79.8,205.1,112.56,14.4,0.165455,0.735109,0.434443,0.424908,0.11925,0.6526,0.119,0.13,
0.36,3.5,3,70,70,70,224,224,5469.73,79.8,211.7,111.1,14.58,0.197859,0.694869,0.434952,0.42904,0.112938,0.65379,0.1199,0.13,
0.36,3.5,4,70,70,70,221,221,6255.13,79.8,208.4,117.23,15.59,0.124439,0.726893,0.434749,0.428574,0.105178,0.65413,0.1191,0.13,
0.36,3.5,5,70,70,70,261,261,5378.63,79.8,250.1,116.89,14.41,0.232156,0.833678,0.43128,0.42477,0.108255,0.65175,0.1194,0.13,
0.36,3.5,6,70,70,70,238,238,5854.1,79.8,225.1,117.98,14.94,0.205013,0.693416,0.432682,0.425892,0.105559,0.65269,0.1188,0.13,
0.36,3.5,7,70,70,70,212,212,6014.68,79.8,199.5,110.64,14.87,0.205853,0.688046,0.436655,0.431551,0.108761,0.65558,0.1195,0.13,
0.36,3.5,8,70,70,70,217,217,5385.87,79.8,210.1,118.27,14.3,0.202334,0.822524,0.433603,0.414337,0.109216,0.65361,0.1202,0.13,
0.36,3.5,9,70,70,70,207,207,5800.41,79.8,196.1,116.39,14.87,0.22451,0.664739,0.421267,0.43172,0.088582,0.64529,0.1201,0.13,
0.36,4,0,70,70,70,204,204,5915.65,79.8,194.9,113.74,15.78,0.197353,0.685106,0.421667,0.424209,0.12242,0.64226,0.115,0.13,
0.36,4,1,70,70,70,235,235,5453.07,79.8,225.1,119.32,14.81,0.167132,0.651641,0.415034,0.42621,0.106042,0.6386,0.118,0.13,
0.36,4,2,70,70,70,245,245,5373.71,79.8,235.1,121.11,14.62,0.171628,0.731928,0.435101,0.430809,0.120852,0.65303,0.1191,0.13,
0.36,4,3,70,70,70,230,230,5469.73,79.8,222.2,114.77,14.64,0.180335,0.673606,0.43405,0.430878,0.110575,0.65325,0.1198,0.13,
0.36,4,4,70,70,70,223,223,6255.13,79.8,210.1,124.21,15.78,0.126995,0.749347,0.439501,0.434225,0.104347,0.65793,0.1191,0.13,
0.36,4,5,70,70,70,290,290,5378.63,79.8,279.6,123.35,14.57,0.230177,0.801354,0.427511,0.423269,0.11447,0.64822,0.1186,0.13,
0.36,4,6,70,70,70,246,246,5854.1,79.8,233.5,123.38,15.07,0.209753,0.720949,0.425242,0.435115,0.11411,0.64605,0.1168,0.13,
0.36,4,7,70,70,70,223,223,6014.68,79.8,210.8,116.04,14.96,0.209832,0.683016,0.429437,0.410829,0.106439,0.65028,0.1189,0.13,
0.36,4,8,70,70,70,225,225,5385.87,79.8,215.2,126.8,14.47,0.270066,0.770725,0.432203,0.419395,0.096907,0.65357,0.1205,0.13,
0.36,4,9,70,70,70,241,241,5800.41,79.8,230.1,124.18,15.15,0.226095,0.660792,0.42227,0.427807,0.090273,0.64595,0.1199,0.13,
0.36,4.5,0,70,70,70,208,208,5915.65,79.8,198.1,118.42,15.86,0.195614,0.689455,0.420187,0.431237,0.124272,0.64088,0.1144,0.13,
0.36,4.5,1,70,70,70,240,240,5453.07,79.8,230.1,123.1,14.91,0.177814,0.641281,0.404242,0.415514,0.101999,0.63048,0.1163,0.13,
0.36,4.5,2,70,70,70,251,251,5373.71,79.8,240.1,129.27,14.82,0.185744,0.784699,0.429948,0.424066,0.116521,0.64966,0.1182,0.13,
0.36,4.5,3,70,70,70,235,235,5469.73,79.8,227.5,121.96,14.81,0.168094,0.684773,0.419471,0.410163,0.113218,0.64185,0.118,0.13,
0.36,4.5,4,70,70,70,223,223,6255.13,79.8,211,128.56,15.82,0.17289,0.76354,0.430851,0.438012,0.106862,0.65111,0.1185,0.13,
0.36,4.5,5,70,70,70,295,295,5378.63,79.8,284.8,133.38,14.76,0.204364,0.846639,0.423513,0.410364,0.121244,0.64447,0.1173,0.13,
0.36,4.5,6,70,70,70,297,297,5854.1,79.8,284.5,130.95,15.25,0.204808,0.648204,0.410995,0.401819,0.117533,0.6343,0.1145,0.13,
0.36,4.5,7,70,70,70,303,303,6014.68,79.8,290.1,125.83,15.17,0.212359,0.62017,0.418831,0.419252,0.107298,0.6417,0.1176,0.13,
0.36,4.5,8,70,70,70,243,243,5385.87,79.8,231.7,132.75,14.62,0.213892,0.82234,0.429394,0.415087,0.107496,0.65059,0.1198,0.13,
0.36,4.5,9,70,70,70,246,246,5800.41,79.8,235.1,130.43,15.32,0.213529,0.610933,0.41543,0.424979,0.09165,0.6404,0.1188,0.13,
0.36,5,0,70,70,70,218,218,5915.65,79.8,208.7,124.09,16.03,0.170288,0.677049,0.417057,0.407704,0.127019,0.63805,0.1135,0.13,
0.36,5,1,70,70,70,243,243,5453.07,79.8,233.8,129.71,15.08,0.176521,0.640022,0.385253,0.391539,0.110108,0.61418,0.1137,0.13,
0.36,5,2,70,70,70,255,255,5373.71,79.8,244.1,135.41,14.95,0.202912,0.813033,0.424436,0.409691,0.123249,0.64475,0.1169,0.13,
0.36,5,3,70,70,70,298,298,5469.73,79.8,285.8,134.22,15.09,0.15768,0.712072,0.405097,0.388371,0.120558,0.62966,0.1149,0.13,
0.36,5,4,70,70,70,228,228,6255.13,79.8,215.1,135.91,16.01,0.148289,0.798623,0.419196,0.419067,0.108664,0.64187,0.1172,0.13,
0.36,5,5,70,70,70,303,303,5378.63,79.8,292.3,138.2,14.88,0.201143,0.899066,0.417989,0.410688,0.129824,0.63922,0.1167,0.13,
0.36,5,6,70,70,70,302,302,5854.1,79.8,289.1,133.27,15.32,0.189054,0.686814,0.409,0.400541,0.121199,0.6324,0.1143,0.13,
0.36,5,7,70,70,70,303,303,6014.68,79.8,290.1,132.08,15.31,0.212218,0.679546,0.415258,0.392983,0.111811,0.63854,0.1168,0.13,
0.36,5,8,70,70,70,263,263,5385.87,79.8,253.5,141.96,14.84,0.218045,0.870879,0.426802,0.417791,0.102865,0.64885,0.1196,0.13,
0.36,5,9,70,70,70,286,286,5800.41,79.8,275.1,136.1,15.46,0.172358,0.6515,0.404702,0.409813,0.092092,0.63189,0.1173,0.13,
0.36,5.5,0,70,70,70,341,341,5915.65,79.8,330.1,132.3,16.44,0.166193,0.68667,0.419888,0.410856,0.130032,0.63991,0.1134,0.13,
0.36,5.5,1,70,70,70,245,245,5453.07,79.8,235.1,134.68,15.36,0.176501,0.64138,0.381939,0.378909,0.112113,0.61134,0.1134,0.13,
0.36,5.5,2,70,70,70,261,261,5373.71,79.8,250.1,139.58,15.06,0.209643,0.830203,0.42727,0.420604,0.123572,0.64688,0.1176,0.13,
0.36,5.5,3,70,70,70,302,302,5469.73,79.8,290,141.15,15.33,0.152048,0.739118,0.40313,0.382957,0.124865,0.62741,0.1141,0.13,
0.36,5.5,4,70,70,70,275,275,6255.13,84.1,265.1,145.02,16.43,0.149184,0.789666,0.416848,0.394751,0.112723,0.63976,0.1165,0.13,
0.36,5.5,5,70,70,70,308,308,5378.63,79.8,298,144.07,15.07,0.21354,0.825965,0.420549,0.404339,0.137168,0.64041,0.1165,0.13,
0.36,5.5,6,70,70,70,306,306,5854.1,79.8,293.2,140.93,15.51,0.218809,0.684371,0.413037,0.397606,0.114297,0.63649,0.1148,0.13,
0.36,5.5,7,70,70,70,308,308,6014.68,79.8,295.1,138.65,15.69,0.190677,0.687794,0.406101,0.382732,0.119367,0.63043,0.1153,0.13,
0.36,5.5,8,70,70,70,267,267,5385.87,79.8,258.2,147.03,15.04,0.188273,0.916762,0.421122,0.41486,0.117617,0.64315,0.1178,0.13,
0.36,5.5,9,70,70,70,290,290,5800.41,79.8,279.3,139.68,16.2,0.14338,0.678609,0.397875,0.391409,0.095023,0.62578,0.1162,0.13,
0.36,6,0,70,70,70,344,344,5915.65,79.8,333.7,139.28,17.17,0.166059,0.862284,0.417437,0.405969,0.136304,0.63742,0.1134,0.13,
0.36,6,1,70,70,70,247,247,5453.07,79.8,235.3,140.85,15.97,0.161775,0.647171,0.382973,0.381905,0.115723,0.6118,0.1131,0.13,
0.36,6,2,70,70,70,289,289,5373.71,79.9,278.8,146.35,15.74,0.20325,0.756201,0.419704,0.41627,0.125531,0.6406,0.1162,0.13,
0.36,6,3,70,70,70,306,306,5469.73,79.8,294,147.78,15.93,0.14992,0.794365,0.400348,0.37332,0.128084,0.62509,0.1138,0.13,
0.36,6,4,70,70,70,275,275,6255.13,79.8,265.1,149.24,16.89,0.155038,0.81425,0.413198,0.408265,0.117283,0.63633,0.1156,0.13,
0.36,6,5,70,70,70,315,315,5378.63,79.8,304.3,151.98,15.65,0.208289,0.817142,0.402469,0.392387,0.12818,0.62676,0.1144,0.13,
0.36,6,6,70,70,70,312,312,5854.1,79.8,299.4,148.45,16.28,0.184715,0.691844,0.409931,0.400589,0.117924,0.63352,0.1141,0.13,
0.36,6,7,70,70,70,308,308,6014.68,79.8,295.1,143.22,16.1,0.188722,0.788225,0.406895,0.398603,0.12423,0.6306,0.1155,0.13,
0.36,6,8,70,70,70,296,296,5385.87,79.8,285.7,153.39,15.68,0.231077,0.912323,0.406522,0.394397,0.109813,0.63237,0.1162,0.13,
0.36,6,9,70,70,70,291,291,5800.41,79.8,280.1,144.15,15.83,0.138076,0.69625,0.391848,0.387505,0.102355,0.62032,0.1152,0.13,
0.36,6.5,0,70,70,70,346,346,5915.65,79.8,335.1,147.99,16.7,0.162091,0.830122,0.415149,0.407975,0.135834,0.63552,0.1128,0.13,
0.36,6.5,1,70,70,70,255,255,5453.07,79.8,242.9,144.24,15.6,0.156946,0.640877,0.370172,0.361868,0.116222,0.60108,0.1107,0.13,
0.36,6.5,2,70,70,70,325,325,5373.71,79.8,315,151.33,15.49,0.158686,0.820744,0.413115,0.407745,0.128366,0.63501,0.1152,0.13,
0.36,6.5,3,70,70,70,333,333,5469.73,79.8,320.2,156.56,15.65,0.18968,0.704808,0.378025,0.35544,0.122088,0.60748,0.1109,0.13,
0.36,6.5,4,70,70,70,280,280,6255.13,79.8,270.1,154.16,16.5,0.153325,0.829043,0.400584,0.401632,0.120561,0.6259,0.1139,0.13,
0.36,6.5,5,70,70,70,320,320,5378.63,79.8,309.4,160.88,15.53,0.180913,0.719308,0.393613,0.374667,0.12859,0.61914,0.1126,0.13,
0.36,6.5,6,70,70,70,328,328,5854.1,79.8,315.1,155.8,16.12,0.192492,0.721231,0.403149,0.398079,0.119306,0.62797,0.1136,0.13,
0.36,6.5,7,70,70,70,308,308,6014.68,79.8,295.1,150.79,15.95,0.168831,0.804777,0.393089,0.371437,0.130683,0.61862,0.1133,0.13,
0.36,6.5,8,70,70,70,358,358,5385.87,79.8,348.2,161.55,15.37,0.233664,0.705075,0.394809,0.376834,0.090964,0.62434,0.1149,0.13,
0.36,6.5,9,70,70,70,291,291,5800.41,79.8,280.1,148.23,15.92,0.120453,0.607837,0.392109,0.387121,0.105902,0.62004,0.1152,0.13,
0.36,7,0,70,70,70,348,348,5915.65,79.8,337.9,155.43,17.09,0.158599,0.717709,0.408606,0.389878,0.135774,0.63026,0.1116,0.13,
0.36,7,1,70,70,70,270,270,5453.07,79.8,260.7,154.24,15.83,0.145451,0.647208,0.360444,0.358735,0.114101,0.59287,0.109,0.13,
0.36,7,2,70,70,70,328,328,5373.71,79.8,318,163.88,15.74,0.159219,0.770606,0.389654,0.38206,0.130926,0.61528,0.1112,0.13,
0.36,7,3,70,70,70,374,374,5469.73,79.8,360.1,163.11,15.87,0.175881,0.729533,0.371899,0.344038,0.121886,0.60239,0.1102,0.13,
0.36,7,4,70,70,70,360,360,6255.13,80,350.1,158.01,16.76,0.160631,0.842596,0.395433,0.386663,0.124476,0.62125,0.1128,0.13,
0.36,7,5,70,70,70,331,331,5378.63,81.2,320.8,170.02,15.82,0.177328,0.793495,0.398386,0.375684,0.140888,0.62145,0.1128,0.13,
0.36,7,6,70,70,70,333,333,5854.1,79.8,320.1,160.14,16.26,0.170357,0.735665,0.39859,0.401826,0.118718,0.62422,0.1131,0.13,
0.36,7,7,70,70,70,311,311,6014.68,79.8,298.1,158.11,16.21,0.159656,0.816498,0.386063,0.359726,0.137026,0.61201,0.1121,0.13,
0.36,7,8,70,70,70,375,375,5385.87,79.8,365,170.4,15.84,0.172244,0.715153,0.386235,0.376753,0.089536,0.61743,0.1137,0.13,
0.36,7,9,70,70,70,291,291,5800.41,79.8,280.1,154.65,16.11,0.118898,0.640607,0.386068,0.380939,0.112395,0.61437,0.1141,0.13,
0.37,3,0,70,70,70,187,187,5915.65,79.8,175.1,107.41,16.07,0.215243,0.663554,0.427175,0.430853,0.107148,0.64829,0.1165,0.13,
0.37,3,1,70,70,70,188,188,5453.07,79.8,176,112.3,14.99,0.20435,0.632061,0.41419,0.428971,0.094203,0.63919,0.1181,0.13,
0.37,3,2,70,70,70,216,216,5373.71,79.8,205.1,108.48,14.81,0.163133,0.726515,0.432477,0.421086,0.115725,0.65148,0.119,0.13,
0.37,3,3,70,70,70,218,218,5469.73,79.8,210.1,108.9,15.03,0.219618,0.683688,0.440912,0.429728,0.108537,0.65896,0.1207,0.13,
0.37,3,4,70,70,70,218,218,6255.13,79.8,205.1,114.07,15.89,0.139413,0.725644,0.442298,0.448163,0.100126,0.66038,0.1204,0.13,
0.37,3,5,70,70,70,258,258,5378.63,79.8,247.3,113.36,14.85,0.250418,0.805392,0.444717,0.435076,0.103585,0.66248,0.1213,0.13,
0.37,3,6,70,70,70,226,226,5854.1,79.8,215.1,113.46,15.44,0.208198,0.688629,0.431585,0.435715,0.105759,0.65176,0.1189,0.13,
0.37,3,7,70,70,70,198,198,6014.68,79.8,185.1,106.33,15.37,0.210883,0.66026,0.44005,0.435552,0.101803,0.65882,0.1201,0.13,
0.37,3,8,70,70,70,212,212,5385.87,79.8,205.3,115.33,14.93,0.197904,0.688752,0.430846,0.409723,0.091685,0.65269,0.12,0.13,
0.37,3,9,70,70,70,203,203,5800.41,79.8,192.2,114.08,15.17,0.241166,0.626448,0.426989,0.435829,0.082457,0.65023,0.1211,0.13,
0.37,3.5,0,70,70,70,196,196,5915.65,79.8,187,112.34,16.05,0.215888,0.646866,0.427509,0.42724,0.11439,0.64771,0.1161,0.13,
0.37,3.5,1,70,70,70,192,192,5453.07,79.8,179.2,117.39,15.09,0.190068,0.630178,0.418005,0.425319,0.097963,0.64187,0.1187,0.13,
0.37,3.5,2,70,70,70,221,221,5373.71,79.8,210.1,116.63,14.73,0.17139,0.750631,0.441791,0.436964,0.118595,0.65847,0.1199,0.13,
0.37,3.5,3,70,70,70,225,225,5469.73,79.8,212.3,113.9,14.78,0.209049,0.689941,0.437813,0.432221,0.11159,0.65619,0.1203,0.13,
0.37,3.5,4,70,70,70,223,223,6255.13,79.8,210.1,122.2,15.84,0.128853,0.758695,0.444354,0.44279,0.106098,0.66151,0.1198,0.13,
0.37,3.5,5,70,70,70,261,261,5378.63,79.8,250.1,121.43,14.68,0.242443,0.787444,0.433506,0.423698,0.104173,0.65386,0.1197,0.13,
0.37,3.5,6,70,70,70,238,238,5854.1,79.8,225.1,121,15.19,0.213143,0.723873,0.436295,0.434327,0.110074,0.65508,0.1188,0.13,
0.37,3.5,7,70,70,70,223,223,6014.68,79.8,210.1,114.08,15.07,0.214692,0.668009,0.446648,0.441622,0.106449,0.66355,0.1209,0.13,
0.37,3.5,8,70,70,70,219,219,5385.87,79.8,210.1,124.53,14.59,0.209041,0.752735,0.43384,0.422343,0.093961,0.65497,0.1206,0.13,
0.37,3.5,9,70,70,70,224,224,5800.41,79.8,213.8,121.24,16.02,0.232294,0.593078,0.42672,0.4439,0.084654,0.64984,0.1207,0.13,
0.37,4,0,70,70,70,205,205,5915.65,79.8,195.3,115.94,16.79,0.20475,0.721422,0.429716,0.428283,0.122363,0.64868,0.1159,0.13,
0.37,4,1,70,70,70,237,237,5453.07,79.8,228,122.32,15.82,0.173668,0.638754,0.420281,0.431089,0.104211,0.64299,0.1188,0.13,
0.37,4,2,70,70,70,250,250,5373.71,79.8,239.9,125.89,15.62,0.180325,0.770777,0.440422,0.44358,0.11959,0.65742,0.1194,0.13,
0.37,4,3,70,70,70,231,231,5469.73,79.8,223.5,119.73,15.72,0.188823,0.705872,0.43913,0.433574,0.114163,0.65697,0.1201,0.13,
0.37,4,4,70,70,70,223,223,6255.13,79.8,210.1,128.21,16.83,0.133217,0.772786,0.445379,0.45095,0.105055,0.66233,0.1198,0.13,
0.37,4,5,70,70,70,291,291,5378.63,79.8,281,127.8,15.65,0.238214,0.844476,0.433991,0.43276,0.11524,0.65324,0.1191,0.13,
0.37,4,6,70,70,70,247,247,5854.1,79.8,234.3,125.11,16.04,0.217994,0.75286,0.437183,0.447416,0.116082,0.65522,0.1182,0.13,
0.37,4,7,70,70,70,303,303,6014.68,79.8,290.1,121.8,16.09,0.218545,0.663542,0.429186,0.42469,0.100339,0.65063,0.1191,0.13,
0.37,4,8,70,70,70,237,237,5385.87,79.8,225.4,131.11,15.52,0.223852,0.811614,0.438298,0.420938,0.096386,0.65826,0.1211,0.13,
0.37,4,9,70,70,70,243,243,5800.41,79.8,232.3,126.58,15.93,0.233722,0.603304,0.428492,0.43386,0.086627,0.65108,0.121,0.13,
0.37,4.5,0,70,70,70,214,214,5915.65,79.8,204.4,121.71,16.8,0.179983,0.720109,0.4211,0.409728,0.12488,0.64168,0.1142,0.13,
0.37,4.5,1,70,70,70,240,240,5453.07,79.8,230.1,126.64,15.67,0.187531,0.633281,0.40668,0.428731,0.103226,0.63221,0.1168,0.13,
0.37,4.5,2,70,70,70,253,253,5373.71,79.8,242.8,131.8,15.6,0.195667,0.806559,0.440634,0.427179,0.120046,0.65769,0.1192,0.13,
0.37,4.5,3,70,70,70,294,294,5469.73,79.8,281.1,129.52,15.74,0.174719,0.717847,0.415688,0.414251,0.122684,0.63789,0.1166,0.13,
0.37,4.5,4,70,70,70,227,227,6255.13,79.8,214.8,132.49,16.72,0.182227,0.765218,0.439302,0.436539,0.107869,0.65759,0.1192,0.13,
0.37,4.5,5,70,70,70,296,296,5378.63,79.8,285.7,136.06,15.68,0.21147,0.892493,0.436725,0.420659,0.124427,0.65459,0.1188,0.13,
0.37,4.5,6,70,70,70,298,298,5854.1,79.8,285.3,132.37,15.96,0.209614,0.700216,0.421883,0.40911,0.122037,0.64261,0.116,0.13,
0.37,4.5,7,70,70,70,303,303,6014.68,79.8,290.1,129.45,16.06,0.222572,0.688019,0.425984,0.398826,0.112364,0.64701,0.1183,0.13,
0.37,4.5,8,70,70,70,252,252,5385.87,79.8,242.3,139.03,15.47,0.221533,0.866636,0.429976,0.419132,0.101953,0.65148,0.1202,0.13,
0.37,4.5,9,70,70,70,286,286,5800.41,79.8,275.1,132.49,16.11,0.184016,0.641271,0.425921,0.437397,0.091482,0.64862,0.1203,0.13,
0.37,5,0,70,70,70,256,256,5915.65,79.8,244.2,129.03,17.01,0.17705,0.683626,0.423601,0.416705,0.127754,0.64325,0.1142,0.13,
0.37,5,1,70,70,70,247,247,5453.07,79.8,235.1,134.04,15.9,0.182871,0.638185,0.39199,0.404212,0.112065,0.61961,0.1146,0.13,
0.37,5,2,70,70,70,261,261,5373.71,79.8,250.3,139.39,15.73,0.207338,0.82718,0.428863,0.408431,0.126469,0.64794,0.1172,0.13,
0.37,5,3,70,70,70,299,299,5469.73,79.8,286.6,140.87,15.92,0.163044,0.732237,0.409075,0.391778,0.124431,0.63238,0.115,0.13,
0.37,5,4,70,70,70,228,228,6255.13,79.9,215.1,140.63,16.87,0.151045,0.760847,0.429368,0.431491,0.100605,0.6506,0.1183,0.13,
0.37,5,5,70,70,70,304,304,5378.63,79.8,293.4,143.71,15.71,0.20899,0.955329,0.425748,0.420007,0.130052,0.64537,0.1173,0.13,
0.37,5,6,70,70,70,302,302,5854.1,79.8,289.7,135.18,16.14,0.194951,0.732277,0.422264,0.403173,0.125342,0.64258,0.1159,0.13,
0.37,5,7,70,70,70,308,308,6014.68,79.8,295.1,135.08,16.22,0.223438,0.696755,0.425178,0.406181,0.11162,0.64641,0.1182,0.13,
0.37,5,8,70,70,70,288,288,5385.87,79.8,277.5,147.62,15.73,0.218406,0.918364,0.430479,0.434029,0.112981,0.65077,0.1195,0.13,
0.37,5,9,70,70,70,291,291,5800.41,79.8,280.1,139.79,16.07,0.150748,0.674127,0.410607,0.425848,0.097418,0.63592,0.1179,0.13,
0.37,5.5,0,70,70,70,346,346,5915.65,79.8,335.1,137.49,17.08,0.171746,0.69862,0.427426,0.422863,0.124525,0.64647,0.1145,0.13,
0.37,5.5,1,70,70,70,247,247,5453.07,79.8,235.1,139.64,15.93,0.164875,0.645266,0.391468,0.392425,0.113114,0.61899,0.1145,0.13,
0.37,5.5,2,70,70,70,310,310,5373.71,79.8,300.1,144.06,15.87,0.219399,0.727823,0.431062,0.429324,0.121709,0.64997,0.1177,0.13,
0.37,5.5,3,70,70,70,303,303,5469.73,79.8,290.6,147.8,15.98,0.157582,0.746511,0.410866,0.390324,0.125114,0.63374,0.1155,0.13,
0.37,5.5,4,70,70,70,275,275,6255.13,85.1,265.1,147.63,16.91,0.154587,0.814832,0.422704,0.416618,0.113373,0.6443,0.1173,0.13,
0.37,5.5,5,70,70,70,310,310,5378.63,79.8,299.9,152.99,15.88,0.221413,0.866517,0.414841,0.406816,0.130763,0.63664,0.1156,0.13,
0.37,5.5,6,70,70,70,306,306,5854.1,79.8,293.9,147.16,16.27,0.204116,0.685799,0.423326,0.408325,0.117661,0.64423,0.1158,0.13,
0.37,5.5,7,70,70,70,308,308,6014.68,79.8,295.1,139.78,16.19,0.199755,0.705788,0.417657,0.401811,0.118875,0.63975,0.1171,0.13,
0.37,5.5,8,70,70,70,292,292,5385.87,79.8,281.4,151.71,15.74,0.195576,0.967203,0.419928,0.415411,0.116697,0.64229,0.118,0.13,
0.37,5.5,9,70,70,70,291,291,5800.41,79.8,280.1,143.16,16.29,0.151155,0.610555,0.408805,0.409177,0.094148,0.6346,0.1178,0.13,
0.37,6,0,70,70,70,346,346,5915.65,79.8,335.1,146,17.37,0.170574,0.910185,0.419284,0.40744,0.133615,0.63934,0.1137,0.13,
0.37,6,1,70,70,70,248,248,5453.07,79.8,238.3,143.42,16.1,0.167803,0.640587,0.38769,0.376396,0.115335,0.61575,0.114,0.13,
0.37,6,2,70,70,70,311,311,5373.71,80.5,301.8,149.83,15.95,0.210504,0.782849,0.429232,0.41947,0.12601,0.64815,0.1175,0.13,
0.37,6,3,70,70,70,373,373,5469.73,79.8,359.3,156.39,16.23,0.159885,0.714695,0.395824,0.380928,0.117513,0.62257,0.1135,0.13,
0.37,6,4,70,70,70,280,280,6255.13,79.8,270.1,153.01,17.09,0.160772,0.762286,0.416992,0.419127,0.11212,0.63983,0.1161,0.13,
0.37,6,5,70,70,70,316,316,5378.63,79.8,305.2,157.81,16.01,0.214805,0.856941,0.410676,0.392165,0.132341,0.63303,0.1151,0.13,
0.37,6,6,70,70,70,328,328,5854.1,79.8,315.1,152.18,16.4,0.189556,0.659423,0.415806,0.402963,0.117547,0.63825,0.1152,0.13,
0.37,6,7,70,70,70,308,308,6014.68,79.8,295.1,145.33,16.35,0.196729,0.803926,0.41447,0.391707,0.128547,0.63633,0.1165,0.13,
0.37,6,8,70,70,70,340,340,5385.87,79.8,330.1,159.83,16.09,0.240941,0.955165,0.416132,0.401361,0.113621,0.6398,0.1174,0.13,
0.37,6,9,70,70,70,291,291,5800.41,79.8,280.1,148.14,16.39,0.14309,0.615179,0.395316,0.387601,0.098159,0.62354,0.1155,0.13,
0.37,6.5,0,70,70,70,346,346,5915.65,79.8,335.1,152.81,17.6,0.168328,0.873102,0.424086,0.409914,0.137012,0.64257,0.1138,0.13,
0.37,6.5,1,70,70,70,256,256,5453.07,79.8,243.4,148.23,16.22,0.157857,0.701037,0.376086,0.377416,0.122609,0.60531,0.1116,0.1299,
0.37,6.5,2,70,70,70,326,326,5373.71,79.8,315.6,156.92,16.17,0.165098,0.857922,0.417758,0.408352,0.13384,0.63814,0.1154,0.13,
0.37,6.5,3,70,70,70,374,374,5469.73,79.8,360.1,165.13,16.59,0.176008,0.733163,0.380211,0.367328,0.121729,0.60931,0.111,0.13,
0.37,6.5,4,70,70,70,360,360,6255.13,79.8,350.1,163.05,17.38,0.158401,0.776888,0.392465,0.396255,0.113309,0.62002,0.1121,0.13,
0.37,6.5,5,70,70,70,321,321,5378.63,79.8,310.4,168.95,16.24,0.187713,0.729528,0.401358,0.381567,0.130001,0.62537,0.1134,0.13,
0.37,6.5,6,70,70,70,333,333,5854.1,79.8,320.1,159.92,16.58,0.200252,0.778272,0.407376,0.400032,0.123023,0.63107,0.1141,0.13,
0.37,6.5,7,70,70,70,326,326,6014.68,79.8,315.1,155.24,16.55,0.172964,0.810245,0.403471,0.374245,0.133762,0.62672,0.1149,0.13,
0.37,6.5,8,70,70,70,370,370,5385.87,79.8,359.9,166.08,16.1,0.178848,0.712484,0.397691,0.390826,0.099008,0.62585,0.115,0.13,
0.37,6.5,9,70,70,70,291,291,5800.41,79.8,280.1,152.85,16.36,0.125267,0.637915,0.391991,0.387085,0.100712,0.62051,0.1154,0.13,
0.37,7,0,70,70,70,349,349,5915.65,79.8,338.7,158.33,17.49,0.164519,0.747391,0.418862,0.407308,0.133669,0.63874,0.1129,0.13,
0.37,7,1,70,70,70,271,271,5453.07,79.8,261.3,157.96,16.31,0.151077,0.661531,0.36251,0.360812,0.119207,0.59393,0.1095,0.13,
0.37,7,2,70,70,70,329,329,5373.71,79.8,318.5,165.06,16.3,0.166838,0.807434,0.406375,0.398427,0.135416,0.62849,0.1136,0.13,
0.37,7,3,70,70,70,374,374,5469.73,79.8,360.1,169.5,16.61,0.180419,0.74188,0.368763,0.344954,0.120624,0.59993,0.1096,0.13,
0.37,7,4,70,70,70,360,360,6255.13,80.2,350.1,167.53,17.32,0.168346,0.787349,0.390047,0.376251,0.119032,0.61746,0.1116,0.13,
0.37,7,5,70,70,70,332,332,5378.63,81.5,321.8,175.6,16.41,0.186295,0.834077,0.407853,0.391979,0.143402,0.62891,0.1142,0.13,
0.37,7,6,70,70,70,333,333,5854.1,79.8,320.1,165.54,16.64,0.177493,0.658165,0.400786,0.394869,0.114193,0.62653,0.1132,0.13,
0.37,7,7,70,70,70,326,326,6014.68,79.8,315.1,162.38,16.7,0.151327,0.719077,0.392022,0.376913,0.132253,0.61743,0.113,0.13,
0.37,7,8,70,70,70,376,376,5385.87,79.8,365.8,174.42,16.28,0.184977,0.6859,0.391487,0.389457,0.088227,0.62177,0.1145,0.13,
0.37,7,9,70,70,70,292,292,5800.41,79.8,280.1,163.26,16.54,0.123291,0.659392,0.388961,0.38518,0.112265,0.61683,0.1144,0.13,
0.38,3,0,70,70,70,191,191,5915.65,79.8,180,110.23,16.69,0.223359,0.667444,0.439311,0.441376,0.109225,0.65752,0.1178,0.13,
0.38,3,1,70,70,70,189,189,5453.07,79.8,177.1,114.37,15.5,0.212972,0.632213,0.421203,0.442187,0.09649,0.64449,0.1191,0.13,
0.38,3,2,70,70,70,216,216,5373.71,79.8,205.1,113.68,15.3,0.17049,0.73264,0.439266,0.421398,0.113657,0.65702,0.1199,0.13,
0.38,3,3,70,70,70,218,218,5469.73,79.8,210.1,112.01,15.3,0.229064,0.695913,0.443684,0.436067,0.105123,0.66143,0.1211,0.13,
0.38,3,4,70,70,70,218,218,6255.13,79.8,205.1,119.3,16.42,0.144455,0.748452,0.445298,0.450088,0.095474,0.66314,0.1207,0.13,
0.38,3,5,70,70,70,261,261,5378.63,79.8,250.1,117.62,15.31,0.242376,0.757209,0.444999,0.442357,0.103933,0.66259,0.1209,0.13,
0.38,3,6,70,70,70,238,238,5854.1,79.8,225.1,115.94,15.7,0.214034,0.718034,0.438546,0.437636,0.109284,0.65684,0.1194,0.13,
0.38,3,7,70,70,70,210,210,6014.68,79.8,197.2,112.2,15.63,0.220035,0.686374,0.444983,0.435099,0.104973,0.66245,0.1208,0.13,
0.38,3,8,70,70,70,218,218,5385.87,79.8,210.1,119.01,15.15,0.20628,0.723582,0.440334,0.427487,0.092154,0.65999,0.1211,0.13,
0.38,3,9,70,70,70,204,204,5800.41,79.8,193.3,117.23,15.69,0.2489,0.653537,0.430152,0.44074,0.084311,0.65259,0.1215,0.13,
0.38,3.5,0,70,70,70,205,205,5915.65,79.8,195.7,114.44,16.56,0.224043,0.669778,0.434591,0.438472,0.118121,0.65296,0.1167,0.13,
0.38,3.5,1,70,70,70,213,213,5453.07,79.8,202.2,120.29,15.67,0.183133,0.6544,0.426981,0.436357,0.098682,0.64885,0.1198,0.13,
0.38,3.5,2,70,70,70,246,246,5373.71,79.8,235.1,123.57,15.43,0.175849,0.746124,0.445954,0.449232,0.119088,0.66167,0.1206,0.13,
0.38,3.5,3,70,70,70,225,225,5469.73,79.8,213,117.13,15.4,0.219569,0.72209,0.442949,0.433088,0.114461,0.65998,0.1207,0.13,
0.38,3.5,4,70,70,70,223,223,6255.13,79.8,210.1,126.89,16.49,0.133021,0.763487,0.45248,0.464357,0.102712,0.66793,0.1209,0.13,
0.38,3.5,5,70,70,70,266,266,5378.63,79.8,255.1,124.83,15.34,0.25286,0.828245,0.446216,0.440702,0.107321,0.66341,0.1212,0.13,
0.38,3.5,6,70,70,70,238,238,5854.1,79.8,225.1,123.8,15.78,0.221555,0.755039,0.442371,0.445608,0.114032,0.65944,0.1191,0.13,
0.38,3.5,7,70,70,70,227,227,6014.68,79.8,214.5,116.73,15.85,0.223682,0.706571,0.45104,0.429884,0.103849,0.66719,0.1215,0.13,
0.38,3.5,8,70,70,70,224,224,5385.87,79.8,215.1,128.04,15.32,0.218354,0.79134,0.437721,0.42039,0.092595,0.65811,0.1215,0.13,
0.38,3.5,9,70,70,70,225,225,5800.41,79.8,214.6,124.71,15.83,0.240324,0.623333,0.431468,0.444204,0.086145,0.65344,0.1213,0.13,
0.38,4,0,70,70,70,207,207,5915.65,79.8,195.7,118.89,16.7,0.212182,0.756823,0.438924,0.434083,0.123416,0.6559,0.1169,0.13,
0.38,4,1,70,70,70,240,240,5453.07,79.8,230.1,126.34,15.79,0.180091,0.637375,0.427607,0.436037,0.103627,0.64885,0.1198,0.13,
0.38,4,2,70,70,70,251,251,5373.71,79.8,240.1,130.24,15.61,0.189407,0.762084,0.444836,0.44178,0.114172,0.66138,0.1202,0.13,
0.38,4,3,70,70,70,232,232,5469.73,79.8,224.8,124.65,15.61,0.197223,0.738997,0.436979,0.42263,0.114817,0.65541,0.1202,0.13,
0.38,4,4,70,70,70,223,223,6255.13,79.8,210.2,131.8,16.64,0.139694,0.796756,0.451863,0.470579,0.102042,0.66756,0.1209,0.13,
0.38,4,5,70,70,70,293,293,5378.63,79.8,282.3,132.43,15.48,0.200256,0.920775,0.442796,0.436195,0.121712,0.65947,0.1197,0.13,
0.38,4,6,70,70,70,270,270,5854.1,79.8,260,129.13,15.98,0.226566,0.785684,0.438473,0.429891,0.123376,0.65558,0.1179,0.13,
0.38,4,7,70,70,70,303,303,6014.68,79.8,290.1,126.05,15.93,0.22765,0.665549,0.43402,0.416292,0.102535,0.65422,0.1198,0.13,
0.38,4,8,70,70,70,240,240,5385.87,79.8,230.7,133.97,15.37,0.231829,0.853945,0.444034,0.42225,0.101128,0.66236,0.1219,0.13,
0.38,4,9,70,70,70,286,286,5800.41,79.8,275.1,132.37,16.13,0.233745,0.626299,0.425368,0.43897,0.089471,0.64846,0.1203,0.13,
0.38,4.5,0,70,70,70,252,252,5915.65,79.8,240.9,124.84,16.88,0.184971,0.753147,0.429035,0.419171,0.125243,0.64795,0.115,0.13,
0.38,4.5,1,70,70,70,246,246,5453.07,79.8,234.1,133.16,15.8,0.198431,0.635809,0.412246,0.430072,0.1088,0.63618,0.1175,0.13,
0.38,4.5,2,70,70,70,259,259,5373.71,79.8,248.7,136.65,15.68,0.205987,0.820551,0.443614,0.42812,0.121608,0.65991,0.1195,0.13,
0.38,4.5,3,70,70,70,294,294,5469.73,79.8,281.8,135.65,15.84,0.18139,0.751859,0.416778,0.398619,0.125027,0.63857,0.1166,0.13,
0.38,4.5,4,70,70,70,228,228,6255.13,79.8,215.1,135.82,16.7,0.190498,0.796501,0.443774,0.451391,0.108818,0.66104,0.1199,0.13,
0.38,4.5,5,70,70,70,297,297,5378.63,79.8,286.4,141.44,15.7,0.219038,0.879734,0.440046,0.43154,0.128387,0.65677,0.1187,0.13,
0.38,4.5,6,70,70,70,298,298,5854.1,79.8,286,135.61,16.11,0.21543,0.733216,0.428777,0.403738,0.124372,0.648,0.1166,0.13,
0.38,4.5,7,70,70,70,306,306,6014.68,79.8,293.5,132.1,16.11,0.231646,0.657946,0.435989,0.413045,0.109269,0.6551,0.1197,0.13,
0.38,4.5,8,70,70,70,281,281,5385.87,79.8,270.1,142.35,15.63,0.229473,0.912347,0.436589,0.416203,0.106696,0.65626,0.121,0.13,
0.38,4.5,9,70,70,70,290,290,5800.41,79.8,279.8,134.98,16.12,0.189427,0.671815,0.43465,0.446372,0.092097,0.65537,0.1214,0.13,
0.38,5,0,70,70,70,346,346,5915.65,79.8,335.1,134.17,17.17,0.174184,0.708537,0.429581,0.415875,0.12526,0.64824,0.1151,0.13,
0.38,5,1,70,70,70,247,247,5453.07,79.8,235.1,139.39,15.98,0.188622,0.64039,0.399377,0.401186,0.112841,0.62558,0.1159,0.13,
0.38,5,2,70,70,70,310,310,5373.71,79.8,300.1,143.78,15.8,0.217902,0.729856,0.434935,0.425442,0.121891,0.65315,0.1184,0.13,
0.38,5,3,70,70,70,300,300,5469.73,79.8,287.2,144.96,15.95,0.168368,0.689897,0.412204,0.388642,0.121565,0.63521,0.1157,0.13,
0.38,5,4,70,70,70,275,275,6255.13,80.2,265.1,146.78,17.02,0.155828,0.800739,0.433888,0.431559,0.102766,0.65404,0.1189,0.13,
0.38,5,5,70,70,70,304,304,5378.63,79.8,294,149.22,15.79,0.212777,0.913106,0.43377,0.422004,0.131022,0.6514,0.1177,0.13,
0.38,5,6,70,70,70,303,303,5854.1,79.8,290.4,140.29,16.18,0.200463,0.697958,0.425565,0.407866,0.117745,0.64602,0.1165,0.13,
0.38,5,7,70,70,70,308,308,6014.68,79.8,295.1,137.59,16.14,0.234872,0.656773,0.427212,0.413064,0.108499,0.64835,0.1187,0.13,
0.38,5,8,70,70,70,289,289,5385.87,79.8,278.5,151.77,15.87,0.22821,0.967362,0.432657,0.432711,0.117707,0.65223,0.12,0.13,
0.38,5,9,70,70,70,291,291,5800.41,79.8,280.1,143.44,16.29,0.157824,0.690927,0.416907,0.420716,0.098744,0.64078,0.1187,0.13,
0.38,5.5,0,70,70,70,346,346,5915.65,79.8,335.1,142.97,17.36,0.179878,0.72461,0.43612,0.427592,0.127887,0.653,0.1154,0.13,
0.38,5.5,1,70,70,70,247,247,5453.07,79.8,237.7,142.46,16.06,0.173011,0.650072,0.399772,0.40145,0.115841,0.6255,0.1158,0.13,
0.38,5.5,2,70,70,70,317,317,5373.71,79.8,307.2,147.15,16.01,0.228339,0.765311,0.44173,0.43986,0.127548,0.65766,0.1191,0.13,
0.38,5.5,3,70,70,70,304,304,5469.73,79.8,291.2,152.98,16.17,0.167259,0.719228,0.417148,0.397777,0.123112,0.63896,0.116,0.13,
0.38,5.5,4,70,70,70,280,280,6255.13,87.6,270.1,152.32,16.99,0.160033,0.780802,0.420818,0.424947,0.106754,0.64349,0.1172,0.13,
0.38,5.5,5,70,70,70,311,311,5378.63,79.8,301,156.3,16.06,0.227739,0.909818,0.428485,0.418982,0.135594,0.64695,0.117,0.13,
0.38,5.5,6,70,70,70,307,307,5854.1,79.8,294.5,150.79,16.35,0.213588,0.719146,0.431192,0.418513,0.123172,0.6499,0.1166,0.13,
0.38,5.5,7,70,70,70,308,308,6014.68,79.8,295.1,144.02,16.4,0.208814,0.678554,0.42107,0.406123,0.114286,0.64296,0.118,0.13,
0.38,5.5,8,70,70,70,340,340,5385.87,79.8,330.1,158.6,16.02,0.213196,1.01936,0.426093,0.415216,0.11925,0.64714,0.1192,0.13,
0.38,5.5,9,70,70,70,291,291,5800.41,79.8,280.1,147.64,16.52,0.158379,0.618751,0.41259,0.420308,0.095826,0.63753,0.1181,0.13,
0.38,6,0,70,70,70,346,346,5915.65,79.8,335.1,149.12,17.47,0.171935,0.901683,0.428053,0.414325,0.133483,0.64634,0.1149,0.13,
0.38,6,1,70,70,70,252,252,5453.07,79.8,240.1,147.15,16.25,0.169279,0.657076,0.385809,0.38398,0.11514,0.61418,0.114,0.13,
0.38,6,2,70,70,70,320,320,5373.71,80.9,310.1,153.14,16.09,0.221539,0.80157,0.432724,0.42326,0.123145,0.65113,0.1179,0.13,
0.38,6,3,70,70,70,374,374,5469.73,79.8,360.1,161.59,16.41,0.169149,0.730423,0.399842,0.386009,0.118689,0.62573,0.114,0.13,
0.38,6,4,70,70,70,355,355,6255.13,79.8,345.2,160.56,17.36,0.166538,0.801345,0.412101,0.410446,0.110977,0.63616,0.1151,0.13,
0.38,6,5,70,70,70,316,316,5378.63,79.8,306,164.68,16.22,0.222112,0.895342,0.42015,0.412235,0.139111,0.63981,0.1155,0.13,
0.38,6,6,70,70,70,333,333,5854.1,79.8,320.1,157.68,16.62,0.191317,0.69409,0.423172,0.421011,0.12067,0.64375,0.116,0.13,
0.38,6,7,70,70,70,313,313,6014.68,79.8,300.1,150.55,16.5,0.202858,0.713453,0.41995,0.401645,0.122936,0.64115,0.1176,0.13,
0.38,6,8,70,70,70,356,356,5385.87,79.8,346.3,164.51,16.19,0.250351,1.005,0.42196,0.403682,0.115249,0.64441,0.1183,0.13,
0.38,6,9,70,70,70,291,291,5800.41,79.8,280.1,152.26,16.52,0.148246,0.644699,0.403238,0.403158,0.092585,0.63048,0.117,0.13,
0.38,6.5,0,70,70,70,346,346,5915.65,79.8,335.4,157.91,17.65,0.173715,0.911774,0.435291,0.418897,0.144537,0.65054,0.1147,0.13,
0.38,6.5,1,70,70,70,263,263,5453.07,79.8,250.3,150.56,16.2,0.16178,0.732076,0.386937,0.38818,0.12581,0.61393,0.1129,0.13,
0.38,6.5,2,70,70,70,352,352,5373.71,79.8,338.6,162.41,16.29,0.172522,0.873401,0.423581,0.412728,0.138479,0.6423,0.1162,0.13,
0.38,6.5,3,70,70,70,374,374,5469.73,79.8,360.1,166.77,16.52,0.187656,0.724821,0.388208,0.380622,0.120461,0.61607,0.1123,0.13,
0.38,6.5,4,70,70,70,360,360,6255.13,79.8,350.1,165.31,17.4,0.164076,0.816815,0.407236,0.405939,0.118882,0.63139,0.1139,0.13,
0.38,6.5,5,70,70,70,322,322,5378.63,79.8,311.2,173.28,16.36,0.194935,0.718696,0.416855,0.407921,0.135098,0.63719,0.1153,0.13,
0.38,6.5,6,70,70,70,333,333,5854.1,79.8,320.1,166.99,16.85,0.202153,0.695573,0.410867,0.406311,0.121301,0.63393,0.1142,0.13,
0.38,6.5,7,70,70,70,326,326,6014.68,79.8,315.1,160.33,16.71,0.177285,0.736323,0.406078,0.390021,0.127498,0.62956,0.1154,0.13,
0.38,6.5,8,70,70,70,372,372,5385.87,79.8,361.9,171.27,16.35,0.18697,0.695325,0.400854,0.39075,0.092017,0.62911,0.116,0.13,
0.38,6.5,9,70,70,70,296,296,5800.41,79.8,285.1,159.03,16.61,0.130153,0.668698,0.393592,0.387764,0.101464,0.62185,0.1155,0.13,
0.38,7,0,70,70,70,350,350,5915.65,79.8,339.5,164.47,17.82,0.170849,0.790245,0.418025,0.417544,0.134061,0.63811,0.1127,0.13,
0.38,7,1,70,70,70,324,324,5453.07,79.8,314.8,159.74,16.42,0.157835,0.6703,0.373367,0.371637,0.112422,0.60405,0.1115,0.13,
0.38,7,2,70,70,70,357,357,5373.71,80.1,343.9,170.91,16.46,0.174947,0.842704,0.411278,0.395226,0.138947,0.6322,0.1142,0.13,
0.38,7,3,70,70,70,374,374,5469.73,79.8,360.1,171.34,16.55,0.188519,0.745811,0.375212,0.356371,0.114382,0.60611,0.1108,0.13,
0.38,7,4,70,70,70,363,363,6255.13,80.5,353.9,173.44,17.58,0.17729,0.827908,0.391877,0.383671,0.118656,0.61913,0.1116,0.13,
0.38,7,5,70,70,70,333,333,5378.63,81.9,322.9,180.78,16.43,0.195609,0.748796,0.411333,0.400478,0.140642,0.6321,0.1147,0.13,
0.38,7,6,70,70,70,338,338,5854.1,79.8,325.1,173.45,16.84,0.184797,0.69011,0.410624,0.412254,0.119382,0.63392,0.1143,0.13,
0.38,7,7,70,70,70,327,327,6014.68,79.8,316.9,166.3,16.73,0.154358,0.767178,0.392215,0.390645,0.123374,0.61871,0.1134,0.13,
0.38,7,8,70,70,70,410,410,5385.87,82.5,401,178.62,16.46,0.193663,0.722221,0.399994,0.399109,0.09259,0.62834,0.1157,0.13,
0.38,7,9,70,70,70,299,299,5800.41,79.8,287.9,166.53,16.64,0.127671,0.690727,0.391213,0.392563,0.113037,0.61863,0.1146,0.13,
0.39,3,0,70,70,70,203,203,5915.65,79.8,193.5,112.18,16.57,0.230798,0.678384,0.444678,0.449787,0.110637,0.66155,0.1184,0.13,
0.39,3,1,70,70,70,190,190,5453.07,79.8,180.1,117.01,15.53,0.213862,0.620891,0.422502,0.430017,0.095757,0.64562,0.1192,0.13,
0.39,3,2,70,70,70,240,240,5373.71,79.8,230.1,119.2,15.29,0.178134,0.735518,0.442594,0.434811,0.113219,0.65968,0.1205,0.13,
0.39,3,3,70,70,70,222,222,5469.73,79.8,210.1,115.43,15.47,0.238745,0.701808,0.441596,0.43557,0.105872,0.65983,0.1208,0.13,
0.39,3,4,70,70,70,223,223,6255.13,79.8,210.1,122.26,16.39,0.149499,0.753503,0.455709,0.46484,0.100869,0.67059,0.1217,0.13,
0.39,3,5,70,70,70,261,261,5378.63,79.8,250.1,120.64,15.29,0.25271,0.795342,0.453084,0.442769,0.10672,0.66858,0.1221,0.13,
0.39,3,6,70,70,70,238,238,5854.1,79.8,225.1,119,15.85,0.222403,0.748109,0.442722,0.453466,0.113339,0.65972,0.1197,0.13,
0.39,3,7,70,70,70,223,223,6014.68,79.8,210.1,114.7,15.77,0.229465,0.683812,0.448463,0.444151,0.099237,0.6656,0.1212,0.13,
0.39,3,8,70,70,70,218,218,5385.87,79.8,210.1,121.88,15.27,0.2146,0.759157,0.445972,0.433841,0.095632,0.66413,0.1222,0.13,
0.39,3,9,70,70,70,217,217,5800.41,79.8,205.1,121.79,15.93,0.255737,0.666189,0.430868,0.441371,0.081795,0.65338,0.1217,0.13,
0.39,3.5,0,70,70,70,206,206,5915.65,79.8,196.4,117.12,16.73,0.232639,0.688858,0.437372,0.439737,0.112974,0.65568,0.1171,0.13,
0.39,3.5,1,70,70,70,230,230,5453.07,79.8,220,124.03,15.76,0.190514,0.653922,0.431532,0.438417,0.095153,0.65272,0.1204,0.13,
0.39,3.5,2,70,70,70,251,251,5373.71,79.8,240.1,127.96,15.62,0.183971,0.779628,0.446604,0.448573,0.121988,0.662,0.1203,0.13,
0.39,3.5,3,70,70,70,226,226,5469.73,79.8,215.1,122.39,15.48,0.229268,0.755053,0.444461,0.422105,0.116902,0.66106,0.1209,0.13,
0.39,3.5,4,70,70,70,223,223,6255.13,79.8,210.1,129,16.7,0.137663,0.738698,0.458488,0.472171,0.101908,0.67258,0.1217,0.13,
0.39,3.5,5,70,70,70,280,280,5378.63,79.8,269.1,128.95,15.46,0.263407,0.870741,0.452596,0.448146,0.11111,0.66802,0.1214,0.13,
0.39,3.5,6,70,70,70,252,252,5854.1,79.8,241.8,126.19,15.91,0.230203,0.786916,0.451643,0.460605,0.116008,0.66643,0.1201,0.13,
0.39,3.5,7,70,70,70,303,303,6014.68,79.8,290.1,121.93,15.94,0.233097,0.661349,0.445917,0.440209,0.093986,0.66409,0.121,0.13,
0.39,3.5,8,70,70,70,236,236,5385.87,79.8,227,130.9,15.47,0.23342,0.831042,0.442898,0.422093,0.097085,0.6618,0.1221,0.13,
0.39,3.5,9,70,70,70,244,244,5800.41,79.8,233.3,127.59,16.1,0.24892,0.654416,0.440809,0.448474,0.086536,0.66064,0.1226,0.13,
0.39,4,0,70,70,70,210,210,5915.65,79.8,200.3,121.42,16.88,0.219577,0.759346,0.445489,0.441903,0.120122,0.66138,0.1178,0.13,
0.39,4,1,70,70,70,240,240,5453.07,79.8,230.1,130.81,15.83,0.187088,0.691782,0.425857,0.415938,0.102801,0.64771,0.1197,0.13,
0.39,4,2,70,70,70,256,256,5373.71,79.8,245.1,132.52,15.71,0.198836,0.772766,0.44796,0.45478,0.114202,0.66386,0.1206,0.13,
0.39,4,3,70,70,70,283,283,5469.73,79.8,271,130.73,15.84,0.203383,0.772945,0.438727,0.421262,0.114293,0.65692,0.1206,0.13,
0.39,4,4,70,70,70,228,228,6255.13,79.8,215.1,134.14,16.8,0.145144,0.80719,0.455946,0.481621,0.10771,0.67009,0.1212,0.13,
0.39,4,5,70,70,70,294,294,5378.63,79.8,283.1,137.32,15.69,0.207561,0.878493,0.449638,0.444582,0.124492,0.66449,0.12,0.13,
0.39,4,6,70,70,70,271,271,5854.1,79.8,260.4,130.85,16.01,0.235384,0.819238,0.446159,0.446708,0.128097,0.66115,0.1189,0.13,
0.39,4,7,70,70,70,303,303,6014.68,79.8,290.1,130.09,16.08,0.237027,0.657344,0.441445,0.429303,0.102007,0.66,0.1206,0.13,
0.39,4,8,70,70,70,249,249,5385.87,79.8,238.6,137.1,15.61,0.239489,0.897378,0.445824,0.421802,0.106695,0.66337,0.122,0.13,
0.39,4,9,70,70,70,286,286,5800.41,79.8,275.1,134.38,16.53,0.242816,0.650951,0.437108,0.445743,0.092412,0.65732,0.1218,0.13,
0.39,4.5,0,70,70,70,346,346,5915.65,79.8,335.1,130.6,17.25,0.191209,0.78509,0.440615,0.431595,0.127557,0.65681,0.1164,0.13,
0.39,4.5,1,70,70,70,247,247,5453.07,79.8,235.1,137.19,16.27,0.206505,0.636897,0.409512,0.408279,0.115058,0.63337,0.117,0.13,
0.39,4.5,2,70,70,70,311,311,5373.71,79.8,301.4,142.91,16.09,0.211164,0.76002,0.438155,0.419303,0.117958,0.65609,0.119,0.13,
0.39,4.5,3,70,70,70,295,295,5469.73,79.8,282.6,139.52,16.03,0.188479,0.786676,0.422504,0.400731,0.120873,0.6436,0.1176,0.13,
0.39,4.5,4,70,70,70,275,275,6255.13,79.8,265.1,142.49,17.15,0.196892,0.778243,0.445097,0.453101,0.102717,0.6626,0.1204,0.13,
0.39,4.5,5,70,70,70,298,298,5378.63,79.8,287.6,146.05,16.05,0.227358,0.923933,0.451386,0.42626,0.127588,0.66566,0.1204,0.13,
0.39,4.5,6,70,70,70,299,299,5854.1,79.8,286.6,137.12,16.41,0.222215,0.774288,0.439824,0.41138,0.128793,0.65622,0.1179,0.13,
0.39,4.5,7,70,70,70,308,308,6014.68,79.8,295.1,135.55,16.47,0.240914,0.673416,0.439556,0.424681,0.105159,0.65827,0.1203,0.13,
0.39,4.5,8,70,70,70,283,283,5385.87,79.8,272.5,146.56,16.02,0.239049,0.959429,0.444174,0.427535,0.110121,0.66189,0.1223,0.13,
0.39,4.5,9,70,70,70,291,291,5800.41,79.8,280.1,140.93,16.53,0.195489,0.678416,0.435757,0.439015,0.097979,0.65583,0.1215,0.13,
0.39,5,0,70,70,70,346,346,5915.65,79.8,335.1,138.25,17.4,0.181336,0.739749,0.441416,0.428576,0.126484,0.6574,0.1165,0.13,
0.39,5,1,70,70,70,247,247,5453.07,79.8,236.1,142.68,16.34,0.195225,0.647258,0.402437,0.402576,0.113103,0.62811,0.1164,0.13,
0.39,5,2,70,70,70,320,320,5373.71,79.8,310.1,146.75,16.13,0.227202,0.763352,0.443962,0.434851,0.123916,0.66,0.1195,0.13,
0.39,5,3,70,70,70,300,300,5469.73,79.8,287.7,148.76,16.33,0.160556,0.716248,0.418572,0.397131,0.122331,0.64028,0.1167,0.13,
0.39,5,4,70,70,70,280,280,6255.13,80.4,270.1,150.54,17.19,0.161029,0.765722,0.444273,0.448667,0.097991,0.66236,0.1201,0.13,
0.39,5,5,70,70,70,305,305,5378.63,79.8,294.6,154.61,16.08,0.219489,0.959392,0.441514,0.425909,0.132428,0.65754,0.1187,0.13,
0.39,5,6,70,70,70,303,303,5854.1,79.8,290.9,143.08,16.42,0.206721,0.729598,0.437112,0.419182,0.123051,0.65454,0.1178,0.13,
0.39,5,7,70,70,70,308,308,6014.68,79.8,295.1,140.8,16.45,0.214729,0.68707,0.430411,0.419005,0.112371,0.65054,0.1191,0.13,
0.39,5,8,70,70,70,290,290,5385.87,79.8,279.2,155.32,16.13,0.230423,1.01782,0.43628,0.423059,0.116054,0.65531,0.1208,0.13,
0.39,5,9,70,70,70,291,291,5800.41,79.8,280.1,148.16,17.8,0.164274,0.61783,0.420566,0.429174,0.09573,0.64394,0.1193,0.13,
0.39,5.5,0,70,70,70,346,346,5915.65,79.8,335.1,144.79,18.74,0.199015,0.759061,0.444977,0.429742,0.125324,0.66026,0.1168,0.13,
0.39,5.5,1,70,70,70,252,252,5453.07,79.8,240.1,145.89,17.4,0.168121,0.670903,0.401157,0.398082,0.113068,0.62696,0.116,0.13,
0.39,5.5,2,70,70,70,320,320,5373.71,79.8,310.1,154.39,17.74,0.167734,0.803787,0.442629,0.448019,0.132219,0.65785,0.1192,0.13,
0.39,5.5,3,70,70,70,333,333,5469.73,79.8,320.1,156.91,17.65,0.17446,0.726642,0.419385,0.407155,0.126036,0.64051,0.1164,0.13,
0.39,5.5,4,70,70,70,355,355,6255.13,90.1,345.1,157.83,18.68,0.165448,0.819617,0.427716,0.423237,0.110403,0.64858,0.1174,0.13,
0.39,5.5,5,70,70,70,313,313,5378.63,79.8,302.2,163.22,17.62,0.234218,0.953857,0.429717,0.420476,0.136693,0.64787,0.117,0.13,
0.39,5.5,6,70,70,70,328,328,5854.1,79.8,315.1,156.39,18.01,0.223156,0.753507,0.442663,0.438802,0.127519,0.65829,0.118,0.13,
0.39,5.5,7,70,70,70,313,313,6014.68,79.8,300.1,147.09,17.94,0.218146,0.709871,0.422997,0.407606,0.118,0.64431,0.1184,0.13,
0.39,5.5,8,70,70,70,340,340,5385.87,79.8,330.1,164.61,17.47,0.222176,1.07784,0.428623,0.411473,0.12065,0.64919,0.1195,0.13,
0.39,5.5,9,70,70,70,291,291,5800.41,79.8,280.1,151.9,19.18,0.151275,0.645844,0.419617,0.430839,0.093682,0.6433,0.1192,0.13,
0.39,6,0,70,70,70,348,348,5915.65,79.8,338,152.67,20.3,0.178387,0.949082,0.435644,0.423935,0.136651,0.652,0.1156,0.13,
0.39,6,1,70,70,70,268,268,5453.07,79.8,257.7,150.1,18.81,0.175326,0.664101,0.393801,0.39073,0.115922,0.62077,0.1151,0.13,
0.39,6,2,70,70,70,349,349,5373.71,81.3,335.3,162.54,18.68,0.230925,0.841999,0.427885,0.419569,0.128109,0.64694,0.1173,0.13,
0.39,6,3,70,70,70,374,374,5469.73,79.8,360.1,164.01,18.87,0.18063,0.737699,0.40656,0.396148,0.115661,0.63147,0.1151,0.13,
0.39,6,4,70,70,70,360,360,6255.13,79.8,350.1,164.79,19.88,0.164376,0.841416,0.421025,0.42114,0.113137,0.64306,0.1157,0.13,
0.39,6,5,70,70,70,317,317,5378.63,79.8,306.9,168.37,18.61,0.237236,1.00576,0.433082,0.418394,0.147136,0.64931,0.1171,0.13,
0.39,6,6,70,70,70,333,333,5854.1,79.8,320.1,162.91,19.22,0.187128,0.695535,0.431165,0.432603,0.126491,0.6494,0.1165,0.13,
0.39,6,7,70,70,70,313,313,6014.68,79.8,300.1,153.71,19.09,0.21168,0.749052,0.420566,0.413188,0.120881,0.64212,0.1179,0.13,
0.39,6,8,70,70,70,357,357,5385.87,79.8,347.2,166.73,19.13,0.26107,1.04948,0.429408,0.412024,0.11795,0.65016,0.1194,0.13,
0.39,6,9,70,70,70,296,296,5800.41,79.8,285.1,156.45,17.26,0.141635,0.67496,0.414678,0.42197,0.095495,0.63926,0.1184,0.13,
0.39,6.5,0,70,70,70,351,351,5915.65,79.8,340.1,161.13,18.27,0.182567,0.959026,0.436617,0.433217,0.143971,0.65184,0.1151,0.13,
0.39,6.5,1,70,70,70,324,324,5453.07,79.8,314.9,158.97,17.28,0.168092,0.763398,0.393458,0.397082,0.126946,0.6192,0.1139,0.13,
0.39,6.5,2,70,70,70,353,353,5373.71,81.4,339.3,169.82,16.97,0.180433,0.810839,0.426822,0.424946,0.137719,0.64472,0.1167,0.13,
0.39,6.5,3,70,70,70,374,374,5469.73,79.8,360.1,171.91,17.21,0.198829,0.762832,0.3912,0.384809,0.120593,0.61858,0.1126,0.13,
0.39,6.5,4,70,70,70,362,362,6255.13,79.9,352.1,169.55,18.08,0.176644,0.857821,0.418314,0.403983,0.12227,0.63992,0.115,0.13,
0.39,6.5,5,70,70,70,329,329,5378.63,79.8,318.3,179.38,17,0.216617,0.752986,0.425787,0.409172,0.141112,0.64368,0.1164,0.13,
0.39,6.5,6,70,70,70,336,336,5854.1,79.8,323.4,170.34,17.45,0.210451,0.698562,0.423963,0.426046,0.12515,0.64391,0.116,0.13,
0.39,6.5,7,70,70,70,330,330,6014.68,79.8,319.2,162.91,17.22,0.181381,0.783918,0.411937,0.398397,0.125645,0.63465,0.1163,0.13,
0.39,6.5,8,70,70,70,410,410,5385.87,79.8,400.1,176.87,16.92,0.195107,0.639572,0.415955,0.410716,0.087877,0.64137,0.1181,0.13,
0.39,6.5,9,70,70,70,365,365,5800.41,79.8,353.5,162.08,16.91,0.131905,0.700255,0.403119,0.404815,0.099423,0.62974,0.1167,0.13,
0.39,7,0,70,70,70,351,351,5915.65,79.8,340.1,165.76,18.02,0.177006,0.828284,0.427047,0.41303,0.137075,0.64501,0.1138,0.13,
0.39,7,1,70,70,70,381,381,5453.07,80.1,371.3,166.28,16.86,0.163588,0.648937,0.375151,0.361085,0.111496,0.60582,0.1115,0.13,
0.39,7,2,70,70,70,379,379,5373.71,82,365.1,176.31,16.82,0.183189,0.751531,0.419788,0.413292,0.138868,0.63903,0.1154,0.13,
0.39,7,3,70,70,70,378,378,5469.73,79.8,364.1,175.53,16.87,0.166826,0.784925,0.389014,0.37303,0.120402,0.61689,0.1124,0.13,
0.39,7,4,70,70,70,365,365,6255.13,80.6,355.1,177.32,17.85,0.186783,0.869618,0.401507,0.386443,0.122763,0.62663,0.1126,0.13,
0.39,7,5,70,70,70,334,334,5378.63,82.2,323.6,188.84,16.85,0.205371,0.761737,0.414367,0.390308,0.14461,0.63418,0.115,0.13,
0.39,7,6,70,70,70,338,338,5854.1,79.8,325.1,180.12,17.2,0.192512,0.707806,0.42212,0.427468,0.123692,0.64264,0.1156,0.13,
0.39,7,7,70,70,70,331,331,6014.68,79.8,320.1,169.56,17.09,0.157908,0.805917,0.397063,0.391867,0.120091,0.62316,0.1145,0.13,
0.39,7,8,70,70,70,415,415,5385.87,82.8,405.1,183.59,16.75,0.2025,0.601057,0.401548,0.40085,0.082646,0.63029,0.1163,0.13,
0.39,7,9,70,70,70,369,369,5800.41,79.8,357.1,170.88,17.15,0.132222,0.723563,0.392503,0.39471,0.114074,0.61961,0.1146,0.13,
0.4,3,0,70,70,70,203,203,5915.65,79.8,193.9,113.83,16.7,0.239113,0.707289,0.453683,0.452762,0.109938,0.66853,0.1196,0.13,
0.4,3,1,70,70,70,214,214,5453.07,79.8,203.5,120.44,15.66,0.220352,0.647616,0.428071,0.430077,0.098824,0.64976,0.1197,0.13,
0.4,3,2,70,70,70,240,240,5373.71,79.8,230.1,121.27,15.47,0.185975,0.746734,0.455576,0.45627,0.115624,0.6694,0.1221,0.13,
0.4,3,3,70,70,70,223,223,5469.73,79.8,210.6,118.05,15.67,0.248687,0.708494,0.446829,0.43095,0.107632,0.66372,0.1214,0.13,
0.4,3,4,70,70,70,223,223,6255.13,79.8,210.1,125.74,16.74,0.154984,0.774608,0.457761,0.473389,0.098459,0.67238,0.1221,0.13,
0.4,3,5,70,70,70,264,264,5378.63,79.8,253.2,124.81,15.47,0.262647,0.834418,0.463998,0.449345,0.106259,0.67689,0.123,0.13,
0.4,3,6,70,70,70,238,238,5854.1,79.8,225.1,122.95,16,0.230963,0.778853,0.451237,0.46087,0.114148,0.66626,0.1205,0.13,
0.4,3,7,70,70,70,227,227,6014.68,79.8,214.9,117.49,16.02,0.239097,0.717255,0.449875,0.450409,0.09532,0.66697,0.1215,0.13,
0.4,3,8,70,70,70,219,219,5385.87,79.8,210.1,124.79,15.33,0.223359,0.795767,0.446992,0.431743,0.092757,0.66516,0.1226,0.13,
0.4,3,9,70,70,70,221,221,5800.41,79.8,210.1,125.29,16.14,0.264167,0.601028,0.433851,0.43528,0.078187,0.65593,0.1218,0.13,
0.4,3.5,0,70,70,70,207,207,5915.65,79.8,197.1,120.01,16.94,0.240903,0.700295,0.443743,0.44163,0.113288,0.66063,0.1178,0.13,
0.4,3.5,1,70,70,70,234,234,5453.07,79.8,223.8,127.02,16.01,0.197605,0.682043,0.434211,0.431056,0.098405,0.6546,0.1207,0.13,
0.4,3.5,2,70,70,70,251,251,5373.71,79.8,240.1,129.37,15.82,0.192371,0.76453,0.455206,0.460766,0.115459,0.66911,0.1216,0.13,
0.4,3.5,3,70,70,70,276,276,5469.73,79.8,264,128.4,15.83,0.237502,0.743678,0.448628,0.426617,0.116016,0.66441,0.1217,0.13,
0.4,3.5,4,70,70,70,223,223,6255.13,79.8,210.1,131.99,16.99,0.141803,0.765377,0.462554,0.481659,0.099257,0.6759,0.1223,0.13,
0.4,3.5,5,70,70,70,285,285,5378.63,79.8,274.9,134.67,15.76,0.273143,0.862489,0.445876,0.431864,0.108039,0.66322,0.1204,0.13,
0.4,3.5,6,70,70,70,253,253,5854.1,79.8,242.5,128.3,16.18,0.239133,0.819504,0.456146,0.448928,0.120086,0.6696,0.1205,0.13,
0.4,3.5,7,70,70,70,303,303,6014.68,79.8,290.1,126,16.27,0.242786,0.68982,0.449542,0.447164,0.094451,0.6668,0.1215,0.13,
0.4,3.5,8,70,70,70,241,241,5385.87,79.8,230.1,135.83,15.7,0.242249,0.871755,0.437565,0.415202,0.099794,0.65752,0.1213,0.13,
0.4,3.5,9,70,70,70,246,246,5800.41,79.8,235.1,132.09,16.21,0.257535,0.68191,0.447343,0.453309,0.093062,0.66511,0.1229,0.13,
0.4,4,0,70,70,70,249,249,5915.65,79.8,237.3,127.25,17.09,0.227926,0.799555,0.451484,0.438619,0.120821,0.666,0.1182,0.13,
0.4,4,1,70,70,70,247,247,5453.07,79.8,235.1,135.57,16.09,0.193551,0.723495,0.428087,0.432992,0.111108,0.64863,0.1197,0.13,
0.4,4,2,70,70,70,310,310,5373.71,79.8,300.7,136.12,15.88,0.210715,0.780659,0.455929,0.463338,0.11181,0.67015,0.1215,0.13,
0.4,4,3,70,70,70,291,291,5469.73,79.8,278.2,134.17,16.01,0.210394,0.757242,0.445452,0.42352,0.116354,0.66191,0.121,0.13,
0.4,4,4,70,70,70,275,275,6255.13,79.8,265.1,140.7,16.98,0.152028,0.773061,0.454908,0.462148,0.105891,0.66958,0.121,0.13,
0.4,4,5,70,70,70,295,295,5378.63,79.8,284.1,142.03,15.81,0.214458,0.921279,0.457434,0.452875,0.122895,0.67062,0.1211,0.13,
0.4,4,6,70,70,70,271,271,5854.1,79.8,260.9,133.37,16.22,0.244412,0.855962,0.454546,0.437918,0.132976,0.66715,0.1197,0.13,
0.4,4,7,70,70,70,308,308,6014.68,79.8,295.1,132.81,16.31,0.246597,0.678624,0.448451,0.436767,0.104256,0.66521,0.1216,0.13,
0.4,4,8,70,70,70,252,252,5385.87,79.8,240.1,141.36,15.65,0.249978,0.942031,0.44935,0.425549,0.111654,0.6657,0.1226,0.13,
0.4,4,9,70,70,70,288,288,5800.41,79.8,277.5,141.27,16.62,0.242584,0.667255,0.439221,0.440922,0.09606,0.65869,0.1219,0.13,
0.4,4.5,0,70,70,70,346,346,5915.65,79.8,335.1,133.45,17.47,0.197544,0.819832,0.448655,0.433465,0.12853,0.663,0.1174,0.13,
0.4,4.5,1,70,70,70,255,255,5453.07,79.8,245.8,141.11,16.38,0.213204,0.644354,0.411015,0.415588,0.114142,0.63476,0.1174,0.13,
0.4,4.5,2,70,70,70,320,320,5373.71,79.8,310.1,146.37,16.16,0.145049,0.752233,0.440496,0.429269,0.119367,0.65753,0.1191,0.13,
0.4,4.5,3,70,70,70,296,296,5469.73,79.8,283.1,141.54,16.23,0.195338,0.766261,0.431979,0.409107,0.122673,0.65086,0.119,0.13,
0.4,4.5,4,70,70,70,278,278,6255.13,79.8,268.4,147.02,17.18,0.164804,0.80844,0.451044,0.457453,0.0992,0.66734,0.121,0.13,
0.4,4.5,5,70,70,70,299,299,5378.63,79.8,288.3,152.82,16.13,0.235897,0.969322,0.447322,0.434958,0.129164,0.66249,0.1199,0.13,
0.4,4.5,6,70,70,70,300,300,5854.1,79.8,287.2,141.77,16.5,0.228753,0.756931,0.449309,0.434702,0.125943,0.66376,0.1192,0.13,
0.4,4.5,7,70,70,70,308,308,6014.68,79.8,295.1,137.73,16.45,0.250553,0.690437,0.445581,0.430009,0.107757,0.66277,0.1212,0.13,
0.4,4.5,8,70,70,70,287,287,5385.87,79.8,275.1,153.97,16.07,0.257455,1.00773,0.447635,0.435036,0.113844,0.66432,0.1224,0.13,
0.4,4.5,9,70,70,70,291,291,5800.41,79.8,280.1,145.48,16.53,0.183315,0.654824,0.435219,0.438474,0.099341,0.65517,0.121,0.13,
0.4,5,0,70,70,70,346,346,5915.65,79.8,335.1,144.52,17.48,0.189606,0.774692,0.442197,0.431044,0.127385,0.65803,0.1165,0.13,
0.4,5,1,70,70,70,252,252,5453.07,79.8,240.1,144.73,16.18,0.201896,0.672315,0.409053,0.414621,0.110386,0.63373,0.1174,0.13,
0.4,5,2,70,70,70,320,320,5373.71,79.8,310.1,152.85,16.21,0.178394,0.799745,0.44143,0.437455,0.125571,0.65782,0.1191,0.13,
0.4,5,3,70,70,70,301,301,5469.73,79.8,290.1,152.02,16.31,0.165934,0.743091,0.430853,0.414606,0.123548,0.64987,0.1182,0.13,
0.4,5,4,70,70,70,355,355,6255.13,80.6,345.1,154.82,17.37,0.166636,0.826752,0.453756,0.456319,0.103649,0.66914,0.1209,0.13,
0.4,5,5,70,70,70,306,306,5378.63,79.8,295.3,160.5,16.11,0.226403,0.993096,0.438733,0.426797,0.137093,0.655,0.1182,0.13,
0.4,5,6,70,70,70,304,304,5854.1,79.8,291.3,152.63,16.61,0.212504,0.7622,0.445652,0.437058,0.130497,0.66041,0.1183,0.13,
0.4,5,7,70,70,70,309,309,6014.68,79.8,296.4,146.76,16.44,0.224565,0.701923,0.431964,0.420033,0.108211,0.65225,0.1196,0.13,
0.4,5,8,70,70,70,291,291,5385.87,79.8,279.7,161.34,15.94,0.239084,1.06974,0.440555,0.420515,0.11656,0.6588,0.1215,0.13,
0.4,5,9,70,70,70,291,291,5800.41,79.8,280.1,151.93,16.56,0.15185,0.649638,0.423865,0.423216,0.099569,0.64625,0.1195,0.13,
0.4,5.5,0,70,70,70,351,351,5915.65,79.8,340.1,152.24,17.65,0.18415,0.795604,0.446279,0.440623,0.124204,0.66144,0.1166,0.13,
0.4,5.5,1,70,70,70,283,283,5453.07,79.8,272.5,149.21,16.37,0.174655,0.700222,0.404278,0.404533,0.118029,0.62906,0.1164,0.13,
0.4,5.5,2,70,70,70,345,345,5373.71,79.8,331.6,160.56,16.32,0.174612,0.84324,0.447008,0.461602,0.12561,0.6619,0.1202,0.13,
0.4,5.5,3,70,70,70,374,374,5469.73,79.8,360.1,162.18,16.5,0.182799,0.745407,0.426034,0.411043,0.123262,0.64612,0.1174,0.13,
0.4,5.5,4,70,70,70,360,360,6255.13,90.1,350.1,162.98,17.46,0.177832,0.776208,0.43522,0.433858,0.105754,0.65473,0.1181,0.13,
0.4,5.5,5,70,70,70,314,314,5378.63,79.8,303.1,168.62,16.23,0.242378,0.937594,0.440879,0.425754,0.136601,0.65659,0.1185,0.13,
0.4,5.5,6,70,70,70,333,333,5854.1,79.8,320.1,158.13,16.79,0.208794,0.788736,0.44832,0.428012,0.134042,0.66203,0.1186,0.13,
0.4,5.5,7,70,70,70,313,313,6014.68,79.8,300.1,153.59,16.72,0.227556,0.721203,0.419616,0.403341,0.114235,0.64214,0.1181,0.13,
0.4,5.5,8,70,70,70,340,340,5385.87,79.8,330.1,167.01,16.17,0.272769,1.05227,0.433934,0.414699,0.115407,0.65384,0.1204,0.13,
0.4,5.5,9,70,70,70,296,296,5800.41,79.8,285.1,157.12,16.72,0.147485,0.675354,0.419596,0.423417,0.096428,0.64318,0.119,0.13,
0.4,6,0,70,70,70,351,351,5915.65,79.8,340.1,156.93,17.81,0.188443,0.954995,0.442127,0.432547,0.135656,0.65724,0.1163,0.13,
0.4,6,1,70,70,70,289,289,5453.07,79.8,278.6,153.11,16.49,0.177729,0.666315,0.403353,0.406276,0.118401,0.62823,0.1163,0.13,
0.4,6,2,70,70,70,349,349,5373.71,81.6,335.7,168.26,16.47,0.188025,0.883495,0.436406,0.42364,0.131216,0.6533,0.1182,0.13,
0.4,6,3,70,70,70,374,374,5469.73,79.8,360.1,171.42,16.58,0.192144,0.775414,0.412582,0.397209,0.121331,0.63581,0.1155,0.13,
0.4,6,4,70,70,70,360,360,6255.13,79.8,350.3,167.73,17.56,0.177327,0.790456,0.430794,0.438887,0.111444,0.65075,0.1168,0.13,
0.4,6,5,70,70,70,318,318,5378.63,79.8,308,174.09,16.37,0.244772,0.948123,0.436732,0.419183,0.143367,0.6526,0.1177,0.13,
0.4,6,6,70,70,70,333,333,5854.1,79.8,320.1,165.83,16.81,0.19428,0.732151,0.440538,0.43543,0.130559,0.65637,0.1175,0.13,
0.4,6,7,70,70,70,331,331,6014.68,79.8,320.1,159.96,16.83,0.222602,0.785683,0.417186,0.411219,0.114931,0.64012,0.1182,0.13,
0.4,6,8,70,70,70,367,367,5385.87,79.8,357,174.91,16.33,0.201009,1.04666,0.426859,0.420971,0.114124,0.64832,0.1187,0.13,
0.4,6,9,70,70,70,361,361,5800.41,79.8,349.9,160.2,16.78,0.138196,0.704107,0.420094,0.424471,0.095277,0.64356,0.119,0.13,
0.4,6.5,0,70,70,70,351,351,5915.65,79.8,340.1,164.94,17.99,0.189078,0.971305,0.434955,0.415749,0.139678,0.65138,0.115,0.13,
0.4,6.5,1,70,70,70,378,378,5453.07,79.8,368.7,164.35,16.77,0.169145,0.670311,0.391678,0.391851,0.124561,0.61792,0.1139,0.13,
0.4,6.5,2,70,70,70,379,379,5373.71,86.1,365.1,177.86,16.77,0.188754,0.780725,0.421926,0.418448,0.131245,0.6417,0.1162,0.13,
0.4,6.5,3,70,70,70,379,379,5469.73,79.8,365.1,175.62,16.79,0.205309,0.79175,0.400458,0.386813,0.124605,0.62585,0.1138,0.13,
0.4,6.5,4,70,70,70,365,365,6255.13,80.1,355.1,175.67,17.9,0.184797,0.80021,0.417955,0.402527,0.115872,0.64025,0.1149,0.13,
0.4,6.5,5,70,70,70,330,330,5378.63,79.8,319.5,184.16,16.65,0.223381,0.788288,0.431811,0.419218,0.143146,0.64843,0.1176,0.13,
0.4,6.5,6,70,70,70,338,338,5854.1,79.8,325.1,175.53,17.08,0.218764,0.698876,0.433398,0.432444,0.121271,0.65181,0.1172,0.13,
0.4,6.5,7,70,70,70,331,331,6014.68,79.8,320.1,167.7,17.01,0.186041,0.822477,0.403915,0.384233,0.124572,0.62835,0.1155,0.13,
0.4,6.5,8,70,70,70,415,415,5385.87,79.8,405.1,183.57,16.75,0.20337,0.665063,0.422613,0.416942,0.09369,0.64609,0.1181,0.13,
0.4,6.5,9,70,70,70,366,366,5800.41,79.8,354.5,168.55,16.88,0.136466,0.731493,0.406922,0.39962,0.103518,0.63245,0.117,0.13,
0.4,7,0,70,70,70,351,351,5915.65,79.8,340.6,171.64,17.98,0.179881,0.867246,0.428941,0.41828,0.138993,0.64651,0.1144,0.13,
0.4,7,1,70,70,70,381,381,5453.07,80.9,371.9,169.91,16.86,0.169621,0.681654,0.386773,0.371099,0.117051,0.615,0.1133,0.13,
0.4,7,2,70,70,70,379,379,5373.71,89.5,365.1,184.22,16.95,0.191411,0.789472,0.416616,0.394498,0.137609,0.63686,0.1151,0.13,
0.4,7,3,70,70,70,379,379,5469.73,79.8,365.1,179.14,16.88,0.17548,0.804719,0.397458,0.383363,0.121209,0.62372,0.1136,0.13,
0.4,7,4,70,70,70,372,372,6255.13,80.8,362.2,179.84,17.68,0.196102,0.806157,0.411816,0.40188,0.112581,0.63578,0.1143,0.13,
0.4,7,5,70,70,70,335,335,5378.63,82.6,324.3,191.38,16.74,0.215028,0.794221,0.425882,0.408116,0.143941,0.64354,0.1168,0.13,
0.4,7,6,70,70,70,341,341,5854.1,79.8,328.3,183.65,17.02,0.20018,0.739868,0.434542,0.440911,0.130345,0.65174,0.1167,0.13,
0.4,7,7,70,70,70,331,331,6014.68,79.8,320.1,173.31,16.93,0.161168,0.845666,0.402991,0.397002,0.1275,0.62707,0.1152,0.13,
0.4,7,8,70,70,70,415,415,5385.87,83.2,405.1,188.92,16.62,0.211691,0.607171,0.404697,0.402879,0.08518,0.63251,0.1162,0.13,
0.4,7,9,70,70,70,369,369,5800.41,79.8,357.7,173.38,8.68,0.13697,0.744692,0.403089,0.400946,0.116871,0.62797,0.116,0.13,
