I_U,T_INT,seed,nodes_measured,n_targets,total_assignments,sim_elapsed_s,total_survey_time_s,fleet_distance_m,conv_time_min_s,conv_time_max_s,conv_time_mean_s,wall_time_s,var_Ubar_min,var_Ubar_max,var_Ubar_mean,var_Ubar_median,var_Ubar_std,sigma_Ubar_mean,ci_rel_mean,ci_rel_max,error
0.25,3,0,70,70,70,156,156,5915.65,79.8,145.9,93,12.91,0.129226,0.372262,0.261521,0.260648,0.0515,0.50881,0.0917,0.1,
0.25,3,1,70,70,70,178,178,5453.07,79.8,165.1,96.56,12.18,0.128416,0.344342,0.257171,0.258939,0.042397,0.5053,0.0934,0.1,
0.25,3,2,70,70,70,150,150,5373.71,79.8,140.1,94.53,11.79,0.096594,0.371351,0.256881,0.259632,0.059399,0.50314,0.092,0.1,
0.25,3,3,70,70,70,193,193,5469.73,79.8,180.1,97.89,12.07,0.132961,0.368022,0.26671,0.267815,0.0497,0.51411,0.0944,0.1,
0.25,3,4,70,70,70,169,169,6255.13,79.8,155.1,96.26,12.72,0.142655,0.378018,0.270407,0.276141,0.048087,0.51781,0.0945,0.1,
0.25,3,5,70,70,70,185,185,5378.63,79.8,175.1,97,11.75,0.162596,0.398692,0.266769,0.265771,0.046492,0.51452,0.0947,0.1,
0.25,3,6,70,70,70,188,188,5854.1,79.8,175.1,98,12.42,0.129954,0.387978,0.263704,0.268029,0.0535,0.51068,0.0935,0.1,
0.25,3,7,70,70,70,150,150,6014.68,79.8,137.7,94.85,12.27,0.114992,0.349599,0.263637,0.26877,0.052027,0.51063,0.0931,0.1,
0.25,3,8,70,70,70,186,186,5385.87,79.8,176.5,99.54,11.94,0.194891,0.416751,0.27178,0.26846,0.044828,0.51962,0.0954,0.1,
0.25,3,9,70,70,70,190,190,5800.41,79.8,180.1,100.6,12.25,0.148194,0.355064,0.259187,0.267183,0.043081,0.50725,0.0939,0.1,
0.25,3.5,0,70,70,70,187,187,5915.65,79.8,175.1,98.36,13.97,0.130888,0.387372,0.261485,0.265468,0.050378,0.50887,0.0917,0.1,
0.25,3.5,1,70,70,70,178,178,5453.07,79.8,165.1,99.99,12.96,0.135589,0.354658,0.257087,0.259098,0.042516,0.5052,0.0934,0.1,
0.25,3.5,2,70,70,70,163,163,5373.71,79.8,150.1,99.16,12.6,0.099317,0.393846,0.259632,0.261889,0.061063,0.50573,0.0922,0.1,
0.25,3.5,3,70,70,70,197,197,5469.73,79.8,184.2,101.49,12.71,0.142173,0.371036,0.268435,0.266582,0.046752,0.51609,0.0946,0.1,
0.25,3.5,4,70,70,70,174,174,6255.13,79.8,164,100.64,13.53,0.153345,0.390182,0.268959,0.269838,0.047541,0.51649,0.0942,0.1,
0.25,3.5,5,70,70,70,256,256,5378.63,79.8,245.1,103.74,12.82,0.167127,0.424884,0.265566,0.272625,0.048818,0.51313,0.0943,0.1,
0.25,3.5,6,70,70,70,191,191,5854.1,79.8,178.5,102.05,13.13,0.133533,0.405206,0.263698,0.267371,0.054955,0.51056,0.0933,0.1,
0.25,3.5,7,70,70,70,180,180,6014.68,79.8,167.3,99.72,13.23,0.11451,0.355173,0.264177,0.271131,0.052862,0.51112,0.0933,0.1,
0.25,3.5,8,70,70,70,195,195,5385.87,79.8,185.2,105.62,12.52,0.181005,0.416912,0.2707,0.268965,0.048905,0.51825,0.0952,0.1,
0.25,3.5,9,70,70,70,195,195,5800.41,79.8,185.1,104.58,12.88,0.140396,0.360611,0.260731,0.268677,0.043159,0.50877,0.0943,0.1,
0.25,4,0,70,70,70,192,192,5915.65,79.8,180.1,102.22,13.8,0.132729,0.379366,0.264388,0.265492,0.053591,0.51145,0.092,0.1,
0.25,4,1,70,70,70,183,183,5453.07,79.8,170.1,103.92,12.93,0.128959,0.356363,0.257131,0.265047,0.04384,0.50509,0.0932,0.1,
0.25,4,2,70,70,70,163,163,5373.71,79.8,150.1,102.04,12.84,0.102646,0.395727,0.259135,0.262726,0.059714,0.50544,0.0922,0.1,
0.25,4,3,70,70,70,198,198,5469.73,79.8,185.1,103.86,12.82,0.149826,0.375087,0.269308,0.265276,0.047615,0.51692,0.0948,0.1,
0.25,4,4,70,70,70,186,186,6255.13,79.8,176.8,104.82,13.55,0.150991,0.397965,0.270592,0.269575,0.047487,0.51811,0.0945,0.1,
0.25,4,5,70,70,70,256,256,5378.63,79.8,245.1,107.49,12.71,0.163956,0.407942,0.266023,0.266197,0.047459,0.51372,0.0942,0.1,
0.25,4,6,70,70,70,218,218,5854.1,79.8,207.4,105.63,13.24,0.137093,0.419136,0.265835,0.267599,0.057907,0.5124,0.0936,0.1,
0.25,4,7,70,70,70,191,191,6014.68,79.8,178.6,102.47,13.05,0.114872,0.380238,0.266437,0.274344,0.052948,0.51337,0.0938,0.1,
0.25,4,8,70,70,70,209,209,5385.87,79.8,199.1,109.85,12.64,0.153636,0.434394,0.2653,0.264639,0.051944,0.51267,0.0943,0.1,
0.25,4,9,70,70,70,195,195,5800.41,79.8,185.1,107.8,13.05,0.145021,0.366121,0.261723,0.271124,0.041502,0.50989,0.0947,0.1,
0.25,4.5,0,70,70,70,192,192,5915.65,79.8,180.6,104.95,14.05,0.134806,0.39117,0.265872,0.265342,0.058942,0.5124,0.0923,0.1,
0.25,4.5,1,70,70,70,184,184,5453.07,79.8,172.9,109,13.19,0.125548,0.359149,0.256944,0.266903,0.046754,0.50463,0.093,0.1,
0.25,4.5,2,70,70,70,206,206,5373.71,79.8,196.2,105.75,12.96,0.106362,0.393579,0.259417,0.26405,0.05988,0.50572,0.0927,0.1,
0.25,4.5,3,70,70,70,214,214,5469.73,79.8,201.1,106.23,12.94,0.156197,0.385449,0.268742,0.265844,0.050058,0.51612,0.0947,0.1,
0.25,4.5,4,70,70,70,218,218,6255.13,79.8,205.1,110.47,13.92,0.153392,0.40567,0.269687,0.267798,0.050963,0.51693,0.0942,0.1,
0.25,4.5,5,70,70,70,261,261,5378.63,79.8,250.1,110.96,13.02,0.155263,0.428534,0.263172,0.264195,0.050128,0.51071,0.0936,0.1,
0.25,4.5,6,70,70,70,221,221,5854.1,79.8,210.1,110.7,13.56,0.140619,0.430791,0.269268,0.267346,0.059723,0.51563,0.094,0.1,
0.25,4.5,7,70,70,70,193,193,6014.68,79.8,180.1,105.08,13.29,0.115811,0.38546,0.267919,0.26427,0.054166,0.51475,0.0939,0.1,
0.25,4.5,8,70,70,70,214,214,5385.87,79.8,204.5,112.85,12.96,0.147352,0.445737,0.265254,0.266755,0.055014,0.51238,0.0944,0.1,
0.25,4.5,9,70,70,70,196,196,5800.41,79.8,186.3,110.77,13.4,0.159784,0.341436,0.260388,0.265766,0.040396,0.50867,0.0944,0.1,
0.25,5,0,70,70,70,197,197,5915.65,79.8,185.1,108.29,14.27,0.139806,0.394163,0.260261,0.258208,0.057977,0.50688,0.0911,0.1,
0.25,5,1,70,70,70,235,235,5453.07,79.8,225.1,113.16,13.44,0.108625,0.353934,0.25414,0.256691,0.049314,0.50152,0.0925,0.1,
0.25,5,2,70,70,70,210,210,5373.71,79.8,201,110.12,13.09,0.110259,0.414133,0.261915,0.26513,0.062463,0.50793,0.0929,0.1,
0.25,5,3,70,70,70,221,221,5469.73,79.8,209,109.64,13.45,0.122629,0.383244,0.262815,0.264715,0.053067,0.50991,0.0935,0.1,
0.25,5,4,70,70,70,223,223,6255.13,79.8,210.1,114.73,14.21,0.093286,0.411698,0.263088,0.261938,0.055212,0.50986,0.0929,0.1,
0.25,5,5,70,70,70,261,261,5378.63,79.8,250.1,113.95,13.31,0.149204,0.443904,0.262821,0.261523,0.05396,0.51001,0.0936,0.1,
0.25,5,6,70,70,70,224,224,5854.1,79.8,214,113.78,13.7,0.144077,0.440868,0.264937,0.271775,0.060202,0.51132,0.093,0.1,
0.25,5,7,70,70,70,210,210,6014.68,79.8,197.4,108.53,13.6,0.117196,0.384613,0.267664,0.266095,0.054884,0.51446,0.0939,0.1,
0.25,5,8,70,70,70,219,219,5385.87,79.8,209.6,117.41,13.26,0.136996,0.454332,0.260705,0.255669,0.055934,0.50785,0.0936,0.1,
0.25,5,9,70,70,70,200,200,5800.41,79.8,190.1,113.52,13.61,0.160686,0.34026,0.258786,0.266154,0.039987,0.50711,0.0941,0.1,
0.25,5.5,0,70,70,70,197,197,5915.65,79.8,185.1,111.82,14.52,0.133411,0.410459,0.258151,0.265174,0.06203,0.50421,0.0905,0.1,
0.25,5.5,1,70,70,70,235,235,5453.07,79.8,225.1,115.2,13.47,0.096533,0.357907,0.250212,0.253365,0.048619,0.49761,0.0916,0.1,
0.25,5.5,2,70,70,70,215,215,5373.71,79.8,205.1,115.34,13.46,0.114034,0.427132,0.260214,0.263627,0.060264,0.50653,0.0925,0.1,
0.25,5.5,3,70,70,70,225,225,5469.73,79.8,213,112.61,13.47,0.115807,0.385855,0.259352,0.25799,0.057546,0.50603,0.0928,0.1,
0.25,5.5,4,70,70,70,223,223,6255.13,79.8,210.1,117.69,14.47,0.104872,0.414129,0.261603,0.261474,0.05601,0.50838,0.0927,0.1,
0.25,5.5,5,70,70,70,266,266,5378.63,79.8,255.1,116.88,13.31,0.148284,0.455624,0.260291,0.259338,0.057323,0.50721,0.0931,0.1,
0.25,5.5,6,70,70,70,226,226,5854.1,79.8,215.1,116.76,13.9,0.141482,0.445917,0.259626,0.25291,0.061503,0.50598,0.0921,0.1,
0.25,5.5,7,70,70,70,215,215,6014.68,79.8,202.8,113.96,13.9,0.118944,0.369084,0.260617,0.262192,0.057432,0.50721,0.0926,0.1,
0.25,5.5,8,70,70,70,222,222,5385.87,79.8,212.9,122.89,13.43,0.144148,0.464615,0.256201,0.253859,0.056977,0.50325,0.0928,0.1,
0.25,5.5,9,70,70,70,200,200,5800.41,79.8,190.7,116.87,13.74,0.152364,0.367046,0.256194,0.261584,0.04254,0.50436,0.0935,0.1,
0.25,6,0,70,70,70,209,209,5915.65,79.8,200,114.52,14.71,0.125874,0.42515,0.257119,0.261508,0.064178,0.50292,0.0902,0.1,
0.25,6,1,70,70,70,240,240,5453.07,79.8,230.1,120.12,14.05,0.096003,0.352022,0.243951,0.245293,0.051832,0.49095,0.0905,0.1,
0.25,6,2,70,70,70,245,245,5373.71,79.8,234.1,121.43,13.64,0.117456,0.433356,0.25441,0.249281,0.06066,0.50075,0.0915,0.1,
0.25,6,3,70,70,70,228,228,5469.73,79.8,215.9,115.14,13.62,0.168814,0.413023,0.257838,0.250926,0.057339,0.50479,0.0924,0.1,
0.25,6,4,70,70,70,223,223,6255.13,79.8,211.7,120.68,14.92,0.113543,0.395419,0.25796,0.256522,0.055642,0.50481,0.0923,0.1,
0.25,6,5,70,70,70,267,267,5378.63,79.8,256.9,121.76,13.82,0.111782,0.478367,0.25812,0.255236,0.062953,0.50437,0.0924,0.1,
0.25,6,6,70,70,70,253,253,5854.1,79.8,240.9,122.18,14.38,0.128689,0.369619,0.247473,0.246144,0.06242,0.49343,0.0896,0.1,
0.25,6,7,70,70,70,225,225,6014.68,79.8,215.1,117.94,14.27,0.120924,0.379569,0.258892,0.251816,0.060473,0.50521,0.0924,0.1,
0.25,6,8,70,70,70,246,246,5385.87,79.8,234.8,126.15,13.87,0.141915,0.483221,0.257487,0.249893,0.058547,0.50444,0.093,0.1,
0.25,6,9,70,70,70,217,217,5800.41,79.8,206.7,122.72,14.21,0.138568,0.371744,0.253476,0.260696,0.04579,0.50128,0.0928,0.1,
0.25,6.5,0,70,70,70,213,213,5915.65,79.8,203.8,116.86,14.57,0.119585,0.438277,0.259728,0.260518,0.064686,0.50551,0.0906,0.1,
0.25,6.5,1,70,70,70,240,240,5453.07,79.8,230.1,121.42,13.61,0.093127,0.36285,0.241898,0.244304,0.056379,0.48833,0.0901,0.1,
0.25,6.5,2,70,70,70,251,251,5373.71,79.8,241.9,124.67,13.66,0.120573,0.407623,0.25533,0.250126,0.060459,0.50169,0.0917,0.1,
0.25,6.5,3,70,70,70,237,237,5469.73,79.8,229.5,120.32,13.58,0.118271,0.415749,0.250766,0.24368,0.060506,0.49725,0.0912,0.1,
0.25,6.5,4,70,70,70,226,226,6255.13,79.8,214.1,125.1,14.78,0.148947,0.379412,0.253793,0.252616,0.053005,0.501,0.0918,0.1,
0.25,6.5,5,70,70,70,299,299,5378.63,79.8,288.5,124.79,13.65,0.121011,0.435041,0.254231,0.246138,0.061495,0.50063,0.0918,0.1,
0.25,6.5,6,70,70,70,297,297,5854.1,79.8,284.4,123.89,14.36,0.136978,0.378254,0.247071,0.240679,0.063163,0.49297,0.0895,0.1,
0.25,6.5,7,70,70,70,225,225,6014.68,79.8,215.1,119.63,14.16,0.123099,0.394091,0.259673,0.253897,0.06216,0.50585,0.0925,0.1,
0.25,6.5,8,70,70,70,250,250,5385.87,79.8,238.2,130.39,13.73,0.133765,0.502562,0.256394,0.248929,0.059783,0.50323,0.0929,0.1,
0.25,6.5,9,70,70,70,226,226,5800.41,79.8,215.5,124.81,14.09,0.135326,0.351953,0.249546,0.254718,0.047159,0.49718,0.0921,0.1,
0.25,7,0,70,70,70,239,239,5915.65,79.8,225.1,121.99,14.85,0.11466,0.450071,0.256491,0.264584,0.066334,0.50202,0.0899,0.1,
0.25,7,1,70,70,70,245,245,5453.07,79.8,235.1,123.49,13.96,0.092052,0.365986,0.235484,0.240246,0.057993,0.48145,0.0887,0.1,
0.25,7,2,70,70,70,258,258,5373.71,79.8,248.2,128.51,13.84,0.123429,0.405688,0.250108,0.242213,0.063195,0.49607,0.0906,0.1,
0.25,7,3,70,70,70,303,303,5469.73,79.8,290.9,125.5,13.83,0.124821,0.417915,0.246946,0.236987,0.061442,0.49329,0.0904,0.1,
0.25,7,4,70,70,70,230,230,6255.13,79.8,218.6,128.57,14.96,0.112574,0.366116,0.247768,0.248951,0.055568,0.49452,0.0905,0.1,
0.25,7,5,70,70,70,305,305,5378.63,79.8,294.5,128.79,13.82,0.133841,0.425876,0.250698,0.240638,0.062096,0.49695,0.0912,0.1,
0.25,7,6,70,70,70,302,302,5854.1,79.8,289.1,128.44,14.39,0.132218,0.390241,0.244913,0.238005,0.062757,0.4908,0.0893,0.1,
0.25,7,7,70,70,70,225,225,6014.68,79.8,215.1,123.65,14.22,0.125582,0.423134,0.255613,0.249037,0.064576,0.50154,0.0916,0.1,
0.25,7,8,70,70,70,254,254,5385.87,79.8,242.1,134.29,13.86,0.134283,0.479117,0.24766,0.240678,0.055708,0.49476,0.0914,0.1,
0.25,7,9,70,70,70,246,246,5800.41,79.8,235.1,127.41,14.31,0.115367,0.357377,0.24717,0.250584,0.052191,0.49415,0.0917,0.1,
0.26,3,0,70,70,70,184,184,5915.65,79.8,173,97.44,14.63,0.135072,0.384952,0.263961,0.266145,0.048558,0.51152,0.0923,0.1,
0.26,3,1,70,70,70,178,178,5453.07,79.8,165.1,99.12,13.39,0.133742,0.353112,0.262907,0.26915,0.040621,0.51113,0.0944,0.1,
0.26,3,2,70,70,70,158,158,5373.71,79.8,145.1,97.48,13.18,0.100618,0.390577,0.263333,0.266154,0.060194,0.50952,0.0931,0.1,
0.26,3,3,70,70,70,193,193,5469.73,79.8,180.1,99.78,13.38,0.138375,0.382213,0.27209,0.270444,0.047273,0.51959,0.0953,0.1,
0.26,3,4,70,70,70,175,175,6255.13,79.8,165.1,100.21,14.37,0.149136,0.390714,0.276088,0.277464,0.047752,0.52336,0.0955,0.1,
0.26,3,5,70,70,70,251,251,5378.63,79.8,240.5,101.85,13.47,0.172726,0.419059,0.272559,0.273659,0.046088,0.52022,0.0955,0.1,
0.26,3,6,70,70,70,189,189,5854.1,79.8,176.3,100.86,13.84,0.134968,0.409344,0.26903,0.270244,0.054057,0.5159,0.0943,0.1,
0.26,3,7,70,70,70,180,180,6014.68,79.8,167.6,98.41,13.82,0.12209,0.358148,0.26983,0.280156,0.052186,0.51674,0.0942,0.1,
0.26,3,8,70,70,70,192,192,5385.87,79.8,182.3,104.44,13.45,0.188222,0.422745,0.274364,0.271556,0.045159,0.52211,0.0959,0.1,
0.26,3,9,70,70,70,194,194,5800.41,79.8,184.6,104.62,13.86,0.156485,0.356928,0.263384,0.272268,0.042011,0.51149,0.0947,0.1,
0.26,3.5,0,70,70,70,187,187,5915.65,79.8,175.1,102.53,14.63,0.136833,0.380638,0.267674,0.269432,0.051559,0.51489,0.0927,0.1,
0.26,3.5,1,70,70,70,183,183,5453.07,79.8,170.7,103.61,13.57,0.141145,0.35443,0.263465,0.271293,0.041533,0.51157,0.0944,0.1,
0.26,3.5,2,70,70,70,205,205,5373.71,79.8,195.1,103.5,13.45,0.103431,0.39379,0.260942,0.265321,0.060498,0.50714,0.0928,0.1,
0.26,3.5,3,70,70,70,198,198,5469.73,79.8,185.1,103.46,13.66,0.148092,0.391249,0.274972,0.273173,0.046994,0.52245,0.0958,0.1,
0.26,3.5,4,70,70,70,184,184,6255.13,79.8,174.2,105.37,14.51,0.16052,0.394349,0.276479,0.279841,0.046943,0.52385,0.0955,0.1,
0.26,3.5,5,70,70,70,256,256,5378.63,79.8,245.1,107.35,13.58,0.170221,0.410813,0.270263,0.270299,0.047222,0.51786,0.095,0.1,
0.26,3.5,6,70,70,70,219,219,5854.1,79.8,209,106.68,14.07,0.138658,0.427887,0.268349,0.275619,0.057704,0.51488,0.094,0.1,
0.26,3.5,7,70,70,70,193,193,6014.68,79.8,180.1,102.25,14.03,0.1214,0.377769,0.268743,0.272178,0.052147,0.51574,0.0941,0.1,
0.26,3.5,8,70,70,70,204,204,5385.87,79.8,197.3,109.93,13.51,0.164996,0.437049,0.270218,0.267959,0.051829,0.51753,0.0951,0.1,
0.26,3.5,9,70,70,70,195,195,5800.41,79.8,185.1,108.1,13.9,0.146955,0.362877,0.265401,0.270855,0.042588,0.51341,0.095,0.1,
0.26,4,0,70,70,70,192,192,5915.65,79.8,180.1,104.76,14.71,0.13874,0.389884,0.270148,0.270473,0.053729,0.51713,0.093,0.1,
0.26,4,1,70,70,70,185,185,5453.07,79.8,175.1,107.76,13.55,0.130818,0.359492,0.264638,0.271127,0.04517,0.5124,0.0943,0.1,
0.26,4,2,70,70,70,208,208,5373.71,79.8,198.2,105.77,13.47,0.10694,0.399797,0.264708,0.262462,0.057907,0.51123,0.0936,0.1,
0.26,4,3,70,70,70,211,211,5469.73,79.8,198.4,106.3,13.68,0.156123,0.398003,0.273078,0.267143,0.04797,0.52056,0.0954,0.1,
0.26,4,4,70,70,70,218,218,6255.13,79.8,205.1,111.02,14.75,0.159227,0.407164,0.274271,0.270679,0.04757,0.52168,0.0951,0.1,
0.26,4,5,70,70,70,261,261,5378.63,79.8,250.1,111.52,13.66,0.171366,0.437661,0.271537,0.273177,0.048654,0.51903,0.0949,0.1,
0.26,4,6,70,70,70,221,221,5854.1,79.8,210.9,110.97,14.1,0.142381,0.442791,0.269572,0.268717,0.059967,0.51593,0.0941,0.1,
0.26,4,7,70,70,70,198,198,6014.68,79.8,185.1,106.67,14.2,0.12158,0.384265,0.270313,0.26855,0.052287,0.51729,0.0944,0.1,
0.26,4,8,70,70,70,210,210,5385.87,79.8,200.1,113.17,13.66,0.16098,0.44796,0.268605,0.267073,0.053376,0.51586,0.095,0.1,
0.26,4,9,70,70,70,198,198,5800.41,79.8,188.2,111.31,14.06,0.151949,0.33773,0.267945,0.271092,0.039277,0.51614,0.0956,0.1,
0.26,4.5,0,70,70,70,197,197,5915.65,79.8,185.1,109.33,15.07,0.140826,0.402028,0.267356,0.267593,0.061205,0.51362,0.0922,0.1,
0.26,4.5,1,70,70,70,189,189,5453.07,79.8,177.8,112.28,13.95,0.128404,0.355537,0.261219,0.263986,0.047096,0.50887,0.0936,0.1,
0.26,4.5,2,70,70,70,221,221,5373.71,79.8,210.1,112.93,13.97,0.111209,0.416648,0.263072,0.266364,0.059957,0.50941,0.0932,0.1,
0.26,4.5,3,70,70,70,215,215,5469.73,79.8,202.3,110.05,13.93,0.162792,0.403038,0.270741,0.260588,0.051827,0.51793,0.0949,0.1,
0.26,4.5,4,70,70,70,223,223,6255.13,79.8,210.1,115.31,14.97,0.091238,0.416018,0.271001,0.270594,0.051851,0.51795,0.0944,0.1,
0.26,4.5,5,70,70,70,261,261,5378.63,79.8,250.1,114.01,13.84,0.162018,0.440161,0.269472,0.263528,0.051216,0.51682,0.0946,0.1,
0.26,4.5,6,70,70,70,226,226,5854.1,79.8,215.1,115.06,14.42,0.146013,0.455396,0.270381,0.275196,0.059816,0.51675,0.0941,0.1,
0.26,4.5,7,70,70,70,217,217,6014.68,79.8,204.6,110.12,14.35,0.122366,0.390109,0.27198,0.268238,0.055255,0.51865,0.0945,0.1,
0.26,4.5,8,70,70,70,217,217,5385.87,79.8,210.1,116.73,13.8,0.152908,0.458428,0.264846,0.261797,0.053963,0.51217,0.0945,0.1,
0.26,4.5,9,70,70,70,200,200,5800.41,79.8,190.1,114.42,14.23,0.16639,0.365011,0.26615,0.272803,0.038751,0.51447,0.0954,0.1,
0.26,5,0,70,70,70,197,197,5915.65,79.8,185.1,111.05,14.92,0.144971,0.421811,0.265738,0.269526,0.058333,0.51229,0.092,0.1,
0.26,5,1,70,70,70,236,236,5453.07,79.8,226.3,116.17,14.15,0.108817,0.359375,0.257506,0.264771,0.049795,0.50486,0.0929,0.1,
0.26,5,2,70,70,70,221,221,5373.71,79.8,210.1,118.1,13.76,0.115542,0.427539,0.26758,0.275682,0.06187,0.51366,0.0937,0.1,
0.26,5,3,70,70,70,224,224,5469.73,79.8,211.1,113.47,13.81,0.126025,0.406833,0.269318,0.262553,0.055349,0.51614,0.0945,0.1,
0.26,5,4,70,70,70,223,223,6255.13,79.8,210.1,118.48,15.06,0.096022,0.422268,0.268539,0.273314,0.053679,0.51538,0.094,0.1,
0.26,5,5,70,70,70,266,266,5378.63,79.8,255.1,118.27,13.89,0.155728,0.453666,0.26732,0.257092,0.057357,0.51412,0.0941,0.1,
0.26,5,6,70,70,70,238,238,5854.1,79.8,225.1,119.24,14.5,0.149583,0.438525,0.268384,0.271266,0.059958,0.51478,0.0935,0.1,
0.26,5,7,70,70,70,223,223,6014.68,79.8,210.1,114.73,14.43,0.123676,0.375992,0.268773,0.264283,0.054429,0.51565,0.094,0.1,
0.26,5,8,70,70,70,224,224,5385.87,79.8,215.1,124.19,14.03,0.158011,0.476505,0.264728,0.262268,0.055811,0.51191,0.094,0.1,
0.26,5,9,70,70,70,205,205,5800.41,79.8,195.1,117.14,14.21,0.167262,0.367819,0.264068,0.266948,0.040632,0.5123,0.0951,0.1,
0.26,5.5,0,70,70,70,207,207,5915.65,79.8,197.9,115.15,15.01,0.120192,0.439772,0.262619,0.267897,0.065887,0.50821,0.091,0.1,
0.26,5.5,1,70,70,70,240,240,5453.07,79.8,230.1,119.64,14.01,0.099767,0.359951,0.250736,0.255048,0.051316,0.49791,0.0918,0.1,
0.26,5.5,2,70,70,70,246,246,5373.71,79.8,236.9,124.7,13.93,0.11948,0.395041,0.261366,0.26393,0.059121,0.50784,0.0926,0.1,
0.26,5.5,3,70,70,70,234,234,5469.73,79.8,226.9,118.61,13.84,0.118639,0.409767,0.259997,0.253843,0.055516,0.50703,0.0929,0.1,
0.26,5.5,4,70,70,70,223,223,6255.13,79.8,210.1,123.09,15.01,0.110932,0.427345,0.264774,0.264334,0.056448,0.51148,0.0933,0.1,
0.26,5.5,5,70,70,70,266,266,5378.63,79.8,255.2,121.23,13.91,0.152911,0.463701,0.264349,0.257141,0.058934,0.51106,0.0935,0.1,
0.26,5.5,6,70,70,70,251,251,5854.1,79.8,238.5,121.33,14.4,0.12992,0.380627,0.259842,0.256098,0.063793,0.50584,0.092,0.1,
0.26,5.5,7,70,70,70,225,225,6014.68,79.8,215.1,120.13,14.46,0.125304,0.389754,0.264613,0.254855,0.059989,0.51103,0.0932,0.1,
0.26,5.5,8,70,70,70,224,224,5385.87,79.8,215.1,128.81,14.03,0.151143,0.497934,0.261371,0.257296,0.052916,0.50877,0.0936,0.1,
0.26,5.5,9,70,70,70,214,214,5800.41,79.8,203.4,124.45,14.32,0.155529,0.326075,0.2593,0.266201,0.043641,0.50729,0.0939,0.1,
0.26,6,0,70,70,70,211,211,5915.65,79.8,201.3,117.74,15.15,0.128938,0.460749,0.266119,0.266281,0.066686,0.51167,0.0917,0.1,
0.26,6,1,70,70,70,240,240,5453.07,79.8,230.1,123.93,14.09,0.098292,0.366838,0.244208,0.252344,0.055996,0.49076,0.0906,0.1,
0.26,6,2,70,70,70,251,251,5373.71,79.8,240.1,128.05,14.02,0.123036,0.397962,0.258662,0.259258,0.060555,0.50504,0.0921,0.1,
0.26,6,3,70,70,70,236,236,5469.73,79.8,228.8,122.31,13.99,0.177234,0.398056,0.254991,0.24699,0.053814,0.5023,0.092,0.1,
0.26,6,4,70,70,70,226,226,6255.13,79.8,213.4,129.47,15.33,0.131559,0.414737,0.256196,0.257929,0.054329,0.50323,0.0919,0.1,
0.26,6,5,70,70,70,297,297,5378.63,79.8,286.1,128.29,14.06,0.129493,0.47063,0.260265,0.256761,0.06671,0.50609,0.0926,0.1,
0.26,6,6,70,70,70,255,255,5854.1,79.8,242.8,124.23,14.66,0.135567,0.391714,0.254889,0.254219,0.063663,0.50085,0.0909,0.1,
0.26,6,7,70,70,70,226,226,6014.68,79.8,215.1,122.56,14.6,0.127222,0.406313,0.265049,0.257339,0.062636,0.51121,0.0934,0.1,
0.26,6,8,70,70,70,247,247,5385.87,79.8,235.8,132.47,14.22,0.144305,0.518378,0.26469,0.25788,0.056014,0.5118,0.0941,0.1,
0.26,6,9,70,70,70,219,219,5800.41,79.8,208.8,126.98,14.64,0.144567,0.339046,0.253981,0.264672,0.045792,0.50175,0.0931,0.1,
0.26,6.5,0,70,70,70,239,239,5915.65,79.8,225.1,124.12,15.2,0.121509,0.473243,0.261171,0.262578,0.065972,0.50689,0.0906,0.1,
0.26,6.5,1,70,70,70,245,245,5453.07,79.8,235.1,125.57,14.14,0.096386,0.376416,0.243972,0.240911,0.056903,0.49048,0.0904,0.1,
0.26,6.5,2,70,70,70,253,253,5373.71,79.8,244,128.62,13.95,0.126235,0.415553,0.26429,0.258557,0.062431,0.51046,0.093,0.1,
0.26,6.5,3,70,70,70,246,246,5469.73,79.8,235.1,124.71,14.11,0.132695,0.422987,0.255064,0.239496,0.059943,0.5017,0.0918,0.1,
0.26,6.5,4,70,70,70,228,228,6255.13,79.8,216.5,132.03,15.3,0.126013,0.401337,0.253639,0.255565,0.053749,0.50072,0.0916,0.1,
0.26,6.5,5,70,70,70,302,302,5378.63,79.8,291.8,128.85,14.03,0.126069,0.462001,0.260565,0.254028,0.066015,0.5065,0.0927,0.1,
0.26,6.5,6,70,70,70,299,299,5854.1,79.8,286.8,129.13,14.69,0.133946,0.40369,0.253759,0.247579,0.066634,0.49938,0.0905,0.1,
0.26,6.5,7,70,70,70,229,229,6014.68,79.8,216.7,124.69,14.76,0.129305,0.384513,0.261706,0.257863,0.058953,0.5083,0.093,0.1,
0.26,6.5,8,70,70,70,251,251,5385.87,79.8,239.6,135.81,14.15,0.142891,0.513332,0.26145,0.254079,0.062539,0.50804,0.0933,0.1,
0.26,6.5,9,70,70,70,286,286,5800.41,79.8,275.1,131.93,14.66,0.141346,0.349996,0.248164,0.253629,0.045369,0.49594,0.0921,0.1,
0.26,7,0,70,70,70,239,239,5915.65,79.8,225.1,127.2,15.23,0.118114,0.463979,0.257146,0.261807,0.070559,0.50223,0.0897,0.1,
0.26,7,1,70,70,70,245,245,5453.07,79.8,235.1,128.96,14.03,0.100034,0.359095,0.236687,0.235859,0.058242,0.48275,0.0889,0.1,
0.26,7,2,70,70,70,259,259,5373.71,79.8,249.6,134.07,14.04,0.129117,0.429512,0.253848,0.246735,0.066423,0.49958,0.0913,0.1,
0.26,7,3,70,70,70,305,305,5469.73,79.8,292.5,131.8,14.12,0.153712,0.427353,0.252756,0.239524,0.059965,0.49944,0.0915,0.1,
0.26,7,4,70,70,70,275,275,6255.13,79.8,265.1,136.75,15.43,0.11522,0.398165,0.249014,0.250005,0.052085,0.4962,0.0909,0.1,
0.26,7,5,70,70,70,311,311,5378.63,79.8,300.4,133.78,14.36,0.136304,0.453803,0.251862,0.24862,0.063383,0.49802,0.0915,0.1,
0.26,7,6,70,70,70,304,304,5854.1,79.8,291.1,138.16,15.03,0.132848,0.384551,0.244642,0.240918,0.063963,0.49039,0.0889,0.1,
0.26,7,7,70,70,70,247,247,6014.68,79.8,235,130.24,14.89,0.131855,0.383273,0.257501,0.253998,0.058723,0.50411,0.0923,0.1,
0.26,7,8,70,70,70,255,255,5385.87,79.8,243.6,140.3,14.39,0.13942,0.477527,0.253774,0.249661,0.05617,0.50087,0.0922,0.1,
0.26,7,9,70,70,70,286,286,5800.41,79.8,275.1,134.41,14.83,0.097596,0.359892,0.247161,0.257055,0.054067,0.49383,0.0917,0.1,
0.27,3,0,70,70,70,187,187,5915.65,79.8,175.1,101.41,15.07,0.141252,0.383978,0.271645,0.275242,0.048662,0.51905,0.0934,0.1,
0.27,3,1,70,70,70,182,182,5453.07,79.8,171.8,102.17,14.09,0.13935,0.351219,0.267134,0.273631,0.041074,0.5152,0.0951,0.1,
0.27,3,2,70,70,70,201,201,5373.71,79.8,191.9,101.59,13.6,0.104874,0.390795,0.267464,0.26847,0.057941,0.5139,0.094,0.1,
0.27,3,3,70,70,70,198,198,5469.73,79.8,185.1,102.79,13.92,0.144095,0.39001,0.276713,0.272233,0.049556,0.52388,0.096,0.1,
0.27,3,4,70,70,70,178,178,6255.13,79.8,168.2,103.96,15.18,0.155931,0.39969,0.280379,0.287392,0.048028,0.52749,0.0961,0.1,
0.27,3,5,70,70,70,256,256,5378.63,79.8,245.1,105.71,13.88,0.18001,0.40465,0.274026,0.270459,0.046256,0.52163,0.0956,0.1,
0.27,3,6,70,70,70,218,218,5854.1,79.8,207.4,105.31,14.62,0.140246,0.414821,0.271239,0.270781,0.055037,0.51801,0.0946,0.1,
0.27,3,7,70,70,70,193,193,6014.68,79.8,180.1,101.46,14.48,0.129615,0.375367,0.272544,0.276855,0.05047,0.51961,0.0946,0.1,
0.27,3,8,70,70,70,202,202,5385.87,79.8,195.1,107.68,13.97,0.197711,0.433701,0.278806,0.275549,0.046265,0.5263,0.0967,0.1,
0.27,3,9,70,70,70,195,195,5800.41,79.8,185.1,108.12,14.54,0.143754,0.350738,0.26638,0.270046,0.039755,0.51459,0.0951,0.1,
0.27,3.5,0,70,70,70,192,192,5915.65,79.8,180.1,105.94,15.05,0.143082,0.393258,0.272357,0.269733,0.052093,0.51943,0.0934,0.1,
0.27,3.5,1,70,70,70,185,185,5453.07,79.8,175.1,108.42,14,0.134971,0.34901,0.266467,0.275624,0.04105,0.51452,0.0947,0.1,
0.27,3.5,2,70,70,70,206,206,5373.71,79.8,196.7,106.35,13.48,0.107836,0.396537,0.266917,0.263057,0.059019,0.51325,0.094,0.1,
0.27,3.5,3,70,70,70,200,200,5469.73,79.8,187.3,106,13.81,0.154315,0.397083,0.278627,0.270461,0.047441,0.52594,0.0964,0.1,
0.27,3.5,4,70,70,70,218,218,6255.13,79.8,205.1,112.19,14.94,0.168099,0.410315,0.279934,0.278997,0.046668,0.52722,0.0959,0.1,
0.27,3.5,5,70,70,70,258,258,5378.63,79.8,247.7,111.76,13.75,0.178901,0.439481,0.278165,0.281298,0.048542,0.52542,0.0961,0.1,
0.27,3.5,6,70,70,70,222,222,5854.1,79.8,211.9,111.39,14.43,0.144044,0.431428,0.270282,0.270436,0.058791,0.51675,0.0942,0.1,
0.27,3.5,7,70,70,70,203,203,6014.68,79.8,190.2,107,14.32,0.128765,0.384134,0.274026,0.277538,0.049941,0.5211,0.0951,0.1,
0.27,3.5,8,70,70,70,207,207,5385.87,79.8,200.1,113.84,13.76,0.175221,0.448267,0.272675,0.268284,0.050476,0.52009,0.0957,0.1,
0.27,3.5,9,70,70,70,197,197,5800.41,79.8,187.8,111.34,14.23,0.153561,0.333702,0.271143,0.277093,0.039916,0.5192,0.096,0.1,
0.27,4,0,70,70,70,197,197,5915.65,79.8,185.1,109.33,14.98,0.145046,0.405409,0.273557,0.273634,0.05782,0.52006,0.0935,0.1,
0.27,4,1,70,70,70,191,191,5453.07,79.8,179.6,112.39,13.95,0.13629,0.356489,0.26886,0.27525,0.045176,0.51656,0.0951,0.1,
0.27,4,2,70,70,70,221,221,5373.71,79.8,210.1,112.93,13.54,0.112111,0.402644,0.265915,0.267149,0.056342,0.51263,0.0939,0.1,
0.27,4,3,70,70,70,212,212,5469.73,79.8,199.3,109.58,13.58,0.162771,0.401659,0.277677,0.268503,0.047406,0.52502,0.0963,0.1,
0.27,4,4,70,70,70,220,220,6255.13,79.8,208,115.51,14.93,0.100923,0.417584,0.278079,0.281119,0.050276,0.52496,0.0955,0.1,
0.27,4,5,70,70,70,261,261,5378.63,79.8,250.1,115.4,13.79,0.178315,0.450287,0.275977,0.27041,0.050745,0.52318,0.0955,0.1,
0.27,4,6,70,70,70,238,238,5854.1,79.8,225.1,115.85,14.4,0.147925,0.44414,0.274394,0.274522,0.060487,0.5206,0.0947,0.1,
0.27,4,7,70,70,70,223,223,6014.68,79.8,210.1,112.2,14.44,0.128726,0.379976,0.27211,0.276193,0.053325,0.51897,0.0946,0.1,
0.27,4,8,70,70,70,217,217,5385.87,79.8,210.1,117.81,13.95,0.169297,0.457633,0.273116,0.266673,0.050752,0.52051,0.0956,0.1,
0.27,4,9,70,70,70,200,200,5800.41,79.8,190.6,115.77,14.36,0.159847,0.360344,0.27009,0.275975,0.039467,0.51824,0.0961,0.1,
0.27,4.5,0,70,70,70,197,197,5915.65,79.8,185.1,112.73,15.04,0.15159,0.429069,0.272949,0.273014,0.062926,0.51896,0.0931,0.1,
0.27,4.5,1,70,70,70,236,236,5453.07,79.8,226.5,117.31,14.02,0.118388,0.354434,0.265113,0.271249,0.046444,0.51271,0.0944,0.1,
0.27,4.5,2,70,70,70,224,224,5373.71,79.8,214,118.13,13.65,0.116783,0.427025,0.266856,0.265866,0.060744,0.5131,0.0938,0.1,
0.27,4.5,3,70,70,70,221,221,5469.73,79.8,213.2,115.12,13.76,0.16938,0.404434,0.274424,0.271194,0.051666,0.52156,0.0954,0.1,
0.27,4.5,4,70,70,70,223,223,6255.13,79.8,210.1,119.52,14.91,0.096271,0.424565,0.275344,0.279895,0.050733,0.52227,0.0952,0.1,
0.27,4.5,5,70,70,70,266,266,5378.63,79.8,255.1,118.58,13.86,0.166531,0.469997,0.273928,0.26769,0.054779,0.52087,0.0952,0.1,
0.27,4.5,6,70,70,70,238,238,5854.1,79.8,225.1,119.32,14.45,0.151695,0.454309,0.275074,0.271009,0.062526,0.52109,0.0945,0.1,
0.27,4.5,7,70,70,70,225,225,6014.68,79.8,212.3,115.64,14.57,0.129408,0.381532,0.273961,0.277605,0.053793,0.52076,0.0949,0.1,
0.27,4.5,8,70,70,70,224,224,5385.87,79.8,215.1,124.9,14,0.159087,0.484475,0.272201,0.265958,0.053123,0.51946,0.0955,0.1,
0.27,4.5,9,70,70,70,205,205,5800.41,79.8,195.1,118.71,14.41,0.173287,0.343641,0.267763,0.272708,0.039107,0.51601,0.0958,0.1,
0.27,5,0,70,70,70,202,202,5915.65,79.8,190.8,115.92,15.13,0.148329,0.450807,0.269998,0.267664,0.060324,0.51636,0.0925,0.1,
0.27,5,1,70,70,70,240,240,5453.07,79.8,230.1,120.94,14.29,0.105727,0.363927,0.259258,0.26709,0.048433,0.50674,0.0934,0.1,
0.27,5,2,70,70,70,250,250,5373.71,79.8,239.8,125.91,13.76,0.121418,0.413536,0.266754,0.273971,0.061543,0.51295,0.0936,0.1,
0.27,5,3,70,70,70,228,228,5469.73,79.8,220.1,120.6,13.67,0.131074,0.40588,0.265195,0.262033,0.057368,0.51191,0.0935,0.1,
0.27,5,4,70,70,70,223,223,6255.13,79.8,210.1,123.66,15.36,0.098499,0.430777,0.273808,0.279888,0.052867,0.52061,0.0948,0.1,
0.27,5,5,70,70,70,269,269,5378.63,79.8,258.2,121.54,14.27,0.163402,0.48513,0.274635,0.265555,0.060303,0.52104,0.0953,0.1,
0.27,5,6,70,70,70,247,247,5854.1,79.8,234.4,123.42,15.02,0.136305,0.46266,0.271745,0.267008,0.06541,0.51749,0.0938,0.1,
0.27,5,7,70,70,70,231,231,6014.68,79.8,219,118.54,14.85,0.130577,0.391382,0.273467,0.271723,0.055426,0.52016,0.0948,0.1,
0.27,5,8,70,70,70,224,224,5385.87,79.8,215.1,129.33,14.35,0.156408,0.509321,0.268863,0.260889,0.052374,0.51624,0.0949,0.1,
0.27,5,9,70,70,70,215,215,5800.41,79.8,204.7,122.98,14.72,0.174104,0.33257,0.264242,0.270714,0.040206,0.51249,0.095,0.1,
0.27,5.5,0,70,70,70,208,208,5915.65,79.8,198.9,119.9,16.09,0.123432,0.455402,0.264409,0.268077,0.066302,0.51005,0.0912,0.1,
0.27,5.5,1,70,70,70,240,240,5453.07,79.8,230.1,124.19,15.22,0.103586,0.376346,0.255091,0.261281,0.052406,0.50223,0.0926,0.1,
0.27,5.5,2,70,70,70,251,251,5373.71,79.8,240.1,129.84,14.88,0.125572,0.406902,0.263292,0.268678,0.057798,0.50996,0.0929,0.1,
0.27,5.5,3,70,70,70,241,241,5469.73,79.8,230.1,125.88,14.65,0.12191,0.406358,0.258263,0.252015,0.055654,0.50525,0.0923,0.1,
0.27,5.5,4,70,70,70,228,228,6255.13,79.8,215.1,128.71,15.19,0.119582,0.436752,0.265462,0.270196,0.054293,0.51241,0.0934,0.1,
0.27,5.5,5,70,70,70,273,273,5378.63,79.8,260.1,127.76,14.1,0.137475,0.494245,0.270932,0.267846,0.062438,0.51719,0.0945,0.1,
0.27,5.5,6,70,70,70,252,252,5854.1,79.8,240,126.6,14.87,0.13267,0.403717,0.263861,0.258243,0.065105,0.50975,0.0924,0.1,
0.27,5.5,7,70,70,70,303,303,6014.68,79.8,290.1,127.35,14.78,0.132111,0.390969,0.267069,0.263379,0.060205,0.51341,0.0937,0.1,
0.27,5.5,8,70,70,70,229,229,5385.87,79.8,220.1,132.74,14.26,0.15638,0.532914,0.2686,0.264278,0.056447,0.51565,0.095,0.1,
0.27,5.5,9,70,70,70,246,246,5800.41,79.8,235.1,129.28,14.72,0.151366,0.347253,0.259078,0.268614,0.044387,0.50702,0.0938,0.1,
0.27,6,0,70,70,70,239,239,5915.65,79.8,225.1,124.99,15.36,0.117903,0.470917,0.263807,0.265135,0.067154,0.50933,0.0911,0.1,
0.27,6,1,70,70,70,245,245,5453.07,79.8,235.1,126.96,14.46,0.102064,0.36814,0.250034,0.254684,0.055913,0.49676,0.0916,0.1,
0.27,6,2,70,70,70,255,255,5373.71,79.8,244.4,132.54,14.08,0.129245,0.425717,0.262106,0.263357,0.060193,0.5086,0.0927,0.1,
0.27,6,3,70,70,70,298,298,5469.73,79.8,286,130.56,14.13,0.115371,0.389968,0.257098,0.253328,0.059295,0.50364,0.0921,0.1,
0.27,6,4,70,70,70,228,228,6255.13,81.2,215.1,132.83,15.56,0.13147,0.431981,0.261981,0.262221,0.052919,0.50917,0.093,0.1,
0.27,6,5,70,70,70,298,298,5378.63,79.8,287.6,135.32,14.35,0.134504,0.501951,0.264716,0.259189,0.063369,0.51099,0.0934,0.1,
0.27,6,6,70,70,70,296,296,5854.1,79.8,283.4,129.04,14.98,0.140059,0.415736,0.261494,0.254384,0.066763,0.50719,0.0919,0.1,
0.27,6,7,70,70,70,303,303,6014.68,79.8,290.1,127.17,15.06,0.1339,0.394675,0.267028,0.261269,0.059418,0.51353,0.0939,0.1,
0.27,6,8,70,70,70,248,248,5385.87,79.8,236.7,136.87,14.43,0.150052,0.523857,0.270209,0.262946,0.056642,0.51717,0.0949,0.1,
0.27,6,9,70,70,70,286,286,5800.41,79.8,275.1,132.91,14.85,0.148517,0.360304,0.25709,0.263629,0.044683,0.505,0.0936,0.1,
0.27,6.5,0,70,70,70,341,341,5915.65,79.8,330.1,129.57,15.59,0.12023,0.47511,0.266648,0.268526,0.068267,0.51196,0.0913,0.1,
0.27,6.5,1,70,70,70,245,245,5453.07,79.8,235.1,129.41,14.39,0.102155,0.376384,0.248737,0.2477,0.058061,0.49525,0.0913,0.1,
0.27,6.5,2,70,70,70,259,259,5373.71,79.8,248.9,134.42,14.12,0.132504,0.421439,0.262705,0.261712,0.061569,0.50897,0.0928,0.1,
0.27,6.5,3,70,70,70,302,302,5469.73,79.8,289.9,131.57,14.14,0.139708,0.395257,0.257053,0.249411,0.058554,0.5038,0.0921,0.1,
0.27,6.5,4,70,70,70,275,275,6255.13,79.8,265.1,137.33,15.5,0.12357,0.435705,0.259724,0.259253,0.053931,0.50684,0.0927,0.1,
0.27,6.5,5,70,70,70,305,305,5378.63,79.8,294.6,137.87,14.26,0.148795,0.492216,0.262213,0.254755,0.065015,0.50835,0.093,0.1,
0.27,6.5,6,70,70,70,301,301,5854.1,79.8,288.9,135.82,15,0.137205,0.426921,0.256014,0.245643,0.067508,0.50157,0.0906,0.1,
0.27,6.5,7,70,70,70,303,303,6014.68,79.8,290.1,130.08,14.85,0.135924,0.397605,0.265227,0.261662,0.059086,0.51182,0.0937,0.1,
0.27,6.5,8,70,70,70,252,252,5385.87,79.8,240.7,142.81,14.5,0.148588,0.539503,0.263899,0.260181,0.063141,0.51041,0.0934,0.1,
0.27,6.5,9,70,70,70,286,286,5800.41,79.8,275.1,136.68,14.72,0.129559,0.372176,0.253062,0.260061,0.050313,0.50039,0.0927,0.1,
0.27,7,0,70,70,70,341,341,5915.65,79.8,330.1,135.45,15.73,0.121823,0.479698,0.261779,0.261009,0.069112,0.50706,0.0906,0.1,
0.27,7,1,70,70,70,249,249,5453.07,79.8,239.4,132.45,14.32,0.105496,0.364979,0.240552,0.24001,0.060165,0.48652,0.0895,0.1,
0.27,7,2,70,70,70,276,276,5373.71,79.8,265.1,139.79,14.18,0.135296,0.454087,0.257627,0.253274,0.067836,0.5033,0.0917,0.1,
0.27,7,3,70,70,70,306,306,5469.73,79.8,293.7,141.25,14.04,0.13187,0.423954,0.252917,0.242484,0.059722,0.49954,0.0913,0.1,
0.27,7,4,70,70,70,275,275,6255.13,79.8,265.1,141.91,15.9,0.118393,0.44495,0.257174,0.257155,0.056562,0.50397,0.0922,0.1,
0.27,7,5,70,70,70,313,313,5378.63,79.8,302.8,142.09,14.68,0.140609,0.480538,0.257956,0.247628,0.065493,0.50399,0.0921,0.1,
0.27,7,6,70,70,70,305,305,5854.1,79.8,292.9,144.89,15.35,0.124928,0.399979,0.252467,0.246621,0.065681,0.49819,0.0901,0.1,
0.27,7,7,70,70,70,306,306,6014.68,79.8,293.1,138.36,15.18,0.138539,0.407306,0.260537,0.249289,0.059597,0.50716,0.0927,0.1,
0.27,7,8,70,70,70,271,271,5385.87,79.8,262.6,150.26,14.64,0.149314,0.50983,0.253204,0.248779,0.058334,0.50014,0.0916,0.1,
0.27,7,9,70,70,70,288,288,5800.41,79.8,277.7,137.89,15,0.103361,0.382885,0.255104,0.262214,0.054551,0.50188,0.093,0.1,
0.28,3,0,70,70,70,187,187,5915.65,79.8,175.4,105.58,15.12,0.147743,0.388104,0.276282,0.277202,0.049463,0.52349,0.0942,0.1,
0.28,3,1,70,70,70,185,185,5453.07,79.8,175.1,106.92,13.87,0.14517,0.348543,0.271043,0.276501,0.040948,0.51903,0.0955,0.1,
0.28,3,2,70,70,70,205,205,5373.71,79.8,195.1,104.26,13.57,0.10945,0.394399,0.271918,0.275014,0.055903,0.5185,0.0948,0.1,
0.28,3,3,70,70,70,198,198,5469.73,79.8,185.1,104.96,13.46,0.150117,0.39505,0.281082,0.282879,0.047958,0.52821,0.0968,0.1,
0.28,3,4,70,70,70,218,218,6255.13,79.8,205.1,111.45,15.11,0.163076,0.407095,0.282326,0.284053,0.047179,0.52945,0.0963,0.1,
0.28,3,5,70,70,70,256,256,5378.63,79.8,245.1,110.91,13.95,0.182123,0.431634,0.279509,0.274992,0.048975,0.52671,0.0963,0.1,
0.28,3,6,70,70,70,221,221,5854.1,79.8,210.1,109.45,14.51,0.145839,0.382227,0.273134,0.273462,0.053965,0.51997,0.0949,0.1,
0.28,3,7,70,70,70,203,203,6014.68,79.8,190.1,106.31,14.49,0.13761,0.39293,0.277516,0.280445,0.051315,0.52439,0.0955,0.1,
0.28,3,8,70,70,70,207,207,5385.87,79.8,200.1,112.97,14.01,0.2005,0.421548,0.278946,0.274468,0.044612,0.52657,0.0967,0.1,
0.28,3,9,70,70,70,195,195,5800.41,79.8,185.1,111.23,14.41,0.149291,0.365191,0.273594,0.278178,0.039162,0.52164,0.0963,0.1,
0.28,3.5,0,70,70,70,192,192,5915.65,79.8,180.1,109.18,14.99,0.149674,0.393708,0.276396,0.275615,0.052969,0.52327,0.0942,0.1,
0.28,3.5,1,70,70,70,191,191,5453.07,79.8,180,112.63,13.92,0.143906,0.355261,0.271971,0.275499,0.042229,0.51982,0.0957,0.1,
0.28,3.5,2,70,70,70,216,216,5373.71,79.8,205.1,112.62,13.56,0.112538,0.410504,0.270648,0.272347,0.05644,0.51725,0.0946,0.1,
0.28,3.5,3,70,70,70,203,203,5469.73,79.8,190.1,109.14,13.48,0.160881,0.403652,0.28238,0.274613,0.045305,0.5297,0.0971,0.1,
0.28,3.5,4,70,70,70,218,218,6255.13,79.8,205.1,114.95,15.21,0.150799,0.412121,0.283468,0.288942,0.045897,0.53058,0.0966,0.1,
0.28,3.5,5,70,70,70,261,261,5378.63,79.8,250.1,115.58,14.08,0.188397,0.452753,0.280114,0.280211,0.050724,0.52715,0.0963,0.1,
0.28,3.5,6,70,70,70,236,236,5854.1,79.8,224,115.2,14.53,0.149715,0.396389,0.27363,0.275003,0.058105,0.52005,0.0947,0.1,
0.28,3.5,7,70,70,70,223,223,6014.68,79.8,210.1,111.42,14.63,0.136567,0.400292,0.278219,0.282112,0.051721,0.52505,0.0956,0.1,
0.28,3.5,8,70,70,70,212,212,5385.87,79.8,205.1,118.83,14.09,0.18442,0.45605,0.276907,0.268573,0.049195,0.52432,0.0964,0.1,
0.28,3.5,9,70,70,70,200,200,5800.41,79.8,190.2,115.76,14.48,0.166921,0.35207,0.272319,0.276425,0.039455,0.52043,0.0964,0.1,
0.28,4,0,70,70,70,197,197,5915.65,79.8,185.1,112.36,15.08,0.151678,0.431422,0.278964,0.2783,0.057521,0.52533,0.0942,0.1,
0.28,4,1,70,70,70,202,202,5453.07,79.8,190.1,116.6,14.01,0.142147,0.352545,0.27016,0.275406,0.044965,0.51783,0.0953,0.1,
0.28,4,2,70,70,70,221,221,5373.71,79.8,210.1,117.96,13.71,0.117649,0.424434,0.271464,0.271999,0.058851,0.51787,0.0947,0.1,
0.28,4,3,70,70,70,221,221,5469.73,79.8,210.5,116.64,13.67,0.169705,0.410571,0.279655,0.27526,0.050521,0.5267,0.0961,0.1,
0.28,4,4,70,70,70,223,223,6255.13,79.8,210.1,120.13,15.42,0.096955,0.420989,0.279989,0.289071,0.049089,0.52687,0.096,0.1,
0.28,4,5,70,70,70,266,266,5378.63,79.8,255.1,121.68,14.15,0.17694,0.47363,0.280459,0.277354,0.052587,0.52733,0.096,0.1,
0.28,4,6,70,70,70,238,238,5854.1,79.8,225.1,119.41,14.66,0.153718,0.398451,0.277237,0.279096,0.05815,0.52358,0.0951,0.1,
0.28,4,7,70,70,70,227,227,6014.68,79.8,214.7,116.94,14.64,0.136355,0.396613,0.274771,0.274672,0.054506,0.52152,0.0951,0.1,
0.28,4,8,70,70,70,221,221,5385.87,79.8,212.5,123.89,14.22,0.167126,0.48758,0.276753,0.26674,0.053186,0.5239,0.0964,0.1,
0.28,4,9,70,70,70,209,209,5800.41,79.8,198,120.24,14.63,0.168539,0.346198,0.27212,0.272726,0.037541,0.52037,0.0964,0.1,
0.28,4.5,0,70,70,70,202,202,5915.65,79.8,190.8,116,15.13,0.15666,0.457314,0.275331,0.27266,0.063824,0.52124,0.0933,0.1,
0.28,4.5,1,70,70,70,240,240,5453.07,79.8,230.1,120.65,14.23,0.12139,0.368776,0.268725,0.272983,0.045991,0.51629,0.095,0.1,
0.28,4.5,2,70,70,70,251,251,5373.71,79.8,240.1,124.66,13.79,0.12217,0.414054,0.271136,0.279604,0.059874,0.5174,0.0945,0.1,
0.28,4.5,3,70,70,70,239,239,5469.73,79.8,228.9,121.56,13.62,0.176855,0.417561,0.272004,0.261858,0.054308,0.51902,0.0948,0.1,
0.28,4.5,4,70,70,70,223,223,6255.13,79.8,210.1,125.05,15.54,0.099072,0.426799,0.280196,0.288671,0.054107,0.52664,0.0957,0.1,
0.28,4.5,5,70,70,70,273,273,5378.63,79.8,260.1,126.57,14.41,0.164173,0.473871,0.274389,0.269734,0.052806,0.5215,0.0952,0.1,
0.28,4.5,6,70,70,70,243,243,5854.1,79.8,230.1,124.35,14.94,0.157625,0.400351,0.278947,0.278862,0.061796,0.52487,0.095,0.1,
0.28,4.5,7,70,70,70,303,303,6014.68,79.8,290.1,121.45,14.96,0.13689,0.406584,0.275599,0.271813,0.055603,0.52224,0.0953,0.1,
0.28,4.5,8,70,70,70,224,224,5385.87,79.8,215.1,129.09,14.48,0.154969,0.516623,0.277251,0.266893,0.05649,0.52412,0.0963,0.1,
0.28,4.5,9,70,70,70,246,246,5800.41,79.8,235.1,125.07,14.87,0.180471,0.347607,0.272155,0.275729,0.039048,0.5203,0.0963,0.1,
0.28,5,0,70,70,70,207,207,5915.65,79.8,196.4,119.92,15.23,0.157602,0.466431,0.273144,0.2752,0.062708,0.5192,0.0929,0.1,
0.28,5,1,70,70,70,240,240,5453.07,79.8,230.1,124.66,14.14,0.109044,0.366916,0.264278,0.26857,0.050805,0.51153,0.0941,0.1,
0.28,5,2,70,70,70,253,253,5373.71,79.8,242.2,131.1,13.88,0.128065,0.413018,0.271959,0.278295,0.060788,0.51819,0.0944,0.1,
0.28,5,3,70,70,70,242,242,5469.73,79.8,231.5,124.72,13.77,0.135204,0.425022,0.267185,0.260505,0.057414,0.51392,0.0939,0.1,
0.28,5,4,70,70,70,228,228,6255.13,79.8,215.1,131.08,15.57,0.120153,0.43324,0.274807,0.280966,0.053964,0.52154,0.0949,0.1,
0.28,5,5,70,70,70,292,292,5378.63,79.8,281.4,133.6,14.63,0.168538,0.456689,0.275589,0.270504,0.058477,0.52212,0.0949,0.1,
0.28,5,6,70,70,70,248,248,5854.1,79.8,235.9,128.77,15.06,0.142483,0.413767,0.276018,0.277277,0.065682,0.52162,0.0943,0.1,
0.28,5,7,70,70,70,303,303,6014.68,79.8,290.1,127.99,15.05,0.137906,0.401628,0.272213,0.263991,0.057396,0.51878,0.0945,0.1,
0.28,5,8,70,70,70,239,239,5385.87,79.8,229,134.41,14.44,0.163503,0.518978,0.273304,0.267913,0.054247,0.52041,0.0957,0.1,
0.28,5,9,70,70,70,246,246,5800.41,79.8,235.1,128.73,14.81,0.181216,0.35201,0.270399,0.274668,0.04095,0.51847,0.0958,0.1,
0.28,5.5,0,70,70,70,342,342,5915.65,79.8,331.6,127.87,15.49,0.127287,0.467931,0.268642,0.264516,0.066944,0.51422,0.0918,0.1,
0.28,5.5,1,70,70,70,245,245,5453.07,79.8,235.1,129.76,14.22,0.108418,0.378482,0.253362,0.261911,0.055777,0.50017,0.0921,0.1,
0.28,5.5,2,70,70,70,260,260,5373.71,79.8,249.3,136.17,14.12,0.132405,0.434529,0.264399,0.263519,0.059267,0.51103,0.093,0.1,
0.28,5.5,3,70,70,70,294,294,5469.73,79.8,281.2,131.76,13.81,0.125672,0.42963,0.259804,0.254328,0.059756,0.50641,0.0926,0.1,
0.28,5.5,4,70,70,70,275,275,6255.13,79.8,265.1,136.33,15.88,0.128013,0.439952,0.271249,0.278058,0.054932,0.518,0.0944,0.1,
0.28,5.5,5,70,70,70,295,295,5378.63,79.8,285,140.85,14.62,0.143905,0.463743,0.269272,0.261318,0.062773,0.51549,0.0939,0.1,
0.28,5.5,6,70,70,70,253,253,5854.1,79.8,241,132.58,15.12,0.143783,0.427757,0.267878,0.26339,0.069184,0.51329,0.0929,0.1,
0.28,5.5,7,70,70,70,303,303,6014.68,79.8,290.1,132.87,15.32,0.139299,0.408719,0.266272,0.263348,0.057751,0.51298,0.0938,0.1,
0.28,5.5,8,70,70,70,246,246,5385.87,79.8,234.2,140.42,14.81,0.16188,0.539516,0.272676,0.26535,0.055488,0.51974,0.0955,0.1,
0.28,5.5,9,70,70,70,286,286,5800.41,79.8,275.1,135.01,15.23,0.157672,0.368331,0.264853,0.276877,0.045587,0.51263,0.0947,0.1,
0.28,6,0,70,70,70,346,346,5915.65,79.8,335.1,132.37,15.59,0.123494,0.475215,0.268859,0.266756,0.070811,0.51392,0.0914,0.1,
0.28,6,1,70,70,70,247,247,5453.07,79.8,237.3,131.28,14.38,0.116066,0.383502,0.252766,0.251828,0.054997,0.4997,0.0922,0.1,
0.28,6,2,70,70,70,276,276,5373.71,79.8,265.1,137.95,14.07,0.136198,0.449927,0.264965,0.267372,0.060208,0.5115,0.093,0.1,
0.28,6,3,70,70,70,300,300,5469.73,79.8,287.1,135.37,14.05,0.118039,0.402609,0.258911,0.250684,0.061981,0.5052,0.0924,0.1,
0.28,6,4,70,70,70,275,275,6255.13,81.9,265.1,141.18,15.84,0.135443,0.435425,0.267859,0.269046,0.051184,0.51515,0.0939,0.1,
0.28,6,5,70,70,70,300,300,5378.63,79.8,289.2,145.7,14.81,0.140204,0.468142,0.267255,0.258641,0.062695,0.51353,0.0935,0.1,
0.28,6,6,70,70,70,298,298,5854.1,79.8,285.7,135.97,15.19,0.144608,0.440687,0.266,0.255693,0.066536,0.51174,0.0924,0.1,
0.28,6,7,70,70,70,308,308,6014.68,79.8,295.1,137.01,15.18,0.141033,0.411162,0.265255,0.256914,0.059342,0.51185,0.0935,0.1,
0.28,6,8,70,70,70,258,258,5385.87,79.8,248.9,144.98,14.69,0.155634,0.526158,0.267059,0.260792,0.05814,0.51396,0.0944,0.1,
0.28,6,9,70,70,70,289,289,5800.41,79.8,278.7,138.18,15.1,0.155763,0.382345,0.261872,0.267333,0.046545,0.50962,0.0943,0.1,
0.28,6.5,0,70,70,70,346,346,5915.65,79.8,335.1,136.58,15.69,0.125579,0.481574,0.270408,0.265365,0.074153,0.51507,0.0915,0.1,
0.28,6.5,1,70,70,70,250,250,5453.07,79.8,240.1,135.19,14.53,0.119472,0.386307,0.245804,0.24385,0.058519,0.49226,0.0908,0.1,
0.28,6.5,2,70,70,70,276,276,5373.71,79.8,265.1,141.31,14.15,0.139498,0.450553,0.269292,0.267902,0.062213,0.51548,0.094,0.1,
0.28,6.5,3,70,70,70,304,304,5469.73,79.8,291.2,142.98,14.1,0.106993,0.401247,0.259337,0.250298,0.06498,0.50521,0.092,0.1,
0.28,6.5,4,70,70,70,275,275,6255.13,79.8,265.1,144.68,16.11,0.124908,0.441509,0.266319,0.267038,0.053821,0.51337,0.0936,0.1,
0.28,6.5,5,70,70,70,309,309,5378.63,79.8,298.5,150.51,14.9,0.140683,0.509596,0.260013,0.254404,0.069014,0.50571,0.0919,0.1,
0.28,6.5,6,70,70,70,303,303,5854.1,79.8,290.9,143.44,15.36,0.132101,0.412004,0.260894,0.252736,0.067863,0.50643,0.0914,0.1,
0.28,6.5,7,70,70,70,308,308,6014.68,79.8,295.1,139.6,15.36,0.142975,0.423273,0.26548,0.260406,0.057312,0.51231,0.0939,0.1,
0.28,6.5,8,70,70,70,286,286,5385.87,79.8,275.1,148.72,14.76,0.15412,0.537566,0.264629,0.252783,0.059465,0.51152,0.094,0.1,
0.28,6.5,9,70,70,70,291,291,5800.41,79.8,280.1,143.33,15.28,0.105004,0.391584,0.255135,0.258955,0.052619,0.50218,0.0929,0.1,
0.28,7,0,70,70,70,346,346,5915.65,79.8,335.1,138.74,15.85,0.127362,0.487277,0.267628,0.264754,0.070782,0.51274,0.0914,0.1,
0.28,7,1,70,70,70,250,250,5453.07,79.8,240.1,139.08,14.53,0.117211,0.41062,0.243195,0.243818,0.062788,0.48899,0.0901,0.1,
0.28,7,2,70,70,70,307,307,5373.71,79.8,297.1,147.68,14.35,0.127937,0.460691,0.264227,0.261254,0.067796,0.50989,0.0928,0.1,
0.28,7,3,70,70,70,338,338,5469.73,79.8,325.1,149.15,14.25,0.139604,0.412927,0.256477,0.246451,0.061023,0.503,0.0917,0.1,
0.28,7,4,70,70,70,280,280,6255.13,79.8,270.1,149.13,16.17,0.120828,0.436929,0.257896,0.259299,0.056131,0.50472,0.0918,0.1,
0.28,7,5,70,70,70,315,315,5378.63,79.8,304.3,153.53,14.99,0.140828,0.468026,0.255877,0.251189,0.068882,0.50148,0.0913,0.1,
0.28,7,6,70,70,70,310,310,5854.1,79.8,297.8,150.92,15.58,0.128681,0.405525,0.256655,0.250938,0.066602,0.50232,0.0908,0.1,
0.28,7,7,70,70,70,308,308,6014.68,79.8,295.1,146.1,15.49,0.140745,0.433742,0.257675,0.249709,0.057808,0.50449,0.0926,0.1,
0.28,7,8,70,70,70,286,286,5385.87,79.8,275.9,156.95,14.97,0.138413,0.539964,0.255961,0.24864,0.05794,0.50298,0.0925,0.1,
0.28,7,9,70,70,70,291,291,5800.41,79.8,280.1,145.8,15.43,0.102812,0.396358,0.254119,0.256864,0.053504,0.50106,0.0926,0.1,
0.29,3,0,70,70,70,192,192,5915.65,79.8,180.1,108.24,14.79,0.154521,0.391164,0.280974,0.277428,0.048469,0.52808,0.095,0.1,
0.29,3,1,70,70,70,190,190,5453.07,79.8,180.1,110.91,13.94,0.151337,0.350798,0.276229,0.280931,0.04001,0.5241,0.0963,0.1,
0.29,3,2,70,70,70,216,216,5373.71,79.8,205.1,109.78,13.5,0.114317,0.397345,0.274428,0.279183,0.058794,0.52065,0.0952,0.1,
0.29,3,3,70,70,70,201,201,5469.73,79.8,188.7,109.75,13.49,0.156462,0.381191,0.281645,0.27539,0.042378,0.52916,0.0972,0.1,
0.29,3,4,70,70,70,218,218,6255.13,79.8,205.1,115.28,15.64,0.170535,0.40928,0.283509,0.285455,0.044874,0.53077,0.0967,0.1,
0.29,3,5,70,70,70,261,261,5378.63,79.8,250.1,115.85,14.47,0.193768,0.445377,0.283209,0.278777,0.049496,0.53024,0.0968,0.1,
0.29,3,6,70,70,70,226,226,5854.1,79.8,215.1,112.95,15.12,0.15168,0.396009,0.277922,0.273255,0.056643,0.52437,0.0955,0.1,
0.29,3,7,70,70,70,207,207,6014.68,79.8,194.6,110.01,15.1,0.146029,0.399805,0.280977,0.280483,0.04943,0.52789,0.0961,0.1,
0.29,3,8,70,70,70,207,207,5385.87,79.8,200.1,117.99,14.76,0.203056,0.447289,0.278489,0.275079,0.046781,0.52601,0.0968,0.1,
0.29,3,9,70,70,70,200,200,5800.41,79.8,190.1,115.2,15.12,0.15754,0.360295,0.274125,0.279385,0.038203,0.52223,0.0966,0.1,
0.29,3.5,0,70,70,70,197,197,5915.65,79.8,185.1,112.69,15.54,0.156607,0.402931,0.280859,0.281022,0.052545,0.52762,0.0947,0.1,
0.29,3.5,1,70,70,70,202,202,5453.07,79.8,190.4,115.98,14.54,0.152558,0.351235,0.275937,0.28133,0.042688,0.52363,0.0963,0.1,
0.29,3.5,2,70,70,70,221,221,5373.71,79.8,210.1,116.87,14.3,0.117507,0.408541,0.274917,0.276653,0.05547,0.52151,0.0952,0.1,
0.29,3.5,3,70,70,70,220,220,5469.73,79.8,210.1,117.02,14.28,0.167764,0.372975,0.281929,0.279231,0.044905,0.52926,0.0968,0.1,
0.29,3.5,4,70,70,70,223,223,6255.13,79.8,210.1,120.8,15.39,0.105703,0.413993,0.2849,0.29332,0.049073,0.53156,0.0967,0.1,
0.29,3.5,5,70,70,70,262,262,5378.63,79.8,251.6,123.08,14.42,0.196071,0.458883,0.283251,0.278349,0.046852,0.53046,0.0966,0.1,
0.29,3.5,6,70,70,70,238,238,5854.1,79.8,225.1,118.29,15.04,0.155581,0.401573,0.277562,0.277853,0.058581,0.52385,0.0952,0.1,
0.29,3.5,7,70,70,70,231,231,6014.68,79.8,219,116.42,14.98,0.144747,0.411197,0.279102,0.281349,0.053797,0.52578,0.0958,0.1,
0.29,3.5,8,70,70,70,217,217,5385.87,79.8,210.1,123.48,14.55,0.179507,0.48462,0.28107,0.271955,0.051474,0.52818,0.0971,0.1,
0.29,3.5,9,70,70,70,215,215,5800.41,79.8,203.9,120.22,15.01,0.17458,0.372938,0.273804,0.271636,0.039983,0.52185,0.0965,0.1,
0.29,4,0,70,70,70,202,202,5915.65,79.8,190.2,116.53,15.42,0.158664,0.458522,0.281014,0.280848,0.059215,0.52722,0.0944,0.1,
0.29,4,1,70,70,70,214,214,5453.07,79.8,203.4,121.35,14.5,0.144492,0.370625,0.272162,0.280678,0.043798,0.51988,0.0957,0.1,
0.29,4,2,70,70,70,251,251,5373.71,79.8,240.1,124.47,14.35,0.121678,0.417142,0.275743,0.280294,0.05806,0.52209,0.0952,0.1,
0.29,4,3,70,70,70,240,240,5469.73,79.8,229.4,122.21,14.1,0.152119,0.408726,0.277768,0.275122,0.050565,0.52487,0.096,0.1,
0.29,4,4,70,70,70,223,223,6255.13,79.8,210.1,127.43,15.74,0.099488,0.420349,0.283123,0.296459,0.051544,0.52964,0.0962,0.1,
0.29,4,5,70,70,70,273,273,5378.63,79.8,260.1,128.28,14.38,0.182968,0.458856,0.281746,0.279989,0.050204,0.52876,0.0963,0.1,
0.29,4,6,70,70,70,243,243,5854.1,79.8,230.1,124.99,15.02,0.159787,0.40752,0.280018,0.283929,0.059954,0.52612,0.0953,0.1,
0.29,4,7,70,70,70,303,303,6014.68,79.8,290.1,124.22,15.26,0.144431,0.410949,0.276683,0.276547,0.053412,0.52351,0.0955,0.1,
0.29,4,8,70,70,70,224,224,5385.87,79.8,215.1,128.58,14.64,0.173722,0.502334,0.277896,0.271809,0.054075,0.52494,0.0967,0.1,
0.29,4,9,70,70,70,246,246,5800.41,79.8,235.1,126.22,15.05,0.177422,0.363102,0.272754,0.272857,0.042298,0.52066,0.0963,0.1,
0.29,4.5,0,70,70,70,247,247,5915.65,79.8,235.8,120.56,15.58,0.155346,0.467369,0.278471,0.275875,0.063622,0.5243,0.0936,0.1,
0.29,4.5,1,70,70,70,240,240,5453.07,79.8,230.1,126.03,14.73,0.125185,0.372298,0.269621,0.27307,0.048973,0.51695,0.0952,0.1,
0.29,4.5,2,70,70,70,254,254,5373.71,79.8,244,130.81,14.39,0.128455,0.424605,0.275406,0.280507,0.060946,0.52152,0.095,0.1,
0.29,4.5,3,70,70,70,244,244,5469.73,79.8,234,127.22,14.17,0.141066,0.418211,0.270015,0.263778,0.053473,0.51708,0.0949,0.1,
0.29,4.5,4,70,70,70,228,228,6255.13,79.8,215.1,130.92,15.61,0.102109,0.427881,0.28224,0.287754,0.05173,0.52884,0.0962,0.1,
0.29,4.5,5,70,70,70,276,276,5378.63,79.8,265.1,134.44,14.68,0.17546,0.474134,0.281279,0.276842,0.056868,0.5278,0.0963,0.1,
0.29,4.5,6,70,70,70,243,243,5854.1,79.8,230.1,129.56,15.17,0.1525,0.421175,0.283022,0.283975,0.065372,0.52839,0.0955,0.1,
0.29,4.5,7,70,70,70,303,303,6014.68,79.8,290.1,128.72,15.41,0.144797,0.412149,0.273997,0.270035,0.052729,0.52099,0.0951,0.1,
0.29,4.5,8,70,70,70,229,229,5385.87,79.8,220.1,135.41,14.76,0.162242,0.528103,0.277994,0.268101,0.057901,0.52471,0.0965,0.1,
0.29,4.5,9,70,70,70,246,246,5800.41,79.8,235.1,130.55,15.37,0.16405,0.364513,0.273909,0.275382,0.042939,0.52171,0.0963,0.1,
0.29,5,0,70,70,70,251,251,5915.65,79.8,239.9,125.63,15.8,0.152948,0.466524,0.274716,0.277772,0.06384,0.52061,0.0928,0.1,
0.29,5,1,70,70,70,245,245,5453.07,79.8,235.1,128.39,14.88,0.127666,0.380193,0.267722,0.273129,0.049257,0.51512,0.0948,0.1,
0.29,5,2,70,70,70,264,264,5373.71,79.8,254,136.04,14.76,0.135489,0.43998,0.273435,0.276951,0.059017,0.5199,0.0945,0.1,
0.29,5,3,70,70,70,284,284,5469.73,79.8,271.6,134.13,14.46,0.132784,0.425651,0.26549,0.258712,0.055822,0.51246,0.094,0.1,
0.29,5,4,70,70,70,275,275,6255.13,79.8,265.1,137.97,16.12,0.125614,0.429139,0.278513,0.283858,0.053395,0.52519,0.0956,0.1,
0.29,5,5,70,70,70,293,293,5378.63,79.8,282.6,141.18,14.95,0.173987,0.485432,0.279409,0.273205,0.060306,0.52571,0.0955,0.1,
0.29,5,6,70,70,70,250,250,5854.1,79.8,238,134.26,15.45,0.149692,0.416947,0.273976,0.281207,0.063858,0.51986,0.0938,0.1,
0.29,5,7,70,70,70,304,304,6014.68,79.8,291.1,133.89,15.53,0.145675,0.395201,0.26874,0.268889,0.05356,0.51581,0.0942,0.1,
0.29,5,8,70,70,70,248,248,5385.87,79.8,236.4,142.62,15.13,0.172337,0.384515,0.269483,0.263536,0.042962,0.51749,0.0956,0.1,
0.29,5,9,70,70,70,246,246,5800.41,79.8,235.9,134.71,15.57,0.158736,0.373578,0.27157,0.275966,0.046062,0.51919,0.0957,0.1,
0.29,5.5,0,70,70,70,346,346,5915.65,79.8,335.1,133.7,16.22,0.131859,0.451664,0.270883,0.269316,0.067757,0.51636,0.0919,0.1,
0.29,5.5,1,70,70,70,245,245,5453.07,79.8,235.1,135.32,15.17,0.127729,0.395817,0.256832,0.251928,0.053137,0.50402,0.0927,0.1,
0.29,5.5,2,70,70,70,308,308,5373.71,79.8,298.6,141.41,14.9,0.1401,0.447099,0.270113,0.266468,0.058842,0.51673,0.0937,0.1,
0.29,5.5,3,70,70,70,296,296,5469.73,79.8,283.7,135.5,14.71,0.129776,0.43435,0.264017,0.257884,0.05912,0.51069,0.0933,0.1,
0.29,5.5,4,70,70,70,275,275,6255.13,79.9,265.1,141.96,15.9,0.136319,0.421915,0.274127,0.282841,0.053154,0.52099,0.0949,0.1,
0.29,5.5,5,70,70,70,297,297,5378.63,79.8,286.2,147.54,15.03,0.149271,0.493141,0.274611,0.269068,0.06208,0.5208,0.0945,0.1,
0.29,5.5,6,70,70,70,294,294,5854.1,79.8,281.8,137.49,15.48,0.150719,0.420148,0.270343,0.256502,0.067102,0.51598,0.0932,0.1,
0.29,5.5,7,70,70,70,308,308,6014.68,79.8,295.1,137.89,15.6,0.146958,0.423723,0.267578,0.261934,0.057614,0.51434,0.0942,0.1,
0.29,5.5,8,70,70,70,255,255,5385.87,79.8,245.6,148.58,15.15,0.168221,0.399404,0.268264,0.263275,0.048453,0.51588,0.0952,0.1,
0.29,5.5,9,70,70,70,291,291,5800.41,79.8,280.1,142.06,15.57,0.165433,0.387626,0.2645,0.269785,0.048336,0.5121,0.0945,0.1,
0.29,6,0,70,70,70,346,346,5915.65,79.8,335.1,138.54,16.28,0.129147,0.463083,0.269353,0.263899,0.070826,0.51443,0.0916,0.1,
0.29,6,1,70,70,70,250,250,5453.07,79.8,240.1,139.07,15.27,0.121412,0.375439,0.254733,0.2541,0.055486,0.50165,0.0925,0.1,
0.29,6,2,70,70,70,310,310,5373.71,79.8,300.1,143.36,14.97,0.144023,0.449918,0.270235,0.271939,0.059262,0.51676,0.0938,0.1,
0.29,6,3,70,70,70,301,301,5469.73,79.8,288.2,141.01,14.76,0.11804,0.419611,0.261519,0.251896,0.065598,0.50743,0.0927,0.1,
0.29,6,4,70,70,70,280,280,6255.13,82.5,270.1,144.73,16.15,0.139068,0.428812,0.271435,0.281093,0.048604,0.51885,0.0946,0.1,
0.29,6,5,70,70,70,305,305,5378.63,79.8,294.1,152.08,14.88,0.142016,0.498028,0.272352,0.262592,0.065959,0.51818,0.0939,0.1,
0.29,6,6,70,70,70,301,301,5854.1,79.8,288.1,142.55,15.62,0.130497,0.425835,0.269293,0.262546,0.069158,0.51463,0.0925,0.1,
0.29,6,7,70,70,70,308,308,6014.68,79.8,295.1,142.39,15.63,0.148582,0.42532,0.265277,0.255398,0.055044,0.51236,0.0939,0.1,
0.29,6,8,70,70,70,260,260,5385.87,79.8,250.3,153.24,15.17,0.163445,0.361539,0.263843,0.256978,0.046034,0.51172,0.0946,0.1,
0.29,6,9,70,70,70,291,291,5800.41,79.8,280.1,145.04,15.68,0.155217,0.39323,0.263945,0.269544,0.049366,0.51145,0.0945,0.1,
0.29,6.5,0,70,70,70,346,346,5915.65,79.8,335.1,143.38,16.47,0.133622,0.472966,0.26862,0.264274,0.07038,0.51376,0.0917,0.1,
0.29,6.5,1,70,70,70,250,250,5453.07,79.8,240.1,141.94,15.29,0.127678,0.365912,0.248717,0.247111,0.058228,0.49522,0.0912,0.1,
0.29,6.5,2,70,70,70,311,311,5373.71,79.8,301.5,148.42,15.19,0.147362,0.458293,0.269365,0.276472,0.061876,0.51565,0.0938,0.1,
0.29,6.5,3,70,70,70,338,338,5469.73,79.8,325.1,151.6,14.95,0.109708,0.418539,0.259055,0.24926,0.065714,0.50498,0.092,0.1,
0.29,6.5,4,70,70,70,284,284,6255.13,79.8,274.1,147.55,16.15,0.127517,0.412455,0.269199,0.274127,0.04976,0.51654,0.0941,0.1,
0.29,6.5,5,70,70,70,311,311,5378.63,79.8,300.8,156.32,15.24,0.148003,0.500496,0.266794,0.261501,0.067845,0.51256,0.0928,0.1,
0.29,6.5,6,70,70,70,307,307,5854.1,79.8,294.8,149.25,16,0.138983,0.431959,0.265498,0.260912,0.067534,0.51111,0.0923,0.1,
0.29,6.5,7,70,70,70,308,308,6014.68,79.8,295.1,147.32,15.98,0.15044,0.430567,0.262329,0.249878,0.057373,0.5092,0.0934,0.1,
0.29,6.5,8,70,70,70,288,288,5385.87,79.8,277.7,159.99,15.41,0.141342,0.373525,0.26175,0.253962,0.05159,0.50912,0.094,0.1,
0.29,6.5,9,70,70,70,291,291,5800.41,79.8,280.1,149.64,15.82,0.111864,0.382706,0.259632,0.265038,0.05271,0.5067,0.0936,0.1,
0.29,7,0,70,70,70,346,346,5915.65,79.8,335.1,150.43,16.61,0.130427,0.481346,0.263504,0.260972,0.071002,0.50855,0.0906,0.1,
0.29,7,1,70,70,70,252,252,5453.07,79.8,240.1,145.56,15.59,0.123245,0.371384,0.24426,0.249199,0.059979,0.49036,0.0904,0.1,
0.29,7,2,70,70,70,315,315,5373.71,79.8,305.1,153.01,15.33,0.134145,0.46219,0.263802,0.258335,0.063917,0.50992,0.0928,0.1,
0.29,7,3,70,70,70,374,374,5469.73,79.8,360.1,157.18,15.39,0.111557,0.424601,0.258455,0.24898,0.06454,0.5045,0.0917,0.1,
0.29,7,4,70,70,70,360,360,6255.13,79.8,350.1,154.05,16.55,0.124687,0.431738,0.260458,0.264947,0.05695,0.50721,0.0921,0.1,
0.29,7,5,70,70,70,316,316,5378.63,80.5,305.7,162.48,15.37,0.147803,0.492214,0.261146,0.255054,0.069957,0.50668,0.0918,0.1,
0.29,7,6,70,70,70,328,328,5854.1,79.8,315.1,155.74,15.99,0.130426,0.410949,0.262744,0.257994,0.066308,0.50852,0.092,0.1,
0.29,7,7,70,70,70,308,308,6014.68,79.8,295.1,151.87,16.08,0.139436,0.436274,0.259808,0.250527,0.060176,0.5064,0.0928,0.1,
0.29,7,8,70,70,70,291,291,5385.87,79.8,280.1,163.27,15.63,0.145234,0.372662,0.257391,0.251001,0.049195,0.50503,0.0931,0.1,
0.29,7,9,70,70,70,291,291,5800.41,79.8,280.1,152.41,15.86,0.10668,0.387879,0.256366,0.258512,0.053601,0.50335,0.093,0.1,
0.3,3,0,70,70,70,192,192,5915.65,79.8,180.7,111.33,16.05,0.161668,0.40016,0.286072,0.282128,0.047782,0.533,0.0956,0.1,
0.3,3,1,70,70,70,193,193,5453.07,79.8,183.2,114,14.94,0.157781,0.359351,0.279422,0.285758,0.042235,0.52702,0.0968,0.1,
0.3,3,2,70,70,70,216,216,5373.71,79.8,205.1,115.15,14.63,0.119427,0.404531,0.27531,0.279608,0.053854,0.52199,0.0952,0.1,
0.3,3,3,70,70,70,213,213,5469.73,79.8,200.1,113.85,14.5,0.163109,0.383683,0.28144,0.274708,0.042726,0.52899,0.0969,0.1,
0.3,3,4,70,70,70,218,218,6255.13,79.8,205.2,121.23,16.33,0.150337,0.407167,0.287459,0.293252,0.044114,0.53452,0.0973,0.1,
0.3,3,5,70,70,70,261,261,5378.63,79.8,250.1,122.99,15.4,0.199811,0.464344,0.285867,0.280337,0.049435,0.5328,0.0969,0.1,
0.3,3,6,70,70,70,238,238,5854.1,79.8,225.1,117.88,15.95,0.157831,0.398796,0.278965,0.279474,0.056532,0.52544,0.0957,0.1,
0.3,3,7,70,70,70,224,224,6014.68,79.8,211.5,115.55,15.99,0.154864,0.409219,0.282464,0.28932,0.048425,0.52943,0.0965,0.1,
0.3,3,8,70,70,70,214,214,5385.87,79.8,205.1,121.78,15.37,0.192531,0.474103,0.282209,0.272954,0.049715,0.52938,0.0972,0.1,
0.3,3,9,70,70,70,217,217,5800.41,79.8,205.5,119.4,15.91,0.168149,0.367324,0.276718,0.278724,0.03866,0.52472,0.097,0.1,
0.3,3.5,0,70,70,70,202,202,5915.65,79.8,190.1,116.91,16.77,0.163847,0.402807,0.284094,0.284486,0.053055,0.53067,0.0951,0.1,
0.3,3.5,1,70,70,70,213,213,5453.07,79.8,202.7,120.67,15.59,0.159375,0.368568,0.277608,0.282645,0.042157,0.52529,0.0966,0.1,
0.3,3.5,2,70,70,70,249,249,5373.71,79.8,238.2,123.15,15.26,0.122784,0.407066,0.278456,0.2847,0.052341,0.52521,0.0958,0.1,
0.3,3.5,3,70,70,70,223,223,5469.73,79.8,215.1,121.23,15.3,0.175015,0.392043,0.281865,0.28018,0.048386,0.52898,0.0968,0.1,
0.3,3.5,4,70,70,70,223,223,6255.13,79.8,210.1,127.39,27.97,0.108595,0.414699,0.284424,0.296819,0.04969,0.53108,0.0966,0.1,
0.3,3.5,5,70,70,70,266,266,5378.63,79.8,255.1,128.28,25.66,0.198721,0.464565,0.285358,0.281315,0.046473,0.53249,0.097,0.1,
0.3,3.5,6,70,70,70,238,238,5854.1,79.8,226.3,125.52,27.35,0.161864,0.404108,0.280923,0.279636,0.056888,0.5273,0.0956,0.1,
0.3,3.5,7,70,70,70,298,298,6014.68,79.8,285.1,123.82,28.43,0.153394,0.418569,0.279788,0.282438,0.050928,0.52671,0.0961,0.1,
0.3,3.5,8,70,70,70,222,222,5385.87,79.8,214,127.79,27.3,0.187784,0.501986,0.282492,0.280008,0.051494,0.5295,0.0974,0.1,
0.3,3.5,9,70,70,70,246,246,5800.41,79.8,235.1,126.74,28.33,0.182889,0.38473,0.275409,0.275343,0.040028,0.5234,0.0967,0.1,
0.3,4,0,70,70,70,243,243,5915.65,79.8,231.3,121.36,29.98,0.165989,0.456092,0.282774,0.279783,0.059995,0.52886,0.0944,0.1,
0.3,4,1,70,70,70,232,232,5453.07,79.8,221.2,125.06,28.37,0.133062,0.374192,0.27721,0.284769,0.045831,0.52457,0.0965,0.1,
0.3,4,2,70,70,70,254,254,5373.71,79.8,243.2,131.21,29.68,0.127563,0.426479,0.27844,0.281124,0.057183,0.52483,0.0956,0.1,
0.3,4,3,70,70,70,245,245,5469.73,79.8,234.5,126.51,31.78,0.156922,0.40177,0.275858,0.268237,0.048464,0.52324,0.096,0.1,
0.3,4,4,70,70,70,275,275,6255.13,79.8,265.1,133.28,27.67,0.100732,0.418095,0.284575,0.288302,0.050903,0.53111,0.0966,0.1,
0.3,4,5,70,70,70,275,275,5378.63,79.8,264.6,133.17,25.13,0.189934,0.473677,0.284321,0.27904,0.051906,0.5311,0.0967,0.1,
0.3,4,6,70,70,70,243,243,5854.1,79.8,230.1,130.98,25.16,0.166101,0.425068,0.28503,0.283789,0.061809,0.53078,0.0959,0.1,
0.3,4,7,70,70,70,303,303,6014.68,79.8,290.1,129.37,25.21,0.152918,0.424942,0.275376,0.274851,0.050663,0.52255,0.0954,0.1,
0.3,4,8,70,70,70,228,228,5385.87,79.8,218.9,135.55,24.15,0.180934,0.396415,0.277448,0.271405,0.043583,0.52518,0.0971,0.1,
0.3,4,9,70,70,70,246,246,5800.41,79.8,235.1,135.07,24.54,0.18365,0.37286,0.275781,0.280475,0.043146,0.52353,0.0964,0.1,
0.3,4.5,0,70,70,70,248,248,5915.65,79.8,236.5,126.4,24.99,0.16046,0.448372,0.27983,0.282985,0.062471,0.52569,0.0938,0.1,
0.3,4.5,1,70,70,70,245,245,5453.07,79.8,235.1,129.52,24.04,0.129044,0.380351,0.272901,0.276349,0.047159,0.52032,0.0956,0.1,
0.3,4.5,2,70,70,70,308,308,5373.71,79.8,298.3,136.29,24,0.135179,0.440911,0.278439,0.281542,0.059703,0.52464,0.0953,0.1,
0.3,4.5,3,70,70,70,280,280,5469.73,79.8,268,132.59,24.83,0.144978,0.409146,0.273312,0.266589,0.054171,0.52025,0.0954,0.1,
0.3,4.5,4,70,70,70,275,275,6255.13,79.8,265.1,138.07,15.44,0.106819,0.425367,0.285481,0.28965,0.050856,0.53201,0.0966,0.1,
0.3,4.5,5,70,70,70,289,289,5378.63,79.8,278.6,142.17,14.25,0.184354,0.485038,0.285145,0.283383,0.059016,0.5313,0.0964,0.1,
0.3,4.5,6,70,70,70,245,245,5854.1,79.8,233,134.66,14.59,0.159875,0.417991,0.282961,0.285758,0.063112,0.52862,0.0955,0.1,
0.3,4.5,7,70,70,70,305,305,6014.68,79.8,292.2,133.3,14.61,0.153122,0.415039,0.27501,0.275332,0.052579,0.52203,0.0952,0.1,
0.3,4.5,8,70,70,70,251,251,5385.87,79.8,239.3,142.07,14.16,0.206467,0.403102,0.277913,0.268003,0.045163,0.52554,0.0968,0.1,
0.3,4.5,9,70,70,70,247,247,5800.41,79.8,236.9,136.5,14.63,0.162281,0.375244,0.277947,0.283414,0.044656,0.52548,0.0969,0.1,
0.3,5,0,70,70,70,346,346,5915.65,79.8,335.1,133.04,15.54,0.139595,0.464781,0.277311,0.278319,0.062015,0.52328,0.0932,0.1,
0.3,5,1,70,70,70,245,245,5453.07,79.8,235.1,133.4,14.35,0.134228,0.395936,0.27143,0.272894,0.048187,0.51884,0.0953,0.1,
0.3,5,2,70,70,70,310,310,5373.71,79.8,300.1,141.17,14.17,0.143535,0.444489,0.278841,0.277436,0.057514,0.5253,0.0953,0.1,
0.3,5,3,70,70,70,292,292,5469.73,79.8,279.1,138.11,14.61,0.136246,0.406667,0.269679,0.262918,0.056228,0.51651,0.0947,0.1,
0.3,5,4,70,70,70,278,278,6255.13,79.8,268.8,142.22,15.86,0.132822,0.436802,0.281927,0.289536,0.051804,0.52864,0.0962,0.1,
0.3,5,5,70,70,70,294,294,5378.63,79.8,283.6,149.12,14.71,0.15301,0.495879,0.280644,0.273189,0.064051,0.52653,0.0952,0.1,
0.3,5,6,70,70,70,252,252,5854.1,79.8,239.4,139.61,15.04,0.157986,0.42619,0.276493,0.272903,0.06177,0.52259,0.0946,0.1,
0.3,5,7,70,70,70,308,308,6014.68,79.8,295.1,139.6,15.13,0.15384,0.418266,0.270819,0.272358,0.051485,0.51804,0.0948,0.1,
0.3,5,8,70,70,70,252,252,5385.87,79.8,240.1,148.42,14.43,0.177667,0.412756,0.274554,0.269828,0.047816,0.52203,0.0962,0.1,
0.3,5,9,70,70,70,291,291,5800.41,79.8,280.1,143.02,14.9,0.165748,0.388062,0.273997,0.273419,0.05057,0.52121,0.0962,0.1,
0.3,5.5,0,70,70,70,346,346,5915.65,79.8,335.1,138.58,15.03,0.136958,0.479194,0.275699,0.277697,0.068352,0.52099,0.0927,0.1,
0.3,5.5,1,70,70,70,250,250,5453.07,79.8,240.1,139.73,14.23,0.138231,0.402379,0.258949,0.25457,0.054557,0.50606,0.0931,0.1,
0.3,5.5,2,70,70,70,315,315,5373.71,79.8,305.1,146,14.08,0.148364,0.428434,0.272306,0.264461,0.0546,0.51923,0.0942,0.1,
0.3,5.5,3,70,70,70,298,298,5469.73,79.8,285.2,142.89,14.62,0.134176,0.413669,0.264301,0.254731,0.05958,0.51088,0.0937,0.1,
0.3,5.5,4,70,70,70,284,284,6255.13,80.3,274.1,145.34,15.44,0.144855,0.412974,0.277496,0.284592,0.050813,0.52446,0.0955,0.1,
0.3,5.5,5,70,70,70,298,298,5378.63,79.8,287.3,154.88,14.53,0.155438,0.505632,0.275647,0.267971,0.063052,0.52183,0.0947,0.1,
0.3,5.5,6,70,70,70,296,296,5854.1,79.8,283.9,146.24,14.81,0.134851,0.438308,0.272221,0.271091,0.068631,0.51765,0.0933,0.1,
0.3,5.5,7,70,70,70,308,308,6014.68,79.8,295.1,144.48,14.94,0.155042,0.381426,0.268888,0.263592,0.050168,0.51629,0.0945,0.1,
0.3,5.5,8,70,70,70,264,264,5385.87,79.8,250.1,154.21,14.5,0.169594,0.425366,0.270741,0.266009,0.048949,0.51827,0.0956,0.1,
0.3,5.5,9,70,70,70,291,291,5800.41,79.8,280.1,146.39,14.7,0.172999,0.375401,0.26683,0.26577,0.047506,0.51449,0.095,0.1,
0.3,6,0,70,70,70,347,347,5915.65,79.8,337,144.2,15.44,0.134246,0.488627,0.276965,0.277679,0.070866,0.5219,0.0927,0.1,
0.3,6,1,70,70,70,252,252,5453.07,79.8,240.1,143.38,14.39,0.137433,0.397333,0.256852,0.249501,0.055701,0.50386,0.0928,0.1,
0.3,6,2,70,70,70,320,320,5373.71,79.8,310.1,149.94,14.13,0.152441,0.431949,0.272105,0.270549,0.057377,0.51876,0.0943,0.1,
0.3,6,3,70,70,70,303,303,5469.73,79.8,295.1,151.59,13.9,0.114793,0.437809,0.262667,0.255991,0.064085,0.50877,0.0929,0.1,
0.3,6,4,70,70,70,356,356,6255.13,83.1,346.4,150.42,15.69,0.136651,0.434927,0.278548,0.285178,0.047925,0.52575,0.0954,0.1,
0.3,6,5,70,70,70,306,306,5378.63,79.8,296,158.93,14.41,0.155657,0.515305,0.274717,0.270315,0.065182,0.52066,0.0943,0.1,
0.3,6,6,70,70,70,304,304,5854.1,79.8,291.9,150.58,15.03,0.140675,0.449324,0.272279,0.2744,0.068747,0.51769,0.0933,0.1,
0.3,6,7,70,70,70,308,308,6014.68,79.8,295.1,147.6,14.98,0.156541,0.432346,0.269401,0.26361,0.052543,0.51663,0.0947,0.1,
0.3,6,8,70,70,70,290,290,5385.87,79.8,279.3,161.35,14.68,0.169671,0.383267,0.270565,0.261608,0.047187,0.51821,0.0956,0.1,
0.3,6,9,70,70,70,291,291,5800.41,79.8,280.1,150.59,14.98,0.131019,0.384055,0.264304,0.269443,0.05005,0.5117,0.0945,0.1,
0.3,6.5,0,70,70,70,351,351,5915.65,79.8,340.1,151.83,15.64,0.139669,0.495933,0.272257,0.267814,0.072147,0.51718,0.092,0.1,
0.3,6.5,1,70,70,70,252,252,5453.07,79.8,240.7,146.27,14.67,0.137027,0.39121,0.255994,0.257164,0.061059,0.50235,0.0924,0.1,
0.3,6.5,2,70,70,70,320,320,5373.71,79.8,310.1,155.78,14.52,0.155879,0.436964,0.270559,0.276451,0.059106,0.5171,0.0943,0.1,
0.3,6.5,3,70,70,70,374,374,5469.73,79.8,360.1,159.84,14.56,0.118868,0.427045,0.258472,0.253362,0.062659,0.50479,0.092,0.1,
0.3,6.5,4,70,70,70,360,360,6255.13,79.8,350.1,155.55,15.45,0.131002,0.438874,0.270335,0.278055,0.052034,0.51744,0.0937,0.1,
0.3,6.5,5,70,70,70,313,313,5378.63,79.8,302.8,160.29,14.41,0.155814,0.524975,0.271083,0.263105,0.067479,0.5169,0.0936,0.1,
0.3,6.5,6,70,70,70,328,328,5854.1,79.8,315.1,157.69,15.07,0.14655,0.409592,0.270265,0.264562,0.065234,0.51611,0.0934,0.1,
0.3,6.5,7,70,70,70,313,313,6014.68,79.8,300.1,152.63,14.96,0.156326,0.418465,0.26504,0.259185,0.056176,0.51197,0.0939,0.1,
0.3,6.5,8,70,70,70,345,345,5385.87,79.8,335.1,166.34,14.64,0.15153,0.388637,0.264834,0.257967,0.050446,0.51231,0.0942,0.1,
0.3,6.5,9,70,70,70,291,291,5800.41,79.8,280.1,154.4,14.97,0.117355,0.377164,0.261072,0.271235,0.050684,0.50835,0.0937,0.1,
0.3,7,0,70,70,70,351,351,5915.65,79.8,340.1,155.72,15.66,0.133796,0.501578,0.265402,0.269376,0.070272,0.51058,0.0909,0.1,
0.3,7,1,70,70,70,255,255,5453.07,79.8,245.1,149.99,14.7,0.123675,0.380328,0.251003,0.260532,0.061106,0.49717,0.0915,0.1,
0.3,7,2,70,70,70,320,320,5373.71,79.8,310.1,160.62,14.42,0.140458,0.42751,0.266834,0.269486,0.064893,0.51274,0.0931,0.1,
0.3,7,3,70,70,70,374,374,5469.73,79.8,360.1,162.75,14.33,0.116282,0.428702,0.256989,0.252177,0.064378,0.50304,0.0915,0.1,
0.3,7,4,70,70,70,365,365,6255.13,79.8,355.1,160.68,15.51,0.125314,0.440003,0.258311,0.255772,0.056559,0.50515,0.0914,0.1,
0.3,7,5,70,70,70,317,317,5378.63,81.1,306.9,167.76,14.52,0.155339,0.448185,0.266777,0.265236,0.066666,0.51256,0.0929,0.1,
0.3,7,6,70,70,70,338,338,5854.1,79.8,325.1,163.44,15.09,0.142205,0.413067,0.267129,0.257062,0.064423,0.51315,0.0929,0.1,
0.3,7,7,70,70,70,313,313,6014.68,79.8,300.1,155.81,14.9,0.139544,0.423368,0.260578,0.257812,0.061594,0.50696,0.093,0.1,
0.3,7,8,70,70,70,349,349,5385.87,79.8,338.6,170.39,14.57,0.174511,0.391374,0.261695,0.26113,0.04824,0.50944,0.0937,0.1,
0.3,7,9,70,70,70,296,296,5800.41,79.8,285.1,157.39,14.96,0.111066,0.386613,0.256325,0.253832,0.051649,0.50356,0.093,0.1,
0.31,3,0,70,70,70,197,197,5915.65,79.8,185.1,115.31,14.99,0.169142,0.401279,0.28887,0.285768,0.048796,0.53555,0.096,0.1,
0.31,3,1,70,70,70,207,207,5453.07,79.8,195.1,119.22,14.04,0.161795,0.361989,0.277947,0.282256,0.040739,0.52573,0.0966,0.1,
0.31,3,2,70,70,70,230,230,5373.71,79.8,220.1,120.23,13.69,0.124816,0.410812,0.277029,0.28553,0.053159,0.52377,0.0956,0.1,
0.31,3,3,70,70,70,221,221,5469.73,79.8,210.1,119.7,13.65,0.170189,0.397694,0.2865,0.281721,0.044566,0.53366,0.0977,0.1,
0.31,3,4,70,70,70,223,223,6255.13,79.8,210.1,126.32,14.89,0.154661,0.406262,0.286751,0.293789,0.044419,0.53383,0.0971,0.1,
0.31,3,5,70,70,70,263,263,5378.63,79.8,252.3,127.73,13.85,0.206023,0.455041,0.286445,0.282017,0.045748,0.5336,0.0972,0.1,
0.31,3,6,70,70,70,238,238,5854.1,79.8,225.1,122.57,14.34,0.164196,0.41745,0.282905,0.284501,0.057017,0.52916,0.0962,0.1,
0.31,3,7,70,70,70,293,293,6014.68,79.8,280.1,121.25,14.46,0.162283,0.413279,0.283329,0.280404,0.04925,0.53022,0.0968,0.1,
0.31,3,8,70,70,70,219,219,5385.87,79.8,210.1,127.13,13.82,0.197152,0.494611,0.284263,0.273662,0.050768,0.53126,0.0978,0.1,
0.31,3,9,70,70,70,241,241,5800.41,79.8,230.1,125.76,14.29,0.177176,0.379117,0.277458,0.276353,0.039265,0.52543,0.0972,0.1,
0.31,3.5,0,70,70,70,221,221,5915.65,79.8,207.2,121.04,14.98,0.171443,0.401973,0.286456,0.286825,0.053093,0.53294,0.0953,0.1,
0.31,3.5,1,70,70,70,226,226,5453.07,79.8,215.1,126,14.16,0.160808,0.371935,0.279146,0.283694,0.042105,0.52678,0.0971,0.1,
0.31,3.5,2,70,70,70,251,251,5373.71,79.8,240.1,128.93,14.04,0.128342,0.430719,0.281629,0.285507,0.054237,0.52814,0.0962,0.1,
0.31,3.5,3,70,70,70,243,243,5469.73,79.8,233,125.99,13.72,0.18263,0.405848,0.281,0.278077,0.047776,0.52821,0.0968,0.1,
0.31,3.5,4,70,70,70,275,275,6255.13,79.8,265.1,131.78,15.23,0.112222,0.413037,0.286901,0.288203,0.049389,0.53347,0.0969,0.1,
0.31,3.5,5,70,70,70,273,273,5378.63,79.8,260.1,133.81,13.92,0.205598,0.468762,0.287447,0.281643,0.049072,0.53427,0.0973,0.1,
0.31,3.5,6,70,70,70,243,243,5854.1,79.8,230.1,131.77,14.5,0.16837,0.423343,0.28306,0.282791,0.056303,0.52942,0.0958,0.1,
0.31,3.5,7,70,70,70,303,303,6014.68,79.8,290.1,128.85,14.61,0.16254,0.421925,0.278985,0.276139,0.051874,0.52592,0.096,0.1,
0.31,3.5,8,70,70,70,227,227,5385.87,79.8,217.6,134.76,14.06,0.181927,0.390695,0.279831,0.276623,0.043259,0.52747,0.0974,0.1,
0.31,3.5,9,70,70,70,246,246,5800.41,79.8,235.1,132.22,14.53,0.191248,0.388844,0.280048,0.28484,0.039188,0.52789,0.0973,0.1,
0.31,4,0,70,70,70,248,248,5915.65,79.8,234.9,127.09,15.49,0.173623,0.411864,0.284914,0.283739,0.056475,0.53117,0.0948,0.1,
0.31,4,1,70,70,70,238,238,5453.07,79.8,227.3,132.98,14.32,0.137813,0.379027,0.274962,0.277766,0.044901,0.5225,0.0964,0.1,
0.31,4,2,70,70,70,310,310,5373.71,79.8,300.1,135.71,14.11,0.133788,0.436716,0.280055,0.285087,0.055884,0.52651,0.0958,0.1,
0.31,4,3,70,70,70,257,257,5469.73,79.8,249.6,129.71,14.08,0.161764,0.416344,0.280748,0.27832,0.049482,0.52785,0.0968,0.1,
0.31,4,4,70,70,70,275,275,6255.13,79.8,265.1,137.49,15.39,0.103548,0.426187,0.287992,0.29122,0.050492,0.53439,0.097,0.1,
0.31,4,5,70,70,70,281,281,5378.63,79.8,268.7,138.8,14.19,0.198179,0.481401,0.287327,0.279305,0.049547,0.53414,0.0972,0.1,
0.31,4,6,70,70,70,246,246,5854.1,79.8,235.1,136.07,14.79,0.172721,0.418362,0.283108,0.286785,0.058905,0.52922,0.0958,0.1,
0.31,4,7,70,70,70,303,303,6014.68,79.8,290.5,134.02,15,0.161876,0.429933,0.279048,0.280582,0.051787,0.52598,0.0959,0.1,
0.31,4,8,70,70,70,235,235,5385.87,79.8,225.1,139.93,14.36,0.17463,0.409391,0.280477,0.26953,0.045905,0.52791,0.0974,0.1,
0.31,4,9,70,70,70,286,286,5800.41,79.8,275.1,138.69,14.83,0.190863,0.376545,0.280874,0.283349,0.043349,0.52839,0.0973,0.1,
0.31,4.5,0,70,70,70,346,346,5915.65,79.8,335.1,135.16,15.64,0.169891,0.469461,0.280209,0.277892,0.0606,0.52628,0.0939,0.1,
0.31,4.5,1,70,70,70,246,246,5453.07,79.8,235.1,136.66,14.46,0.133375,0.380783,0.273121,0.275354,0.046542,0.52061,0.0958,0.1,
0.31,4.5,2,70,70,70,315,315,5373.71,79.8,305.1,140.55,14.52,0.142475,0.441959,0.28091,0.280401,0.057908,0.52724,0.0958,0.1,
0.31,4.5,3,70,70,70,282,282,5469.73,79.8,269.3,137.09,14.15,0.150425,0.421958,0.277013,0.273921,0.053829,0.52387,0.096,0.1,
0.31,4.5,4,70,70,70,280,280,6255.13,79.8,270.1,144.52,15.39,0.110471,0.428835,0.285619,0.289657,0.05096,0.53216,0.0965,0.1,
0.31,4.5,5,70,70,70,291,291,5378.63,79.8,280.2,149.5,14.4,0.191146,0.493571,0.286632,0.281009,0.058994,0.53275,0.0967,0.1,
0.31,4.5,6,70,70,70,251,251,5854.1,79.8,240.1,140.1,14.82,0.167864,0.434428,0.282937,0.282589,0.062305,0.52872,0.0955,0.1,
0.31,4.5,7,70,70,70,308,308,6014.68,79.8,295.1,138.96,14.94,0.161896,0.415381,0.273805,0.275347,0.048129,0.52126,0.0952,0.1,
0.31,4.5,8,70,70,70,252,252,5385.87,79.8,240.2,147.5,14.42,0.18306,0.419733,0.279688,0.271931,0.047321,0.52703,0.0969,0.1,
0.31,4.5,9,70,70,70,291,291,5800.41,79.8,280.1,142.59,14.74,0.169561,0.387038,0.279132,0.276124,0.0472,0.52647,0.0971,0.1,
0.31,5,0,70,70,70,347,347,5915.65,79.8,336.6,140.07,15.62,0.143636,0.477615,0.28109,0.279663,0.064043,0.52676,0.0937,0.1,
0.31,5,1,70,70,70,251,251,5453.07,79.8,240.1,139.88,14.61,0.141844,0.379707,0.266636,0.265097,0.051259,0.51396,0.0945,0.1,
0.31,5,2,70,70,70,320,320,5373.71,79.8,310.1,146.6,14.43,0.152108,0.438877,0.278619,0.269754,0.054809,0.52537,0.0954,0.1,
0.31,5,3,70,70,70,293,293,5469.73,79.8,280.5,141.67,14.27,0.140262,0.424329,0.27343,0.264528,0.056654,0.52014,0.0954,0.1,
0.31,5,4,70,70,70,355,355,6255.13,79.8,345.1,149.37,15.72,0.140496,0.420545,0.283941,0.288832,0.049183,0.53076,0.0962,0.1,
0.31,5,5,70,70,70,295,295,5378.63,79.8,284.4,157.31,14.47,0.165822,0.503961,0.279373,0.272821,0.061083,0.52563,0.0954,0.1,
0.31,5,6,70,70,70,293,293,5854.1,79.8,280.1,150.79,15.22,0.141105,0.419808,0.274452,0.27352,0.061734,0.52054,0.0942,0.1,
0.31,5,7,70,70,70,308,308,6014.68,79.8,295.1,143.86,15.03,0.162473,0.3874,0.270901,0.269148,0.048431,0.51841,0.0948,0.1,
0.31,5,8,70,70,70,265,265,5385.87,79.8,253.9,154.65,14.59,0.174741,0.375113,0.275936,0.273477,0.046688,0.52346,0.0968,0.1,
0.31,5,9,70,70,70,291,291,5800.41,79.8,280.1,147.8,15.07,0.178546,0.382841,0.275699,0.277605,0.050178,0.52289,0.0964,0.1,
0.31,5.5,0,70,70,70,351,351,5915.65,79.8,340.1,146.11,15.81,0.139944,0.484902,0.277011,0.276677,0.069138,0.52218,0.0928,0.1,
0.31,5.5,1,70,70,70,257,257,5453.07,79.8,247.2,146.25,14.88,0.145911,0.405634,0.257814,0.261346,0.057049,0.50464,0.0927,0.1,
0.31,5.5,2,70,70,70,320,320,5373.71,79.8,310.1,149.87,14.56,0.157183,0.423253,0.276737,0.274091,0.055992,0.52339,0.095,0.1,
0.31,5.5,3,70,70,70,303,303,5469.73,79.8,295.1,148.84,14.43,0.131559,0.425327,0.266811,0.25809,0.05979,0.51338,0.0941,0.1,
0.31,5.5,4,70,70,70,359,359,6255.13,80.7,349.5,151.5,15.74,0.149598,0.425614,0.284797,0.294043,0.048339,0.53169,0.0964,0.1,
0.31,5.5,5,70,70,70,317,317,5378.63,79.8,305.1,163.44,14.94,0.162051,0.514769,0.277163,0.274357,0.061992,0.52339,0.095,0.1,
0.31,5.5,6,70,70,70,302,302,5854.1,79.8,289.1,155.34,15.36,0.141784,0.432418,0.27681,0.27131,0.065455,0.52245,0.0943,0.1,
0.31,5.5,7,70,70,70,308,308,6014.68,79.8,295.9,149.02,15.28,0.163545,0.392122,0.27255,0.273485,0.049116,0.51997,0.0953,0.1,
0.31,5.5,8,70,70,70,290,290,5385.87,79.8,279.2,161.17,14.88,0.17644,0.455258,0.279986,0.273705,0.051317,0.527,0.0969,0.1,
0.31,5.5,9,70,70,70,291,291,5800.41,79.8,280.1,151.01,15.17,0.178029,0.382304,0.274242,0.276757,0.048634,0.52163,0.0963,0.1,
0.31,6,0,70,70,70,351,351,5915.65,79.8,340.1,148.65,16.01,0.138852,0.491151,0.280403,0.277044,0.070706,0.52527,0.0932,0.1,
0.31,6,1,70,70,70,277,277,5453.07,79.8,266.6,148.26,15.04,0.14694,0.409577,0.259122,0.25969,0.056233,0.50605,0.0929,0.1,
0.31,6,2,70,70,70,321,321,5373.71,79.8,311.4,153.91,14.75,0.161406,0.440477,0.276498,0.276481,0.05927,0.52287,0.095,0.1,
0.31,6,3,70,70,70,374,374,5469.73,79.8,360.1,160.31,14.85,0.118479,0.42361,0.263926,0.254239,0.05909,0.51055,0.0935,0.1,
0.31,6,4,70,70,70,360,360,6255.13,83.6,350.1,156.42,15.94,0.140812,0.371148,0.278569,0.287684,0.047952,0.52576,0.0952,0.1,
0.31,6,5,70,70,70,317,317,5378.63,79.8,305.1,167.68,14.86,0.163981,0.524547,0.278367,0.27114,0.065087,0.52423,0.0949,0.1,
0.31,6,6,70,70,70,305,305,5854.1,79.8,293,158.84,15.3,0.154207,0.437655,0.27665,0.272224,0.065596,0.52232,0.0943,0.1,
0.31,6,7,70,70,70,313,313,6014.68,79.8,300.1,153.33,15.36,0.164948,0.403652,0.270742,0.272658,0.05151,0.518,0.0949,0.1,
0.31,6,8,70,70,70,345,345,5385.87,79.8,335.1,167.86,15.11,0.163601,0.406428,0.276306,0.271322,0.052605,0.52327,0.0961,0.1,
0.31,6,9,70,70,70,296,296,5800.41,79.8,285.1,155.29,15.39,0.121479,0.38755,0.267271,0.274185,0.05189,0.51438,0.0948,0.1,
0.31,6.5,0,70,70,70,351,351,5915.65,79.8,340.1,155.54,16.41,0.144722,0.473248,0.276603,0.277853,0.068888,0.52178,0.0929,0.1,
0.31,6.5,1,70,70,70,277,277,5453.07,79.8,267,152.12,14.98,0.130374,0.392999,0.258156,0.263265,0.060258,0.50456,0.0926,0.1,
0.31,6.5,2,70,70,70,324,324,5373.71,80.1,314.9,161.75,14.86,0.149875,0.444576,0.275049,0.277432,0.06161,0.52122,0.0947,0.1,
0.31,6.5,3,70,70,70,374,374,5469.73,79.8,360.8,167.86,15.35,0.122612,0.393106,0.259507,0.25829,0.059146,0.50611,0.0925,0.1,
0.31,6.5,4,70,70,70,360,360,6255.13,79.8,350.1,160.1,15.9,0.130406,0.373171,0.271918,0.277131,0.050139,0.51911,0.094,0.1,
0.31,6.5,5,70,70,70,314,314,5378.63,79.8,303.9,168.88,14.91,0.16362,0.533037,0.278555,0.271028,0.068842,0.52401,0.0946,0.1,
0.31,6.5,6,70,70,70,333,333,5854.1,79.8,320.1,166.45,15.57,0.154282,0.414178,0.273192,0.263802,0.064225,0.51914,0.094,0.1,
0.31,6.5,7,70,70,70,313,313,6014.68,79.8,300.1,157.16,15.54,0.163737,0.4424,0.268022,0.25747,0.057508,0.51487,0.0943,0.1,
0.31,6.5,8,70,70,70,345,345,5385.87,79.8,335.1,172.61,15.16,0.159406,0.402176,0.273048,0.271385,0.050378,0.52036,0.0954,0.1,
0.31,6.5,9,70,70,70,296,296,5800.41,79.8,285.1,157.83,15.36,0.122485,0.398683,0.264621,0.267954,0.051318,0.51186,0.0943,0.1,
0.31,7,0,70,70,70,351,351,5915.65,79.8,340.1,162.35,16.11,0.137499,0.480375,0.269022,0.269011,0.067845,0.51448,0.0916,0.1,
0.31,7,1,70,70,70,278,278,5453.07,79.8,267.3,156.85,15.11,0.128569,0.395,0.250069,0.254002,0.062002,0.49615,0.0912,0.1,
0.31,7,2,70,70,70,332,332,5373.71,80.1,318.5,167.53,14.81,0.151828,0.453427,0.270574,0.27551,0.065035,0.51647,0.0936,0.1,
0.31,7,3,70,70,70,379,379,5469.73,79.8,365.1,172.17,14.98,0.123615,0.412841,0.255763,0.257064,0.060796,0.50219,0.0916,0.1,
0.31,7,4,70,70,70,365,365,6255.13,79.8,355.1,169.36,16.15,0.132076,0.375097,0.261343,0.259378,0.052315,0.50855,0.092,0.1,
0.31,7,5,70,70,70,319,319,5378.63,81.6,308.1,177.45,15.21,0.155844,0.453478,0.270486,0.264772,0.072715,0.51554,0.093,0.1,
0.31,7,6,70,70,70,338,338,5854.1,79.8,325.1,171.76,15.87,0.154417,0.418232,0.27115,0.265425,0.064194,0.51717,0.0935,0.1,
0.31,7,7,70,70,70,314,314,6014.68,79.8,301.8,162.36,15.81,0.143857,0.42158,0.25845,0.251,0.059119,0.50509,0.0926,0.1,
0.31,7,8,70,70,70,359,359,5385.87,79.8,348.6,179.08,15.5,0.15534,0.396429,0.268171,0.260847,0.051405,0.51552,0.0942,0.1,
0.31,7,9,70,70,70,296,296,5800.41,79.8,285.1,160.4,15.66,0.11559,0.404965,0.261081,0.260951,0.053366,0.50819,0.0938,0.1,
0.32,3,0,70,70,70,228,228,5915.65,79.8,214.7,120.44,15.71,0.176931,0.405384,0.291177,0.29388,0.04837,0.53776,0.0966,0.1,
0.32,3,1,70,70,70,212,212,5453.07,79.8,200.1,123.25,14.74,0.169059,0.364861,0.280212,0.282977,0.041822,0.52783,0.0972,0.1,
0.32,3,2,70,70,70,239,239,5373.71,79.8,229.3,124.5,14.44,0.130517,0.41165,0.282933,0.289194,0.052108,0.52951,0.0966,0.1,
0.32,3,3,70,70,70,241,241,5469.73,79.8,230.1,123.5,14.28,0.177603,0.400764,0.287551,0.283999,0.043853,0.53471,0.098,0.1,
0.32,3,4,70,70,70,270,270,6255.13,79.8,260.1,131.03,15.44,0.158186,0.408029,0.288275,0.288898,0.044426,0.53527,0.0972,0.1,
0.32,3,5,70,70,70,266,266,5378.63,79.8,255.1,133.45,14.32,0.213001,0.461541,0.288566,0.277108,0.047666,0.53547,0.0977,0.1,
0.32,3,6,70,70,70,241,241,5854.1,79.8,230.1,126.38,14.93,0.17083,0.418459,0.285087,0.28107,0.056459,0.53133,0.0965,0.1,
0.32,3,7,70,70,70,298,298,6014.68,79.8,285.1,128.84,15.02,0.169706,0.386764,0.281072,0.278737,0.046977,0.52828,0.0965,0.1,
0.32,3,8,70,70,70,226,226,5385.87,79.8,215.1,131.43,14.43,0.189936,0.455702,0.284015,0.279455,0.047551,0.53116,0.0978,0.1,
0.32,3,9,70,70,70,242,242,5800.41,79.8,231.2,129.82,14.79,0.187738,0.384847,0.283025,0.28286,0.039229,0.53073,0.098,0.1,
0.32,3.5,0,70,70,70,248,248,5915.65,79.8,234.8,127.44,15.43,0.179367,0.407103,0.289205,0.292125,0.052394,0.53558,0.0958,0.1,
0.32,3.5,1,70,70,70,232,232,5453.07,79.8,221.3,131.82,14.62,0.167602,0.392624,0.279126,0.284256,0.04267,0.52675,0.097,0.1,
0.32,3.5,2,70,70,70,310,310,5373.71,79.8,300.1,135.09,14.45,0.134195,0.418449,0.282211,0.287096,0.051102,0.52897,0.0964,0.1,
0.32,3.5,3,70,70,70,252,252,5469.73,79.8,244.2,129.4,14.46,0.172413,0.410032,0.282856,0.277735,0.048536,0.52994,0.0972,0.1,
0.32,3.5,4,70,70,70,275,275,6255.13,79.8,265.1,137.64,15.62,0.116022,0.416125,0.288369,0.291993,0.049247,0.53489,0.0973,0.1,
0.32,3.5,5,70,70,70,276,276,5378.63,79.8,265.1,138.66,14.5,0.214325,0.456057,0.28839,0.28321,0.048791,0.53518,0.0974,0.1,
0.32,3.5,6,70,70,70,246,246,5854.1,79.8,235.1,136.48,15.2,0.175159,0.419676,0.284666,0.280267,0.056651,0.53089,0.0961,0.1,
0.32,3.5,7,70,70,70,303,303,6014.68,79.8,290.1,133.79,15.11,0.172127,0.408538,0.281078,0.28216,0.047413,0.52828,0.0964,0.1,
0.32,3.5,8,70,70,70,232,232,5385.87,79.8,222.8,138.54,14.51,0.183958,0.410308,0.282204,0.272015,0.047174,0.52945,0.0977,0.1,
0.32,3.5,9,70,70,70,286,286,5800.41,79.8,275.1,139.13,15.13,0.200262,0.387335,0.281045,0.284521,0.039164,0.52885,0.0975,0.1,
0.32,4,0,70,70,70,346,346,5915.65,79.8,335.1,135.51,15.78,0.17465,0.409867,0.285727,0.286037,0.057126,0.53187,0.095,0.1,
0.32,4,1,70,70,70,246,246,5453.07,79.8,235.1,137.18,14.78,0.143111,0.39856,0.279276,0.283047,0.045777,0.52658,0.097,0.1,
0.32,4,2,70,70,70,317,317,5373.71,79.8,307.4,141.2,14.65,0.140492,0.438707,0.282157,0.287135,0.054536,0.52867,0.0961,0.1,
0.32,4,3,70,70,70,278,278,5469.73,79.8,265.1,137.71,14.38,0.167471,0.418114,0.281391,0.273537,0.051495,0.52832,0.097,0.1,
0.32,4,4,70,70,70,279,279,6255.13,79.8,269.4,143.94,15.64,0.10733,0.411585,0.288658,0.294719,0.047721,0.53527,0.0971,0.1,
0.32,4,5,70,70,70,283,283,5378.63,79.8,270.1,147.37,14.61,0.198336,0.473598,0.287882,0.279913,0.051416,0.53452,0.097,0.1,
0.32,4,6,70,70,70,251,251,5854.1,79.8,240.1,141.48,15.17,0.178612,0.390187,0.286052,0.286964,0.05615,0.53225,0.0965,0.1,
0.32,4,7,70,70,70,308,308,6014.68,79.8,295.1,138.12,15.18,0.171232,0.413423,0.279356,0.278943,0.051403,0.52631,0.096,0.1,
0.32,4,8,70,70,70,245,245,5385.87,79.8,235.1,146.64,14.6,0.180966,0.436784,0.282066,0.275625,0.047389,0.5293,0.0976,0.1,
0.32,4,9,70,70,70,291,291,5800.41,79.8,280.1,145.61,15.21,0.190778,0.379764,0.281973,0.28223,0.04442,0.5294,0.0975,0.1,
0.32,4.5,0,70,70,70,350,350,5915.65,79.8,339.1,141.32,15.8,0.170122,0.459574,0.28296,0.282507,0.058026,0.52918,0.0944,0.1,
0.32,4.5,1,70,70,70,290,290,5453.07,79.8,279.9,141.59,14.95,0.143638,0.403364,0.274477,0.277129,0.046643,0.52196,0.0959,0.1,
0.32,4.5,2,70,70,70,320,320,5373.71,79.8,310.1,146.27,14.75,0.150234,0.439125,0.282217,0.277825,0.056064,0.52867,0.0961,0.1,
0.32,4.5,3,70,70,70,298,298,5469.73,79.8,290.1,141.77,14.45,0.15648,0.426164,0.280303,0.273756,0.054529,0.527,0.0966,0.1,
0.32,4.5,4,70,70,70,355,355,6255.13,79.8,345.1,150.24,15.83,0.11487,0.374805,0.284479,0.286268,0.045245,0.53153,0.0964,0.1,
0.32,4.5,5,70,70,70,292,292,5378.63,79.8,281.5,156.32,14.82,0.197583,0.486654,0.285364,0.278432,0.055169,0.53188,0.0966,0.1,
0.32,4.5,6,70,70,70,293,293,5854.1,79.8,280.1,150.88,15.34,0.175401,0.409759,0.283485,0.280451,0.058463,0.52962,0.0957,0.1,
0.32,4.5,7,70,70,70,308,308,6014.68,79.8,295.1,146.73,15.44,0.171059,0.383196,0.275915,0.272778,0.046147,0.52343,0.0956,0.1,
0.32,4.5,8,70,70,70,265,265,5385.87,79.8,253.9,153.95,14.92,0.188811,0.452128,0.280213,0.275084,0.049204,0.52744,0.097,0.1,
0.32,4.5,9,70,70,70,291,291,5800.41,79.8,280.1,149.27,15.27,0.176907,0.383402,0.27968,0.281507,0.047328,0.52697,0.0971,0.1,
0.32,5,0,70,70,70,351,351,5915.65,79.8,340.1,146.91,16.12,0.148305,0.473562,0.283095,0.281763,0.0624,0.52889,0.094,0.1,
0.32,5,1,70,70,70,294,294,5453.07,79.8,283.8,146.27,15,0.149382,0.401467,0.265319,0.267495,0.051537,0.51268,0.094,0.1,
0.32,5,2,70,70,70,321,321,5373.71,79.8,311.9,150.63,14.95,0.16125,0.440848,0.28017,0.278848,0.053545,0.52694,0.0956,0.1,
0.32,5,3,70,70,70,303,303,5469.73,79.8,295.1,148.75,14.57,0.144622,0.433524,0.275467,0.265905,0.058636,0.52198,0.0956,0.1,
0.32,5,4,70,70,70,355,355,6255.13,79.8,345.1,154.01,16.09,0.150524,0.37916,0.284243,0.291001,0.047454,0.53118,0.0964,0.1,
0.32,5,5,70,70,70,296,296,5378.63,79.8,285.3,161.62,15.13,0.171825,0.49562,0.282358,0.276851,0.058726,0.52867,0.0958,0.1,
0.32,5,6,70,70,70,298,298,5854.1,79.8,285.1,157.91,15.71,0.147344,0.422127,0.275856,0.277769,0.062954,0.52177,0.0944,0.1,
0.32,5,7,70,70,70,310,310,6014.68,79.8,297.5,150.94,15.65,0.17156,0.400117,0.272284,0.272053,0.046889,0.51988,0.0952,0.1,
0.32,5,8,70,70,70,287,287,5385.87,79.8,275.1,163.53,15.32,0.180666,0.396346,0.285218,0.280751,0.049815,0.53207,0.0976,0.1,
0.32,5,9,70,70,70,291,291,5800.41,79.8,280.1,151.88,15.6,0.186926,0.385065,0.279394,0.280381,0.048961,0.52656,0.097,0.1,
0.32,5.5,0,70,70,70,351,351,5915.65,79.8,340.1,153.67,16.33,0.141027,0.476974,0.280974,0.278289,0.067057,0.52629,0.0936,0.1,
0.32,5.5,1,70,70,70,296,296,5453.07,79.8,285.3,149.96,15.37,0.151797,0.40068,0.263132,0.265882,0.056328,0.51004,0.0937,0.1,
0.32,5.5,2,70,70,70,325,325,5373.71,79.8,315.1,155.01,15.09,0.113889,0.447535,0.281113,0.279443,0.059184,0.52719,0.0954,0.1,
0.32,5.5,3,70,70,70,374,374,5469.73,79.8,360.1,155.28,14.98,0.1346,0.441162,0.272076,0.261124,0.059356,0.51858,0.0949,0.1,
0.32,5.5,4,70,70,70,360,360,6255.13,81.2,350.1,159.23,16.23,0.153967,0.383098,0.279694,0.281254,0.045828,0.52704,0.0955,0.1,
0.32,5.5,5,70,70,70,317,317,5378.63,79.8,305.1,169.74,15.29,0.164882,0.501352,0.281137,0.270399,0.063431,0.52704,0.0954,0.1,
0.32,5.5,6,70,70,70,313,313,5854.1,79.8,300.1,161.68,15.68,0.146082,0.434423,0.278161,0.276716,0.064632,0.52384,0.0946,0.1,
0.32,5.5,7,70,70,70,313,313,6014.68,79.8,300.1,154.64,15.68,0.172497,0.414552,0.271768,0.269754,0.050527,0.5191,0.0951,0.1,
0.32,5.5,8,70,70,70,345,345,5385.87,79.8,335.1,169.44,15.34,0.184215,0.41034,0.280193,0.279919,0.051932,0.52709,0.0969,0.1,
0.32,5.5,9,70,70,70,296,296,5800.41,79.8,285.1,155.08,15.59,0.12456,0.396011,0.276004,0.280219,0.051222,0.52301,0.0963,0.1,
0.32,6,0,70,70,70,351,351,5915.65,79.8,340.1,155.99,16.3,0.144692,0.4849,0.28421,0.286427,0.070997,0.52892,0.0938,0.1,
0.32,6,1,70,70,70,298,298,5453.07,79.8,287.4,154.97,15.4,0.149374,0.407065,0.26066,0.262261,0.057094,0.5075,0.0934,0.1,
0.32,6,2,70,70,70,325,325,5373.71,79.8,315.1,161,15.11,0.126026,0.465885,0.280611,0.281328,0.062123,0.5265,0.0954,0.1,
0.32,6,3,70,70,70,377,377,5469.73,79.8,364,168.56,15.02,0.123929,0.441889,0.267739,0.26243,0.058615,0.51437,0.094,0.1,
0.32,6,4,70,70,70,360,360,6255.13,84.4,350.1,164.5,16.22,0.131979,0.386971,0.277534,0.280081,0.046887,0.52486,0.0948,0.1,
0.32,6,5,70,70,70,317,317,5378.63,79.8,305.1,175.54,15.22,0.172382,0.504514,0.27753,0.267017,0.061508,0.52379,0.0948,0.1,
0.32,6,6,70,70,70,333,333,5854.1,79.8,320.1,169.04,15.8,0.161837,0.43464,0.277504,0.27245,0.064765,0.52328,0.0948,0.1,
0.32,6,7,70,70,70,313,313,6014.68,79.8,300.1,159.32,15.78,0.173754,0.426942,0.27118,0.266771,0.05228,0.51839,0.0949,0.1,
0.32,6,8,70,70,70,345,345,5385.87,79.8,335.1,174.96,15.41,0.160448,0.42596,0.277994,0.278427,0.051989,0.52498,0.0962,0.1,
0.32,6,9,70,70,70,296,296,5800.41,79.8,285.1,157.98,15.63,0.123864,0.398789,0.271116,0.279278,0.050353,0.5183,0.0954,0.1,
0.32,6.5,0,70,70,70,351,351,5915.65,79.8,340.1,162.37,16.45,0.144185,0.493403,0.280647,0.285248,0.06731,0.52586,0.0936,0.1,
0.32,6.5,1,70,70,70,299,299,5453.07,79.8,289,158.33,15.38,0.139898,0.412088,0.256669,0.259057,0.065005,0.50259,0.0924,0.1,
0.32,6.5,2,70,70,70,325,325,5373.71,80.8,315.1,167.76,15.12,0.139951,0.474058,0.277318,0.280299,0.06489,0.52306,0.0949,0.1,
0.32,6.5,3,70,70,70,379,379,5469.73,79.8,365.1,172.3,15.24,0.126767,0.420937,0.266156,0.265217,0.060228,0.51264,0.0935,0.1,
0.32,6.5,4,70,70,70,365,365,6255.13,79.8,355.1,170.24,16.5,0.134769,0.363652,0.270719,0.267872,0.049267,0.51805,0.0938,0.1,
0.32,6.5,5,70,70,70,322,322,5378.63,89.3,310.1,180.65,15.5,0.172089,0.505537,0.273812,0.267497,0.067375,0.51956,0.094,0.1,
0.32,6.5,6,70,70,70,338,338,5854.1,79.8,325.1,174.9,15.95,0.147116,0.4177,0.274202,0.267304,0.065254,0.52002,0.094,0.1,
0.32,6.5,7,70,70,70,313,313,6014.68,79.8,300.1,164.49,15.85,0.155255,0.437376,0.264251,0.256706,0.054107,0.51144,0.0936,0.1,
0.32,6.5,8,70,70,70,349,349,5385.87,79.8,338.3,178.53,15.59,0.167104,0.408271,0.276013,0.266436,0.051242,0.52316,0.0957,0.1,
0.32,6.5,9,70,70,70,296,296,5800.41,79.8,285.1,163.01,15.76,0.11966,0.391048,0.271283,0.274309,0.051211,0.51837,0.0954,0.1,
0.32,7,0,70,70,70,351,351,5915.65,79.8,340.1,166.99,16.62,0.136537,0.501617,0.274838,0.281349,0.067199,0.52028,0.0927,0.1,
0.32,7,1,70,70,70,319,319,5453.07,79.8,309.7,162.35,15.44,0.133041,0.416149,0.252627,0.239713,0.066007,0.49838,0.0916,0.1,
0.32,7,2,70,70,70,333,333,5373.71,81.4,323.6,178.77,15.47,0.152058,0.479137,0.270124,0.280932,0.065217,0.516,0.0935,0.1,
0.32,7,3,70,70,70,379,379,5469.73,79.8,365.1,176.32,15.32,0.131964,0.423545,0.262554,0.263752,0.060503,0.50906,0.0928,0.1,
0.32,7,4,70,70,70,380,380,6255.13,79.8,370.1,178.48,16.63,0.136492,0.362797,0.263915,0.2595,0.051952,0.51114,0.0923,0.1,
0.32,7,5,70,70,70,334,334,5378.63,82.1,324.3,188.73,15.6,0.151497,0.474934,0.268796,0.25965,0.069967,0.51425,0.0931,0.1,
0.32,7,6,70,70,70,338,338,5854.1,79.8,325.1,180.27,16.16,0.162761,0.420007,0.272276,0.265383,0.063614,0.51834,0.0937,0.1,
0.32,7,7,70,70,70,331,331,6014.68,79.8,320.1,167.85,16.03,0.146411,0.446127,0.262595,0.255254,0.060718,0.50911,0.0932,0.1,
0.32,7,8,70,70,70,361,361,5385.87,79.8,350.2,182.76,15.7,0.151795,0.422791,0.272722,0.271808,0.05511,0.5196,0.0948,0.1,
0.32,7,9,70,70,70,301,301,5800.41,79.8,290.1,168.49,15.78,0.104072,0.394493,0.265059,0.265825,0.054079,0.51201,0.0943,0.1,
0.33,3,0,70,70,70,246,246,5915.65,79.8,233.7,125.92,16.03,0.18506,0.428,0.292557,0.292879,0.049065,0.53903,0.0966,0.1,
0.33,3,1,70,70,70,229,229,5453.07,79.8,218.1,129.09,14.95,0.176233,0.387987,0.281487,0.284301,0.044121,0.5289,0.0972,0.1,
0.33,3,2,70,70,70,306,306,5373.71,79.8,296.8,131.44,14.73,0.136484,0.426952,0.285819,0.289976,0.052617,0.53226,0.0971,0.1,
0.33,3,3,70,70,70,246,246,5469.73,79.8,235.1,127.31,14.61,0.185365,0.403672,0.287186,0.283182,0.043215,0.53443,0.0981,0.1,
0.33,3,4,70,70,70,275,275,6255.13,79.8,265.1,136.77,16.03,0.16347,0.4112,0.293157,0.294576,0.044274,0.53987,0.0979,0.1,
0.33,3,5,70,70,70,273,273,5378.63,79.8,260.1,138.04,14.8,0.210053,0.455883,0.288491,0.283705,0.048769,0.5353,0.0976,0.1,
0.33,3,6,70,70,70,242,242,5854.1,79.8,232,132.48,15.49,0.177831,0.425466,0.286775,0.278384,0.054826,0.53309,0.0968,0.1,
0.33,3,7,70,70,70,303,303,6014.68,79.8,290.1,132.56,15.61,0.17735,0.408417,0.283809,0.284289,0.048043,0.53083,0.0968,0.1,
0.33,3,8,70,70,70,230,230,5385.87,79.8,220.1,135.87,14.86,0.183782,0.461507,0.285171,0.27981,0.047549,0.53225,0.0981,0.1,
0.33,3,9,70,70,70,286,286,5800.41,79.8,275.1,137.12,15.4,0.207638,0.384121,0.285511,0.288299,0.037014,0.53322,0.0983,0.1,
0.33,3.5,0,70,70,70,346,346,5915.65,79.8,335.1,135.42,16.11,0.187675,0.416937,0.291837,0.285039,0.051934,0.53812,0.0961,0.1,
0.33,3.5,1,70,70,70,243,243,5453.07,79.8,231.9,135.62,15.15,0.174818,0.367662,0.283125,0.286976,0.042503,0.53055,0.0976,0.1,
0.33,3.5,2,70,70,70,316,316,5373.71,79.8,306.8,140.4,15.11,0.140334,0.416011,0.28415,0.28397,0.052683,0.53072,0.0965,0.1,
0.33,3.5,3,70,70,70,264,264,5469.73,79.8,256.6,137.75,15.03,0.178049,0.413313,0.285791,0.278943,0.047074,0.53284,0.0976,0.1,
0.33,3.5,4,70,70,70,275,275,6255.13,79.8,265.1,144.22,15.83,0.11986,0.402838,0.289702,0.292933,0.046991,0.53634,0.0973,0.1,
0.33,3.5,5,70,70,70,283,283,5378.63,79.8,270.1,144.38,14.72,0.214276,0.480763,0.291438,0.282586,0.050193,0.53797,0.0978,0.1,
0.33,3.5,6,70,70,70,251,251,5854.1,79.8,240.1,143.74,15.46,0.182199,0.386001,0.283445,0.28749,0.050172,0.53028,0.0964,0.1,
0.33,3.5,7,70,70,70,308,308,6014.68,79.8,295.1,137.75,15.49,0.18122,0.406893,0.283429,0.277658,0.049985,0.53034,0.0968,0.1,
0.33,3.5,8,70,70,70,245,245,5385.87,79.8,235.1,145.52,14.87,0.178864,0.435618,0.283861,0.275149,0.047365,0.531,0.0979,0.1,
0.33,3.5,9,70,70,70,289,289,5800.41,79.8,278.1,145.04,15.38,0.203265,0.371993,0.284603,0.283389,0.040685,0.53212,0.0979,0.1,
0.33,4,0,70,70,70,349,349,5915.65,79.8,338.8,140.76,16.15,0.180911,0.427274,0.287662,0.285059,0.056801,0.53377,0.0952,0.1,
0.33,4,1,70,70,70,298,298,5453.07,79.8,287.1,141.97,15.25,0.148287,0.372622,0.281048,0.285158,0.044521,0.52837,0.0973,0.1,
0.33,4,2,70,70,70,320,320,5373.71,79.8,310.1,144.83,14.96,0.147754,0.422246,0.283923,0.283201,0.053241,0.53046,0.0964,0.1,
0.33,4,3,70,70,70,283,283,5469.73,79.8,272.1,144.3,14.6,0.173176,0.421692,0.282275,0.275981,0.051139,0.52919,0.097,0.1,
0.33,4,4,70,70,70,350,350,6255.13,79.8,340.1,148.96,16.05,0.113818,0.379757,0.290344,0.294912,0.044168,0.53712,0.0974,0.1,
0.33,4,5,70,70,70,285,285,5378.63,79.8,274.7,153.67,15.05,0.207511,0.493804,0.288746,0.279193,0.052726,0.53527,0.0971,0.1,
0.33,4,6,70,70,70,293,293,5854.1,79.8,280.1,152.36,15.61,0.176163,0.400315,0.285235,0.282016,0.054588,0.53163,0.0962,0.1,
0.33,4,7,70,70,70,308,308,6014.68,79.8,295.1,146.68,15.55,0.181074,0.376675,0.27783,0.277635,0.046948,0.52521,0.0959,0.1,
0.33,4,8,70,70,70,257,257,5385.87,79.8,245.1,153.49,15.07,0.193579,0.384797,0.28483,0.281296,0.046578,0.53196,0.0979,0.1,
0.33,4,9,70,70,70,291,291,5800.41,79.8,280.1,149.88,15.53,0.194558,0.388302,0.283947,0.28218,0.042107,0.53142,0.0978,0.1,
0.33,4.5,0,70,70,70,351,351,5915.65,79.8,340.1,147.13,16.29,0.175104,0.447285,0.287373,0.283325,0.056491,0.53352,0.0951,0.1,
0.33,4.5,1,70,70,70,306,306,5453.07,79.8,295.1,145.12,15.25,0.152411,0.405512,0.276005,0.276445,0.04916,0.52325,0.096,0.1,
0.33,4.5,2,70,70,70,324,324,5373.71,79.8,315,150.98,15.03,0.15847,0.430126,0.285614,0.284163,0.052236,0.53222,0.0967,0.1,
0.33,4.5,3,70,70,70,303,303,5469.73,79.8,295.1,151.9,14.89,0.152389,0.42978,0.279215,0.271639,0.054443,0.52595,0.0964,0.1,
0.33,4.5,4,70,70,70,355,355,6255.13,79.8,345.1,154.51,16.24,0.118277,0.380867,0.288621,0.293969,0.046487,0.53535,0.0971,0.1,
0.33,4.5,5,70,70,70,293,293,5378.63,79.8,282.4,161.37,15.21,0.190884,0.505971,0.288262,0.277505,0.056292,0.53452,0.0969,0.1,
0.33,4.5,6,70,70,70,305,305,5854.1,79.8,292.9,159.64,15.79,0.171244,0.391561,0.283233,0.284402,0.052417,0.52989,0.0961,0.1,
0.33,4.5,7,70,70,70,309,309,6014.68,79.8,296.4,152.1,15.73,0.180732,0.404355,0.278468,0.278822,0.047071,0.52583,0.0963,0.1,
0.33,4.5,8,70,70,70,287,287,5385.87,79.8,275.1,162.95,15.3,0.194949,0.404128,0.284858,0.278258,0.04744,0.53192,0.0976,0.1,
0.33,4.5,9,70,70,70,291,291,5800.41,79.8,280.1,152.72,15.71,0.185167,0.38696,0.282093,0.280793,0.046938,0.52932,0.0974,0.1,
0.33,5,0,70,70,70,351,351,5915.65,79.8,340.1,151.52,16.41,0.152538,0.456002,0.282367,0.282613,0.060399,0.52837,0.0941,0.1,
0.33,5,1,70,70,70,306,306,5453.07,79.8,295.1,150.71,15.4,0.157655,0.413309,0.268406,0.270208,0.055915,0.51531,0.0945,0.1,
0.33,5,2,70,70,70,325,325,5373.71,79.8,315.1,155.7,15.22,0.11243,0.451329,0.282024,0.281514,0.057695,0.52824,0.0957,0.1,
0.33,5,3,70,70,70,374,374,5469.73,79.8,360.1,157.8,15.03,0.149323,0.437251,0.27409,0.265985,0.057547,0.52072,0.0954,0.1,
0.33,5,4,70,70,70,360,360,6255.13,79.8,350.1,163.21,16.49,0.160205,0.381625,0.28578,0.29488,0.049108,0.53254,0.0963,0.1,
0.33,5,5,70,70,70,297,297,5378.63,79.8,286.1,167.07,15.2,0.178688,0.518069,0.287032,0.277888,0.059149,0.53309,0.0965,0.1,
0.33,5,6,70,70,70,313,313,5854.1,79.8,300.1,167.71,15.97,0.154107,0.403865,0.27682,0.278595,0.05954,0.52306,0.0947,0.1,
0.33,5,7,70,70,70,313,313,6014.68,79.8,300.1,158.19,15.84,0.181078,0.422331,0.276883,0.276582,0.049325,0.52415,0.0958,0.1,
0.33,5,8,70,70,70,340,340,5385.87,79.8,330.1,169.4,15.4,0.188517,0.41882,0.287854,0.282105,0.051308,0.53444,0.0981,0.1,
0.33,5,9,70,70,70,296,296,5800.41,79.8,285.1,156.74,15.75,0.140074,0.393377,0.278079,0.284613,0.048242,0.52528,0.0968,0.1,
0.33,5.5,0,70,70,70,351,351,5915.65,79.8,340.1,159.68,16.59,0.147423,0.435013,0.281336,0.281963,0.059191,0.52735,0.0939,0.1,
0.33,5.5,1,70,70,70,306,306,5453.07,79.8,295.1,155.2,15.48,0.157977,0.421872,0.265476,0.266159,0.056661,0.51237,0.0941,0.1,
0.33,5.5,2,70,70,70,325,325,5373.71,79.8,315.1,159.75,15.16,0.118061,0.465612,0.28459,0.280382,0.062081,0.53032,0.0959,0.1,
0.33,5.5,3,70,70,70,379,379,5469.73,79.8,365.1,163.15,15.2,0.136997,0.445272,0.274938,0.267725,0.058163,0.52149,0.0952,0.1,
0.33,5.5,4,70,70,70,360,360,6255.13,81.7,350.1,171.62,16.55,0.134044,0.385865,0.281481,0.285275,0.046442,0.52868,0.0956,0.1,
0.33,5.5,5,70,70,70,317,317,5378.63,85.8,305.1,174.53,15.48,0.173272,0.529656,0.282465,0.273541,0.061887,0.52855,0.0957,0.1,
0.33,5.5,6,70,70,70,316,316,5854.1,79.8,303.3,170.92,16.12,0.153962,0.426345,0.281255,0.278197,0.063065,0.52699,0.095,0.1,
0.33,5.5,7,70,70,70,313,313,6014.68,79.8,300.1,162.85,16.03,0.165207,0.437837,0.273164,0.275802,0.052814,0.52027,0.0951,0.1,
0.33,5.5,8,70,70,70,345,345,5385.87,79.8,335.1,174.01,15.62,0.191831,0.426045,0.284185,0.283985,0.054099,0.53075,0.0973,0.1,
0.33,5.5,9,70,70,70,296,296,5800.41,79.8,285.1,159.64,15.84,0.130875,0.392053,0.27707,0.275801,0.050892,0.52402,0.0965,0.1,
0.33,6,0,70,70,70,353,353,5915.65,79.8,342.5,165.12,16.72,0.15803,0.441621,0.283737,0.285435,0.062691,0.52932,0.0945,0.1,
0.33,6,1,70,70,70,311,311,5453.07,79.8,300.1,160.93,15.66,0.142217,0.428567,0.260128,0.268226,0.059627,0.50669,0.0931,0.1,
0.33,6,2,70,70,70,355,355,5373.71,79.8,345.1,170.13,15.5,0.131029,0.472522,0.285023,0.284038,0.065772,0.53036,0.0959,0.1,
0.33,6,3,70,70,70,379,379,5469.73,79.8,365.1,172.57,15.45,0.1275,0.452325,0.274829,0.267527,0.061055,0.52105,0.095,0.1,
0.33,6,4,70,70,70,365,365,6255.13,85.1,355.1,176.82,16.82,0.136673,0.389804,0.276847,0.27981,0.047102,0.5242,0.0947,0.1,
0.33,6,5,70,70,70,322,322,5378.63,79.8,310.1,181.14,15.77,0.181322,0.533056,0.279737,0.271404,0.063666,0.52575,0.0951,0.1,
0.33,6,6,70,70,70,335,335,5854.1,79.8,322.7,176.51,16.31,0.169665,0.441927,0.281743,0.275684,0.063867,0.52749,0.0952,0.1,
0.33,6,7,70,70,70,331,331,6014.68,79.8,320.1,167.03,16.34,0.180512,0.446507,0.27201,0.269763,0.051064,0.51934,0.0949,0.1,
0.33,6,8,70,70,70,345,345,5385.87,79.8,335.6,180.68,15.83,0.168074,0.43126,0.281447,0.276499,0.055406,0.528,0.0964,0.1,
0.33,6,9,70,70,70,298,298,5800.41,79.8,287.5,164.25,16.09,0.131611,0.395683,0.273105,0.276382,0.052624,0.52005,0.0956,0.1,
0.33,6.5,0,70,70,70,356,356,5915.65,79.8,345.1,169.55,16.94,0.14952,0.425711,0.280846,0.282002,0.062371,0.52657,0.0939,0.1,
0.33,6.5,1,70,70,70,311,311,5453.07,79.8,300.1,163.82,15.9,0.143667,0.433835,0.259181,0.257919,0.065425,0.50509,0.0927,0.1,
0.33,6.5,2,70,70,70,355,355,5373.71,81.6,345.1,178.63,15.94,0.15007,0.479909,0.281524,0.276359,0.067544,0.52689,0.0954,0.1,
0.33,6.5,3,70,70,70,379,379,5469.73,79.8,365.1,177.55,15.87,0.131805,0.431466,0.272917,0.270652,0.060587,0.51923,0.0943,0.1,
0.33,6.5,4,70,70,70,385,385,6255.13,79.8,375.1,182.31,16.98,0.139454,0.378442,0.271423,0.265068,0.050294,0.5187,0.0935,0.1,
0.33,6.5,5,70,70,70,335,335,5378.63,90.1,325.1,188.56,15.78,0.181086,0.534273,0.279898,0.267253,0.068345,0.52539,0.0949,0.1,
0.33,6.5,6,70,70,70,338,338,5854.1,79.8,325.1,181.49,16.32,0.154917,0.437252,0.276363,0.273709,0.063516,0.52232,0.0942,0.1,
0.33,6.5,7,70,70,70,331,331,6014.68,79.8,320.1,169.85,16.17,0.162645,0.452614,0.267635,0.263018,0.054281,0.51476,0.0941,0.1,
0.33,6.5,8,70,70,70,350,350,5385.87,80.1,340.1,185.24,15.83,0.162632,0.404078,0.27547,0.272589,0.050065,0.52273,0.0955,0.1,
0.33,6.5,9,70,70,70,301,301,5800.41,79.8,290.1,167.93,16.01,0.124564,0.401812,0.271769,0.273505,0.052805,0.51875,0.0954,0.1,
0.33,7,0,70,70,70,356,356,5915.65,79.8,345.1,176.07,16.94,0.142495,0.415448,0.277405,0.281712,0.061579,0.52328,0.0935,0.1,
0.33,7,1,70,70,70,376,376,5453.07,79.8,366.8,169.96,15.9,0.134696,0.438006,0.255304,0.248894,0.069654,0.50061,0.0917,0.1,
0.33,7,2,70,70,70,398,398,5373.71,85.2,385.1,188.6,15.82,0.137502,0.445912,0.269941,0.269251,0.064776,0.51588,0.0936,0.1,
0.33,7,3,70,70,70,379,379,5469.73,79.8,365.1,181.86,15.65,0.142805,0.437217,0.269692,0.272078,0.060855,0.51604,0.0937,0.1,
0.33,7,4,70,70,70,385,385,6255.13,79.8,375.1,191.95,17.04,0.135542,0.375348,0.263418,0.257147,0.053732,0.51052,0.092,0.1,
0.33,7,5,70,70,70,335,335,5378.63,82.5,325.1,193.74,15.83,0.157054,0.502906,0.276816,0.272522,0.07141,0.52196,0.0943,0.1,
0.33,7,6,70,70,70,343,343,5854.1,79.8,330.1,190.73,16.53,0.163669,0.429016,0.275561,0.267308,0.063538,0.52155,0.0941,0.1,
0.33,7,7,70,70,70,336,336,6014.68,79.8,325.1,173.82,16.34,0.149466,0.458337,0.263559,0.260249,0.060293,0.51014,0.0933,0.1,
0.33,7,8,70,70,70,415,415,5385.87,79.8,405.1,189.54,16.17,0.158736,0.406246,0.276848,0.277375,0.053144,0.5237,0.0954,0.1,
0.33,7,9,70,70,70,301,301,5800.41,79.8,290.1,174.05,16.2,0.108625,0.406308,0.264634,0.260989,0.055943,0.51147,0.0941,0.1,
0.34,3,0,70,70,70,292,292,5915.65,79.8,280.1,132.11,16.37,0.192912,0.436237,0.293582,0.290079,0.047813,0.5401,0.0967,0.1,
0.34,3,1,70,70,70,237,237,5453.07,79.8,226.6,134.73,15.28,0.186014,0.375931,0.279563,0.278055,0.04156,0.52727,0.0971,0.1,
0.34,3,2,70,70,70,311,311,5373.71,79.8,301.4,139.41,15.04,0.142723,0.4343,0.286295,0.285467,0.052766,0.53275,0.097,0.1,
0.34,3,3,70,70,70,261,261,5469.73,79.8,250.4,135.58,14.88,0.193459,0.398162,0.28856,0.284456,0.043276,0.53571,0.0982,0.1,
0.34,3,4,70,70,70,275,275,6255.13,79.8,265.1,140.49,16.21,0.171259,0.397291,0.292619,0.294559,0.043033,0.53947,0.098,0.1,
0.34,3,5,70,70,70,276,276,5378.63,79.8,265.1,143.73,14.95,0.215558,0.470927,0.291439,0.288469,0.048957,0.5381,0.098,0.1,
0.34,3,6,70,70,70,247,247,5854.1,79.8,237,141.33,15.62,0.183425,0.396955,0.287506,0.284432,0.05032,0.53412,0.097,0.1,
0.34,3,7,70,70,70,303,303,6014.68,79.8,290.1,135.2,15.56,0.185316,0.405931,0.286659,0.281003,0.047057,0.53363,0.0973,0.1,
0.34,3,8,70,70,70,235,235,5385.87,79.8,225.1,140.71,15.07,0.185553,0.430799,0.285438,0.277658,0.04717,0.53253,0.0982,0.1,
0.34,3,9,70,70,70,286,286,5800.41,79.8,275.1,144.08,15.59,0.197792,0.370517,0.286795,0.285117,0.037929,0.53436,0.0983,0.1,
0.34,3.5,0,70,70,70,346,346,5915.65,79.8,335.1,140.69,16.3,0.196312,0.432005,0.294937,0.290679,0.051431,0.54109,0.0967,0.1,
0.34,3.5,1,70,70,70,306,306,5453.07,79.8,295.1,142.12,15.26,0.179486,0.387286,0.282361,0.283483,0.043851,0.52974,0.0974,0.1,
0.34,3.5,2,70,70,70,320,320,5373.71,79.8,310.1,145.84,15.04,0.149576,0.439111,0.286876,0.285159,0.054056,0.53324,0.0969,0.1,
0.34,3.5,3,70,70,70,281,281,5469.73,79.8,270.8,143.83,15.14,0.184616,0.406406,0.28647,0.279949,0.045894,0.53358,0.0976,0.1,
0.34,3.5,4,70,70,70,333,333,6255.13,79.8,323.1,148.32,16.52,0.115791,0.377637,0.29341,0.301307,0.045106,0.53991,0.0979,0.1,
0.34,3.5,5,70,70,70,283,283,5378.63,79.8,270.1,152.19,15.48,0.208069,0.485833,0.287482,0.27727,0.050826,0.53425,0.097,0.1,
0.34,3.5,6,70,70,70,273,273,5854.1,79.8,260.1,150.88,16.15,0.179632,0.396224,0.287619,0.290198,0.051609,0.53412,0.0968,0.1,
0.34,3.5,7,70,70,70,308,308,6014.68,79.8,295.1,145.73,16.24,0.189193,0.413223,0.283495,0.281304,0.049888,0.53043,0.0967,0.1,
0.34,3.5,8,70,70,70,248,248,5385.87,79.8,238.7,151.51,15.41,0.183343,0.461779,0.286378,0.280354,0.050769,0.53314,0.0982,0.1,
0.34,3.5,9,70,70,70,291,291,5800.41,79.8,280.1,149.88,15.89,0.209865,0.384046,0.286279,0.285774,0.039913,0.53377,0.0981,0.1,
0.34,4,0,70,70,70,351,351,5915.65,79.8,340.1,147.24,16.78,0.187767,0.441667,0.29159,0.286843,0.054439,0.53771,0.0958,0.1,
0.34,4,1,70,70,70,306,306,5453.07,79.8,295.1,147.46,15.73,0.154103,0.392514,0.278547,0.279563,0.045944,0.52592,0.0967,0.1,
0.34,4,2,70,70,70,325,325,5373.71,79.8,315.1,149.97,15.45,0.155327,0.424729,0.287195,0.287339,0.054584,0.53349,0.0969,0.1,
0.34,4,3,70,70,70,298,298,5469.73,79.8,290.1,152.21,15.4,0.169537,0.410558,0.283422,0.278326,0.051186,0.53026,0.097,0.1,
0.34,4,4,70,70,70,355,355,6255.13,79.8,345.1,153.73,16.92,0.117682,0.382628,0.293706,0.298218,0.045803,0.54015,0.0978,0.1,
0.34,4,5,70,70,70,291,291,5378.63,79.8,280.1,160.04,15.61,0.190305,0.499869,0.28812,0.278808,0.055271,0.53446,0.097,0.1,
0.34,4,6,70,70,70,303,303,5854.1,79.8,290.1,159.29,16.26,0.174927,0.414464,0.287437,0.282386,0.053007,0.53384,0.0967,0.1,
0.34,4,7,70,70,70,308,308,6014.68,79.8,295.1,151.65,16.12,0.191342,0.402539,0.281475,0.28015,0.046171,0.52878,0.0966,0.1,
0.34,4,8,70,70,70,287,287,5385.87,79.8,275.1,160.59,15.7,0.193697,0.406008,0.289053,0.279209,0.049916,0.53569,0.0983,0.1,
0.34,4,9,70,70,70,291,291,5800.41,79.8,280.1,153.47,16.21,0.199479,0.377147,0.284344,0.282972,0.041384,0.53183,0.0979,0.1,
0.34,4.5,0,70,70,70,351,351,5915.65,79.8,340.1,152.45,16.95,0.184097,0.423906,0.290321,0.294256,0.053497,0.53654,0.0957,0.1,
0.34,4.5,1,70,70,70,306,306,5453.07,79.8,295.1,151.89,15.91,0.161625,0.423076,0.274502,0.276511,0.049997,0.52178,0.0957,0.1,
0.34,4.5,2,70,70,70,325,325,5373.71,79.8,315.1,156.86,15.67,0.167164,0.451133,0.287678,0.282467,0.054779,0.53401,0.0969,0.1,
0.34,4.5,3,70,70,70,374,374,5469.73,79.8,360.1,157.97,15.66,0.157194,0.415238,0.280636,0.277057,0.05294,0.52743,0.0965,0.1,
0.34,4.5,4,70,70,70,357,357,6255.13,79.8,347.1,163.74,18.02,0.1583,0.386951,0.293401,0.299223,0.047341,0.53984,0.0976,0.1,
0.34,4.5,5,70,70,70,295,295,5378.63,79.8,284.9,166.99,16.93,0.176904,0.51238,0.291634,0.275935,0.058915,0.53745,0.0973,0.1,
0.34,4.5,6,70,70,70,313,313,5854.1,79.8,300.1,166.87,17.66,0.176758,0.392545,0.282189,0.280883,0.05231,0.52891,0.096,0.1,
0.34,4.5,7,70,70,70,313,313,6014.68,79.8,300.1,157.65,17.36,0.190828,0.42614,0.280793,0.277397,0.049101,0.52792,0.0963,0.1,
0.34,4.5,8,70,70,70,292,292,5385.87,80.1,280.1,169.8,17.15,0.185494,0.417611,0.287178,0.282004,0.048592,0.53403,0.0978,0.1,
0.34,4.5,9,70,70,70,296,296,5800.41,79.8,285.1,157.26,17.25,0.151767,0.387987,0.278093,0.28186,0.045779,0.52552,0.0967,0.1,
0.34,5,0,70,70,70,351,351,5915.65,79.8,340.7,159.5,18.53,0.158079,0.43097,0.285754,0.293009,0.058011,0.53178,0.0948,0.1,
0.34,5,1,70,70,70,306,306,5453.07,79.8,295.1,157.37,16.82,0.167159,0.434771,0.26703,0.271654,0.053632,0.51422,0.0943,0.1,
0.34,5,2,70,70,70,328,328,5373.71,79.8,318.4,163.97,16.79,0.116978,0.461803,0.284986,0.284131,0.058258,0.53102,0.0959,0.1,
0.34,5,3,70,70,70,379,379,5469.73,79.8,365.1,164.86,17.05,0.155117,0.410597,0.27593,0.276504,0.055107,0.52274,0.0956,0.1,
0.34,5,4,70,70,70,360,360,6255.13,80.7,350.1,173.5,19.85,0.164064,0.390657,0.284958,0.286404,0.047905,0.53191,0.0961,0.1,
0.34,5,5,70,70,70,317,317,5378.63,79.8,305.1,173.84,18.41,0.185918,0.524902,0.289541,0.276291,0.060673,0.53536,0.0967,0.1,
0.34,5,6,70,70,70,315,315,5854.1,79.8,302.7,175.1,18.89,0.161557,0.398067,0.276762,0.272167,0.05596,0.52337,0.0947,0.1,
0.34,5,7,70,70,70,313,313,6014.68,79.8,300.1,164.3,19.23,0.179409,0.438309,0.278735,0.278883,0.049775,0.5259,0.0959,0.1,
0.34,5,8,70,70,70,345,345,5385.87,80.1,335.1,177.78,18.27,0.195618,0.423369,0.28817,0.276393,0.054227,0.53452,0.0979,0.1,
0.34,5,9,70,70,70,296,296,5800.41,79.8,285.1,160.49,18.88,0.14645,0.386787,0.277246,0.274728,0.048828,0.52443,0.0966,0.1,
0.34,5.5,0,70,70,70,356,356,5915.65,79.8,345.1,162.68,19.8,0.154186,0.437108,0.285406,0.2863,0.060703,0.53115,0.0946,0.1,
0.34,5.5,1,70,70,70,311,311,5453.07,79.8,300.1,159.18,18.49,0.164506,0.443779,0.269485,0.273435,0.056526,0.51633,0.0946,0.1,
0.34,5.5,2,70,70,70,330,330,5373.71,79.8,320.1,171.35,18.17,0.122926,0.470286,0.287392,0.282056,0.061757,0.53297,0.0963,0.1,
0.34,5.5,3,70,70,70,379,379,5469.73,79.8,365.1,176.12,18.71,0.141405,0.450124,0.279238,0.271567,0.05781,0.52569,0.0958,0.1,
0.34,5.5,4,70,70,70,379,379,6255.13,82.1,365.1,183.1,20.82,0.138703,0.393748,0.283278,0.290137,0.047101,0.53036,0.0957,0.1,
0.34,5.5,5,70,70,70,322,322,5378.63,86.4,310.1,180.32,18.9,0.18742,0.537068,0.286743,0.270579,0.060996,0.53274,0.0964,0.1,
0.34,5.5,6,70,70,70,333,333,5854.1,79.8,320.1,183.11,19.88,0.173481,0.41289,0.2815,0.276693,0.056732,0.52786,0.0955,0.1,
0.34,5.5,7,70,70,70,331,331,6014.68,79.8,320.1,167.8,19.57,0.173378,0.443289,0.276979,0.276629,0.052169,0.524,0.0957,0.1,
0.34,5.5,8,70,70,70,345,345,5385.87,80.1,335.1,185.77,18.87,0.160695,0.419698,0.285591,0.280252,0.053575,0.5321,0.0972,0.1,
0.34,5.5,9,70,70,70,299,299,5800.41,79.8,288.8,165.18,19.19,0.136783,0.39181,0.27715,0.276784,0.052847,0.52398,0.0965,0.1,
0.34,6,0,70,70,70,356,356,5915.65,79.8,345.1,169.87,20.18,0.166112,0.444152,0.287191,0.288606,0.063905,0.53252,0.0949,0.1,
0.34,6,1,70,70,70,311,311,5453.07,79.8,300.1,165.38,19.1,0.150854,0.450783,0.265037,0.264133,0.062243,0.51135,0.0938,0.1,
0.34,6,2,70,70,70,371,371,5373.71,79.8,361.8,178.64,19.03,0.136477,0.477089,0.284158,0.281773,0.064948,0.52969,0.0959,0.1,
0.34,6,3,70,70,70,379,379,5469.73,79.8,365.1,182.08,19.17,0.140612,0.45712,0.276899,0.273634,0.058103,0.5234,0.0951,0.1,
0.34,6,4,70,70,70,385,385,6255.13,79.8,375.1,187.28,20.92,0.144589,0.397874,0.279345,0.28317,0.048836,0.52647,0.0947,0.1,
0.34,6,5,70,70,70,322,322,5378.63,79.8,310.1,187.77,19.2,0.18916,0.548183,0.287672,0.275128,0.063488,0.53334,0.0962,0.1,
0.34,6,6,70,70,70,338,338,5854.1,79.8,325.1,187.88,19.85,0.178723,0.44076,0.280332,0.276924,0.056246,0.52685,0.0953,0.1,
0.34,6,7,70,70,70,333,333,6014.68,79.8,322.5,170.71,19.45,0.174093,0.408096,0.274954,0.272363,0.052461,0.52198,0.0954,0.1,
0.34,6,8,70,70,70,350,350,5385.87,80.8,340.1,190.2,18.64,0.153529,0.421436,0.280731,0.277122,0.05491,0.52731,0.0962,0.1,
0.34,6,9,70,70,70,301,301,5800.41,79.8,290.1,168.32,19.06,0.137431,0.402281,0.276248,0.278728,0.055248,0.52287,0.0961,0.1,
0.34,6.5,0,70,70,70,356,356,5915.65,79.8,345.1,172.83,19.92,0.153606,0.412163,0.287613,0.286193,0.064752,0.5328,0.0949,0.1,
0.34,6.5,1,70,70,70,318,318,5453.07,79.8,308.4,169.72,19.13,0.143067,0.456288,0.258033,0.251443,0.065043,0.50412,0.0924,0.1,
0.34,6.5,2,70,70,70,398,398,5373.71,82.3,385.1,188.12,19.26,0.160757,0.470017,0.278898,0.276406,0.064822,0.52471,0.0951,0.1,
0.34,6.5,3,70,70,70,381,381,5469.73,79.8,367.1,185.91,19.24,0.138203,0.424412,0.273606,0.27149,0.057807,0.52017,0.0945,0.1,
0.34,6.5,4,70,70,70,390,390,6255.13,79.8,380.1,192.58,18.75,0.144702,0.383218,0.275009,0.274053,0.049443,0.52224,0.0939,0.1,
0.34,6.5,5,70,70,70,335,335,5378.63,91.3,325.1,194.08,17.42,0.185367,0.559121,0.284036,0.267642,0.069024,0.52938,0.0957,0.1,
0.34,6.5,6,70,70,70,346,346,5854.1,79.8,335.1,189.47,17.96,0.165131,0.449089,0.281694,0.264845,0.062515,0.52758,0.0952,0.1,
0.34,6.5,7,70,70,70,336,336,6014.68,79.8,325.1,173.27,17.78,0.162037,0.413194,0.270122,0.269733,0.054157,0.51713,0.0946,0.1,
0.34,6.5,8,70,70,70,415,415,5385.87,81.1,405.1,193.99,17.38,0.151643,0.412378,0.277596,0.271422,0.054469,0.52434,0.0957,0.1,
0.34,6.5,9,70,70,70,301,301,5800.41,79.8,290.1,175.59,17.51,0.129457,0.404289,0.272851,0.271229,0.052347,0.51987,0.0955,0.1,
0.34,7,0,70,70,70,356,356,5915.65,79.8,345.1,179.95,18.35,0.148024,0.415835,0.278587,0.272473,0.061949,0.52446,0.0937,0.1,
0.34,7,1,70,70,70,377,377,5453.07,79.8,367.9,177.76,17.42,0.12509,0.460656,0.259492,0.251617,0.075532,0.50405,0.0921,0.1,
0.34,7,2,70,70,70,398,398,5373.71,85.7,385.1,195.59,17.42,0.144467,0.465866,0.274921,0.273639,0.064099,0.52085,0.0943,0.1,
0.34,7,3,70,70,70,384,384,5469.73,79.8,370.1,189.86,17.17,0.152731,0.428968,0.271602,0.271058,0.059181,0.51809,0.0942,0.1,
0.34,7,4,70,70,70,390,390,6255.13,79.8,380.1,199.99,18.32,0.145978,0.382577,0.268433,0.264179,0.051032,0.51572,0.0929,0.1,
0.34,7,5,70,70,70,359,359,5378.63,95.7,345.1,205.91,17.27,0.177535,0.531184,0.279152,0.270348,0.068368,0.52465,0.0947,0.1,
0.34,7,6,70,70,70,351,351,5854.1,79.8,340.1,199.51,17.75,0.170678,0.435205,0.279533,0.268323,0.063668,0.5254,0.0948,0.1,
0.34,7,7,70,70,70,336,336,6014.68,79.8,325.1,177.48,17.39,0.152778,0.419887,0.267508,0.266042,0.059272,0.51408,0.094,0.1,
0.34,7,8,70,70,70,420,420,5385.87,79.8,410.1,197.55,17.1,0.158456,0.416427,0.276995,0.270072,0.056103,0.52364,0.0956,0.1,
0.34,7,9,70,70,70,371,371,5800.41,79.8,359.2,180.89,17.38,0.110529,0.408376,0.26536,0.262213,0.054663,0.5123,0.0941,0.1,
0.35,3,0,70,70,70,346,346,5915.65,79.8,335.1,141,17.68,0.200217,0.423464,0.294488,0.289183,0.043867,0.5412,0.0971,0.1,
0.35,3,1,70,70,70,306,306,5453.07,79.8,295.1,138.93,16.34,0.194065,0.390029,0.284536,0.283944,0.043282,0.53187,0.0977,0.1,
0.35,3,2,70,70,70,320,320,5373.71,79.8,310.1,141.93,16.07,0.149259,0.416088,0.289175,0.288106,0.05204,0.53552,0.0974,0.1,
0.35,3,3,70,70,70,276,276,5469.73,79.8,265.1,141.32,15.98,0.201875,0.404813,0.290583,0.286218,0.042316,0.53768,0.0983,0.1,
0.35,3,4,70,70,70,276,276,6255.13,79.8,267,146.07,17.23,0.130329,0.385935,0.293277,0.296706,0.043943,0.53993,0.098,0.1,
0.35,3,5,70,70,70,283,283,5378.63,79.8,270.1,148.94,16.01,0.199518,0.47724,0.292258,0.283296,0.049363,0.53881,0.0979,0.1,
0.35,3,6,70,70,70,255,255,5854.1,79.8,244.5,148.67,16.66,0.184878,0.411546,0.286043,0.285474,0.050102,0.53277,0.097,0.1,
0.35,3,7,70,70,70,308,308,6014.68,79.8,295.1,142.65,16.71,0.19351,0.415211,0.285361,0.282195,0.049314,0.53225,0.097,0.1,
0.35,3,8,70,70,70,245,245,5385.87,79.8,235.1,148.25,15.95,0.182998,0.45303,0.286923,0.283312,0.050234,0.53367,0.0983,0.1,
0.35,3,9,70,70,70,288,288,5800.41,79.8,277.3,147.83,16.67,0.211261,0.378346,0.287157,0.287579,0.038655,0.53467,0.0983,0.1,
0.35,3.5,0,70,70,70,351,351,5915.65,79.8,340.1,147.66,17.41,0.205275,0.416337,0.293196,0.291175,0.04617,0.53983,0.0967,0.1,
0.35,3.5,1,70,70,70,306,306,5453.07,79.8,295.1,146.85,16.36,0.173285,0.397088,0.281606,0.286339,0.046542,0.52882,0.0972,0.1,
0.35,3.5,2,70,70,70,324,324,5373.71,79.8,314.3,150.96,16.27,0.157061,0.444281,0.289469,0.286019,0.054352,0.53569,0.0975,0.1,
0.35,3.5,3,70,70,70,286,286,5469.73,79.8,275.9,151.93,16.24,0.191311,0.413927,0.285055,0.275611,0.047392,0.53215,0.0975,0.1,
0.35,3.5,4,70,70,70,350,350,6255.13,79.8,340.1,153.47,17.39,0.120085,0.378178,0.293178,0.296825,0.04511,0.53971,0.0978,0.1,
0.35,3.5,5,70,70,70,288,288,5378.63,79.8,276.4,156.83,16.11,0.201403,0.477236,0.291598,0.277809,0.052284,0.53798,0.0975,0.1,
0.35,3.5,6,70,70,70,293,293,5854.1,79.8,280.1,159.02,16.73,0.182164,0.399102,0.285752,0.283916,0.049626,0.53253,0.0969,0.1,
0.35,3.5,7,70,70,70,308,308,6014.68,79.8,295.1,151.07,16.69,0.197378,0.396989,0.284483,0.279958,0.046735,0.53161,0.0971,0.1,
0.35,3.5,8,70,70,70,274,274,5385.87,79.8,262.1,160.14,16.28,0.211217,0.402121,0.288753,0.280022,0.047414,0.53562,0.0986,0.1,
0.35,3.5,9,70,70,70,291,291,5800.41,79.8,280.1,152.69,16.68,0.200648,0.373221,0.286223,0.287177,0.039795,0.53371,0.0981,0.1,
0.35,4,0,70,70,70,351,351,5915.65,79.8,340.1,152.15,17.46,0.190253,0.427292,0.293514,0.289713,0.051255,0.53975,0.0965,0.1,
0.35,4,1,70,70,70,306,306,5453.07,79.8,295.1,151.19,16.46,0.160255,0.404289,0.278544,0.277937,0.048246,0.52577,0.0966,0.1,
0.35,4,2,70,70,70,325,325,5373.71,79.8,315.1,157.29,16.3,0.163295,0.446304,0.290202,0.287918,0.056444,0.53622,0.0973,0.1,
0.35,4,3,70,70,70,374,374,5469.73,79.8,360.1,157.83,16.05,0.173531,0.420472,0.285095,0.279172,0.050671,0.53189,0.0973,0.1,
0.35,4,4,70,70,70,355,355,6255.13,79.8,345.1,164.49,17.04,0.122493,0.384778,0.29446,0.295161,0.045012,0.54093,0.0978,0.1,
0.35,4,5,70,70,70,293,293,5378.63,79.8,282.3,166.69,16.06,0.182433,0.493314,0.294488,0.281029,0.056466,0.54031,0.0976,0.1,
0.35,4,6,70,70,70,308,308,5854.1,79.8,295.1,167.9,16.78,0.177413,0.429283,0.285689,0.28588,0.051784,0.53231,0.0966,0.1,
0.35,4,7,70,70,70,313,313,6014.68,79.8,300.1,157.31,16.65,0.191938,0.423575,0.286678,0.28012,0.048169,0.53356,0.0972,0.1,
0.35,4,8,70,70,70,287,287,5385.87,79.8,275.1,173.97,16.26,0.205338,0.414503,0.290082,0.287047,0.048917,0.53674,0.0983,0.1,
0.35,4,9,70,70,70,296,296,5800.41,79.8,285.1,158.12,16.47,0.198805,0.381506,0.282742,0.286096,0.04295,0.53022,0.0977,0.1,
0.35,4.5,0,70,70,70,352,352,5915.65,79.8,341.9,157.91,17.38,0.189863,0.435175,0.294017,0.286579,0.05626,0.53982,0.0962,0.1,
0.35,4.5,1,70,70,70,306,306,5453.07,79.8,295.1,156.86,16.31,0.169918,0.444591,0.280016,0.279295,0.052651,0.52688,0.0966,0.1,
0.35,4.5,2,70,70,70,330,330,5373.71,79.8,320.1,162.36,16.01,0.11634,0.457801,0.29141,0.287498,0.057413,0.53714,0.0973,0.1,
0.35,4.5,3,70,70,70,377,377,5469.73,79.8,363.1,163.91,15.94,0.162344,0.424845,0.280713,0.277463,0.054207,0.52745,0.0966,0.1,
0.35,4.5,4,70,70,70,360,360,6255.13,79.8,350.1,174.45,17.55,0.164988,0.39049,0.29186,0.290034,0.048947,0.53834,0.0972,0.1,
0.35,4.5,5,70,70,70,320,320,5378.63,80.1,310.1,179.45,16.11,0.164755,0.504663,0.29085,0.277641,0.056874,0.53688,0.0972,0.1,
0.35,4.5,6,70,70,70,313,313,5854.1,79.8,301,176.2,16.91,0.176984,0.386429,0.282244,0.274423,0.051191,0.52908,0.0961,0.1,
0.35,4.5,7,70,70,70,331,331,6014.68,79.8,320.1,162.6,16.66,0.197214,0.434139,0.284689,0.283101,0.051063,0.53147,0.0968,0.1,
0.35,4.5,8,70,70,70,344,344,5385.87,80.7,334.7,183.83,16.43,0.177676,0.419007,0.289902,0.285118,0.05194,0.53629,0.098,0.1,
0.35,4.5,9,70,70,70,296,296,5800.41,79.8,285.1,162.22,16.6,0.148779,0.38722,0.279452,0.277749,0.044561,0.52692,0.097,0.1,
0.35,5,0,70,70,70,356,356,5915.65,79.8,345.1,163.57,17.34,0.164415,0.441605,0.287972,0.288149,0.055719,0.53412,0.0953,0.1,
0.35,5,1,70,70,70,311,311,5453.07,79.8,300.1,160.79,16.24,0.176909,0.456881,0.273818,0.277978,0.056148,0.52062,0.0954,0.1,
0.35,5,2,70,70,70,330,330,5373.71,79.8,320.1,171.33,16.04,0.126673,0.466448,0.286044,0.284508,0.056846,0.53219,0.0963,0.1,
0.35,5,3,70,70,70,379,379,5469.73,79.8,365.1,176.29,16.16,0.151848,0.427585,0.281495,0.274628,0.055025,0.52814,0.0963,0.1,
0.35,5,4,70,70,70,379,379,6255.13,81.9,365.1,186.58,17.62,0.143048,0.394168,0.288706,0.290781,0.050076,0.53524,0.0964,0.1,
0.35,5,5,70,70,70,324,324,5378.63,94.1,314.2,186.95,16.39,0.193517,0.512022,0.290327,0.278294,0.058268,0.53628,0.0972,0.1,
0.35,5,6,70,70,70,318,318,5854.1,79.8,305.1,182.49,16.94,0.16624,0.377044,0.277913,0.274113,0.05239,0.52484,0.0951,0.1,
0.35,5,7,70,70,70,331,331,6014.68,79.8,320.1,169.31,16.87,0.180351,0.402529,0.280021,0.273152,0.051399,0.52697,0.0961,0.1,
0.35,5,8,70,70,70,345,345,5385.87,81.3,335.1,191.63,16.45,0.171479,0.4033,0.285348,0.278406,0.053141,0.53191,0.0971,0.1,
0.35,5,9,70,70,70,296,296,5800.41,79.8,285.1,166.95,16.56,0.139352,0.393035,0.279799,0.279302,0.048985,0.52685,0.097,0.1,
0.35,5.5,0,70,70,70,356,356,5915.65,79.8,345.1,168.21,17.41,0.160008,0.447148,0.289372,0.287752,0.059155,0.5351,0.0953,0.1,
0.35,5.5,1,70,70,70,311,311,5453.07,79.9,300.1,166.13,16.34,0.170445,0.465252,0.269979,0.262433,0.055197,0.51699,0.095,0.1,
0.35,5.5,2,70,70,70,375,375,5373.71,79.8,365.1,180.84,16.31,0.145898,0.45948,0.284477,0.281207,0.057198,0.53071,0.0962,0.1,
0.35,5.5,3,70,70,70,379,379,5469.73,79.8,365.1,181.74,16.15,0.136877,0.431059,0.281747,0.274865,0.056041,0.52821,0.096,0.1,
0.35,5.5,4,70,70,70,385,385,6255.13,92.1,375.1,195.17,17.61,0.143981,0.39722,0.283775,0.282718,0.045215,0.531,0.0958,0.1,
0.35,5.5,5,70,70,70,334,334,5378.63,86.8,324.3,197.38,16.41,0.154353,0.516249,0.287428,0.275409,0.05748,0.53359,0.0967,0.1,
0.35,5.5,6,70,70,70,338,338,5854.1,79.8,325.1,189.46,16.94,0.179334,0.403104,0.28146,0.278102,0.05642,0.52788,0.0955,0.1,
0.35,5.5,7,70,70,70,336,336,6014.68,79.8,325.1,172.14,16.75,0.181774,0.41569,0.277143,0.276048,0.051876,0.52417,0.0957,0.1,
0.35,5.5,8,70,70,70,350,350,5385.87,81.7,340.1,196.49,16.56,0.158249,0.425106,0.282754,0.277636,0.056674,0.52912,0.0966,0.1,
0.35,5.5,9,70,70,70,301,301,5800.41,79.8,290.1,170.67,16.58,0.1425,0.401173,0.279919,0.276548,0.051818,0.52677,0.0971,0.1,
0.35,6,0,70,70,70,356,356,5915.65,79.8,345.1,173.51,17.45,0.171695,0.440049,0.289681,0.294116,0.061399,0.53515,0.0956,0.1,
0.35,6,1,70,70,70,312,312,5453.07,79.9,302.5,173.84,16.55,0.157343,0.472588,0.264103,0.258248,0.061388,0.51056,0.0936,0.1,
0.35,6,2,70,70,70,398,398,5373.71,79.8,385.1,190.05,16.43,0.157936,0.459645,0.284019,0.279609,0.061547,0.52998,0.0961,0.1,
0.35,6,3,70,70,70,383,383,5469.73,79.8,369.7,186.63,16.2,0.144015,0.428925,0.280063,0.273583,0.055109,0.52668,0.0957,0.1,
0.35,6,4,70,70,70,390,390,6255.13,79.8,380.1,195.01,17.83,0.149668,0.401407,0.279434,0.281011,0.047801,0.52668,0.0948,0.1,
0.35,6,5,70,70,70,335,335,5378.63,89.2,325.1,199.67,16.69,0.186301,0.518017,0.285604,0.274096,0.060708,0.53161,0.096,0.1,
0.35,6,6,70,70,70,346,346,5854.1,79.8,335.9,194.06,17.16,0.185188,0.411159,0.283811,0.276968,0.054972,0.53026,0.096,0.1,
0.35,6,7,70,70,70,336,336,6014.68,79.8,325.1,174.6,16.87,0.17997,0.426593,0.279448,0.278906,0.053079,0.52626,0.096,0.1,
0.35,6,8,70,70,70,354,354,5385.87,82.5,344.6,199.42,16.78,0.156672,0.431749,0.278332,0.27667,0.056256,0.52494,0.0957,0.1,
0.35,6,9,70,70,70,301,301,5800.41,79.8,290.1,174.72,16.86,0.133129,0.403218,0.277036,0.274569,0.051354,0.52397,0.0963,0.1,
0.35,6.5,0,70,70,70,356,356,5915.65,79.8,345.1,178.85,17.66,0.157697,0.432675,0.287832,0.280951,0.064228,0.53314,0.0952,0.1,
0.35,6.5,1,70,70,70,320,320,5453.07,79.8,310.1,178.55,16.61,0.131142,0.479502,0.256225,0.25066,0.06697,0.50206,0.0918,0.1,
0.35,6.5,2,70,70,70,398,398,5373.71,83,385.1,197.55,16.74,0.172217,0.488559,0.280573,0.274626,0.062602,0.52657,0.0953,0.1,
0.35,6.5,3,70,70,70,384,384,5469.73,79.8,370.1,192.36,16.48,0.146727,0.420024,0.276377,0.273118,0.057762,0.52289,0.0951,0.1,
0.35,6.5,4,70,70,70,390,390,6255.13,79.8,380.1,201.55,17.85,0.150827,0.397472,0.275638,0.275112,0.050498,0.5228,0.0943,0.1,
0.35,6.5,5,70,70,70,352,352,5378.63,93.6,340.1,203.88,16.64,0.179415,0.566231,0.28408,0.275711,0.067586,0.52957,0.0955,0.1,
0.35,6.5,6,70,70,70,351,351,5854.1,79.8,340.1,201.42,17.38,0.163116,0.447364,0.279935,0.27279,0.060464,0.52606,0.0951,0.1,
0.35,6.5,7,70,70,70,336,336,6014.68,79.8,325.1,180.44,16.87,0.165318,0.435472,0.27251,0.268905,0.055713,0.51933,0.0951,0.1,
0.35,6.5,8,70,70,70,420,420,5385.87,85.1,410.1,205.43,16.82,0.152784,0.393263,0.273577,0.27326,0.057272,0.52016,0.0949,0.1,
0.35,6.5,9,70,70,70,412,412,5800.41,79.8,400.1,183.2,16.96,0.11603,0.407882,0.274489,0.271105,0.053077,0.52133,0.0956,0.1,
0.35,7,0,70,70,70,360,360,5915.65,79.8,349.9,183.88,17.72,0.153035,0.441364,0.286091,0.280043,0.063018,0.53162,0.0949,0.1,
0.35,7,1,70,70,70,378,378,5453.07,79.8,368.7,186.17,16.55,0.12989,0.484071,0.25477,0.246339,0.07342,0.49975,0.0915,0.1,
0.35,7,2,70,70,70,398,398,5373.71,86.6,385.1,204.96,16.74,0.15173,0.490758,0.274564,0.273206,0.064712,0.52053,0.0939,0.1,
0.35,7,3,70,70,70,384,384,5469.73,79.8,370.1,196.81,16.45,0.16222,0.409833,0.272197,0.266299,0.059016,0.51874,0.0944,0.1,
0.35,7,4,70,70,70,393,393,6255.13,79.8,380.1,203.86,17.98,0.153104,0.388121,0.274795,0.269201,0.051895,0.52186,0.0941,0.1,
0.35,7,5,70,70,70,360,360,5378.63,96.1,346.5,211.14,16.83,0.183861,0.515387,0.278025,0.271319,0.068319,0.52356,0.0945,0.1,
0.35,7,6,70,70,70,449,449,5854.1,79.8,439.9,213.97,17.7,0.152797,0.442744,0.277847,0.272507,0.064623,0.52361,0.0945,0.1,
0.35,7,7,70,70,70,336,336,6014.68,79.8,325.1,184.46,17.11,0.155992,0.423898,0.269807,0.268647,0.05991,0.51621,0.0945,0.1,
0.35,7,8,70,70,70,420,420,5385.87,80.1,410.1,206.34,17,0.14509,0.395802,0.275276,0.272836,0.055411,0.52197,0.0953,0.1,
0.35,7,9,70,70,70,412,412,5800.41,79.8,400.1,187.2,17.21,0.114717,0.406871,0.268135,0.265144,0.053901,0.51506,0.0945,0.1,
0.36,3,0,70,70,70,346,346,5915.65,79.8,335.9,144.91,17.25,0.207563,0.444261,0.296904,0.294161,0.045949,0.54332,0.0974,0.1,
0.36,3,1,70,70,70,306,306,5453.07,79.8,295.1,142.5,16.13,0.200255,0.368944,0.283151,0.28525,0.042337,0.53062,0.0974,0.1,
0.36,3,2,70,70,70,320,320,5373.71,79.8,310.1,149.24,15.88,0.156066,0.42045,0.289953,0.286944,0.050643,0.5364,0.0977,0.1,
0.36,3,3,70,70,70,285,285,5469.73,79.8,274.9,147.56,15.8,0.210596,0.41636,0.288902,0.282995,0.042974,0.53608,0.0982,0.1,
0.36,3,4,70,70,70,330,330,6255.13,79.8,320.1,151.05,17,0.134379,0.37364,0.295474,0.299366,0.043558,0.542,0.0982,0.1,
0.36,3,5,70,70,70,283,283,5378.63,79.8,270.1,154.24,15.82,0.207165,0.47586,0.293394,0.280772,0.050718,0.53981,0.0979,0.1,
0.36,3,6,70,70,70,273,273,5854.1,79.8,260.1,153.96,16.46,0.181541,0.427463,0.288473,0.291183,0.049567,0.53511,0.0972,0.1,
0.36,3,7,70,70,70,308,308,6014.68,79.8,295.1,148.81,16.44,0.202068,0.400886,0.286147,0.28653,0.046344,0.53321,0.0972,0.1,
0.36,3,8,70,70,70,262,262,5385.87,79.8,250.1,154.46,15.85,0.18965,0.475984,0.29125,0.283915,0.052013,0.53764,0.0989,0.1,
0.36,3,9,70,70,70,291,291,5800.41,79.8,280.1,150.98,16.32,0.215427,0.384272,0.287225,0.290438,0.038023,0.53478,0.0983,0.1,
0.36,3.5,0,70,70,70,351,351,5915.65,79.8,340.1,150.13,17.11,0.214602,0.433147,0.29812,0.295162,0.049181,0.5442,0.0972,0.1,
0.36,3.5,1,70,70,70,306,306,5453.07,79.8,295.1,151.23,16.2,0.181738,0.383211,0.279466,0.280613,0.045383,0.52691,0.0967,0.1,
0.36,3.5,2,70,70,70,325,325,5373.71,79.8,315.1,156.69,16.09,0.165455,0.429445,0.290819,0.283066,0.054223,0.53696,0.0975,0.1,
0.36,3.5,3,70,70,70,298,298,5469.73,79.8,290.1,157.71,16.25,0.197859,0.4257,0.285213,0.280075,0.043766,0.53253,0.0976,0.1,
0.36,3.5,4,70,70,70,350,350,6255.13,79.8,340.1,161.81,17.39,0.124439,0.378588,0.29328,0.29743,0.045013,0.53983,0.0977,0.1,
0.36,3.5,5,70,70,70,306,306,5378.63,80.1,296.9,169.16,16.23,0.201565,0.48615,0.29416,0.28254,0.053111,0.5403,0.0978,0.1,
0.36,3.5,6,70,70,70,303,303,5854.1,79.8,290.7,164.96,16.96,0.183897,0.414139,0.289734,0.286034,0.049691,0.53629,0.0974,0.1,
0.36,3.5,7,70,70,70,309,309,6014.68,79.8,296.3,159.26,16.79,0.199975,0.414407,0.287846,0.281849,0.047464,0.53475,0.0974,0.1,
0.36,3.5,8,70,70,70,278,278,5385.87,79.8,266.3,167.84,16.33,0.210834,0.409892,0.290985,0.283141,0.048131,0.53765,0.0988,0.1,
0.36,3.5,9,70,70,70,291,291,5800.41,79.8,280.1,158.04,16.64,0.205174,0.388617,0.288435,0.288916,0.040205,0.53578,0.0985,0.1,
0.36,4,0,70,70,70,351,351,5915.65,79.8,340.4,155.43,17.52,0.197353,0.439857,0.295228,0.288419,0.051424,0.54137,0.0967,0.1,
0.36,4,1,70,70,70,306,306,5453.07,79.8,295.5,155.59,16.43,0.167132,0.398847,0.277975,0.277742,0.049855,0.52512,0.0962,0.1,
0.36,4,2,70,70,70,330,330,5373.71,79.8,320.1,161.76,16.25,0.171628,0.45339,0.293297,0.284487,0.056437,0.53914,0.0978,0.1,
0.36,4,3,70,70,70,374,374,5469.73,79.8,360.1,163.23,16.07,0.180335,0.435009,0.284626,0.281219,0.049577,0.53159,0.0974,0.1,
0.36,4,4,70,70,70,359,359,6255.13,79.8,349.2,171.4,17.3,0.126995,0.38626,0.296782,0.301396,0.046465,0.543,0.0979,0.1,
0.36,4,5,70,70,70,318,318,5378.63,80.1,309,177.63,16.28,0.187751,0.500381,0.295723,0.282226,0.056236,0.54153,0.0978,0.1,
0.36,4,6,70,70,70,313,313,5854.1,79.8,300.1,175.38,17,0.181139,0.445383,0.286513,0.277236,0.052558,0.53306,0.0968,0.1,
0.36,4,7,70,70,70,313,313,6014.68,79.8,300.1,163.16,16.7,0.199791,0.42869,0.288826,0.284069,0.048548,0.53557,0.0975,0.1,
0.36,4,8,70,70,70,292,292,5385.87,79.8,281.4,184.31,16.43,0.204037,0.395765,0.293055,0.285912,0.047762,0.53959,0.0985,0.1,
0.36,4,9,70,70,70,296,296,5800.41,79.8,285.1,162.3,16.59,0.19735,0.384099,0.284713,0.279979,0.041476,0.53218,0.0979,0.1,
0.36,4.5,0,70,70,70,356,356,5915.65,79.8,345.1,161.7,17.37,0.195614,0.449715,0.295196,0.290888,0.054349,0.54112,0.0965,0.1,
0.36,4.5,1,70,70,70,311,311,5453.07,79.8,300.1,161.44,16.27,0.177814,0.416721,0.280065,0.283225,0.047002,0.52732,0.097,0.1,
0.36,4.5,2,70,70,70,331,331,5373.71,79.8,321.9,169.52,16.04,0.121799,0.462114,0.290114,0.285403,0.058,0.53592,0.0972,0.1,
0.36,4.5,3,70,70,70,379,379,5469.73,79.8,365.1,173.04,16.05,0.168094,0.442927,0.281201,0.276753,0.052549,0.52809,0.0968,0.1,
0.36,4.5,4,70,70,70,369,369,6255.13,79.8,355.4,182.09,17.85,0.17289,0.389807,0.294442,0.293484,0.047207,0.54086,0.0975,0.1,
0.36,4.5,5,70,70,70,320,320,5378.63,80.1,310.2,187.48,16.67,0.164465,0.513505,0.293074,0.284047,0.055676,0.53906,0.0975,0.1,
0.36,4.5,6,70,70,70,318,318,5854.1,79.8,305.1,182.05,17.11,0.194599,0.402405,0.284601,0.282065,0.050403,0.53139,0.0963,0.1,
0.36,4.5,7,70,70,70,331,331,6014.68,79.8,320.1,171.91,17.12,0.193862,0.406719,0.286278,0.281118,0.049064,0.53311,0.097,0.1,
0.36,4.5,8,70,70,70,345,345,5385.87,81.3,335.1,193.25,16.79,0.184872,0.403091,0.290802,0.281305,0.051133,0.53723,0.0979,0.1,
0.36,4.5,9,70,70,70,296,296,5800.41,79.8,285.1,168,16.83,0.154825,0.390932,0.282036,0.278423,0.045843,0.52929,0.0974,0.1,
0.36,5,0,70,70,70,356,356,5915.65,79.8,345.1,167.18,17.67,0.163507,0.458568,0.29093,0.291297,0.058301,0.53674,0.0957,0.1,
0.36,5,1,70,70,70,311,311,5453.07,79.8,300.1,166.95,16.68,0.176521,0.4638,0.27315,0.268815,0.053817,0.52021,0.0954,0.1,
0.36,5,2,70,70,70,375,375,5373.71,79.8,365.1,178.14,16.59,0.131581,0.448979,0.288425,0.288671,0.055306,0.53457,0.0967,0.1,
0.36,5,3,70,70,70,379,379,5469.73,79.8,365.1,182.57,16.57,0.15768,0.446858,0.281286,0.270848,0.054587,0.52798,0.0964,0.1,
0.36,5,4,70,70,70,385,385,6255.13,83.7,375.1,192.25,17.8,0.148289,0.394916,0.290073,0.295471,0.047716,0.53672,0.0966,0.1,
0.36,5,5,70,70,70,325,325,5378.63,94.3,315.1,195.59,16.71,0.154978,0.526168,0.290046,0.27983,0.058665,0.53598,0.0972,0.1,
0.36,5,6,70,70,70,323,323,5854.1,79.8,310.1,190.89,17.26,0.174968,0.406694,0.279746,0.267299,0.05343,0.52654,0.0956,0.1,
0.36,5,7,70,70,70,336,336,6014.68,79.8,325.1,176.51,16.97,0.18941,0.423424,0.279206,0.277832,0.05027,0.52633,0.096,0.1,
0.36,5,8,70,70,70,350,350,5385.87,97.8,340.1,202.18,16.79,0.17827,0.400687,0.283364,0.279895,0.052035,0.5301,0.097,0.1,
0.36,5,9,70,70,70,301,301,5800.41,79.8,290.1,172.2,16.76,0.145265,0.396358,0.280494,0.275866,0.048553,0.52758,0.0972,0.1,
0.36,5.5,0,70,70,70,356,356,5915.65,79.8,345.1,172.2,17.63,0.166193,0.47757,0.293664,0.287501,0.062761,0.53886,0.0959,0.1,
0.36,5.5,1,70,70,70,311,311,5453.07,82.3,301.2,173.18,16.61,0.160448,0.47109,0.271812,0.270031,0.056259,0.5187,0.0951,0.1,
0.36,5.5,2,70,70,70,398,398,5373.71,79.8,385.1,192.08,16.65,0.149788,0.457323,0.28611,0.282189,0.060284,0.53198,0.0965,0.1,
0.36,5.5,3,70,70,70,384,384,5469.73,79.8,370.1,190.91,16.6,0.152048,0.448377,0.283639,0.278794,0.056302,0.53004,0.0966,0.1,
0.36,5.5,4,70,70,70,390,390,6255.13,92.5,380.1,197.43,17.99,0.149184,0.396559,0.287111,0.286793,0.047236,0.53397,0.0961,0.1,
0.36,5.5,5,70,70,70,345,345,5378.63,87.2,335.1,203.1,16.71,0.162513,0.54301,0.289176,0.281909,0.060213,0.53506,0.0969,0.1,
0.36,5.5,6,70,70,70,346,346,5854.1,79.8,335.9,200.34,17.34,0.184115,0.393675,0.2846,0.278382,0.05268,0.53122,0.0965,0.1,
0.36,5.5,7,70,70,70,336,336,6014.68,79.8,325.1,181.51,17.08,0.189288,0.437403,0.277591,0.27354,0.052297,0.52462,0.0957,0.1,
0.36,5.5,8,70,70,70,353,353,5385.87,85.1,343.6,206.45,16.82,0.164707,0.407417,0.279895,0.279954,0.054093,0.52661,0.0962,0.1,
0.36,5.5,9,70,70,70,320,320,5800.41,79.8,310.1,177.4,16.84,0.14338,0.392638,0.279484,0.275628,0.048943,0.52655,0.0968,0.1,
0.36,6,0,70,70,70,361,361,5915.65,79.8,350.1,177.38,17.77,0.166059,0.469325,0.291317,0.287686,0.062469,0.53665,0.0959,0.1,
0.36,6,1,70,70,70,324,324,5453.07,81.9,313.7,179.59,16.65,0.152575,0.477695,0.266632,0.26263,0.063789,0.51281,0.0939,0.1,
0.36,6,2,70,70,70,398,398,5373.71,79.9,385.1,198.74,16.73,0.166875,0.474615,0.285658,0.276645,0.061686,0.53154,0.0961,0.1,
0.36,6,3,70,70,70,384,384,5469.73,79.8,370.1,196.1,16.6,0.14992,0.448504,0.281042,0.273019,0.057101,0.52753,0.0961,0.1,
0.36,6,4,70,70,70,390,390,6255.13,79.8,380.1,200.91,17.89,0.155038,0.400356,0.282854,0.284598,0.047398,0.52995,0.0953,0.1,
0.36,6,5,70,70,70,352,352,5378.63,90.5,340.1,208.59,16.71,0.198289,0.544857,0.287052,0.279126,0.061379,0.53298,0.0965,0.1,
0.36,6,6,70,70,70,368,368,5854.1,79.8,355.2,206.44,17.42,0.184715,0.414569,0.284486,0.280504,0.054714,0.53095,0.096,0.1,
0.36,6,7,70,70,70,336,336,6014.68,79.8,325.1,182.02,17.09,0.177036,0.449069,0.27877,0.274883,0.056642,0.52534,0.0959,0.1,
0.36,6,8,70,70,70,420,420,5385.87,85.1,410.1,208.21,17.01,0.16316,0.41851,0.277187,0.271003,0.052647,0.52414,0.0958,0.1,
0.36,6,9,70,70,70,412,412,5800.41,79.8,400.1,185.48,17.04,0.138076,0.38981,0.281234,0.276586,0.050914,0.52804,0.0965,0.1,
0.36,6.5,0,70,70,70,361,361,5915.65,79.8,350.1,188.26,17.98,0.162091,0.450001,0.290258,0.283887,0.065814,0.53533,0.0956,0.1,
0.36,6.5,1,70,70,70,326,326,5453.07,79.8,315.1,183.29,16.83,0.135828,0.483298,0.261492,0.256819,0.066818,0.50735,0.0928,0.1,
0.36,6.5,2,70,70,70,398,398,5373.71,83.6,385.1,210.87,17.03,0.158686,0.415425,0.28028,0.275686,0.056767,0.52673,0.0954,0.1,
0.36,6.5,3,70,70,70,384,384,5469.73,79.8,370.1,197.88,16.67,0.155588,0.434609,0.282902,0.276365,0.060105,0.52898,0.0959,0.1,
0.36,6.5,4,70,70,70,393,393,6255.13,79.8,380.1,207.81,17.95,0.153325,0.404432,0.281206,0.284455,0.049728,0.52819,0.095,0.1,
0.36,6.5,5,70,70,70,353,353,5378.63,95,341.2,214.69,16.95,0.180913,0.54456,0.282538,0.282713,0.05899,0.52887,0.0957,0.1,
0.36,6.5,6,70,70,70,371,371,5854.1,79.8,358.4,216,17.77,0.14518,0.419216,0.279689,0.279655,0.059979,0.52582,0.0951,0.1,
0.36,6.5,7,70,70,70,341,341,6014.68,79.8,330.1,186.59,17.16,0.168831,0.458578,0.273077,0.269471,0.056321,0.51988,0.0951,0.1,
0.36,6.5,8,70,70,70,420,420,5385.87,88.5,410.1,214.52,17.12,0.149518,0.400415,0.272585,0.267195,0.055002,0.51945,0.0951,0.1,
0.36,6.5,9,70,70,70,412,412,5800.41,79.8,400.1,190.3,17.29,0.120453,0.402651,0.276234,0.273273,0.051135,0.52322,0.0956,0.1,
0.36,7,0,70,70,70,387,387,5915.65,80.1,375.1,192.9,17.93,0.158599,0.456679,0.285294,0.272481,0.068598,0.53034,0.0946,0.1,
0.36,7,1,70,70,70,379,379,5453.07,98.6,369.5,194.88,17.17,0.143348,0.41193,0.255529,0.251106,0.065427,0.50143,0.0925,0.1,
0.36,7,2,70,70,70,401,401,5373.71,87.2,388.4,218.2,17.16,0.159219,0.380452,0.271787,0.274723,0.057824,0.51836,0.094,0.1,
0.36,7,3,70,70,70,385,385,5469.73,79.8,371.2,200.63,16.66,0.168902,0.430212,0.276909,0.273691,0.059468,0.52325,0.0952,0.1,
0.36,7,4,70,70,70,395,395,6255.13,80,385.1,213.81,18.22,0.160631,0.388154,0.277274,0.280384,0.050503,0.52435,0.0942,0.1,
0.36,7,5,70,70,70,415,415,5378.63,96.5,405.1,224.66,17.29,0.177328,0.540653,0.279658,0.274672,0.064287,0.5256,0.0948,0.1,
0.36,7,6,70,70,70,451,451,5854.1,79.8,441.1,218.57,17.91,0.159958,0.435572,0.280189,0.278565,0.064904,0.52587,0.0949,0.1,
0.36,7,7,70,70,70,341,341,6014.68,79.8,330.1,194.06,17.35,0.159656,0.425104,0.27415,0.263661,0.060416,0.52041,0.0951,0.1,
0.36,7,8,70,70,70,425,425,5385.87,85.1,415.1,219.38,17.43,0.130801,0.412584,0.269238,0.26623,0.058218,0.51582,0.0943,0.1,
0.36,7,9,70,70,70,428,428,5800.41,79.8,416.6,195.28,17.51,0.118898,0.407786,0.27084,0.266793,0.056384,0.51747,0.0946,0.1,
0.37,3,0,70,70,70,351,351,5915.65,79.8,340.1,147.61,17.47,0.215243,0.456432,0.300416,0.292548,0.046226,0.54656,0.0978,0.1,
0.37,3,1,70,70,70,306,306,5453.07,79.8,295.1,146.29,16.19,0.20435,0.385423,0.28492,0.287307,0.043545,0.53224,0.0976,0.1,
0.37,3,2,70,70,70,325,325,5373.71,79.8,315.1,154.94,16.04,0.163133,0.438655,0.292459,0.288855,0.05365,0.53855,0.0979,0.1,
0.37,3,3,70,70,70,290,290,5469.73,79.8,279.6,154.37,15.95,0.219618,0.423213,0.289967,0.280194,0.045144,0.53694,0.098,0.1,
0.37,3,4,70,70,70,350,350,6255.13,79.8,340.1,158.28,16.97,0.139413,0.379606,0.294516,0.297517,0.044018,0.54109,0.0981,0.1,
0.37,3,5,70,70,70,300,300,5378.63,80.1,290.1,163.4,15.81,0.205531,0.478266,0.296114,0.281533,0.050795,0.54233,0.0983,0.1,
0.37,3,6,70,70,70,293,293,5854.1,79.8,280.1,162.32,16.44,0.18208,0.426406,0.28877,0.288694,0.04932,0.53543,0.0973,0.1,
0.37,3,7,70,70,70,308,308,6014.68,79.8,295.1,157.18,16.48,0.210883,0.417783,0.287658,0.278376,0.045873,0.53469,0.0974,0.1,
0.37,3,8,70,70,70,272,272,5385.87,79.8,260.1,163.64,15.85,0.21274,0.401191,0.2924,0.281517,0.048298,0.53896,0.0989,0.1,
0.37,3,9,70,70,70,291,291,5800.41,79.8,280.1,155.8,16.43,0.199967,0.38856,0.289797,0.29029,0.039503,0.53709,0.0986,0.1,
0.37,3.5,0,70,70,70,351,351,5915.65,79.8,340.1,155.82,17.09,0.215888,0.436794,0.297695,0.294164,0.050038,0.54378,0.0973,0.1,
0.37,3.5,1,70,70,70,307,307,5453.07,79.8,296.2,154.26,16.09,0.190068,0.398137,0.283239,0.281839,0.047364,0.53036,0.0971,0.1,
0.37,3.5,2,70,70,70,327,327,5373.71,79.8,317.7,160.54,16.02,0.17139,0.433631,0.293995,0.289472,0.054283,0.53994,0.098,0.1,
0.37,3.5,3,70,70,70,374,374,5469.73,79.8,360.1,165.08,16.22,0.209049,0.432947,0.28707,0.281471,0.046344,0.53411,0.0977,0.1,
0.37,3.5,4,70,70,70,355,355,6255.13,79.8,345.1,170.52,17.43,0.128853,0.386921,0.295974,0.300876,0.045304,0.54233,0.0979,0.1,
0.37,3.5,5,70,70,70,310,310,5378.63,80.1,300.7,176.92,16.44,0.206826,0.494744,0.297918,0.289031,0.05218,0.54386,0.0985,0.1,
0.37,3.5,6,70,70,70,313,313,5854.1,79.8,300.1,172.6,17.04,0.182009,0.430347,0.292008,0.294234,0.050586,0.53837,0.0977,0.1,
0.37,3.5,7,70,70,70,313,313,6014.68,79.8,300.1,164.42,17.01,0.197179,0.43087,0.289471,0.281687,0.050179,0.53608,0.0976,0.1,
0.37,3.5,8,70,70,70,292,292,5385.87,79.8,280.1,179.95,16.57,0.2142,0.411764,0.295755,0.289023,0.049501,0.542,0.0988,0.1,
0.37,3.5,9,70,70,70,296,296,5800.41,79.8,285.1,161.72,16.98,0.211636,0.394966,0.287509,0.285752,0.040227,0.53491,0.0984,0.1,
0.37,4,0,70,70,70,356,356,5915.65,79.8,345.1,160.75,17.58,0.20475,0.452447,0.297765,0.291414,0.053354,0.54361,0.0971,0.1,
0.37,4,1,70,70,70,311,311,5453.07,79.8,300.1,160.32,16.58,0.173668,0.404491,0.27863,0.278629,0.048436,0.52586,0.0963,0.1,
0.37,4,2,70,70,70,331,331,5373.71,79.8,321.1,168.53,16.48,0.167248,0.45723,0.295536,0.288902,0.055973,0.54126,0.0981,0.1,
0.37,4,3,70,70,70,379,379,5469.73,79.8,365.1,174.77,16.34,0.188823,0.44142,0.286561,0.282909,0.047295,0.53357,0.0976,0.1,
0.37,4,4,70,70,70,373,373,6255.13,79.8,359.9,180.77,17.55,0.133217,0.388378,0.297228,0.298063,0.047834,0.54334,0.0978,0.1,
0.37,4,5,70,70,70,320,320,5378.63,80.2,310.1,183.79,16.33,0.193545,0.496853,0.297612,0.285371,0.056638,0.54326,0.098,0.1,
0.37,4,6,70,70,70,316,316,5854.1,79.8,303.6,179.98,17.04,0.19739,0.46355,0.290146,0.280558,0.052349,0.53654,0.0972,0.1,
0.37,4,7,70,70,70,331,331,6014.68,79.8,320.1,171.46,16.85,0.206804,0.406239,0.287502,0.28377,0.047797,0.53438,0.0974,0.1,
0.37,4,8,70,70,70,345,345,5385.87,79.8,335.1,192.87,16.65,0.191035,0.392584,0.293396,0.290669,0.049929,0.53971,0.0984,0.1,
0.37,4,9,70,70,70,296,296,5800.41,79.8,285.1,168.34,16.81,0.168136,0.387864,0.285756,0.2818,0.043321,0.53302,0.0979,0.1,
0.37,4.5,0,70,70,70,356,356,5915.65,79.8,345.1,167.07,17.58,0.179983,0.469748,0.297956,0.293499,0.057057,0.54347,0.0969,0.1,
0.37,4.5,1,70,70,70,311,311,5453.07,79.8,300.1,169.62,16.59,0.187531,0.406355,0.27654,0.276834,0.048506,0.52387,0.0963,0.1,
0.37,4.5,2,70,70,70,339,339,5373.71,79.8,329.1,175.38,16.26,0.127669,0.45069,0.292974,0.290792,0.058195,0.53858,0.0975,0.1,
0.37,4.5,3,70,70,70,379,379,5469.73,79.8,365.1,186.14,16.4,0.174719,0.449767,0.282056,0.271004,0.052868,0.52889,0.0967,0.1,
0.37,4.5,4,70,70,70,379,379,6255.13,79.8,365.1,189.5,17.53,0.182227,0.391393,0.295122,0.299947,0.047106,0.54149,0.0973,0.1,
0.37,4.5,5,70,70,70,345,345,5378.63,80.8,335.1,195.57,16.56,0.168511,0.506233,0.295198,0.29178,0.054028,0.54117,0.098,0.1,
0.37,4.5,6,70,70,70,320,320,5854.1,79.8,307.4,186.67,17.01,0.182252,0.418154,0.287282,0.279465,0.053572,0.53368,0.0964,0.1,
0.37,4.5,7,70,70,70,334,334,6014.68,79.8,324,176.57,16.96,0.189863,0.427172,0.285487,0.28088,0.05224,0.53213,0.0969,0.1,
0.37,4.5,8,70,70,70,345,345,5385.87,91.2,335.1,201.15,16.74,0.188727,0.395902,0.29058,0.283154,0.050556,0.53703,0.098,0.1,
0.37,4.5,9,70,70,70,301,301,5800.41,79.8,290.1,172.54,16.88,0.162293,0.38564,0.283319,0.284482,0.046574,0.53045,0.0973,0.1,
0.37,5,0,70,70,70,361,361,5915.65,80.1,350.1,172.5,17.72,0.169199,0.475395,0.296194,0.290314,0.060184,0.54153,0.0965,0.1,
0.37,5,1,70,70,70,312,312,5453.07,79.8,301.8,173.06,16.53,0.182871,0.404857,0.274049,0.274266,0.048246,0.52148,0.0958,0.1,
0.37,5,2,70,70,70,375,375,5373.71,79.8,365.1,187.27,16.41,0.137552,0.457801,0.292128,0.291531,0.057798,0.53786,0.0972,0.1,
0.37,5,3,70,70,70,383,383,5469.73,79.8,369.4,193.47,16.48,0.163044,0.457299,0.282456,0.279907,0.054807,0.52909,0.0965,0.1,
0.37,5,4,70,70,70,390,390,6255.13,85,380.1,201.2,17.64,0.151045,0.399369,0.29237,0.286194,0.048537,0.53883,0.0968,0.1,
0.37,5,5,70,70,70,348,348,5378.63,94.8,338.4,205.29,16.52,0.16262,0.534945,0.292656,0.287416,0.060204,0.53828,0.0975,0.1,
0.37,5,6,70,70,70,323,323,5854.1,79.8,310.1,195.46,16.9,0.185628,0.422039,0.285981,0.280224,0.055254,0.53231,0.0965,0.1,
0.37,5,7,70,70,70,336,336,6014.68,79.8,325.1,182.22,16.78,0.196182,0.437824,0.280591,0.273788,0.050791,0.52762,0.0963,0.1,
0.37,5,8,70,70,70,350,350,5385.87,98.2,340.1,206.21,16.53,0.185163,0.403341,0.284208,0.284296,0.050524,0.53105,0.097,0.1,
0.37,5,9,70,70,70,320,320,5800.41,79.8,310.3,179.26,16.64,0.150748,0.407954,0.282579,0.273292,0.050442,0.52945,0.0971,0.1,
0.37,5.5,0,70,70,70,361,361,5915.65,80.1,350.1,178.59,17.51,0.171746,0.51498,0.296749,0.293831,0.065934,0.54153,0.0964,0.1,
0.37,5.5,1,70,70,70,326,326,5453.07,84.7,315.1,180.07,16.6,0.164875,0.432007,0.270405,0.268187,0.053483,0.51748,0.0951,0.1,
0.37,5.5,2,70,70,70,398,398,5373.71,79.8,385.1,199.35,16.4,0.155167,0.474882,0.289563,0.285025,0.060831,0.53524,0.0967,0.1,
0.37,5.5,3,70,70,70,384,384,5469.73,79.8,370.1,199.17,16.36,0.157582,0.4646,0.284584,0.275962,0.057496,0.53088,0.0967,0.1,
0.37,5.5,4,70,70,70,390,390,6255.13,92.9,380.1,208.05,17.6,0.154587,0.401166,0.28703,0.291512,0.046208,0.53399,0.0961,0.1,
0.37,5.5,5,70,70,70,410,410,5378.63,87.6,400.1,210.64,16.48,0.169938,0.547027,0.291973,0.284781,0.060068,0.53771,0.0972,0.1,
0.37,5.5,6,70,70,70,365,365,5854.1,79.8,353,209.18,17.12,0.191688,0.410444,0.287873,0.283952,0.051623,0.53442,0.0967,0.1,
0.37,5.5,7,70,70,70,336,336,6014.68,79.8,325.1,186.74,16.72,0.180177,0.409824,0.277873,0.270314,0.0516,0.52492,0.0958,0.1,
0.37,5.5,8,70,70,70,418,418,5385.87,85.1,408.9,213.02,16.52,0.171055,0.42802,0.279712,0.274331,0.057474,0.52611,0.096,0.1,
0.37,5.5,9,70,70,70,412,412,5800.41,79.8,400.1,186.28,16.76,0.151155,0.402911,0.282947,0.278756,0.048969,0.5299,0.0969,0.1,
0.37,6,0,70,70,70,382,382,5915.65,80.1,370.1,190.04,17.48,0.170574,0.475025,0.290893,0.283379,0.063078,0.53628,0.0958,0.1,
0.37,6,1,70,70,70,367,367,5453.07,83.9,357.1,185.71,16.34,0.158415,0.485343,0.270947,0.266082,0.062525,0.51722,0.0947,0.1,
0.37,6,2,70,70,70,398,398,5373.71,80.5,385.1,209.02,16.55,0.187807,0.492418,0.288817,0.278283,0.063455,0.5344,0.0966,0.1,
0.37,6,3,70,70,70,384,384,5469.73,79.8,370.1,202.98,16.32,0.159885,0.468634,0.284993,0.276726,0.060499,0.53103,0.0967,0.1,
0.37,6,4,70,70,70,393,393,6255.13,96.3,382.2,215.34,17.67,0.160772,0.405841,0.284319,0.290843,0.048688,0.53122,0.0959,0.1,
0.37,6,5,70,70,70,415,415,5378.63,91.5,405.1,215.98,16.54,0.201553,0.557615,0.287503,0.280873,0.057974,0.53373,0.0967,0.1,
0.37,6,6,70,70,70,369,369,5854.1,79.8,356,214.41,17.25,0.176043,0.418744,0.285306,0.283152,0.058926,0.53131,0.0958,0.1,
0.37,6,7,70,70,70,341,341,6014.68,79.8,330.1,192.03,17.05,0.179608,0.421434,0.277894,0.273275,0.05589,0.52455,0.0955,0.1,
0.37,6,8,70,70,70,420,420,5385.87,85.1,410.1,219.15,16.62,0.142744,0.439769,0.278641,0.275661,0.057458,0.52506,0.0959,0.1,
0.37,6,9,70,70,70,412,412,5800.41,79.8,400.1,190.19,16.85,0.14309,0.408177,0.284289,0.279082,0.052213,0.53086,0.0969,0.1,
0.37,6.5,0,70,70,70,387,387,5915.65,79.8,375.1,195.73,17.5,0.168328,0.484974,0.287668,0.277639,0.06901,0.53265,0.0952,0.1,
0.37,6.5,1,70,70,70,376,376,5453.07,80,367,192.09,16.6,0.140734,0.493244,0.264445,0.26181,0.066001,0.51044,0.0934,0.1,
0.37,6.5,2,70,70,70,401,401,5373.71,84.1,388.6,216.71,16.66,0.165098,0.436385,0.283372,0.28366,0.057569,0.5296,0.0959,0.1,
0.37,6.5,3,70,70,70,388,388,5469.73,79.8,374.7,208.43,16.51,0.176008,0.4508,0.282779,0.278322,0.063459,0.52858,0.096,0.1,
0.37,6.5,4,70,70,70,408,408,6255.13,103.5,395.1,221.56,17.94,0.14819,0.410418,0.279877,0.282241,0.049606,0.5269,0.0952,0.1,
0.37,6.5,5,70,70,70,415,415,5378.63,95.2,405.1,223.76,16.86,0.187713,0.572236,0.285856,0.276427,0.06222,0.53179,0.0961,0.1,
0.37,6.5,6,70,70,70,448,448,5854.1,79.8,438.6,225.56,17.57,0.150769,0.422708,0.280736,0.272302,0.0595,0.52691,0.0954,0.1,
0.37,6.5,7,70,70,70,345,345,6014.68,79.8,334.2,199.66,17.12,0.172455,0.43088,0.275418,0.26969,0.057241,0.522,0.0954,0.1,
0.37,6.5,8,70,70,70,425,425,5385.87,88.8,415.1,222.83,16.93,0.136993,0.41814,0.275359,0.271329,0.06028,0.52158,0.0953,0.1,
0.37,6.5,9,70,70,70,412,412,5800.41,86.6,400.6,194.79,16.89,0.125267,0.413768,0.278663,0.27339,0.052449,0.52547,0.0959,0.1,
0.37,7,0,70,70,70,387,387,5915.65,80.1,375.1,196.88,17.69,0.164519,0.475468,0.286476,0.277629,0.068897,0.53151,0.0949,0.1,
0.37,7,1,70,70,70,440,440,5453.07,110.4,428.5,207,16.8,0.119228,0.4292,0.254655,0.256381,0.061669,0.50092,0.0921,0.1,
0.37,7,2,70,70,70,403,403,5373.71,87.6,390.1,223.92,16.85,0.129644,0.394657,0.273428,0.278579,0.060067,0.51968,0.0941,0.1,
0.37,7,3,70,70,70,389,389,5469.73,79.8,375.1,211.26,16.55,0.180419,0.448968,0.281956,0.281257,0.062811,0.52779,0.096,0.1,
0.37,7,4,70,70,70,413,413,6255.13,105.1,400.1,226.09,17.71,0.168346,0.397639,0.276885,0.278389,0.048292,0.52419,0.0948,0.1,
0.37,7,5,70,70,70,420,420,5378.63,96.7,410.1,230.91,16.72,0.186295,0.567083,0.281925,0.276432,0.06527,0.52775,0.0953,0.1,
0.37,7,6,70,70,70,451,451,5854.1,79.8,441.9,231.6,17.46,0.158769,0.436125,0.282967,0.279299,0.063751,0.52866,0.0955,0.1,
0.37,7,7,70,70,70,414,414,6014.68,79.8,400.1,205.23,16.91,0.151327,0.434206,0.275074,0.268227,0.060943,0.5213,0.0952,0.1,
0.37,7,8,70,70,70,441,441,5385.87,91.7,428.7,230.3,16.8,0.135256,0.406674,0.271064,0.269345,0.058982,0.51754,0.0946,0.1,
0.37,7,9,70,70,70,429,429,5800.41,79.8,417.9,201.38,16.81,0.123291,0.413657,0.272941,0.267197,0.055751,0.51962,0.095,0.1,
0.38,3,0,70,70,70,351,351,5915.65,79.8,340.1,154.05,16.73,0.223359,0.429637,0.300667,0.30264,0.047201,0.5467,0.0978,0.1,
0.38,3,1,70,70,70,306,306,5453.07,79.8,295.1,151.01,15.64,0.212577,0.403375,0.283165,0.277983,0.043053,0.53063,0.0973,0.1,
0.38,3,2,70,70,70,325,325,5373.71,79.8,315.1,159.07,15.49,0.17049,0.447317,0.292566,0.286155,0.052962,0.53875,0.0979,0.1,
0.38,3,3,70,70,70,304,304,5469.73,79.8,293.2,159.96,15.41,0.209188,0.431305,0.288856,0.281603,0.042943,0.53603,0.0979,0.1,
0.38,3,4,70,70,70,350,350,6255.13,79.8,340.1,164.89,16.54,0.144455,0.389369,0.295394,0.299373,0.04497,0.54185,0.0978,0.1,
0.38,3,5,70,70,70,305,305,5378.63,80.1,295.1,172.66,15.38,0.210943,0.490574,0.300572,0.29098,0.052911,0.54629,0.0988,0.1,
0.38,3,6,70,70,70,298,298,5854.1,79.8,285.1,167.8,16.07,0.185092,0.440537,0.292978,0.293691,0.049358,0.53938,0.0979,0.1,
0.38,3,7,70,70,70,308,308,6014.68,79.8,295.1,161.36,16,0.200431,0.421739,0.287616,0.283179,0.04577,0.53468,0.0975,0.1,
0.38,3,8,70,70,70,287,287,5385.87,79.8,275.1,171.47,15.42,0.207055,0.408577,0.29519,0.285921,0.04977,0.54144,0.0994,0.1,
0.38,3,9,70,70,70,291,291,5800.41,79.8,280.1,160.82,15.88,0.210043,0.39095,0.292133,0.289579,0.038288,0.53935,0.099,0.1,
0.38,3.5,0,70,70,70,355,355,5915.65,79.8,344.1,162.86,16.67,0.224043,0.448332,0.299393,0.295819,0.050319,0.54534,0.0976,0.1,
0.38,3.5,1,70,70,70,311,311,5453.07,79.8,300.1,159.57,15.64,0.183133,0.418846,0.284768,0.28423,0.048513,0.5317,0.0972,0.1,
0.38,3.5,2,70,70,70,330,330,5373.71,79.8,320.1,167.68,15.51,0.167965,0.450395,0.296266,0.292581,0.057067,0.54183,0.0981,0.1,
0.38,3.5,3,70,70,70,374,374,5469.73,79.8,360.5,174.13,15.76,0.218401,0.440935,0.290909,0.284743,0.045438,0.53781,0.0983,0.1,
0.38,3.5,4,70,70,70,374,374,6255.13,79.8,360.1,177.93,16.7,0.133021,0.395913,0.299584,0.303586,0.046914,0.54556,0.0982,0.1,
0.38,3.5,5,70,70,70,319,319,5378.63,80.7,309.4,183.55,15.73,0.208626,0.501614,0.298113,0.292852,0.053589,0.54396,0.0982,0.1,
0.38,3.5,6,70,70,70,313,313,5854.1,79.8,300.1,178.48,16.25,0.194926,0.447282,0.29376,0.287087,0.050339,0.54007,0.0979,0.1,
0.38,3.5,7,70,70,70,331,331,6014.68,79.8,320.1,170.74,16.19,0.20659,0.428512,0.290287,0.292125,0.047348,0.53704,0.0979,0.1,
0.38,3.5,8,70,70,70,334,334,5385.87,79.8,325.1,190.68,15.95,0.214233,0.410583,0.296562,0.289363,0.048126,0.54283,0.0993,0.1,
0.38,3.5,9,70,70,70,296,296,5800.41,79.8,285.1,167.92,16.01,0.200751,0.397481,0.288833,0.285746,0.04198,0.53604,0.0984,0.1,
0.38,4,0,70,70,70,356,356,5915.65,79.8,345.1,169.31,16.91,0.212182,0.472365,0.30001,0.293599,0.052895,0.54573,0.0974,0.1,
0.38,4,1,70,70,70,311,311,5453.07,79.8,300.1,163.48,15.74,0.180091,0.42624,0.281927,0.275451,0.050484,0.52886,0.0968,0.1,
0.38,4,2,70,70,70,338,338,5373.71,79.8,328.7,175.02,15.7,0.174754,0.4476,0.296247,0.291844,0.05732,0.54179,0.0982,0.1,
0.38,4,3,70,70,70,379,379,5469.73,79.8,365.1,186.02,15.62,0.197223,0.450087,0.289742,0.28279,0.047846,0.53653,0.0979,0.1,
0.38,4,4,70,70,70,374,374,6255.13,85.1,360.1,193.84,17.29,0.139694,0.401878,0.295539,0.295145,0.047438,0.54181,0.0978,0.1,
0.38,4,5,70,70,70,345,345,5378.63,81.8,335.1,192.6,15.96,0.200256,0.51623,0.298256,0.292781,0.053322,0.5441,0.0984,0.1,
0.38,4,6,70,70,70,318,318,5854.1,79.8,305.1,184.57,16.57,0.197294,0.480347,0.29339,0.285393,0.053258,0.53954,0.0977,0.1,
0.38,4,7,70,70,70,331,331,6014.68,79.8,320.4,175.61,16.55,0.188176,0.426102,0.286993,0.283083,0.050911,0.53369,0.0973,0.1,
0.38,4,8,70,70,70,345,345,5385.87,79.8,335.1,200.6,16.3,0.208294,0.403243,0.290919,0.285724,0.04759,0.5376,0.0982,0.1,
0.38,4,9,70,70,70,300,300,5800.41,79.8,289.2,175.08,16.29,0.175128,0.399876,0.285888,0.284916,0.046845,0.53287,0.0975,0.1,
0.38,4.5,0,70,70,70,361,361,5915.65,79.8,350.1,171.67,17.05,0.184971,0.488931,0.300219,0.292326,0.056577,0.54562,0.0973,0.1,
0.38,4.5,1,70,70,70,326,326,5453.07,79.8,315.1,174.97,16.16,0.192841,0.425887,0.277105,0.271654,0.049804,0.52433,0.0964,0.1,
0.38,4.5,2,70,70,70,375,375,5373.71,79.8,365.1,189.67,16.02,0.133616,0.455925,0.294894,0.288502,0.059689,0.54029,0.0978,0.1,
0.38,4.5,3,70,70,70,380,380,5469.73,82.3,366.7,194.45,16.02,0.18139,0.45846,0.284912,0.280846,0.053731,0.53152,0.0969,0.1,
0.38,4.5,4,70,70,70,388,388,6255.13,85.1,378.2,202.48,17.58,0.190498,0.406306,0.294773,0.297411,0.045759,0.54128,0.0975,0.1,
0.38,4.5,5,70,70,70,410,410,5378.63,83,400.1,207.82,16.42,0.171346,0.529618,0.29289,0.283454,0.057372,0.53879,0.0977,0.1,
0.38,4.5,6,70,70,70,323,323,5854.1,79.8,310.1,192.26,16.86,0.187584,0.433699,0.290324,0.288122,0.053606,0.53657,0.0969,0.1,
0.38,4.5,7,70,70,70,336,336,6014.68,79.8,325.1,182.7,16.81,0.193612,0.402625,0.284491,0.289705,0.049311,0.53142,0.097,0.1,
0.38,4.5,8,70,70,70,345,345,5385.87,97.3,335.4,205.84,16.54,0.197956,0.40027,0.288596,0.288992,0.046897,0.53545,0.0978,0.1,
0.38,4.5,9,70,70,70,324,324,5800.41,79.8,314.7,182.75,16.53,0.169425,0.39367,0.284828,0.27608,0.049761,0.53165,0.0972,0.1,
0.38,5,0,70,70,70,361,361,5915.65,81.9,350.1,180.63,17.36,0.174184,0.442028,0.297937,0.294428,0.059297,0.5432,0.0967,0.1,
0.38,5,1,70,70,70,326,326,5453.07,81.4,315.1,179.95,16.33,0.188622,0.424285,0.277987,0.273254,0.048386,0.52526,0.0966,0.1,
0.38,5,2,70,70,70,398,398,5373.71,79.8,385.1,200.34,16.38,0.143053,0.477906,0.291814,0.28583,0.06101,0.53734,0.0971,0.1,
0.38,5,3,70,70,70,384,384,5469.73,79.8,370.1,206.77,16.45,0.168368,0.465165,0.283302,0.272993,0.056308,0.52981,0.0964,0.1,
0.38,5,4,70,70,70,390,390,6255.13,85.1,380.1,209.14,17.29,0.155828,0.38634,0.293672,0.295792,0.047474,0.54009,0.0971,0.1,
0.38,5,5,70,70,70,410,410,5378.63,95.1,400.1,217.58,16.47,0.176625,0.53665,0.288132,0.282714,0.058387,0.53426,0.097,0.1,
0.38,5,6,70,70,70,364,364,5854.1,79.8,350.1,203.57,16.79,0.193135,0.438297,0.287789,0.277509,0.054805,0.53411,0.0968,0.1,
0.38,5,7,70,70,70,336,336,6014.68,79.8,326,186.72,16.59,0.18189,0.415128,0.28187,0.272335,0.051464,0.52876,0.0964,0.1,
0.38,5,8,70,70,70,415,415,5385.87,98.6,405.1,214.42,16.47,0.177208,0.391155,0.28492,0.275494,0.052752,0.53151,0.097,0.1,
0.38,5,9,70,70,70,412,412,5800.41,79.8,400.1,193.81,16.57,0.157824,0.413934,0.286516,0.28322,0.049429,0.53328,0.0974,0.1,
0.38,5.5,0,70,70,70,377,377,5915.65,80.1,365.1,187.57,17.2,0.179878,0.475168,0.295785,0.28798,0.061444,0.541,0.0966,0.1,
0.38,5.5,1,70,70,70,327,327,5453.07,85.2,316.3,186.59,16.09,0.173011,0.420431,0.272529,0.269042,0.052545,0.51965,0.0956,0.1,
0.38,5.5,2,70,70,70,398,398,5373.71,79.8,385.1,208.64,16.22,0.161268,0.47032,0.289053,0.279882,0.058939,0.53493,0.097,0.1,
0.38,5.5,3,70,70,70,384,384,5469.73,79.8,370.1,210.02,16.15,0.167259,0.471512,0.286199,0.276362,0.059655,0.53225,0.0967,0.1,
0.38,5.5,4,70,70,70,392,392,6255.13,93.2,382.7,213.25,17.62,0.160033,0.38461,0.288856,0.29517,0.048716,0.53547,0.0964,0.1,
0.38,5.5,5,70,70,70,410,410,5378.63,88,400.1,221.92,16.6,0.204214,0.539573,0.292476,0.2786,0.057451,0.53847,0.0975,0.1,
0.38,5.5,6,70,70,70,369,369,5854.1,79.8,355.1,216.32,17.13,0.190143,0.428279,0.289514,0.279409,0.0553,0.53569,0.0969,0.1,
0.38,5.5,7,70,70,70,342,342,6014.68,79.8,330.1,193.8,16.79,0.187829,0.43005,0.281181,0.27985,0.053404,0.52793,0.0961,0.1,
0.38,5.5,8,70,70,70,420,420,5385.87,86.2,410.1,221.08,16.7,0.175005,0.440553,0.284007,0.282259,0.05645,0.53034,0.0968,0.1,
0.38,5.5,9,70,70,70,412,412,5800.41,79.8,400.1,197.72,16.89,0.158379,0.418867,0.285218,0.282053,0.051702,0.53183,0.097,0.1,
0.38,6,0,70,70,70,387,387,5915.65,80.1,375.1,196.06,17.51,0.171935,0.484388,0.291884,0.282461,0.065261,0.53706,0.096,0.1,
0.38,6,1,70,70,70,373,373,5453.07,92.8,363.2,192.7,16.42,0.169279,0.414955,0.270158,0.267439,0.056006,0.51702,0.0952,0.1,
0.38,6,2,70,70,70,399,399,5373.71,80.9,386.8,216.33,16.49,0.188774,0.472472,0.290027,0.285939,0.059574,0.53582,0.097,0.1,
0.38,6,3,70,70,70,389,389,5469.73,79.8,375.1,210.98,16.41,0.169149,0.47828,0.287423,0.278566,0.062493,0.53317,0.0967,0.1,
0.38,6,4,70,70,70,413,413,6255.13,99.1,400.1,225.6,17.57,0.166538,0.393718,0.285421,0.290436,0.051974,0.53195,0.0961,0.1,
0.38,6,5,70,70,70,415,415,5378.63,93,405.1,231.54,16.48,0.197131,0.567351,0.287947,0.281903,0.058179,0.53417,0.0969,0.1,
0.38,6,6,70,70,70,440,440,5854.1,79.8,430.1,231.73,17.17,0.183081,0.434429,0.286831,0.277277,0.059012,0.53279,0.0964,0.1,
0.38,6,7,70,70,70,346,346,6014.68,79.8,335.1,199.73,16.67,0.178413,0.442419,0.280891,0.283359,0.056951,0.52734,0.0962,0.1,
0.38,6,8,70,70,70,425,425,5385.87,86.8,415.1,231.5,16.61,0.148724,0.446888,0.280012,0.276952,0.062203,0.52592,0.0958,0.1,
0.38,6,9,70,70,70,415,415,5800.41,79.8,403.1,200.05,16.7,0.148246,0.412103,0.281994,0.278837,0.053525,0.52862,0.0966,0.1,
0.38,6.5,0,70,70,70,387,387,5915.65,80.1,375.1,199.91,17.28,0.173715,0.491723,0.289528,0.281851,0.069856,0.53439,0.0954,0.1,
0.38,6.5,1,70,70,70,436,436,5453.07,80.3,425,201.98,16.4,0.113636,0.44658,0.261475,0.265148,0.06027,0.50791,0.0932,0.1,
0.38,6.5,2,70,70,70,403,403,5373.71,84.5,390.1,222.79,16.31,0.134835,0.414113,0.281657,0.284349,0.06019,0.5276,0.0956,0.1,
0.38,6.5,3,70,70,70,423,423,5469.73,79.8,410.1,215.89,16.26,0.1837,0.46717,0.285229,0.277918,0.066232,0.53072,0.0963,0.1,
0.38,6.5,4,70,70,70,414,414,6255.13,103.9,401.9,231.15,17.46,0.164076,0.390535,0.282043,0.290748,0.050021,0.52889,0.0955,0.1,
0.38,6.5,5,70,70,70,420,420,5378.63,95.5,410.1,236.71,16.47,0.192708,0.577818,0.282771,0.272327,0.062809,0.52884,0.0957,0.1,
0.38,6.5,6,70,70,70,449,449,5854.1,79.8,439.5,238.16,17.12,0.157004,0.425198,0.283944,0.273915,0.061713,0.52977,0.0959,0.1,
0.38,6.5,7,70,70,70,414,414,6014.68,79.8,400.1,211.86,16.7,0.177285,0.447827,0.277781,0.27533,0.057479,0.52428,0.0956,0.1,
0.38,6.5,8,70,70,70,425,425,5385.87,89.2,415.1,236.01,16.54,0.141984,0.435486,0.275282,0.268602,0.061753,0.52142,0.0952,0.1,
0.38,6.5,9,70,70,70,417,417,5800.41,87,405.1,206.27,16.61,0.130153,0.41175,0.27354,0.26857,0.056133,0.52022,0.0952,0.1,
0.38,7,0,70,70,70,392,392,5915.65,80.7,380.1,201.68,17.19,0.170849,0.470574,0.29088,0.279025,0.069519,0.53566,0.0956,0.1,
0.38,7,1,70,70,70,441,441,5453.07,110.8,429.5,212.8,16.41,0.12424,0.450098,0.263949,0.26355,0.061812,0.51023,0.094,0.1,
0.38,7,2,70,70,70,403,403,5373.71,88.4,390.1,228.51,16.34,0.135356,0.386507,0.274797,0.275883,0.05845,0.5212,0.0942,0.1,
0.38,7,3,70,70,70,508,508,5469.73,79.8,495.1,226.43,16.36,0.188519,0.456743,0.284306,0.278652,0.065296,0.52985,0.0961,0.1,
0.38,7,4,70,70,70,476,476,6255.13,105.1,465.1,238.23,17.83,0.175496,0.386476,0.280628,0.284251,0.048565,0.52772,0.0955,0.1,
0.38,7,5,70,70,70,420,420,5378.63,97.1,410.1,239.7,16.75,0.186875,0.589933,0.278158,0.263971,0.06513,0.52422,0.0949,0.1,
0.38,7,6,70,70,70,460,460,5854.1,79.8,450.1,248.98,17.45,0.167185,0.442281,0.280755,0.26773,0.063764,0.52659,0.0953,0.1,
0.38,7,7,70,70,70,419,419,6014.68,79.8,405.1,216.36,16.94,0.154358,0.442153,0.273655,0.26927,0.060431,0.51999,0.0948,0.1,
0.38,7,8,70,70,70,538,538,5385.87,92,525.1,238.87,16.74,0.139757,0.408913,0.27157,0.270135,0.058234,0.51813,0.0948,0.1,
0.38,7,9,70,70,70,430,430,5800.41,79.8,418.9,212.87,16.83,0.127671,0.418258,0.270342,0.26884,0.059552,0.51672,0.0947,0.1,
0.39,3,0,70,70,70,351,351,5915.65,79.8,340.1,160.75,16.72,0.230798,0.440342,0.299675,0.296183,0.047114,0.54581,0.0977,0.1,
0.39,3,1,70,70,70,311,311,5453.07,79.8,300.1,157.07,15.5,0.193433,0.376254,0.283599,0.282902,0.042685,0.53103,0.0974,0.1,
0.39,3,2,70,70,70,330,330,5373.71,79.8,320.1,163.59,15.4,0.178134,0.439437,0.296458,0.293971,0.054485,0.54223,0.0983,0.1,
0.39,3,3,70,70,70,326,326,5469.73,79.8,315.6,163.2,15.35,0.219658,0.424966,0.293302,0.282608,0.042774,0.5402,0.0986,0.1,
0.39,3,4,70,70,70,350,350,6255.13,86.8,340.4,173.54,16.45,0.149499,0.391691,0.297701,0.30075,0.044437,0.54404,0.0983,0.1,
0.39,3,5,70,70,70,306,306,5378.63,80.7,296.6,178.37,15.34,0.212286,0.510938,0.301088,0.293723,0.053323,0.54678,0.0988,0.1,
0.39,3,6,70,70,70,312,312,5854.1,79.8,299.7,174.99,16.09,0.18237,0.445918,0.293155,0.290586,0.049643,0.53954,0.0979,0.1,
0.39,3,7,70,70,70,313,313,6014.68,79.8,300.1,165.98,16.02,0.198231,0.422299,0.290043,0.289894,0.04531,0.53697,0.0979,0.1,
0.39,3,8,70,70,70,312,312,5385.87,79.8,300.1,185.96,15.75,0.21111,0.404483,0.292499,0.282055,0.046676,0.53917,0.099,0.1,
0.39,3,9,70,70,70,296,296,5800.41,79.8,285.1,167.18,15.87,0.211933,0.379336,0.289326,0.286505,0.039175,0.53667,0.0986,0.1,
0.39,3.5,0,70,70,70,356,356,5915.65,79.8,345.1,165.08,16.6,0.217473,0.469993,0.30009,0.293564,0.052221,0.54585,0.0975,0.1,
0.39,3.5,1,70,70,70,311,311,5453.07,79.8,300.1,162.34,15.54,0.190514,0.387739,0.282846,0.280416,0.045862,0.53008,0.097,0.1,
0.39,3.5,2,70,70,70,335,335,5373.71,79.8,325.6,175.61,15.37,0.175245,0.44486,0.295584,0.290313,0.057094,0.54122,0.0982,0.1,
0.39,3.5,3,70,70,70,379,379,5469.73,79.8,365.1,182.39,15.62,0.203133,0.4313,0.288706,0.281769,0.043267,0.53586,0.0981,0.1,
0.39,3.5,4,70,70,70,375,375,6255.13,87.8,361.2,191.36,16.71,0.137663,0.398383,0.296886,0.299784,0.047202,0.54308,0.0981,0.1,
0.39,3.5,5,70,70,70,345,345,5378.63,82.9,335.1,190.16,15.76,0.220018,0.510039,0.299586,0.291071,0.054291,0.5453,0.0985,0.1,
0.39,3.5,6,70,70,70,317,317,5854.1,79.8,304.6,183.63,16.17,0.198697,0.488777,0.295917,0.289559,0.052361,0.54196,0.0981,0.1,
0.39,3.5,7,70,70,70,331,331,6014.68,79.8,320.1,176.01,16.15,0.204701,0.429059,0.287712,0.28414,0.048476,0.53456,0.0975,0.1,
0.39,3.5,8,70,70,70,344,344,5385.87,79.8,335.1,199.87,15.96,0.191107,0.406862,0.293107,0.285414,0.04677,0.5397,0.0986,0.1,
0.39,3.5,9,70,70,70,296,296,5800.41,79.8,285.1,175.91,16.06,0.205024,0.383795,0.288694,0.282425,0.041373,0.53595,0.0982,0.1,
0.39,4,0,70,70,70,359,359,5915.65,79.8,348.9,173.6,16.68,0.219577,0.482692,0.30145,0.290989,0.054217,0.54697,0.0976,0.1,
0.39,4,1,70,70,70,326,326,5453.07,79.8,315.1,169.91,15.7,0.187088,0.393556,0.282313,0.278634,0.049968,0.52926,0.0971,0.1,
0.39,4,2,70,70,70,340,340,5373.71,79.8,330.1,183.83,15.69,0.132657,0.451258,0.298099,0.293669,0.060457,0.54318,0.0982,0.1,
0.39,4,3,70,70,70,379,379,5469.73,79.8,365.1,194.17,15.66,0.189965,0.434909,0.288243,0.284257,0.04612,0.53523,0.0978,0.1,
0.39,4,4,70,70,70,379,379,6255.13,86.9,365.1,201.24,17.05,0.145144,0.402535,0.29553,0.296527,0.047672,0.54179,0.0975,0.1,
0.39,4,5,70,70,70,410,410,5378.63,83.9,400.1,210.13,15.91,0.17481,0.524931,0.293966,0.289316,0.056081,0.53988,0.0978,0.1,
0.39,4,6,70,70,70,323,323,5854.1,79.8,310.1,190.68,16.22,0.188782,0.435543,0.294414,0.288797,0.052071,0.54055,0.0979,0.1,
0.39,4,7,70,70,70,336,336,6014.68,79.8,325.1,181.83,16.23,0.196877,0.42219,0.291124,0.282923,0.049914,0.53763,0.0979,0.1,
0.39,4,8,70,70,70,345,345,5385.87,79.8,335.1,206.27,16.02,0.192382,0.419479,0.29254,0.289395,0.047168,0.53914,0.0984,0.1,
0.39,4,9,70,70,70,325,325,5800.41,79.8,315.1,186.35,16.09,0.18193,0.399326,0.284109,0.28251,0.04354,0.53145,0.0972,0.1,
0.39,4.5,0,70,70,70,361,361,5915.65,79.8,350.1,179.57,16.84,0.191209,0.484831,0.300437,0.289601,0.056212,0.54588,0.0974,0.1,
0.39,4.5,1,70,70,70,326,326,5453.07,79.8,315.1,179.62,15.85,0.189799,0.395165,0.279154,0.276177,0.04817,0.5264,0.0966,0.1,
0.39,4.5,2,70,70,70,380,380,5373.71,79.8,370.1,198.83,15.75,0.139405,0.477236,0.295563,0.285702,0.062774,0.54069,0.0976,0.1,
0.39,4.5,3,70,70,70,384,384,5469.73,86.8,370.1,204.85,15.88,0.188479,0.466852,0.285792,0.276272,0.051648,0.53253,0.0973,0.1,
0.39,4.5,4,70,70,70,390,390,6255.13,85.3,380.1,207.81,17.16,0.196892,0.411895,0.298699,0.301714,0.047857,0.54478,0.0979,0.1,
0.39,4.5,5,70,70,70,410,410,5378.63,84.6,400.1,217.36,16.18,0.175917,0.539889,0.294215,0.29011,0.055097,0.54023,0.098,0.1,
0.39,4.5,6,70,70,70,346,346,5854.1,79.8,335.1,199.7,16.63,0.195344,0.450314,0.290729,0.28119,0.05409,0.53694,0.0972,0.1,
0.39,4.5,7,70,70,70,341,341,6014.68,79.8,328.7,187.52,16.26,0.181006,0.419859,0.288313,0.280484,0.052913,0.53474,0.0974,0.1,
0.39,4.5,8,70,70,70,350,350,5385.87,97.7,340.1,214.88,16.08,0.201139,0.387507,0.289241,0.283698,0.048538,0.53594,0.0978,0.1,
0.39,4.5,9,70,70,70,412,412,5800.41,79.8,400.1,193.19,16.31,0.176379,0.4032,0.287275,0.283056,0.048317,0.53409,0.0975,0.1,
0.39,5,0,70,70,70,366,366,5915.65,83.8,355.1,185.55,16.85,0.181336,0.459541,0.300026,0.291373,0.060413,0.54507,0.097,0.1,
0.39,5,1,70,70,70,331,331,5453.07,81.6,320.1,187.25,16.03,0.179382,0.444492,0.278221,0.27528,0.051652,0.52521,0.0964,0.1,
0.39,5,2,70,70,70,398,398,5373.71,79.8,385.1,207.34,15.87,0.148471,0.46881,0.291293,0.285974,0.056349,0.53724,0.0975,0.1,
0.39,5,3,70,70,70,384,384,5469.73,79.8,370.1,212.82,15.93,0.160556,0.473456,0.287887,0.278684,0.057228,0.53406,0.0971,0.1,
0.39,5,4,70,70,70,390,390,6255.13,85.1,380.8,215.53,17.36,0.161029,0.399843,0.294568,0.296819,0.049703,0.54078,0.0971,0.1,
0.39,5,5,70,70,70,410,410,5378.63,95.3,400.1,225.88,16.34,0.185259,0.553005,0.290169,0.27665,0.05531,0.53647,0.0976,0.1,
0.39,5,6,70,70,70,440,440,5854.1,79.8,430.1,219.1,16.87,0.189816,0.454991,0.289958,0.283965,0.055844,0.53607,0.097,0.1,
0.39,5,7,70,70,70,343,343,6014.68,79.8,333,193.68,16.59,0.190439,0.43507,0.289149,0.28277,0.052835,0.53555,0.0974,0.1,
0.39,5,8,70,70,70,420,420,5385.87,98.9,410.1,226.11,16.48,0.183886,0.389103,0.286256,0.283538,0.050407,0.53297,0.0973,0.1,
0.39,5,9,70,70,70,412,412,5800.41,79.8,400.1,201,16.52,0.164274,0.417879,0.286921,0.284476,0.047614,0.53381,0.0976,0.1,
0.39,5.5,0,70,70,70,382,382,5915.65,81.8,370.1,193.68,17.16,0.198788,0.457505,0.296591,0.292929,0.060101,0.54191,0.0969,0.1,
0.39,5.5,1,70,70,70,364,364,5453.07,85.7,354.8,195.12,16.31,0.168121,0.440203,0.27402,0.270607,0.052846,0.52107,0.0958,0.1,
0.39,5.5,2,70,70,70,398,398,5373.71,79.8,385.1,213.09,16.24,0.167298,0.476651,0.292002,0.285258,0.058812,0.53776,0.0975,0.1,
0.39,5.5,3,70,70,70,389,389,5469.73,79.8,375.1,216.24,16.16,0.17446,0.480318,0.291123,0.279158,0.061016,0.5368,0.0975,0.1,
0.39,5.5,4,70,70,70,413,413,6255.13,93.5,400.1,227.02,17.53,0.165448,0.402852,0.290177,0.290187,0.05262,0.53639,0.0966,0.1,
0.39,5.5,5,70,70,70,415,415,5378.63,88.3,405.1,233.12,16.49,0.201667,0.563491,0.291761,0.285467,0.055954,0.53794,0.0976,0.1,
0.39,5.5,6,70,70,70,440,440,5854.1,79.8,430.1,233.32,17.24,0.185037,0.442438,0.291251,0.280037,0.057111,0.53718,0.0972,0.1,
0.39,5.5,7,70,70,70,347,347,6014.68,79.8,335.1,200.16,16.49,0.18225,0.446913,0.284683,0.275854,0.055409,0.53112,0.0966,0.1,
0.39,5.5,8,70,70,70,425,425,5385.87,106.9,415.1,233.9,16.57,0.181935,0.394893,0.281877,0.280065,0.053553,0.52854,0.0965,0.1,
0.39,5.5,9,70,70,70,415,415,5800.41,79.8,403.8,205.03,16.73,0.151275,0.422356,0.286585,0.282046,0.053852,0.53298,0.0975,0.1,
0.39,6,0,70,70,70,387,387,5915.65,81.4,375.1,201.24,17.29,0.178387,0.492999,0.292658,0.284395,0.066543,0.53765,0.0959,0.1,
0.39,6,1,70,70,70,401,401,5453.07,93.2,388.8,203.86,16.26,0.116826,0.434472,0.268219,0.265944,0.057595,0.51485,0.0946,0.1,
0.39,6,2,70,70,70,403,403,5373.71,81.3,390.1,221.66,16.34,0.167179,0.482528,0.289174,0.280578,0.062441,0.53477,0.0968,0.1,
0.39,6,3,70,70,70,423,423,5469.73,79.8,410.1,224.11,16.36,0.18063,0.486845,0.286493,0.277294,0.060378,0.53252,0.0968,0.1,
0.39,6,4,70,70,70,428,428,6255.13,99.7,415.1,232.44,17.67,0.164376,0.406155,0.287933,0.299036,0.050985,0.53439,0.0965,0.1,
0.39,6,5,70,70,70,415,415,5378.63,93.5,405.1,238.23,16.53,0.193753,0.576173,0.287169,0.278228,0.060374,0.53327,0.0967,0.1,
0.39,6,6,70,70,70,440,440,5854.1,79.8,430.1,240.86,17.16,0.161908,0.450445,0.288234,0.281509,0.062136,0.53382,0.0965,0.1,
0.39,6,7,70,70,70,414,414,6014.68,79.8,400.1,210.7,16.82,0.181152,0.454622,0.282698,0.281347,0.05699,0.52905,0.0965,0.1,
0.39,6,8,70,70,70,425,425,5385.87,88.7,415.1,237.33,16.65,0.154583,0.450312,0.28034,0.275992,0.059352,0.52655,0.096,0.1,
0.39,6,9,70,70,70,417,417,5800.41,79.8,405.1,209.82,16.64,0.141635,0.427157,0.282939,0.280331,0.05605,0.5293,0.0968,0.1,
0.39,6.5,0,70,70,70,387,387,5915.65,80.8,375.1,204.34,17.28,0.182493,0.493181,0.292258,0.289035,0.068172,0.53712,0.096,0.1,
0.39,6.5,1,70,70,70,437,437,5453.07,94.7,425.9,211.93,16.39,0.129692,0.427764,0.265296,0.265395,0.05927,0.51186,0.0941,0.1,
0.39,6.5,2,70,70,70,431,431,5373.71,91.3,420.1,233.03,16.57,0.140782,0.426622,0.282358,0.277392,0.059472,0.52842,0.0954,0.1,
0.39,6.5,3,70,70,70,456,456,5469.73,79.8,443.3,230.97,16.35,0.192252,0.483494,0.286025,0.274159,0.063964,0.53179,0.0963,0.1,
0.39,6.5,4,70,70,70,476,476,6255.13,104.3,465.1,241.22,17.78,0.176644,0.409926,0.28351,0.294155,0.048072,0.5305,0.0958,0.1,
0.39,6.5,5,70,70,70,420,420,5378.63,95.8,410.1,246.5,16.79,0.203769,0.577791,0.283371,0.266076,0.063639,0.52939,0.0959,0.1,
0.39,6.5,6,70,70,70,486,486,5854.1,79.8,475.1,247.57,17.47,0.169882,0.442391,0.286185,0.276358,0.061106,0.53209,0.0963,0.1,
0.39,6.5,7,70,70,70,419,419,6014.68,79.8,405.1,216.75,16.91,0.181038,0.4624,0.281832,0.279177,0.05817,0.52809,0.0962,0.1,
0.39,6.5,8,70,70,70,538,538,5385.87,89.5,525.1,248.08,16.99,0.147026,0.454548,0.279335,0.276376,0.058733,0.52565,0.0959,0.1,
0.39,6.5,9,70,70,70,426,426,5800.41,87.3,414.4,215.98,16.77,0.131905,0.426619,0.274856,0.270364,0.056805,0.52143,0.0956,0.1,
0.39,7,0,70,70,70,456,456,5915.65,81,445.1,209.48,17.54,0.177006,0.501971,0.289876,0.283766,0.069937,0.53475,0.0955,0.1,
0.39,7,1,70,70,70,442,442,5453.07,112.6,430.5,225.53,16.77,0.163588,0.456851,0.26225,0.263045,0.054673,0.50937,0.0938,0.1,
0.39,7,2,70,70,70,431,431,5373.71,88.9,420.1,236.55,16.61,0.150416,0.405187,0.279372,0.274775,0.057514,0.52579,0.0949,0.1,
0.39,7,3,70,70,70,508,508,5469.73,79.8,495.1,239.6,16.65,0.166826,0.471206,0.28297,0.273698,0.065575,0.52859,0.0957,0.1,
0.39,7,4,70,70,70,476,476,6255.13,107.2,465.1,248.75,17.88,0.182564,0.381192,0.279161,0.286285,0.048027,0.52639,0.0952,0.1,
0.39,7,5,70,70,70,420,420,5378.63,98.5,410.1,255.87,16.72,0.194407,0.574426,0.278226,0.267598,0.061594,0.52463,0.0952,0.1,
0.39,7,6,70,70,70,486,486,5854.1,79.8,475.1,254.56,17.41,0.175812,0.456782,0.286309,0.275464,0.063518,0.53193,0.096,0.1,
0.39,7,7,70,70,70,424,424,6014.68,79.8,410.1,224.9,16.94,0.157908,0.459286,0.277536,0.270967,0.06277,0.52352,0.0952,0.1,
0.39,7,8,70,70,70,543,543,5385.87,92.3,530.1,252.54,16.92,0.144327,0.429669,0.273651,0.267761,0.059395,0.52008,0.095,0.1,
0.39,7,9,70,70,70,432,432,5800.41,90.3,421,219.66,16.83,0.132222,0.421131,0.272229,0.270875,0.05898,0.51861,0.0951,0.1,
0.4,3,0,70,70,70,353,353,5915.65,79.8,342.5,164.37,16.59,0.221287,0.460735,0.301107,0.296536,0.049418,0.54697,0.0978,0.1,
0.4,3,1,70,70,70,311,311,5453.07,79.8,300.1,159.96,15.41,0.201752,0.392868,0.285087,0.284885,0.042524,0.53245,0.0975,0.1,
0.4,3,2,70,70,70,330,330,5373.71,79.8,320.1,170.86,15.4,0.174199,0.445497,0.297825,0.295262,0.057249,0.54327,0.0984,0.1,
0.4,3,3,70,70,70,374,374,5469.73,79.8,360.1,174.62,15.47,0.218508,0.441831,0.289926,0.283131,0.043601,0.53702,0.0983,0.1,
0.4,3,4,70,70,70,374,374,6255.13,89.8,360.2,183.66,16.55,0.154984,0.393412,0.297434,0.299629,0.04466,0.54379,0.0984,0.1,
0.4,3,5,70,70,70,345,345,5378.63,82.8,335.1,188.79,15.43,0.215103,0.532869,0.30103,0.292995,0.055524,0.54659,0.0987,0.1,
0.4,3,6,70,70,70,313,313,5854.1,79.8,300.1,180.49,16.07,0.186092,0.459185,0.294395,0.289219,0.049782,0.54069,0.0981,0.1,
0.4,3,7,70,70,70,331,331,6014.68,79.8,320.1,171.49,15.92,0.206186,0.424757,0.292792,0.292586,0.046697,0.53943,0.0984,0.1,
0.4,3,8,70,70,70,341,341,5385.87,79.8,332.4,193.89,15.75,0.209336,0.407471,0.293769,0.291872,0.046576,0.54034,0.099,0.1,
0.4,3,9,70,70,70,296,296,5800.41,79.8,285.1,173.94,15.76,0.199733,0.388549,0.292366,0.288222,0.042018,0.53932,0.0988,0.1,
0.4,3.5,0,70,70,70,356,356,5915.65,79.8,345.1,172.21,16.58,0.224896,0.476536,0.301111,0.292535,0.050763,0.5469,0.0976,0.1,
0.4,3.5,1,70,70,70,311,311,5453.07,79.8,300.1,167.82,15.51,0.193002,0.404941,0.284168,0.282459,0.047368,0.53122,0.0973,0.1,
0.4,3.5,2,70,70,70,340,340,5373.71,79.8,330.1,181.96,15.47,0.154987,0.4541,0.297332,0.289635,0.059362,0.54264,0.0984,0.1,
0.4,3.5,3,70,70,70,379,379,5469.73,79.8,365.1,193.81,15.66,0.21181,0.448615,0.291486,0.286764,0.045587,0.53833,0.0983,0.1,
0.4,3.5,4,70,70,70,379,379,6255.13,89,365.1,198.22,16.7,0.141803,0.401602,0.30073,0.306053,0.047633,0.54657,0.0984,0.1,
0.4,3.5,5,70,70,70,405,405,5378.63,84.5,395.1,202.3,16.13,0.177451,0.509034,0.301023,0.295352,0.055931,0.5465,0.0987,0.1,
0.4,3.5,6,70,70,70,318,318,5854.1,79.8,305.1,189.16,16.24,0.199019,0.476016,0.295012,0.293258,0.051388,0.54119,0.098,0.1,
0.4,3.5,7,70,70,70,333,333,6014.68,79.8,322.2,180.29,16.15,0.192634,0.435505,0.292002,0.291844,0.049863,0.53845,0.0981,0.1,
0.4,3.5,8,70,70,70,345,345,5385.87,79.8,335.1,204.74,15.94,0.199875,0.422788,0.293222,0.286247,0.050726,0.53953,0.0983,0.1,
0.4,3.5,9,70,70,70,300,300,5800.41,79.8,289.8,183.52,16.03,0.197868,0.395239,0.289832,0.284897,0.043312,0.53687,0.0982,0.1,
0.4,4,0,70,70,70,361,361,5915.65,79.8,350.1,180.73,16.87,0.200479,0.469566,0.301914,0.294884,0.05241,0.54751,0.0977,0.1,
0.4,4,1,70,70,70,326,326,5453.07,79.8,315.1,178.28,15.73,0.192289,0.411094,0.283748,0.279601,0.04913,0.53069,0.0972,0.1,
0.4,4,2,70,70,70,344,344,5373.71,79.8,334.7,193.18,15.75,0.137693,0.471391,0.29509,0.288914,0.063631,0.54013,0.0976,0.1,
0.4,4,3,70,70,70,384,384,5469.73,79.8,370.1,202.36,15.78,0.197466,0.452586,0.286923,0.281052,0.050045,0.5337,0.0977,0.1,
0.4,4,4,70,70,70,390,390,6255.13,88.3,380.1,207.3,17.11,0.152028,0.407582,0.30143,0.300314,0.048513,0.54719,0.0983,0.1,
0.4,4,5,70,70,70,410,410,5378.63,85.1,400.1,214.77,16.26,0.186596,0.522143,0.292762,0.283414,0.052574,0.53906,0.0979,0.1,
0.4,4,6,70,70,70,363,363,5854.1,79.8,353.6,200.86,16.48,0.197986,0.462528,0.292917,0.290528,0.051912,0.5392,0.0975,0.1,
0.4,4,7,70,70,70,343,343,6014.68,79.8,330.1,187.3,16.33,0.199761,0.437622,0.291475,0.286509,0.052982,0.53774,0.0977,0.1,
0.4,4,8,70,70,70,349,349,5385.87,80,340.1,213.99,16.19,0.201404,0.434805,0.29317,0.288744,0.050129,0.53953,0.0984,0.1,
0.4,4,9,70,70,70,412,412,5800.41,79.8,400.1,193.26,16.42,0.189554,0.396409,0.28702,0.282141,0.04371,0.5342,0.0976,0.1,
0.4,4.5,0,70,70,70,366,366,5915.65,79.8,355.1,188.97,16.98,0.197544,0.470892,0.301042,0.295045,0.054484,0.54655,0.0976,0.1,
0.4,4.5,1,70,70,70,331,331,5453.07,79.8,320.1,185.67,15.94,0.188377,0.412821,0.282244,0.280782,0.050631,0.52915,0.0969,0.1,
0.4,4.5,2,70,70,70,380,380,5373.71,79.8,370.1,204.01,15.83,0.145049,0.465127,0.294879,0.289702,0.058056,0.54044,0.0978,0.1,
0.4,4.5,3,70,70,70,384,384,5469.73,87,370.1,213.25,16,0.195338,0.454443,0.284581,0.275412,0.052485,0.53132,0.0973,0.1,
0.4,4.5,4,70,70,70,390,390,6255.13,87.4,380.1,213.61,17.42,0.164804,0.413488,0.298298,0.297676,0.050169,0.54419,0.0977,0.1,
0.4,4.5,5,70,70,70,410,410,5378.63,93.3,400.1,224.87,16.4,0.183459,0.529461,0.291008,0.287322,0.052176,0.53746,0.0977,0.1,
0.4,4.5,6,70,70,70,440,440,5854.1,79.8,430.1,218.92,16.95,0.192634,0.467245,0.29304,0.286282,0.05442,0.53911,0.0975,0.1,
0.4,4.5,7,70,70,70,346,346,6014.68,79.8,333.5,195.99,16.62,0.190406,0.435657,0.291449,0.284711,0.053523,0.53766,0.0978,0.1,
0.4,4.5,8,70,70,70,420,420,5385.87,98,410.1,226.87,16.53,0.201442,0.389004,0.289476,0.282165,0.048031,0.53622,0.098,0.1,
0.4,4.5,9,70,70,70,412,412,5800.41,79.8,400.1,201.35,16.46,0.183315,0.394143,0.290403,0.288437,0.04605,0.53722,0.0982,0.1,
0.4,5,0,70,70,70,377,377,5915.65,85.1,365.1,192.13,17.23,0.174179,0.478337,0.299246,0.297192,0.061896,0.54423,0.097,0.1,
0.4,5,1,70,70,70,361,361,5453.07,81.9,351.4,197.3,16.16,0.170892,0.411509,0.278597,0.283395,0.050596,0.52561,0.0962,0.1,
0.4,5,2,70,70,70,398,398,5373.71,79.8,385.1,212.8,16.13,0.208893,0.473296,0.295199,0.287155,0.0553,0.54105,0.098,0.1,
0.4,5,3,70,70,70,420,420,5469.73,79.8,407.8,224.19,16.4,0.165934,0.454755,0.286163,0.27938,0.052619,0.53279,0.0972,0.1,
0.4,5,4,70,70,70,413,413,6255.13,85.5,400.2,226.58,17.66,0.166636,0.413038,0.296521,0.296595,0.052413,0.54239,0.0975,0.1,
0.4,5,5,70,70,70,415,415,5378.63,95.5,405.1,232.71,16.41,0.19309,0.555387,0.290313,0.284024,0.053786,0.53673,0.0975,0.1,
0.4,5,6,70,70,70,440,440,5854.1,79.8,430.1,228.42,17.05,0.186752,0.472756,0.295639,0.287379,0.057376,0.54128,0.0976,0.1,
0.4,5,7,70,70,70,348,348,6014.68,79.8,336.5,200.7,16.49,0.183182,0.444209,0.290209,0.282236,0.05516,0.53636,0.0975,0.1,
0.4,5,8,70,70,70,425,425,5385.87,99.1,415.1,235.79,16.58,0.190776,0.396522,0.286547,0.277724,0.052233,0.53311,0.0974,0.1,
0.4,5,9,70,70,70,414,414,5800.41,79.8,402.6,205.38,16.6,0.15185,0.414159,0.290228,0.281883,0.049771,0.53674,0.0981,0.1,
0.4,5.5,0,70,70,70,382,382,5915.65,84.9,370.1,199.12,17.33,0.18415,0.48157,0.29838,0.291994,0.065118,0.54313,0.0971,0.1,
0.4,5.5,1,70,70,70,378,378,5453.07,86.3,365.1,207.58,16.37,0.16822,0.455855,0.274932,0.273796,0.054612,0.52178,0.0956,0.1,
0.4,5.5,2,70,70,70,405,405,5373.71,79.8,395.7,223.38,16.33,0.18826,0.482604,0.293301,0.286229,0.055164,0.5393,0.0977,0.1,
0.4,5.5,3,70,70,70,423,423,5469.73,79.8,410.1,226.94,16.46,0.182799,0.463386,0.287759,0.279623,0.056689,0.53401,0.0972,0.1,
0.4,5.5,4,70,70,70,428,428,6255.13,93.7,415.1,235.24,17.65,0.177832,0.417787,0.29211,0.300107,0.051801,0.53829,0.097,0.1,
0.4,5.5,5,70,70,70,415,415,5378.63,88.6,405.1,237.77,16.52,0.210905,0.543619,0.29215,0.29647,0.053396,0.53846,0.0977,0.1,
0.4,5.5,6,70,70,70,486,486,5854.1,79.8,475.1,244.4,17.37,0.166681,0.454041,0.292402,0.281821,0.060825,0.53795,0.0972,0.1,
0.4,5.5,7,70,70,70,414,414,6014.68,79.8,400.1,209.54,16.78,0.180996,0.451882,0.284305,0.279686,0.055479,0.53075,0.0966,0.1,
0.4,5.5,8,70,70,70,425,425,5385.87,108.7,415.1,239.44,16.64,0.189289,0.409726,0.281546,0.278315,0.051744,0.52841,0.0966,0.1,
0.4,5.5,9,70,70,70,417,417,5800.41,79.8,405.1,209.89,16.74,0.147485,0.425869,0.288261,0.282374,0.055265,0.53446,0.0978,0.1,
0.4,6,0,70,70,70,456,456,5915.65,83.5,445.1,208.7,17.5,0.188443,0.476731,0.291716,0.287795,0.060195,0.53736,0.0964,0.1,
0.4,6,1,70,70,70,427,427,5453.07,93.5,416.6,214.29,16.49,0.115952,0.454235,0.271467,0.271439,0.060692,0.51773,0.0948,0.1,
0.4,6,2,70,70,70,431,431,5373.71,81.6,420.1,234.2,16.57,0.15827,0.489053,0.290179,0.285388,0.064121,0.53555,0.0965,0.1,
0.4,6,3,70,70,70,450,450,5469.73,79.8,437.9,233.94,16.5,0.192144,0.494748,0.2879,0.277081,0.060627,0.53388,0.0972,0.1,
0.4,6,4,70,70,70,428,428,6255.13,100.1,415.1,241.66,17.73,0.177327,0.422422,0.290989,0.301441,0.052486,0.53717,0.0968,0.1,
0.4,6,5,70,70,70,415,415,5378.63,93.9,405.1,245.55,16.75,0.200978,0.587944,0.289488,0.2685,0.060727,0.53545,0.097,0.1,
0.4,6,6,70,70,70,486,486,5854.1,79.8,475.1,249.25,17.45,0.167276,0.456298,0.289636,0.2847,0.064073,0.53501,0.0966,0.1,
0.4,6,7,70,70,70,419,419,6014.68,79.8,405.1,220.4,17.16,0.180714,0.459785,0.286225,0.28669,0.056072,0.5325,0.097,0.1,
0.4,6,8,70,70,70,507,507,5385.87,90.1,495.1,247.03,16.82,0.152318,0.434256,0.280981,0.277647,0.057244,0.52738,0.0961,0.1,
0.4,6,9,70,70,70,417,417,5800.41,79.8,405.1,218.88,16.75,0.138196,0.430481,0.284119,0.283353,0.055893,0.53046,0.0971,0.1,
0.4,6.5,0,70,70,70,456,456,5915.65,82.3,445.1,211.68,17.58,0.189078,0.493267,0.293876,0.279044,0.066951,0.53882,0.0963,0.1,
0.4,6.5,1,70,70,70,438,438,5453.07,118.1,426.7,223.87,16.69,0.135096,0.447544,0.264652,0.272749,0.055669,0.51159,0.094,0.1,
0.4,6.5,2,70,70,70,655,655,5373.71,91.7,645.1,241.24,16.85,0.14709,0.439255,0.284753,0.284201,0.060414,0.53064,0.0957,0.1,
0.4,6.5,3,70,70,70,508,508,5469.73,79.8,495.1,244.73,16.74,0.200896,0.501511,0.285467,0.273655,0.063211,0.53134,0.0968,0.1,
0.4,6.5,4,70,70,70,491,491,6255.13,104.6,480.1,249.03,17.99,0.184797,0.426828,0.288185,0.291078,0.050273,0.53477,0.0965,0.1,
0.4,6.5,5,70,70,70,420,420,5378.63,96,410.1,254.25,16.87,0.199802,0.597784,0.285252,0.270693,0.062906,0.53127,0.0961,0.1,
0.4,6.5,6,70,70,70,488,488,5854.1,79.8,478,255.88,17.58,0.177427,0.460779,0.288574,0.280373,0.063123,0.53416,0.0965,0.1,
0.4,6.5,7,70,70,70,419,419,6014.68,79.8,405.1,225.16,17.11,0.179943,0.437843,0.283778,0.276318,0.057172,0.53007,0.0965,0.1,
0.4,6.5,8,70,70,70,543,543,5385.87,90.1,530.1,252.73,17.01,0.152068,0.443846,0.281698,0.274717,0.058761,0.52793,0.0963,0.1,
0.4,6.5,9,70,70,70,429,429,5800.41,87.6,417.8,225.07,17.15,0.136466,0.434034,0.277678,0.27486,0.058206,0.52402,0.096,0.1,
0.4,7,0,70,70,70,456,456,5915.65,81.8,445.6,219.04,17.65,0.179881,0.468427,0.288645,0.278284,0.06456,0.53407,0.0957,0.1,
0.4,7,1,70,70,70,443,443,5453.07,120.8,431.9,236.14,17.05,0.162515,0.439924,0.266235,0.270591,0.057046,0.51303,0.0939,0.1,
0.4,7,2,70,70,70,655,655,5373.71,90.3,645.1,249.28,17.01,0.156907,0.424762,0.282083,0.281989,0.060966,0.52806,0.0955,0.1,
0.4,7,3,70,70,70,513,513,5469.73,79.9,500.1,251.57,16.88,0.17548,0.486303,0.279313,0.274761,0.064525,0.52526,0.0957,0.1,
0.4,7,4,70,70,70,511,511,6255.13,107.5,500.1,263.69,14.12,0.190569,0.397498,0.279336,0.285946,0.05194,0.52623,0.0951,0.1,
0.4,7,5,70,70,70,424,424,5378.63,99,411.6,261.73,13.11,0.191606,0.601089,0.279273,0.272921,0.062939,0.52558,0.0953,0.1,
0.4,7,6,70,70,70,491,491,5854.1,79.8,480.1,262.37,13.63,0.155082,0.463794,0.289004,0.276395,0.063726,0.53444,0.0965,0.1,
0.4,7,7,70,70,70,424,424,6014.68,79.8,410.1,232.84,13.26,0.161168,0.436919,0.276296,0.267326,0.061785,0.52246,0.0952,0.1,
0.4,7,8,70,70,70,544,544,5385.87,92.5,531.4,259.48,13.18,0.149265,0.450762,0.274484,0.26043,0.059176,0.52096,0.0952,0.1,
0.4,7,9,70,70,70,491,491,5800.41,90.8,482.6,236.45,13.19,0.13697,0.420711,0.27018,0.271398,0.05272,0.51724,0.0952,0.1,
