I_U,T_INT,seed,nodes_measured,n_targets,total_assignments,sim_elapsed_s,total_survey_time_s,fleet_distance_m,conv_time_min_s,conv_time_max_s,conv_time_mean_s,wall_time_s,var_Ubar_min,var_Ubar_max,var_Ubar_mean,var_Ubar_median,var_Ubar_std,sigma_Ubar_mean,ci_rel_mean,ci_rel_max,error
0.25,3,0,70,70,70,148,148,5915.65,79.8,137.7,88.53,12.74,0.129226,0.434362,0.276023,0.277538,0.065544,0.52163,0.0944,0.11,
0.25,3,1,70,70,70,138,138,5453.07,79.8,129.1,90.57,12,0.128416,0.409852,0.278504,0.282943,0.060994,0.52448,0.097,0.11,
0.25,3,2,70,70,70,139,139,5373.71,79.8,128.1,88.55,11.79,0.096594,0.443697,0.282456,0.294543,0.076981,0.52605,0.0958,0.11,
0.25,3,3,70,70,70,139,139,5469.73,79.8,129.7,89.89,11.89,0.132961,0.464313,0.29269,0.297752,0.065875,0.53746,0.0991,0.11,
0.25,3,4,70,70,70,164,164,6255.13,79.8,150.1,90.23,12.62,0.142655,0.440967,0.296442,0.305172,0.066391,0.54083,0.0987,0.11,
0.25,3,5,70,70,70,168,168,5378.63,79.8,158.4,90.81,11.76,0.162596,0.516802,0.295163,0.30131,0.066158,0.53987,0.0996,0.11,
0.25,3,6,70,70,70,180,180,5854.1,79.8,167.1,90,12.25,0.129954,0.452775,0.293884,0.305578,0.073256,0.53756,0.0986,0.11,
0.25,3,7,70,70,70,137,137,6014.68,79.8,123.6,89.47,12.34,0.114992,0.402281,0.287979,0.301702,0.067214,0.53249,0.0972,0.11,
0.25,3,8,70,70,70,180,180,5385.87,79.8,170.1,93.34,11.81,0.194891,0.502668,0.29736,0.296019,0.063505,0.54231,0.0999,0.11,
0.25,3,9,70,70,70,185,185,5800.41,79.8,175.1,94.28,12.21,0.148194,0.393809,0.286961,0.296613,0.064053,0.53218,0.0986,0.11,
0.25,3.5,0,70,70,70,151,151,5915.65,79.8,140.5,91.2,13.06,0.130888,0.443279,0.279112,0.276009,0.06571,0.52458,0.0949,0.11,
0.25,3.5,1,70,70,70,157,157,5453.07,79.8,145.1,94.32,12.25,0.135589,0.409735,0.277229,0.28467,0.05737,0.52359,0.097,0.11,
0.25,3.5,2,70,70,70,153,153,5373.71,79.8,140.1,93.47,11.94,0.099317,0.442806,0.283583,0.290631,0.079454,0.52687,0.0961,0.11,
0.25,3.5,3,70,70,70,143,143,5469.73,79.8,133.1,93.15,11.87,0.142173,0.45571,0.295641,0.291563,0.067085,0.54019,0.0995,0.11,
0.25,3.5,4,70,70,70,164,164,6255.13,79.8,150.1,93.52,12.81,0.153345,0.445048,0.297115,0.302449,0.068389,0.54131,0.0986,0.11,
0.25,3.5,5,70,70,70,175,175,5378.63,79.8,165.1,94.53,11.83,0.167127,0.514756,0.293432,0.29978,0.067325,0.53809,0.0993,0.11,
0.25,3.5,6,70,70,70,183,183,5854.1,79.8,170.1,93.6,12.44,0.133533,0.436163,0.294789,0.305252,0.071912,0.53855,0.0986,0.11,
0.25,3.5,7,70,70,70,139,139,6014.68,79.8,125.1,92.54,12.49,0.11451,0.420934,0.293314,0.309451,0.068195,0.53743,0.0981,0.11,
0.25,3.5,8,70,70,70,185,185,5385.87,79.8,175.1,99.54,11.9,0.181005,0.519412,0.296951,0.29684,0.067438,0.54156,0.0995,0.11,
0.25,3.5,9,70,70,70,185,185,5800.41,79.8,175.1,97.51,12.26,0.140396,0.419783,0.288447,0.297425,0.062165,0.53379,0.0991,0.11,
0.25,4,0,70,70,70,154,154,5915.65,79.8,143.7,93.69,13.38,0.132729,0.439769,0.28494,0.283068,0.068756,0.52978,0.0957,0.11,
0.25,4,1,70,70,70,159,159,5453.07,79.8,147.6,96.83,12.44,0.128959,0.414805,0.280719,0.28862,0.059363,0.52667,0.0977,0.11,
0.25,4,2,70,70,70,157,157,5373.71,79.8,143.2,96.69,12.24,0.102646,0.475926,0.285101,0.288038,0.080579,0.5283,0.0965,0.11,
0.25,4,3,70,70,70,154,154,5469.73,79.8,145.1,96.19,12.39,0.149826,0.456048,0.297315,0.290617,0.066051,0.54189,0.0998,0.11,
0.25,4,4,70,70,70,174,174,6255.13,79.8,160.1,96.78,13.28,0.150991,0.44776,0.299296,0.30144,0.067522,0.54347,0.0991,0.11,
0.25,4,5,70,70,70,179,179,5378.63,79.8,169.5,95.88,12.24,0.163956,0.541895,0.298014,0.299979,0.068606,0.54233,0.1001,0.11,
0.25,4,6,70,70,70,188,188,5854.1,79.8,175.1,96.17,12.79,0.137093,0.439661,0.295617,0.306755,0.073741,0.53917,0.0986,0.11,
0.25,4,7,70,70,70,139,139,6014.68,79.8,130.1,94.41,12.83,0.114872,0.43053,0.298386,0.306569,0.068772,0.54215,0.0991,0.11,
0.25,4,8,70,70,70,190,190,5385.87,79.8,180.1,103.16,12.46,0.153636,0.528916,0.290773,0.288914,0.070165,0.53541,0.0985,0.11,
0.25,4,9,70,70,70,190,190,5800.41,79.8,180.1,100.23,12.86,0.145021,0.438575,0.289972,0.293423,0.060195,0.53546,0.0998,0.11,
0.25,4.5,0,70,70,70,161,161,5915.65,79.8,152.6,96.44,13.69,0.134806,0.454505,0.288539,0.291097,0.071021,0.53293,0.0962,0.11,
0.25,4.5,1,70,70,70,178,178,5453.07,79.8,165.1,100.75,12.67,0.125548,0.416861,0.279589,0.283549,0.063909,0.5251,0.0973,0.11,
0.25,4.5,2,70,70,70,164,164,5373.71,79.8,150.9,98.38,12.44,0.106362,0.492559,0.286051,0.283185,0.08256,0.52902,0.0967,0.11,
0.25,4.5,3,70,70,70,214,214,5469.73,79.8,201.1,99.63,12.49,0.156197,0.446945,0.296979,0.293715,0.06905,0.54121,0.0997,0.11,
0.25,4.5,4,70,70,70,174,174,6255.13,79.8,160.1,100.54,13.46,0.153392,0.452409,0.299581,0.304196,0.070241,0.5434,0.0992,0.11,
0.25,4.5,5,70,70,70,182,182,5378.63,79.8,172.3,100.99,12.47,0.155263,0.500505,0.294109,0.291216,0.068132,0.53865,0.0993,0.11,
0.25,4.5,6,70,70,70,188,188,5854.1,79.8,175.1,99.74,12.97,0.140619,0.441889,0.295684,0.305184,0.074301,0.53925,0.099,0.11,
0.25,4.5,7,70,70,70,143,143,6014.68,79.8,130.2,96.76,12.88,0.115811,0.433596,0.299933,0.306768,0.06933,0.54357,0.0993,0.11,
0.25,4.5,8,70,70,70,190,190,5385.87,79.8,180.1,105.66,12.31,0.147352,0.535582,0.293298,0.290101,0.075039,0.5373,0.099,0.11,
0.25,4.5,9,70,70,70,190,190,5800.41,79.8,180.1,103.53,12.82,0.159784,0.447162,0.289951,0.293025,0.063863,0.53513,0.0997,0.11,
0.25,5,0,70,70,70,178,178,5915.65,79.8,166.6,100.88,13.8,0.139806,0.450724,0.283287,0.283935,0.070953,0.52784,0.0951,0.11,
0.25,5,1,70,70,70,197,197,5453.07,79.8,184.9,105.86,12.82,0.108625,0.421578,0.275018,0.27472,0.066278,0.52039,0.0964,0.11,
0.25,5,2,70,70,70,168,168,5373.71,79.8,154.4,103.85,12.58,0.110259,0.494145,0.285252,0.281483,0.080806,0.52849,0.0964,0.11,
0.25,5,3,70,70,70,221,221,5469.73,79.8,209,104.59,12.94,0.122629,0.462608,0.288576,0.290018,0.074793,0.53259,0.0978,0.11,
0.25,5,4,70,70,70,176,176,6255.13,79.8,162.3,104.49,13.75,0.093286,0.459468,0.2964,0.298373,0.076991,0.53943,0.0983,0.11,
0.25,5,5,70,70,70,256,256,5378.63,79.8,245.1,106.92,12.73,0.149204,0.522376,0.292235,0.288248,0.069791,0.53674,0.0989,0.11,
0.25,5,6,70,70,70,191,191,5854.1,79.8,178.8,104,13.25,0.144077,0.445449,0.288216,0.288015,0.071165,0.53261,0.0977,0.11,
0.25,5,7,70,70,70,156,156,6014.68,79.8,146.3,100.37,12.99,0.117196,0.442542,0.295495,0.29873,0.06981,0.53945,0.0986,0.11,
0.25,5,8,70,70,70,219,219,5385.87,79.8,209.6,110.1,12.78,0.136996,0.521444,0.292638,0.286697,0.073307,0.53687,0.0989,0.11,
0.25,5,9,70,70,70,195,195,5800.41,79.8,185.1,106.82,13.09,0.160686,0.452973,0.284271,0.28378,0.061936,0.52996,0.0986,0.11,
0.25,5.5,0,70,70,70,180,180,5915.65,79.8,168.8,104.58,14.44,0.133411,0.455198,0.2801,0.285996,0.075194,0.52418,0.0943,0.11,
0.25,5.5,1,70,70,70,230,230,5453.07,79.8,220.1,108.84,13.42,0.096533,0.426568,0.268761,0.256931,0.064032,0.51457,0.0954,0.11,
0.25,5.5,2,70,70,70,189,189,5373.71,79.8,175.1,107.67,13.18,0.114034,0.442014,0.28453,0.282696,0.07676,0.52836,0.0965,0.11,
0.25,5.5,3,70,70,70,225,225,5469.73,79.8,213,107.41,13.1,0.148113,0.458356,0.286767,0.289222,0.076645,0.53074,0.0974,0.11,
0.25,5.5,4,70,70,70,218,218,6255.13,79.8,205.1,109.45,14.11,0.104872,0.455119,0.290152,0.296485,0.073352,0.53405,0.0975,0.11,
0.25,5.5,5,70,70,70,256,256,5378.63,79.8,245.1,109.68,13.05,0.148284,0.529479,0.288277,0.282279,0.073781,0.53259,0.0981,0.11,
0.25,5.5,6,70,70,70,193,193,5854.1,79.8,180.1,107.07,13.4,0.141482,0.449055,0.281409,0.275426,0.073931,0.52584,0.0966,0.11,
0.25,5.5,7,70,70,70,177,177,6014.68,79.8,164.4,105.84,13.45,0.118944,0.42017,0.285574,0.296998,0.069764,0.53003,0.097,0.11,
0.25,5.5,8,70,70,70,222,222,5385.87,79.8,212.9,114.24,12.94,0.144148,0.530368,0.284977,0.279668,0.072699,0.52962,0.0977,0.11,
0.25,5.5,9,70,70,70,199,199,5800.41,79.8,188.7,110.29,13.44,0.152364,0.432408,0.280627,0.282679,0.05775,0.52685,0.0981,0.11,
0.25,6,0,70,70,70,183,183,5915.65,79.8,171.1,107.81,14.46,0.125874,0.459911,0.278308,0.284408,0.076842,0.52223,0.0939,0.11,
0.25,6,1,70,70,70,234,234,5453.07,79.8,224.6,112.3,13.52,0.096003,0.433078,0.263261,0.255217,0.070555,0.5084,0.094,0.11,
0.25,6,2,70,70,70,218,218,5373.71,79.8,209,112.37,13.27,0.117456,0.45761,0.279812,0.280368,0.079002,0.52362,0.0958,0.11,
0.25,6,3,70,70,70,228,228,5469.73,79.8,215.9,110.71,13.41,0.168814,0.478492,0.279691,0.273658,0.076788,0.52411,0.0961,0.11,
0.25,6,4,70,70,70,219,219,6255.13,79.8,206.9,112.83,14.3,0.113543,0.44543,0.284392,0.288232,0.073987,0.52855,0.0966,0.11,
0.25,6,5,70,70,70,267,267,5378.63,79.8,256.9,114.29,13.24,0.111782,0.525771,0.282391,0.274039,0.080137,0.5262,0.0966,0.11,
0.25,6,6,70,70,70,211,211,5854.1,79.8,201,112.05,13.8,0.128689,0.452129,0.271571,0.263104,0.072556,0.51639,0.0948,0.11,
0.25,6,7,70,70,70,181,181,6014.68,79.8,168.6,109.59,13.76,0.120924,0.482707,0.282571,0.291791,0.07417,0.52676,0.0965,0.11,
0.25,6,8,70,70,70,246,246,5385.87,79.8,234.8,118.56,13.38,0.141915,0.503486,0.285495,0.277698,0.072232,0.53022,0.0977,0.11,
0.25,6,9,70,70,70,205,205,5800.41,79.8,194.1,113.78,13.64,0.138568,0.456183,0.276573,0.279668,0.059972,0.52268,0.0974,0.11,
0.25,6.5,0,70,70,70,186,186,5915.65,79.8,174.8,109.61,14.6,0.119585,0.465027,0.283354,0.273549,0.079045,0.52686,0.0946,0.11,
0.25,6.5,1,70,70,70,235,235,5453.07,79.8,225.1,116.4,13.71,0.093127,0.423247,0.257395,0.253716,0.072295,0.50229,0.0931,0.11,
0.25,6.5,2,70,70,70,231,231,5373.71,79.8,220.1,113.89,13.51,0.120573,0.478128,0.280286,0.276733,0.077494,0.52429,0.0959,0.11,
0.25,6.5,3,70,70,70,234,234,5469.73,79.8,221.2,113.83,13.64,0.118271,0.4864,0.275426,0.275563,0.079971,0.51945,0.0953,0.11,
0.25,6.5,4,70,70,70,223,223,6255.13,79.8,210.1,114.75,14.57,0.148947,0.447376,0.283566,0.282507,0.073164,0.528,0.0965,0.11,
0.25,6.5,5,70,70,70,299,299,5378.63,79.8,288.5,118.19,13.49,0.121011,0.539479,0.276123,0.256475,0.080485,0.52011,0.0954,0.11,
0.25,6.5,6,70,70,70,213,213,5854.1,79.8,202.7,113.07,13.94,0.139044,0.455431,0.277578,0.265875,0.076999,0.52176,0.0958,0.11,
0.25,6.5,7,70,70,70,220,220,6014.68,79.8,210.1,111.62,14.09,0.123099,0.446314,0.283264,0.289137,0.075636,0.52725,0.0965,0.11,
0.25,6.5,8,70,70,70,250,250,5385.87,79.8,238.2,123.9,13.55,0.133765,0.502562,0.283156,0.27884,0.073016,0.52784,0.0973,0.11,
0.25,6.5,9,70,70,70,209,209,5800.41,79.8,199,115.8,13.92,0.135326,0.400521,0.269775,0.269843,0.05999,0.51602,0.0965,0.11,
0.25,7,0,70,70,70,232,232,5915.65,79.8,218.9,114.95,14.96,0.11466,0.471261,0.279074,0.277503,0.081619,0.52239,0.0937,0.11,
0.25,7,1,70,70,70,240,240,5453.07,79.8,230.1,119.04,13.98,0.092052,0.430017,0.251974,0.246128,0.075059,0.4964,0.0917,0.11,
0.25,7,2,70,70,70,234,234,5373.71,79.8,223.3,116.72,13.72,0.123429,0.485275,0.275981,0.267383,0.077275,0.52023,0.0953,0.11,
0.25,7,3,70,70,70,237,237,5469.73,79.8,224.3,115.08,13.7,0.124821,0.491143,0.274189,0.276613,0.077299,0.5185,0.0952,0.11,
0.25,7,4,70,70,70,230,230,6255.13,79.8,218.6,119.15,14.72,0.139599,0.526671,0.275402,0.269944,0.074395,0.52013,0.095,0.11,
0.25,7,5,70,70,70,305,305,5378.63,79.8,294.5,120.5,13.7,0.133841,0.468775,0.277324,0.262667,0.075391,0.52178,0.0963,0.11,
0.25,7,6,70,70,70,218,218,5854.1,79.8,208,115.53,14.12,0.133496,0.431084,0.276838,0.272381,0.077129,0.52097,0.0958,0.11,
0.25,7,7,70,70,70,220,220,6014.68,79.8,210.1,115.97,14.23,0.125582,0.490779,0.281502,0.283793,0.081641,0.52486,0.0959,0.11,
0.25,7,8,70,70,70,254,254,5385.87,79.8,242.1,126.96,13.74,0.134283,0.479117,0.280739,0.278676,0.075047,0.52525,0.0968,0.11,
0.25,7,9,70,70,70,218,218,5800.41,79.8,206.7,121.45,14.19,0.115367,0.4145,0.264969,0.27207,0.062755,0.51091,0.0953,0.11,
0.26,3,0,70,70,70,149,149,5915.65,79.8,138.2,90.21,14.53,0.135072,0.433881,0.283437,0.288885,0.064529,0.52889,0.0957,0.11,
0.26,3,1,70,70,70,157,157,5453.07,79.8,145.1,92.73,13.48,0.133742,0.412156,0.286481,0.291847,0.057966,0.5324,0.0986,0.11,
0.26,3,2,70,70,70,139,139,5373.71,79.8,128.9,90.22,13.25,0.100618,0.447507,0.291668,0.301847,0.078271,0.53469,0.0974,0.11,
0.26,3,3,70,70,70,144,144,5469.73,79.8,132.8,92.25,13.45,0.138375,0.429494,0.298913,0.301635,0.065437,0.54335,0.1001,0.11,
0.26,3,4,70,70,70,164,164,6255.13,79.8,150.1,92.08,14.27,0.149136,0.439791,0.304499,0.313569,0.066368,0.54831,0.0999,0.11,
0.26,3,5,70,70,70,175,175,5378.63,79.8,165.5,93.31,13.24,0.172726,0.496653,0.301858,0.312165,0.063299,0.54636,0.1008,0.11,
0.26,3,6,70,70,70,183,183,5854.1,79.8,170.1,92.27,13.74,0.134968,0.434544,0.300155,0.313263,0.070948,0.5437,0.0996,0.11,
0.26,3,7,70,70,70,139,139,6014.68,79.8,125.1,90.77,13.89,0.12209,0.416069,0.29863,0.317098,0.066935,0.54255,0.099,0.11,
0.26,3,8,70,70,70,183,183,5385.87,79.8,174,96.27,13.24,0.202897,0.516824,0.306317,0.304832,0.062282,0.55074,0.1013,0.11,
0.26,3,9,70,70,70,185,185,5800.41,79.8,175.1,96.85,13.69,0.156485,0.411847,0.293128,0.306896,0.063638,0.53808,0.0998,0.11,
0.26,3.5,0,70,70,70,152,152,5915.65,79.8,141.9,93.32,14.4,0.136833,0.441324,0.290077,0.290287,0.068922,0.53467,0.0965,0.11,
0.26,3.5,1,70,70,70,159,159,5453.07,79.8,147.4,96.39,13.37,0.141145,0.41389,0.286981,0.294266,0.057917,0.53282,0.0988,0.11,
0.26,3.5,2,70,70,70,155,155,5373.71,79.8,142.3,96.28,13.28,0.103431,0.474879,0.289112,0.29409,0.081664,0.53195,0.0972,0.11,
0.26,3.5,3,70,70,70,193,193,5469.73,79.8,180.1,96.85,13.51,0.148092,0.454042,0.305389,0.300479,0.065793,0.54937,0.101,0.11,
0.26,3.5,4,70,70,70,168,168,6255.13,79.8,154.3,95.33,14.38,0.16052,0.450993,0.306723,0.311782,0.066912,0.55039,0.1003,0.11,
0.26,3.5,5,70,70,70,182,182,5378.63,79.8,172.7,96.65,13.26,0.170221,0.538661,0.303009,0.309514,0.067188,0.54706,0.1009,0.11,
0.26,3.5,6,70,70,70,188,188,5854.1,79.8,175.1,96.39,13.77,0.138658,0.436174,0.300808,0.30991,0.072624,0.54412,0.0994,0.11,
0.26,3.5,7,70,70,70,141,141,6014.68,79.8,130.1,94.4,13.79,0.1214,0.429705,0.302643,0.315614,0.06816,0.54617,0.0997,0.11,
0.26,3.5,8,70,70,70,190,190,5385.87,79.8,180.1,102.36,13.25,0.164996,0.508292,0.298752,0.305602,0.069792,0.5429,0.0997,0.11,
0.26,3.5,9,70,70,70,190,190,5800.41,79.8,180.1,99.42,13.68,0.146955,0.430222,0.295107,0.303263,0.061372,0.54014,0.1003,0.11,
0.26,4,0,70,70,70,167,167,5915.65,79.8,155.3,96.15,14.56,0.13874,0.454608,0.294131,0.295185,0.070733,0.5383,0.0969,0.11,
0.26,4,1,70,70,70,178,178,5453.07,79.8,165.1,100.26,13.63,0.130818,0.414755,0.28648,0.286502,0.060486,0.53206,0.0985,0.11,
0.26,4,2,70,70,70,160,160,5373.71,79.8,146.1,98.54,13.46,0.10694,0.468335,0.295355,0.291648,0.079968,0.53818,0.0982,0.11,
0.26,4,3,70,70,70,211,211,5469.73,79.8,198.4,99.99,13.6,0.156123,0.450395,0.305728,0.304191,0.065826,0.54967,0.1011,0.11,
0.26,4,4,70,70,70,174,174,6255.13,79.8,160.1,98.91,14.62,0.159227,0.457756,0.308205,0.309171,0.068856,0.55156,0.1005,0.11,
0.26,4,5,70,70,70,256,256,5378.63,79.8,245.1,102.25,13.46,0.171366,0.507642,0.3031,0.309484,0.06486,0.54737,0.1007,0.11,
0.26,4,6,70,70,70,189,189,5854.1,79.8,176.1,100.03,13.91,0.142381,0.442791,0.300369,0.302681,0.073101,0.54376,0.0996,0.11,
0.26,4,7,70,70,70,169,169,6014.68,79.8,156.2,97.66,13.98,0.12158,0.415139,0.306353,0.317758,0.068137,0.54962,0.1005,0.11,
0.26,4,8,70,70,70,190,190,5385.87,79.8,180.1,105.69,13.53,0.16098,0.530525,0.299366,0.30074,0.069824,0.54348,0.1001,0.11,
0.26,4,9,70,70,70,192,192,5800.41,79.8,182.2,103.53,13.91,0.151949,0.445403,0.297715,0.302942,0.058371,0.54289,0.101,0.11,
0.26,4.5,0,70,70,70,175,175,5915.65,79.8,163.5,100.96,14.79,0.140826,0.450077,0.290604,0.293137,0.076642,0.53418,0.0963,0.11,
0.26,4.5,1,70,70,70,183,183,5453.07,79.8,170.9,104.59,13.93,0.128404,0.423222,0.283131,0.285392,0.062514,0.52869,0.098,0.11,
0.26,4.5,2,70,70,70,166,166,5373.71,79.8,152.5,102.31,13.41,0.111209,0.501436,0.29335,0.294614,0.081584,0.5361,0.098,0.11,
0.26,4.5,3,70,70,70,215,215,5469.73,79.8,202.3,104.41,13.76,0.162792,0.463438,0.299358,0.298219,0.069394,0.54345,0.0999,0.11,
0.26,4.5,4,70,70,70,175,175,6255.13,79.8,161.9,103.71,14.61,0.091238,0.463712,0.305368,0.311162,0.073089,0.54826,0.1,0.11,
0.26,4.5,5,70,70,70,256,256,5378.63,79.8,245.1,106.12,13.49,0.162018,0.53863,0.301643,0.302263,0.067569,0.54579,0.1005,0.11,
0.26,4.5,6,70,70,70,193,193,5854.1,79.8,180.1,103.16,14,0.146013,0.455396,0.300806,0.303726,0.072418,0.54426,0.0998,0.11,
0.26,4.5,7,70,70,70,170,170,6014.68,79.8,157.1,100.83,13.94,0.122366,0.461211,0.302844,0.308111,0.071538,0.54615,0.0998,0.11,
0.26,4.5,8,70,70,70,216,216,5385.87,79.8,206.5,109.25,13.49,0.152908,0.541081,0.299213,0.295965,0.071468,0.54321,0.1002,0.11,
0.26,4.5,9,70,70,70,195,195,5800.41,79.8,185.1,106.27,13.87,0.16639,0.451688,0.295723,0.297964,0.060736,0.54087,0.1006,0.11,
0.26,5,0,70,70,70,179,179,5915.65,79.8,167.3,103.97,14.77,0.144971,0.459281,0.28955,0.291537,0.071832,0.53376,0.0961,0.11,
0.26,5,1,70,70,70,198,198,5453.07,79.8,186,108.95,13.94,0.108817,0.427708,0.280282,0.281987,0.064671,0.52564,0.0972,0.11,
0.26,5,2,70,70,70,169,169,5373.71,79.8,156.5,106.23,13.4,0.115542,0.466987,0.295869,0.300224,0.078853,0.53881,0.0984,0.11,
0.26,5,3,70,70,70,224,224,5469.73,79.8,211.1,107.2,13.76,0.126025,0.470549,0.295987,0.295432,0.07482,0.53963,0.099,0.11,
0.26,5,4,70,70,70,218,218,6255.13,79.8,205.1,109.24,14.62,0.096022,0.468624,0.303082,0.304017,0.074872,0.54594,0.0994,0.11,
0.26,5,5,70,70,70,256,256,5378.63,79.8,245.8,109.01,13.58,0.158035,0.552825,0.302243,0.299129,0.070099,0.54613,0.1005,0.11,
0.26,5,6,70,70,70,215,215,5854.1,79.8,204.8,108.29,14.09,0.149583,0.466277,0.295133,0.295627,0.074125,0.53883,0.0985,0.11,
0.26,5,7,70,70,70,181,181,6014.68,79.8,168.1,104.15,14.07,0.123676,0.448907,0.297388,0.300201,0.067464,0.54154,0.099,0.11,
0.26,5,8,70,70,70,220,220,5385.87,79.8,210.5,113.78,13.61,0.158011,0.549402,0.295602,0.285864,0.071973,0.53987,0.0995,0.11,
0.26,5,9,70,70,70,196,196,5800.41,79.8,185.6,109,14.04,0.167262,0.429223,0.292047,0.29763,0.060404,0.53745,0.1,0.11,
0.26,5.5,0,70,70,70,195,195,5915.65,79.8,183.6,108.52,14.9,0.133923,0.465179,0.288036,0.289785,0.076357,0.53169,0.0955,0.11,
0.26,5.5,1,70,70,70,235,235,5453.07,79.8,225.1,112.68,13.93,0.099767,0.41741,0.272287,0.267227,0.065533,0.51787,0.0958,0.11,
0.26,5.5,2,70,70,70,215,215,5373.71,79.8,206,112.48,13.79,0.11948,0.471753,0.293678,0.286718,0.082521,0.53643,0.098,0.11,
0.26,5.5,3,70,70,70,227,227,5469.73,79.8,214.3,110.32,13.89,0.171417,0.48194,0.28907,0.28559,0.072569,0.53357,0.0981,0.11,
0.26,5.5,4,70,70,70,222,222,6255.13,79.8,209.9,113.99,14.72,0.110932,0.47325,0.297008,0.301606,0.075895,0.54025,0.0985,0.11,
0.26,5.5,5,70,70,70,264,264,5378.63,79.8,253.6,113.44,13.65,0.152911,0.558308,0.294763,0.292273,0.074935,0.53865,0.0991,0.11,
0.26,5.5,6,70,70,70,219,219,5854.1,79.8,208.9,112.95,14.31,0.12992,0.453114,0.280335,0.27211,0.072853,0.52489,0.0962,0.11,
0.26,5.5,7,70,70,70,198,198,6014.68,79.8,185.1,111.09,14.19,0.125304,0.413619,0.287619,0.294298,0.069643,0.5321,0.0974,0.11,
0.26,5.5,8,70,70,70,224,224,5385.87,79.8,214.1,118.85,13.73,0.151143,0.55662,0.291508,0.28395,0.073203,0.53594,0.099,0.11,
0.26,5.5,9,70,70,70,201,201,5800.41,79.8,190.2,114.05,14.09,0.155529,0.460615,0.287043,0.292334,0.058603,0.53287,0.0992,0.11,
0.26,6,0,70,70,70,197,197,5915.65,79.8,185.1,111.05,14.96,0.128938,0.468188,0.28889,0.287528,0.079579,0.53212,0.0956,0.11,
0.26,6,1,70,70,70,235,235,5453.07,79.8,225.1,116.46,14.02,0.098292,0.43073,0.268744,0.267543,0.072207,0.51359,0.0951,0.11,
0.26,6,2,70,70,70,220,220,5373.71,79.8,210.9,115.06,13.8,0.123036,0.49235,0.289832,0.291982,0.079071,0.53327,0.0975,0.11,
0.26,6,3,70,70,70,230,230,5469.73,79.8,217.6,113.66,13.98,0.177234,0.486168,0.284209,0.280901,0.07523,0.5287,0.097,0.11,
0.26,6,4,70,70,70,225,225,6255.13,79.8,213.1,117.94,14.89,0.155365,0.473518,0.285298,0.279923,0.071839,0.52987,0.097,0.11,
0.26,6,5,70,70,70,297,297,5378.63,79.8,286.1,120.87,13.9,0.129493,0.521505,0.287428,0.272766,0.082946,0.53061,0.0974,0.11,
0.26,6,6,70,70,70,223,223,5854.1,79.8,213.4,116.65,14.39,0.139329,0.456666,0.275633,0.267727,0.069955,0.52075,0.0952,0.11,
0.26,6,7,70,70,70,198,198,6014.68,79.8,185.1,113.8,14.37,0.127222,0.453768,0.287129,0.28385,0.075029,0.53113,0.0974,0.11,
0.26,6,8,70,70,70,247,247,5385.87,79.8,235.8,124.43,13.9,0.144305,0.529308,0.293647,0.287748,0.072277,0.53802,0.0992,0.11,
0.26,6,9,70,70,70,213,213,5800.41,79.8,201.6,118.03,14.3,0.144567,0.411041,0.28401,0.288715,0.060192,0.52974,0.0984,0.11,
0.26,6.5,0,70,70,70,197,197,5915.65,79.8,185.1,113.89,14.9,0.121509,0.475603,0.290408,0.289012,0.080589,0.53341,0.0956,0.11,
0.26,6.5,1,70,70,70,240,240,5453.07,79.8,230.1,119.06,14.03,0.096386,0.436358,0.267476,0.268324,0.073764,0.51211,0.0947,0.11,
0.26,6.5,2,70,70,70,236,236,5373.71,79.8,225.1,118.55,13.78,0.126235,0.479591,0.28631,0.286056,0.075819,0.53034,0.0968,0.11,
0.26,6.5,3,70,70,70,236,236,5469.73,79.8,223.1,116.36,14.09,0.132695,0.472115,0.281975,0.287434,0.077537,0.52609,0.0965,0.11,
0.26,6.5,4,70,70,70,228,228,6255.13,79.8,216.5,120.61,14.93,0.15394,0.474594,0.283592,0.277496,0.071835,0.52829,0.0966,0.11,
0.26,6.5,5,70,70,70,302,302,5378.63,79.8,291.8,121.59,13.96,0.126069,0.468541,0.286094,0.269572,0.078108,0.52995,0.0974,0.11,
0.26,6.5,6,70,70,70,234,234,5854.1,79.8,221.6,118.96,14.52,0.144855,0.460274,0.281278,0.271987,0.078054,0.52525,0.0959,0.11,
0.26,6.5,7,70,70,70,220,220,6014.68,79.8,210.1,114.66,14.41,0.129305,0.452582,0.29229,0.291215,0.077927,0.53567,0.098,0.11,
0.26,6.5,8,70,70,70,251,251,5385.87,79.8,239.6,126.3,14.06,0.142891,0.513332,0.293149,0.284021,0.076761,0.53701,0.099,0.11,
0.26,6.5,9,70,70,70,216,216,5800.41,79.8,204.5,120.56,14.42,0.141346,0.427738,0.279126,0.272849,0.062993,0.52477,0.0976,0.11,
0.26,7,0,70,70,70,234,234,5915.65,79.8,220.1,121.65,15.27,0.118114,0.48878,0.280202,0.279433,0.085277,0.52301,0.0936,0.11,
0.26,7,1,70,70,70,240,240,5453.07,79.8,230.1,122.59,14.2,0.100034,0.440685,0.258405,0.253886,0.077123,0.50265,0.0929,0.11,
0.26,7,2,70,70,70,236,236,5373.71,79.8,225.1,124.25,14.1,0.129117,0.515079,0.279036,0.267943,0.080822,0.52277,0.0958,0.11,
0.26,7,3,70,70,70,238,238,5469.73,79.8,225.4,120.73,14.11,0.153712,0.477585,0.277676,0.269806,0.077397,0.52204,0.0959,0.11,
0.26,7,4,70,70,70,232,232,6255.13,79.8,220.9,124.55,15.14,0.11522,0.465899,0.281311,0.274427,0.075008,0.52555,0.0958,0.11,
0.26,7,5,70,70,70,311,311,5378.63,79.8,300.4,125.84,14.09,0.136304,0.471977,0.278892,0.261701,0.07749,0.52319,0.0963,0.11,
0.26,7,6,70,70,70,304,304,5854.1,79.8,291.1,125.83,14.56,0.145395,0.452168,0.275454,0.271959,0.077894,0.51957,0.0947,0.11,
0.26,7,7,70,70,70,247,247,6014.68,79.8,235,119.89,14.47,0.131855,0.465591,0.287762,0.277672,0.0793,0.53122,0.0971,0.11,
0.26,7,8,70,70,70,255,255,5385.87,79.8,243.6,130.49,14.08,0.13942,0.477527,0.283222,0.269421,0.07399,0.52786,0.0976,0.11,
0.26,7,9,70,70,70,241,241,5800.41,79.8,230.1,125.37,14.37,0.117417,0.442853,0.274617,0.273245,0.066211,0.51998,0.0967,0.11,
0.27,3,0,70,70,70,150,150,5915.65,79.8,140.1,91.65,14.6,0.141252,0.44217,0.295053,0.298978,0.064568,0.53985,0.0976,0.11,
0.27,3,1,70,70,70,157,157,5453.07,79.8,145.1,94.91,13.64,0.13935,0.422762,0.292482,0.299867,0.056709,0.5381,0.0998,0.11,
0.27,3,2,70,70,70,153,153,5373.71,79.8,140.1,93.49,13.24,0.104874,0.463028,0.298538,0.299625,0.078457,0.54126,0.0988,0.11,
0.27,3,3,70,70,70,189,189,5469.73,79.8,176.8,96.24,13.56,0.144095,0.447752,0.306503,0.304481,0.06575,0.55032,0.1013,0.11,
0.27,3,4,70,70,70,167,167,6255.13,79.8,153.1,93.77,14.55,0.155931,0.459146,0.312801,0.32135,0.065865,0.55599,0.1013,0.11,
0.27,3,5,70,70,70,185,185,5378.63,79.8,175.1,95.92,13.4,0.18001,0.531601,0.306919,0.313838,0.064654,0.55094,0.1016,0.11,
0.27,3,6,70,70,70,188,188,5854.1,79.8,175.1,95.15,13.93,0.140246,0.434224,0.306208,0.31342,0.070952,0.54937,0.1004,0.11,
0.27,3,7,70,70,70,141,141,6014.68,79.8,130.1,93.77,13.92,0.129615,0.427031,0.305974,0.318591,0.065819,0.54951,0.1003,0.11,
0.27,3,8,70,70,70,185,185,5385.87,79.8,175.1,98.38,13.46,0.212201,0.514058,0.312502,0.309795,0.061124,0.55647,0.1023,0.11,
0.27,3,9,70,70,70,190,190,5800.41,79.8,180.1,98.66,13.97,0.143754,0.440469,0.299459,0.305027,0.060884,0.54425,0.1009,0.11,
0.27,3.5,0,70,70,70,184,184,5915.65,79.8,173,97.62,14.74,0.143082,0.453906,0.299589,0.302835,0.06944,0.54357,0.098,0.11,
0.27,3.5,1,70,70,70,162,162,5453.07,79.8,150.1,98.43,13.65,0.134971,0.415601,0.290957,0.29473,0.05533,0.53677,0.0997,0.11,
0.27,3.5,2,70,70,70,158,158,5373.71,79.8,145.1,98.78,13.49,0.107836,0.465339,0.296625,0.294903,0.080279,0.53928,0.0984,0.11,
0.27,3.5,3,70,70,70,193,193,5469.73,79.8,180.1,99.13,13.68,0.154315,0.459097,0.314101,0.309914,0.063778,0.55751,0.1025,0.11,
0.27,3.5,4,70,70,70,169,169,6255.13,79.8,155.1,98.23,14.55,0.168099,0.466638,0.316712,0.320082,0.066565,0.55953,0.1018,0.11,
0.27,3.5,5,70,70,70,255,255,5378.63,79.8,244.4,100.56,13.6,0.178901,0.505225,0.31167,0.315505,0.064803,0.55518,0.1023,0.11,
0.27,3.5,6,70,70,70,189,189,5854.1,79.8,176.4,99.68,13.95,0.144044,0.451216,0.306495,0.314811,0.072582,0.54944,0.1006,0.11,
0.27,3.5,7,70,70,70,167,167,6014.68,79.8,154.8,97.38,14.06,0.128765,0.441952,0.308576,0.314078,0.065981,0.55193,0.1009,0.11,
0.27,3.5,8,70,70,70,190,190,5385.87,79.8,180.1,105.2,13.6,0.175221,0.527486,0.306564,0.310245,0.070582,0.5501,0.1011,0.11,
0.27,3.5,9,70,70,70,192,192,5800.41,79.8,182.1,102.36,14.06,0.153561,0.44371,0.303186,0.313483,0.059239,0.54784,0.1017,0.11,
0.27,4,0,70,70,70,189,189,5915.65,79.8,177.6,101.65,14.95,0.145046,0.468924,0.299468,0.298238,0.074194,0.54287,0.0978,0.11,
0.27,4,1,70,70,70,178,178,5453.07,79.8,165.1,102.53,13.82,0.13629,0.425158,0.295874,0.296593,0.060715,0.54089,0.1002,0.11,
0.27,4,2,70,70,70,162,162,5373.71,79.8,150.1,100.99,13.51,0.112111,0.460588,0.303615,0.305341,0.077705,0.54618,0.0996,0.11,
0.27,4,3,70,70,70,212,212,5469.73,79.8,199.3,103.26,13.75,0.162771,0.461967,0.311533,0.314125,0.065517,0.55499,0.1019,0.11,
0.27,4,4,70,70,70,188,188,6255.13,79.8,178.5,103.73,14.83,0.100923,0.462495,0.311226,0.315764,0.068962,0.55409,0.101,0.11,
0.27,4,5,70,70,70,256,256,5378.63,79.8,245.1,105.32,13.6,0.178315,0.545013,0.307487,0.307122,0.065071,0.55147,0.1015,0.11,
0.27,4,6,70,70,70,193,193,5854.1,79.8,180.1,103.59,14.26,0.147925,0.467209,0.304673,0.308597,0.07174,0.54795,0.1006,0.11,
0.27,4,7,70,70,70,180,180,6014.68,79.8,167.8,101.01,14.11,0.128726,0.45734,0.309036,0.315175,0.06815,0.55221,0.101,0.11,
0.27,4,8,70,70,70,210,210,5385.87,79.8,201,108.4,13.67,0.169297,0.538966,0.30658,0.301597,0.071185,0.55011,0.1012,0.11,
0.27,4,9,70,70,70,195,195,5800.41,79.8,185.1,106.61,13.94,0.159847,0.449622,0.301783,0.310425,0.057665,0.54671,0.1018,0.11,
0.27,4.5,0,70,70,70,192,192,5915.65,79.8,180.1,105.05,14.9,0.15159,0.459849,0.2994,0.298945,0.078606,0.54226,0.0975,0.11,
0.27,4.5,1,70,70,70,187,187,5453.07,79.8,174.4,107.99,13.76,0.118388,0.430832,0.293326,0.296693,0.062503,0.53824,0.0996,0.11,
0.27,4.5,2,70,70,70,208,208,5373.71,79.8,198.3,105.61,13.65,0.116783,0.469578,0.298939,0.304817,0.078693,0.5417,0.0991,0.11,
0.27,4.5,3,70,70,70,217,217,5469.73,79.8,204.2,105.85,13.8,0.16938,0.483674,0.308071,0.302216,0.071562,0.55132,0.1011,0.11,
0.27,4.5,4,70,70,70,193,193,6255.13,79.8,183.5,109.33,14.75,0.096271,0.465963,0.307474,0.310213,0.069953,0.55058,0.1006,0.11,
0.27,4.5,5,70,70,70,257,257,5378.63,79.8,246.6,109.41,13.63,0.166531,0.552935,0.306949,0.306578,0.066708,0.55081,0.1013,0.11,
0.27,4.5,6,70,70,70,220,220,5854.1,79.8,209.9,110.09,14.42,0.151695,0.480741,0.306719,0.311001,0.073651,0.54965,0.1003,0.11,
0.27,4.5,7,70,70,70,198,198,6014.68,79.8,185.1,104.36,14.33,0.129408,0.47692,0.307061,0.308315,0.069122,0.55037,0.1006,0.11,
0.27,4.5,8,70,70,70,218,218,5385.87,79.8,208.1,113.1,13.85,0.159087,0.550306,0.306738,0.298324,0.070446,0.55037,0.1015,0.11,
0.27,4.5,9,70,70,70,195,195,5800.41,79.8,185.1,108.52,14.15,0.173287,0.45544,0.30173,0.311871,0.057473,0.54671,0.1018,0.11,
0.27,5,0,70,70,70,197,197,5915.65,79.8,185.1,107.63,14.92,0.148329,0.464665,0.299027,0.299172,0.073277,0.54254,0.0975,0.11,
0.27,5,1,70,70,70,235,235,5453.07,79.8,225.1,112.1,14.01,0.105727,0.447477,0.287039,0.28852,0.066063,0.53196,0.0982,0.11,
0.27,5,2,70,70,70,213,213,5373.71,79.8,203.3,111.01,13.82,0.121418,0.480027,0.301679,0.307965,0.082207,0.54388,0.0992,0.11,
0.27,5,3,70,70,70,225,225,5469.73,79.8,212.4,110.11,13.91,0.131074,0.488905,0.30063,0.296711,0.076714,0.5438,0.0997,0.11,
0.27,5,4,70,70,70,223,223,6255.13,79.8,210.1,113.82,14.9,0.098499,0.470213,0.306259,0.303428,0.07421,0.54904,0.1,0.11,
0.27,5,5,70,70,70,261,261,5378.63,79.8,250.1,112.99,13.87,0.163402,0.511035,0.303985,0.296205,0.069813,0.54774,0.1007,0.11,
0.27,5,6,70,70,70,221,221,5854.1,79.8,210.1,115.04,14.41,0.136305,0.492573,0.298642,0.297809,0.075543,0.54195,0.0987,0.11,
0.27,5,7,70,70,70,198,198,6014.68,79.8,185.1,107.68,14.33,0.130577,0.427156,0.303259,0.304689,0.066851,0.54706,0.1,0.11,
0.27,5,8,70,70,70,221,221,5385.87,79.8,211.4,119.15,13.96,0.156408,0.559534,0.299861,0.294773,0.071392,0.54394,0.1003,0.11,
0.27,5,9,70,70,70,197,197,5800.41,79.8,187.5,112.27,14.24,0.174104,0.460422,0.298837,0.308202,0.057848,0.54403,0.1011,0.11,
0.27,5.5,0,70,70,70,208,208,5915.65,79.8,198.9,112.61,15.08,0.137908,0.475211,0.29489,0.298207,0.079688,0.53779,0.0964,0.11,
0.27,5.5,1,70,70,70,235,235,5453.07,79.8,225.1,114.31,14.09,0.103586,0.436112,0.282453,0.282943,0.0659,0.52765,0.0977,0.11,
0.27,5.5,2,70,70,70,247,247,5373.71,79.8,237.6,116.37,13.81,0.125572,0.505171,0.298364,0.300318,0.084301,0.54065,0.0987,0.11,
0.27,5.5,3,70,70,70,228,228,5469.73,79.8,215.4,113.52,13.96,0.180398,0.493308,0.29591,0.295373,0.072728,0.54004,0.0989,0.11,
0.27,5.5,4,70,70,70,223,223,6255.13,79.8,211.3,118.25,15.03,0.119582,0.453943,0.297784,0.29748,0.070181,0.5417,0.099,0.11,
0.27,5.5,5,70,70,70,266,266,5378.63,79.8,255.6,117.24,13.89,0.137475,0.525444,0.297936,0.292504,0.073138,0.54177,0.0996,0.11,
0.27,5.5,6,70,70,70,225,225,5854.1,79.8,214.1,117.87,14.48,0.13267,0.459915,0.290561,0.286421,0.073023,0.53463,0.0975,0.11,
0.27,5.5,7,70,70,70,202,202,6014.68,79.8,189.9,114.82,14.41,0.132111,0.429631,0.295708,0.299142,0.072388,0.53951,0.0988,0.11,
0.27,5.5,8,70,70,70,225,225,5385.87,79.8,215.7,123.84,14.04,0.15638,0.568948,0.297927,0.291935,0.072529,0.54205,0.1,0.11,
0.27,5.5,9,70,70,70,224,224,5800.41,79.8,212.5,119.83,14.4,0.151366,0.422866,0.295386,0.300172,0.06011,0.54049,0.0999,0.11,
0.27,6,0,70,70,70,212,212,5915.65,79.8,202.3,114.28,15.09,0.132911,0.493337,0.296007,0.303984,0.082627,0.53849,0.0965,0.11,
0.27,6,1,70,70,70,240,240,5453.07,79.8,230.1,118.31,14.23,0.102064,0.439952,0.275823,0.278223,0.072135,0.52054,0.0964,0.11,
0.27,6,2,70,70,70,250,250,5373.71,79.8,240.5,119.57,13.88,0.129245,0.528482,0.299406,0.29206,0.081557,0.54205,0.099,0.11,
0.27,6,3,70,70,70,237,237,5469.73,79.8,229.5,117.34,13.97,0.127032,0.496614,0.291594,0.287781,0.077647,0.53536,0.0981,0.11,
0.27,6,4,70,70,70,225,225,6255.13,79.8,213.9,122.46,15.12,0.163687,0.431981,0.288924,0.285495,0.068609,0.53372,0.0978,0.11,
0.27,6,5,70,70,70,298,298,5378.63,79.8,287.6,124.38,14.18,0.134504,0.552956,0.295613,0.281309,0.081564,0.5387,0.099,0.11,
0.27,6,6,70,70,70,296,296,5854.1,79.8,283.4,122.64,14.55,0.146989,0.463903,0.282577,0.282302,0.07377,0.52695,0.0958,0.11,
0.27,6,7,70,70,70,223,223,6014.68,79.8,213.4,117.05,14.56,0.1339,0.467113,0.294224,0.287691,0.075,0.53787,0.0984,0.11,
0.27,6,8,70,70,70,248,248,5385.87,79.8,236.7,127.37,14.1,0.150052,0.555078,0.298264,0.28636,0.073608,0.54226,0.1,0.11,
0.27,6,9,70,70,70,272,272,5800.41,79.8,262,123.95,14.55,0.148517,0.437897,0.287714,0.301167,0.061643,0.53315,0.0988,0.11,
0.27,6.5,0,70,70,70,234,234,5915.65,79.8,220.1,120,15.3,0.125028,0.50954,0.294933,0.297277,0.082809,0.53748,0.0961,0.11,
0.27,6.5,1,70,70,70,240,240,5453.07,79.8,230.1,121.64,14.26,0.102155,0.445725,0.2728,0.277294,0.074102,0.51732,0.0956,0.11,
0.27,6.5,2,70,70,70,257,257,5373.71,79.8,247.5,122.05,13.98,0.132504,0.51237,0.293152,0.299783,0.076795,0.53675,0.0982,0.11,
0.27,6.5,3,70,70,70,239,239,5469.73,79.8,231.1,121.4,14.05,0.139708,0.499352,0.286928,0.276785,0.0786,0.53085,0.0974,0.11,
0.27,6.5,4,70,70,70,229,229,6255.13,79.8,217.8,124.82,15.18,0.159837,0.435705,0.289973,0.292169,0.067971,0.53474,0.098,0.11,
0.27,6.5,5,70,70,70,305,305,5378.63,79.8,294.6,126.57,14.16,0.148795,0.492216,0.290309,0.282781,0.07422,0.53456,0.0985,0.11,
0.27,6.5,6,70,70,70,301,301,5854.1,79.8,288.9,126.54,14.66,0.147511,0.467771,0.282076,0.284329,0.079488,0.52583,0.0955,0.11,
0.27,6.5,7,70,70,70,225,225,6014.68,79.8,215.1,119.45,14.5,0.135924,0.483243,0.297587,0.288159,0.081688,0.54034,0.0987,0.11,
0.27,6.5,8,70,70,70,252,252,5385.87,79.8,240.7,131.11,14.25,0.148588,0.551862,0.293297,0.285557,0.071602,0.53773,0.0994,0.11,
0.27,6.5,9,70,70,70,281,281,5800.41,79.8,270.1,126.1,14.62,0.129559,0.455974,0.284211,0.284364,0.067382,0.5291,0.0983,0.11,
0.27,7,0,70,70,70,235,235,5915.65,79.8,222,125.22,15.3,0.121823,0.523909,0.285584,0.288235,0.088179,0.5279,0.0944,0.11,
0.27,7,1,70,70,70,242,242,5453.07,79.8,232.6,126.02,14.24,0.105496,0.432305,0.262891,0.262796,0.074662,0.50742,0.0938,0.11,
0.27,7,2,70,70,70,260,260,5373.71,79.8,250.5,130.01,14.12,0.135296,0.545619,0.284083,0.273067,0.081815,0.52759,0.0968,0.11,
0.27,7,3,70,70,70,306,306,5469.73,79.8,293.7,127.44,14.25,0.13187,0.491416,0.287269,0.281222,0.079413,0.53096,0.0972,0.11,
0.27,7,4,70,70,70,270,270,6255.13,79.8,260.1,130.43,15.24,0.118393,0.506859,0.285571,0.274563,0.076535,0.52947,0.097,0.11,
0.27,7,5,70,70,70,313,313,5378.63,79.8,302.8,131.48,14.31,0.140609,0.480538,0.282292,0.266997,0.076109,0.52662,0.0969,0.11,
0.27,7,6,70,70,70,305,305,5854.1,79.8,292.9,130.45,14.82,0.153761,0.470651,0.285886,0.275876,0.079432,0.52954,0.0963,0.11,
0.27,7,7,70,70,70,273,273,6014.68,79.8,260.1,126.3,14.75,0.138539,0.497257,0.296482,0.288466,0.080987,0.5394,0.0987,0.11,
0.27,7,8,70,70,70,266,266,5385.87,79.8,256.6,138.09,14.33,0.149314,0.50983,0.275771,0.269647,0.065904,0.5216,0.0968,0.11,
0.27,7,9,70,70,70,281,281,5800.41,79.8,270.5,128.5,14.55,0.103361,0.464573,0.281303,0.28339,0.070121,0.5259,0.0976,0.11,
0.28,3,0,70,70,70,182,182,5915.65,79.8,170.1,95.53,14.7,0.147743,0.448146,0.306571,0.308163,0.066676,0.55032,0.0992,0.11,
0.28,3,1,70,70,70,162,162,5453.07,79.8,150.1,97,13.61,0.14517,0.415203,0.296988,0.301883,0.05588,0.54239,0.1005,0.11,
0.28,3,2,70,70,70,158,158,5373.71,79.8,145.1,95.78,13.38,0.10945,0.452341,0.305138,0.307545,0.076198,0.54771,0.1001,0.11,
0.28,3,3,70,70,70,193,193,5469.73,79.8,180.1,98.63,13.63,0.150117,0.456928,0.316034,0.313459,0.065217,0.55905,0.1027,0.11,
0.28,3,4,70,70,70,169,169,6255.13,79.8,155.1,96.83,14.73,0.163076,0.476144,0.32056,0.327521,0.065287,0.56306,0.1025,0.11,
0.28,3,5,70,70,70,251,251,5378.63,79.8,240.1,99.97,13.8,0.182123,0.535782,0.315895,0.316903,0.064763,0.55907,0.1029,0.11,
0.28,3,6,70,70,70,188,188,5854.1,79.8,175.1,98.74,14.15,0.145839,0.454088,0.310797,0.317296,0.069458,0.55375,0.1013,0.11,
0.28,3,7,70,70,70,165,165,6014.68,79.8,152.8,95.95,14.14,0.13761,0.409086,0.311975,0.316225,0.064456,0.55518,0.1013,0.11,
0.28,3,8,70,70,70,190,190,5385.87,79.8,180.1,101.57,13.64,0.207747,0.522349,0.317347,0.317965,0.063115,0.56064,0.103,0.11,
0.28,3,9,70,70,70,190,190,5800.41,79.8,180.1,101.89,14.19,0.149291,0.439176,0.307201,0.313636,0.05762,0.55166,0.1023,0.11,
0.28,3.5,0,70,70,70,187,187,5915.65,79.8,175.1,100.95,14.72,0.149674,0.476922,0.306315,0.315198,0.069232,0.54978,0.0992,0.11,
0.28,3.5,1,70,70,70,187,187,5453.07,79.8,175,101.88,13.72,0.143906,0.43352,0.300341,0.306491,0.058296,0.54529,0.101,0.11,
0.28,3.5,2,70,70,70,200,200,5373.71,79.8,190.7,101.4,13.62,0.112538,0.491482,0.306562,0.307542,0.078483,0.54885,0.1001,0.11,
0.28,3.5,3,70,70,70,198,198,5469.73,79.8,185.1,101.88,13.64,0.160881,0.459813,0.321424,0.320018,0.062136,0.56424,0.1035,0.11,
0.28,3.5,4,70,70,70,185,185,6255.13,79.8,175.6,103.34,14.81,0.150799,0.477915,0.320638,0.323455,0.063541,0.56326,0.1027,0.11,
0.28,3.5,5,70,70,70,256,256,5378.63,79.8,245.1,106.12,13.72,0.188397,0.540782,0.315324,0.314261,0.064305,0.55864,0.1026,0.11,
0.28,3.5,6,70,70,70,193,193,5854.1,79.8,180.1,104,14.19,0.149715,0.475254,0.308171,0.31259,0.071969,0.5511,0.1009,0.11,
0.28,3.5,7,70,70,70,181,181,6014.68,79.8,168.9,100.97,14.22,0.136567,0.435469,0.31187,0.315193,0.06579,0.55503,0.1014,0.11,
0.28,3.5,8,70,70,70,206,206,5385.87,79.8,196.7,108.15,13.77,0.18442,0.536001,0.314557,0.314628,0.069905,0.55751,0.1025,0.11,
0.28,3.5,9,70,70,70,195,195,5800.41,79.8,185.1,105.61,14.15,0.166921,0.445242,0.308005,0.320039,0.058232,0.55237,0.1026,0.11,
0.28,4,0,70,70,70,192,192,5915.65,79.8,180.1,104.78,14.93,0.151678,0.458853,0.307867,0.307853,0.074698,0.55061,0.0989,0.11,
0.28,4,1,70,70,70,183,183,5453.07,79.8,170.1,106.11,13.82,0.142147,0.438428,0.299517,0.303233,0.059417,0.54436,0.1007,0.11,
0.28,4,2,70,70,70,205,205,5373.71,79.8,195.1,104.8,13.62,0.117649,0.481757,0.306953,0.308617,0.075782,0.54952,0.1005,0.11,
0.28,4,3,70,70,70,213,213,5469.73,79.8,200.1,104.88,13.65,0.169705,0.473867,0.319444,0.320773,0.064934,0.56221,0.1032,0.11,
0.28,4,4,70,70,70,189,189,6255.13,79.8,179.2,107.7,14.8,0.096955,0.487117,0.317343,0.317116,0.069402,0.55961,0.1019,0.11,
0.28,4,5,70,70,70,256,256,5378.63,79.8,245.1,109.52,13.84,0.17694,0.500846,0.312816,0.317744,0.063264,0.55642,0.1021,0.11,
0.28,4,6,70,70,70,221,221,5854.1,79.8,210.1,108.95,14.39,0.153718,0.492453,0.313618,0.317605,0.072638,0.55608,0.1016,0.11,
0.28,4,7,70,70,70,193,193,6014.68,79.8,180.1,104.01,14.31,0.136355,0.437387,0.315453,0.321938,0.067941,0.55809,0.102,0.11,
0.28,4,8,70,70,70,212,212,5385.87,79.8,205.1,111.55,13.77,0.167126,0.53464,0.312665,0.308238,0.068879,0.5559,0.1024,0.11,
0.28,4,9,70,70,70,195,195,5800.41,79.8,185.1,109.84,14.13,0.168539,0.452605,0.309745,0.322557,0.055552,0.55416,0.1031,0.11,
0.28,4.5,0,70,70,70,194,194,5915.65,79.8,182.9,107.72,14.86,0.15666,0.466319,0.307452,0.306974,0.08016,0.54956,0.0987,0.11,
0.28,4.5,1,70,70,70,235,235,5453.07,79.8,225.1,112.03,13.95,0.12139,0.446878,0.2995,0.304219,0.063226,0.54395,0.1004,0.11,
0.28,4.5,2,70,70,70,210,210,5373.71,79.8,200.1,109.38,13.5,0.12217,0.488725,0.307585,0.315132,0.078469,0.54979,0.1008,0.11,
0.28,4.5,3,70,70,70,223,223,5469.73,79.8,210.1,108.29,13.7,0.176855,0.465013,0.314733,0.310335,0.066363,0.55783,0.1024,0.11,
0.28,4.5,4,70,70,70,223,223,6255.13,79.8,210.1,114.28,15.17,0.099072,0.495182,0.313653,0.311169,0.070646,0.55618,0.1014,0.11,
0.28,4.5,5,70,70,70,261,261,5378.63,79.8,250.1,112.81,13.97,0.164173,0.526384,0.310091,0.30842,0.06705,0.55364,0.1018,0.11,
0.28,4.5,6,70,70,70,224,224,5854.1,79.8,214,113.3,14.49,0.157625,0.50689,0.311775,0.315736,0.071346,0.55458,0.101,0.11,
0.28,4.5,7,70,70,70,210,210,6014.68,79.8,197.1,107.68,14.45,0.13689,0.447898,0.315455,0.30943,0.070896,0.55787,0.1019,0.11,
0.28,4.5,8,70,70,70,218,218,5385.87,79.8,208.9,116.21,14,0.154969,0.552787,0.310133,0.306596,0.070275,0.55352,0.102,0.11,
0.28,4.5,9,70,70,70,199,199,5800.41,79.8,189.4,111.44,14.35,0.180471,0.454009,0.309159,0.314573,0.055986,0.55365,0.1028,0.11,
0.28,5,0,70,70,70,206,206,5915.65,79.8,196.4,112.22,15.06,0.157602,0.485617,0.302977,0.305881,0.078635,0.5456,0.0979,0.11,
0.28,5,1,70,70,70,235,235,5453.07,79.8,225.1,114.94,13.85,0.109044,0.436577,0.29573,0.301511,0.065307,0.54022,0.0996,0.11,
0.28,5,2,70,70,70,245,245,5373.71,79.8,235.6,118.9,13.69,0.128065,0.514401,0.305897,0.312054,0.078397,0.54834,0.1002,0.11,
0.28,5,3,70,70,70,233,233,5469.73,79.8,225.7,113.37,13.75,0.135204,0.459766,0.306417,0.306542,0.072642,0.54954,0.1008,0.11,
0.28,5,4,70,70,70,223,223,6255.13,79.8,210.1,117.79,15.23,0.120153,0.500897,0.311125,0.311456,0.072525,0.55377,0.101,0.11,
0.28,5,5,70,70,70,264,264,5378.63,79.8,253.5,116.84,13.85,0.168538,0.546754,0.310586,0.30612,0.074011,0.55344,0.1015,0.11,
0.28,5,6,70,70,70,226,226,5854.1,79.8,215.1,117.39,14.52,0.142483,0.511378,0.306117,0.302128,0.077311,0.54875,0.1,0.11,
0.28,5,7,70,70,70,217,217,6014.68,79.8,204.5,111.8,14.35,0.137906,0.481271,0.311623,0.312001,0.070798,0.55442,0.1013,0.11,
0.28,5,8,70,70,70,222,222,5385.87,79.8,212.2,121.38,13.96,0.163503,0.566757,0.308099,0.311339,0.07143,0.55157,0.1016,0.11,
0.28,5,9,70,70,70,241,241,5800.41,79.8,230.1,117.72,14.45,0.181216,0.419974,0.305752,0.313919,0.052938,0.55079,0.1021,0.11,
0.28,5.5,0,70,70,70,209,209,5915.65,79.8,199.6,115.01,15.13,0.141656,0.507632,0.302438,0.306758,0.082662,0.5446,0.0976,0.11,
0.28,5.5,1,70,70,70,240,240,5453.07,79.8,230.1,119.18,14.17,0.108418,0.443994,0.287215,0.296709,0.070575,0.53158,0.098,0.11,
0.28,5.5,2,70,70,70,248,248,5373.71,79.8,238.3,124.56,13.79,0.132405,0.534286,0.300359,0.303474,0.078042,0.54333,0.0994,0.11,
0.28,5.5,3,70,70,70,236,236,5469.73,79.8,228.4,117.28,13.81,0.170368,0.509761,0.30049,0.295659,0.078057,0.54378,0.0995,0.11,
0.28,5.5,4,70,70,70,224,224,6255.13,79.8,212.3,122.08,15.09,0.128013,0.481238,0.30306,0.296717,0.070231,0.54667,0.1,0.11,
0.28,5.5,5,70,70,70,268,268,5378.63,79.8,257.2,125.21,14.18,0.143905,0.567469,0.300455,0.292364,0.079875,0.54343,0.0997,0.11,
0.28,5.5,6,70,70,70,253,253,5854.1,79.8,241,124.29,14.6,0.143783,0.445875,0.292314,0.296087,0.076959,0.53585,0.0974,0.11,
0.28,5.5,7,70,70,70,225,225,6014.68,79.8,215.1,118.55,14.62,0.139299,0.475456,0.304508,0.295652,0.074953,0.54749,0.1002,0.11,
0.28,5.5,8,70,70,70,246,246,5385.87,79.8,234.2,127.68,14.05,0.16188,0.577079,0.3086,0.300804,0.073444,0.55188,0.1015,0.11,
0.28,5.5,9,70,70,70,242,242,5800.41,79.8,231.5,124.19,14.53,0.157672,0.444515,0.297821,0.310947,0.05879,0.54289,0.1004,0.11,
0.28,6,0,70,70,70,213,213,5915.65,79.8,203.5,116.92,15.12,0.133074,0.527398,0.307426,0.31074,0.085868,0.54882,0.0982,0.11,
0.28,6,1,70,70,70,240,240,5453.07,79.8,230.1,123.64,14.14,0.116066,0.44265,0.28038,0.281504,0.070576,0.52521,0.097,0.11,
0.28,6,2,70,70,70,251,251,5373.71,79.8,241.7,126.24,13.86,0.136198,0.54481,0.305493,0.299041,0.079739,0.54799,0.0999,0.11,
0.28,6,3,70,70,70,238,238,5469.73,79.8,230.1,122.67,14.03,0.138233,0.514901,0.297749,0.290208,0.079984,0.54096,0.0991,0.11,
0.28,6,4,70,70,70,227,227,6255.13,79.8,215.2,128.64,15.53,0.172073,0.532862,0.297599,0.292688,0.068397,0.54202,0.0992,0.11,
0.28,6,5,70,70,70,300,300,5378.63,79.8,289.2,129.21,14.1,0.140204,0.534342,0.29991,0.288864,0.081912,0.54271,0.0995,0.11,
0.28,6,6,70,70,70,298,298,5854.1,79.8,285.7,124.59,14.97,0.16178,0.460149,0.294074,0.293285,0.077529,0.53751,0.0976,0.11,
0.28,6,7,70,70,70,225,225,6014.68,79.8,215.1,120.45,14.56,0.141033,0.49799,0.304069,0.297969,0.078454,0.54677,0.1,0.11,
0.28,6,8,70,70,70,249,249,5385.87,79.8,237.7,131.73,14.3,0.155634,0.593533,0.304536,0.29747,0.076464,0.54787,0.1009,0.11,
0.28,6,9,70,70,70,283,283,5800.41,79.8,272.1,126.78,14.77,0.155763,0.46011,0.295662,0.300912,0.06276,0.54053,0.1002,0.11,
0.28,6.5,0,70,70,70,238,238,5915.65,79.8,224.8,123.9,15.3,0.125579,0.545034,0.303661,0.309976,0.087948,0.54494,0.0973,0.11,
0.28,6.5,1,70,70,70,245,245,5453.07,79.8,235.1,126.33,14.33,0.119472,0.450284,0.274988,0.278363,0.075321,0.51943,0.0957,0.11,
0.28,6.5,2,70,70,70,258,258,5373.71,79.8,248.8,129.57,13.93,0.139498,0.547469,0.306156,0.292517,0.080045,0.54862,0.1002,0.11,
0.28,6.5,3,70,70,70,304,304,5469.73,79.8,291.2,126.9,13.96,0.149122,0.518514,0.299712,0.289468,0.078255,0.543,0.0995,0.11,
0.28,6.5,4,70,70,70,270,270,6255.13,79.8,260.1,133.61,15,0.124908,0.540023,0.294202,0.286141,0.07543,0.53795,0.0985,0.11,
0.28,6.5,5,70,70,70,309,309,5378.63,79.8,298.5,131.74,14.14,0.15282,0.521438,0.294953,0.28579,0.080715,0.53818,0.0988,0.11,
0.28,6.5,6,70,70,70,303,303,5854.1,79.8,290.9,131.35,14.72,0.146555,0.487187,0.29054,0.284255,0.082551,0.53357,0.0968,0.11,
0.28,6.5,7,70,70,70,247,247,6014.68,79.8,234.1,125.45,14.63,0.142975,0.515288,0.305832,0.301507,0.08191,0.54806,0.1001,0.11,
0.28,6.5,8,70,70,70,253,253,5385.87,79.8,241.8,136.14,14.18,0.15412,0.586482,0.295245,0.28697,0.070145,0.53978,0.0997,0.11,
0.28,6.5,9,70,70,70,286,286,5800.41,79.8,275.1,129.65,14.58,0.105004,0.467204,0.28967,0.297093,0.07215,0.53361,0.099,0.11,
0.28,7,0,70,70,70,239,239,5915.65,79.8,225.1,128.31,15.45,0.127362,0.559304,0.294383,0.298628,0.088186,0.53629,0.096,0.11,
0.28,7,1,70,70,70,245,245,5453.07,79.8,235.1,130.26,14.12,0.117211,0.445096,0.266672,0.264371,0.076048,0.51101,0.0942,0.11,
0.28,7,2,70,70,70,261,261,5373.71,79.8,251.4,136.02,14.1,0.127937,0.535523,0.287302,0.278494,0.082621,0.53055,0.0969,0.11,
0.28,7,3,70,70,70,307,307,5469.73,79.8,294.9,136.48,13.94,0.139604,0.516027,0.29291,0.273887,0.082046,0.53615,0.0981,0.11,
0.28,7,4,70,70,70,272,272,6255.13,79.8,262.8,138.11,15.72,0.120828,0.537397,0.285652,0.277101,0.077293,0.52961,0.0969,0.11,
0.28,7,5,70,70,70,315,315,5378.63,79.8,304.3,138.95,14.4,0.140828,0.532857,0.285418,0.266035,0.083665,0.52871,0.0969,0.11,
0.28,7,6,70,70,70,310,310,5854.1,79.8,297.8,139.03,15.14,0.128681,0.471174,0.28691,0.283063,0.081941,0.53009,0.0963,0.11,
0.28,7,7,70,70,70,273,273,6014.68,79.8,260.1,131.64,14.85,0.145667,0.529358,0.300399,0.299578,0.079999,0.54326,0.0995,0.11,
0.28,7,8,70,70,70,268,268,5385.87,79.8,258.1,142.6,14.5,0.138413,0.539964,0.28251,0.279185,0.067785,0.52784,0.0977,0.11,
0.28,7,9,70,70,70,286,286,5800.41,79.8,275.1,135.02,14.81,0.102812,0.407363,0.282474,0.29088,0.067206,0.52732,0.098,0.11,
0.29,3,0,70,70,70,186,186,5915.65,79.8,174.2,98.35,14.88,0.154521,0.47109,0.31211,0.317616,0.063095,0.55571,0.1001,0.11,
0.29,3,1,70,70,70,178,178,5453.07,79.8,165.1,100.18,13.67,0.151337,0.432063,0.304819,0.310322,0.054096,0.54976,0.1016,0.11,
0.29,3,2,70,70,70,200,200,5373.71,79.8,190.1,99.65,13.41,0.114317,0.483576,0.310233,0.309109,0.074459,0.55269,0.101,0.11,
0.29,3,3,70,70,70,193,193,5469.73,79.8,180.1,101.01,13.29,0.156462,0.456281,0.322528,0.318063,0.062099,0.56518,0.1036,0.11,
0.29,3,4,70,70,70,173,173,6255.13,79.8,164,99.93,15.07,0.170535,0.481462,0.328161,0.328885,0.063217,0.57003,0.1039,0.11,
0.29,3,5,70,70,70,256,256,5378.63,79.8,245.1,103.53,14,0.193768,0.523282,0.320412,0.320401,0.062507,0.56337,0.1035,0.11,
0.29,3,6,70,70,70,193,193,5854.1,79.8,180.1,102.16,14.31,0.15168,0.477466,0.315846,0.318775,0.071105,0.55819,0.1021,0.11,
0.29,3,7,70,70,70,181,181,6014.68,79.8,168.3,99.19,14.47,0.146029,0.440257,0.319319,0.329112,0.067129,0.56165,0.1024,0.11,
0.29,3,8,70,70,70,195,195,5385.87,79.8,185.6,105.46,13.8,0.206185,0.530144,0.322126,0.32462,0.065073,0.56477,0.1038,0.11,
0.29,3,9,70,70,70,195,195,5800.41,79.8,185.1,105.31,14.34,0.15754,0.44079,0.312738,0.319121,0.05571,0.55686,0.1033,0.11,
0.29,3.5,0,70,70,70,187,187,5915.65,79.8,175.3,104.5,14.92,0.156607,0.45603,0.313093,0.315317,0.070957,0.55582,0.1,0.11,
0.29,3.5,1,70,70,70,188,188,5453.07,79.8,175.6,105.76,13.63,0.152558,0.435391,0.306876,0.316444,0.055053,0.55155,0.1019,0.11,
0.29,3.5,2,70,70,70,205,205,5373.71,79.8,195.1,104.13,13.3,0.117507,0.492194,0.31072,0.311028,0.075147,0.55309,0.1011,0.11,
0.29,3.5,3,70,70,70,208,208,5469.73,79.8,195.8,104.31,13.3,0.167764,0.462888,0.324382,0.322193,0.062179,0.5669,0.1039,0.11,
0.29,3.5,4,70,70,70,186,186,6255.13,79.8,176.1,108,15.1,0.105703,0.494544,0.323318,0.322927,0.063856,0.56551,0.1031,0.11,
0.29,3.5,5,70,70,70,256,256,5378.63,79.8,245.1,108.97,14,0.196071,0.500241,0.320339,0.318377,0.063534,0.5632,0.1033,0.11,
0.29,3.5,6,70,70,70,221,221,5854.1,79.8,210.1,108.92,14.42,0.155581,0.500034,0.314838,0.316,0.072438,0.5572,0.1019,0.11,
0.29,3.5,7,70,70,70,193,193,6014.68,79.8,180.1,103.92,14.45,0.144747,0.468302,0.317377,0.311964,0.067724,0.55993,0.1021,0.11,
0.29,3.5,8,70,70,70,212,212,5385.87,79.8,205.1,111.32,13.92,0.179507,0.544767,0.318068,0.313087,0.066428,0.56102,0.1032,0.11,
0.29,3.5,9,70,70,70,195,195,5800.41,79.8,185.1,109.34,14.38,0.17458,0.446234,0.313511,0.326514,0.054583,0.55766,0.1036,0.11,
0.29,4,0,70,70,70,192,192,5915.65,79.8,180.5,107.29,14.84,0.158664,0.486319,0.315479,0.318113,0.076473,0.55744,0.1002,0.11,
0.29,4,1,70,70,70,191,191,5453.07,79.8,178.1,110.78,13.84,0.144492,0.441893,0.307672,0.314622,0.058786,0.55193,0.1018,0.11,
0.29,4,2,70,70,70,216,216,5373.71,79.8,205.1,109.43,13.46,0.121678,0.491172,0.312659,0.308755,0.077698,0.55461,0.1015,0.11,
0.29,4,3,70,70,70,213,213,5469.73,79.8,200.9,107.84,13.17,0.177006,0.47161,0.323789,0.317879,0.065377,0.56607,0.1038,0.11,
0.29,4,4,70,70,70,222,222,6255.13,79.8,209.1,112.81,15.15,0.099488,0.509466,0.324707,0.323892,0.069107,0.56628,0.1031,0.11,
0.29,4,5,70,70,70,261,261,5378.63,79.8,250.1,112.86,14.02,0.182968,0.534156,0.317125,0.316652,0.066028,0.56015,0.1025,0.11,
0.29,4,6,70,70,70,226,226,5854.1,79.8,215.1,113.88,14.54,0.159787,0.518363,0.31736,0.315133,0.072855,0.5595,0.102,0.11,
0.29,4,7,70,70,70,209,209,6014.68,79.8,196.5,107.88,14.42,0.144431,0.462349,0.320543,0.310281,0.068776,0.56272,0.1028,0.11,
0.29,4,8,70,70,70,213,213,5385.87,79.8,205.1,114.7,13.98,0.173722,0.561038,0.315914,0.308423,0.069699,0.55886,0.103,0.11,
0.29,4,9,70,70,70,199,199,5800.41,79.8,190,112.47,14.43,0.179294,0.41725,0.316167,0.324608,0.052443,0.56021,0.1041,0.11,
0.29,4.5,0,70,70,70,197,197,5915.65,79.8,185.1,110.14,15.05,0.155346,0.486806,0.312202,0.318265,0.079617,0.554,0.0995,0.11,
0.29,4.5,1,70,70,70,235,235,5453.07,79.8,225.1,115.14,14.09,0.125185,0.438668,0.304217,0.308355,0.064512,0.54816,0.101,0.11,
0.29,4.5,2,70,70,70,221,221,5373.71,79.8,210.1,117.4,13.72,0.128455,0.518382,0.313222,0.31667,0.080356,0.55485,0.1012,0.11,
0.29,4.5,3,70,70,70,224,224,5469.73,79.8,211.7,112.8,13.62,0.141066,0.478215,0.316648,0.314561,0.069398,0.5592,0.1025,0.11,
0.29,4.5,4,70,70,70,223,223,6255.13,79.8,210.1,116.95,15.48,0.102109,0.520171,0.321299,0.319657,0.069723,0.5632,0.1026,0.11,
0.29,4.5,5,70,70,70,263,263,5378.63,79.8,252.9,117.02,14.16,0.17546,0.561827,0.318343,0.30654,0.073554,0.56055,0.1027,0.11,
0.29,4.5,6,70,70,70,238,238,5854.1,79.8,225.1,118.51,14.68,0.163843,0.533812,0.31753,0.318419,0.073817,0.5596,0.1016,0.11,
0.29,4.5,7,70,70,70,223,223,6014.68,79.8,210.1,112.23,14.71,0.144797,0.476186,0.317102,0.314865,0.068863,0.55964,0.1021,0.11,
0.29,4.5,8,70,70,70,219,219,5385.87,79.8,210.1,121.57,14.14,0.162242,0.573642,0.313851,0.309277,0.070672,0.55693,0.1025,0.11,
0.29,4.5,9,70,70,70,201,201,5800.41,79.8,191.2,115.9,14.52,0.187925,0.415335,0.310567,0.31523,0.052577,0.55518,0.1032,0.11,
0.29,5,0,70,70,70,207,207,5915.65,79.8,197.2,114.38,15.39,0.152948,0.496753,0.309007,0.312161,0.080703,0.55096,0.0987,0.11,
0.29,5,1,70,70,70,240,240,5453.07,79.8,230.1,118.54,14.27,0.127666,0.44218,0.29761,0.308322,0.064188,0.54215,0.0999,0.11,
0.29,5,2,70,70,70,246,246,5373.71,79.8,236.2,125.02,13.94,0.135489,0.536043,0.310071,0.309312,0.076628,0.55251,0.1008,0.11,
0.29,5,3,70,70,70,234,234,5469.73,79.8,226.8,117.55,13.91,0.132784,0.483193,0.312015,0.309368,0.073693,0.55465,0.1016,0.11,
0.29,5,4,70,70,70,223,223,6255.13,79.8,210.1,122.66,15.53,0.125614,0.529117,0.313599,0.313475,0.07106,0.55627,0.1014,0.11,
0.29,5,5,70,70,70,266,266,5378.63,79.8,255.1,119.97,14.1,0.173987,0.584044,0.318007,0.308014,0.077596,0.55988,0.1025,0.11,
0.29,5,6,70,70,70,250,250,5854.1,79.8,238,123.37,14.79,0.149692,0.462122,0.30326,0.297994,0.07924,0.54585,0.0991,0.11,
0.29,5,7,70,70,70,223,223,6014.68,79.8,211,117.7,14.85,0.145675,0.460505,0.310325,0.304235,0.0746,0.55286,0.101,0.11,
0.29,5,8,70,70,70,223,223,5385.87,79.8,215.1,127.02,14.37,0.172337,0.579568,0.308304,0.305853,0.064183,0.55242,0.1018,0.11,
0.29,5,9,70,70,70,243,243,5800.41,79.8,233,124.39,14.8,0.188609,0.446981,0.305323,0.307602,0.059043,0.54987,0.1019,0.11,
0.29,5.5,0,70,70,70,210,210,5915.65,79.8,200.6,117.74,15.2,0.131859,0.54148,0.308308,0.317806,0.085901,0.54959,0.0984,0.11,
0.29,5.5,1,70,70,70,240,240,5453.07,79.8,230.1,124.18,14.19,0.127729,0.441492,0.286566,0.292351,0.071822,0.53098,0.0979,0.11,
0.29,5.5,2,70,70,70,251,251,5373.71,79.8,240.1,128.83,13.88,0.1401,0.544667,0.308242,0.304829,0.078543,0.55064,0.1004,0.11,
0.29,5.5,3,70,70,70,237,237,5469.73,79.8,229.1,122.79,13.7,0.176077,0.490053,0.29987,0.289523,0.07181,0.54387,0.0996,0.11,
0.29,5.5,4,70,70,70,225,225,6255.13,79.9,213.1,127.86,15.34,0.136319,0.522581,0.305529,0.303277,0.070226,0.54902,0.1003,0.11,
0.29,5.5,5,70,70,70,297,297,5378.63,79.8,286.2,127.95,14.35,0.149271,0.61824,0.308248,0.303518,0.087311,0.54999,0.1007,0.11,
0.29,5.5,6,70,70,70,294,294,5854.1,79.8,281.8,127.3,14.82,0.150719,0.471375,0.299799,0.291725,0.081591,0.54236,0.0984,0.11,
0.29,5.5,7,70,70,70,227,227,6014.68,79.8,215.1,121.88,14.78,0.146958,0.473816,0.312034,0.306373,0.076636,0.55429,0.1013,0.11,
0.29,5.5,8,70,70,70,246,246,5385.87,79.8,235,131.96,14.24,0.168221,0.607301,0.314063,0.307698,0.074376,0.55688,0.1023,0.11,
0.29,5.5,9,70,70,70,246,246,5800.41,79.8,235.1,129.16,14.75,0.165433,0.459842,0.297198,0.302753,0.059125,0.54232,0.1005,0.11,
0.29,6,0,70,70,70,239,239,5915.65,79.8,225.1,122.27,15.21,0.138704,0.562976,0.311784,0.308686,0.0861,0.5529,0.0988,0.11,
0.29,6,1,70,70,70,245,245,5453.07,79.8,235.1,127.26,14.07,0.121412,0.442495,0.287329,0.291391,0.071376,0.53181,0.0982,0.11,
0.29,6,2,70,70,70,253,253,5373.71,79.8,243.5,130.03,13.92,0.144023,0.51269,0.313292,0.308028,0.079909,0.55507,0.1011,0.11,
0.29,6,3,70,70,70,260,260,5469.73,79.8,248.4,125.81,13.82,0.156275,0.525654,0.305308,0.296924,0.080774,0.54787,0.1003,0.11,
0.29,6,4,70,70,70,228,228,6255.13,82.3,216.4,134.49,15.46,0.139068,0.543968,0.300734,0.301695,0.070001,0.54469,0.0996,0.11,
0.29,6,5,70,70,70,305,305,5378.63,79.8,294.1,134.09,14.29,0.142016,0.564301,0.30647,0.294063,0.08487,0.54845,0.1003,0.11,
0.29,6,6,70,70,70,301,301,5854.1,79.8,288.1,128.41,14.91,0.149117,0.478607,0.298457,0.29231,0.082769,0.54098,0.0979,0.11,
0.29,6,7,70,70,70,232,232,6014.68,79.8,219.4,125.64,14.79,0.148582,0.524745,0.310478,0.303848,0.08111,0.55249,0.101,0.11,
0.29,6,8,70,70,70,250,250,5385.87,79.8,238.7,136.63,14.27,0.163445,0.63351,0.309825,0.302627,0.077311,0.55279,0.1017,0.11,
0.29,6,9,70,70,70,286,286,5800.41,79.8,275.1,132.15,14.8,0.155217,0.405114,0.293154,0.301347,0.058404,0.53853,0.1001,0.11,
0.29,6.5,0,70,70,70,239,239,5915.65,79.8,225.1,127.44,15.25,0.133622,0.582139,0.307767,0.312055,0.091287,0.54852,0.0978,0.11,
0.29,6.5,1,70,70,70,245,245,5453.07,79.8,235.1,130.4,14.18,0.127678,0.44502,0.276377,0.270842,0.075146,0.52082,0.0959,0.11,
0.29,6.5,2,70,70,70,259,259,5373.71,79.8,249.8,135.02,14.09,0.147362,0.559546,0.306579,0.292352,0.082989,0.54876,0.1,0.11,
0.29,6.5,3,70,70,70,305,305,5469.73,79.8,292.3,136.18,13.94,0.141769,0.529847,0.304312,0.293742,0.079184,0.54717,0.1,0.11,
0.29,6.5,4,70,70,70,275,275,6255.13,79.8,265.1,138.7,15.73,0.127517,0.551422,0.296964,0.286288,0.072665,0.54089,0.0989,0.11,
0.29,6.5,5,70,70,70,311,311,5378.63,79.8,300.8,136.81,14.52,0.148003,0.553452,0.302566,0.290674,0.08546,0.54474,0.0998,0.11,
0.29,6.5,6,70,70,70,307,307,5854.1,79.8,294.8,139.64,15.11,0.15111,0.475504,0.291707,0.289251,0.078122,0.5352,0.0969,0.11,
0.29,6.5,7,70,70,70,303,303,6014.68,79.8,290.1,132.75,15.05,0.15044,0.531785,0.304766,0.295392,0.078058,0.54753,0.1002,0.11,
0.29,6.5,8,70,70,70,254,254,5385.87,79.8,243,142.98,14.61,0.141342,0.617556,0.302073,0.296118,0.075442,0.54554,0.1002,0.11,
0.29,6.5,9,70,70,70,286,286,5800.41,79.8,275.1,136.43,14.87,0.111864,0.418858,0.291162,0.304477,0.066159,0.5357,0.0996,0.11,
0.29,7,0,70,70,70,341,341,5915.65,79.8,330.1,135.74,15.61,0.130427,0.560279,0.29666,0.306572,0.089415,0.53829,0.0963,0.11,
0.29,7,1,70,70,70,245,245,5453.07,79.8,235.1,133.82,14.36,0.123721,0.447694,0.271175,0.262378,0.077451,0.5154,0.095,0.11,
0.29,7,2,70,70,70,294,294,5373.71,79.8,284.6,140.83,14.04,0.134145,0.494539,0.29599,0.288163,0.081459,0.53889,0.0982,0.11,
0.29,7,3,70,70,70,309,309,5469.73,79.8,296.7,141.98,14.2,0.141284,0.535356,0.297018,0.285124,0.083397,0.53979,0.0984,0.11,
0.29,7,4,70,70,70,275,275,6255.13,79.8,265.1,143.66,15.98,0.124687,0.549501,0.288649,0.286758,0.07617,0.5326,0.0974,0.11,
0.29,7,5,70,70,70,316,316,5378.63,79.8,305.7,141.69,14.65,0.147803,0.503541,0.295055,0.285144,0.085203,0.53765,0.0985,0.11,
0.29,7,6,70,70,70,312,312,5854.1,79.8,299.2,146.34,15.36,0.130426,0.49488,0.289166,0.286915,0.080184,0.53252,0.0965,0.11,
0.29,7,7,70,70,70,304,304,6014.68,79.8,291.4,139.7,15.34,0.139436,0.534813,0.297882,0.291031,0.078173,0.54113,0.0993,0.11,
0.29,7,8,70,70,70,286,286,5385.87,79.8,275.1,148.12,14.69,0.145234,0.578193,0.291955,0.282565,0.07014,0.53665,0.0989,0.11,
0.29,7,9,70,70,70,286,286,5800.41,79.8,275.1,138.76,15.04,0.10668,0.431359,0.287768,0.289643,0.066189,0.53253,0.0991,0.11,
0.3,3,0,70,70,70,187,187,5915.65,79.8,175.1,102.27,14.71,0.161668,0.481922,0.319575,0.324427,0.063997,0.56243,0.1012,0.11,
0.3,3,1,70,70,70,180,180,5453.07,79.8,170.7,102.72,13.71,0.157781,0.426421,0.31213,0.32248,0.054095,0.55642,0.1028,0.11,
0.3,3,2,70,70,70,203,203,5373.71,79.8,193.9,102.92,13.41,0.119427,0.487442,0.312767,0.316094,0.075009,0.55494,0.1016,0.11,
0.3,3,3,70,70,70,198,198,5469.73,79.8,185.1,103.31,13.39,0.163109,0.475633,0.327454,0.323592,0.062481,0.56957,0.1044,0.11,
0.3,3,4,70,70,70,182,182,6255.13,79.8,172.2,104.86,15.06,0.150337,0.494792,0.330725,0.334305,0.062912,0.57235,0.1043,0.11,
0.3,3,5,70,70,70,256,256,5378.63,79.8,245.1,107.01,14.08,0.199811,0.535294,0.325945,0.323924,0.064098,0.56819,0.1041,0.11,
0.3,3,6,70,70,70,220,220,5854.1,79.8,209.8,107.12,14.47,0.157831,0.501513,0.319914,0.325036,0.071405,0.56189,0.1026,0.11,
0.3,3,7,70,70,70,193,193,6014.68,79.8,180.1,101.57,14.52,0.154864,0.46173,0.32294,0.323551,0.065771,0.56511,0.103,0.11,
0.3,3,8,70,70,70,207,207,5385.87,79.8,200.1,108.91,14.06,0.192531,0.541301,0.323497,0.320825,0.064558,0.56605,0.104,0.11,
0.3,3,9,70,70,70,195,195,5800.41,79.8,185.1,108.2,14.53,0.168149,0.44566,0.316568,0.326101,0.054224,0.56045,0.1038,0.11,
0.3,3.5,0,70,70,70,192,192,5915.65,79.8,180.1,106.5,14.8,0.163847,0.460216,0.318627,0.321954,0.068803,0.56104,0.101,0.11,
0.3,3.5,1,70,70,70,189,189,5453.07,79.8,176.2,109.71,13.84,0.159375,0.431549,0.312505,0.32509,0.055838,0.55662,0.1027,0.11,
0.3,3.5,2,70,70,70,216,216,5373.71,79.8,205.1,108.67,13.49,0.122784,0.490992,0.3144,0.308252,0.074936,0.55653,0.1018,0.11,
0.3,3.5,3,70,70,70,210,210,5469.73,79.8,197.3,107.33,13.42,0.175015,0.488345,0.326747,0.332483,0.06595,0.5686,0.1042,0.11,
0.3,3.5,4,70,70,70,218,218,6255.13,79.8,205.1,112.95,15.33,0.108595,0.500763,0.32976,0.331266,0.065871,0.5711,0.1038,0.11,
0.3,3.5,5,70,70,70,261,261,5378.63,79.8,250.1,113.31,14.02,0.198721,0.532276,0.325642,0.327086,0.064327,0.5679,0.1039,0.11,
0.3,3.5,6,70,70,70,226,226,5854.1,79.8,215.1,112.88,14.72,0.161864,0.525496,0.317702,0.311329,0.074859,0.55965,0.1021,0.11,
0.3,3.5,7,70,70,70,208,208,6014.68,79.8,195.5,109.46,14.7,0.153394,0.461694,0.324081,0.316465,0.067384,0.56603,0.1031,0.11,
0.3,3.5,8,70,70,70,212,212,5385.87,79.8,205.1,113.87,14.09,0.187784,0.5582,0.324593,0.320067,0.067213,0.56686,0.1043,0.11,
0.3,3.5,9,70,70,70,198,198,5800.41,79.8,189,112.41,14.64,0.182889,0.455733,0.319532,0.322245,0.054423,0.5631,0.1045,0.11,
0.3,4,0,70,70,70,197,197,5915.65,79.8,185.1,110,14.97,0.165989,0.490069,0.3215,0.318524,0.078848,0.5627,0.1009,0.11,
0.3,4,1,70,70,70,191,191,5453.07,79.8,179.3,115,14,0.133062,0.438726,0.311605,0.318018,0.060167,0.55538,0.1023,0.11,
0.3,4,2,70,70,70,221,221,5373.71,79.8,210.1,113.57,13.72,0.127563,0.515782,0.318377,0.314265,0.078134,0.55985,0.1023,0.11,
0.3,4,3,70,70,70,218,218,5469.73,79.8,210.1,111.83,13.61,0.18465,0.497907,0.326208,0.318806,0.066149,0.56822,0.1041,0.11,
0.3,4,4,70,70,70,223,223,6255.13,79.8,210.1,118.18,15.39,0.100732,0.518871,0.329412,0.333952,0.065954,0.57072,0.1039,0.11,
0.3,4,5,70,70,70,261,261,5378.63,79.8,250.1,116.55,14.12,0.189934,0.568795,0.323302,0.315503,0.068816,0.56548,0.1034,0.11,
0.3,4,6,70,70,70,238,238,5854.1,79.8,225.1,117.71,14.85,0.166101,0.545015,0.322373,0.31976,0.074653,0.56392,0.1024,0.11,
0.3,4,7,70,70,70,223,223,6014.68,79.8,210.1,112.33,14.81,0.152918,0.496227,0.324425,0.322655,0.07217,0.56595,0.1032,0.11,
0.3,4,8,70,70,70,219,219,5385.87,79.8,210.1,121.22,14.45,0.180934,0.575103,0.322055,0.314606,0.069202,0.56448,0.1037,0.11,
0.3,4,9,70,70,70,201,201,5800.41,79.8,191.6,116.84,14.81,0.194799,0.442488,0.319212,0.326305,0.05137,0.56306,0.1045,0.11,
0.3,4.5,0,70,70,70,202,202,5915.65,79.8,190.1,113.45,15.21,0.16046,0.522068,0.316368,0.314679,0.07907,0.5579,0.1,0.11,
0.3,4.5,1,70,70,70,237,237,5453.07,79.8,227.5,118.61,14.19,0.129044,0.4434,0.310438,0.315278,0.064802,0.55387,0.1019,0.11,
0.3,4.5,2,70,70,70,246,246,5373.71,79.8,235.6,124.2,14.11,0.135179,0.534331,0.316792,0.323707,0.080695,0.55817,0.1017,0.11,
0.3,4.5,3,70,70,70,226,226,5469.73,79.8,215.1,117.35,13.98,0.144978,0.505117,0.318336,0.316223,0.072773,0.56042,0.1025,0.11,
0.3,4.5,4,70,70,70,223,223,6255.13,79.8,210.1,121.54,15.25,0.106819,0.529282,0.325054,0.331162,0.067634,0.56675,0.1034,0.11,
0.3,4.5,5,70,70,70,266,266,5378.63,79.8,255.1,120.95,14.31,0.184354,0.567613,0.322725,0.315963,0.075958,0.56427,0.1033,0.11,
0.3,4.5,6,70,70,70,245,245,5854.1,79.8,232.8,122.6,14.97,0.17028,0.561566,0.32352,0.326719,0.078119,0.56458,0.1022,0.11,
0.3,4.5,7,70,70,70,227,227,6014.68,79.8,214.1,117.07,14.89,0.153122,0.463665,0.322851,0.318683,0.068341,0.56489,0.1029,0.11,
0.3,4.5,8,70,70,70,224,224,5385.87,79.8,215.1,127.12,14.45,0.206467,0.585,0.319858,0.313206,0.063103,0.563,0.1034,0.11,
0.3,4.5,9,70,70,70,213,213,5800.41,79.8,202.3,120.77,14.79,0.195652,0.44331,0.315954,0.320832,0.053943,0.55997,0.1038,0.11,
0.3,5,0,70,70,70,207,207,5915.65,79.8,197.9,118.91,15.78,0.139595,0.519804,0.313596,0.316802,0.081305,0.5551,0.0991,0.11,
0.3,5,1,70,70,70,240,240,5453.07,79.8,230.1,122.21,14.69,0.134228,0.438255,0.301932,0.312209,0.064547,0.54615,0.1007,0.11,
0.3,5,2,70,70,70,251,251,5373.71,79.8,240.1,128.87,14.37,0.143535,0.492446,0.31644,0.316505,0.074659,0.5585,0.1017,0.11,
0.3,5,3,70,70,70,235,235,5469.73,79.8,227.4,124.66,14.3,0.136246,0.510465,0.307559,0.300118,0.077049,0.55022,0.1008,0.11,
0.3,5,4,70,70,70,224,224,6255.13,79.8,211.6,126.41,15.41,0.132822,0.538415,0.31923,0.32192,0.067436,0.56173,0.1024,0.11,
0.3,5,5,70,70,70,273,273,5378.63,79.8,260.1,130.13,14.15,0.15301,0.587109,0.315647,0.301134,0.080607,0.55741,0.1016,0.11,
0.3,5,6,70,70,70,252,252,5854.1,79.8,239.4,127.92,14.81,0.157986,0.470542,0.310523,0.306242,0.080037,0.55255,0.1002,0.11,
0.3,5,7,70,70,70,303,303,6014.68,79.8,290.1,127.15,15.09,0.15384,0.468084,0.314987,0.307725,0.076492,0.557,0.1016,0.11,
0.3,5,8,70,70,70,244,244,5385.87,79.8,232.2,132.16,14.48,0.177667,0.616834,0.318402,0.310673,0.066696,0.56139,0.1032,0.11,
0.3,5,9,70,70,70,246,246,5800.41,79.8,235.1,129.03,14.87,0.170852,0.459005,0.309553,0.317449,0.057699,0.55383,0.1025,0.11,
0.3,5.5,0,70,70,70,217,217,5915.65,79.8,207.5,123.93,15.44,0.136958,0.509966,0.308439,0.304703,0.084723,0.54996,0.0982,0.11,
0.3,5.5,1,70,70,70,245,245,5453.07,79.8,235.1,126.82,14.51,0.138231,0.441352,0.292165,0.299766,0.07164,0.53639,0.099,0.11,
0.3,5.5,2,70,70,70,254,254,5373.71,79.8,243.4,132.11,14.36,0.148364,0.494024,0.315072,0.311399,0.076932,0.55704,0.1014,0.11,
0.3,5.5,3,70,70,70,298,298,5469.73,79.8,285.2,131.51,14.1,0.134176,0.498066,0.303463,0.293824,0.07925,0.54627,0.0999,0.11,
0.3,5.5,4,70,70,70,228,228,6255.13,80.3,215.1,131.95,15.62,0.144855,0.547035,0.309745,0.312302,0.070088,0.55286,0.101,0.11,
0.3,5.5,5,70,70,70,298,298,5378.63,79.8,287.3,135.98,14.57,0.155438,0.601385,0.311007,0.299542,0.078689,0.55345,0.1012,0.11,
0.3,5.5,6,70,70,70,296,296,5854.1,79.8,283.9,130.31,15.2,0.155448,0.500285,0.305992,0.297346,0.085367,0.54773,0.0993,0.11,
0.3,5.5,7,70,70,70,303,303,6014.68,79.8,290.1,130.99,15.28,0.155042,0.473179,0.309462,0.311297,0.075356,0.5521,0.1009,0.11,
0.3,5.5,8,70,70,70,248,248,5385.87,79.8,237.4,136.95,14.78,0.169594,0.646794,0.319344,0.314136,0.072574,0.5617,0.1031,0.11,
0.3,5.5,9,70,70,70,286,286,5800.41,79.8,275.1,133.06,15.14,0.172999,0.41255,0.301998,0.310432,0.053922,0.5472,0.1015,0.11,
0.3,6,0,70,70,70,239,239,5915.65,79.8,225.1,126.79,15.6,0.134246,0.600048,0.317008,0.309734,0.089081,0.55734,0.0993,0.11,
0.3,6,1,70,70,70,245,245,5453.07,79.8,235.1,130.69,14.62,0.137433,0.454148,0.288436,0.282567,0.07167,0.53289,0.0986,0.11,
0.3,6,2,70,70,70,259,259,5373.71,79.8,248.8,136.04,14.38,0.152441,0.515393,0.310445,0.309313,0.079667,0.55253,0.1006,0.11,
0.3,6,3,70,70,70,302,302,5469.73,79.8,289.3,134.49,14.37,0.165758,0.476501,0.30592,0.292241,0.078032,0.54863,0.1,0.11,
0.3,6,4,70,70,70,275,275,6255.13,83.1,265.1,138.71,15.9,0.136651,0.540356,0.307792,0.305664,0.067037,0.55146,0.1009,0.11,
0.3,6,5,70,70,70,306,306,5378.63,79.8,296,140.39,14.52,0.155657,0.595312,0.311053,0.30353,0.086562,0.55261,0.101,0.11,
0.3,6,6,70,70,70,304,304,5854.1,79.8,291.9,136.89,15.36,0.152842,0.493445,0.302892,0.289527,0.083165,0.54513,0.0984,0.11,
0.3,6,7,70,70,70,303,303,6014.68,79.8,290.1,132.88,15.29,0.156541,0.478699,0.311427,0.311128,0.075374,0.55398,0.1012,0.11,
0.3,6,8,70,70,70,254,254,5385.87,79.8,243.2,141.44,14.82,0.169671,0.681295,0.315732,0.311042,0.079598,0.55794,0.1025,0.11,
0.3,6,9,70,70,70,286,286,5800.41,79.8,275.1,135.81,15.18,0.131019,0.42863,0.299218,0.304224,0.061342,0.54387,0.1009,0.11,
0.3,6.5,0,70,70,70,342,342,5915.65,79.8,331.3,135.27,15.98,0.139669,0.587571,0.31144,0.3071,0.094864,0.55154,0.0982,0.11,
0.3,6.5,1,70,70,70,245,245,5453.07,79.8,235.7,133.58,14.82,0.137027,0.442858,0.286193,0.281199,0.077525,0.53002,0.0977,0.11,
0.3,6.5,2,70,70,70,276,276,5373.71,79.8,265.1,140.89,14.54,0.155879,0.513934,0.306807,0.300354,0.082639,0.54895,0.1,0.11,
0.3,6.5,3,70,70,70,306,306,5469.73,79.8,293.3,142.96,14.64,0.148216,0.492003,0.300442,0.289499,0.078551,0.54351,0.0991,0.11,
0.3,6.5,4,70,70,70,275,275,6255.13,79.8,265.1,141.63,15.66,0.131002,0.548055,0.304543,0.304253,0.071363,0.54796,0.1003,0.11,
0.3,6.5,5,70,70,70,313,313,5378.63,79.8,302.8,142.53,14.79,0.155814,0.585428,0.30354,0.294405,0.083166,0.54602,0.0999,0.11,
0.3,6.5,6,70,70,70,309,309,5854.1,79.8,296.2,145.88,15.4,0.14655,0.475067,0.30085,0.292595,0.082908,0.54323,0.0981,0.11,
0.3,6.5,7,70,70,70,308,308,6014.68,79.8,295.1,139.23,15.46,0.156326,0.484682,0.305691,0.295686,0.078813,0.54829,0.1002,0.11,
0.3,6.5,8,70,70,70,286,286,5385.87,79.8,275.1,150.87,14.99,0.15153,0.648902,0.30194,0.296497,0.075655,0.54554,0.1,0.11,
0.3,6.5,9,70,70,70,287,287,5800.41,79.8,277,139.42,15.32,0.117355,0.443382,0.295514,0.299873,0.067151,0.53976,0.1,0.11,
0.3,7,0,70,70,70,344,344,5915.65,79.8,333.9,142.69,16.03,0.133796,0.595532,0.296547,0.287835,0.09275,0.53792,0.0959,0.11,
0.3,7,1,70,70,70,252,252,5453.07,79.8,240.1,138.04,14.93,0.129956,0.454333,0.276374,0.272423,0.077119,0.5206,0.096,0.11,
0.3,7,2,70,70,70,296,296,5373.71,79.8,286.5,147.1,14.71,0.140458,0.521013,0.300876,0.293796,0.082041,0.54345,0.0988,0.11,
0.3,7,3,70,70,70,335,335,5469.73,79.8,322.9,149.24,14.52,0.149016,0.49663,0.294484,0.2848,0.078575,0.53796,0.0981,0.11,
0.3,7,4,70,70,70,275,275,6255.13,79.8,265.1,147.98,15.95,0.125314,0.521151,0.291032,0.29441,0.076774,0.53477,0.0976,0.11,
0.3,7,5,70,70,70,317,317,5378.63,79.8,306.9,150.13,14.86,0.155339,0.496105,0.295553,0.286873,0.081421,0.53857,0.0983,0.11,
0.3,7,6,70,70,70,328,328,5854.1,79.8,315.1,152.58,15.58,0.142205,0.479215,0.293804,0.287155,0.078329,0.53721,0.0973,0.11,
0.3,7,7,70,70,70,308,308,6014.68,79.8,295.1,145.25,15.51,0.141419,0.489757,0.299149,0.292774,0.079573,0.54208,0.0992,0.11,
0.3,7,8,70,70,70,297,297,5385.87,79.8,286.1,154.36,15.09,0.174511,0.623354,0.296666,0.287437,0.07235,0.54099,0.0994,0.11,
0.3,7,9,70,70,70,291,291,5800.41,79.8,280.1,144.39,15.33,0.111066,0.457494,0.291836,0.297183,0.069518,0.53607,0.0995,0.11,
0.31,3,0,70,70,70,187,187,5915.65,79.8,175.4,105.55,15.41,0.169142,0.471607,0.326053,0.326839,0.067064,0.56793,0.102,0.11,
0.31,3,1,70,70,70,186,186,5453.07,79.8,175.1,108.77,14.42,0.161795,0.420899,0.3131,0.328361,0.054436,0.55728,0.1027,0.11,
0.31,3,2,70,70,70,205,205,5373.71,79.8,195.1,105.91,14,0.124816,0.487724,0.317022,0.316143,0.073236,0.55901,0.1025,0.11,
0.31,3,3,70,70,70,198,198,5469.73,79.8,185.1,105.06,13.97,0.170189,0.47983,0.334495,0.336592,0.062108,0.57581,0.1056,0.11,
0.31,3,4,70,70,70,218,218,6255.13,79.8,205.1,111.1,15.22,0.154661,0.50352,0.335206,0.343025,0.062035,0.57638,0.1049,0.11,
0.31,3,5,70,70,70,256,256,5378.63,79.8,245.1,111.56,14.24,0.206023,0.518714,0.329901,0.325894,0.062452,0.57182,0.1046,0.11,
0.31,3,6,70,70,70,221,221,5854.1,79.8,210.4,110.72,14.97,0.164196,0.52623,0.322559,0.325593,0.073694,0.56412,0.1029,0.11,
0.31,3,7,70,70,70,203,203,6014.68,79.8,190.1,105.62,14.9,0.162283,0.480778,0.327369,0.326485,0.065927,0.56912,0.1038,0.11,
0.31,3,8,70,70,70,207,207,5385.87,79.8,200.1,113.58,14.38,0.198539,0.553048,0.328629,0.32276,0.067048,0.57048,0.1046,0.11,
0.31,3,9,70,70,70,195,195,5800.41,79.8,185.3,110.89,14.84,0.177176,0.446881,0.321007,0.329565,0.050466,0.56471,0.1046,0.11,
0.31,3.5,0,70,70,70,194,194,5915.65,79.8,182.5,109.34,15.54,0.171443,0.483908,0.326971,0.326098,0.069437,0.56848,0.1022,0.11,
0.31,3.5,1,70,70,70,189,189,5453.07,79.8,178.9,113.91,14.69,0.160808,0.44816,0.320126,0.32955,0.057915,0.56332,0.1037,0.11,
0.31,3.5,2,70,70,70,221,221,5373.71,79.8,210.1,112.58,14.32,0.128342,0.500434,0.320901,0.318706,0.073004,0.56262,0.1028,0.11,
0.31,3.5,3,70,70,70,218,218,5469.73,79.8,210.1,111.12,14.29,0.18263,0.490089,0.331852,0.323885,0.066648,0.57314,0.105,0.11,
0.31,3.5,4,70,70,70,223,223,6255.13,79.8,210.1,117.43,15.29,0.112222,0.517965,0.330685,0.338139,0.061949,0.57221,0.1043,0.11,
0.31,3.5,5,70,70,70,261,261,5378.63,79.8,250.1,117.19,14.11,0.205598,0.586097,0.331819,0.329146,0.069179,0.57302,0.1047,0.11,
0.31,3.5,6,70,70,70,238,238,5854.1,79.8,225.1,116.41,14.75,0.16837,0.551666,0.326718,0.326788,0.074117,0.56787,0.1033,0.11,
0.31,3.5,7,70,70,70,223,223,6014.68,79.8,210.1,113.45,14.84,0.16254,0.493702,0.324317,0.323975,0.067726,0.56627,0.1033,0.11,
0.31,3.5,8,70,70,70,216,216,5385.87,79.8,209.5,118.9,14.31,0.196662,0.545058,0.323984,0.317042,0.061355,0.56677,0.1042,0.11,
0.31,3.5,9,70,70,70,200,200,5800.41,79.8,190.6,116.39,14.77,0.191937,0.420421,0.320043,0.330054,0.051306,0.56381,0.1046,0.11,
0.31,4,0,70,70,70,197,197,5915.65,79.8,185.1,112.67,15.54,0.173623,0.516158,0.32647,0.323677,0.079377,0.56715,0.1017,0.11,
0.31,4,1,70,70,70,197,197,5453.07,79.8,185.1,118.29,14.6,0.137813,0.434811,0.315901,0.320574,0.062978,0.55902,0.103,0.11,
0.31,4,2,70,70,70,246,246,5373.71,79.8,235.1,123.6,14.46,0.133788,0.530555,0.319544,0.323239,0.078473,0.56089,0.1023,0.11,
0.31,4,3,70,70,70,223,223,5469.73,79.8,215.1,116.19,14.13,0.192676,0.49685,0.32787,0.318021,0.067849,0.56957,0.1042,0.11,
0.31,4,4,70,70,70,223,223,6255.13,79.8,210.1,123.62,15.36,0.103548,0.52918,0.334952,0.34689,0.068384,0.57537,0.1044,0.11,
0.31,4,5,70,70,70,266,266,5378.63,79.8,255.1,121.35,14.43,0.198179,0.575578,0.331021,0.326104,0.069665,0.57229,0.1043,0.11,
0.31,4,6,70,70,70,238,238,5854.1,79.8,225.1,121.99,14.89,0.172721,0.572564,0.328943,0.334187,0.079135,0.56935,0.103,0.11,
0.31,4,7,70,70,70,232,232,6014.68,79.8,219.5,117.81,14.94,0.161876,0.457351,0.324953,0.326989,0.064807,0.56708,0.1035,0.11,
0.31,4,8,70,70,70,224,224,5385.87,79.8,215.1,126.35,14.48,0.188527,0.584614,0.32687,0.314846,0.067191,0.56898,0.1046,0.11,
0.31,4,9,70,70,70,215,215,5800.41,79.8,204.5,121.28,14.87,0.202858,0.464477,0.323564,0.3266,0.051254,0.56699,0.1051,0.11,
0.31,4.5,0,70,70,70,207,207,5915.65,79.8,195.4,117.85,15.56,0.169891,0.554268,0.317336,0.320596,0.081368,0.55863,0.0999,0.11,
0.31,4.5,1,70,70,70,240,240,5453.07,79.8,230.1,122.28,14.69,0.133375,0.436086,0.310772,0.320032,0.063687,0.55433,0.1022,0.11,
0.31,4.5,2,70,70,70,251,251,5373.71,79.8,240.1,128.57,14.48,0.142475,0.517032,0.318327,0.325797,0.076715,0.56002,0.102,0.11,
0.31,4.5,3,70,70,70,241,241,5469.73,79.8,230.1,121.34,14.18,0.150425,0.501091,0.323677,0.318584,0.073487,0.56517,0.1034,0.11,
0.31,4.5,4,70,70,70,223,223,6255.13,79.8,210.5,129.51,15.62,0.110471,0.538934,0.33044,0.348704,0.069393,0.57133,0.1038,0.11,
0.31,4.5,5,70,70,70,273,273,5378.63,79.8,260.1,128.41,14.43,0.191146,0.602571,0.331528,0.323226,0.078107,0.57199,0.104,0.11,
0.31,4.5,6,70,70,70,247,247,5854.1,79.8,234.1,126.87,15.05,0.167864,0.590196,0.32647,0.320539,0.085488,0.56647,0.1022,0.11,
0.31,4.5,7,70,70,70,303,303,6014.68,79.8,290.1,123.39,15.12,0.161896,0.449378,0.323391,0.32677,0.067578,0.5655,0.1032,0.11,
0.31,4.5,8,70,70,70,239,239,5385.87,79.8,227.9,131.58,14.63,0.18306,0.621128,0.325487,0.318789,0.066104,0.56781,0.1042,0.11,
0.31,4.5,9,70,70,70,246,246,5800.41,79.8,235.1,126.62,15.03,0.203678,0.456524,0.316589,0.318552,0.052095,0.56073,0.104,0.11,
0.31,5,0,70,70,70,208,208,5915.65,79.8,198.6,123.02,15.7,0.143636,0.544747,0.31659,0.315079,0.083965,0.55762,0.0995,0.11,
0.31,5,1,70,70,70,241,241,5453.07,79.8,231.2,125.66,14.79,0.141844,0.446638,0.307113,0.315433,0.067316,0.55071,0.1016,0.11,
0.31,5,2,70,70,70,256,256,5373.71,79.8,245.1,135.8,14.62,0.152108,0.519207,0.317305,0.317314,0.074303,0.55948,0.1017,0.11,
0.31,5,3,70,70,70,293,293,5469.73,79.8,280.5,131.06,14.43,0.140262,0.503513,0.308868,0.306374,0.076016,0.55155,0.1009,0.11,
0.31,5,4,70,70,70,228,228,6255.13,79.8,215.1,132.14,15.58,0.140496,0.516332,0.321933,0.336289,0.070238,0.56381,0.1026,0.11,
0.31,5,5,70,70,70,295,295,5378.63,79.8,284.4,137.07,14.72,0.165822,0.623598,0.322644,0.312705,0.082621,0.56363,0.1024,0.11,
0.31,5,6,70,70,70,253,253,5854.1,79.8,240.5,130.64,15.24,0.167304,0.503045,0.316576,0.305916,0.086086,0.55746,0.1008,0.11,
0.31,5,7,70,70,70,303,303,6014.68,79.8,290.1,130.5,15.2,0.162473,0.474561,0.317614,0.309365,0.074873,0.55961,0.1023,0.11,
0.31,5,8,70,70,70,252,252,5385.87,79.8,242.8,138,14.81,0.174741,0.655525,0.322911,0.317752,0.070296,0.56519,0.1041,0.11,
0.31,5,9,70,70,70,286,286,5800.41,79.8,275.1,131.91,15.17,0.178546,0.446351,0.316891,0.324811,0.056559,0.56056,0.1038,0.11,
0.31,5.5,0,70,70,70,345,345,5915.65,79.8,334.4,130.65,15.92,0.142258,0.506908,0.314815,0.317467,0.085024,0.55573,0.099,0.11,
0.31,5.5,1,70,70,70,245,245,5453.07,79.8,235.1,130.65,14.87,0.145911,0.462999,0.296657,0.307334,0.071986,0.54057,0.0998,0.11,
0.31,5.5,2,70,70,70,264,264,5373.71,79.8,253.7,138.32,14.83,0.157183,0.523354,0.315378,0.31218,0.077189,0.55743,0.1013,0.11,
0.31,5.5,3,70,70,70,299,299,5469.73,79.8,286.3,136.15,14.6,0.131559,0.487286,0.303871,0.297129,0.08236,0.54628,0.0996,0.11,
0.31,5.5,4,70,70,70,275,275,6255.13,80.7,265.1,137.87,15.88,0.149598,0.530608,0.31916,0.322006,0.066788,0.56176,0.1025,0.11,
0.31,5.5,5,70,70,70,299,299,5378.63,79.8,288.4,142.4,14.75,0.162051,0.637835,0.320226,0.306512,0.082703,0.56148,0.102,0.11,
0.31,5.5,6,70,70,70,302,302,5854.1,79.8,289.1,134.74,15.36,0.160706,0.509792,0.314732,0.298284,0.087462,0.55557,0.1002,0.11,
0.31,5.5,7,70,70,70,306,306,6014.68,79.8,293.2,134.7,15.41,0.163545,0.477066,0.3146,0.304476,0.074263,0.55698,0.1017,0.11,
0.31,5.5,8,70,70,70,257,257,5385.87,79.8,247.7,142.99,14.9,0.17644,0.68784,0.321984,0.316193,0.075081,0.56395,0.1035,0.11,
0.31,5.5,9,70,70,70,286,286,5800.41,79.8,275.1,136.67,15.37,0.178029,0.435712,0.312727,0.322223,0.056304,0.5568,0.1032,0.11,
0.31,6,0,70,70,70,346,346,5915.65,79.8,335.1,134.86,16.09,0.138852,0.60576,0.320112,0.315452,0.090465,0.56001,0.0995,0.11,
0.31,6,1,70,70,70,247,247,5453.07,79.8,237.4,134.67,15.16,0.14694,0.455167,0.292555,0.292009,0.071549,0.53674,0.0991,0.11,
0.31,6,2,70,70,70,276,276,5373.71,79.8,265.1,141.59,14.94,0.161406,0.547422,0.315584,0.310889,0.081594,0.55711,0.1013,0.11,
0.31,6,3,70,70,70,303,303,5469.73,79.8,290.2,143.41,14.79,0.118479,0.491429,0.303045,0.290814,0.083851,0.54523,0.0993,0.11,
0.31,6,4,70,70,70,275,275,6255.13,83.6,265.1,144.04,15.81,0.140812,0.552013,0.31671,0.318541,0.069641,0.55931,0.102,0.11,
0.31,6,5,70,70,70,308,308,5378.63,79.8,297.5,148.85,14.91,0.163981,0.631107,0.315537,0.308434,0.084897,0.55696,0.1011,0.11,
0.31,6,6,70,70,70,305,305,5854.1,79.8,293,141.69,15.42,0.154207,0.521341,0.312582,0.297265,0.086896,0.55366,0.0994,0.11,
0.31,6,7,70,70,70,308,308,6014.68,79.8,295.1,137.1,15.46,0.164948,0.491601,0.31768,0.306285,0.078282,0.55937,0.1021,0.11,
0.31,6,8,70,70,70,289,289,5385.87,79.8,278.5,148.68,14.96,0.163601,0.680219,0.315011,0.307976,0.076017,0.55751,0.1024,0.11,
0.31,6,9,70,70,70,291,291,5800.41,79.8,280.1,141.84,15.35,0.121479,0.457721,0.304909,0.306901,0.065627,0.54867,0.1015,0.11,
0.31,6.5,0,70,70,70,346,346,5915.65,79.8,335.1,143.14,16.12,0.144722,0.611143,0.310804,0.29952,0.092238,0.55132,0.0982,0.11,
0.31,6.5,1,70,70,70,250,250,5453.07,79.8,240.1,140.02,15.15,0.130374,0.452481,0.288961,0.29442,0.076953,0.53265,0.0981,0.11,
0.31,6.5,2,70,70,70,309,309,5373.71,79.8,299.7,146.69,14.9,0.149875,0.54517,0.317883,0.315357,0.085779,0.55876,0.1015,0.11,
0.31,6.5,3,70,70,70,307,307,5469.73,79.8,294.1,149.6,14.72,0.155358,0.48742,0.303241,0.290797,0.079563,0.54602,0.0996,0.11,
0.31,6.5,4,70,70,70,278,278,6255.13,79.8,268.9,148.67,16.03,0.130406,0.546091,0.308441,0.311132,0.073336,0.55137,0.1004,0.11,
0.31,6.5,5,70,70,70,314,314,5378.63,79.8,303.9,152.69,14.89,0.16362,0.617129,0.306369,0.297858,0.086603,0.54832,0.0997,0.11,
0.31,6.5,6,70,70,70,328,328,5854.1,79.8,315.1,149.61,15.52,0.154282,0.497045,0.309031,0.298993,0.083795,0.55082,0.0994,0.11,
0.31,6.5,7,70,70,70,308,308,6014.68,79.8,295.1,143.67,15.57,0.163737,0.506502,0.308605,0.293438,0.078861,0.55107,0.1009,0.11,
0.31,6.5,8,70,70,70,292,292,5385.87,79.8,282,156.17,15.15,0.159406,0.650193,0.307245,0.299088,0.076399,0.55036,0.1008,0.11,
0.31,6.5,9,70,70,70,291,291,5800.41,79.8,280.1,146.54,15.45,0.122485,0.469394,0.298123,0.30251,0.066598,0.54235,0.1004,0.11,
0.31,7,0,70,70,70,346,346,5915.65,79.8,335.1,149.75,16.34,0.137499,0.618993,0.308194,0.295867,0.095413,0.54851,0.0976,0.11,
0.31,7,1,70,70,70,254,254,5453.07,79.8,241.8,144.58,15.16,0.12983,0.48031,0.27797,0.284228,0.080393,0.52173,0.0962,0.11,
0.31,7,2,70,70,70,310,310,5373.71,79.8,300.1,151.84,14.94,0.151828,0.549625,0.30814,0.301178,0.083374,0.5501,0.0998,0.11,
0.31,7,3,70,70,70,338,338,5469.73,79.8,325.1,153.16,14.77,0.152484,0.501449,0.299505,0.282418,0.079736,0.5426,0.099,0.11,
0.31,7,4,70,70,70,280,280,6255.13,79.8,270.1,156.06,16.02,0.132076,0.55324,0.296178,0.298439,0.077074,0.53963,0.0981,0.11,
0.31,7,5,70,70,70,319,319,5378.63,79.8,308.1,160.69,15.21,0.155844,0.511887,0.299823,0.292406,0.087076,0.54182,0.0983,0.11,
0.31,7,6,70,70,70,333,333,5854.1,79.8,320.1,155.24,15.7,0.154417,0.501202,0.300213,0.294398,0.078558,0.54328,0.0984,0.11,
0.31,7,7,70,70,70,308,308,6014.68,79.8,295.1,148.5,15.62,0.143857,0.519317,0.302848,0.290894,0.080433,0.54553,0.0998,0.11,
0.31,7,8,70,70,70,299,299,5385.87,79.8,288.2,161.47,15.26,0.180016,0.486465,0.301468,0.291996,0.063366,0.54607,0.1004,0.11,
0.31,7,9,70,70,70,291,291,5800.41,79.8,280.1,150.56,15.49,0.11559,0.483809,0.29069,0.28747,0.071383,0.53492,0.0991,0.11,
0.32,3,0,70,70,70,192,192,5915.65,79.8,180.1,108.83,15.6,0.176931,0.493646,0.330233,0.324776,0.067921,0.57158,0.1028,0.11,
0.32,3,1,70,70,70,189,189,5453.07,79.8,179.3,111.18,14.53,0.169059,0.429118,0.32182,0.327344,0.05561,0.56503,0.104,0.11,
0.32,3,2,70,70,70,216,216,5373.71,79.8,205.1,109.86,14.18,0.130517,0.495553,0.324562,0.321901,0.074784,0.56567,0.1035,0.11,
0.32,3,3,70,70,70,201,201,5469.73,79.8,188.9,108,14.06,0.177603,0.498075,0.339453,0.331229,0.061976,0.58019,0.1063,0.11,
0.32,3,4,70,70,70,218,218,6255.13,79.8,205.1,113.93,15.31,0.158186,0.512766,0.341163,0.343961,0.063267,0.58147,0.1057,0.11,
0.32,3,5,70,70,70,261,261,5378.63,79.8,250.1,115.16,14.21,0.213001,0.549744,0.337662,0.332704,0.063764,0.57854,0.1056,0.11,
0.32,3,6,70,70,70,226,226,5854.1,79.8,215.1,112.29,14.77,0.17083,0.551616,0.328804,0.322863,0.073903,0.56973,0.1038,0.11,
0.32,3,7,70,70,70,206,206,6014.68,79.8,194,109.76,14.92,0.169706,0.482328,0.331981,0.335297,0.064971,0.57329,0.1045,0.11,
0.32,3,8,70,70,70,208,208,5385.87,79.8,202,116.96,14.36,0.208305,0.530447,0.329638,0.315374,0.061552,0.57179,0.1052,0.11,
0.32,3,9,70,70,70,200,200,5800.41,79.8,190.1,115.54,14.8,0.187738,0.435156,0.323229,0.330317,0.04957,0.56678,0.1051,0.11,
0.32,3.5,0,70,70,70,197,197,5915.65,79.8,185.1,112.83,15.41,0.179367,0.479786,0.329647,0.329751,0.066389,0.57114,0.1025,0.11,
0.32,3.5,1,70,70,70,201,201,5453.07,79.8,189.8,117.03,14.59,0.167602,0.426464,0.323799,0.331864,0.059063,0.56652,0.1042,0.11,
0.32,3.5,2,70,70,70,240,240,5373.71,79.8,230.1,119.05,14.38,0.134195,0.505764,0.326954,0.329825,0.074223,0.56795,0.1038,0.11,
0.32,3.5,3,70,70,70,218,218,5469.73,79.8,210.6,114.71,14.32,0.172413,0.509078,0.333302,0.327551,0.066263,0.57446,0.1052,0.11,
0.32,3.5,4,70,70,70,223,223,6255.13,79.8,210.1,123.05,15.32,0.116022,0.520666,0.334165,0.343795,0.06349,0.57519,0.1047,0.11,
0.32,3.5,5,70,70,70,263,263,5378.63,79.8,252.9,121.86,14.38,0.214325,0.573321,0.337258,0.331928,0.066354,0.57801,0.1053,0.11,
0.32,3.5,6,70,70,70,238,238,5854.1,79.8,225.1,119.09,14.98,0.175159,0.550684,0.33254,0.335975,0.07472,0.57299,0.104,0.11,
0.32,3.5,7,70,70,70,227,227,6014.68,79.8,214.5,116.69,14.94,0.172127,0.483709,0.327266,0.326495,0.066177,0.56906,0.1039,0.11,
0.32,3.5,8,70,70,70,217,217,5385.87,79.8,210.1,124.06,14.46,0.205069,0.576838,0.325916,0.314913,0.060842,0.5686,0.1047,0.11,
0.32,3.5,9,70,70,70,215,215,5800.41,79.8,203.7,120.69,14.99,0.201283,0.445115,0.321046,0.322071,0.052442,0.56467,0.1048,0.11,
0.32,4,0,70,70,70,202,202,5915.65,79.8,190.9,116.72,15.6,0.17465,0.551036,0.328667,0.32207,0.08298,0.56873,0.1017,0.11,
0.32,4,1,70,70,70,215,215,5453.07,79.8,204.8,121.63,14.77,0.143111,0.434288,0.318701,0.324541,0.061119,0.56173,0.1034,0.11,
0.32,4,2,70,70,70,251,251,5373.71,79.8,240.1,128.41,14.54,0.140492,0.515123,0.324159,0.328686,0.077463,0.56513,0.1029,0.11,
0.32,4,3,70,70,70,240,240,5469.73,79.8,229.6,123.07,14.09,0.167471,0.520058,0.324055,0.312269,0.075,0.56551,0.1034,0.11,
0.32,4,4,70,70,70,223,223,6255.13,79.8,210.1,128.19,15.68,0.10733,0.532736,0.337051,0.355487,0.066943,0.57739,0.1049,0.11,
0.32,4,5,70,70,70,273,273,5378.63,79.8,260.1,129.03,14.54,0.198336,0.608515,0.333038,0.326805,0.0705,0.57405,0.1043,0.11,
0.32,4,6,70,70,70,242,242,5854.1,79.8,230,125.61,15.19,0.178612,0.568485,0.334897,0.336643,0.080768,0.57446,0.1036,0.11,
0.32,4,7,70,70,70,303,303,6014.68,79.8,290.1,122.8,15.13,0.171232,0.480211,0.327398,0.325117,0.065063,0.56931,0.1039,0.11,
0.32,4,8,70,70,70,224,224,5385.87,79.8,215.1,129.96,14.55,0.180966,0.619306,0.329399,0.319442,0.072824,0.57081,0.105,0.11,
0.32,4,9,70,70,70,246,246,5800.41,79.8,235.1,127.61,15.05,0.208779,0.436075,0.32235,0.329336,0.052894,0.5658,0.1048,0.11,
0.32,4.5,0,70,70,70,249,249,5915.65,79.8,237.9,122.3,15.78,0.170122,0.566508,0.323816,0.319938,0.081272,0.56457,0.1008,0.11,
0.32,4.5,1,70,70,70,240,240,5453.07,79.8,230.1,127.61,14.84,0.143638,0.449641,0.31447,0.320789,0.064051,0.55771,0.1027,0.11,
0.32,4.5,2,70,70,70,256,256,5373.71,79.8,245.3,133.39,14.68,0.150234,0.523949,0.326881,0.331616,0.076286,0.56782,0.1034,0.11,
0.32,4.5,3,70,70,70,283,283,5469.73,79.8,270.3,129.04,14.43,0.15648,0.527247,0.318224,0.308614,0.074129,0.56033,0.1025,0.11,
0.32,4.5,4,70,70,70,228,228,6255.13,79.8,215.1,133.3,15.79,0.11487,0.526189,0.333333,0.356631,0.068388,0.574,0.1042,0.11,
0.32,4.5,5,70,70,70,292,292,5378.63,79.8,281.5,135.49,14.69,0.197583,0.610054,0.332109,0.327763,0.076274,0.57273,0.1041,0.11,
0.32,4.5,6,70,70,70,248,248,5854.1,79.8,235.8,131.29,15.21,0.17614,0.584871,0.328302,0.33164,0.086742,0.56806,0.1024,0.11,
0.32,4.5,7,70,70,70,303,303,6014.68,79.8,290.1,130.45,15.32,0.171059,0.469432,0.325822,0.315495,0.069062,0.56756,0.1037,0.11,
0.32,4.5,8,70,70,70,241,241,5385.87,79.8,230.3,137.98,14.78,0.188811,0.658754,0.323244,0.315118,0.072622,0.56537,0.104,0.11,
0.32,4.5,9,70,70,70,246,246,5800.41,79.8,235.1,131,15.05,0.211994,0.441534,0.323957,0.331604,0.055972,0.567,0.1048,0.11,
0.32,5,0,70,70,70,346,346,5915.65,79.8,335.1,130.1,15.99,0.148305,0.570091,0.322411,0.32071,0.083209,0.56304,0.1003,0.11,
0.32,5,1,70,70,70,245,245,5453.07,79.8,235.1,131.74,14.92,0.149382,0.46898,0.303706,0.294153,0.070746,0.54729,0.1007,0.11,
0.32,5,2,70,70,70,266,266,5373.71,79.8,256,138.93,14.84,0.16125,0.526961,0.318853,0.314577,0.072685,0.56113,0.1019,0.11,
0.32,5,3,70,70,70,295,295,5469.73,79.8,282.1,135.28,14.55,0.144622,0.529948,0.311834,0.304031,0.07773,0.55417,0.1014,0.11,
0.32,5,4,70,70,70,275,275,6255.13,79.8,265.1,138.78,15.88,0.150524,0.536097,0.326505,0.336081,0.066997,0.56823,0.1035,0.11,
0.32,5,5,70,70,70,296,296,5378.63,79.8,285.3,143.74,14.8,0.171825,0.621827,0.329116,0.320987,0.084458,0.56925,0.103,0.11,
0.32,5,6,70,70,70,294,294,5854.1,79.8,281.2,135.44,15.34,0.168091,0.514487,0.318074,0.307763,0.085162,0.55893,0.1007,0.11,
0.32,5,7,70,70,70,308,308,6014.68,79.8,295.1,134.94,15.51,0.17156,0.473774,0.31711,0.309431,0.071444,0.55958,0.1023,0.11,
0.32,5,8,70,70,70,253,253,5385.87,79.8,243.5,145.45,14.96,0.180666,0.695533,0.321108,0.304983,0.073906,0.56335,0.1038,0.11,
0.32,5,9,70,70,70,287,287,5800.41,79.8,276.5,136.08,15.3,0.186926,0.439528,0.323431,0.331016,0.058123,0.5663,0.1046,0.11,
0.32,5.5,0,70,70,70,346,346,5915.65,79.8,335.1,135.47,16.14,0.141027,0.533142,0.317953,0.312499,0.087121,0.55837,0.0993,0.11,
0.32,5.5,1,70,70,70,248,248,5453.07,79.8,238.1,137.57,15.08,0.153747,0.465286,0.29748,0.292939,0.071868,0.54142,0.0999,0.11,
0.32,5.5,2,70,70,70,310,310,5373.71,79.8,300.1,142.57,14.92,0.166584,0.554975,0.321866,0.326264,0.077818,0.56324,0.102,0.11,
0.32,5.5,3,70,70,70,300,300,5469.73,79.8,287.1,140.6,14.66,0.1346,0.506031,0.304119,0.298612,0.080463,0.54682,0.0999,0.11,
0.32,5.5,4,70,70,70,275,275,6255.13,81.2,265.1,144.22,16.06,0.153967,0.531225,0.317903,0.327611,0.064474,0.5609,0.1022,0.11,
0.32,5.5,5,70,70,70,304,304,5378.63,79.8,293.5,149.9,14.98,0.164882,0.634746,0.325604,0.310571,0.085114,0.56594,0.1025,0.11,
0.32,5.5,6,70,70,70,303,303,5854.1,79.8,290.1,139.91,15.55,0.165435,0.533097,0.319545,0.309727,0.085803,0.56022,0.1009,0.11,
0.32,5.5,7,70,70,70,308,308,6014.68,79.8,295.1,138.53,15.6,0.172497,0.484268,0.320088,0.312063,0.075572,0.56185,0.1027,0.11,
0.32,5.5,8,70,70,70,286,286,5385.87,79.8,275.1,148.77,15.08,0.184215,0.686504,0.322854,0.315001,0.075168,0.56473,0.1041,0.11,
0.32,5.5,9,70,70,70,291,291,5800.41,79.8,280.1,142.26,15.52,0.176667,0.459602,0.316402,0.319225,0.059766,0.55988,0.1035,0.11,
0.32,6,0,70,70,70,346,346,5915.65,79.8,335.1,142.4,16.23,0.144692,0.61078,0.321042,0.314208,0.090472,0.56085,0.0997,0.11,
0.32,6,1,70,70,70,251,251,5453.07,79.8,240.1,142.05,15.25,0.15269,0.477975,0.295011,0.285767,0.073708,0.53891,0.0995,0.11,
0.32,6,2,70,70,70,311,311,5373.71,79.8,302,146.98,15,0.170993,0.573417,0.321198,0.324668,0.077198,0.56275,0.1022,0.11,
0.32,6,3,70,70,70,307,307,5469.73,79.8,294.1,149.72,14.85,0.123929,0.501285,0.308173,0.301401,0.083093,0.55012,0.1,0.11,
0.32,6,4,70,70,70,280,280,6255.13,84.4,270.1,147.11,16.07,0.131979,0.543199,0.319455,0.326523,0.06806,0.56191,0.1023,0.11,
0.32,6,5,70,70,70,310,310,5378.63,79.8,299.5,155.61,15.15,0.172382,0.64742,0.320548,0.311351,0.089164,0.56104,0.1016,0.11,
0.32,6,6,70,70,70,307,307,5854.1,79.8,294.1,146.18,15.53,0.161837,0.550149,0.319826,0.3105,0.086406,0.56035,0.1008,0.11,
0.32,6,7,70,70,70,308,308,6014.68,79.8,295.1,143.57,15.55,0.173754,0.520392,0.317387,0.309995,0.076512,0.55939,0.1024,0.11,
0.32,6,8,70,70,70,290,290,5385.87,79.8,279.7,157.69,15.27,0.160448,0.675391,0.318855,0.310841,0.074079,0.56115,0.1031,0.11,
0.32,6,9,70,70,70,291,291,5800.41,79.8,280.1,146.5,15.57,0.123864,0.47866,0.308658,0.310571,0.065801,0.55215,0.1021,0.11,
0.32,6.5,0,70,70,70,346,346,5915.65,79.8,335.1,145.74,16.23,0.144185,0.618701,0.316615,0.308439,0.087631,0.55724,0.0993,0.11,
0.32,6.5,1,70,70,70,252,252,5453.07,79.8,240.1,142.36,15.15,0.140466,0.458504,0.296414,0.303461,0.07634,0.53984,0.0995,0.11,
0.32,6.5,2,70,70,70,315,315,5373.71,79.8,305.1,152.7,15.15,0.158142,0.577988,0.316217,0.318362,0.080881,0.55777,0.1015,0.11,
0.32,6.5,3,70,70,70,374,374,5469.73,79.8,360.1,157.13,15.03,0.126767,0.518186,0.304022,0.29228,0.084212,0.5462,0.0994,0.11,
0.32,6.5,4,70,70,70,360,360,6255.13,79.8,350.1,153.19,16.24,0.134769,0.513578,0.308339,0.311835,0.068943,0.55168,0.1002,0.11,
0.32,6.5,5,70,70,70,315,315,5378.63,79.8,305,161.55,15.25,0.172089,0.597631,0.314073,0.308083,0.089928,0.55494,0.1005,0.11,
0.32,6.5,6,70,70,70,333,333,5854.1,79.8,320.1,153.58,15.76,0.147116,0.515675,0.312872,0.305226,0.085168,0.55421,0.1001,0.11,
0.32,6.5,7,70,70,70,308,308,6014.68,79.8,295.3,151.83,15.7,0.155255,0.536289,0.305048,0.294686,0.073948,0.54836,0.1006,0.11,
0.32,6.5,8,70,70,70,296,296,5385.87,79.8,285.6,162.38,15.31,0.167104,0.692169,0.310547,0.297048,0.073662,0.55383,0.1018,0.11,
0.32,6.5,9,70,70,70,291,291,5800.41,79.8,280.1,151.23,15.61,0.11966,0.490902,0.30656,0.309359,0.069099,0.54992,0.1017,0.11,
0.32,7,0,70,70,70,346,346,5915.65,79.8,335.1,154.95,16.43,0.136537,0.628316,0.310591,0.304787,0.094283,0.55087,0.0979,0.11,
0.32,7,1,70,70,70,255,255,5453.07,79.8,243,149.48,15.34,0.134162,0.517612,0.285973,0.28908,0.08193,0.52933,0.0974,0.11,
0.32,7,2,70,70,70,327,327,5373.71,79.8,313.3,160.05,15.19,0.152058,0.552949,0.307016,0.302479,0.083321,0.54908,0.0999,0.11,
0.32,7,3,70,70,70,374,374,5469.73,79.8,360.1,162.92,15.26,0.131964,0.527126,0.292425,0.288346,0.083468,0.53551,0.0975,0.11,
0.32,7,4,70,70,70,360,360,6255.13,79.8,350.1,160.84,16.39,0.136492,0.517148,0.30166,0.309531,0.075499,0.54481,0.0987,0.11,
0.32,7,5,70,70,70,320,320,5378.63,79.8,309.5,168.3,15.39,0.151497,0.539923,0.306441,0.298833,0.088345,0.54788,0.0993,0.11,
0.32,7,6,70,70,70,333,333,5854.1,79.8,320.1,160.38,15.83,0.166651,0.509465,0.308892,0.30697,0.082623,0.55084,0.0995,0.11,
0.32,7,7,70,70,70,313,313,6014.68,79.8,300.1,156.2,15.84,0.146411,0.54998,0.29808,0.292619,0.081428,0.54106,0.0991,0.11,
0.32,7,8,70,70,70,357,357,5385.87,79.8,348,169.09,15.51,0.200037,0.428778,0.302049,0.293585,0.058451,0.54707,0.1008,0.11,
0.32,7,9,70,70,70,296,296,5800.41,79.8,285.1,155.69,15.66,0.104072,0.497292,0.298384,0.296739,0.074763,0.54178,0.1002,0.11,
0.33,3,0,70,70,70,192,192,5915.65,79.8,180.1,112.17,15.59,0.18506,0.494215,0.3353,0.331394,0.065513,0.57624,0.1034,0.11,
0.33,3,1,70,70,70,190,190,5453.07,79.8,180.8,115.07,14.64,0.176233,0.445062,0.326004,0.337792,0.055588,0.56878,0.1046,0.11,
0.33,3,2,70,70,70,221,221,5373.71,79.8,210.1,114.55,14.35,0.136484,0.500238,0.326567,0.329165,0.073164,0.5677,0.1036,0.11,
0.33,3,3,70,70,70,218,218,5469.73,79.8,210.1,114.11,14.13,0.185365,0.498713,0.333399,0.324502,0.058263,0.57521,0.1057,0.11,
0.33,3,4,70,70,70,218,218,6255.13,79.8,205.1,120.96,15.63,0.16347,0.516037,0.340003,0.345751,0.05777,0.58089,0.1058,0.11,
0.33,3,5,70,70,70,261,261,5378.63,79.8,250.1,121.39,14.48,0.218655,0.558752,0.338948,0.338094,0.063432,0.57971,0.1058,0.11,
0.33,3,6,70,70,70,237,237,5854.1,79.8,224.5,115.66,15,0.177831,0.552535,0.335055,0.332326,0.074205,0.57526,0.1046,0.11,
0.33,3,7,70,70,70,223,223,6014.68,79.8,210.8,113.41,15.02,0.17735,0.494619,0.336349,0.342825,0.063775,0.57727,0.1051,0.11,
0.33,3,8,70,70,70,213,213,5385.87,79.8,205.1,121.23,14.63,0.220912,0.560122,0.332682,0.32385,0.062612,0.57448,0.1058,0.11,
0.33,3,9,70,70,70,217,217,5800.41,79.8,205.1,119.96,14.98,0.197974,0.455451,0.32604,0.329385,0.050501,0.56924,0.1054,0.11,
0.33,3.5,0,70,70,70,197,197,5915.65,79.8,185.1,116.19,15.75,0.187675,0.50291,0.333742,0.334212,0.069165,0.57457,0.1028,0.11,
0.33,3.5,1,70,70,70,215,215,5453.07,79.8,204.1,121.27,14.83,0.174818,0.43221,0.327222,0.339211,0.05723,0.56971,0.1049,0.11,
0.33,3.5,2,70,70,70,249,249,5373.71,79.8,238.9,125.48,14.61,0.140334,0.51477,0.33112,0.334987,0.07623,0.5715,0.1041,0.11,
0.33,3.5,3,70,70,70,223,223,5469.73,79.8,215.1,122.1,14.65,0.178049,0.510135,0.330571,0.314963,0.069031,0.57185,0.1047,0.11,
0.33,3.5,4,70,70,70,223,223,6255.13,79.8,210.1,126.96,15.63,0.11986,0.522603,0.337799,0.351131,0.067098,0.57807,0.1049,0.11,
0.33,3.5,5,70,70,70,266,266,5378.63,79.8,255.1,127.51,14.54,0.222719,0.598565,0.338184,0.330733,0.064862,0.57899,0.1054,0.11,
0.33,3.5,6,70,70,70,238,238,5854.1,79.8,226.5,123.45,15.13,0.182199,0.504882,0.334685,0.342201,0.075074,0.57482,0.104,0.11,
0.33,3.5,7,70,70,70,303,303,6014.68,79.8,290.1,122.36,15.26,0.18122,0.500028,0.329964,0.335903,0.064604,0.57163,0.1043,0.11,
0.33,3.5,8,70,70,70,224,224,5385.87,79.8,215.1,127.96,14.58,0.178864,0.609803,0.329534,0.319511,0.064754,0.57152,0.1054,0.11,
0.33,3.5,9,70,70,70,246,246,5800.41,79.8,235.1,126.26,14.99,0.203265,0.464653,0.325033,0.327032,0.055382,0.56802,0.1051,0.11,
0.33,4,0,70,70,70,207,207,5915.65,79.8,195.1,120.75,15.7,0.180911,0.582832,0.333062,0.333638,0.085857,0.5724,0.1021,0.11,
0.33,4,1,70,70,70,240,240,5453.07,79.8,230.1,128.39,14.85,0.148287,0.448771,0.32388,0.326487,0.062904,0.56624,0.1043,0.11,
0.33,4,2,70,70,70,255,255,5373.71,79.8,244.1,131.66,14.67,0.147754,0.526004,0.329988,0.335448,0.077739,0.57036,0.1037,0.11,
0.33,4,3,70,70,70,277,277,5469.73,79.8,264.9,129.11,14.38,0.173176,0.523594,0.323339,0.313909,0.067805,0.56555,0.1038,0.11,
0.33,4,4,70,70,70,275,275,6255.13,79.8,265.1,132.38,15.81,0.113818,0.530301,0.337863,0.335906,0.067106,0.57817,0.105,0.11,
0.33,4,5,70,70,70,278,278,5378.63,79.8,265.1,133.5,14.67,0.207988,0.574263,0.334177,0.331107,0.066053,0.57538,0.1046,0.11,
0.33,4,6,70,70,70,243,243,5854.1,79.8,230.1,128.79,15.16,0.186613,0.512471,0.339034,0.335224,0.079547,0.57822,0.1041,0.11,
0.33,4,7,70,70,70,303,303,6014.68,79.8,290.1,126.63,15.32,0.181074,0.504055,0.329888,0.326583,0.067226,0.57137,0.104,0.11,
0.33,4,8,70,70,70,236,236,5385.87,79.8,226.4,135.76,14.67,0.188592,0.655308,0.330729,0.31753,0.069474,0.57226,0.1054,0.11,
0.33,4,9,70,70,70,246,246,5800.41,79.8,235.1,132.88,15.12,0.194558,0.455736,0.326909,0.327727,0.056303,0.56961,0.1052,0.11,
0.33,4.5,0,70,70,70,250,250,5915.65,79.8,238.6,126.72,15.87,0.175104,0.587067,0.328807,0.32859,0.082836,0.56891,0.1012,0.11,
0.33,4.5,1,70,70,70,245,245,5453.07,79.8,235.1,129.82,14.94,0.152411,0.470208,0.320952,0.322277,0.064149,0.56358,0.1037,0.11,
0.33,4.5,2,70,70,70,310,310,5373.71,79.8,300.1,136.84,14.8,0.15847,0.525279,0.332201,0.335124,0.074885,0.57274,0.1041,0.11,
0.33,4.5,3,70,70,70,284,284,5469.73,79.8,271.2,134.77,14.61,0.152389,0.53362,0.322881,0.317144,0.072021,0.56474,0.1037,0.11,
0.33,4.5,4,70,70,70,275,275,6255.13,79.8,265.1,138.88,15.86,0.118277,0.537163,0.336717,0.350668,0.068437,0.577,0.1048,0.11,
0.33,4.5,5,70,70,70,293,293,5378.63,79.8,282.4,141.58,14.71,0.204226,0.595176,0.338821,0.337342,0.077299,0.57854,0.1048,0.11,
0.33,4.5,6,70,70,70,272,272,5854.1,79.8,261.4,134.82,15.39,0.18419,0.522394,0.333405,0.334293,0.085967,0.57266,0.1032,0.11,
0.33,4.5,7,70,70,70,308,308,6014.68,79.8,295.1,135.31,15.39,0.180732,0.492246,0.323873,0.321835,0.068516,0.56593,0.1036,0.11,
0.33,4.5,8,70,70,70,252,252,5385.87,79.8,240.1,143.03,15.01,0.194949,0.66442,0.329863,0.31826,0.07186,0.57132,0.1052,0.11,
0.33,4.5,9,70,70,70,286,286,5800.41,79.8,276,139.58,15.38,0.185167,0.439809,0.327225,0.33259,0.059967,0.56958,0.1051,0.11,
0.33,5,0,70,70,70,346,346,5915.65,79.8,335.1,134.74,16.08,0.152538,0.584367,0.323893,0.324655,0.085593,0.56416,0.1003,0.11,
0.33,5,1,70,70,70,247,247,5453.07,79.8,235.1,135.87,15.1,0.157655,0.472167,0.304709,0.304723,0.069335,0.54833,0.1009,0.11,
0.33,5,2,70,70,70,312,312,5373.71,79.8,302.4,143.42,15.02,0.17093,0.557805,0.323344,0.318259,0.074411,0.56499,0.1025,0.11,
0.33,5,3,70,70,70,296,296,5469.73,79.8,283.2,139.36,14.71,0.149323,0.54306,0.315777,0.30371,0.079056,0.55767,0.1018,0.11,
0.33,5,4,70,70,70,278,278,6255.13,79.8,268.7,143.71,15.84,0.160205,0.525549,0.328462,0.33344,0.066148,0.5701,0.1037,0.11,
0.33,5,5,70,70,70,297,297,5378.63,79.8,286.1,149.75,15.01,0.178688,0.610579,0.329531,0.321328,0.077489,0.57028,0.1034,0.11,
0.33,5,6,70,70,70,299,299,5854.1,79.8,286.8,141.3,15.44,0.172099,0.54192,0.325913,0.317216,0.086405,0.56592,0.1018,0.11,
0.33,5,7,70,70,70,308,308,6014.68,79.8,295.1,139.33,15.55,0.181078,0.492112,0.320684,0.319166,0.068143,0.56312,0.1032,0.11,
0.33,5,8,70,70,70,254,254,5385.87,79.8,244.5,149.42,15.05,0.189085,0.696632,0.326994,0.31846,0.071908,0.56879,0.105,0.11,
0.33,5,9,70,70,70,291,291,5800.41,79.8,280.1,143.41,15.38,0.195633,0.462856,0.323317,0.32474,0.062517,0.56592,0.1045,0.11,
0.33,5.5,0,70,70,70,346,346,5915.65,79.8,335.1,143.81,16.31,0.147423,0.56484,0.322849,0.318385,0.088962,0.56266,0.1001,0.11,
0.33,5.5,1,70,70,70,252,252,5453.07,79.8,240.1,141.52,15.25,0.158914,0.47889,0.298142,0.291542,0.072432,0.54204,0.1001,0.11,
0.33,5.5,2,70,70,70,319,319,5373.71,79.8,309.2,146.85,15.02,0.176552,0.570019,0.327443,0.325875,0.078285,0.56825,0.103,0.11,
0.33,5.5,3,70,70,70,300,300,5469.73,79.8,287.9,146.07,14.81,0.136997,0.527324,0.30902,0.293961,0.081827,0.55124,0.1006,0.11,
0.33,5.5,4,70,70,70,283,283,6255.13,81.7,274,147.2,16.09,0.134044,0.511569,0.325563,0.335186,0.063988,0.56769,0.1033,0.11,
0.33,5.5,5,70,70,70,305,305,5378.63,82.5,294.5,155.47,15.04,0.173272,0.621365,0.326007,0.315529,0.082065,0.56674,0.1026,0.11,
0.33,5.5,6,70,70,70,303,303,5854.1,79.8,290.9,144.99,15.53,0.153962,0.561758,0.327422,0.321506,0.090385,0.56677,0.1017,0.11,
0.33,5.5,7,70,70,70,308,308,6014.68,79.8,295.1,143.74,15.63,0.181877,0.510043,0.319965,0.3107,0.072109,0.56218,0.103,0.11,
0.33,5.5,8,70,70,70,287,287,5385.87,79.8,277,159.84,15.25,0.191831,0.444041,0.319136,0.308819,0.060852,0.56236,0.1039,0.11,
0.33,5.5,9,70,70,70,291,291,5800.41,79.8,280.1,149.6,15.65,0.130875,0.483548,0.31212,0.319379,0.06709,0.55522,0.1025,0.11,
0.33,6,0,70,70,70,348,348,5915.65,79.8,337.4,148.61,16.27,0.15803,0.58781,0.326618,0.327104,0.09355,0.56558,0.1003,0.11,
0.33,6,1,70,70,70,252,252,5453.07,79.8,240.1,145.34,15.21,0.142217,0.458042,0.299876,0.295369,0.075905,0.54317,0.1003,0.11,
0.33,6,2,70,70,70,320,320,5373.71,79.8,310.1,152.59,15.1,0.181169,0.575631,0.326919,0.323433,0.077498,0.56789,0.1032,0.11,
0.33,6,3,70,70,70,338,338,5469.73,79.8,325.1,157.04,15.04,0.1275,0.521407,0.307258,0.296769,0.078884,0.54987,0.1003,0.11,
0.33,6,4,70,70,70,360,360,6255.13,85.1,350.1,152.36,16.1,0.136673,0.537601,0.320561,0.332406,0.068984,0.56277,0.1022,0.11,
0.33,6,5,70,70,70,312,312,5378.63,79.8,301.2,161.47,15.24,0.181322,0.628279,0.320599,0.310284,0.0872,0.56134,0.1017,0.11,
0.33,6,6,70,70,70,328,328,5854.1,79.8,315.1,153.72,15.78,0.170217,0.524767,0.32045,0.313322,0.086446,0.56103,0.1011,0.11,
0.33,6,7,70,70,70,313,313,6014.68,79.8,300.1,150.52,15.67,0.180512,0.538551,0.314941,0.302038,0.073998,0.55747,0.1024,0.11,
0.33,6,8,70,70,70,291,291,5385.87,79.8,280.6,164.01,15.37,0.168074,0.454043,0.317385,0.310583,0.062978,0.56057,0.1033,0.11,
0.33,6,9,70,70,70,296,296,5800.41,79.8,285.1,151.55,15.63,0.131611,0.492169,0.313726,0.316567,0.067067,0.5567,0.1028,0.11,
0.33,6.5,0,70,70,70,351,351,5915.65,79.8,340.1,152.71,16.47,0.14952,0.601579,0.318911,0.316967,0.086876,0.55936,0.0995,0.11,
0.33,6.5,1,70,70,70,255,255,5453.07,79.8,245.1,147.79,15.38,0.143667,0.463784,0.297902,0.306801,0.077983,0.54103,0.0998,0.11,
0.33,6.5,2,70,70,70,324,324,5373.71,79.8,311,159.18,15.15,0.166451,0.510036,0.319827,0.319216,0.081193,0.56098,0.1019,0.11,
0.33,6.5,3,70,70,70,374,374,5469.73,79.8,360.1,162.08,15.18,0.131805,0.530455,0.30464,0.295882,0.083859,0.54693,0.0995,0.11,
0.33,6.5,4,70,70,70,360,360,6255.13,79.8,350.1,160.11,16.42,0.139454,0.543918,0.30918,0.313269,0.072122,0.5522,0.0997,0.11,
0.33,6.5,5,70,70,70,316,316,5378.63,82.5,305.9,167.93,15.27,0.181086,0.628407,0.319091,0.315032,0.0907,0.55948,0.1011,0.11,
0.33,6.5,6,70,70,70,333,333,5854.1,79.8,320.1,159.85,15.9,0.154917,0.556492,0.318867,0.318726,0.088435,0.55939,0.1008,0.11,
0.33,6.5,7,70,70,70,313,313,6014.68,79.8,300.1,155.51,15.9,0.162645,0.544302,0.309167,0.305797,0.07677,0.55188,0.1014,0.11,
0.33,6.5,8,70,70,70,350,350,5385.87,79.8,339.4,169.6,15.55,0.200202,0.442609,0.309007,0.3046,0.061347,0.55319,0.1018,0.11,
0.33,6.5,9,70,70,70,296,296,5800.41,79.8,285.1,155.51,15.7,0.124564,0.485283,0.307499,0.312729,0.066977,0.551,0.1018,0.11,
0.33,7,0,70,70,70,351,351,5915.65,79.8,340.1,158.87,16.55,0.142495,0.613275,0.318655,0.317807,0.091768,0.55853,0.0992,0.11,
0.33,7,1,70,70,70,320,320,5453.07,79.8,310.6,154.91,15.55,0.134696,0.521663,0.29443,0.305157,0.086738,0.53671,0.0989,0.11,
0.33,7,2,70,70,70,352,352,5373.71,79.8,338.3,166.15,15.38,0.137502,0.550903,0.30755,0.307231,0.08622,0.54909,0.0999,0.11,
0.33,7,3,70,70,70,374,374,5469.73,79.8,360.1,170.77,15.3,0.142805,0.536923,0.294304,0.291261,0.081691,0.53757,0.0979,0.11,
0.33,7,4,70,70,70,365,365,6255.13,79.8,355.1,166.59,16.32,0.135542,0.547771,0.305351,0.307633,0.076268,0.5482,0.0989,0.11,
0.33,7,5,70,70,70,321,321,5378.63,82.4,310.5,172.44,15.5,0.157054,0.559131,0.313855,0.310327,0.088954,0.55463,0.1004,0.11,
0.33,7,6,70,70,70,338,338,5854.1,79.8,325.1,171.39,15.95,0.163669,0.514841,0.316177,0.315374,0.086772,0.55699,0.1003,0.11,
0.33,7,7,70,70,70,313,313,6014.68,79.8,300.1,159.86,15.85,0.149466,0.552917,0.301895,0.288055,0.081317,0.54464,0.0999,0.11,
0.33,7,8,70,70,70,362,362,5385.87,79.8,351.6,173.13,15.6,0.161582,0.450307,0.305692,0.302587,0.059868,0.55025,0.1012,0.11,
0.33,7,9,70,70,70,296,296,5800.41,79.8,285.1,160.68,15.76,0.108625,0.455757,0.296717,0.296723,0.069358,0.54078,0.0999,0.11,
0.34,3,0,70,70,70,195,195,5915.65,79.8,184,114.73,15.8,0.192912,0.494686,0.338234,0.329826,0.065434,0.57887,0.1039,0.11,
0.34,3,1,70,70,70,205,205,5453.07,79.8,193.2,118.46,14.76,0.186014,0.449414,0.330608,0.336159,0.057816,0.57271,0.1053,0.11,
0.34,3,2,70,70,70,230,230,5373.71,79.8,220.1,119.38,14.45,0.142723,0.508894,0.33134,0.339843,0.070186,0.57222,0.1044,0.11,
0.34,3,3,70,70,70,218,218,5469.73,79.8,210.1,117.63,14.31,0.193459,0.471181,0.337948,0.325792,0.057728,0.57922,0.1061,0.11,
0.34,3,4,70,70,70,223,223,6255.13,79.8,210.1,125.52,15.66,0.171259,0.513254,0.340733,0.348401,0.059414,0.58141,0.1056,0.11,
0.34,3,5,70,70,70,263,263,5378.63,79.8,252.1,127.11,14.47,0.227314,0.589404,0.342501,0.335777,0.063106,0.58288,0.1061,0.11,
0.34,3,6,70,70,70,238,238,5854.1,79.8,225.1,119.38,15.09,0.185021,0.500111,0.335797,0.3429,0.074406,0.57584,0.1044,0.11,
0.34,3,7,70,70,70,298,298,6014.68,79.8,285.1,120.12,15.13,0.185316,0.510216,0.335245,0.331408,0.061606,0.57654,0.1051,0.11,
0.34,3,8,70,70,70,219,219,5385.87,79.8,210.1,125.05,14.49,0.210912,0.590867,0.337068,0.324713,0.068162,0.57793,0.1064,0.11,
0.34,3,9,70,70,70,241,241,5800.41,79.8,230.1,125.76,15.07,0.205804,0.467681,0.325728,0.326808,0.049627,0.56905,0.1055,0.11,
0.34,3.5,0,70,70,70,207,207,5915.65,79.8,195.1,119.07,15.53,0.196312,0.506502,0.338761,0.337127,0.070366,0.57888,0.1035,0.11,
0.34,3.5,1,70,70,70,226,226,5453.07,79.8,215.1,125.14,14.88,0.179486,0.443246,0.329175,0.341174,0.056739,0.57149,0.1054,0.11,
0.34,3.5,2,70,70,70,251,251,5373.71,79.8,240.1,128.89,14.61,0.149576,0.534607,0.334938,0.339265,0.074908,0.57505,0.1047,0.11,
0.34,3.5,3,70,70,70,242,242,5469.73,79.8,231.1,126.05,14.63,0.184616,0.492016,0.328937,0.323744,0.06651,0.57067,0.1047,0.11,
0.34,3.5,4,70,70,70,273,273,6255.13,79.8,263.6,131.83,16.41,0.115791,0.522425,0.341669,0.352714,0.065771,0.58157,0.1055,0.11,
0.34,3.5,5,70,70,70,273,273,5378.63,79.8,260.1,131.75,15.35,0.223795,0.57675,0.341471,0.33687,0.066285,0.58169,0.1057,0.11,
0.34,3.5,6,70,70,70,243,243,5854.1,79.8,230.1,127.94,15.96,0.189519,0.510499,0.338611,0.334467,0.077598,0.57804,0.1043,0.11,
0.34,3.5,7,70,70,70,303,303,6014.68,79.8,290.1,125.39,16,0.189193,0.520057,0.332775,0.329514,0.06619,0.57405,0.1045,0.11,
0.34,3.5,8,70,70,70,226,226,5385.87,79.8,215.5,133.3,15.44,0.186495,0.643935,0.332154,0.320884,0.066562,0.57373,0.1057,0.11,
0.34,3.5,9,70,70,70,246,246,5800.41,79.8,235.1,130.55,16,0.209865,0.452937,0.331904,0.335248,0.056426,0.574,0.106,0.11,
0.34,4,0,70,70,70,246,246,5915.65,79.8,234.7,126.68,16.65,0.187767,0.59131,0.336773,0.328562,0.083835,0.57594,0.1025,0.11,
0.34,4,1,70,70,70,244,244,5453.07,79.8,234.4,132.15,15.79,0.154103,0.467391,0.325816,0.333064,0.061164,0.56815,0.1048,0.11,
0.34,4,2,70,70,70,310,310,5373.71,79.8,300.1,135.29,15.65,0.155327,0.537416,0.335394,0.339842,0.076518,0.57533,0.1045,0.11,
0.34,4,3,70,70,70,279,279,5469.73,79.8,266.4,133.07,15.33,0.169537,0.506134,0.329126,0.321657,0.067914,0.57067,0.1048,0.11,
0.34,4,4,70,70,70,275,275,6255.13,79.8,265.1,137.76,15.97,0.117682,0.514491,0.342147,0.348938,0.062307,0.58228,0.1055,0.11,
0.34,4,5,70,70,70,288,288,5378.63,79.8,277.4,139.55,14.85,0.20889,0.605443,0.339494,0.336377,0.069638,0.57975,0.1053,0.11,
0.34,4,6,70,70,70,246,246,5854.1,79.8,235.1,134.13,15.51,0.194098,0.521183,0.341369,0.345177,0.079557,0.58032,0.1049,0.11,
0.34,4,7,70,70,70,305,305,6014.68,79.8,292.1,132.3,15.47,0.191342,0.495583,0.328288,0.332185,0.06376,0.57026,0.1041,0.11,
0.34,4,8,70,70,70,238,238,5385.87,79.8,228.3,138.42,14.98,0.197167,0.664323,0.335783,0.321644,0.071691,0.57655,0.1062,0.11,
0.34,4,9,70,70,70,286,286,5800.41,79.8,275.1,139.42,15.46,0.200933,0.458535,0.332301,0.336018,0.057944,0.57424,0.106,0.11,
0.34,4.5,0,70,70,70,346,346,5915.65,79.8,335.1,131.72,16.1,0.184097,0.593402,0.334208,0.334565,0.081426,0.57386,0.1021,0.11,
0.34,4.5,1,70,70,70,247,247,5453.07,79.8,235.1,134.56,15.09,0.161625,0.473745,0.319875,0.320857,0.061502,0.56288,0.1034,0.11,
0.34,4.5,2,70,70,70,316,316,5373.71,79.8,306.6,140.68,15.01,0.167164,0.55511,0.335827,0.328972,0.074914,0.57601,0.1045,0.11,
0.34,4.5,3,70,70,70,291,291,5469.73,79.8,278.6,138.71,14.77,0.157194,0.532067,0.323273,0.313151,0.073435,0.56499,0.1036,0.11,
0.34,4.5,4,70,70,70,278,278,6255.13,79.8,268.8,144.9,16.14,0.1583,0.538057,0.341118,0.349607,0.066295,0.58118,0.1053,0.11,
0.34,4.5,5,70,70,70,294,294,5378.63,79.8,283.1,147.67,15.07,0.176904,0.624379,0.338707,0.330086,0.080746,0.57815,0.1046,0.11,
0.34,4.5,6,70,70,70,273,273,5854.1,79.8,262.7,138.86,15.68,0.192436,0.546909,0.335315,0.330254,0.082266,0.57477,0.1036,0.11,
0.34,4.5,7,70,70,70,308,308,6014.68,79.8,295.1,140.79,15.77,0.190828,0.503635,0.323702,0.320917,0.06418,0.56619,0.1036,0.11,
0.34,4.5,8,70,70,70,252,252,5385.87,79.8,240.8,148.97,15.26,0.198762,0.504075,0.324716,0.320729,0.057515,0.56768,0.105,0.11,
0.34,4.5,9,70,70,70,291,291,5800.41,79.8,280.1,142.59,15.63,0.194671,0.462455,0.330772,0.332764,0.06454,0.5724,0.1056,0.11,
0.34,5,0,70,70,70,346,346,5915.65,79.8,335.8,142.03,16.43,0.158079,0.582912,0.329133,0.327627,0.083938,0.56903,0.1013,0.11,
0.34,5,1,70,70,70,255,255,5453.07,79.8,246,142.42,15.36,0.167159,0.495677,0.307622,0.307679,0.072672,0.55077,0.1011,0.11,
0.34,5,2,70,70,70,320,320,5373.71,79.8,310.1,147.71,15.31,0.18112,0.56654,0.328937,0.321107,0.073962,0.57004,0.1035,0.11,
0.34,5,3,70,70,70,298,298,5469.73,79.8,290.1,146.03,15.03,0.155117,0.544294,0.315745,0.300337,0.076744,0.55791,0.1021,0.11,
0.34,5,4,70,70,70,355,355,6255.13,79.8,345.1,149.38,16.07,0.164064,0.553231,0.336353,0.341962,0.066823,0.57702,0.1046,0.11,
0.34,5,5,70,70,70,312,312,5378.63,79.8,300.1,158.35,15.16,0.185918,0.637602,0.3314,0.323822,0.082575,0.57157,0.1035,0.11,
0.34,5,6,70,70,70,300,300,5854.1,79.8,287.7,149.75,15.63,0.161557,0.531902,0.329385,0.326846,0.086499,0.56898,0.1021,0.11,
0.34,5,7,70,70,70,308,308,6014.68,79.8,295.1,143.23,15.56,0.191028,0.517864,0.322355,0.316468,0.066024,0.56488,0.1035,0.11,
0.34,5,8,70,70,70,287,287,5385.87,79.8,275.1,158.57,15.31,0.202406,0.446429,0.325339,0.321938,0.057458,0.56818,0.1051,0.11,
0.34,5,9,70,70,70,291,291,5800.41,79.8,280.1,147.79,15.59,0.161063,0.48315,0.324346,0.31721,0.065811,0.56656,0.1047,0.11,
0.34,5.5,0,70,70,70,351,351,5915.65,79.8,340.1,151.01,16.34,0.154186,0.594206,0.328169,0.326509,0.08988,0.56744,0.1006,0.11,
0.34,5.5,1,70,70,70,258,258,5453.07,79.8,248.9,147.1,15.33,0.165179,0.504485,0.305434,0.307664,0.073637,0.5487,0.1009,0.11,
0.34,5.5,2,70,70,70,320,320,5373.71,79.8,310.1,154.48,15.13,0.122926,0.539951,0.32981,0.327997,0.078343,0.57016,0.1036,0.11,
0.34,5.5,3,70,70,70,303,303,5469.73,79.8,295.1,154.48,14.92,0.141405,0.545991,0.316482,0.307533,0.078972,0.55836,0.1019,0.11,
0.34,5.5,4,70,70,70,357,357,6255.13,82.1,347.9,154.45,16.57,0.138703,0.541157,0.332022,0.34731,0.06402,0.57342,0.1039,0.11,
0.34,5.5,5,70,70,70,317,317,5378.63,84.2,305.1,163.63,15.46,0.18742,0.653896,0.327137,0.319234,0.085572,0.5675,0.1027,0.11,
0.34,5.5,6,70,70,70,304,304,5854.1,79.8,291.7,152.65,15.82,0.173481,0.539001,0.330855,0.32571,0.088193,0.57019,0.1026,0.11,
0.34,5.5,7,70,70,70,313,313,6014.68,79.8,300.1,150.06,15.97,0.191674,0.536418,0.31869,0.314348,0.069718,0.56132,0.103,0.11,
0.34,5.5,8,70,70,70,290,290,5385.87,79.8,279.5,163.93,15.59,0.199635,0.454406,0.32345,0.314763,0.06213,0.56612,0.1045,0.11,
0.34,5.5,9,70,70,70,296,296,5800.41,79.8,285.1,152.92,15.79,0.136783,0.490698,0.317892,0.319855,0.06767,0.56044,0.1035,0.11,
0.34,6,0,70,70,70,351,351,5915.65,79.8,340.1,154.18,16.59,0.166112,0.621279,0.332702,0.338352,0.090472,0.57138,0.1015,0.11,
0.34,6,1,70,70,70,277,277,5453.07,79.8,266.7,152.47,15.56,0.15185,0.484245,0.304661,0.30625,0.077821,0.54747,0.1008,0.11,
0.34,6,2,70,70,70,323,323,5373.71,79.8,313.5,161.56,15.51,0.136477,0.548224,0.323514,0.312949,0.07956,0.56448,0.1025,0.11,
0.34,6,3,70,70,70,374,374,5469.73,79.8,360.1,162.12,15.39,0.140612,0.532455,0.312464,0.303442,0.078824,0.55469,0.1012,0.11,
0.34,6,4,70,70,70,360,360,6255.13,79.8,350.1,157.63,16.33,0.144589,0.537846,0.326826,0.333029,0.069371,0.56834,0.1027,0.11,
0.34,6,5,70,70,70,317,317,5378.63,79.8,305.1,167.17,15.28,0.193764,0.663568,0.327931,0.323599,0.089059,0.56774,0.1027,0.11,
0.34,6,6,70,70,70,333,333,5854.1,79.8,320.1,162.42,15.91,0.178723,0.55167,0.328341,0.314249,0.084962,0.56836,0.1024,0.11,
0.34,6,7,70,70,70,313,313,6014.68,79.8,300.1,154.23,15.79,0.174655,0.477898,0.313248,0.307487,0.067352,0.55647,0.1023,0.11,
0.34,6,8,70,70,70,345,345,5385.87,79.8,335.1,168.02,15.47,0.181324,0.453125,0.320617,0.315671,0.063299,0.56349,0.1037,0.11,
0.34,6,9,70,70,70,296,296,5800.41,79.8,285.1,156.15,15.78,0.137431,0.464922,0.314461,0.321629,0.063555,0.55764,0.1029,0.11,
0.34,6.5,0,70,70,70,351,351,5915.65,79.8,340.1,156.93,16.53,0.153606,0.636189,0.327329,0.325875,0.088001,0.56689,0.1007,0.11,
0.34,6.5,1,70,70,70,278,278,5453.07,79.8,267.4,152.48,15.55,0.143067,0.470015,0.302918,0.308205,0.078544,0.54569,0.1004,0.11,
0.34,6.5,2,70,70,70,332,332,5373.71,79.8,318.4,167.31,15.35,0.160757,0.538075,0.322432,0.329709,0.08545,0.56286,0.1019,0.11,
0.34,6.5,3,70,70,70,375,375,5469.73,79.8,361.7,169.23,15.37,0.138203,0.541303,0.307178,0.303764,0.080225,0.54969,0.1,0.11,
0.34,6.5,4,70,70,70,365,365,6255.13,79.8,355.1,164.86,16.42,0.144702,0.546953,0.319639,0.329282,0.071616,0.5617,0.1012,0.11,
0.34,6.5,5,70,70,70,317,317,5378.63,84.3,306.9,173.96,15.39,0.185367,0.657,0.321463,0.314963,0.09374,0.56133,0.1014,0.11,
0.34,6.5,6,70,70,70,338,338,5854.1,79.8,325.1,171.76,16.16,0.165131,0.514919,0.319892,0.318092,0.082253,0.56096,0.1014,0.11,
0.34,6.5,7,70,70,70,313,313,6014.68,79.8,300.1,159.6,15.99,0.162037,0.487797,0.305477,0.293326,0.070821,0.54906,0.101,0.11,
0.34,6.5,8,70,70,70,357,357,5385.87,79.8,347,176.02,15.55,0.177602,0.463245,0.316289,0.312462,0.06339,0.55961,0.1025,0.11,
0.34,6.5,9,70,70,70,296,296,5800.41,79.8,285.1,159.85,15.77,0.129457,0.4658,0.310826,0.30988,0.065012,0.55427,0.1023,0.11,
0.34,7,0,70,70,70,351,351,5915.65,79.8,340.1,163.46,16.68,0.148024,0.64607,0.322801,0.312944,0.091857,0.56243,0.0998,0.11,
0.34,7,1,70,70,70,324,324,5453.07,79.8,315,161.02,15.58,0.138532,0.460656,0.294408,0.296674,0.078896,0.53756,0.0994,0.11,
0.34,7,2,70,70,70,379,379,5373.71,81.7,365.1,176.91,15.6,0.144467,0.581654,0.313954,0.317034,0.088321,0.55479,0.1006,0.11,
0.34,7,3,70,70,70,379,379,5469.73,79.8,365.1,173.25,15.46,0.152731,0.542454,0.302448,0.29701,0.0816,0.54521,0.0992,0.11,
0.34,7,4,70,70,70,367,367,6255.13,79.8,357.2,172.46,16.59,0.145978,0.554057,0.308542,0.30514,0.075472,0.55129,0.0994,0.11,
0.34,7,5,70,70,70,324,324,5378.63,82.8,314.7,180.85,15.66,0.177535,0.568483,0.323036,0.320984,0.094395,0.56243,0.1017,0.11,
0.34,7,6,70,70,70,338,338,5854.1,79.8,325.1,177.87,16.26,0.170678,0.50713,0.314916,0.303524,0.082542,0.55641,0.1005,0.11,
0.34,7,7,70,70,70,317,317,6014.68,79.8,304.7,166.14,16.18,0.152778,0.513594,0.303677,0.291911,0.082088,0.54615,0.1001,0.11,
0.34,7,8,70,70,70,371,371,5385.87,79.8,360.7,180.25,15.71,0.158456,0.479421,0.312521,0.30665,0.061402,0.55635,0.1018,0.11,
0.34,7,9,70,70,70,296,296,5800.41,79.8,285.1,165.05,15.93,0.110529,0.477569,0.305507,0.303917,0.068487,0.54905,0.1014,0.11,
0.35,3,0,70,70,70,197,197,5915.65,79.8,185.1,117.86,15.94,0.200217,0.498221,0.343565,0.336952,0.066201,0.58347,0.1045,0.11,
0.35,3,1,70,70,70,207,207,5453.07,79.8,195.1,123.3,15.04,0.194065,0.447736,0.329848,0.341424,0.05807,0.57201,0.1054,0.11,
0.35,3,2,70,70,70,245,245,5373.71,79.8,235.1,124.06,14.71,0.149259,0.512391,0.334062,0.345445,0.067681,0.57486,0.105,0.11,
0.35,3,3,70,70,70,240,240,5469.73,79.8,229.7,122.83,14.57,0.201875,0.491362,0.338586,0.333841,0.061832,0.5795,0.1062,0.11,
0.35,3,4,70,70,70,223,223,6255.13,79.8,210.1,128.53,15.7,0.130329,0.514255,0.343491,0.357373,0.062228,0.58347,0.1059,0.11,
0.35,3,5,70,70,70,266,266,5378.63,79.8,255.1,130.82,14.69,0.235102,0.568497,0.342045,0.334025,0.059895,0.58272,0.1063,0.11,
0.35,3,6,70,70,70,240,240,5854.1,79.8,229.8,125.75,15.01,0.192458,0.501763,0.340257,0.337233,0.074365,0.5798,0.1049,0.11,
0.35,3,7,70,70,70,303,303,6014.68,79.8,290.1,125.01,15.3,0.19351,0.476403,0.333736,0.333622,0.060995,0.57525,0.105,0.11,
0.35,3,8,70,70,70,223,223,5385.87,79.8,215.1,129.35,14.6,0.22117,0.6226,0.337236,0.324542,0.068999,0.57803,0.1065,0.11,
0.35,3,9,70,70,70,241,241,5800.41,79.8,230.1,129.42,15.14,0.214759,0.474616,0.334044,0.333297,0.052411,0.57618,0.1064,0.11,
0.35,3.5,0,70,70,70,242,242,5915.65,79.8,230.4,125.36,15.72,0.205275,0.509102,0.340338,0.342371,0.071902,0.58017,0.1035,0.11,
0.35,3.5,1,70,70,70,237,237,5453.07,79.8,226.8,130.69,14.89,0.173285,0.463277,0.330629,0.332259,0.056776,0.57278,0.1058,0.11,
0.35,3.5,2,70,70,70,310,310,5373.71,79.8,300.1,134.61,14.75,0.157061,0.543377,0.336782,0.340305,0.070425,0.57711,0.105,0.11,
0.35,3.5,3,70,70,70,252,252,5469.73,79.8,244.3,128.8,14.74,0.191311,0.499845,0.33294,0.328029,0.063354,0.57444,0.1054,0.11,
0.35,3.5,4,70,70,70,275,275,6255.13,79.8,265.1,135.71,15.92,0.120085,0.520428,0.345682,0.348717,0.06319,0.58526,0.1059,0.11,
0.35,3.5,5,70,70,70,281,281,5378.63,79.8,268.6,137.4,14.75,0.232796,0.597269,0.344096,0.337612,0.067715,0.58389,0.1059,0.11,
0.35,3.5,6,70,70,70,245,245,5854.1,79.8,234.4,134.2,15.23,0.197149,0.516268,0.340812,0.336768,0.077724,0.58001,0.1049,0.11,
0.35,3.5,7,70,70,70,303,303,6014.68,79.8,290.1,131.75,15.4,0.197378,0.53204,0.334646,0.334637,0.065405,0.57582,0.1051,0.11,
0.35,3.5,8,70,70,70,230,230,5385.87,79.8,221,136,14.79,0.193967,0.657001,0.336361,0.322986,0.068559,0.5773,0.1064,0.11,
0.35,3.5,9,70,70,70,286,286,5800.41,79.8,275.1,137.9,15.35,0.217065,0.461791,0.334767,0.339091,0.054435,0.57667,0.1063,0.11,
0.35,4,0,70,70,70,346,346,5915.65,79.8,335.1,133.23,16,0.190253,0.512557,0.338077,0.335115,0.076865,0.57769,0.1028,0.11,
0.35,4,1,70,70,70,246,246,5453.07,79.8,235.1,136.37,15.04,0.160255,0.471798,0.324842,0.32645,0.058936,0.56749,0.1047,0.11,
0.35,4,2,70,70,70,317,317,5373.71,79.8,307.6,138.39,14.84,0.163295,0.545946,0.33838,0.339953,0.074029,0.57827,0.105,0.11,
0.35,4,3,70,70,70,280,280,5469.73,79.8,267.5,137.31,14.58,0.173531,0.505088,0.333089,0.327644,0.068559,0.57412,0.1053,0.11,
0.35,4,4,70,70,70,275,275,6255.13,79.8,265.7,141.02,15.96,0.122493,0.513244,0.347732,0.351669,0.062859,0.58707,0.1063,0.11,
0.35,4,5,70,70,70,289,289,5378.63,79.8,278.5,146.39,14.96,0.222409,0.613978,0.341058,0.332085,0.069215,0.58117,0.1056,0.11,
0.35,4,6,70,70,70,253,253,5854.1,79.8,242.7,139.11,15.38,0.201762,0.517715,0.340402,0.344085,0.079178,0.57952,0.1047,0.11,
0.35,4,7,70,70,70,308,308,6014.68,79.8,295.1,137.15,15.55,0.201368,0.51535,0.330573,0.32911,0.065034,0.57224,0.1045,0.11,
0.35,4,8,70,70,70,252,252,5385.87,79.8,240.1,145.01,15.07,0.238973,0.514998,0.334299,0.320208,0.061074,0.57594,0.106,0.11,
0.35,4,9,70,70,70,291,291,5800.41,79.8,280.1,142.7,15.46,0.209731,0.466206,0.335472,0.338681,0.061443,0.57679,0.1063,0.11,
0.35,4.5,0,70,70,70,347,347,5915.65,79.8,337,140.62,16.2,0.189863,0.587195,0.33414,0.3316,0.080293,0.57394,0.102,0.11,
0.35,4.5,1,70,70,70,289,289,5453.07,79.8,278.9,141.43,15.2,0.169918,0.471964,0.323556,0.31872,0.06321,0.56606,0.104,0.11,
0.35,4.5,2,70,70,70,320,320,5373.71,79.8,310.1,145.69,15,0.176248,0.5624,0.338436,0.333867,0.07649,0.5782,0.1049,0.11,
0.35,4.5,3,70,70,70,298,298,5469.73,79.8,290.1,142.06,14.82,0.162344,0.5108,0.326362,0.31599,0.072168,0.56785,0.1043,0.11,
0.35,4.5,4,70,70,70,355,355,6255.13,79.8,345.1,149.79,16.16,0.164988,0.522304,0.343011,0.349275,0.063536,0.58307,0.1056,0.11,
0.35,4.5,5,70,70,70,294,294,5378.63,79.8,283.9,155.6,15.11,0.164755,0.630406,0.337371,0.333171,0.081814,0.57691,0.1044,0.11,
0.35,4.5,6,70,70,70,293,293,5854.1,79.8,280.1,148.59,15.58,0.186611,0.530815,0.333087,0.328824,0.082249,0.57279,0.1032,0.11,
0.35,4.5,7,70,70,70,308,308,6014.68,79.8,295.1,145.44,15.52,0.201375,0.522914,0.327002,0.325002,0.063304,0.56923,0.104,0.11,
0.35,4.5,8,70,70,70,287,287,5385.87,79.8,275.1,156.03,15.21,0.205976,0.448816,0.329452,0.329292,0.05404,0.57207,0.1058,0.11,
0.35,4.5,9,70,70,70,291,291,5800.41,79.8,280.1,148.63,15.54,0.211558,0.480907,0.328404,0.323989,0.062459,0.57049,0.1053,0.11,
0.35,5,0,70,70,70,351,351,5915.65,79.8,340.1,150.4,16.4,0.164415,0.612077,0.337453,0.332865,0.083034,0.57655,0.1022,0.11,
0.35,5,1,70,70,70,294,294,5453.07,79.8,283.4,148.63,15.45,0.176909,0.502542,0.30951,0.313499,0.073047,0.55249,0.1015,0.11,
0.35,5,2,70,70,70,322,322,5373.71,79.8,312.6,152.05,15.11,0.126673,0.540688,0.332802,0.326746,0.074221,0.57321,0.104,0.11,
0.35,5,3,70,70,70,303,303,5469.73,79.8,295.1,151.25,14.91,0.151848,0.519657,0.320619,0.305447,0.074961,0.56249,0.1029,0.11,
0.35,5,4,70,70,70,355,355,6255.13,79.8,345.1,152.97,16.26,0.143048,0.524629,0.3376,0.344269,0.065618,0.57813,0.1047,0.11,
0.35,5,5,70,70,70,317,317,5378.63,86.4,305.1,163.81,15.23,0.193517,0.645935,0.331685,0.326212,0.080973,0.57199,0.1036,0.11,
0.35,5,6,70,70,70,301,301,5854.1,79.8,288.3,156.35,15.79,0.16624,0.547143,0.329634,0.32295,0.086316,0.56934,0.1026,0.11,
0.35,5,7,70,70,70,313,313,6014.68,79.8,300.1,152.25,15.7,0.201411,0.483706,0.320512,0.318085,0.062067,0.56354,0.1033,0.11,
0.35,5,8,70,70,70,288,288,5385.87,79.8,277.3,164.71,15.31,0.210304,0.467537,0.332225,0.328714,0.060028,0.57407,0.1058,0.11,
0.35,5,9,70,70,70,291,291,5800.41,79.8,280.1,152.12,15.64,0.166485,0.46948,0.329071,0.329033,0.063737,0.57092,0.1054,0.11,
0.35,5.5,0,70,70,70,351,351,5915.65,79.8,340.1,153.45,16.33,0.160008,0.623304,0.335061,0.332096,0.08907,0.57375,0.1016,0.11,
0.35,5.5,1,70,70,70,296,296,5453.07,79.8,285.4,152.32,15.4,0.170445,0.508165,0.309975,0.308959,0.07256,0.55295,0.1018,0.11,
0.35,5.5,2,70,70,70,325,325,5373.71,79.8,315.1,161.14,15.25,0.145898,0.547288,0.330553,0.329474,0.077298,0.57103,0.1036,0.11,
0.35,5.5,3,70,70,70,374,374,5469.73,79.8,360.1,160.28,15.07,0.136877,0.525651,0.322988,0.313477,0.077575,0.56429,0.1029,0.11,
0.35,5.5,4,70,70,70,360,360,6255.13,87.5,350.1,160.79,16.4,0.143981,0.460739,0.333069,0.338795,0.060192,0.57464,0.1039,0.11,
0.35,5.5,5,70,70,70,317,317,5378.63,86.4,305.1,170.44,15.34,0.203658,0.660815,0.332725,0.308614,0.085005,0.57253,0.1035,0.11,
0.35,5.5,6,70,70,70,323,323,5854.1,79.8,310.1,160.74,15.9,0.179334,0.56404,0.3358,0.332318,0.087439,0.57471,0.1037,0.11,
0.35,5.5,7,70,70,70,313,313,6014.68,79.8,300.1,155.62,15.84,0.181774,0.545728,0.319731,0.312324,0.073057,0.56192,0.1031,0.11,
0.35,5.5,8,70,70,70,345,345,5385.87,79.8,335.1,172.28,15.41,0.189719,0.478476,0.327982,0.326195,0.069043,0.56952,0.1045,0.11,
0.35,5.5,9,70,70,70,296,296,5800.41,79.8,285.1,156.23,15.65,0.1425,0.47206,0.323478,0.332932,0.064207,0.56574,0.1042,0.11,
0.35,6,0,70,70,70,351,351,5915.65,79.8,340.1,159.57,16.58,0.171695,0.633567,0.335293,0.338598,0.086761,0.57411,0.1019,0.11,
0.35,6,1,70,70,70,298,298,5453.07,79.8,287.9,156.83,15.56,0.157343,0.50582,0.308455,0.312819,0.07852,0.55089,0.1013,0.11,
0.35,6,2,70,70,70,325,325,5373.71,79.8,315.1,166.3,15.4,0.157936,0.552715,0.333316,0.326668,0.084685,0.57277,0.1038,0.11,
0.35,6,3,70,70,70,377,377,5469.73,79.8,363.9,170.01,15.39,0.144015,0.533803,0.31423,0.309279,0.077246,0.55643,0.1016,0.11,
0.35,6,4,70,70,70,365,365,6255.13,79.8,355.1,166.01,16.37,0.149668,0.458953,0.325056,0.321923,0.063415,0.56732,0.1024,0.11,
0.35,6,5,70,70,70,317,317,5378.63,87.5,305.1,175.21,15.32,0.200763,0.673068,0.329919,0.321354,0.09069,0.56943,0.1026,0.11,
0.35,6,6,70,70,70,338,338,5854.1,79.8,325.1,172,16.03,0.185188,0.578107,0.331115,0.325306,0.085482,0.57082,0.1029,0.11,
0.35,6,7,70,70,70,313,313,6014.68,79.8,300.1,159.31,15.91,0.180538,0.501605,0.317628,0.313216,0.069043,0.5603,0.1028,0.11,
0.35,6,8,70,70,70,348,348,5385.87,79.8,337.8,175.58,15.6,0.179029,0.473771,0.326805,0.327642,0.067932,0.56862,0.1042,0.11,
0.35,6,9,70,70,70,296,296,5800.41,79.8,285.1,159.81,15.71,0.133129,0.475733,0.317584,0.32746,0.062558,0.56058,0.1033,0.11,
0.35,6.5,0,70,70,70,351,351,5915.65,79.8,340.1,164.64,16.71,0.157697,0.643366,0.332826,0.331014,0.089133,0.57167,0.1014,0.11,
0.35,6.5,1,70,70,70,300,300,5453.07,79.8,289.7,160.47,15.54,0.152761,0.479502,0.296839,0.287051,0.080495,0.53985,0.0991,0.11,
0.35,6.5,2,70,70,70,333,333,5373.71,83,319.1,175.95,15.51,0.172217,0.595221,0.321525,0.316942,0.083723,0.56243,0.1019,0.11,
0.35,6.5,3,70,70,70,379,379,5469.73,79.8,365.1,174.43,15.44,0.146727,0.513147,0.312349,0.310006,0.074245,0.55498,0.1012,0.11,
0.35,6.5,4,70,70,70,369,369,6255.13,79.8,359.1,174.23,16.45,0.150827,0.463155,0.315768,0.306475,0.066229,0.55872,0.1008,0.11,
0.35,6.5,5,70,70,70,325,325,5378.63,89.1,315.1,184.8,15.64,0.19529,0.649157,0.325498,0.31595,0.094826,0.56496,0.102,0.11,
0.35,6.5,6,70,70,70,338,338,5854.1,79.8,325.1,178.09,16.2,0.17965,0.519806,0.322258,0.315378,0.08081,0.56334,0.1018,0.11,
0.35,6.5,7,70,70,70,331,331,6014.68,79.8,320.1,166.1,16.06,0.165318,0.514221,0.312184,0.302923,0.075164,0.55479,0.1019,0.11,
0.35,6.5,8,70,70,70,359,359,5385.87,79.8,348.9,180.9,15.68,0.174807,0.490288,0.32064,0.314639,0.068217,0.56309,0.1029,0.11,
0.35,6.5,9,70,70,70,296,296,5800.41,79.8,285.1,163.31,15.78,0.11603,0.48944,0.319741,0.320154,0.067594,0.56205,0.1036,0.11,
0.35,7,0,70,70,70,351,351,5915.65,79.8,340.1,171.05,16.65,0.153035,0.653443,0.324116,0.325285,0.088053,0.56419,0.1002,0.11,
0.35,7,1,70,70,70,378,378,5453.07,79.8,368.7,167.3,15.73,0.140928,0.484071,0.299081,0.295858,0.083443,0.54147,0.0996,0.11,
0.35,7,2,70,70,70,379,379,5373.71,86.6,365.1,184.82,15.67,0.15173,0.606173,0.318029,0.326417,0.085686,0.55896,0.1012,0.11,
0.35,7,3,70,70,70,379,379,5469.73,79.8,365.1,179.19,15.48,0.16222,0.544831,0.307934,0.29867,0.078788,0.5506,0.0999,0.11,
0.35,7,4,70,70,70,385,385,6255.13,79.8,375.1,179.68,16.92,0.153104,0.466567,0.312334,0.306638,0.071622,0.55507,0.1002,0.11,
0.35,7,5,70,70,70,334,334,5378.63,88.6,325,191.79,15.82,0.184233,0.575684,0.319951,0.298936,0.096577,0.55949,0.1011,0.11,
0.35,7,6,70,70,70,338,338,5854.1,79.8,325.1,184.22,16.24,0.17808,0.523879,0.323054,0.308453,0.083606,0.56372,0.1016,0.11,
0.35,7,7,70,70,70,331,331,6014.68,79.8,320.1,171.26,16.1,0.155992,0.535843,0.306856,0.298724,0.082073,0.5491,0.1007,0.11,
0.35,7,8,70,70,70,415,415,5385.87,79.8,405.1,186.96,15.91,0.164543,0.511034,0.318307,0.319559,0.06899,0.56081,0.1022,0.11,
0.35,7,9,70,70,70,365,365,5800.41,79.8,353.9,173.35,16.07,0.114717,0.501951,0.311716,0.311667,0.072611,0.55436,0.1021,0.11,
0.36,3,0,70,70,70,238,238,5915.65,79.8,224.9,122.53,16.04,0.207563,0.502016,0.34786,0.341265,0.06791,0.58706,0.1048,0.11,
0.36,3,1,70,70,70,229,229,5453.07,79.8,218.7,128.52,15.02,0.200255,0.470869,0.333828,0.340601,0.056181,0.57566,0.1061,0.11,
0.36,3,2,70,70,70,251,251,5373.71,79.8,240.1,128.91,14.75,0.156066,0.522584,0.339933,0.342467,0.068244,0.57997,0.1056,0.11,
0.36,3,3,70,70,70,244,244,5469.73,79.8,233.9,126.48,14.56,0.210596,0.506058,0.337407,0.337328,0.057954,0.57877,0.1064,0.11,
0.36,3,4,70,70,70,273,273,6255.13,79.8,263.4,133.08,15.95,0.134379,0.512388,0.345556,0.346423,0.06164,0.58531,0.1062,0.11,
0.36,3,5,70,70,70,273,273,5378.63,79.8,260.1,136.62,14.72,0.242658,0.583908,0.341245,0.334177,0.06423,0.58172,0.1059,0.11,
0.36,3,6,70,70,70,241,241,5854.1,79.8,230.1,131.85,15.35,0.20022,0.524204,0.340833,0.338011,0.075258,0.58027,0.105,0.11,
0.36,3,7,70,70,70,303,303,6014.68,79.8,290.1,130.11,15.3,0.202068,0.501288,0.335501,0.335282,0.060669,0.57688,0.1054,0.11,
0.36,3,8,70,70,70,228,228,5385.87,79.8,218.5,133.58,14.69,0.190502,0.640295,0.341701,0.327252,0.070771,0.58176,0.1069,0.11,
0.36,3,9,70,70,70,286,286,5800.41,79.8,275.1,135.11,15.26,0.242641,0.47896,0.335966,0.338588,0.049002,0.5781,0.1068,0.11,
0.36,3.5,0,70,70,70,292,292,5915.65,79.8,280.1,129.69,15.9,0.214602,0.513054,0.345046,0.340828,0.073243,0.58412,0.1041,0.11,
0.36,3.5,1,70,70,70,244,244,5453.07,79.8,234.7,136.14,15.12,0.181738,0.486264,0.332399,0.338541,0.055954,0.57441,0.1059,0.11,
0.36,3.5,2,70,70,70,315,315,5373.71,79.8,305.1,137.97,14.9,0.165455,0.533512,0.339163,0.34356,0.068071,0.57939,0.1054,0.11,
0.36,3.5,3,70,70,70,263,263,5469.73,79.8,255.3,131.79,14.72,0.197859,0.519176,0.338867,0.334089,0.064992,0.57952,0.1064,0.11,
0.36,3.5,4,70,70,70,275,275,6255.13,79.8,265.1,141.38,15.95,0.124439,0.531621,0.347075,0.347857,0.062068,0.5866,0.1061,0.11,
0.36,3.5,5,70,70,70,283,283,5378.63,79.8,270.1,144.07,14.81,0.232156,0.605213,0.341195,0.333661,0.06741,0.58145,0.1057,0.11,
0.36,3.5,6,70,70,70,248,248,5854.1,79.8,238,138.16,15.35,0.205013,0.536872,0.344989,0.344857,0.075847,0.58381,0.1056,0.11,
0.36,3.5,7,70,70,70,308,308,6014.68,79.8,295.1,135.22,15.33,0.205853,0.537408,0.337566,0.333839,0.0642,0.57843,0.1054,0.11,
0.36,3.5,8,70,70,70,239,239,5385.87,79.8,229.9,141.61,14.82,0.202334,0.508606,0.337209,0.32841,0.061758,0.57835,0.1067,0.11,
0.36,3.5,9,70,70,70,286,286,5800.41,79.8,275.5,143.2,15.34,0.22451,0.4619,0.336975,0.340053,0.053681,0.57866,0.1066,0.11,
0.36,4,0,70,70,70,346,346,5915.65,79.8,335.8,140.61,16.1,0.197353,0.514026,0.339221,0.339192,0.073592,0.57901,0.1032,0.11,
0.36,4,1,70,70,70,296,296,5453.07,79.8,285.2,141.38,15.16,0.167132,0.494052,0.327305,0.332127,0.059596,0.56965,0.1049,0.11,
0.36,4,2,70,70,70,320,320,5373.71,79.8,310.1,143.98,15.03,0.171628,0.558141,0.340135,0.340069,0.071291,0.58005,0.1053,0.11,
0.36,4,3,70,70,70,281,281,5469.73,79.8,268.8,141.8,14.58,0.180335,0.528492,0.337529,0.326003,0.068958,0.57803,0.1059,0.11,
0.36,4,4,70,70,70,284,284,6255.13,79.8,275,147.63,16.16,0.126995,0.51043,0.349451,0.348884,0.062465,0.58861,0.1066,0.11,
0.36,4,5,70,70,70,290,290,5378.63,79.8,279.6,152.28,15.04,0.230177,0.623398,0.342238,0.3316,0.071414,0.58208,0.1056,0.11,
0.36,4,6,70,70,70,289,289,5854.1,79.8,276.1,145.14,15.51,0.200957,0.531208,0.343688,0.34006,0.078622,0.58243,0.105,0.11,
0.36,4,7,70,70,70,308,308,6014.68,79.8,295.1,143.6,15.62,0.209832,0.536718,0.335567,0.328732,0.065449,0.57663,0.1052,0.11,
0.36,4,8,70,70,70,282,282,5385.87,79.8,270.1,152.35,15,0.216253,0.542256,0.335504,0.33295,0.060836,0.57697,0.1062,0.11,
0.36,4,9,70,70,70,291,291,5800.41,79.8,280.1,148.51,15.55,0.217438,0.477459,0.336747,0.338126,0.060947,0.57794,0.1066,0.11,
0.36,4.5,0,70,70,70,351,351,5915.65,79.8,340.1,145.86,16.18,0.195614,0.603123,0.339459,0.33791,0.076994,0.57899,0.1028,0.11,
0.36,4.5,1,70,70,70,300,300,5453.07,79.8,289.8,147.6,15.27,0.177814,0.49647,0.320346,0.327075,0.063442,0.56318,0.1035,0.11,
0.36,4.5,2,70,70,70,324,324,5373.71,79.8,314.6,148.9,14.93,0.185744,0.556085,0.343819,0.340965,0.074713,0.58301,0.1057,0.11,
0.36,4.5,3,70,70,70,303,303,5469.73,79.8,295.1,148.77,14.73,0.168094,0.534739,0.329616,0.319871,0.075245,0.57051,0.1046,0.11,
0.36,4.5,4,70,70,70,355,355,6255.13,79.8,345.1,154.14,16.43,0.17289,0.466113,0.343062,0.355302,0.059049,0.58341,0.1059,0.11,
0.36,4.5,5,70,70,70,312,312,5378.63,79.8,300.1,162.44,15.21,0.204364,0.599502,0.339803,0.332144,0.075889,0.57953,0.1049,0.11,
0.36,4.5,6,70,70,70,303,303,5854.1,79.8,290.1,155.99,15.9,0.194599,0.553606,0.336391,0.334164,0.081845,0.57578,0.1037,0.11,
0.36,4.5,7,70,70,70,309,309,6014.68,79.8,296.3,150.09,15.88,0.212359,0.471857,0.328607,0.329403,0.057421,0.57106,0.1046,0.11,
0.36,4.5,8,70,70,70,287,287,5385.87,79.8,275.1,163.16,15.36,0.213892,0.47224,0.336628,0.329492,0.0581,0.57808,0.1064,0.11,
0.36,4.5,9,70,70,70,291,291,5800.41,79.8,280.1,152.31,15.71,0.213529,0.473421,0.333293,0.337165,0.062832,0.57475,0.106,0.11,
0.36,5,0,70,70,70,351,351,5915.65,79.8,340.1,153.74,16.55,0.170288,0.592707,0.338981,0.329945,0.080624,0.57818,0.1025,0.11,
0.36,5,1,70,70,70,306,306,5453.07,79.8,295.1,150.56,15.57,0.176521,0.495385,0.314918,0.316192,0.071515,0.55754,0.1024,0.11,
0.36,5,2,70,70,70,325,325,5373.71,79.8,315.1,157.52,15.32,0.131581,0.531526,0.336731,0.335158,0.072612,0.57683,0.1044,0.11,
0.36,5,3,70,70,70,303,303,5469.73,79.8,295.1,155.6,15.1,0.15768,0.538616,0.329651,0.316381,0.075466,0.5705,0.1042,0.11,
0.36,5,4,70,70,70,360,360,6255.13,79.8,350.1,163.42,16.36,0.148289,0.472188,0.337241,0.34736,0.064205,0.57794,0.1044,0.11,
0.36,5,5,70,70,70,317,317,5378.63,89,305.1,168.34,15.4,0.201143,0.61179,0.336127,0.323675,0.078476,0.57608,0.1043,0.11,
0.36,5,6,70,70,70,313,313,5854.1,79.8,300.1,162.94,15.94,0.174968,0.57,0.33504,0.334182,0.087618,0.574,0.1036,0.11,
0.36,5,7,70,70,70,313,313,6014.68,79.8,300.1,154.91,15.9,0.212218,0.493577,0.324947,0.321476,0.062918,0.56743,0.104,0.11,
0.36,5,8,70,70,70,345,345,5385.87,79.8,335.1,170.41,15.53,0.218045,0.490724,0.335388,0.336753,0.066836,0.57628,0.1061,0.11,
0.36,5,9,70,70,70,296,296,5800.41,79.8,285.1,156.76,15.73,0.145265,0.474792,0.327921,0.335959,0.066905,0.56953,0.1049,0.11,
0.36,5.5,0,70,70,70,351,351,5915.65,79.8,340.1,157.79,16.49,0.166193,0.608734,0.339297,0.340353,0.087889,0.57757,0.1022,0.11,
0.36,5.5,1,70,70,70,306,306,5453.07,79.8,295.1,157.03,15.43,0.160448,0.491461,0.313538,0.313366,0.075954,0.55592,0.1023,0.11,
0.36,5.5,2,70,70,70,325,325,5373.71,79.8,315.1,165.2,15.33,0.149788,0.552294,0.333215,0.329447,0.077413,0.57335,0.104,0.11,
0.36,5.5,3,70,70,70,378,378,5469.73,79.8,364.4,169.09,15.31,0.152048,0.540654,0.322712,0.319087,0.074423,0.56434,0.1031,0.11,
0.36,5.5,4,70,70,70,365,365,6255.13,90.3,355.1,169.11,16.48,0.149184,0.477783,0.335502,0.342184,0.061131,0.57673,0.104,0.11,
0.36,5.5,5,70,70,70,317,317,5378.63,87.2,305.1,174.8,15.44,0.21354,0.619664,0.335044,0.324121,0.081041,0.57487,0.1039,0.11,
0.36,5.5,6,70,70,70,333,333,5854.1,79.8,320.1,174.56,16.04,0.194971,0.53938,0.338643,0.336967,0.080802,0.57791,0.1041,0.11,
0.36,5.5,7,70,70,70,331,331,6014.68,79.8,320.1,163.29,16.08,0.190677,0.512178,0.319902,0.315842,0.067878,0.56253,0.1029,0.11,
0.36,5.5,8,70,70,70,345,345,5385.87,79.8,335.1,175.29,15.53,0.188273,0.503094,0.33264,0.334928,0.069915,0.57358,0.1051,0.11,
0.36,5.5,9,70,70,70,296,296,5800.41,79.8,285.1,159.89,15.77,0.14338,0.483265,0.324521,0.32611,0.067081,0.56643,0.1044,0.11,
0.36,6,0,70,70,70,351,351,5915.65,79.8,340.1,164.2,16.58,0.166059,0.621844,0.337978,0.348245,0.086955,0.57643,0.1023,0.11,
0.36,6,1,70,70,70,311,311,5453.07,79.8,300.1,161.67,15.53,0.152575,0.521093,0.306137,0.310847,0.082226,0.5484,0.1009,0.11,
0.36,6,2,70,70,70,330,330,5373.71,79.9,320.1,172.56,15.45,0.166875,0.575371,0.331582,0.327063,0.083779,0.57137,0.1035,0.11,
0.36,6,3,70,70,70,379,379,5469.73,79.8,365.1,172.21,15.41,0.14992,0.518172,0.322199,0.318935,0.075443,0.56378,0.1028,0.11,
0.36,6,4,70,70,70,368,368,6255.13,79.8,358.9,174.21,16.59,0.155038,0.461323,0.326826,0.322692,0.062761,0.56895,0.1028,0.11,
0.36,6,5,70,70,70,318,318,5378.63,89,306.5,183.41,15.53,0.208289,0.685493,0.333672,0.321133,0.085723,0.57325,0.1034,0.11,
0.36,6,6,70,70,70,338,338,5854.1,79.8,325.1,179.14,16.17,0.184715,0.528762,0.33382,0.322523,0.081742,0.57358,0.1032,0.11,
0.36,6,7,70,70,70,331,331,6014.68,79.8,320.1,165.39,16.02,0.188722,0.528101,0.320741,0.315212,0.07242,0.56284,0.103,0.11,
0.36,6,8,70,70,70,349,349,5385.87,79.8,338.9,180.59,15.67,0.185157,0.497675,0.329045,0.320254,0.067028,0.57074,0.1045,0.11,
0.36,6,9,70,70,70,296,296,5800.41,79.8,285.1,164.21,15.81,0.138076,0.499202,0.320817,0.324949,0.063628,0.56345,0.1037,0.11,
0.36,6.5,0,70,70,70,354,354,5915.65,79.8,343.6,169.74,16.7,0.162091,0.632437,0.335767,0.341921,0.085682,0.57467,0.1019,0.11,
0.36,6.5,1,70,70,70,319,319,5453.07,79.8,310,164.52,15.62,0.15437,0.503513,0.300493,0.284403,0.084217,0.54291,0.0998,0.11,
0.36,6.5,2,70,70,70,355,355,5373.71,83.6,345.1,184.09,15.73,0.158686,0.602669,0.32781,0.321614,0.085427,0.56789,0.1025,0.11,
0.36,6.5,3,70,70,70,379,379,5469.73,79.8,365.1,179.95,15.48,0.155588,0.5315,0.318008,0.322762,0.076466,0.55988,0.1016,0.11,
0.36,6.5,4,70,70,70,385,385,6255.13,79.8,375.1,183.35,16.79,0.153325,0.437759,0.320642,0.31231,0.065586,0.56316,0.1017,0.11,
0.36,6.5,5,70,70,70,335,335,5378.63,92.8,325.1,191.06,15.91,0.180913,0.605569,0.327431,0.312593,0.089756,0.56714,0.1027,0.11,
0.36,6.5,6,70,70,70,338,338,5854.1,79.8,325.1,183.17,16.37,0.186722,0.521193,0.330027,0.323582,0.084283,0.5699,0.1026,0.11,
0.36,6.5,7,70,70,70,331,331,6014.68,79.8,320.1,172.08,16.14,0.168831,0.541571,0.314739,0.304768,0.077876,0.55688,0.1019,0.11,
0.36,6.5,8,70,70,70,361,361,5385.87,79.8,351,184.94,15.74,0.181285,0.520396,0.328647,0.319933,0.069362,0.57017,0.104,0.11,
0.36,6.5,9,70,70,70,362,362,5800.41,79.8,350.7,170.77,16.06,0.120453,0.506291,0.319355,0.319724,0.068451,0.56174,0.1034,0.11,
0.36,7,0,70,70,70,356,356,5915.65,79.8,345.1,175.87,16.84,0.158599,0.64082,0.328467,0.326732,0.084077,0.56848,0.101,0.11,
0.36,7,1,70,70,70,379,379,5453.07,85.1,369.5,171.59,15.93,0.145451,0.49115,0.301822,0.290856,0.088565,0.54345,0.0998,0.11,
0.36,7,2,70,70,70,399,399,5373.71,87.2,386.2,194.38,15.87,0.159219,0.613081,0.317495,0.318936,0.085041,0.5585,0.1012,0.11,
0.36,7,3,70,70,70,379,379,5469.73,79.8,365.1,184.49,15.58,0.170806,0.541526,0.312605,0.309012,0.07401,0.55532,0.101,0.11,
0.36,7,4,70,70,70,385,385,6255.13,80,375.1,194.44,17.08,0.160631,0.446254,0.311997,0.304965,0.069705,0.55497,0.1001,0.11,
0.36,7,5,70,70,70,340,340,5378.63,96.5,330.1,196.63,15.83,0.177328,0.540653,0.325368,0.310828,0.094706,0.56457,0.1023,0.11,
0.36,7,6,70,70,70,342,342,5854.1,79.8,329.8,191.84,16.41,0.170357,0.530005,0.329908,0.317087,0.08329,0.5699,0.1026,0.11,
0.36,7,7,70,70,70,336,336,6014.68,79.8,325.1,175.73,16.19,0.159656,0.559534,0.3131,0.305946,0.081426,0.55491,0.1014,0.11,
0.36,7,8,70,70,70,415,415,5385.87,79.8,405.5,192.72,15.93,0.130801,0.47613,0.319462,0.31946,0.070254,0.56158,0.1023,0.11,
0.36,7,9,70,70,70,366,366,5800.41,79.8,355,177.29,16.14,0.118898,0.508972,0.311442,0.302475,0.074039,0.55406,0.1019,0.11,
0.37,3,0,70,70,70,292,292,5915.65,79.8,280.1,129.1,16.09,0.215243,0.527519,0.347902,0.33996,0.067089,0.58717,0.1049,0.11,
0.37,3,1,70,70,70,236,236,5453.07,79.8,225.1,130.95,15.01,0.20435,0.483159,0.334765,0.337745,0.056713,0.57648,0.1062,0.11,
0.37,3,2,70,70,70,310,310,5373.71,79.8,300.1,136.18,14.89,0.163133,0.533153,0.340984,0.341233,0.068284,0.58095,0.1059,0.11,
0.37,3,3,70,70,70,258,258,5469.73,79.8,250.1,130.21,14.58,0.219618,0.506394,0.342713,0.334891,0.061126,0.58316,0.1068,0.11,
0.37,3,4,70,70,70,275,275,6255.13,79.8,265.1,138.45,15.81,0.139413,0.522252,0.350549,0.351284,0.063361,0.5895,0.1068,0.11,
0.37,3,5,70,70,70,276,276,5378.63,79.8,265.1,140.2,14.71,0.250418,0.592535,0.345743,0.340651,0.064198,0.58562,0.1065,0.11,
0.37,3,6,70,70,70,246,246,5854.1,79.8,235.1,136.47,15.2,0.208198,0.531138,0.342514,0.33618,0.074641,0.58178,0.1053,0.11,
0.37,3,7,70,70,70,303,303,6014.68,79.8,290.1,133.44,15.35,0.210883,0.516724,0.339963,0.333022,0.061143,0.58075,0.1059,0.11,
0.37,3,8,70,70,70,232,232,5385.87,79.8,222.1,138.82,14.88,0.197904,0.490637,0.338013,0.331485,0.058475,0.57928,0.107,0.11,
0.37,3,9,70,70,70,286,286,5800.41,79.8,275.1,139.86,15.32,0.234836,0.471544,0.340739,0.345183,0.051528,0.58206,0.1072,0.11,
0.37,3.5,0,70,70,70,346,346,5915.65,79.8,335.1,139.54,16.13,0.215888,0.508114,0.344585,0.336795,0.069267,0.5841,0.1042,0.11,
0.37,3.5,1,70,70,70,300,300,5453.07,79.8,289.6,140.13,15.12,0.190068,0.490567,0.335672,0.340979,0.056546,0.57727,0.1063,0.11,
0.37,3.5,2,70,70,70,320,320,5373.71,79.8,310.1,143.11,14.9,0.17139,0.523764,0.342015,0.337325,0.068687,0.58185,0.1058,0.11,
0.37,3.5,3,70,70,70,278,278,5469.73,79.8,265.1,141.78,14.9,0.209049,0.519774,0.341011,0.329568,0.066399,0.5813,0.1065,0.11,
0.37,3.5,4,70,70,70,280,280,6255.13,79.8,270.1,145.88,16.01,0.128853,0.463549,0.34757,0.353615,0.057386,0.58735,0.1065,0.11,
0.37,3.5,5,70,70,70,283,283,5378.63,79.8,270.1,148.95,14.97,0.242443,0.58691,0.344711,0.336803,0.065513,0.58464,0.106,0.11,
0.37,3.5,6,70,70,70,256,256,5854.1,79.8,245.1,145.27,15.59,0.208322,0.528466,0.341766,0.342196,0.070266,0.58151,0.1055,0.11,
0.37,3.5,7,70,70,70,308,308,6014.68,79.8,295.1,141.49,15.74,0.214692,0.514061,0.340123,0.336255,0.063006,0.58074,0.1058,0.11,
0.37,3.5,8,70,70,70,245,245,5385.87,79.8,235.1,148.44,15.07,0.209346,0.53771,0.339836,0.33202,0.060852,0.5807,0.1071,0.11,
0.37,3.5,9,70,70,70,291,291,5800.41,79.8,280.1,148.47,15.62,0.232294,0.453588,0.336641,0.336569,0.052293,0.57846,0.1066,0.11,
0.37,4,0,70,70,70,351,351,5915.65,79.8,340.1,144.05,16.36,0.20475,0.537838,0.341621,0.34214,0.07192,0.58134,0.1035,0.11,
0.37,4,1,70,70,70,306,306,5453.07,79.8,295.1,145.24,15.26,0.173668,0.500009,0.328069,0.333185,0.060688,0.57025,0.1049,0.11,
0.37,4,2,70,70,70,324,324,5373.71,79.8,314.6,147.58,15.12,0.180325,0.55097,0.342242,0.34141,0.071054,0.58188,0.1057,0.11,
0.37,4,3,70,70,70,298,298,5469.73,79.8,290.1,148.14,14.96,0.188823,0.531723,0.335714,0.330822,0.069894,0.57637,0.1057,0.11,
0.37,4,4,70,70,70,355,355,6255.13,79.8,345.1,152.93,16.26,0.133217,0.471149,0.347437,0.353135,0.059546,0.5871,0.1066,0.11,
0.37,4,5,70,70,70,312,312,5378.63,79.8,300.1,159.8,15.27,0.236635,0.611444,0.347043,0.331308,0.072407,0.58612,0.106,0.11,
0.37,4,6,70,70,70,302,302,5854.1,79.8,289.2,154.41,15.88,0.201437,0.554753,0.346135,0.344605,0.076106,0.58481,0.1053,0.11,
0.37,4,7,70,70,70,308,308,6014.68,79.8,295.1,149.02,15.75,0.218545,0.469044,0.333781,0.336718,0.05633,0.57569,0.1052,0.11,
0.37,4,8,70,70,70,287,287,5385.87,79.8,275.1,158.78,15.28,0.223852,0.569956,0.341501,0.333621,0.065092,0.58187,0.1067,0.11,
0.37,4,9,70,70,70,291,291,5800.41,79.8,280.1,151.96,15.72,0.168136,0.475487,0.33793,0.341477,0.06248,0.57876,0.1065,0.11,
0.37,4.5,0,70,70,70,351,351,5915.65,79.8,340.1,149.22,16.33,0.179983,0.587961,0.344177,0.3421,0.075087,0.58323,0.1036,0.11,
0.37,4.5,1,70,70,70,306,306,5453.07,79.8,295.1,151.69,15.43,0.187531,0.50962,0.321014,0.32505,0.069116,0.56331,0.1035,0.11,
0.37,4.5,2,70,70,70,325,325,5373.71,79.8,315.1,154.13,15.13,0.127669,0.557102,0.344741,0.342685,0.07871,0.58326,0.1055,0.11,
0.37,4.5,3,70,70,70,303,303,5469.73,79.8,295.1,155.68,15.03,0.174719,0.543034,0.32891,0.31803,0.072681,0.57013,0.1045,0.11,
0.37,4.5,4,70,70,70,356,356,6255.13,79.8,346.3,159.09,16.47,0.182227,0.47631,0.345954,0.354329,0.061278,0.58577,0.1059,0.11,
0.37,4.5,5,70,70,70,312,312,5378.63,79.8,300.1,167.61,15.4,0.21147,0.629822,0.346551,0.330618,0.075808,0.58539,0.1058,0.11,
0.37,4.5,6,70,70,70,312,312,5854.1,79.8,299.8,165.13,15.87,0.182252,0.499928,0.337903,0.339675,0.076137,0.57756,0.1041,0.11,
0.37,4.5,7,70,70,70,313,313,6014.68,79.8,300.1,156.35,15.87,0.222572,0.495743,0.33215,0.329522,0.059299,0.57406,0.105,0.11,
0.37,4.5,8,70,70,70,340,340,5385.87,79.8,330.1,168.36,15.47,0.215622,0.497739,0.340913,0.336262,0.059644,0.58169,0.1068,0.11,
0.37,4.5,9,70,70,70,296,296,5800.41,79.8,285.1,156.52,15.8,0.162293,0.473121,0.330702,0.338262,0.064414,0.57226,0.1054,0.11,
0.37,5,0,70,70,70,351,351,5915.65,79.8,340.1,157.17,16.52,0.169199,0.579343,0.339171,0.332582,0.079451,0.5784,0.1026,0.11,
0.37,5,1,70,70,70,307,307,5453.07,79.8,296.4,154.76,15.55,0.182871,0.518169,0.318253,0.316667,0.074513,0.56042,0.1028,0.11,
0.37,5,2,70,70,70,327,327,5373.71,79.8,317.2,161.18,15.28,0.137552,0.555616,0.337601,0.335583,0.076278,0.57732,0.1044,0.11,
0.37,5,3,70,70,70,376,376,5469.73,79.8,363,166.41,15.23,0.163044,0.554557,0.333619,0.327069,0.073335,0.57417,0.1045,0.11,
0.37,5,4,70,70,70,362,362,6255.13,79.9,352.1,172.7,16.7,0.151045,0.479759,0.341301,0.342859,0.064094,0.58156,0.105,0.11,
0.37,5,5,70,70,70,317,317,5378.63,90.1,305.1,174.03,15.45,0.20899,0.642948,0.341213,0.325598,0.080491,0.58034,0.105,0.11,
0.37,5,6,70,70,70,313,313,5854.1,79.8,301,171.98,16.1,0.194951,0.532367,0.333834,0.330813,0.079876,0.57369,0.1037,0.11,
0.37,5,7,70,70,70,313,313,6014.68,79.8,300.1,162.55,16,0.223438,0.518814,0.329093,0.330764,0.063618,0.5711,0.1044,0.11,
0.37,5,8,70,70,70,345,345,5385.87,79.8,335.1,175.28,15.68,0.218406,0.515235,0.336793,0.330472,0.068245,0.57746,0.106,0.11,
0.37,5,9,70,70,70,296,296,5800.41,79.8,285.1,160.19,15.85,0.150748,0.487901,0.328949,0.331102,0.066047,0.57054,0.1052,0.11,
0.37,5.5,0,70,70,70,354,354,5915.65,79.8,343.1,162.86,16.63,0.171746,0.590476,0.345896,0.343893,0.087208,0.5834,0.1031,0.11,
0.37,5.5,1,70,70,70,311,311,5453.07,79.8,300.1,160.54,15.57,0.164875,0.516434,0.311785,0.317194,0.077221,0.55416,0.1019,0.11,
0.37,5.5,2,70,70,70,330,330,5373.71,79.8,320.1,171.54,15.38,0.155167,0.580379,0.336231,0.334756,0.080072,0.57574,0.1042,0.11,
0.37,5.5,3,70,70,70,379,379,5469.73,79.8,365.1,176.39,15.43,0.157582,0.565797,0.33106,0.328382,0.076413,0.57164,0.1039,0.11,
0.37,5.5,4,70,70,70,368,368,6255.13,92.9,358.1,180.78,16.75,0.154587,0.47862,0.328168,0.320102,0.060225,0.57042,0.1032,0.11,
0.37,5.5,5,70,70,70,318,318,5378.63,87.6,306.5,182.15,15.67,0.215746,0.651401,0.339972,0.322739,0.082729,0.57908,0.1046,0.11,
0.37,5.5,6,70,70,70,333,333,5854.1,79.8,320.1,180.04,16.35,0.204116,0.550559,0.337739,0.329052,0.078529,0.57736,0.1039,0.11,
0.37,5.5,7,70,70,70,331,331,6014.68,79.8,320.1,167.42,16.07,0.199755,0.538573,0.324693,0.322983,0.069532,0.56663,0.1035,0.11,
0.37,5.5,8,70,70,70,345,345,5385.87,80,335.1,181.8,15.8,0.171055,0.527378,0.334336,0.330784,0.072564,0.57484,0.1047,0.11,
0.37,5.5,9,70,70,70,298,298,5800.41,79.8,287.3,164.72,15.92,0.151155,0.4988,0.325713,0.327841,0.070061,0.5673,0.1043,0.11,
0.37,6,0,70,70,70,356,356,5915.65,79.8,345.1,168.61,16.92,0.170574,0.600628,0.340823,0.340932,0.084267,0.57929,0.1028,0.11,
0.37,6,1,70,70,70,311,311,5453.07,79.8,300.1,165.16,15.76,0.158415,0.521973,0.307098,0.303509,0.07743,0.54986,0.1014,0.11,
0.37,6,2,70,70,70,381,381,5373.71,80.5,367.5,182.82,15.74,0.210504,0.602434,0.337272,0.333692,0.081727,0.57672,0.1043,0.11,
0.37,6,3,70,70,70,379,379,5469.73,79.8,365.1,180.06,15.68,0.159885,0.534104,0.329423,0.326555,0.076285,0.5702,0.1034,0.11,
0.37,6,4,70,70,70,385,385,6255.13,79.8,375.1,188.44,17,0.160772,0.475635,0.328696,0.325074,0.063439,0.5706,0.1028,0.11,
0.37,6,5,70,70,70,335,335,5378.63,90.1,325.1,189.39,15.82,0.214805,0.656278,0.335064,0.315649,0.084288,0.57462,0.1038,0.11,
0.37,6,6,70,70,70,338,338,5854.1,79.8,325.1,181.79,16.35,0.189556,0.551682,0.340516,0.326476,0.082984,0.57934,0.1041,0.11,
0.37,6,7,70,70,70,332,332,6014.68,79.8,321.1,170.35,16.16,0.196729,0.555383,0.324981,0.318561,0.07157,0.56671,0.1036,0.11,
0.37,6,8,70,70,70,350,350,5385.87,80.1,340.1,186.28,15.75,0.170294,0.527425,0.333406,0.330449,0.068496,0.57442,0.1046,0.11,
0.37,6,9,70,70,70,301,301,5800.41,79.8,290.1,168.11,15.93,0.14309,0.491251,0.324418,0.325716,0.064924,0.56655,0.1042,0.11,
0.37,6.5,0,70,70,70,356,356,5915.65,79.8,345.1,173.17,16.82,0.168328,0.611864,0.344234,0.34473,0.087402,0.58189,0.1032,0.11,
0.37,6.5,1,70,70,70,376,376,5453.07,79.8,367,172.49,15.9,0.156938,0.528312,0.299374,0.289694,0.084667,0.54183,0.0994,0.11,
0.37,6.5,2,70,70,70,398,398,5373.71,84.1,385.1,189.97,15.86,0.165098,0.539872,0.329084,0.32892,0.080085,0.56949,0.1031,0.11,
0.37,6.5,3,70,70,70,379,379,5469.73,79.8,365.1,184.25,15.68,0.176008,0.544661,0.324461,0.325637,0.077901,0.56559,0.1026,0.11,
0.37,6.5,4,70,70,70,386,386,6255.13,79.8,376.9,193.45,17.17,0.158401,0.458968,0.320476,0.312812,0.066155,0.56304,0.1015,0.11,
0.37,6.5,5,70,70,70,340,340,5378.63,93.3,330.1,196.89,15.85,0.187713,0.630391,0.330754,0.314873,0.088256,0.57028,0.103,0.11,
0.37,6.5,6,70,70,70,340,340,5854.1,79.8,328,187,16.35,0.194163,0.527854,0.336341,0.320901,0.085235,0.57541,0.1037,0.11,
0.37,6.5,7,70,70,70,336,336,6014.68,79.8,325.1,175.92,16.24,0.172964,0.56969,0.316057,0.313547,0.075757,0.55827,0.1021,0.11,
0.37,6.5,8,70,70,70,416,416,5385.87,80.1,406.1,193.78,16,0.177849,0.485413,0.3292,0.325439,0.069392,0.57054,0.104,0.11,
0.37,6.5,9,70,70,70,365,365,5800.41,81.9,353.7,175.11,16.21,0.125267,0.491796,0.321174,0.318875,0.067081,0.56345,0.1036,0.11,
0.37,7,0,70,70,70,356,356,5915.65,79.8,345.1,178.89,17.02,0.164519,0.622584,0.333316,0.326816,0.085745,0.5726,0.1018,0.11,
0.37,7,1,70,70,70,380,380,5453.07,85.3,370.1,179.37,15.96,0.149986,0.527352,0.305444,0.298533,0.091917,0.54639,0.0999,0.11,
0.37,7,2,70,70,70,400,400,5373.71,87.6,387.2,197.77,16.05,0.166838,0.542775,0.321902,0.316394,0.0813,0.56288,0.1019,0.11,
0.37,7,3,70,70,70,384,384,5469.73,79.8,370.1,190.23,15.78,0.180419,0.54144,0.31431,0.316478,0.075506,0.5567,0.1012,0.11,
0.37,7,4,70,70,70,390,390,6255.13,80.2,380.1,202.38,17.06,0.168346,0.468021,0.315798,0.313569,0.066872,0.55875,0.1007,0.11,
0.37,7,5,70,70,70,359,359,5378.63,96.7,345.1,204.29,16.13,0.186295,0.567083,0.326188,0.319081,0.089639,0.56592,0.1024,0.11,
0.37,7,6,70,70,70,364,364,5854.1,79.8,350.1,199.52,16.54,0.177493,0.532447,0.337165,0.323441,0.086944,0.57598,0.1036,0.11,
0.37,7,7,70,70,70,336,336,6014.68,79.8,325.1,180.62,16.19,0.151327,0.49719,0.314398,0.310009,0.079028,0.55619,0.1018,0.11,
0.37,7,8,70,70,70,420,420,5385.87,79.8,410.1,199.03,16.1,0.135256,0.46596,0.32134,0.315252,0.070895,0.56328,0.1029,0.11,
0.37,7,9,70,70,70,375,375,5800.41,79.8,363.2,182.49,16.36,0.123291,0.507881,0.31471,0.307389,0.073666,0.55702,0.1025,0.11,
0.38,3,0,70,70,70,292,292,5915.65,79.8,280.1,132.34,16.17,0.223359,0.548133,0.353581,0.346253,0.069034,0.59191,0.1056,0.11,
0.38,3,1,70,70,70,305,305,5453.07,79.8,294.4,136.16,15.2,0.212972,0.457471,0.334577,0.334499,0.055897,0.57638,0.1061,0.11,
0.38,3,2,70,70,70,319,319,5373.71,79.8,309.8,141.31,15.06,0.17049,0.544959,0.341419,0.335524,0.069615,0.58128,0.1058,0.11,
0.38,3,3,70,70,70,265,265,5469.73,79.8,257.1,138.04,14.77,0.229064,0.510453,0.344462,0.340082,0.061476,0.58467,0.1071,0.11,
0.38,3,4,70,70,70,275,275,6255.13,79.8,265.1,141.46,16.1,0.144455,0.52726,0.350825,0.354367,0.063191,0.58977,0.1069,0.11,
0.38,3,5,70,70,70,283,283,5378.63,79.8,270.1,144.96,14.87,0.242376,0.581705,0.347279,0.337862,0.064986,0.58688,0.1065,0.11,
0.38,3,6,70,70,70,251,251,5854.1,79.8,240.4,139.63,15.35,0.208881,0.54034,0.346144,0.343387,0.073462,0.58505,0.1058,0.11,
0.38,3,7,70,70,70,308,308,6014.68,79.8,295.1,138.07,15.48,0.220035,0.4814,0.341983,0.335287,0.060796,0.58253,0.1063,0.11,
0.38,3,8,70,70,70,245,245,5385.87,79.8,235.1,142.96,14.89,0.20628,0.514654,0.341325,0.332019,0.063871,0.58178,0.1072,0.11,
0.38,3,9,70,70,70,286,286,5800.41,79.8,275.1,144.8,15.58,0.24389,0.467598,0.343134,0.342462,0.051801,0.58411,0.1075,0.11,
0.38,3.5,0,70,70,70,350,350,5915.65,79.8,339.8,142.6,16.21,0.224043,0.527395,0.348224,0.342905,0.068321,0.58734,0.1046,0.11,
0.38,3.5,1,70,70,70,306,306,5453.07,79.8,295.1,144.04,15.26,0.183133,0.47165,0.335114,0.338659,0.059463,0.57654,0.106,0.11,
0.38,3.5,2,70,70,70,321,321,5373.71,79.8,312,147.72,15.09,0.175849,0.553356,0.343742,0.343016,0.072516,0.58307,0.106,0.11,
0.38,3.5,3,70,70,70,285,285,5469.73,79.8,274.6,147.81,15.1,0.219569,0.523145,0.342408,0.333404,0.063614,0.58274,0.1066,0.11,
0.38,3.5,4,70,70,70,350,350,6255.13,79.8,340.1,149.93,16.2,0.133021,0.463297,0.351746,0.357851,0.059072,0.5908,0.1071,0.11,
0.38,3.5,5,70,70,70,286,286,5378.63,79.8,275.1,154.3,15.01,0.220616,0.615414,0.345671,0.330823,0.069068,0.58522,0.1061,0.11,
0.38,3.5,6,70,70,70,293,293,5854.1,79.8,280.1,153.45,15.65,0.210326,0.478437,0.34376,0.342976,0.065766,0.58359,0.1058,0.11,
0.38,3.5,7,70,70,70,308,308,6014.68,79.8,295.1,147.93,15.64,0.223682,0.468249,0.337883,0.337977,0.05684,0.57925,0.1059,0.11,
0.38,3.5,8,70,70,70,282,282,5385.87,79.8,270.1,154.27,15.14,0.233325,0.566489,0.346404,0.338805,0.061904,0.58634,0.1076,0.11,
0.38,3.5,9,70,70,70,291,291,5800.41,79.8,280.1,151.13,15.56,0.232995,0.474628,0.340116,0.338317,0.05641,0.58121,0.1069,0.11,
0.38,4,0,70,70,70,351,351,5915.65,79.8,340.1,149.77,16.39,0.212182,0.558344,0.34889,0.343702,0.069964,0.5878,0.1044,0.11,
0.38,4,1,70,70,70,306,306,5453.07,79.8,295.1,150.11,15.36,0.180091,0.478283,0.327476,0.330599,0.061087,0.56974,0.1048,0.11,
0.38,4,2,70,70,70,325,325,5373.71,79.8,315.1,154.06,15.18,0.189407,0.542046,0.346082,0.342071,0.069176,0.5854,0.1063,0.11,
0.38,4,3,70,70,70,303,303,5469.73,79.8,295.1,154.12,14.87,0.197223,0.536462,0.343397,0.336196,0.067491,0.58324,0.1067,0.11,
0.38,4,4,70,70,70,355,355,6255.13,79.8,345.1,157.74,16.28,0.139694,0.470833,0.349957,0.356023,0.060832,0.58917,0.1066,0.11,
0.38,4,5,70,70,70,312,312,5378.63,79.8,300.1,165.35,15.36,0.200256,0.637325,0.350652,0.329577,0.075811,0.58891,0.1065,0.11,
0.38,4,6,70,70,70,308,308,5854.1,79.8,295.1,163.79,15.96,0.204758,0.485553,0.344643,0.33799,0.067431,0.58423,0.1057,0.11,
0.38,4,7,70,70,70,313,313,6014.68,79.8,300.1,155.12,15.88,0.222031,0.492104,0.336362,0.336726,0.059334,0.57774,0.1054,0.11,
0.38,4,8,70,70,70,287,287,5385.87,79.8,275.1,165.84,15.43,0.231829,0.496522,0.347713,0.336758,0.060956,0.58748,0.1076,0.11,
0.38,4,9,70,70,70,296,296,5800.41,79.8,285.1,155.16,15.74,0.175128,0.468796,0.335549,0.339603,0.059394,0.57693,0.1062,0.11,
0.38,4.5,0,70,70,70,351,351,5915.65,79.8,340.1,156.46,16.42,0.184971,0.571179,0.347563,0.351646,0.074812,0.58618,0.104,0.11,
0.38,4.5,1,70,70,70,306,306,5453.07,79.8,295.1,157.38,15.6,0.198431,0.513071,0.319958,0.322848,0.070088,0.56235,0.1033,0.11,
0.38,4.5,2,70,70,70,328,328,5373.71,79.8,318.7,161.04,15.29,0.133616,0.564219,0.342618,0.338872,0.076361,0.58166,0.1053,0.11,
0.38,4.5,3,70,70,70,374,374,5469.73,79.8,360.1,161.64,15.15,0.18139,0.548067,0.335047,0.329911,0.071579,0.57561,0.1052,0.11,
0.38,4.5,4,70,70,70,360,360,6255.13,79.8,350.1,169.99,16.59,0.190498,0.476875,0.345927,0.350613,0.061207,0.58579,0.1056,0.11,
0.38,4.5,5,70,70,70,317,317,5378.63,79.8,305.1,172.96,15.45,0.219038,0.65566,0.347813,0.324887,0.077698,0.58639,0.1061,0.11,
0.38,4.5,6,70,70,70,313,313,5854.1,79.8,300.1,173.21,16.15,0.190427,0.490583,0.335411,0.335757,0.068764,0.57607,0.1042,0.11,
0.38,4.5,7,70,70,70,313,313,6014.68,79.8,300.1,161.17,15.87,0.225748,0.520351,0.335746,0.336222,0.061904,0.57703,0.1053,0.11,
0.38,4.5,8,70,70,70,340,340,5385.87,79.8,330.1,178.53,15.61,0.199602,0.52226,0.343542,0.337717,0.065251,0.58351,0.1066,0.11,
0.38,4.5,9,70,70,70,296,296,5800.41,79.8,285.1,159.26,15.81,0.169425,0.48956,0.334692,0.33602,0.065069,0.57575,0.106,0.11,
0.38,5,0,70,70,70,356,356,5915.65,79.8,345.1,162.71,16.59,0.174184,0.545641,0.340602,0.340963,0.076416,0.57984,0.103,0.11,
0.38,5,1,70,70,70,311,311,5453.07,79.8,300.1,162.42,15.58,0.188622,0.527453,0.315397,0.322366,0.06849,0.55839,0.1026,0.11,
0.38,5,2,70,70,70,330,330,5373.71,79.8,320.1,169.6,15.4,0.143053,0.581082,0.340285,0.338562,0.076886,0.57962,0.1048,0.11,
0.38,5,3,70,70,70,379,379,5469.73,79.8,365.1,176.55,15.36,0.168368,0.559361,0.334289,0.32798,0.072784,0.57488,0.1045,0.11,
0.38,5,4,70,70,70,365,365,6255.13,80.2,355.6,182.46,16.87,0.155828,0.482518,0.337382,0.331459,0.060525,0.57848,0.1047,0.11,
0.38,5,5,70,70,70,317,317,5378.63,91.6,305.1,178.75,15.62,0.212777,0.672732,0.348277,0.329293,0.082014,0.58638,0.106,0.11,
0.38,5,6,70,70,70,333,333,5854.1,79.8,320.1,185.13,16.27,0.200463,0.497699,0.334357,0.332554,0.069061,0.57513,0.1043,0.11,
0.38,5,7,70,70,70,331,331,6014.68,79.8,320.1,167.63,16.08,0.204868,0.544716,0.331392,0.327217,0.068183,0.57269,0.1046,0.11,
0.38,5,8,70,70,70,345,345,5385.87,79.8,335.1,186.03,15.82,0.177208,0.53271,0.341315,0.338696,0.072058,0.58102,0.1061,0.11,
0.38,5,9,70,70,70,297,297,5800.41,79.8,286.5,163.69,15.95,0.157824,0.481777,0.331506,0.330682,0.065561,0.57287,0.1055,0.11,
0.38,5.5,0,70,70,70,356,356,5915.65,79.8,345.1,166.37,16.73,0.179878,0.554912,0.345292,0.342106,0.080913,0.58351,0.1035,0.11,
0.38,5.5,1,70,70,70,311,311,5453.07,79.8,300.1,165.78,15.75,0.173011,0.538649,0.314355,0.306562,0.077791,0.55652,0.1021,0.11,
0.38,5.5,2,70,70,70,372,372,5373.71,79.8,362.1,179.13,15.67,0.161268,0.598607,0.339281,0.333267,0.085001,0.57806,0.1045,0.11,
0.38,5.5,3,70,70,70,379,379,5469.73,79.8,365.1,180.73,15.62,0.167259,0.569271,0.334834,0.326003,0.076146,0.57506,0.1045,0.11,
0.38,5.5,4,70,70,70,385,385,6255.13,93.2,375.1,192.26,17.07,0.160033,0.488278,0.331074,0.328452,0.06167,0.57287,0.1035,0.11,
0.38,5.5,5,70,70,70,322,322,5378.63,88,310.1,188.86,15.73,0.216719,0.684011,0.34278,0.327998,0.082288,0.58162,0.105,0.11,
0.38,5.5,6,70,70,70,338,338,5854.1,79.8,325.1,184.99,16.45,0.212593,0.54057,0.338217,0.337808,0.079628,0.57763,0.1039,0.11,
0.38,5.5,7,70,70,70,333,333,6014.68,79.8,322.3,170.92,16.2,0.207195,0.560675,0.329747,0.328991,0.06855,0.57123,0.1045,0.11,
0.38,5.5,8,70,70,70,350,350,5385.87,80.1,340.1,191.75,15.9,0.175005,0.537071,0.334181,0.328165,0.072595,0.57477,0.1048,0.11,
0.38,5.5,9,70,70,70,301,301,5800.41,79.8,290.1,168.09,15.97,0.158379,0.488329,0.32962,0.327021,0.069306,0.57084,0.1051,0.11,
0.38,6,0,70,70,70,356,356,5915.65,79.8,345.1,172.01,16.86,0.171935,0.536407,0.345235,0.347291,0.079245,0.58356,0.1039,0.11,
0.38,6,1,70,70,70,373,373,5453.07,79.8,363.2,173.25,15.96,0.169279,0.547251,0.307944,0.304299,0.082504,0.55017,0.1008,0.11,
0.38,6,2,70,70,70,398,398,5373.71,80.9,385.1,191.57,15.95,0.221539,0.607907,0.337256,0.329833,0.083707,0.5766,0.1043,0.11,
0.38,6,3,70,70,70,380,380,5469.73,79.8,367,186.71,15.79,0.169149,0.547748,0.331655,0.317944,0.07513,0.57234,0.1039,0.11,
0.38,6,4,70,70,70,390,390,6255.13,79.8,380.1,198.08,17.52,0.166538,0.488596,0.328372,0.328942,0.063783,0.57035,0.1027,0.11,
0.38,6,5,70,70,70,335,335,5378.63,91,325.1,194.54,16.2,0.217349,0.68932,0.341408,0.324731,0.08484,0.58018,0.1047,0.11,
0.38,6,6,70,70,70,338,338,5854.1,79.8,325.6,190.22,16.73,0.191317,0.55865,0.342987,0.328544,0.083854,0.58134,0.1043,0.11,
0.38,6,7,70,70,70,336,336,6014.68,79.8,325.1,174.09,16.66,0.202858,0.570546,0.32812,0.324458,0.07096,0.56957,0.1042,0.11,
0.38,6,8,70,70,70,415,415,5385.87,80.1,405.1,195.51,16.24,0.177392,0.49078,0.329574,0.325474,0.064914,0.57128,0.1043,0.11,
0.38,6,9,70,70,70,360,360,5800.41,79.8,348.1,174.38,16.47,0.148246,0.496706,0.326803,0.32095,0.066301,0.56861,0.1045,0.11,
0.38,6.5,0,70,70,70,356,356,5915.65,79.8,345.1,181.39,17.39,0.173715,0.529093,0.339202,0.336315,0.080255,0.57821,0.103,0.11,
0.38,6.5,1,70,70,70,377,377,5453.07,79.8,367.6,180.05,16.36,0.152067,0.553878,0.30325,0.281297,0.091184,0.54468,0.0994,0.11,
0.38,6.5,2,70,70,70,398,398,5373.71,84.5,385.1,198.13,16.42,0.172522,0.5666,0.330344,0.327685,0.078421,0.57084,0.1032,0.11,
0.38,6.5,3,70,70,70,384,384,5469.73,79.8,370.1,191.01,16.1,0.187656,0.53252,0.325949,0.326171,0.07481,0.56723,0.1031,0.11,
0.38,6.5,4,70,70,70,390,390,6255.13,79.8,380.1,201.68,17.44,0.164076,0.476327,0.324143,0.322618,0.065221,0.56641,0.1021,0.11,
0.38,6.5,5,70,70,70,359,359,5378.63,93.9,345.1,207.51,16.37,0.194935,0.656754,0.334241,0.326151,0.089879,0.57329,0.1033,0.11,
0.38,6.5,6,70,70,70,364,364,5854.1,79.8,350.1,199.34,16.79,0.202153,0.548885,0.339489,0.330087,0.085076,0.57823,0.1042,0.11,
0.38,6.5,7,70,70,70,336,336,6014.68,79.8,325.1,180.57,16.46,0.177285,0.51533,0.319366,0.317846,0.071055,0.56166,0.1028,0.11,
0.38,6.5,8,70,70,70,420,420,5385.87,80.1,410.1,201.79,16.39,0.162458,0.499754,0.327182,0.324001,0.068205,0.56884,0.1038,0.11,
0.38,6.5,9,70,70,70,412,412,5800.41,84.2,400.1,182.38,16.5,0.130153,0.501453,0.317411,0.320734,0.069029,0.55988,0.1028,0.11,
0.38,7,0,70,70,70,356,356,5915.65,79.8,345.1,183.57,17.32,0.170849,0.496441,0.332853,0.329962,0.076394,0.57304,0.1022,0.11,
0.38,7,1,70,70,70,380,380,5453.07,86.8,370.8,184.81,16.36,0.157835,0.56249,0.314734,0.304944,0.093686,0.55485,0.1014,0.11,
0.38,7,2,70,70,70,400,400,5373.71,88.4,388,207.85,16.44,0.174947,0.569913,0.319929,0.311555,0.081974,0.56117,0.1011,0.11,
0.38,7,3,70,70,70,384,384,5469.73,79.8,370.1,196.16,16,0.188519,0.539808,0.321483,0.322185,0.075397,0.56317,0.1025,0.11,
0.38,7,4,70,70,70,390,390,6255.13,80.5,380.1,206.94,17.54,0.17729,0.477965,0.324136,0.324962,0.066673,0.56626,0.1019,0.11,
0.38,7,5,70,70,70,359,359,5378.63,97.1,345.1,212.6,16.45,0.195609,0.59618,0.331552,0.312827,0.092098,0.57054,0.1029,0.11,
0.38,7,6,70,70,70,452,452,5854.1,79.8,442.6,212.85,17.12,0.178746,0.546706,0.330034,0.321584,0.085388,0.56979,0.1024,0.11,
0.38,7,7,70,70,70,336,336,6014.68,79.8,325.1,187.61,16.64,0.154358,0.516711,0.315497,0.312576,0.081927,0.55689,0.1017,0.11,
0.38,7,8,70,70,70,420,420,5385.87,82.5,410.1,206.05,16.39,0.139757,0.489574,0.323303,0.319238,0.073299,0.56475,0.103,0.11,
0.38,7,9,70,70,70,430,430,5800.41,79.8,418.9,187.95,16.61,0.127671,0.508721,0.315174,0.313784,0.076914,0.55708,0.1023,0.11,
0.39,3,0,70,70,70,346,346,5915.65,79.8,335.1,139.51,16.56,0.230798,0.525873,0.355381,0.351155,0.064973,0.59374,0.1059,0.11,
0.39,3,1,70,70,70,306,306,5453.07,79.8,295.1,139.53,15.51,0.213862,0.479296,0.335318,0.33689,0.057248,0.57694,0.1061,0.11,
0.39,3,2,70,70,70,320,320,5373.71,79.8,310.1,144.59,15.3,0.178134,0.552108,0.347487,0.347306,0.070393,0.58645,0.1067,0.11,
0.39,3,3,70,70,70,276,276,5469.73,79.8,265.1,143.77,15.19,0.238745,0.499461,0.343274,0.335239,0.059317,0.58382,0.1069,0.11,
0.39,3,4,70,70,70,275,275,6255.13,80.1,265.1,147.47,16.34,0.149499,0.463889,0.348753,0.355588,0.056544,0.58847,0.1069,0.11,
0.39,3,5,70,70,70,283,283,5378.63,79.8,270.1,150.32,15.22,0.231252,0.60417,0.349344,0.338763,0.066809,0.58854,0.1068,0.11,
0.39,3,6,70,70,70,260,260,5854.1,79.8,249.8,147.94,15.82,0.210443,0.47441,0.345933,0.354033,0.06668,0.58539,0.1062,0.11,
0.39,3,7,70,70,70,308,308,6014.68,79.8,295.1,142.19,15.74,0.229465,0.500979,0.345411,0.339393,0.064474,0.58523,0.1064,0.11,
0.39,3,8,70,70,70,261,261,5385.87,79.8,249.6,149.68,15.19,0.210429,0.541226,0.344496,0.340798,0.061918,0.58465,0.1078,0.11,
0.39,3,9,70,70,70,291,291,5800.41,79.8,280.1,148.35,15.71,0.253339,0.45775,0.34237,0.341279,0.050252,0.58358,0.1074,0.11,
0.39,3.5,0,70,70,70,351,351,5915.65,79.8,340.1,146.75,16.46,0.232639,0.549783,0.354115,0.348838,0.068755,0.59237,0.1055,0.11,
0.39,3.5,1,70,70,70,306,306,5453.07,79.8,295.1,147.8,15.5,0.190514,0.494179,0.333329,0.334736,0.059222,0.57503,0.1058,0.11,
0.39,3.5,2,70,70,70,325,325,5373.71,79.8,315.1,151.34,15.27,0.183971,0.528744,0.346892,0.342833,0.072531,0.58575,0.1064,0.11,
0.39,3.5,3,70,70,70,293,293,5469.73,79.8,285.1,154.01,15.31,0.229268,0.51055,0.341736,0.332898,0.063414,0.5822,0.1064,0.11,
0.39,3.5,4,70,70,70,355,355,6255.13,79.8,345.1,154.84,16.41,0.137663,0.469808,0.35339,0.355732,0.059197,0.59221,0.1071,0.11,
0.39,3.5,5,70,70,70,291,291,5378.63,79.8,280.1,161.2,15.33,0.227608,0.625343,0.349711,0.33587,0.071451,0.58851,0.1067,0.11,
0.39,3.5,6,70,70,70,303,303,5854.1,79.8,290.1,161.13,16.06,0.210903,0.480939,0.346612,0.346222,0.065782,0.58605,0.1062,0.11,
0.39,3.5,7,70,70,70,308,308,6014.68,79.8,295.1,154.88,16,0.233097,0.479895,0.341763,0.338188,0.057193,0.58261,0.1062,0.11,
0.39,3.5,8,70,70,70,287,287,5385.87,79.8,275.1,162.93,15.58,0.227299,0.492705,0.347738,0.336565,0.06237,0.5874,0.1077,0.11,
0.39,3.5,9,70,70,70,291,291,5800.41,79.8,280.1,154.07,15.84,0.244595,0.48301,0.341704,0.343841,0.05473,0.5827,0.1071,0.11,
0.39,4,0,70,70,70,351,351,5915.65,79.8,340.1,156.06,16.64,0.219577,0.526956,0.354105,0.350683,0.066235,0.59253,0.1055,0.11,
0.39,4,1,70,70,70,306,306,5453.07,79.8,295.1,153.81,15.6,0.187088,0.501227,0.327859,0.330345,0.064063,0.56987,0.1047,0.11,
0.39,4,2,70,70,70,327,327,5373.71,79.8,317.3,159.41,15.46,0.132657,0.540817,0.349131,0.345224,0.074217,0.58745,0.1063,0.11,
0.39,4,3,70,70,70,374,374,5469.73,79.8,360.1,160.57,15.21,0.203383,0.504669,0.338372,0.334143,0.064037,0.57917,0.106,0.11,
0.39,4,4,70,70,70,355,355,6255.13,79.8,345.1,167.2,16.38,0.145144,0.475344,0.35404,0.363093,0.063887,0.59241,0.1068,0.11,
0.39,4,5,70,70,70,312,312,5378.63,79.8,300.1,173.32,15.39,0.207561,0.644134,0.351569,0.332106,0.074352,0.58984,0.1068,0.11,
0.39,4,6,70,70,70,313,313,5854.1,79.8,300.1,172.25,16.1,0.208867,0.48531,0.340068,0.337226,0.065176,0.58046,0.1053,0.11,
0.39,4,7,70,70,70,313,313,6014.68,79.8,300.1,159.21,15.96,0.228477,0.515745,0.344216,0.33794,0.062419,0.58432,0.1064,0.11,
0.39,4,8,70,70,70,292,292,5385.87,79.8,280.1,173.35,15.58,0.212449,0.516897,0.347365,0.341324,0.064378,0.58691,0.1073,0.11,
0.39,4,9,70,70,70,296,296,5800.41,79.8,285.1,158.34,15.86,0.18193,0.486233,0.335632,0.341633,0.057842,0.57715,0.1062,0.11,
0.39,4.5,0,70,70,70,355,355,5915.65,79.8,345,159.68,16.61,0.191209,0.542291,0.351243,0.355083,0.071811,0.58959,0.1049,0.11,
0.39,4.5,1,70,70,70,311,311,5453.07,79.8,300.1,161.69,15.68,0.206505,0.537262,0.321817,0.319571,0.072261,0.56386,0.1036,0.11,
0.39,4.5,2,70,70,70,330,330,5373.71,79.8,320.1,167.11,15.39,0.139405,0.576987,0.346913,0.343847,0.075521,0.58547,0.1058,0.11,
0.39,4.5,3,70,70,70,379,379,5469.73,79.8,365.1,170.01,15.36,0.188479,0.508312,0.336027,0.331846,0.069509,0.57668,0.1054,0.11,
0.39,4.5,4,70,70,70,369,369,6255.13,79.8,355.1,180.89,16.69,0.196892,0.482484,0.346577,0.345995,0.061252,0.5864,0.1057,0.11,
0.39,4.5,5,70,70,70,320,320,5378.63,79.8,310.1,180.61,15.52,0.227358,0.662817,0.355226,0.335123,0.080187,0.59253,0.1069,0.11,
0.39,4.5,6,70,70,70,318,318,5854.1,79.8,305.1,178.95,16.23,0.198747,0.492277,0.339562,0.330836,0.068837,0.57975,0.1046,0.11,
0.39,4.5,7,70,70,70,331,331,6014.68,79.8,320.1,166.16,16.1,0.220022,0.545641,0.33928,0.335212,0.064686,0.57991,0.1059,0.11,
0.39,4.5,8,70,70,70,345,345,5385.87,80.1,335.1,184.66,15.73,0.207423,0.528516,0.347855,0.342968,0.065341,0.58726,0.1072,0.11,
0.39,4.5,9,70,70,70,296,296,5800.41,79.8,285.1,163.77,15.88,0.176379,0.463194,0.335652,0.333732,0.061012,0.57687,0.1063,0.11,
0.39,5,0,70,70,70,356,356,5915.65,79.8,345.1,164.86,16.8,0.181336,0.547659,0.345631,0.341227,0.075887,0.58429,0.1038,0.11,
0.39,5,1,70,70,70,311,311,5453.07,79.8,300.1,167.06,15.8,0.179382,0.552508,0.321503,0.305221,0.072231,0.56357,0.1034,0.11,
0.39,5,2,70,70,70,371,371,5373.71,79.8,361.2,177.88,15.61,0.148471,0.592695,0.343836,0.341041,0.077122,0.5827,0.1054,0.11,
0.39,5,3,70,70,70,379,379,5469.73,79.8,365.1,181.61,15.63,0.160556,0.564596,0.33572,0.325328,0.073817,0.57605,0.1047,0.11,
0.39,5,4,70,70,70,385,385,6255.13,80.4,375.1,193.24,16.97,0.161029,0.487451,0.344532,0.344094,0.061963,0.58456,0.1053,0.11,
0.39,5,5,70,70,70,327,327,5378.63,93.7,317.4,191.15,15.77,0.185259,0.680709,0.347298,0.329894,0.082049,0.58552,0.1058,0.11,
0.39,5,6,70,70,70,333,333,5854.1,79.8,320.1,188.76,16.42,0.206721,0.501039,0.336002,0.334103,0.070191,0.5765,0.1045,0.11,
0.39,5,7,70,70,70,333,333,6014.68,79.8,322.3,171.3,16.26,0.214729,0.556631,0.333802,0.333354,0.068126,0.57484,0.1049,0.11,
0.39,5,8,70,70,70,345,345,5385.87,80.1,335.1,191.64,15.92,0.183886,0.524129,0.342068,0.338332,0.074218,0.58148,0.106,0.11,
0.39,5,9,70,70,70,301,301,5800.41,79.8,290.1,168.77,16,0.164274,0.482252,0.333408,0.333102,0.065139,0.5746,0.1059,0.11,
0.39,5.5,0,70,70,70,356,356,5915.65,79.8,345.1,170.05,16.92,0.198788,0.58553,0.350184,0.347461,0.080084,0.58791,0.1043,0.11,
0.39,5.5,1,70,70,70,311,311,5453.07,79.8,300.1,171.31,15.9,0.168121,0.564248,0.317379,0.305166,0.07902,0.55913,0.1023,0.11,
0.39,5.5,2,70,70,70,398,398,5373.71,79.8,385.1,188.09,15.85,0.167734,0.604195,0.34275,0.336843,0.084982,0.58121,0.1052,0.11,
0.39,5.5,3,70,70,70,381,381,5469.73,79.8,367.1,186.19,15.74,0.17446,0.574592,0.338076,0.328015,0.072887,0.57816,0.105,0.11,
0.39,5.5,4,70,70,70,390,390,6255.13,93.5,380.1,198.2,17.2,0.165448,0.492224,0.333038,0.335101,0.061673,0.57462,0.1034,0.11,
0.39,5.5,5,70,70,70,335,335,5378.63,88.3,325.1,197.95,15.97,0.215181,0.698477,0.344551,0.331395,0.081345,0.5833,0.1053,0.11,
0.39,5.5,6,70,70,70,367,367,5854.1,79.8,354.1,195.65,16.61,0.215509,0.508503,0.335362,0.329765,0.072423,0.57577,0.1039,0.11,
0.39,5.5,7,70,70,70,336,336,6014.68,79.8,325.1,175.22,16.34,0.216172,0.563818,0.332936,0.332741,0.069071,0.57397,0.1048,0.11,
0.39,5.5,8,70,70,70,350,350,5385.87,80.1,340.1,198.98,16.05,0.181935,0.532207,0.333624,0.329611,0.072835,0.57423,0.1048,0.11,
0.39,5.5,9,70,70,70,320,320,5800.41,79.8,310.1,175.4,16.17,0.151275,0.492405,0.332389,0.329859,0.065863,0.5736,0.1055,0.11,
0.39,6,0,70,70,70,356,356,5915.65,79.8,345.1,177.27,16.99,0.178387,0.532909,0.349946,0.341483,0.082088,0.58742,0.1046,0.11,
0.39,6,1,70,70,70,374,374,5453.07,79.8,364.3,180.61,16.04,0.152402,0.573282,0.308344,0.301131,0.083619,0.55041,0.1007,0.11,
0.39,6,2,70,70,70,398,398,5373.71,81.3,385.1,200.19,16.09,0.214731,0.614103,0.340129,0.335352,0.085561,0.57896,0.1046,0.11,
0.39,6,3,70,70,70,384,384,5469.73,79.8,370.1,190.32,15.77,0.18063,0.567732,0.333482,0.327023,0.077581,0.57371,0.1042,0.11,
0.39,6,4,70,70,70,390,390,6255.13,79.8,380.1,201.58,17.38,0.164376,0.482162,0.333622,0.332692,0.063599,0.57495,0.1036,0.11,
0.39,6,5,70,70,70,352,352,5378.63,93.2,340.1,203.67,15.99,0.213423,0.712375,0.341689,0.330496,0.085531,0.58042,0.1046,0.11,
0.39,6,6,70,70,70,356,356,5854.1,79.8,344.4,200.35,16.71,0.161908,0.55462,0.335886,0.328038,0.082276,0.57521,0.1037,0.11,
0.39,6,7,70,70,70,336,336,6014.68,79.8,325.1,178.51,16.37,0.203852,0.520813,0.33277,0.328724,0.06884,0.57382,0.1049,0.11,
0.39,6,8,70,70,70,420,420,5385.87,80.1,410.1,206.01,16.27,0.178912,0.511029,0.329335,0.332326,0.069412,0.57066,0.104,0.11,
0.39,6,9,70,70,70,412,412,5800.41,79.8,400.1,183.59,16.35,0.141635,0.505983,0.329675,0.325666,0.066811,0.57107,0.1047,0.11,
0.39,6.5,0,70,70,70,361,361,5915.65,79.8,350.1,183.95,17.07,0.182567,0.525343,0.344346,0.344446,0.082269,0.58256,0.1038,0.11,
0.39,6.5,1,70,70,70,378,378,5453.07,79.8,368.2,185.45,16.13,0.163049,0.580231,0.306667,0.295135,0.089925,0.54811,0.1002,0.11,
0.39,6.5,2,70,70,70,398,398,5373.71,89.6,385.1,207.84,16.26,0.180433,0.594124,0.328189,0.325403,0.081066,0.56872,0.1026,0.11,
0.39,6.5,3,70,70,70,384,384,5469.73,79.8,370.1,196.64,15.96,0.198829,0.507019,0.329354,0.32193,0.074978,0.57024,0.1037,0.11,
0.39,6.5,4,70,70,70,393,393,6255.13,79.9,382.8,205.97,17.3,0.176644,0.477999,0.327091,0.325716,0.065678,0.56902,0.1024,0.11,
0.39,6.5,5,70,70,70,360,360,5378.63,94.4,346.8,212.58,16.3,0.216617,0.714832,0.33463,0.317326,0.087855,0.574,0.1036,0.11,
0.39,6.5,6,70,70,70,450,450,5854.1,79.8,440.5,214.36,17.03,0.210451,0.55373,0.338861,0.330716,0.083462,0.57783,0.1039,0.11,
0.39,6.5,7,70,70,70,337,337,6014.68,79.8,326.4,186.61,16.56,0.181381,0.523422,0.319712,0.309196,0.071928,0.56189,0.1029,0.11,
0.39,6.5,8,70,70,70,420,420,5385.87,80.1,410.1,212.31,16.45,0.169487,0.520466,0.326725,0.320603,0.071432,0.56821,0.1037,0.11,
0.39,6.5,9,70,70,70,426,426,5800.41,85.1,414.4,190.55,16.63,0.131905,0.510276,0.320987,0.318884,0.071112,0.56289,0.1031,0.11,
0.39,7,0,70,70,70,387,387,5915.65,79.8,375.1,187.9,17.19,0.177006,0.505185,0.336309,0.329389,0.081807,0.57558,0.1025,0.11,
0.39,7,1,70,70,70,381,381,5453.07,88.4,371.3,194.38,16.23,0.163588,0.489544,0.304475,0.296029,0.082615,0.54682,0.1007,0.11,
0.39,7,2,70,70,70,401,401,5373.71,88.9,388.7,212.48,16.44,0.183189,0.597691,0.324751,0.323351,0.081637,0.56561,0.1018,0.11,
0.39,7,3,70,70,70,384,384,5469.73,79.8,370.1,200.48,16.04,0.166826,0.502721,0.325993,0.326071,0.072937,0.56739,0.1033,0.11,
0.39,7,4,70,70,70,395,395,6255.13,80.6,385.1,211.7,17.38,0.186783,0.479133,0.326458,0.324756,0.067022,0.56834,0.1024,0.11,
0.39,7,5,70,70,70,415,415,5378.63,97.3,405.1,223.16,16.43,0.205371,0.642697,0.333962,0.318636,0.089161,0.57318,0.1031,0.11,
0.39,7,6,70,70,70,453,453,5854.1,79.8,443.3,217.81,17.06,0.192512,0.552122,0.346934,0.335082,0.085598,0.58465,0.1045,0.11,
0.39,7,7,70,70,70,341,341,6014.68,79.8,330.1,195.45,16.52,0.157908,0.527076,0.317228,0.304326,0.079121,0.55881,0.1022,0.11,
0.39,7,8,70,70,70,425,425,5385.87,82.8,415.1,215.92,16.32,0.144327,0.498133,0.321141,0.317732,0.075103,0.56275,0.1027,0.11,
0.39,7,9,70,70,70,432,432,5800.41,85,421,194.34,16.53,0.132222,0.516107,0.319008,0.310032,0.07945,0.56024,0.1025,0.11,
0.4,3,0,70,70,70,349,349,5915.65,79.8,338.5,145.12,16.44,0.239113,0.510198,0.353219,0.349653,0.058596,0.59233,0.1059,0.11,
0.4,3,1,70,70,70,306,306,5453.07,79.8,295.1,142.84,15.33,0.220352,0.48786,0.336181,0.338682,0.057194,0.57771,0.1062,0.11,
0.4,3,2,70,70,70,323,323,5373.71,79.8,313.7,150.02,15.26,0.185975,0.525007,0.348681,0.34447,0.067959,0.5877,0.1069,0.11,
0.4,3,3,70,70,70,286,286,5469.73,79.8,275.1,148.09,15.15,0.229564,0.505207,0.344627,0.334476,0.059729,0.58495,0.1069,0.11,
0.4,3,4,70,70,70,284,284,6255.13,81.4,274.9,151.55,16.2,0.154984,0.467597,0.352148,0.361182,0.05655,0.59138,0.1073,0.11,
0.4,3,5,70,70,70,283,283,5378.63,79.8,270.1,155.12,14.98,0.23965,0.610537,0.352691,0.336677,0.065628,0.59155,0.1072,0.11,
0.4,3,6,70,70,70,282,282,5854.1,79.8,269.3,154.13,15.74,0.205611,0.477867,0.347211,0.351007,0.064738,0.58662,0.1065,0.11,
0.4,3,7,70,70,70,308,308,6014.68,79.8,295.1,148.5,15.73,0.237498,0.520424,0.340645,0.342862,0.063247,0.58123,0.1062,0.11,
0.4,3,8,70,70,70,273,273,5385.87,79.8,261.4,156.41,15.11,0.243587,0.566888,0.349145,0.339305,0.063344,0.58861,0.1082,0.11,
0.4,3,9,70,70,70,291,291,5800.41,79.8,280.1,150.86,15.62,0.231157,0.474011,0.345616,0.345595,0.051851,0.58626,0.1078,0.11,
0.4,3.5,0,70,70,70,351,351,5915.65,79.8,340.1,150.72,16.39,0.240903,0.525452,0.356023,0.35548,0.063985,0.59432,0.1059,0.11,
0.4,3.5,1,70,70,70,306,306,5453.07,79.8,295.1,151.17,15.34,0.197605,0.499698,0.330883,0.33315,0.060049,0.57287,0.1054,0.11,
0.4,3.5,2,70,70,70,325,325,5373.71,79.8,315.1,157.06,15.26,0.192371,0.538051,0.350746,0.34199,0.071798,0.58919,0.1069,0.11,
0.4,3.5,3,70,70,70,299,299,5469.73,79.8,290.1,157.66,15.32,0.237502,0.513321,0.343474,0.332106,0.059083,0.584,0.1069,0.11,
0.4,3.5,4,70,70,70,355,355,6255.13,79.8,345.1,163.33,16.21,0.141803,0.475108,0.354217,0.359235,0.059016,0.59295,0.1071,0.11,
0.4,3.5,5,70,70,70,310,310,5378.63,79.8,300.1,170.74,15.3,0.232652,0.602882,0.355459,0.340944,0.070211,0.59347,0.1072,0.11,
0.4,3.5,6,70,70,70,305,305,5854.1,79.8,293,168.13,15.93,0.209921,0.486267,0.344407,0.339467,0.065424,0.58423,0.1059,0.11,
0.4,3.5,7,70,70,70,313,313,6014.68,79.8,300.1,160.39,15.9,0.226296,0.502172,0.343116,0.336717,0.060996,0.58348,0.1061,0.11,
0.4,3.5,8,70,70,70,292,292,5385.87,79.8,280.1,172.19,15.5,0.237909,0.507867,0.350603,0.342519,0.062686,0.58985,0.108,0.11,
0.4,3.5,9,70,70,70,296,296,5800.41,79.8,285.1,159.4,15.65,0.242118,0.467817,0.341604,0.345582,0.055246,0.58258,0.1072,0.11,
0.4,4,0,70,70,70,353,353,5915.65,79.8,342.5,158.45,16.45,0.227926,0.540964,0.356442,0.348303,0.066933,0.5945,0.1057,0.11,
0.4,4,1,70,70,70,311,311,5453.07,79.8,300.1,156.44,15.54,0.193551,0.509129,0.32991,0.334432,0.065,0.57157,0.1049,0.11,
0.4,4,2,70,70,70,330,330,5373.71,79.8,320.1,164.01,15.34,0.137693,0.562875,0.352019,0.346444,0.074158,0.58998,0.1068,0.11,
0.4,4,3,70,70,70,378,378,5469.73,79.8,364.1,169.68,15.13,0.210394,0.522493,0.339921,0.335704,0.065564,0.58046,0.1064,0.11,
0.4,4,4,70,70,70,369,369,6255.13,79.8,355.1,178.45,16.58,0.152028,0.480894,0.354674,0.355159,0.065337,0.5929,0.1067,0.11,
0.4,4,5,70,70,70,320,320,5378.63,79.8,310.1,182.04,15.46,0.214458,0.624718,0.353562,0.339208,0.072111,0.5917,0.1069,0.11,
0.4,4,6,70,70,70,313,313,5854.1,79.8,301,179.06,16.27,0.205066,0.469908,0.339989,0.332988,0.06273,0.58061,0.1053,0.11,
0.4,4,7,70,70,70,331,331,6014.68,79.8,320.1,165.32,16.06,0.238611,0.539331,0.345598,0.341042,0.063582,0.58547,0.1065,0.11,
0.4,4,8,70,70,70,340,340,5385.87,79.8,330.1,186.06,15.82,0.220698,0.523225,0.349696,0.345039,0.064179,0.58892,0.1075,0.11,
0.4,4,9,70,70,70,296,296,5800.41,79.8,285.1,164.23,15.89,0.189554,0.465688,0.338395,0.330696,0.055504,0.57975,0.1067,0.11,
0.4,4.5,0,70,70,70,356,356,5915.65,79.8,345.1,162.6,16.64,0.197544,0.552334,0.355893,0.351607,0.072944,0.5935,0.1054,0.11,
0.4,4.5,1,70,70,70,311,311,5453.07,79.8,300.1,165.92,15.67,0.213204,0.562182,0.324811,0.314588,0.068583,0.56692,0.1041,0.11,
0.4,4.5,2,70,70,70,335,335,5373.71,79.8,325.9,172.45,15.52,0.145049,0.585956,0.349107,0.342912,0.075787,0.58738,0.1062,0.11,
0.4,4.5,3,70,70,70,379,379,5469.73,79.8,365.1,177.71,15.4,0.195338,0.524915,0.338242,0.326588,0.069787,0.57867,0.1057,0.11,
0.4,4.5,4,70,70,70,373,373,6255.13,80.3,363.6,185.98,16.75,0.164804,0.488454,0.351694,0.354093,0.063766,0.59053,0.1062,0.11,
0.4,4.5,5,70,70,70,325,325,5378.63,93.3,315.1,191.31,15.76,0.183459,0.640331,0.351574,0.337971,0.07585,0.5897,0.1066,0.11,
0.4,4.5,6,70,70,70,318,318,5854.1,79.8,305.1,188.47,16.38,0.222411,0.467245,0.338645,0.337111,0.065013,0.57924,0.1049,0.11,
0.4,4.5,7,70,70,70,331,331,6014.68,79.8,320.7,171.92,16.12,0.219668,0.549363,0.340139,0.333426,0.066718,0.58049,0.1058,0.11,
0.4,4.5,8,70,70,70,345,345,5385.87,80.1,335.1,198.15,16.03,0.215797,0.492232,0.344406,0.329819,0.068484,0.58404,0.1065,0.11,
0.4,4.5,9,70,70,70,301,301,5800.41,79.8,290.1,171.57,16.06,0.183315,0.483435,0.335533,0.331265,0.059411,0.57694,0.1062,0.11,
0.4,5,0,70,70,70,356,356,5915.65,79.8,345.1,169.49,16.75,0.189606,0.561243,0.349688,0.350715,0.073684,0.58803,0.1044,0.11,
0.4,5,1,70,70,70,311,311,5453.07,79.8,300.1,171.98,15.86,0.185969,0.578301,0.323326,0.313982,0.070985,0.56536,0.1037,0.11,
0.4,5,2,70,70,70,375,375,5373.71,79.8,365.1,180.06,15.64,0.178394,0.598054,0.348326,0.346317,0.078374,0.58657,0.1059,0.11,
0.4,5,3,70,70,70,379,379,5469.73,79.8,365.3,186.87,15.82,0.165934,0.538713,0.338638,0.333641,0.070466,0.57887,0.1054,0.11,
0.4,5,4,70,70,70,386,386,6255.13,80.6,376.7,196.16,17.09,0.166636,0.494216,0.345955,0.344414,0.062056,0.58579,0.1053,0.11,
0.4,5,5,70,70,70,335,335,5378.63,95.1,325.1,201.37,15.88,0.19309,0.651046,0.344588,0.336192,0.078224,0.5835,0.1055,0.11,
0.4,5,6,70,70,70,338,338,5854.1,79.8,325.1,197.58,16.54,0.212504,0.472756,0.334723,0.323819,0.068619,0.57555,0.1042,0.11,
0.4,5,7,70,70,70,336,336,6014.68,79.8,325.1,177.09,16.32,0.223797,0.513567,0.332306,0.32962,0.06394,0.57387,0.1048,0.11,
0.4,5,8,70,70,70,350,350,5385.87,82,340.1,201.19,16.04,0.190776,0.496181,0.338952,0.335371,0.066906,0.57939,0.1062,0.11,
0.4,5,9,70,70,70,320,320,5800.41,79.8,310.1,176.27,16.23,0.15185,0.49382,0.333088,0.327264,0.06337,0.57442,0.1056,0.11,
0.4,5.5,0,70,70,70,360,360,5915.65,79.8,349.9,173.98,16.94,0.18415,0.627326,0.356183,0.347453,0.082359,0.59286,0.1052,0.11,
0.4,5.5,1,70,70,70,326,326,5453.07,79.8,315.1,178.18,15.96,0.174655,0.590666,0.317512,0.312135,0.078446,0.55938,0.1024,0.11,
0.4,5.5,2,70,70,70,398,398,5373.71,79.8,385.1,198.71,15.99,0.174612,0.576648,0.347175,0.332219,0.081486,0.58536,0.1058,0.11,
0.4,5.5,3,70,70,70,384,384,5469.73,79.8,370.1,194.72,15.83,0.182799,0.531792,0.338403,0.329727,0.07056,0.57866,0.1053,0.11,
0.4,5.5,4,70,70,70,393,393,6255.13,93.7,380.1,204.93,17.05,0.177832,0.500174,0.339804,0.342877,0.061457,0.58053,0.1046,0.11,
0.4,5.5,5,70,70,70,348,348,5378.63,88.6,338.6,206.69,16.02,0.226911,0.679053,0.341676,0.336084,0.077984,0.58109,0.1052,0.11,
0.4,5.5,6,70,70,70,367,367,5854.1,79.8,354.6,202.45,16.65,0.208794,0.510935,0.34095,0.343724,0.075085,0.5804,0.1048,0.11,
0.4,5.5,7,70,70,70,336,336,6014.68,79.8,325.1,181.74,16.33,0.206728,0.531398,0.332954,0.33111,0.069071,0.57397,0.1049,0.11,
0.4,5.5,8,70,70,70,415,415,5385.87,80.7,405.1,206.3,16.22,0.189289,0.539567,0.33446,0.325154,0.072294,0.57507,0.105,0.11,
0.4,5.5,9,70,70,70,412,412,5800.41,79.8,400.1,184.98,16.3,0.147485,0.500836,0.335341,0.33067,0.064936,0.57625,0.1054,0.11,
0.4,6,0,70,70,70,361,361,5915.65,79.8,350.1,184.27,17,0.188443,0.554717,0.351268,0.348591,0.082679,0.58858,0.1048,0.11,
0.4,6,1,70,70,70,375,375,5453.07,79.8,365.2,184.25,16.17,0.157937,0.600082,0.313417,0.310427,0.084034,0.55502,0.1017,0.11,
0.4,6,2,70,70,70,398,398,5373.71,81.6,385.1,205.05,16.24,0.188025,0.580114,0.342128,0.325616,0.082305,0.58097,0.1048,0.11,
0.4,6,3,70,70,70,384,384,5469.73,79.8,370.1,197.98,15.95,0.192144,0.590636,0.337712,0.337994,0.076922,0.57752,0.1045,0.11,
0.4,6,4,70,70,70,393,393,6255.13,79.8,383.8,204.19,17.14,0.177327,0.500991,0.338963,0.34387,0.062577,0.5797,0.1043,0.11,
0.4,6,5,70,70,70,415,415,5378.63,93.9,405.1,212.01,16.21,0.22398,0.681439,0.344278,0.333563,0.085617,0.58261,0.1048,0.11,
0.4,6,6,70,70,70,370,370,5854.1,79.8,357.7,211.26,16.86,0.167276,0.518365,0.338292,0.334708,0.078804,0.57765,0.1039,0.11,
0.4,6,7,70,70,70,341,341,6014.68,79.8,330.1,186.3,16.48,0.207856,0.546209,0.331564,0.328751,0.073811,0.57234,0.1047,0.11,
0.4,6,8,70,70,70,420,420,5385.87,81,410.1,214.54,16.36,0.152318,0.520693,0.326865,0.320178,0.076468,0.5678,0.1036,0.11,
0.4,6,9,70,70,70,412,412,5800.41,79.8,400.1,190.03,16.41,0.138196,0.507558,0.332957,0.321149,0.068354,0.57384,0.1049,0.11,
0.4,6.5,0,70,70,70,382,382,5915.65,79.8,370.1,192.42,17.17,0.189078,0.548056,0.347632,0.339991,0.085638,0.58519,0.1041,0.11,
0.4,6.5,1,70,70,70,378,378,5453.07,79.8,368.7,189.53,16.23,0.16863,0.607413,0.312368,0.29883,0.089161,0.55355,0.1014,0.11,
0.4,6.5,2,70,70,70,398,398,5373.71,89.9,385.1,215.81,16.46,0.14709,0.62229,0.330991,0.322005,0.086897,0.57053,0.1028,0.11,
0.4,6.5,3,70,70,70,384,384,5469.73,79.8,370.2,202.11,16,0.200896,0.515216,0.334624,0.326976,0.078276,0.57459,0.1042,0.11,
0.4,6.5,4,70,70,70,395,395,6255.13,80.1,385.1,212.11,17.3,0.184797,0.490159,0.333911,0.334858,0.064084,0.57518,0.1031,0.11,
0.4,6.5,5,70,70,70,415,415,5378.63,95,405.1,225.72,16.52,0.223381,0.680912,0.334452,0.325829,0.079068,0.57475,0.1036,0.11,
0.4,6.5,6,70,70,70,451,451,5854.1,79.8,441.2,222.16,17.09,0.192278,0.568333,0.337753,0.33767,0.079065,0.5773,0.1039,0.11,
0.4,6.5,7,70,70,70,341,341,6014.68,79.8,330.1,193.9,16.61,0.186041,0.520307,0.3232,0.314003,0.07317,0.56493,0.1034,0.11,
0.4,6.5,8,70,70,70,440,440,5385.87,81.3,427.8,221.89,16.51,0.152068,0.526671,0.324027,0.320715,0.075077,0.56539,0.1032,0.11,
0.4,6.5,9,70,70,70,429,429,5800.41,87.3,417.8,197.16,16.55,0.136466,0.514245,0.32077,0.316694,0.071974,0.56265,0.1029,0.11,
0.4,7,0,70,70,70,387,387,5915.65,80.1,375.1,197.89,17.23,0.179881,0.527495,0.33732,0.324386,0.081513,0.57658,0.1031,0.11,
0.4,7,1,70,70,70,443,443,5453.07,111.6,431.9,206.37,16.52,0.169621,0.496482,0.304865,0.29204,0.077362,0.54779,0.1009,0.11,
0.4,7,2,70,70,70,403,403,5373.71,90.3,390.1,221.17,16.51,0.156907,0.62619,0.328021,0.330772,0.087807,0.56786,0.1021,0.11,
0.4,7,3,70,70,70,389,389,5469.73,79.8,375.1,206.64,16.05,0.17548,0.528696,0.329318,0.319506,0.076018,0.57007,0.1038,0.11,
0.4,7,4,70,70,70,423,423,6255.13,101.1,410.1,225.65,13.67,0.196102,0.48266,0.329469,0.324127,0.065618,0.57116,0.1028,0.11,
0.4,7,5,70,70,70,415,415,5378.63,97.6,405.1,230.32,12.84,0.203959,0.671429,0.332926,0.32488,0.086745,0.57256,0.103,0.11,
0.4,7,6,70,70,70,453,453,5854.1,79.8,444,229.77,13.35,0.184657,0.554975,0.339986,0.336996,0.079923,0.57916,0.1041,0.11,
0.4,7,7,70,70,70,396,396,6014.68,79.8,385.4,200.92,12.97,0.161168,0.518615,0.316064,0.314268,0.077887,0.55788,0.1021,0.11,
0.4,7,8,70,70,70,538,538,5385.87,83.2,525.1,225.96,12.86,0.149265,0.518067,0.323496,0.318692,0.080408,0.56438,0.1029,0.11,
0.4,7,9,70,70,70,435,435,5800.41,85.1,423.8,199.32,12.82,0.13697,0.514286,0.32248,0.31759,0.077461,0.56359,0.103,0.11,
