I_U,T_INT,seed,nodes_measured,n_targets,total_assignments,sim_elapsed_s,total_survey_time_s,fleet_distance_m,conv_time_min_s,conv_time_max_s,conv_time_mean_s,wall_time_s,var_Ubar_min,var_Ubar_max,var_Ubar_mean,var_Ubar_median,var_Ubar_std,sigma_Ubar_mean,ci_rel_mean,ci_rel_max,error
0.25,3,0,70,70,70,346,346,5915.65,79.8,335.7,161.34,13.73,0.121965,0.194565,0.149405,0.14801,0.015392,0.38604,0.0695,0.07,
0.25,3,1,70,70,70,306,306,5453.07,79.8,295.1,155.03,12.79,0.111299,0.177242,0.144387,0.143917,0.014494,0.37951,0.0695,0.07,
0.25,3,2,70,70,70,321,321,5373.71,79.8,311.3,162.12,12.66,0.096594,0.191386,0.145835,0.144329,0.018715,0.38111,0.0693,0.07,
0.25,3,3,70,70,70,295,295,5469.73,79.8,284.8,166.81,12.82,0.12205,0.190357,0.14459,0.141291,0.013522,0.37985,0.0696,0.07,
0.25,3,4,70,70,70,330,330,6255.13,79.8,320.1,172.91,13.59,0.120832,0.172913,0.14674,0.147911,0.012129,0.38274,0.0696,0.07,
0.25,3,5,70,70,70,300,300,5378.63,85.9,290.1,183.32,12.76,0.115738,0.187611,0.14548,0.145271,0.014933,0.38092,0.0695,0.07,
0.25,3,6,70,70,70,315,315,5854.1,79.8,305.1,170.83,13.18,0.105627,0.191678,0.145711,0.144546,0.016487,0.38112,0.0694,0.07,
0.25,3,7,70,70,70,303,303,6014.68,79.8,290.1,165.67,13.18,0.114992,0.178318,0.14418,0.143075,0.015592,0.37916,0.0692,0.07,
0.25,3,8,70,70,70,265,265,5385.87,87.9,253.4,179.36,12.82,0.109128,0.179989,0.142305,0.140179,0.015559,0.37668,0.0693,0.07,
0.25,3,9,70,70,70,286,286,5800.41,81.6,275.1,168.33,13.11,0.114293,0.17704,0.144091,0.14425,0.012417,0.37924,0.0695,0.07,
0.25,3.5,0,70,70,70,351,351,5915.65,79.8,340.1,163.9,14.48,0.120766,0.203769,0.149557,0.14743,0.01692,0.38613,0.0695,0.07,
0.25,3.5,1,70,70,70,306,306,5453.07,79.8,295.1,161.2,13.35,0.110479,0.179854,0.142831,0.142579,0.014362,0.37746,0.0691,0.07,
0.25,3.5,2,70,70,70,325,325,5373.71,79.8,315.1,168.51,13.22,0.099317,0.195019,0.147423,0.14715,0.019282,0.38314,0.0695,0.07,
0.25,3.5,3,70,70,70,324,324,5469.73,79.8,314,176.34,13.54,0.116663,0.192125,0.14516,0.141777,0.014963,0.38051,0.0697,0.07,
0.25,3.5,4,70,70,70,350,350,6255.13,81.1,340.1,182.85,14.37,0.123707,0.175129,0.147742,0.147537,0.013089,0.384,0.0697,0.07,
0.25,3.5,5,70,70,70,302,302,5378.63,88.7,292.3,190.63,13.56,0.115663,0.183932,0.145243,0.144953,0.014518,0.38064,0.0696,0.07,
0.25,3.5,6,70,70,70,320,320,5854.1,79.8,310.1,178.43,13.8,0.104827,0.192279,0.145888,0.144218,0.016515,0.38134,0.0694,0.07,
0.25,3.5,7,70,70,70,308,308,6014.68,79.8,295.1,171.31,13.76,0.108613,0.179994,0.143678,0.142671,0.016269,0.37845,0.0691,0.07,
0.25,3.5,8,70,70,70,329,329,5385.87,89.6,320.2,191.75,13.46,0.111703,0.182271,0.144462,0.142453,0.015885,0.37952,0.0696,0.07,
0.25,3.5,9,70,70,70,291,291,5800.41,81.7,280.1,171.55,13.5,0.112742,0.179304,0.144303,0.144761,0.013759,0.37944,0.0695,0.07,
0.25,4,0,70,70,70,353,353,5915.65,79.8,342.8,168.22,14.83,0.114774,0.215701,0.149944,0.146449,0.018374,0.38654,0.0695,0.07,
0.25,4,1,70,70,70,307,307,5453.07,79.8,296.8,166.99,13.8,0.114435,0.188517,0.143737,0.142214,0.015998,0.37855,0.0693,0.07,
0.25,4,2,70,70,70,355,355,5373.71,79.8,345.1,178.78,13.75,0.102646,0.196517,0.146231,0.146175,0.019056,0.3816,0.0694,0.07,
0.25,4,3,70,70,70,374,374,5469.73,79.8,360.1,187.55,14.06,0.112477,0.197567,0.144851,0.141646,0.014928,0.38011,0.0695,0.07,
0.25,4,4,70,70,70,355,355,6255.13,85.1,345.1,190.63,14.83,0.120448,0.177278,0.147955,0.147552,0.014337,0.3842,0.0697,0.07,
0.25,4,5,70,70,70,317,317,5378.63,89.1,305.1,197.54,13.9,0.113989,0.192968,0.145592,0.144592,0.014725,0.38109,0.0696,0.07,
0.25,4,6,70,70,70,325,325,5854.1,79.8,315.1,183.8,14.29,0.103429,0.195743,0.146684,0.146079,0.017042,0.38235,0.0695,0.07,
0.25,4,7,70,70,70,326,326,6014.68,79.8,315.1,177.51,14.17,0.114872,0.184153,0.144524,0.144578,0.017238,0.3795,0.0692,0.07,
0.25,4,8,70,70,70,334,334,5385.87,90.1,325.1,200.43,13.97,0.114858,0.183722,0.143864,0.143288,0.01593,0.37873,0.0694,0.07,
0.25,4,9,70,70,70,296,296,5800.41,81.7,285.1,177.32,14.01,0.111899,0.181858,0.144401,0.144911,0.014888,0.3795,0.0695,0.07,
0.25,4.5,0,70,70,70,356,356,5915.65,79.8,345.1,173.44,15.05,0.116014,0.226944,0.149995,0.146311,0.019617,0.38652,0.0694,0.07,
0.25,4.5,1,70,70,70,311,311,5453.07,79.8,300.1,170.06,14.01,0.106059,0.187712,0.144405,0.146175,0.016815,0.37937,0.0694,0.07,
0.25,4.5,2,70,70,70,366,366,5373.71,79.8,356.6,185.26,14.02,0.097462,0.197908,0.145573,0.145484,0.019421,0.3807,0.0692,0.07,
0.25,4.5,3,70,70,70,379,379,5469.73,79.8,365.1,193.71,14.41,0.113743,0.200883,0.144801,0.142796,0.015944,0.37997,0.0695,0.07,
0.25,4.5,4,70,70,70,374,374,6255.13,90.1,360.1,197.07,15.24,0.120125,0.178514,0.147618,0.146206,0.015016,0.38372,0.0695,0.07,
0.25,4.5,5,70,70,70,321,321,5378.63,89.4,310.1,202.62,14.34,0.114796,0.175557,0.145431,0.144038,0.014257,0.3809,0.0695,0.07,
0.25,4.5,6,70,70,70,332,332,5854.1,79.8,322.2,193.33,14.64,0.111749,0.199018,0.14634,0.145352,0.017989,0.38183,0.0696,0.07,
0.25,4.5,7,70,70,70,331,331,6014.68,79.8,320.1,181.7,14.39,0.105552,0.187154,0.144517,0.143855,0.018596,0.37938,0.0692,0.07,
0.25,4.5,8,70,70,70,340,340,5385.87,100.1,330.4,206.18,14.34,0.11208,0.176679,0.143883,0.141466,0.015805,0.37876,0.0693,0.07,
0.25,4.5,9,70,70,70,301,301,5800.41,81.7,290.1,179.39,14.09,0.110906,0.185888,0.144746,0.145574,0.016657,0.37983,0.0695,0.07,
0.25,5,0,70,70,70,356,356,5915.65,80.1,345.1,176.85,15.37,0.114028,0.228913,0.15027,0.148042,0.019616,0.38688,0.0695,0.07,
0.25,5,1,70,70,70,311,311,5453.07,79.8,300.1,174.14,14.34,0.107688,0.194119,0.143785,0.145178,0.019052,0.37836,0.0692,0.07,
0.25,5,2,70,70,70,375,375,5373.71,79.8,365.1,188.9,14.55,0.099289,0.194115,0.145508,0.142874,0.019141,0.38065,0.0693,0.07,
0.25,5,3,70,70,70,379,379,5469.73,79.8,365.1,196.61,14.75,0.11256,0.203419,0.14564,0.142514,0.016629,0.38104,0.0696,0.07,
0.25,5,4,70,70,70,379,379,6255.13,95.8,365.1,203.27,15.57,0.093286,0.180844,0.147472,0.149014,0.016632,0.3834,0.0693,0.07,
0.25,5,5,70,70,70,345,345,5378.63,89.5,335.1,207.05,14.62,0.117548,0.178528,0.144852,0.144974,0.014877,0.3801,0.0693,0.07,
0.25,5,6,70,70,70,341,341,5854.1,79.8,332,195.81,14.93,0.110637,0.204165,0.146473,0.145232,0.01858,0.38196,0.0695,0.07,
0.25,5,7,70,70,70,331,331,6014.68,79.8,320.1,184.47,14.77,0.111618,0.191117,0.14383,0.142456,0.018789,0.37847,0.069,0.07,
0.25,5,8,70,70,70,345,345,5385.87,100.1,335.1,210.65,14.63,0.104986,0.178596,0.144262,0.142455,0.017285,0.37915,0.0693,0.07,
0.25,5,9,70,70,70,301,301,5800.41,81.7,290.1,183.46,14.58,0.10913,0.186605,0.144509,0.142216,0.016608,0.37953,0.0694,0.07,
0.25,5.5,0,70,70,70,361,361,5915.65,80.4,350.1,180.4,16,0.114852,0.23639,0.148529,0.14613,0.019599,0.38462,0.0692,0.07,
0.25,5.5,1,70,70,70,325,325,5453.07,79.8,315.1,179.2,14.89,0.096533,0.192076,0.14322,0.142879,0.019761,0.37754,0.0691,0.07,
0.25,5.5,2,70,70,70,375,375,5373.71,79.8,365.1,193.32,14.8,0.100929,0.202101,0.145647,0.143896,0.019794,0.38078,0.0692,0.07,
0.25,5.5,3,70,70,70,381,381,5469.73,80.1,367.1,200.02,15.07,0.112051,0.205207,0.144129,0.141159,0.017606,0.37897,0.0693,0.07,
0.25,5.5,4,70,70,70,379,379,6255.13,98.3,365.1,206.22,15.89,0.104872,0.182282,0.147735,0.146802,0.017047,0.38372,0.0693,0.07,
0.25,5.5,5,70,70,70,345,345,5378.63,89.5,335.1,211.26,15.04,0.11192,0.176982,0.144513,0.143089,0.015154,0.37963,0.0692,0.07,
0.25,5.5,6,70,70,70,350,350,5854.1,79.8,340.2,199.42,15.22,0.103649,0.207176,0.146413,0.144716,0.019474,0.38181,0.0694,0.07,
0.25,5.5,7,70,70,70,336,336,6014.68,79.8,325.1,186.69,15.11,0.104549,0.193683,0.1447,0.142307,0.020192,0.37949,0.0692,0.07,
0.25,5.5,8,70,70,70,350,350,5385.87,100.1,340.1,213.59,14.97,0.109903,0.176372,0.1442,0.143401,0.017251,0.37907,0.0693,0.07,
0.25,5.5,9,70,70,70,302,302,5800.41,81.7,291.9,186.23,14.76,0.108366,0.182687,0.144871,0.14309,0.017006,0.37997,0.0694,0.07,
0.25,6,0,70,70,70,361,361,5915.65,81.8,350.1,183.58,16.19,0.113907,0.222744,0.147734,0.144995,0.018877,0.38363,0.0691,0.07,
0.25,6,1,70,70,70,325,325,5453.07,80.1,315.1,182.62,14.93,0.096003,0.191412,0.143464,0.143792,0.019638,0.37788,0.0691,0.07,
0.25,6,2,70,70,70,375,375,5373.71,79.8,365.8,196.62,15.05,0.095153,0.204461,0.145445,0.143842,0.021511,0.38035,0.0691,0.07,
0.25,6,3,70,70,70,384,384,5469.73,80.1,370.1,201.99,15.22,0.108127,0.206557,0.142978,0.139719,0.018,0.37741,0.0691,0.07,
0.25,6,4,70,70,70,384,384,6255.13,92,370.1,208.4,16.12,0.113543,0.185168,0.147842,0.149425,0.017864,0.3838,0.0693,0.07,
0.25,6,5,70,70,70,345,345,5378.63,89.4,335.1,216.04,15.21,0.111782,0.176693,0.144294,0.143944,0.016236,0.37926,0.0691,0.07,
0.25,6,6,70,70,70,355,355,5854.1,79.8,345.1,203.51,15.49,0.106284,0.209845,0.145457,0.144335,0.02055,0.38046,0.0691,0.07,
0.25,6,7,70,70,70,336,336,6014.68,79.8,325.1,189.77,15.27,0.103978,0.196079,0.144796,0.141389,0.020674,0.37958,0.0692,0.07,
0.25,6,8,70,70,70,410,410,5385.87,100.1,400.1,216.54,15.23,0.104126,0.180435,0.143826,0.142762,0.018458,0.37847,0.0691,0.07,
0.25,6,9,70,70,70,306,306,5800.41,81.7,295.1,189.09,15.02,0.107042,0.183254,0.143471,0.140932,0.01682,0.37813,0.0692,0.07,
0.25,6.5,0,70,70,70,361,361,5915.65,81.5,350.1,187.68,16.12,0.111472,0.192354,0.147411,0.145899,0.017514,0.38328,0.0692,0.07,
0.25,6.5,1,70,70,70,325,325,5453.07,80.1,315.1,184.53,15.14,0.093127,0.195569,0.142855,0.141787,0.020321,0.37701,0.069,0.07,
0.25,6.5,2,70,70,70,380,380,5373.71,79.8,370.1,201.62,15.25,0.081615,0.205996,0.144967,0.144414,0.021266,0.37972,0.069,0.07,
0.25,6.5,3,70,70,70,384,384,5469.73,80.1,370.1,205.58,15.46,0.106364,0.209054,0.143171,0.140862,0.018894,0.3776,0.069,0.07,
0.25,6.5,4,70,70,70,384,384,6255.13,96,370.1,212.05,16.22,0.11404,0.186282,0.146671,0.146505,0.018064,0.38226,0.069,0.07,
0.25,6.5,5,70,70,70,352,352,5378.63,89.3,340.1,219.06,15.43,0.107043,0.176765,0.143883,0.142844,0.016366,0.37871,0.0691,0.07,
0.25,6.5,6,70,70,70,364,364,5854.1,79.8,353,209.21,15.77,0.100903,0.212331,0.144868,0.144131,0.020667,0.37968,0.0689,0.07,
0.25,6.5,7,70,70,70,336,336,6014.68,79.8,325.2,190.05,15.46,0.103618,0.198375,0.145217,0.143616,0.021502,0.38006,0.0693,0.07,
0.25,6.5,8,70,70,70,415,415,5385.87,100.1,405.1,219.36,15.38,0.107371,0.181015,0.144073,0.14293,0.018537,0.37879,0.0692,0.07,
0.25,6.5,9,70,70,70,367,367,5800.41,81.8,355.1,192.52,15.21,0.101223,0.185229,0.144275,0.141796,0.017293,0.37916,0.0693,0.07,
0.25,7,0,70,70,70,361,361,5915.65,81.3,350.1,189.8,16.96,0.112309,0.190198,0.147374,0.146132,0.018118,0.38318,0.0691,0.07,
0.25,7,1,70,70,70,327,327,5453.07,80.1,318,186.61,15.74,0.092052,0.198177,0.142882,0.142974,0.021325,0.37694,0.069,0.07,
0.25,7,2,70,70,70,385,385,5373.71,79.8,375.1,203.37,15.87,0.092311,0.204224,0.145011,0.144174,0.020875,0.37983,0.069,0.07,
0.25,7,3,70,70,70,384,384,5469.73,80.1,370.1,207.29,15.97,0.096273,0.210467,0.142458,0.138608,0.019998,0.37655,0.0688,0.07,
0.25,7,4,70,70,70,384,384,6255.13,95.1,372,215.02,16.99,0.109075,0.187671,0.145903,0.14744,0.018786,0.38118,0.0689,0.07,
0.25,7,5,70,70,70,352,352,5378.63,89.2,340.1,221.3,15.86,0.096925,0.234272,0.145014,0.142169,0.02098,0.37986,0.0691,0.07,
0.25,7,6,70,70,70,369,369,5854.1,79.8,355.1,210.33,16.33,0.102088,0.214774,0.144694,0.143756,0.022396,0.37929,0.0688,0.07,
0.25,7,7,70,70,70,341,341,6014.68,79.8,330.1,191.28,15.98,0.09828,0.200696,0.144774,0.142877,0.022474,0.37938,0.0691,0.07,
0.25,7,8,70,70,70,415,415,5385.87,100.1,405.5,221,15.8,0.105336,0.182984,0.143676,0.141401,0.018773,0.37825,0.0691,0.07,
0.25,7,9,70,70,70,370,370,5800.41,81.8,358.4,194.59,15.91,0.094289,0.186469,0.14401,0.14175,0.018169,0.37873,0.0692,0.07,
0.26,3,0,70,70,70,351,351,5915.65,79.8,340.1,166.63,16,0.123303,0.199186,0.149685,0.146542,0.016993,0.38629,0.0696,0.07,
0.26,3,1,70,70,70,306,306,5453.07,79.8,295.4,162.43,14.9,0.108381,0.179773,0.143475,0.142827,0.014119,0.37832,0.0693,0.07,
0.26,3,2,70,70,70,325,325,5373.71,79.8,315.1,170.46,14.69,0.100618,0.193339,0.146858,0.146916,0.018646,0.38246,0.0695,0.07,
0.26,3,3,70,70,70,324,324,5469.73,79.8,313.4,178.43,15.14,0.117118,0.18014,0.144423,0.141909,0.013504,0.37963,0.0696,0.07,
0.26,3,4,70,70,70,339,339,6255.13,80.1,325.1,185.82,16.1,0.121384,0.175972,0.147302,0.147425,0.012759,0.38344,0.0697,0.07,
0.26,3,5,70,70,70,301,301,5378.63,89.7,290.1,191.71,15.06,0.116919,0.183779,0.145632,0.145206,0.014121,0.38118,0.0696,0.07,
0.26,3,6,70,70,70,316,316,5854.1,79.8,306.2,179.8,15.46,0.10653,0.190356,0.145839,0.145212,0.015522,0.38135,0.0695,0.07,
0.26,3,7,70,70,70,308,308,6014.68,79.8,295.1,173.04,15.4,0.106448,0.180087,0.143654,0.142284,0.015715,0.37846,0.0691,0.07,
0.26,3,8,70,70,70,304,304,5385.87,90.1,290.1,189,15.06,0.115584,0.179111,0.143782,0.141106,0.01508,0.37868,0.0696,0.07,
0.26,3,9,70,70,70,293,293,5800.41,85.1,280.1,174.92,15.14,0.115286,0.178941,0.144865,0.14322,0.01315,0.38022,0.0696,0.07,
0.26,3.5,0,70,70,70,353,353,5915.65,79.8,342.5,174.55,16.17,0.117211,0.21314,0.149594,0.146214,0.01832,0.38609,0.0694,0.07,
0.26,3.5,1,70,70,70,311,311,5453.07,79.8,300.1,168.28,15.03,0.107469,0.188746,0.143745,0.143032,0.016325,0.37853,0.0692,0.07,
0.26,3.5,2,70,70,70,330,330,5373.71,79.8,320.1,180.82,15.09,0.103431,0.197021,0.145485,0.145347,0.017763,0.38072,0.0693,0.07,
0.26,3.5,3,70,70,70,374,374,5469.73,79.8,360.1,192.04,15.27,0.114026,0.184476,0.144071,0.142274,0.014083,0.37912,0.0694,0.07,
0.26,3.5,4,70,70,70,350,350,6255.13,84.2,340.1,195.8,16.26,0.122816,0.178097,0.148011,0.14835,0.01358,0.38432,0.0697,0.07,
0.26,3.5,5,70,70,70,340,340,5378.63,90.1,330.1,201.39,15.19,0.110241,0.18646,0.145259,0.145012,0.014433,0.38066,0.0694,0.07,
0.26,3.5,6,70,70,70,320,320,5854.1,79.8,310.1,189.57,15.53,0.104896,0.195939,0.145811,0.1455,0.016957,0.38121,0.0696,0.07,
0.26,3.5,7,70,70,70,326,326,6014.68,79.8,315.1,179.84,15.48,0.114984,0.183467,0.14557,0.14447,0.016495,0.38094,0.0694,0.07,
0.26,3.5,8,70,70,70,335,335,5385.87,100.1,327,202.66,15.18,0.114465,0.173712,0.143851,0.142037,0.014917,0.37877,0.0694,0.07,
0.26,3.5,9,70,70,70,296,296,5800.41,87.7,285.1,180.06,15.2,0.111985,0.18117,0.145094,0.14237,0.014749,0.38043,0.0696,0.07,
0.26,4,0,70,70,70,356,356,5915.65,79.8,345.1,178.69,16.47,0.117129,0.225972,0.149722,0.146108,0.019716,0.38616,0.0694,0.07,
0.26,4,1,70,70,70,311,311,5453.07,79.8,300.1,172.68,15.41,0.110113,0.18988,0.144406,0.144424,0.016218,0.37941,0.0694,0.07,
0.26,4,2,70,70,70,370,370,5373.71,79.8,360.1,189.74,15.45,0.100224,0.197924,0.145648,0.144875,0.018112,0.38091,0.0694,0.07,
0.26,4,3,70,70,70,379,379,5469.73,79.8,365.1,199.17,15.71,0.114085,0.179802,0.144367,0.14188,0.014968,0.37946,0.0695,0.07,
0.26,4,4,70,70,70,378,378,6255.13,87.8,364.7,201.57,16.79,0.120345,0.180149,0.148413,0.14821,0.014756,0.38477,0.0696,0.07,
0.26,4,5,70,70,70,345,345,5378.63,90.1,335.1,205.72,15.77,0.114894,0.191877,0.145495,0.145752,0.015218,0.38093,0.0694,0.07,
0.26,4,6,70,70,70,340,340,5854.1,79.8,330.1,196.31,16.16,0.113205,0.200026,0.146035,0.145548,0.017696,0.38146,0.0695,0.07,
0.26,4,7,70,70,70,331,331,6014.68,79.8,320.1,184.43,16.04,0.107175,0.187374,0.143561,0.140813,0.018289,0.37815,0.0689,0.07,
0.26,4,8,70,70,70,344,344,5385.87,100.1,335.1,210.2,15.94,0.112248,0.175184,0.144002,0.143022,0.015784,0.37892,0.0693,0.07,
0.26,4,9,70,70,70,301,301,5800.41,90.1,290.1,188.14,15.81,0.111826,0.181816,0.144207,0.142746,0.015163,0.37923,0.0694,0.07,
0.26,4.5,0,70,70,70,361,361,5915.65,80.1,350.1,181.69,16.45,0.118681,0.230625,0.149942,0.144841,0.019943,0.38643,0.0695,0.07,
0.26,4.5,1,70,70,70,320,320,5453.07,79.8,310.1,179.94,15.34,0.107074,0.189278,0.144794,0.145191,0.017947,0.37979,0.0695,0.07,
0.26,4.5,2,70,70,70,375,375,5373.71,79.8,365.1,196.73,15.45,0.102411,0.202523,0.144708,0.143027,0.019148,0.3796,0.0691,0.07,
0.26,4.5,3,70,70,70,379,379,5469.73,79.8,365.1,202.66,15.57,0.113453,0.202254,0.145085,0.142477,0.016625,0.3803,0.0696,0.07,
0.26,4.5,4,70,70,70,379,379,6255.13,92.8,365.1,209.08,16.63,0.091238,0.181763,0.148066,0.14957,0.017229,0.38413,0.0694,0.07,
0.26,4.5,5,70,70,70,345,345,5378.63,90.1,335.1,212.26,15.47,0.119055,0.17621,0.145693,0.143472,0.014944,0.3812,0.0695,0.07,
0.26,4.5,6,70,70,70,350,350,5854.1,79.8,340.1,203.03,15.89,0.104428,0.202894,0.14681,0.145151,0.018768,0.38239,0.0696,0.07,
0.26,4.5,7,70,70,70,332,332,6014.68,79.8,321.6,190.21,15.76,0.108428,0.19115,0.144296,0.143644,0.018774,0.37908,0.069,0.07,
0.26,4.5,8,70,70,70,345,345,5385.87,100.1,335.1,214.54,15.55,0.105633,0.179314,0.145235,0.143495,0.017134,0.38044,0.0695,0.07,
0.26,4.5,9,70,70,70,301,301,5800.41,90.1,290.1,192.03,15.61,0.110072,0.186334,0.145233,0.143176,0.015527,0.38056,0.0696,0.07,
0.26,5,0,70,70,70,361,361,5915.65,81.5,350.1,188.85,17.15,0.118123,0.235143,0.148914,0.145055,0.019169,0.38516,0.0694,0.07,
0.26,5,1,70,70,70,325,325,5453.07,79.8,315.1,183.86,15.96,0.108817,0.191476,0.143774,0.14261,0.01843,0.3784,0.0691,0.07,
0.26,5,2,70,70,70,380,380,5373.71,79.8,370.1,199.42,15.89,0.098404,0.203064,0.145816,0.145123,0.019674,0.38101,0.0693,0.07,
0.26,5,3,70,70,70,384,384,5469.73,80.1,370.1,206.09,16.34,0.110959,0.205935,0.144311,0.141431,0.017367,0.37923,0.0694,0.07,
0.26,5,4,70,70,70,381,381,6255.13,96.5,367.2,215.92,17.31,0.096022,0.182741,0.147901,0.149144,0.018463,0.38382,0.0693,0.07,
0.26,5,5,70,70,70,346,346,5378.63,90.1,336.4,217.81,16.09,0.11538,0.177871,0.144687,0.145126,0.014797,0.37988,0.0693,0.07,
0.26,5,6,70,70,70,358,358,5854.1,79.8,348.5,208.14,16.57,0.107624,0.204893,0.146417,0.146159,0.019235,0.38184,0.0694,0.07,
0.26,5,7,70,70,70,336,336,6014.68,79.8,325.1,193.44,16.44,0.107708,0.194244,0.145296,0.143556,0.019794,0.38032,0.0692,0.07,
0.26,5,8,70,70,70,350,350,5385.87,100.1,340.1,220.01,16.19,0.111527,0.182811,0.144736,0.142776,0.017442,0.37976,0.0694,0.07,
0.26,5,9,70,70,70,352,352,5800.41,90.1,340.1,196.54,16.11,0.11263,0.188025,0.144815,0.142732,0.015544,0.38001,0.0695,0.07,
0.26,5.5,0,70,70,70,362,362,5915.65,82.3,351.4,190.93,17.08,0.117805,0.239503,0.149317,0.145163,0.019504,0.38566,0.0694,0.07,
0.26,5.5,1,70,70,70,325,325,5453.07,80.1,315.1,186.8,15.94,0.099767,0.193989,0.14415,0.143585,0.019462,0.37881,0.0692,0.07,
0.26,5.5,2,70,70,70,380,380,5373.71,79.8,370.1,203.51,15.99,0.082556,0.199951,0.145716,0.144513,0.020557,0.38078,0.0692,0.07,
0.26,5.5,3,70,70,70,384,384,5469.73,80.1,370.1,209.49,16.29,0.111408,0.208808,0.143966,0.140668,0.018551,0.37868,0.0694,0.07,
0.26,5.5,4,70,70,70,384,384,6255.13,98.9,370.1,217.56,17.42,0.110932,0.184372,0.147766,0.148519,0.018345,0.38367,0.0693,0.07,
0.26,5.5,5,70,70,70,410,410,5378.63,90.1,400.1,229.07,16.34,0.115015,0.181728,0.143494,0.143416,0.015381,0.37827,0.0691,0.07,
0.26,5.5,6,70,70,70,364,364,5854.1,79.8,354.7,213.35,16.78,0.108883,0.208463,0.146174,0.144187,0.020034,0.38146,0.0693,0.07,
0.26,5.5,7,70,70,70,336,336,6014.68,79.8,325.2,194.52,16.28,0.100563,0.201838,0.14559,0.143654,0.020956,0.3806,0.0693,0.07,
0.26,5.5,8,70,70,70,415,415,5385.87,100.1,405.1,225.97,16.39,0.106202,0.185834,0.144686,0.142024,0.018327,0.37962,0.0694,0.07,
0.26,5.5,9,70,70,70,367,367,5800.41,90.1,355.3,201.4,16.13,0.11104,0.184248,0.144334,0.143063,0.015618,0.37937,0.0694,0.07,
0.26,6,0,70,70,70,378,378,5915.65,85.3,366.5,194.27,17.51,0.112574,0.191466,0.147797,0.144794,0.017021,0.38382,0.0692,0.07,
0.26,6,1,70,70,70,325,325,5453.07,80.1,315.1,189.38,16.38,0.098292,0.195748,0.14473,0.144838,0.020422,0.37948,0.0694,0.07,
0.26,6,2,70,70,70,380,380,5373.71,79.8,370.1,207.42,16.22,0.084986,0.206959,0.14529,0.145642,0.021936,0.38008,0.0692,0.07,
0.26,6,3,70,70,70,418,418,5469.73,80.1,405.1,213.54,16.68,0.110702,0.211125,0.142503,0.138101,0.019505,0.37667,0.0691,0.07,
0.26,6,4,70,70,70,384,384,6255.13,98.7,372.3,222,17.67,0.1103,0.185746,0.147359,0.148976,0.018421,0.38313,0.0692,0.07,
0.26,6,5,70,70,70,410,410,5378.63,90.1,400.1,231.14,16.58,0.106271,0.183114,0.143834,0.143575,0.016758,0.37862,0.0691,0.07,
0.26,6,6,70,70,70,369,369,5854.1,79.8,356.2,221.4,17.07,0.10299,0.210486,0.145778,0.143883,0.020913,0.38085,0.069,0.07,
0.26,6,7,70,70,70,341,341,6014.68,79.8,330.1,199.27,16.62,0.103025,0.203797,0.145473,0.142813,0.021549,0.3804,0.0693,0.07,
0.26,6,8,70,70,70,415,415,5385.87,100.2,405.1,228.25,16.65,0.109336,0.188258,0.144322,0.142322,0.01873,0.37911,0.0693,0.07,
0.26,6,9,70,70,70,412,412,5800.41,90.1,400.1,206.16,16.7,0.10515,0.186527,0.143735,0.143159,0.016712,0.3785,0.0692,0.07,
0.26,6.5,0,70,70,70,392,392,5915.65,85.1,380.1,199.53,16.82,0.113152,0.193831,0.14721,0.144299,0.017373,0.38303,0.0692,0.07,
0.26,6.5,1,70,70,70,326,326,5453.07,97.7,316.6,195.67,15.59,0.096386,0.196979,0.143182,0.142114,0.020527,0.37742,0.0692,0.07,
0.26,6.5,2,70,70,70,385,385,5373.71,79.8,375.1,208.76,15.51,0.089299,0.209169,0.14567,0.146378,0.021521,0.38064,0.0693,0.07,
0.26,6.5,3,70,70,70,423,423,5469.73,80.1,410.1,219.47,16.03,0.100357,0.212427,0.142672,0.139025,0.02027,0.37681,0.0689,0.07,
0.26,6.5,4,70,70,70,385,385,6255.13,97.8,375.1,223.79,17.01,0.111703,0.187169,0.147003,0.147251,0.018013,0.38269,0.0691,0.07,
0.26,6.5,5,70,70,70,410,410,5378.63,90.1,400.1,234.57,15.92,0.1014,0.184388,0.144282,0.143912,0.017566,0.37914,0.0692,0.07,
0.26,6.5,6,70,70,70,370,370,5854.1,79.8,360.1,223.34,16.4,0.105299,0.212819,0.145918,0.143422,0.02103,0.38104,0.069,0.07,
0.26,6.5,7,70,70,70,346,346,6014.68,79.8,335.1,199.48,16.01,0.102708,0.205601,0.144995,0.143892,0.022189,0.37971,0.0691,0.07,
0.26,6.5,8,70,70,70,420,420,5385.87,100.4,410.1,230.59,16.1,0.108668,0.190276,0.143852,0.141336,0.019117,0.37846,0.0692,0.07,
0.26,6.5,9,70,70,70,412,412,5800.41,90.1,400.1,207.83,15.99,0.097678,0.187242,0.143829,0.141764,0.017556,0.37856,0.0693,0.07,
0.26,7,0,70,70,70,392,392,5915.65,85.1,380.1,201.28,16.75,0.113513,0.193798,0.147038,0.145656,0.018312,0.38273,0.0691,0.07,
0.26,7,1,70,70,70,330,330,5453.07,97.5,320.1,198.33,15.52,0.100034,0.19413,0.141497,0.140178,0.019838,0.37524,0.0689,0.07,
0.26,7,2,70,70,70,403,403,5373.71,79.8,390.1,213.12,15.6,0.095443,0.211187,0.14574,0.143526,0.021544,0.38075,0.0693,0.07,
0.26,7,3,70,70,70,423,423,5469.73,89.9,410.1,224.84,16.05,0.098974,0.212074,0.142292,0.140206,0.020309,0.37631,0.0689,0.07,
0.26,7,4,70,70,70,390,390,6255.13,96.9,380.1,226.79,17,0.10857,0.188859,0.146462,0.147904,0.018716,0.38193,0.0689,0.07,
0.26,7,5,70,70,70,410,410,5378.63,90.1,400.1,239.97,16.14,0.09937,0.185063,0.143937,0.14425,0.017417,0.3787,0.0691,0.07,
0.26,7,6,70,70,70,440,440,5854.1,79.8,430.1,232.19,16.56,0.102906,0.215378,0.145836,0.144781,0.022282,0.38082,0.0689,0.07,
0.26,7,7,70,70,70,346,346,6014.68,79.8,335.1,202.44,16.13,0.104335,0.207213,0.144327,0.143654,0.022095,0.37885,0.0689,0.07,
0.26,7,8,70,70,70,420,420,5385.87,100.6,410.1,232.38,16.1,0.106849,0.19186,0.142852,0.139755,0.019609,0.37709,0.069,0.07,
0.26,7,9,70,70,70,412,412,5800.41,85.1,400.1,209.3,16.04,0.097596,0.186891,0.143574,0.140821,0.0184,0.37815,0.0692,0.07,
0.27,3,0,70,70,70,351,351,5915.65,79.8,340.1,174.95,16.47,0.118746,0.207934,0.14914,0.148517,0.017749,0.38553,0.0693,0.07,
0.27,3,1,70,70,70,311,311,5453.07,79.8,300.1,169.42,15.18,0.109746,0.183775,0.143428,0.142424,0.0155,0.37818,0.0692,0.07,
0.27,3,2,70,70,70,330,330,5373.71,79.8,320.1,182.65,15.02,0.104874,0.18685,0.144515,0.144567,0.0174,0.37947,0.0691,0.07,
0.27,3,3,70,70,70,331,331,5469.73,79.8,320.1,189.79,15.36,0.114906,0.18298,0.14389,0.142659,0.013723,0.37891,0.0694,0.07,
0.27,3,4,70,70,70,350,350,6255.13,81.4,340.1,197.28,16.66,0.123413,0.175951,0.147534,0.148097,0.013566,0.3837,0.0696,0.07,
0.27,3,5,70,70,70,340,340,5378.63,90.1,330.1,201.11,15.64,0.111226,0.184879,0.145248,0.143575,0.014327,0.38066,0.0694,0.07,
0.27,3,6,70,70,70,320,320,5854.1,79.8,310.1,193.32,16.04,0.105375,0.19657,0.145308,0.144641,0.016309,0.3806,0.0694,0.07,
0.27,3,7,70,70,70,308,308,6014.68,79.8,295.1,180.13,15.98,0.113199,0.181231,0.145055,0.145799,0.016309,0.38027,0.0693,0.07,
0.27,3,8,70,70,70,337,337,5385.87,100.1,328.3,204.48,15.65,0.115096,0.174726,0.144168,0.143764,0.015014,0.37919,0.0694,0.07,
0.27,3,9,70,70,70,297,297,5800.41,86,285.1,185.41,15.87,0.114538,0.187712,0.14454,0.142096,0.014685,0.37971,0.0695,0.07,
0.27,3.5,0,70,70,70,356,356,5915.65,79.8,345.1,183.75,16.58,0.117259,0.222854,0.149386,0.146885,0.018981,0.38578,0.0694,0.07,
0.27,3.5,1,70,70,70,311,311,5453.07,79.8,300.1,174.83,15.29,0.112215,0.185763,0.144867,0.144865,0.015753,0.38006,0.0694,0.07,
0.27,3.5,2,70,70,70,370,370,5373.71,79.8,360.1,193.13,15.36,0.102487,0.198913,0.145534,0.14512,0.017727,0.38079,0.0694,0.07,
0.27,3.5,3,70,70,70,379,379,5469.73,79.8,365.1,202.18,15.59,0.113149,0.182477,0.144055,0.143083,0.015183,0.37903,0.0695,0.07,
0.27,3.5,4,70,70,70,382,382,6255.13,85.1,368.4,205.88,16.97,0.1149,0.178141,0.147443,0.149049,0.014559,0.38352,0.0695,0.07,
0.27,3.5,5,70,70,70,345,345,5378.63,90.1,335.1,208.74,15.77,0.116869,0.176111,0.145213,0.146209,0.014058,0.38063,0.0694,0.07,
0.27,3.5,6,70,70,70,340,340,5854.1,79.8,330.1,202.16,16.37,0.114127,0.20164,0.145637,0.145101,0.017321,0.38097,0.0694,0.07,
0.27,3.5,7,70,70,70,331,331,6014.68,79.8,320.1,187.41,16.21,0.107226,0.186696,0.144112,0.142987,0.018607,0.37884,0.069,0.07,
0.27,3.5,8,70,70,70,344,344,5385.87,100.1,335.1,212.7,15.92,0.110547,0.178738,0.144183,0.143562,0.015873,0.37915,0.0693,0.07,
0.27,3.5,9,70,70,70,301,301,5800.41,90.1,290.1,192.18,15.97,0.108113,0.190471,0.144587,0.14333,0.015392,0.37972,0.0694,0.07,
0.27,4,0,70,70,70,361,361,5915.65,80.1,350.1,189.13,16.97,0.119958,0.230802,0.149471,0.146053,0.01974,0.38584,0.0695,0.07,
0.27,4,1,70,70,70,320,320,5453.07,79.8,310.1,182.54,15.66,0.108219,0.188124,0.145083,0.143718,0.017304,0.38022,0.0695,0.07,
0.27,4,2,70,70,70,375,375,5373.71,79.8,365.1,203.56,15.69,0.104192,0.20229,0.145012,0.143911,0.018127,0.38008,0.0692,0.07,
0.27,4,3,70,70,70,379,379,5469.73,79.8,365.1,207.25,15.83,0.113203,0.181762,0.143823,0.140945,0.015183,0.37872,0.0695,0.07,
0.27,4,4,70,70,70,384,384,6255.13,89.3,370.1,218.37,17.26,0.100923,0.179991,0.146919,0.148626,0.015611,0.38275,0.0694,0.07,
0.27,4,5,70,70,70,400,400,5378.63,90.1,390.1,216.39,15.97,0.113493,0.18054,0.145963,0.143925,0.015384,0.38153,0.0695,0.07,
0.27,4,6,70,70,70,350,350,5854.1,79.8,340.2,209.15,16.34,0.107522,0.205348,0.146382,0.145702,0.018259,0.38187,0.0694,0.07,
0.27,4,7,70,70,70,331,331,6014.68,79.8,321,193.52,16.08,0.112484,0.191341,0.145043,0.144102,0.018234,0.38012,0.0692,0.07,
0.27,4,8,70,70,70,347,347,5385.87,101.1,339,219.95,15.87,0.104895,0.182804,0.145173,0.143544,0.016853,0.38038,0.0695,0.07,
0.27,4,9,70,70,70,302,302,5800.41,90.1,290.1,197.83,15.87,0.109625,0.186791,0.145133,0.144635,0.015419,0.38043,0.0695,0.07,
0.27,4.5,0,70,70,70,361,361,5915.65,82,350.1,193.58,16.79,0.115741,0.234298,0.149433,0.147064,0.019148,0.38583,0.0695,0.07,
0.27,4.5,1,70,70,70,325,325,5453.07,79.8,315.1,188.98,15.38,0.106221,0.190024,0.14457,0.143626,0.01814,0.37947,0.0693,0.07,
0.27,4.5,2,70,70,70,380,380,5373.71,79.8,370.1,208.43,15.46,0.0948,0.204207,0.145647,0.143975,0.01902,0.38084,0.0693,0.07,
0.27,4.5,3,70,70,70,384,384,5469.73,80.1,370.1,211.97,15.72,0.11318,0.184289,0.144146,0.141016,0.016431,0.37907,0.0695,0.07,
0.27,4.5,4,70,70,70,384,384,6255.13,93.9,370.1,222.39,17.07,0.096271,0.182544,0.146956,0.148019,0.017936,0.38263,0.0692,0.07,
0.27,4.5,5,70,70,70,410,410,5378.63,90.1,400.1,228.64,15.9,0.112344,0.180356,0.14453,0.143515,0.015954,0.3796,0.0692,0.07,
0.27,4.5,6,70,70,70,361,361,5854.1,79.8,351.2,214.37,16.21,0.110924,0.20877,0.146423,0.144509,0.019358,0.38184,0.0693,0.07,
0.27,4.5,7,70,70,70,342,342,6014.68,79.8,329.6,196.45,15.94,0.113007,0.195445,0.145208,0.143532,0.01956,0.38023,0.0692,0.07,
0.27,4.5,8,70,70,70,350,350,5385.87,101.8,340.1,227.78,16.01,0.111924,0.18559,0.144873,0.142922,0.017752,0.37992,0.0694,0.07,
0.27,4.5,9,70,70,70,367,367,5800.41,90.1,355.1,205.42,15.92,0.113073,0.188727,0.145029,0.143021,0.015251,0.38031,0.0695,0.07,
0.27,5,0,70,70,70,366,366,5915.65,82.9,355.1,196.47,16.75,0.115792,0.239337,0.149475,0.146299,0.020151,0.38581,0.0695,0.07,
0.27,5,1,70,70,70,325,325,5453.07,80.1,315.1,193.36,15.68,0.103943,0.181835,0.144349,0.143217,0.018505,0.37914,0.0692,0.07,
0.27,5,2,70,70,70,380,380,5373.71,79.8,370.1,213.03,15.47,0.096372,0.208205,0.145849,0.142068,0.019878,0.38104,0.0694,0.07,
0.27,5,3,70,70,70,418,418,5469.73,80.1,405.1,216.07,15.67,0.112042,0.190685,0.143807,0.140549,0.017589,0.37854,0.0695,0.07,
0.27,5,4,70,70,70,384,384,6255.13,97.5,370.1,228.68,17.25,0.098499,0.185118,0.147215,0.146426,0.018954,0.38288,0.0691,0.07,
0.27,5,5,70,70,70,410,410,5378.63,90.2,400.1,231.48,16.22,0.115102,0.181937,0.145303,0.141672,0.016663,0.38057,0.0694,0.07,
0.27,5,6,70,70,70,365,365,5854.1,79.8,355.4,219.99,16.7,0.105225,0.21136,0.147012,0.144648,0.020093,0.38255,0.0694,0.07,
0.27,5,7,70,70,70,343,343,6014.68,79.8,330.2,201.7,16.36,0.103375,0.198451,0.145651,0.144082,0.020705,0.3807,0.0693,0.07,
0.27,5,8,70,70,70,415,415,5385.87,102.2,405.1,233.96,16.35,0.107421,0.187645,0.144111,0.140006,0.017958,0.3789,0.0692,0.07,
0.27,5,9,70,70,70,412,412,5800.41,90.1,400.1,207.68,16.3,0.11113,0.192789,0.145251,0.143951,0.016132,0.38054,0.0695,0.07,
0.27,5.5,0,70,70,70,377,377,5915.65,83.9,365.1,202.69,16.96,0.117355,0.244941,0.148895,0.144762,0.020825,0.38501,0.0693,0.07,
0.27,5.5,1,70,70,70,328,328,5453.07,80.1,318.3,195.79,15.6,0.10286,0.192749,0.144959,0.147289,0.020049,0.37981,0.0694,0.07,
0.27,5.5,2,70,70,70,385,385,5373.71,79.8,375.1,216.29,15.5,0.086423,0.208348,0.144931,0.143363,0.020492,0.37976,0.0691,0.07,
0.27,5.5,3,70,70,70,423,423,5469.73,90.1,410.1,222.65,15.62,0.110538,0.210331,0.144007,0.140591,0.019023,0.3787,0.0694,0.07,
0.27,5.5,4,70,70,70,409,409,6255.13,99.4,396.8,233.32,17.32,0.11347,0.18696,0.147162,0.147856,0.018396,0.38288,0.0692,0.07,
0.27,5.5,5,70,70,70,410,410,5378.63,90.1,400.1,238.08,16.18,0.110041,0.18384,0.145458,0.143839,0.016218,0.38081,0.0694,0.07,
0.27,5.5,6,70,70,70,370,370,5854.1,79.8,360.1,226.65,16.46,0.10687,0.213685,0.147122,0.144872,0.021007,0.38262,0.0693,0.07,
0.27,5.5,7,70,70,70,346,346,6014.68,79.8,335.1,204.65,16.2,0.106491,0.196886,0.1454,0.143825,0.020295,0.38041,0.0692,0.07,
0.27,5.5,8,70,70,70,415,415,5385.87,102.5,405.1,238.35,16.12,0.110161,0.18943,0.144564,0.141927,0.018349,0.37947,0.0694,0.07,
0.27,5.5,9,70,70,70,412,412,5800.41,92.7,400.1,211.47,16.23,0.109129,0.18973,0.14462,0.142582,0.016699,0.37967,0.0694,0.07,
0.27,6,0,70,70,70,392,392,5915.65,97.3,380.1,209.85,17.05,0.116849,0.194025,0.147535,0.144172,0.017745,0.38344,0.0692,0.07,
0.27,6,1,70,70,70,337,337,5453.07,100.1,325.1,202.89,15.69,0.101172,0.194724,0.144241,0.143579,0.020736,0.37881,0.0694,0.07,
0.27,6,2,70,70,70,388,388,5373.71,79.8,378.3,217.71,15.75,0.089991,0.205879,0.145085,0.143619,0.020402,0.37997,0.0692,0.07,
0.27,6,3,70,70,70,423,423,5469.73,90.1,410.1,227.44,15.67,0.10947,0.21438,0.144141,0.141033,0.019559,0.37883,0.0693,0.07,
0.27,6,4,70,70,70,413,413,6255.13,100.1,400.1,237.08,16.97,0.112653,0.187359,0.147419,0.148564,0.018233,0.38323,0.0692,0.07,
0.27,6,5,70,70,70,413,413,5378.63,90.1,403.2,243.58,16.09,0.110469,0.185224,0.144349,0.14434,0.01657,0.37932,0.0692,0.07,
0.27,6,6,70,70,70,377,377,5854.1,79.8,367.9,232.77,16.3,0.105055,0.215673,0.146704,0.142876,0.021954,0.38198,0.0692,0.07,
0.27,6,7,70,70,70,348,348,6014.68,79.8,335.1,209.72,16.16,0.102963,0.196476,0.145053,0.14346,0.020501,0.37993,0.0692,0.07,
0.27,6,8,70,70,70,420,420,5385.87,102.7,410.1,240.16,15.98,0.108212,0.191224,0.14447,0.143959,0.019295,0.37926,0.0693,0.07,
0.27,6,9,70,70,70,412,412,5800.41,91.7,400.1,214.19,15.82,0.101348,0.185137,0.143911,0.143202,0.017322,0.37868,0.0693,0.07,
0.27,6.5,0,70,70,70,451,451,5915.65,96.5,440.1,215.79,17.68,0.113927,0.193453,0.147721,0.145164,0.018395,0.38363,0.0694,0.07,
0.27,6.5,1,70,70,70,337,337,5453.07,100.1,325.7,206.05,16.05,0.099335,0.194296,0.143486,0.143107,0.020664,0.37781,0.0693,0.07,
0.27,6.5,2,70,70,70,390,390,5373.71,79.8,380.1,220.41,16.03,0.094322,0.212132,0.145421,0.145304,0.020828,0.38039,0.0692,0.07,
0.27,6.5,3,70,70,70,423,423,5469.73,90.1,410.1,230.84,16.31,0.102668,0.216751,0.143805,0.139921,0.020074,0.37835,0.0692,0.07,
0.27,6.5,4,70,70,70,428,428,6255.13,99.1,415.1,237.92,17.45,0.110728,0.189145,0.147232,0.147931,0.01961,0.38287,0.0691,0.07,
0.27,6.5,5,70,70,70,415,415,5378.63,90.1,405.1,247.09,16.3,0.105191,0.186621,0.14434,0.143975,0.018144,0.37918,0.0692,0.07,
0.27,6.5,6,70,70,70,440,440,5854.1,79.8,430.1,240.09,16.86,0.100535,0.218058,0.146239,0.142817,0.022395,0.38134,0.069,0.07,
0.27,6.5,7,70,70,70,361,361,6014.68,79.8,350.1,215.91,16.48,0.103437,0.198598,0.144373,0.141516,0.020913,0.37899,0.069,0.07,
0.27,6.5,8,70,70,70,424,424,5385.87,102.8,414.5,248.45,16.4,0.106594,0.193114,0.142826,0.142365,0.019215,0.37709,0.0691,0.07,
0.27,6.5,9,70,70,70,414,414,5800.41,91.3,402.1,217.95,16.24,0.102562,0.18919,0.144372,0.143198,0.017588,0.37927,0.0694,0.07,
0.27,7,0,70,70,70,453,453,5915.65,95.5,443,219.41,17.5,0.112441,0.192623,0.145899,0.144244,0.019084,0.38119,0.069,0.07,
0.27,7,1,70,70,70,397,397,5453.07,116.6,385.1,211.86,15.96,0.099334,0.201036,0.141765,0.141553,0.020917,0.3755,0.0689,0.07,
0.27,7,2,70,70,70,403,403,5373.71,79.9,390.1,224.39,15.75,0.097763,0.214086,0.146018,0.142238,0.021529,0.38112,0.0693,0.07,
0.27,7,3,70,70,70,508,508,5469.73,90.1,495.1,236.6,16.06,0.105536,0.218493,0.144013,0.141002,0.019612,0.37866,0.0693,0.07,
0.27,7,4,70,70,70,469,469,6255.13,98.3,455.1,244.54,17.54,0.109228,0.190333,0.146338,0.145541,0.019536,0.38171,0.0691,0.07,
0.27,7,5,70,70,70,415,415,5378.63,90.1,405.1,251.71,16.44,0.105662,0.187767,0.144444,0.142678,0.018447,0.3793,0.0692,0.07,
0.27,7,6,70,70,70,440,440,5854.1,79.8,430.1,243.27,16.92,0.102595,0.219213,0.146159,0.143269,0.023228,0.38116,0.069,0.07,
0.27,7,7,70,70,70,397,397,6014.68,79.8,384.5,221.29,16.62,0.103052,0.200638,0.144193,0.142167,0.020956,0.37876,0.0689,0.07,
0.27,7,8,70,70,70,425,425,5385.87,111.3,415.9,248.78,16.35,0.105319,0.182849,0.14158,0.140637,0.019233,0.37541,0.0689,0.07,
0.27,7,9,70,70,70,417,417,5800.41,90.7,405.1,223.33,16.08,0.103361,0.191062,0.143675,0.143314,0.019739,0.37817,0.0692,0.07,
0.28,3,0,70,70,70,356,356,5915.65,79.8,345.1,182.94,16.76,0.121582,0.216969,0.149713,0.146399,0.017808,0.38629,0.0696,0.07,
0.28,3,1,70,70,70,311,311,5453.07,79.8,300.1,174.99,15.43,0.109317,0.183979,0.145287,0.144258,0.015266,0.38064,0.0695,0.07,
0.28,3,2,70,70,70,335,335,5373.71,79.8,325.1,193.2,15.14,0.104184,0.191237,0.146164,0.144427,0.017607,0.38163,0.0694,0.07,
0.28,3,3,70,70,70,374,374,5469.73,79.8,360.1,200.68,15.34,0.11581,0.179378,0.144081,0.143115,0.013822,0.37916,0.0695,0.07,
0.28,3,4,70,70,70,384,384,6255.13,84.9,370.1,207.38,16.6,0.115407,0.175317,0.147318,0.14802,0.013711,0.3834,0.0696,0.07,
0.28,3,5,70,70,70,340,340,5378.63,91.5,330.1,208.38,15.39,0.117712,0.175099,0.145165,0.145462,0.013241,0.38061,0.0694,0.07,
0.28,3,6,70,70,70,325,325,5854.1,79.8,315.1,200.9,15.96,0.105004,0.19896,0.145695,0.144899,0.016884,0.38107,0.0695,0.07,
0.28,3,7,70,70,70,314,314,6014.68,79.8,302.7,187.57,15.56,0.112501,0.185113,0.145389,0.143982,0.017015,0.38066,0.0693,0.07,
0.28,3,8,70,70,70,344,344,5385.87,100.9,335.1,210.75,15.48,0.114296,0.179224,0.144229,0.143549,0.015279,0.37925,0.0694,0.07,
0.28,3,9,70,70,70,301,301,5800.41,89.4,288.7,194.21,15.38,0.114297,0.177006,0.144845,0.144259,0.014297,0.38013,0.0696,0.07,
0.28,3.5,0,70,70,70,361,361,5915.65,80.1,350.1,191.24,17.17,0.118378,0.228945,0.149575,0.145767,0.019189,0.38601,0.0695,0.07,
0.28,3.5,1,70,70,70,320,320,5453.07,79.8,310.1,186.3,15.82,0.107254,0.179716,0.144685,0.146185,0.016163,0.37978,0.0694,0.07,
0.28,3.5,2,70,70,70,375,375,5373.71,79.8,365.1,207.61,15.75,0.101167,0.189063,0.145123,0.143865,0.017135,0.3803,0.0692,0.07,
0.28,3.5,3,70,70,70,379,379,5469.73,79.8,365.1,208.41,15.64,0.115751,0.181606,0.144238,0.141343,0.015119,0.37928,0.0695,0.07,
0.28,3.5,4,70,70,70,384,384,6255.13,88.4,370.1,221.52,17.17,0.121578,0.179206,0.146729,0.144966,0.014455,0.3826,0.0694,0.07,
0.28,3.5,5,70,70,70,398,398,5378.63,92.3,388.2,218.03,16,0.113146,0.178555,0.146427,0.144333,0.015223,0.38215,0.0696,0.07,
0.28,3.5,6,70,70,70,350,350,5854.1,81.3,340.1,210.87,16.41,0.110437,0.202056,0.145847,0.143865,0.017274,0.38125,0.0693,0.07,
0.28,3.5,7,70,70,70,331,331,6014.68,79.8,320.1,196.41,16.08,0.113741,0.190524,0.145359,0.144046,0.017553,0.38059,0.0692,0.07,
0.28,3.5,8,70,70,70,358,358,5385.87,102.5,346.1,224.1,15.89,0.11537,0.182646,0.144836,0.144577,0.016042,0.38,0.0695,0.07,
0.28,3.5,9,70,70,70,348,348,5800.41,90.1,337,202.24,15.81,0.115924,0.182317,0.14481,0.143373,0.014091,0.3801,0.0695,0.07,
0.28,4,0,70,70,70,361,361,5915.65,82.4,350.8,196.77,17.15,0.118639,0.232869,0.150024,0.148131,0.018661,0.38663,0.0696,0.07,
0.28,4,1,70,70,70,325,325,5453.07,79.8,315.1,192.1,15.97,0.109037,0.180349,0.144888,0.145846,0.016793,0.38,0.0694,0.07,
0.28,4,2,70,70,70,380,380,5373.71,79.8,370.1,212.03,15.78,0.097281,0.204731,0.145723,0.144263,0.01894,0.38095,0.0693,0.07,
0.28,4,3,70,70,70,384,384,5469.73,80.1,370.1,215.8,15.93,0.112615,0.182905,0.144375,0.142409,0.015886,0.37941,0.0695,0.07,
0.28,4,4,70,70,70,384,384,6255.13,93.1,370.1,230.05,17.38,0.096955,0.179461,0.14598,0.148239,0.017084,0.38141,0.0691,0.07,
0.28,4,5,70,70,70,405,405,5378.63,92.7,395.1,233.36,16.14,0.116737,0.178968,0.145254,0.140969,0.015694,0.38058,0.0694,0.07,
0.28,4,6,70,70,70,362,362,5854.1,79.8,352.6,219.84,16.44,0.10447,0.206371,0.146824,0.145763,0.018399,0.38244,0.0694,0.07,
0.28,4,7,70,70,70,344,344,6014.68,79.8,331.8,203.61,16.26,0.113074,0.197599,0.145556,0.145135,0.019215,0.38071,0.0691,0.07,
0.28,4,8,70,70,70,362,362,5385.87,103.7,350.1,233.44,16.21,0.110866,0.184507,0.143591,0.141425,0.016443,0.37833,0.0692,0.07,
0.28,4,9,70,70,70,371,371,5800.41,90.1,359.8,213.27,16.13,0.113766,0.190113,0.144118,0.142881,0.014742,0.37914,0.0694,0.07,
0.28,4.5,0,70,70,70,366,366,5915.65,83.3,355.1,202.43,17.26,0.117184,0.239099,0.149109,0.143677,0.020376,0.38532,0.0694,0.07,
0.28,4.5,1,70,70,70,327,327,5453.07,80.1,316.9,196.63,16.01,0.107093,0.190482,0.144768,0.145248,0.017727,0.37977,0.0694,0.07,
0.28,4.5,2,70,70,70,385,385,5373.71,79.8,375.1,217.31,15.89,0.098452,0.207813,0.145643,0.144094,0.019157,0.38083,0.0693,0.07,
0.28,4.5,3,70,70,70,418,418,5469.73,80.1,405.1,224.49,15.93,0.112835,0.184649,0.144139,0.142392,0.016931,0.37902,0.0694,0.07,
0.28,4.5,4,70,70,70,408,408,6255.13,98,395.5,239.09,17.45,0.099072,0.181972,0.146077,0.146445,0.017899,0.38147,0.069,0.07,
0.28,4.5,5,70,70,70,410,410,5378.63,92.9,400.1,240.02,16.11,0.109847,0.180786,0.14446,0.142064,0.016867,0.37944,0.0692,0.07,
0.28,4.5,6,70,70,70,370,370,5854.1,79.8,360.1,230.51,16.57,0.108244,0.211575,0.147015,0.145194,0.019733,0.38259,0.0694,0.07,
0.28,4.5,7,70,70,70,348,348,6014.68,79.8,335.1,208.21,16.23,0.105266,0.19302,0.145739,0.145783,0.019218,0.38094,0.0693,0.07,
0.28,4.5,8,70,70,70,415,415,5385.87,105.1,405.1,240.09,16.14,0.107582,0.18112,0.143914,0.143446,0.016548,0.37874,0.0693,0.07,
0.28,4.5,9,70,70,70,412,412,5800.41,92.5,400.1,218.49,16.04,0.111515,0.197793,0.144742,0.143753,0.016809,0.37983,0.0695,0.07,
0.28,5,0,70,70,70,451,451,5915.65,84.4,440.1,210.76,17.89,0.117766,0.244838,0.149117,0.145197,0.020586,0.38532,0.0693,0.07,
0.28,5,1,70,70,70,330,330,5453.07,102.3,320.1,203.37,16.19,0.104241,0.191761,0.144664,0.146766,0.019055,0.37952,0.0694,0.07,
0.28,5,2,70,70,70,390,390,5373.71,79.8,380.1,222.63,16.24,0.094976,0.210197,0.145265,0.144369,0.019126,0.38034,0.0692,0.07,
0.28,5,3,70,70,70,423,423,5469.73,93.9,410.1,232.09,16.36,0.111502,0.186486,0.143465,0.141558,0.016655,0.37815,0.0694,0.07,
0.28,5,4,70,70,70,413,413,6255.13,100.1,400.3,239.89,17.48,0.114173,0.186716,0.147093,0.148075,0.018657,0.38277,0.0692,0.07,
0.28,5,5,70,70,70,410,410,5378.63,92.9,400.1,247.52,16.37,0.113289,0.182643,0.14496,0.143029,0.015773,0.38019,0.0693,0.07,
0.28,5,6,70,70,70,376,376,5854.1,79.8,366.2,236.94,16.81,0.105405,0.215817,0.146942,0.145833,0.020809,0.3824,0.0693,0.07,
0.28,5,7,70,70,70,349,349,6014.68,79.8,336.8,213.8,16.43,0.10795,0.195495,0.144936,0.143668,0.019582,0.37986,0.0691,0.07,
0.28,5,8,70,70,70,415,415,5385.87,105.1,405.1,247.05,16.38,0.109973,0.183704,0.144244,0.142718,0.017246,0.37912,0.0694,0.07,
0.28,5,9,70,70,70,412,412,5800.41,94.3,400.1,224.07,16.31,0.110194,0.200172,0.144712,0.142994,0.017877,0.37971,0.0694,0.07,
0.28,5.5,0,70,70,70,452,452,5915.65,100.1,441.7,218.65,17.8,0.116341,0.195593,0.148043,0.145621,0.017486,0.38412,0.0694,0.07,
0.28,5.5,1,70,70,70,342,342,5453.07,102.3,331.7,209.09,16.15,0.100438,0.189544,0.144118,0.14342,0.019464,0.37876,0.0694,0.07,
0.28,5.5,2,70,70,70,405,405,5373.71,79.8,395.1,226.92,16.19,0.091403,0.213714,0.145526,0.144347,0.020682,0.38054,0.0692,0.07,
0.28,5.5,3,70,70,70,423,423,5469.73,93.8,410.1,238.95,16.36,0.107341,0.188182,0.143174,0.140347,0.017637,0.37769,0.0692,0.07,
0.28,5.5,4,70,70,70,428,428,6255.13,102,415.1,249.06,17.83,0.112815,0.188156,0.146501,0.145405,0.01886,0.38198,0.0692,0.07,
0.28,5.5,5,70,70,70,415,415,5378.63,92.9,405.1,251.59,16.38,0.110387,0.184332,0.144343,0.14002,0.01704,0.37928,0.0692,0.07,
0.28,5.5,6,70,70,70,383,383,5854.1,79.8,374,240.86,17.06,0.101815,0.219112,0.146528,0.145025,0.021612,0.38179,0.0692,0.07,
0.28,5.5,7,70,70,70,361,361,6014.68,79.8,350.1,219.5,16.58,0.103986,0.197714,0.145626,0.144616,0.020551,0.38068,0.0692,0.07,
0.28,5.5,8,70,70,70,420,420,5385.87,105.1,410.1,252.49,16.5,0.108215,0.185867,0.143706,0.142727,0.017328,0.3784,0.0693,0.07,
0.28,5.5,9,70,70,70,413,413,5800.41,95.1,401.4,230.59,16.47,0.103228,0.197023,0.14372,0.14156,0.017933,0.37839,0.0691,0.07,
0.28,6,0,70,70,70,456,456,5915.65,99.2,445.1,220.46,17.89,0.112006,0.197555,0.147045,0.14284,0.018576,0.38273,0.0691,0.07,
0.28,6,1,70,70,70,431,431,5453.07,102.2,420.1,216.89,16.53,0.102384,0.186943,0.143576,0.144334,0.019329,0.37805,0.0693,0.07,
0.28,6,2,70,70,70,410,410,5373.71,79.8,400.1,231.04,16.2,0.100723,0.21357,0.14576,0.142886,0.021107,0.38083,0.0692,0.07,
0.28,6,3,70,70,70,508,508,5469.73,93.5,495.1,243.29,16.53,0.107394,0.192777,0.143773,0.140484,0.018541,0.37842,0.0693,0.07,
0.28,6,4,70,70,70,428,428,6255.13,100.5,415.1,253.82,17.65,0.110197,0.190112,0.146773,0.144629,0.019201,0.38231,0.0693,0.07,
0.28,6,5,70,70,70,415,415,5378.63,92.7,405.1,258.57,16.35,0.111028,0.186211,0.14499,0.141218,0.017536,0.38009,0.0694,0.07,
0.28,6,6,70,70,70,440,440,5854.1,79.8,430.1,245.18,16.86,0.104477,0.222068,0.146312,0.144009,0.021841,0.3815,0.0691,0.07,
0.28,6,7,70,70,70,393,393,6014.68,79.8,380.1,228.36,16.47,0.103799,0.199982,0.146087,0.144996,0.021253,0.38122,0.0693,0.07,
0.28,6,8,70,70,70,426,426,5385.87,105.1,417,257.01,16.5,0.108403,0.187709,0.143723,0.143187,0.017878,0.37838,0.0693,0.07,
0.28,6,9,70,70,70,417,417,5800.41,95.1,405.1,237.67,16.45,0.105675,0.193936,0.143766,0.141858,0.018474,0.3784,0.0691,0.07,
0.28,6.5,0,70,70,70,456,456,5915.65,98.4,445.1,223.4,18.22,0.115865,0.199507,0.14632,0.143843,0.018285,0.38181,0.069,0.07,
0.28,6.5,1,70,70,70,431,431,5453.07,113.6,420.1,224.31,17.14,0.100914,0.198719,0.143264,0.142501,0.019486,0.37764,0.0691,0.07,
0.28,6.5,2,70,70,70,413,413,5373.71,79.8,403.6,237.63,16.84,0.10465,0.212065,0.146737,0.144587,0.020691,0.38215,0.0695,0.07,
0.28,6.5,3,70,70,70,508,508,5469.73,93.2,495.1,250.36,17.21,0.106993,0.216995,0.142867,0.139933,0.020919,0.37703,0.0691,0.07,
0.28,6.5,4,70,70,70,474,474,6255.13,100.1,460.1,258.36,17.9,0.109965,0.191919,0.146232,0.146557,0.019179,0.3816,0.0692,0.07,
0.28,6.5,5,70,70,70,415,415,5378.63,92.5,405.1,261.76,16.63,0.108745,0.188236,0.144421,0.141973,0.017998,0.37931,0.0692,0.07,
0.28,6.5,6,70,70,70,444,444,5854.1,79.8,435,249.84,17.08,0.09173,0.223843,0.145873,0.143182,0.023179,0.38079,0.069,0.07,
0.28,6.5,7,70,70,70,398,398,6014.68,79.8,385.1,230.81,16.88,0.103625,0.203023,0.145559,0.144371,0.021242,0.38054,0.0693,0.07,
0.28,6.5,8,70,70,70,507,507,5385.87,105.1,495.1,262.15,16.64,0.108588,0.189352,0.143133,0.141153,0.01844,0.37756,0.0691,0.07,
0.28,6.5,9,70,70,70,417,417,5800.41,94.2,405.1,240.22,16.71,0.105004,0.187103,0.143924,0.14259,0.018426,0.37861,0.0692,0.07,
0.28,7,0,70,70,70,456,456,5915.65,97.6,445.1,224.53,17.94,0.112712,0.200922,0.146689,0.145398,0.019233,0.38221,0.0691,0.07,
0.28,7,1,70,70,70,431,431,5453.07,117.8,420.1,227.4,16.56,0.099524,0.201718,0.14113,0.139909,0.020422,0.37471,0.0686,0.07,
0.28,7,2,70,70,70,504,504,5373.71,80.9,494.6,240.97,16.32,0.106843,0.217737,0.146477,0.143205,0.021538,0.38175,0.0693,0.07,
0.28,7,3,70,70,70,510,510,5469.73,92.9,497.5,254.22,16.54,0.108234,0.222274,0.142989,0.139785,0.021222,0.37717,0.0691,0.07,
0.28,7,4,70,70,70,474,474,6255.13,99.6,460.1,260.51,18.25,0.108291,0.192633,0.146358,0.14713,0.019917,0.38169,0.0692,0.07,
0.28,7,5,70,70,70,415,415,5378.63,92.3,405.1,263.72,16.78,0.10911,0.190044,0.144758,0.143488,0.018083,0.37975,0.0692,0.07,
0.28,7,6,70,70,70,445,445,5854.1,79.8,435.1,251.74,17.39,0.093813,0.22587,0.146511,0.144168,0.02425,0.38153,0.069,0.07,
0.28,7,7,70,70,70,403,403,6014.68,79.8,390.1,233.21,17.04,0.101797,0.205036,0.144049,0.141914,0.022723,0.3784,0.069,0.07,
0.28,7,8,70,70,70,507,507,5385.87,112.3,495.1,263.81,17.1,0.107431,0.177903,0.142079,0.139418,0.018773,0.37612,0.0689,0.07,
0.28,7,9,70,70,70,491,491,5800.41,93.8,482.7,245.34,17.08,0.102812,0.195138,0.143289,0.141735,0.019662,0.37767,0.0691,0.07,
0.29,3,0,70,70,70,356,356,5915.65,79.8,345.1,191.49,17.31,0.119654,0.226353,0.14913,0.145697,0.018518,0.38549,0.0694,0.07,
0.29,3,1,70,70,70,316,316,5453.07,79.8,305.1,181.79,15.83,0.105471,0.178763,0.144111,0.145165,0.016165,0.37901,0.0693,0.07,
0.29,3,2,70,70,70,375,375,5373.71,79.8,365.1,204.39,15.8,0.102893,0.198024,0.145908,0.144063,0.017357,0.38132,0.0694,0.07,
0.29,3,3,70,70,70,379,379,5469.73,79.8,365.1,207.26,15.81,0.115233,0.183261,0.144223,0.141927,0.015,0.37927,0.0694,0.07,
0.29,3,4,70,70,70,384,384,6255.13,85.1,370.1,219.31,17.07,0.118211,0.179691,0.145916,0.145172,0.014581,0.38152,0.0692,0.07,
0.29,3,5,70,70,70,395,395,5378.63,93.2,385.1,219.81,15.93,0.122109,0.175331,0.146296,0.145404,0.014018,0.38206,0.0695,0.07,
0.29,3,6,70,70,70,343,343,5854.1,79.8,333.5,213.72,16.42,0.112892,0.175635,0.145453,0.145126,0.015335,0.38085,0.0694,0.07,
0.29,3,7,70,70,70,331,331,6014.68,79.8,320.1,194.59,16.06,0.111492,0.189231,0.145183,0.144958,0.017584,0.38035,0.0692,0.07,
0.29,3,8,70,70,70,361,361,5385.87,103.4,349.4,222.07,15.83,0.112619,0.181266,0.14482,0.145244,0.015595,0.38001,0.0695,0.07,
0.29,3,9,70,70,70,335,335,5800.41,90.1,325.1,206.84,15.91,0.107526,0.172763,0.143378,0.140212,0.01418,0.3782,0.0693,0.07,
0.29,3.5,0,70,70,70,361,361,5915.65,82.5,350.1,202.44,17.57,0.121015,0.230683,0.148972,0.148025,0.018327,0.38529,0.0696,0.07,
0.29,3.5,1,70,70,70,325,325,5453.07,79.8,315.1,192.95,16.11,0.105186,0.181397,0.145036,0.146506,0.016899,0.38019,0.0695,0.07,
0.29,3.5,2,70,70,70,380,380,5373.71,79.8,370.1,214.79,16.06,0.099618,0.197646,0.144768,0.143142,0.017906,0.37977,0.0692,0.07,
0.29,3.5,3,70,70,70,379,379,5469.73,80.1,365.1,218.84,15.97,0.115243,0.181821,0.144129,0.142656,0.014831,0.37916,0.0695,0.07,
0.29,3.5,4,70,70,70,403,403,6255.13,89.8,390.1,232.95,17.45,0.105703,0.182197,0.146486,0.147965,0.016301,0.38214,0.0693,0.07,
0.29,3.5,5,70,70,70,430,430,5378.63,94.9,420.1,234.03,16.19,0.119472,0.180715,0.145728,0.143041,0.015369,0.38123,0.0695,0.07,
0.29,3.5,6,70,70,70,360,360,5854.1,81.9,350.7,228.16,16.54,0.106786,0.181214,0.146177,0.147065,0.01638,0.38173,0.0694,0.07,
0.29,3.5,7,70,70,70,338,338,6014.68,79.8,325.1,203.92,16.39,0.1099,0.19344,0.145775,0.147018,0.018618,0.38105,0.0692,0.07,
0.29,3.5,8,70,70,70,367,367,5385.87,105.1,355.1,236.32,16.23,0.108067,0.181904,0.14283,0.140467,0.015714,0.37737,0.0692,0.07,
0.29,3.5,9,70,70,70,376,376,5800.41,90.1,364.2,215.16,16.18,0.113462,0.174672,0.144595,0.141752,0.014757,0.37977,0.0695,0.07,
0.29,4,0,70,70,70,366,366,5915.65,83.8,355.1,212.65,17.45,0.115038,0.237694,0.148512,0.145174,0.020174,0.38455,0.0693,0.07,
0.29,4,1,70,70,70,326,326,5453.07,80.1,315.6,200.41,15.91,0.105152,0.183684,0.145275,0.146027,0.017273,0.38047,0.0695,0.07,
0.29,4,2,70,70,70,386,386,5373.71,79.8,376.7,222.27,15.99,0.099379,0.194664,0.144863,0.144352,0.017298,0.37994,0.0692,0.07,
0.29,4,3,70,70,70,418,418,5469.73,80.1,405.1,228.31,16.01,0.110334,0.185293,0.144139,0.141977,0.016912,0.37902,0.0694,0.07,
0.29,4,4,70,70,70,411,411,6255.13,98.2,399,242.65,17.62,0.099488,0.184428,0.145567,0.145285,0.017665,0.38083,0.0691,0.07,
0.29,4,5,70,70,70,435,435,5378.63,95.1,425.1,246.28,16.58,0.111802,0.18312,0.144282,0.140403,0.01621,0.37926,0.0691,0.07,
0.29,4,6,70,70,70,370,370,5854.1,79.8,360.1,236.93,16.77,0.109669,0.183404,0.146527,0.147558,0.017401,0.38212,0.0694,0.07,
0.29,4,7,70,70,70,351,351,6014.68,79.8,338.6,211.88,16.41,0.106108,0.186416,0.145257,0.143537,0.018702,0.38035,0.0692,0.07,
0.29,4,8,70,70,70,407,407,5385.87,105.8,397.8,244.75,16.32,0.106477,0.184327,0.144129,0.142282,0.016776,0.37901,0.0694,0.07,
0.29,4,9,70,70,70,412,412,5800.41,93.3,400.1,226.92,16.47,0.112457,0.181083,0.143484,0.14282,0.015658,0.37824,0.0693,0.07,
0.29,4.5,0,70,70,70,451,451,5915.65,84.8,440.1,221.15,17.73,0.114777,0.24394,0.14941,0.146075,0.020764,0.38568,0.0694,0.07,
0.29,4.5,1,70,70,70,345,345,5453.07,104.7,334.6,209.07,16.17,0.104171,0.189022,0.144745,0.143812,0.018854,0.37965,0.0695,0.07,
0.29,4.5,2,70,70,70,405,405,5373.71,79.8,395.1,229.62,16.2,0.096178,0.210483,0.145975,0.144594,0.018483,0.38133,0.0694,0.07,
0.29,4.5,3,70,70,70,423,423,5469.73,96.4,410.1,238.55,16.27,0.11072,0.184234,0.143731,0.142775,0.016496,0.37851,0.0694,0.07,
0.29,4.5,4,70,70,70,424,424,6255.13,106.5,411.7,253.44,17.65,0.102109,0.185506,0.145328,0.147371,0.01725,0.38055,0.0691,0.07,
0.29,4.5,5,70,70,70,438,438,5378.63,95.1,428.9,255.79,16.51,0.115951,0.182132,0.145029,0.141617,0.016042,0.38026,0.0693,0.07,
0.29,4.5,6,70,70,70,378,378,5854.1,79.8,368.8,244.58,16.97,0.107381,0.193653,0.146045,0.146963,0.018503,0.38139,0.0693,0.07,
0.29,4.5,7,70,70,70,385,385,6014.68,79.8,372.8,222.73,16.61,0.108742,0.193405,0.145373,0.14508,0.018866,0.38049,0.0692,0.07,
0.29,4.5,8,70,70,70,415,415,5385.87,106.1,405.1,254.15,16.41,0.110968,0.186819,0.144382,0.143589,0.017424,0.3793,0.0695,0.07,
0.29,4.5,9,70,70,70,412,412,5800.41,95.1,400.1,235.55,16.65,0.110395,0.182089,0.144185,0.143551,0.016423,0.37911,0.0694,0.07,
0.29,5,0,70,70,70,456,456,5915.65,85.1,445.1,225.47,17.73,0.119151,0.244432,0.149503,0.145273,0.021003,0.38578,0.0694,0.07,
0.29,5,1,70,70,70,431,431,5453.07,104.8,420.1,215.9,16.25,0.100884,0.187559,0.143499,0.143194,0.019051,0.37798,0.0693,0.07,
0.29,5,2,70,70,70,412,412,5373.71,79.8,403,234.19,16.2,0.092287,0.21337,0.145639,0.143187,0.018939,0.38085,0.0693,0.07,
0.29,5,3,70,70,70,423,423,5469.73,96.3,410.1,244.58,16.34,0.110548,0.190417,0.14445,0.14016,0.017144,0.37942,0.0695,0.07,
0.29,5,4,70,70,70,428,428,6255.13,109.1,415.1,258.45,17.72,0.112056,0.186122,0.146217,0.146009,0.017514,0.38171,0.0692,0.07,
0.29,5,5,70,70,70,440,440,5378.63,95.1,430.2,265.51,16.53,0.112002,0.183989,0.144765,0.143679,0.016931,0.37984,0.0693,0.07,
0.29,5,6,70,70,70,440,440,5854.1,79.8,430.1,250.11,16.97,0.105018,0.204368,0.146911,0.145555,0.019936,0.38243,0.0693,0.07,
0.29,5,7,70,70,70,393,393,6014.68,79.8,380.1,229.3,16.68,0.107216,0.192758,0.145647,0.144634,0.019706,0.38078,0.0693,0.07,
0.29,5,8,70,70,70,425,425,5385.87,106.3,415.1,262.71,16.44,0.108739,0.188847,0.14359,0.143288,0.017749,0.37822,0.0693,0.07,
0.29,5,9,70,70,70,489,489,5800.41,95.1,480.1,243.64,16.58,0.104353,0.19776,0.143922,0.142777,0.01809,0.37864,0.0694,0.07,
0.29,5.5,0,70,70,70,456,456,5915.65,100.7,445.1,224.43,17.82,0.114588,0.196127,0.148149,0.145178,0.017889,0.38422,0.0693,0.07,
0.29,5.5,1,70,70,70,433,433,5453.07,104.7,422.3,227.38,16.82,0.101105,0.197142,0.144184,0.142503,0.019022,0.3789,0.0694,0.07,
0.29,5.5,2,70,70,70,485,485,5373.71,79.8,475.8,242.6,16.73,0.104393,0.216192,0.14521,0.144581,0.01981,0.38021,0.0691,0.07,
0.29,5.5,3,70,70,70,508,508,5469.73,95.2,495.1,253.13,17.11,0.110712,0.189515,0.14335,0.14233,0.018778,0.37783,0.0692,0.07,
0.29,5.5,4,70,70,70,461,461,6255.13,103.4,450.1,266.11,18.25,0.112896,0.188665,0.146256,0.147057,0.018905,0.38165,0.0693,0.07,
0.29,5.5,5,70,70,70,445,445,5378.63,95.1,435.1,272.49,17.2,0.113729,0.185911,0.144794,0.143461,0.017067,0.37987,0.0693,0.07,
0.29,5.5,6,70,70,70,445,445,5854.1,79.8,435.1,253.37,17.37,0.104803,0.219541,0.147222,0.143301,0.021922,0.38269,0.0693,0.07,
0.29,5.5,7,70,70,70,398,398,6014.68,79.8,385.1,234.92,17.33,0.106534,0.196352,0.145727,0.144936,0.02069,0.3808,0.0694,0.07,
0.29,5.5,8,70,70,70,507,507,5385.87,106.4,495.1,268.01,17.14,0.110084,0.190813,0.142984,0.138905,0.017725,0.37743,0.0693,0.07,
0.29,5.5,9,70,70,70,492,492,5800.41,95.1,484,247.54,17.22,0.107877,0.200379,0.144537,0.143198,0.018713,0.37941,0.0695,0.07,
0.29,6,0,70,70,70,457,457,5915.65,100.1,446.1,226.06,17.56,0.114694,0.196156,0.148779,0.145084,0.018475,0.385,0.0694,0.07,
0.29,6,1,70,70,70,436,436,5453.07,104.6,425.1,232.85,16.24,0.111754,0.196931,0.144843,0.143222,0.019427,0.37974,0.0695,0.07,
0.29,6,2,70,70,70,502,502,5373.71,79.8,492.2,249.01,16.39,0.102488,0.21919,0.145809,0.144928,0.020262,0.38096,0.0693,0.07,
0.29,6,3,70,70,70,508,508,5469.73,95.1,495.1,257.73,16.66,0.109726,0.193529,0.143205,0.140811,0.018992,0.37763,0.0692,0.07,
0.29,6,4,70,70,70,474,474,6255.13,102.1,460.1,270.6,18.52,0.111747,0.190547,0.146481,0.147362,0.018383,0.38199,0.0694,0.07,
0.29,6,5,70,70,70,478,478,5378.63,95.1,465.1,275.27,17.34,0.112465,0.187616,0.144563,0.143471,0.017291,0.37955,0.0692,0.07,
0.29,6,6,70,70,70,460,460,5854.1,79.8,450.1,258.62,17.64,0.095286,0.223614,0.147507,0.145814,0.022921,0.38297,0.0693,0.07,
0.29,6,7,70,70,70,414,414,6014.68,79.8,400.1,238.82,17.42,0.103118,0.200961,0.145431,0.142799,0.021583,0.38033,0.0692,0.07,
0.29,6,8,70,70,70,507,507,5385.87,106.4,495.1,269.49,17.26,0.106576,0.192794,0.143006,0.139629,0.018519,0.37739,0.0693,0.07,
0.29,6,9,70,70,70,494,494,5800.41,95.1,485.1,251.3,17.33,0.107324,0.200881,0.144048,0.142771,0.01917,0.37873,0.0694,0.07,
0.29,6.5,0,70,70,70,461,461,5915.65,100.1,450.1,232.81,17.68,0.115846,0.201025,0.147837,0.144024,0.018712,0.38376,0.0692,0.07,
0.29,6.5,1,70,70,70,436,436,5453.07,115.1,425.1,235.73,16.53,0.10822,0.193922,0.143517,0.142351,0.018713,0.37805,0.0691,0.07,
0.29,6.5,2,70,70,70,550,550,5373.71,79.8,540.1,255.92,16.43,0.107719,0.219163,0.145624,0.143313,0.021069,0.38066,0.0692,0.07,
0.29,6.5,3,70,70,70,513,513,5469.73,95.1,500.1,264.64,16.6,0.11503,0.193393,0.142994,0.141936,0.01872,0.37737,0.0692,0.07,
0.29,6.5,4,70,70,70,479,479,6255.13,100.7,465.1,274.48,18.34,0.110636,0.192969,0.145548,0.146239,0.01986,0.38063,0.0691,0.07,
0.29,6.5,5,70,70,70,478,478,5378.63,95,465.1,280.83,17.17,0.110309,0.188878,0.145032,0.143068,0.018336,0.38009,0.0692,0.07,
0.29,6.5,6,70,70,70,467,467,5854.1,80.1,458,260.74,17.47,0.097801,0.227725,0.147903,0.14593,0.023303,0.38345,0.0693,0.07,
0.29,6.5,7,70,70,70,414,414,6014.68,79.8,400.1,243.05,17.03,0.101636,0.20248,0.145272,0.144677,0.022682,0.38001,0.0692,0.07,
0.29,6.5,8,70,70,70,509,509,5385.87,110.1,497.9,272.12,17.05,0.107201,0.185182,0.14285,0.138913,0.01892,0.37715,0.0692,0.07,
0.29,6.5,9,70,70,70,494,494,5800.41,95.1,485.1,254.36,17.12,0.105372,0.199633,0.144651,0.141524,0.019865,0.37947,0.0695,0.07,
0.29,7,0,70,70,70,461,461,5915.65,99.6,450.1,237.46,18.08,0.116774,0.203455,0.147703,0.145978,0.020071,0.38348,0.0691,0.07,
0.29,7,1,70,70,70,436,436,5453.07,118.7,425.1,240.72,16.89,0.098247,0.203373,0.141924,0.141779,0.020253,0.37579,0.0686,0.07,
0.29,7,2,70,70,70,655,655,5373.71,81.6,645.1,259.55,17.17,0.098493,0.218443,0.145658,0.14302,0.021817,0.38063,0.0691,0.07,
0.29,7,3,70,70,70,513,513,5469.73,95.1,500.1,265.45,17.13,0.116594,0.225297,0.14353,0.140246,0.02113,0.37791,0.0692,0.07,
0.29,7,4,70,70,70,479,479,6255.13,100.1,465.1,281.87,18.29,0.109469,0.194759,0.145059,0.145145,0.020527,0.37993,0.069,0.07,
0.29,7,5,70,70,70,535,535,5378.63,94.7,525.1,281.38,17.06,0.109039,0.190567,0.144442,0.140211,0.019326,0.37922,0.0691,0.07,
0.29,7,6,70,70,70,491,491,5854.1,80.1,480.1,265.8,17.48,0.099876,0.231164,0.147065,0.144238,0.025291,0.38215,0.069,0.07,
0.29,7,7,70,70,70,419,419,6014.68,79.8,405.1,248.7,17.06,0.098274,0.207105,0.144663,0.141519,0.02298,0.37919,0.0691,0.07,
0.29,7,8,70,70,70,512,512,5385.87,113,500.1,276.83,17.02,0.10629,0.184732,0.142266,0.141535,0.018286,0.37642,0.069,0.07,
0.29,7,9,70,70,70,494,494,5800.41,95.1,485.1,255.54,16.86,0.1053,0.201723,0.143995,0.1417,0.019678,0.37861,0.0694,0.07,
0.3,3,0,70,70,70,361,361,5915.65,82.3,350.1,202.84,17.93,0.122231,0.227285,0.148781,0.146493,0.017925,0.38507,0.0696,0.07,
0.3,3,1,70,70,70,320,320,5453.07,79.8,310.1,191.72,16.67,0.109691,0.178573,0.144579,0.145033,0.016056,0.37965,0.0694,0.07,
0.3,3,2,70,70,70,380,380,5373.71,79.8,370.1,214.09,16.55,0.101694,0.198718,0.144928,0.144755,0.017531,0.38001,0.0692,0.07,
0.3,3,3,70,70,70,379,379,5469.73,79.8,365.1,219.63,16.77,0.117284,0.182719,0.144189,0.142431,0.014413,0.37926,0.0695,0.07,
0.3,3,4,70,70,70,398,398,6255.13,88.4,385.1,233.64,18.12,0.115249,0.177178,0.14585,0.146823,0.014147,0.38146,0.0693,0.07,
0.3,3,5,70,70,70,430,430,5378.63,95.1,420.1,230.34,16.89,0.118711,0.176462,0.145459,0.142817,0.014558,0.38092,0.0693,0.07,
0.3,3,6,70,70,70,355,355,5854.1,79.8,345.1,226.24,17.32,0.108951,0.178632,0.145042,0.145114,0.015499,0.3803,0.0692,0.07,
0.3,3,7,70,70,70,338,338,6014.68,79.8,325.1,204.41,16.97,0.109586,0.194697,0.145878,0.144656,0.017778,0.38125,0.0693,0.07,
0.3,3,8,70,70,70,367,367,5385.87,106.1,355.1,236.15,16.71,0.115334,0.180889,0.143125,0.142434,0.014727,0.37783,0.0692,0.07,
0.3,3,9,70,70,70,352,352,5800.41,90.1,340.4,217.02,16.7,0.115415,0.176567,0.144806,0.142688,0.014349,0.38008,0.0697,0.07,
0.3,3.5,0,70,70,70,366,366,5915.65,83.9,355.1,217.97,17.75,0.116104,0.235182,0.147823,0.144744,0.019536,0.3837,0.0692,0.07,
0.3,3.5,1,70,70,70,328,328,5453.07,80.1,317.2,203.16,16.35,0.107442,0.182222,0.145171,0.144367,0.016842,0.38038,0.0694,0.07,
0.3,3.5,2,70,70,70,387,387,5373.71,79.8,377.2,222.86,16.32,0.0986,0.204283,0.145404,0.145131,0.017778,0.38062,0.0693,0.07,
0.3,3.5,3,70,70,70,418,418,5469.73,80.1,405.1,231,16.42,0.113524,0.182571,0.144248,0.142394,0.01569,0.37925,0.0694,0.07,
0.3,3.5,4,70,70,70,411,411,6255.13,94.4,398.8,246.42,18.25,0.108595,0.180148,0.145442,0.14567,0.016273,0.38077,0.0692,0.07,
0.3,3.5,5,70,70,70,435,435,5378.63,95.1,425.1,247.47,17.06,0.112041,0.175187,0.144191,0.141236,0.015407,0.37919,0.0691,0.07,
0.3,3.5,6,70,70,70,367,367,5854.1,82.2,357.9,236.9,17.43,0.10915,0.178466,0.146405,0.146774,0.016046,0.38205,0.0694,0.07,
0.3,3.5,7,70,70,70,353,353,6014.68,79.8,340.6,215.53,17,0.102977,0.186989,0.14539,0.143907,0.01775,0.3806,0.0693,0.07,
0.3,3.5,8,70,70,70,376,376,5385.87,111.2,364.6,246.2,17.08,0.111999,0.178854,0.144036,0.143054,0.015874,0.37895,0.0694,0.07,
0.3,3.5,9,70,70,70,412,412,5800.41,93.4,400.1,233.97,17.13,0.109394,0.180269,0.143666,0.144271,0.015796,0.37847,0.0693,0.07,
0.3,4,0,70,70,70,451,451,5915.65,85.1,440.1,224.99,18.5,0.116843,0.236495,0.149203,0.145099,0.019834,0.38548,0.0694,0.07,
0.3,4,1,70,70,70,426,426,5453.07,105.1,415.1,214.6,16.79,0.101364,0.186362,0.145023,0.146608,0.017664,0.38011,0.0695,0.07,
0.3,4,2,70,70,70,410,410,5373.71,79.8,400.1,233.1,16.82,0.096512,0.203457,0.146227,0.143495,0.018469,0.38166,0.0694,0.07,
0.3,4,3,70,70,70,423,423,5469.73,99.6,410.1,241.09,16.82,0.113411,0.184919,0.144225,0.140961,0.016591,0.37916,0.0694,0.07,
0.3,4,4,70,70,70,428,428,6255.13,102.4,415.1,259.21,18.81,0.100732,0.18257,0.145135,0.146874,0.016983,0.38031,0.069,0.07,
0.3,4,5,70,70,70,440,440,5378.63,95.1,430.1,260.1,17.49,0.11789,0.178158,0.145821,0.144265,0.015934,0.38131,0.0694,0.07,
0.3,4,6,70,70,70,440,440,5854.1,79.8,430.1,250.73,17.99,0.104645,0.191787,0.145801,0.146039,0.018005,0.38112,0.0692,0.07,
0.3,4,7,70,70,70,388,388,6014.68,79.8,375.1,227.52,17.63,0.109643,0.189798,0.146465,0.146538,0.01823,0.38197,0.0694,0.07,
0.3,4,8,70,70,70,415,415,5385.87,111.9,405.1,260.54,17.4,0.110258,0.181053,0.144055,0.142078,0.01623,0.37895,0.0695,0.07,
0.3,4,9,70,70,70,489,489,5800.41,95.1,480.1,242.81,17.69,0.109148,0.181368,0.144407,0.143791,0.016255,0.37942,0.0694,0.07,
0.3,4.5,0,70,70,70,456,456,5915.65,85.1,445.1,231.15,18.7,0.120906,0.246275,0.149099,0.146518,0.020513,0.38531,0.0694,0.07,
0.3,4.5,1,70,70,70,431,431,5453.07,105.2,420.1,226.03,17.34,0.111452,0.184247,0.144177,0.143476,0.018434,0.37894,0.0693,0.07,
0.3,4.5,2,70,70,70,470,470,5373.71,79.8,460.1,243.87,17.07,0.106502,0.200017,0.145638,0.146115,0.017307,0.38097,0.0693,0.07,
0.3,4.5,3,70,70,70,423,423,5469.73,101.4,410.1,250.44,17.25,0.111316,0.182704,0.14431,0.141678,0.017676,0.37919,0.0695,0.07,
0.3,4.5,4,70,70,70,428,428,6255.13,107.4,415.1,267.81,18.88,0.106819,0.188673,0.145626,0.145112,0.017094,0.38096,0.0692,0.07,
0.3,4.5,5,70,70,70,445,445,5378.63,95.1,435.1,268.82,17.59,0.113793,0.180263,0.144215,0.139627,0.016829,0.37913,0.0691,0.07,
0.3,4.5,6,70,70,70,440,440,5854.1,79.8,430.1,257.47,18,0.107566,0.202722,0.147036,0.145208,0.019101,0.38266,0.0694,0.07,
0.3,4.5,7,70,70,70,393,393,6014.68,79.8,380.1,233.37,17.68,0.106039,0.192332,0.146198,0.146043,0.019292,0.38154,0.0695,0.07,
0.3,4.5,8,70,70,70,425,425,5385.87,112.1,415.1,269.65,17.63,0.10937,0.183354,0.14251,0.140267,0.016708,0.37687,0.0692,0.07,
0.3,4.5,9,70,70,70,489,489,5800.41,95.1,480.4,251.76,17.65,0.104562,0.183489,0.143971,0.142361,0.017117,0.37878,0.0694,0.07,
0.3,5,0,70,70,70,459,459,5915.65,85.5,448.1,233.48,18.64,0.116703,0.253185,0.149294,0.145952,0.021603,0.38547,0.0694,0.07,
0.3,5,1,70,70,70,436,436,5453.07,105.4,425.1,235.03,17.14,0.112665,0.190247,0.144854,0.143504,0.018641,0.37983,0.0695,0.07,
0.3,5,2,70,70,70,497,497,5373.71,79.8,487.7,249.69,17.17,0.103056,0.215997,0.145812,0.145459,0.019075,0.38107,0.0692,0.07,
0.3,5,3,70,70,70,508,508,5469.73,101.4,495.1,261.93,17.63,0.115427,0.18896,0.144306,0.140811,0.017734,0.37919,0.0694,0.07,
0.3,5,4,70,70,70,461,461,6255.13,112.1,450.1,274.56,19.05,0.114047,0.19104,0.146717,0.146358,0.018047,0.38233,0.0694,0.07,
0.3,5,5,70,70,70,483,483,5378.63,95.1,470.1,275.24,17.74,0.113414,0.182056,0.145093,0.143564,0.016301,0.38033,0.0693,0.07,
0.3,5,6,70,70,70,460,460,5854.1,79.8,450.1,263.88,18.18,0.096215,0.214788,0.147661,0.146014,0.02133,0.38328,0.0695,0.07,
0.3,5,7,70,70,70,410,410,6014.68,79.8,400.1,242.25,17.88,0.103705,0.195064,0.145363,0.145017,0.020389,0.38034,0.0693,0.07,
0.3,5,8,70,70,70,507,507,5385.87,112.1,495.1,272.58,17.58,0.109201,0.185585,0.143224,0.138571,0.017742,0.37775,0.0693,0.07,
0.3,5,9,70,70,70,494,494,5800.41,95.1,485.1,257.68,17.76,0.107378,0.184494,0.143284,0.141306,0.017427,0.37784,0.0692,0.07,
0.3,5.5,0,70,70,70,461,461,5915.65,103.3,450.1,235.24,18.54,0.112246,0.196192,0.149005,0.146791,0.018246,0.38531,0.0695,0.07,
0.3,5.5,1,70,70,70,486,486,5453.07,105.4,475.1,239.48,17.44,0.111395,0.195005,0.144971,0.143144,0.018475,0.37999,0.0695,0.07,
0.3,5.5,2,70,70,70,535,535,5373.71,79.8,525.1,253.66,17.37,0.107076,0.218882,0.145853,0.144769,0.020074,0.38104,0.0692,0.07,
0.3,5.5,3,70,70,70,508,508,5469.73,101.2,495.1,269.76,17.7,0.115171,0.191457,0.143871,0.140761,0.018143,0.37859,0.0693,0.07,
0.3,5.5,4,70,70,70,479,479,6255.13,110.7,465.1,282.57,19.12,0.113721,0.192989,0.146007,0.145927,0.017055,0.38147,0.0694,0.07,
0.3,5.5,5,70,70,70,535,535,5378.63,95.1,525.1,281.12,17.75,0.11268,0.18356,0.144985,0.14278,0.01718,0.38011,0.0693,0.07,
0.3,5.5,6,70,70,70,491,491,5854.1,80.1,480.1,272.46,18.4,0.098634,0.213007,0.146865,0.147552,0.021862,0.38219,0.0692,0.07,
0.3,5.5,7,70,70,70,414,414,6014.68,79.8,400.1,250.08,17.76,0.102794,0.197547,0.145479,0.144103,0.02112,0.38043,0.0693,0.07,
0.3,5.5,8,70,70,70,507,507,5385.87,112,495.1,276.63,17.58,0.109153,0.187751,0.143388,0.140957,0.017837,0.37796,0.0693,0.07,
0.3,5.5,9,70,70,70,494,494,5800.41,95.1,485.1,260.1,17.77,0.103876,0.185797,0.143556,0.14089,0.01823,0.37815,0.0693,0.07,
0.3,6,0,70,70,70,461,461,5915.65,102.5,450.1,243.21,18.97,0.113756,0.198159,0.148413,0.14576,0.018061,0.38455,0.0694,0.07,
0.3,6,1,70,70,70,489,489,5453.07,110.8,478.6,244.65,17.97,0.110322,0.192398,0.144726,0.143176,0.017943,0.37971,0.0694,0.07,
0.3,6,2,70,70,70,545,545,5373.71,79.8,535.1,263.31,17.96,0.098977,0.221849,0.145994,0.143332,0.020415,0.3812,0.0692,0.07,
0.3,6,3,70,70,70,513,513,5469.73,99.8,500.1,273.35,18.15,0.117285,0.193877,0.143771,0.141324,0.019042,0.37838,0.0693,0.07,
0.3,6,4,70,70,70,484,484,6255.13,103.4,470.1,288.35,19.49,0.115128,0.194838,0.145254,0.144168,0.01941,0.3803,0.0691,0.07,
0.3,6,5,70,70,70,535,535,5378.63,95.1,525.1,285.18,18.08,0.106642,0.184681,0.144859,0.142841,0.018148,0.37987,0.0692,0.07,
0.3,6,6,70,70,70,491,491,5854.1,80.1,480.1,276.03,18.64,0.101149,0.218336,0.147095,0.147644,0.021823,0.3825,0.0692,0.07,
0.3,6,7,70,70,70,416,416,6014.68,79.8,402.4,254.48,18.26,0.103889,0.200038,0.144912,0.144488,0.021626,0.37963,0.0691,0.07,
0.3,6,8,70,70,70,512,512,5385.87,111.8,500.1,278.21,18.06,0.107361,0.189948,0.143228,0.141118,0.018763,0.37767,0.0692,0.07,
0.3,6,9,70,70,70,496,496,5800.41,95.4,487.8,259.61,18.12,0.106446,0.204847,0.143994,0.140668,0.019959,0.3786,0.0694,0.07,
0.3,6.5,0,70,70,70,465,465,5915.65,100.9,454.7,245.24,18.7,0.113784,0.200532,0.148637,0.146585,0.019716,0.38472,0.0693,0.07,
0.3,6.5,1,70,70,70,491,491,5453.07,116.2,480.1,251.8,17.7,0.106654,0.203365,0.143849,0.144024,0.019811,0.3784,0.0691,0.07,
0.3,6.5,2,70,70,70,660,660,5373.71,79.8,650.1,271.27,17.68,0.103447,0.224406,0.146398,0.146052,0.021213,0.38166,0.0692,0.07,
0.3,6.5,3,70,70,70,553,553,5469.73,99,540.1,275.7,17.79,0.111606,0.195861,0.143847,0.141921,0.019357,0.37845,0.0693,0.07,
0.3,6.5,4,70,70,70,484,484,6255.13,102.3,470.1,291.57,19.38,0.116267,0.196569,0.144849,0.142069,0.019066,0.3798,0.0691,0.07,
0.3,6.5,5,70,70,70,540,540,5378.63,95.1,530.1,291.75,18.1,0.108401,0.191029,0.145349,0.144034,0.018064,0.38053,0.0694,0.07,
0.3,6.5,6,70,70,70,491,491,5854.1,80.1,480.1,275.75,18.39,0.10065,0.22287,0.147567,0.146479,0.022772,0.38304,0.0692,0.07,
0.3,6.5,7,70,70,70,419,419,6014.68,79.8,405.1,255.66,18.05,0.102897,0.202305,0.144936,0.144418,0.022416,0.37959,0.0691,0.07,
0.3,6.5,8,70,70,70,512,512,5385.87,111.6,500.1,283.73,17.88,0.105446,0.191942,0.143216,0.138458,0.019857,0.37756,0.0692,0.07,
0.3,6.5,9,70,70,70,499,499,5800.41,96.1,490.1,263.51,17.85,0.101951,0.200174,0.143736,0.140743,0.020215,0.37822,0.0694,0.07,
0.3,7,0,70,70,70,466,466,5915.65,100.1,455.1,248.86,18.86,0.114669,0.204597,0.147357,0.145758,0.020092,0.38302,0.0689,0.07,
0.3,7,1,70,70,70,491,491,5453.07,119.6,480.1,254.43,17.77,0.094871,0.200816,0.142198,0.142378,0.019621,0.37621,0.0687,0.07,
0.3,7,2,70,70,70,662,662,5373.71,82.6,652.9,275.36,17.98,0.103965,0.225061,0.146587,0.144325,0.022147,0.38182,0.0691,0.07,
0.3,7,3,70,70,70,557,557,5469.73,98.3,544.5,281.63,17.95,0.108784,0.197742,0.14315,0.141697,0.01998,0.37747,0.0691,0.07,
0.3,7,4,70,70,70,528,528,6255.13,103.9,515.1,295.05,19.56,0.104017,0.198295,0.14518,0.144012,0.020647,0.38008,0.069,0.07,
0.3,7,5,70,70,70,585,585,5378.63,95.1,575.1,293.62,18.44,0.107703,0.192622,0.144428,0.143324,0.019292,0.37921,0.0691,0.07,
0.3,7,6,70,70,70,491,491,5854.1,80.1,480.1,276.54,18.61,0.090988,0.23301,0.147363,0.145178,0.024904,0.38258,0.0691,0.07,
0.3,7,7,70,70,70,459,459,6014.68,79.8,446.9,259.88,18.34,0.102616,0.204487,0.144758,0.144376,0.023276,0.37927,0.069,0.07,
0.3,7,8,70,70,70,512,512,5385.87,113.7,500.1,287.76,18.16,0.103876,0.186748,0.142593,0.139157,0.019357,0.37677,0.0691,0.07,
0.3,7,9,70,70,70,499,499,5800.41,95.9,490.1,265.32,18.07,0.103738,0.202657,0.143923,0.141363,0.020267,0.37847,0.0693,0.07,
0.31,3,0,70,70,70,361,361,5915.65,83.5,350.3,217.05,17.99,0.116402,0.231316,0.147981,0.144739,0.018017,0.38403,0.0694,0.07,
0.31,3,1,70,70,70,326,326,5453.07,80.1,315.1,203.39,16.41,0.112733,0.181111,0.14541,0.146315,0.016209,0.38074,0.0694,0.07,
0.31,3,2,70,70,70,385,385,5373.71,79.8,375.1,222.75,16.57,0.100878,0.196442,0.144485,0.142817,0.016568,0.3795,0.0691,0.07,
0.31,3,3,70,70,70,417,417,5469.73,80.1,405,230.13,16.78,0.115654,0.181272,0.143932,0.142522,0.015479,0.37885,0.0693,0.07,
0.31,3,4,70,70,70,408,408,6255.13,89.8,395.1,244.11,18.81,0.119815,0.180787,0.146241,0.145325,0.014827,0.38193,0.0694,0.07,
0.31,3,5,70,70,70,435,435,5378.63,95.1,425.1,245.67,17.56,0.112605,0.18024,0.144697,0.142643,0.014673,0.37991,0.0692,0.07,
0.31,3,6,70,70,70,365,365,5854.1,79.8,355.1,234.31,17.94,0.112191,0.177508,0.145798,0.144275,0.015317,0.38131,0.0693,0.07,
0.31,3,7,70,70,70,354,354,6014.68,79.8,341.7,217.2,17.61,0.11039,0.183451,0.145023,0.144545,0.016468,0.38021,0.0693,0.07,
0.31,3,8,70,70,70,377,377,5385.87,112.6,365.1,245.81,17.48,0.108533,0.177049,0.143504,0.14165,0.015862,0.37825,0.0693,0.07,
0.31,3,9,70,70,70,407,407,5800.41,90.1,395.1,234.2,17.57,0.113027,0.177275,0.143699,0.143465,0.014572,0.3786,0.0693,0.07,
0.31,3.5,0,70,70,70,451,451,5915.65,85.1,440.1,226.73,17.9,0.117429,0.235279,0.149157,0.146196,0.019247,0.38547,0.0695,0.07,
0.31,3.5,1,70,70,70,426,426,5453.07,108.1,415.1,217.46,16.68,0.105193,0.187436,0.145166,0.146303,0.017145,0.38034,0.0696,0.07,
0.31,3.5,2,70,70,70,410,410,5373.71,79.8,400.1,231.78,16.6,0.096121,0.205099,0.146244,0.146691,0.018443,0.38168,0.0694,0.07,
0.31,3.5,3,70,70,70,418,418,5469.73,102.6,405.1,242.6,16.75,0.115993,0.183543,0.144195,0.143221,0.016392,0.37914,0.0695,0.07,
0.31,3.5,4,70,70,70,423,423,6255.13,99.1,410.1,261.09,19.08,0.112222,0.183657,0.14598,0.146923,0.016002,0.38151,0.0693,0.07,
0.31,3.5,5,70,70,70,440,440,5378.63,95.1,430.1,259.14,17.94,0.118044,0.183236,0.145438,0.14208,0.015517,0.38084,0.0693,0.07,
0.31,3.5,6,70,70,70,440,440,5854.1,82.4,430.1,251.67,18.24,0.107281,0.185319,0.14608,0.145268,0.017159,0.38155,0.0694,0.07,
0.31,3.5,7,70,70,70,388,388,6014.68,79.8,375.5,232.61,18.01,0.111067,0.18796,0.145572,0.146045,0.017309,0.38087,0.0695,0.07,
0.31,3.5,8,70,70,70,410,410,5385.87,113.9,400.1,261.39,17.78,0.109272,0.179814,0.144133,0.142463,0.015928,0.37908,0.0695,0.07,
0.31,3.5,9,70,70,70,487,487,5800.41,95.1,478.7,246.7,18.09,0.112339,0.179888,0.144527,0.143783,0.015098,0.37966,0.0695,0.07,
0.31,4,0,70,70,70,456,456,5915.65,85.3,445.1,232.77,18.46,0.113381,0.245547,0.149339,0.145469,0.020481,0.38562,0.0695,0.07,
0.31,4,1,70,70,70,431,431,5453.07,109.9,420.1,230.63,17.27,0.115112,0.190779,0.144714,0.143199,0.01785,0.3797,0.0695,0.07,
0.31,4,2,70,70,70,470,470,5373.71,79.8,460.1,247.58,17.11,0.107865,0.210952,0.145539,0.143695,0.018208,0.38078,0.0692,0.07,
0.31,4,3,70,70,70,423,423,5469.73,103.5,410.1,255.72,17.3,0.112802,0.185366,0.144318,0.142723,0.016939,0.37926,0.0694,0.07,
0.31,4,4,70,70,70,428,428,6255.13,103.2,415.1,270.84,19.25,0.103548,0.18711,0.145156,0.145014,0.017055,0.38034,0.0691,0.07,
0.31,4,5,70,70,70,450,450,5378.63,95.1,440.1,272.86,17.9,0.111016,0.175208,0.144265,0.140685,0.015454,0.37929,0.0691,0.07,
0.31,4,6,70,70,70,445,445,5854.1,79.8,435.1,263.42,18.6,0.108096,0.200532,0.14651,0.144672,0.019108,0.38197,0.0693,0.07,
0.31,4,7,70,70,70,397,397,6014.68,79.8,384.5,243.33,18.18,0.10623,0.191191,0.14482,0.143972,0.018045,0.37982,0.0694,0.07,
0.31,4,8,70,70,70,425,425,5385.87,114.7,415.1,270.85,18.06,0.10916,0.181913,0.142536,0.140477,0.016266,0.37694,0.0692,0.07,
0.31,4,9,70,70,70,490,490,5800.41,95.1,481.8,256.64,18.41,0.103698,0.182352,0.144584,0.142499,0.016416,0.37963,0.0694,0.07,
0.31,4.5,0,70,70,70,461,461,5915.65,105.8,450.1,240.09,18.7,0.113206,0.198429,0.147541,0.145699,0.018245,0.3834,0.0693,0.07,
0.31,4.5,1,70,70,70,490,490,5453.07,110.1,479.5,239.84,17.51,0.113084,0.193473,0.14434,0.143558,0.017323,0.37925,0.0695,0.07,
0.31,4.5,2,70,70,70,500,500,5373.71,79.8,490.4,253.19,17.39,0.105164,0.208834,0.146167,0.146086,0.018391,0.38158,0.0693,0.07,
0.31,4.5,3,70,70,70,505,505,5469.73,103.9,492.9,269.57,17.68,0.11679,0.188899,0.143634,0.139247,0.017513,0.37832,0.0692,0.07,
0.31,4.5,4,70,70,70,430,430,6255.13,108.1,417.9,274.99,19.29,0.110471,0.189076,0.146713,0.148978,0.018368,0.38229,0.0694,0.07,
0.31,4.5,5,70,70,70,495,495,5378.63,95.1,485.1,279.64,18.36,0.10944,0.177595,0.145258,0.144826,0.016119,0.38055,0.0693,0.07,
0.31,4.5,6,70,70,70,486,486,5854.1,79.8,475.1,272.4,18.78,0.099157,0.215539,0.147279,0.147023,0.020748,0.38284,0.0694,0.07,
0.31,4.5,7,70,70,70,410,410,6014.68,79.8,400.1,253.72,18.48,0.105392,0.189933,0.145461,0.145932,0.019203,0.38057,0.0694,0.07,
0.31,4.5,8,70,70,70,507,507,5385.87,115.1,495.1,278.21,18.35,0.111236,0.183911,0.143895,0.140525,0.016315,0.37874,0.0694,0.07,
0.31,4.5,9,70,70,70,494,494,5800.41,95.1,485.1,266.3,18.69,0.108848,0.184736,0.143236,0.139276,0.017668,0.37777,0.0692,0.07,
0.31,5,0,70,70,70,461,461,5915.65,105.2,450.1,243.48,18.79,0.116725,0.199441,0.14903,0.146519,0.018667,0.38531,0.0696,0.07,
0.31,5,1,70,70,70,491,491,5453.07,110.1,480.1,246.24,17.77,0.112867,0.19051,0.144391,0.144031,0.017397,0.37931,0.0694,0.07,
0.31,5,2,70,70,70,535,535,5373.71,79.8,525.1,261.62,17.72,0.108501,0.205246,0.14561,0.144629,0.018522,0.38084,0.0691,0.07,
0.31,5,3,70,70,70,508,508,5469.73,103.9,495.1,273.55,17.95,0.116105,0.190739,0.143651,0.142719,0.018454,0.37827,0.0692,0.07,
0.31,5,4,70,70,70,479,479,6255.13,114.5,465.1,292.8,19.79,0.117606,0.190465,0.145831,0.145821,0.017495,0.38121,0.0693,0.07,
0.31,5,5,70,70,70,532,532,5378.63,95.1,522.1,291.16,18.46,0.107435,0.18169,0.14426,0.143174,0.017619,0.37912,0.0692,0.07,
0.31,5,6,70,70,70,491,491,5854.1,80.1,480.1,277.15,18.92,0.10177,0.216561,0.146501,0.145504,0.020435,0.38185,0.0691,0.07,
0.31,5,7,70,70,70,458,458,6014.68,79.8,445.1,259.7,18.7,0.105549,0.19529,0.145713,0.144398,0.020504,0.3808,0.0693,0.07,
0.31,5,8,70,70,70,507,507,5385.87,115.1,495.1,281.98,18.38,0.106874,0.185936,0.143282,0.140623,0.016716,0.3779,0.0692,0.07,
0.31,5,9,70,70,70,498,498,5800.41,95.8,489.1,269.39,18.75,0.104689,0.18868,0.14359,0.141221,0.018224,0.3782,0.0693,0.07,
0.31,5.5,0,70,70,70,466,466,5915.65,105.1,455.1,255.72,19.18,0.116883,0.197552,0.146971,0.145546,0.017818,0.38269,0.0692,0.07,
0.31,5.5,1,70,70,70,491,491,5453.07,110.1,480.1,254.15,18.03,0.104317,0.192711,0.144677,0.144307,0.018175,0.37962,0.0693,0.07,
0.31,5.5,2,70,70,70,540,540,5373.71,79.8,530.1,273.01,18.01,0.101036,0.222067,0.145392,0.145772,0.020197,0.38042,0.069,0.07,
0.31,5.5,3,70,70,70,513,513,5469.73,103.6,500.1,278.9,18.06,0.111017,0.190405,0.143888,0.140937,0.01821,0.3786,0.0693,0.07,
0.31,5.5,4,70,70,70,484,484,6255.13,112.9,470.1,297.77,19.85,0.111629,0.191814,0.144473,0.143032,0.018036,0.37938,0.069,0.07,
0.31,5.5,5,70,70,70,535,535,5378.63,95.1,525.1,293.52,18.59,0.110375,0.190761,0.145053,0.143303,0.017384,0.38019,0.0693,0.07,
0.31,5.5,6,70,70,70,491,491,5854.1,80.1,480.1,281.7,19.13,0.102491,0.223138,0.147488,0.147608,0.021744,0.38303,0.0693,0.07,
0.31,5.5,7,70,70,70,458,458,6014.68,79.8,445.1,262.68,18.79,0.10176,0.198915,0.145401,0.143698,0.021506,0.38029,0.0692,0.07,
0.31,5.5,8,70,70,70,512,512,5385.87,115.1,500.1,286.39,18.67,0.107319,0.187505,0.143053,0.141369,0.018183,0.37748,0.0691,0.07,
0.31,5.5,9,70,70,70,499,499,5800.41,100.1,490.1,272.61,18.92,0.107124,0.189159,0.143204,0.142649,0.018869,0.37763,0.0693,0.07,
0.31,6,0,70,70,70,466,466,5915.65,104.2,455.5,262.07,19.35,0.107757,0.197419,0.146892,0.143956,0.018456,0.38254,0.0691,0.07,
0.31,6,1,70,70,70,491,491,5453.07,111.9,480.6,256.8,18.2,0.104718,0.196376,0.144077,0.144,0.019179,0.37875,0.0692,0.07,
0.31,6,2,70,70,70,660,660,5373.71,79.8,650.1,279.84,18.34,0.104232,0.224418,0.147466,0.147803,0.020832,0.38309,0.0693,0.07,
0.31,6,3,70,70,70,553,553,5469.73,103,540.1,283.4,18.41,0.113003,0.192749,0.143465,0.141812,0.019606,0.37793,0.0692,0.07,
0.31,6,4,70,70,70,528,528,6255.13,111.4,515.1,300.71,20.16,0.111254,0.193237,0.145604,0.144742,0.019154,0.38077,0.0692,0.07,
0.31,6,5,70,70,70,585,585,5378.63,95.1,575.1,297.61,18.88,0.110259,0.189958,0.144734,0.142208,0.018371,0.3797,0.0692,0.07,
0.31,6,6,70,70,70,492,492,5854.1,80.3,481.6,286.88,19.45,0.092335,0.227673,0.147115,0.146306,0.023521,0.38236,0.0692,0.07,
0.31,6,7,70,70,70,461,461,6014.68,79.8,448.2,267.92,19.12,0.099644,0.198086,0.145743,0.1457,0.022735,0.38062,0.0693,0.07,
0.31,6,8,70,70,70,512,512,5385.87,114.7,500.1,290.4,18.71,0.105684,0.190694,0.144341,0.140804,0.018773,0.37914,0.0693,0.07,
0.31,6,9,70,70,70,501,501,5800.41,100.1,492.9,275.09,19.23,0.103754,0.19048,0.143596,0.141431,0.01873,0.37816,0.0693,0.07,
0.31,6.5,0,70,70,70,484,484,5915.65,103.3,470.1,263.46,19.71,0.112766,0.196906,0.147336,0.142915,0.018932,0.38308,0.0691,0.07,
0.31,6.5,1,70,70,70,496,496,5453.07,117.3,485.1,259.67,18.52,0.105577,0.199175,0.143351,0.141217,0.019223,0.37779,0.069,0.07,
0.31,6.5,2,70,70,70,665,665,5373.71,80.5,655.1,281.25,18.67,0.107022,0.227225,0.148149,0.148716,0.021528,0.38393,0.0695,0.07,
0.31,6.5,3,70,70,70,558,558,5469.73,102.4,545.1,287.6,18.68,0.110262,0.193665,0.144137,0.141688,0.020638,0.37872,0.0693,0.07,
0.31,6.5,4,70,70,70,531,531,6255.13,103.5,518.1,303.06,20.16,0.106435,0.195885,0.144988,0.144495,0.020331,0.37986,0.069,0.07,
0.31,6.5,5,70,70,70,590,590,5378.63,95.1,580.1,301.08,18.87,0.108314,0.188723,0.144288,0.14315,0.019131,0.37903,0.0691,0.07,
0.31,6.5,6,70,70,70,496,496,5854.1,80.6,485.1,290.43,19.41,0.094588,0.230724,0.147802,0.147137,0.024512,0.38317,0.0693,0.07,
0.31,6.5,7,70,70,70,464,464,6014.68,79.8,451.4,267.98,18.99,0.099596,0.200128,0.146993,0.146072,0.023163,0.38222,0.0695,0.07,
0.31,6.5,8,70,70,70,513,513,5385.87,114.3,501.3,295.34,18.82,0.102505,0.192925,0.144355,0.14133,0.019819,0.37908,0.0693,0.07,
0.31,6.5,9,70,70,70,504,504,5800.41,100.1,495.1,279.34,19.07,0.104022,0.194467,0.143826,0.142097,0.019716,0.37839,0.0694,0.07,
0.31,7,0,70,70,70,501,501,5915.65,102.4,490.1,263.96,19.73,0.113828,0.20445,0.147087,0.14453,0.019237,0.38274,0.0688,0.07,
0.31,7,1,70,70,70,496,496,5453.07,120.2,485.1,263.02,18.46,0.099112,0.207813,0.142929,0.141221,0.020139,0.37714,0.0688,0.07,
0.31,7,2,70,70,70,665,665,5373.71,83.6,655.1,283.64,18.65,0.099327,0.230321,0.147224,0.148729,0.022706,0.38259,0.0692,0.07,
0.31,7,3,70,70,70,558,558,5469.73,101.8,545.1,290.18,18.72,0.112396,0.194949,0.144291,0.141385,0.0209,0.3789,0.0693,0.07,
0.31,7,4,70,70,70,533,533,6255.13,104.9,520.1,307.87,20.1,0.108549,0.196454,0.144642,0.145031,0.020109,0.37942,0.0689,0.07,
0.31,7,5,70,70,70,595,595,5378.63,95.1,585.1,302.16,18.83,0.108167,0.190074,0.144273,0.143066,0.01957,0.37898,0.0691,0.07,
0.31,7,6,70,70,70,496,496,5854.1,80.8,485.1,298.1,19.33,0.096394,0.23363,0.147307,0.146374,0.023991,0.38257,0.0691,0.07,
0.31,7,7,70,70,70,493,493,6014.68,79.8,480.1,271.44,19,0.099439,0.202345,0.146837,0.145321,0.023301,0.382,0.0693,0.07,
0.31,7,8,70,70,70,517,517,5385.87,114.4,505.1,299.73,18.92,0.10287,0.193925,0.143677,0.142711,0.020299,0.37813,0.0692,0.07,
0.31,7,9,70,70,70,504,504,5800.41,100.1,495.1,279.92,18.98,0.099997,0.201633,0.143091,0.141418,0.02151,0.37725,0.0691,0.07,
0.32,3,0,70,70,70,366,366,5915.65,84.8,355.1,224.94,18.73,0.121502,0.235016,0.148487,0.144172,0.018711,0.38464,0.0694,0.07,
0.32,3,1,70,70,70,419,419,5453.07,109.8,410.1,215.65,17.5,0.1081,0.183844,0.144697,0.14502,0.015782,0.37983,0.0696,0.07,
0.32,3,2,70,70,70,417,417,5373.71,79.8,406,234.11,17.61,0.098264,0.202751,0.145537,0.14514,0.017377,0.38083,0.0694,0.07,
0.32,3,3,70,70,70,418,418,5469.73,103.9,405.1,239.73,17.72,0.116633,0.179626,0.143801,0.141992,0.015341,0.37869,0.0694,0.07,
0.32,3,4,70,70,70,414,414,6255.13,91,401.5,258.79,19.16,0.115428,0.181129,0.145611,0.146524,0.01497,0.38109,0.0693,0.07,
0.32,3,5,70,70,70,440,440,5378.63,95.7,430.1,258.37,17.9,0.116686,0.175825,0.144331,0.140096,0.014892,0.37942,0.0692,0.07,
0.32,3,6,70,70,70,440,440,5854.1,79.8,430.1,251.2,18.65,0.109897,0.182141,0.14564,0.145088,0.017033,0.38098,0.0693,0.07,
0.32,3,7,70,70,70,389,389,6014.68,79.8,376.3,228.6,18.21,0.106217,0.190998,0.144596,0.14513,0.01722,0.37959,0.0693,0.07,
0.32,3,8,70,70,70,382,382,5385.87,117,370.1,256.65,18.11,0.113765,0.177284,0.143591,0.142635,0.015129,0.37842,0.0694,0.07,
0.32,3,9,70,70,70,484,484,5800.41,94.6,475.1,247.78,18.54,0.110276,0.180694,0.144563,0.143798,0.015608,0.37967,0.0695,0.07,
0.32,3.5,0,70,70,70,456,456,5915.65,110.1,445.1,235.98,19.09,0.114067,0.194579,0.147542,0.145342,0.016558,0.38353,0.0694,0.07,
0.32,3.5,1,70,70,70,431,431,5453.07,110.1,420.1,227.66,17.96,0.11465,0.187466,0.143822,0.143709,0.016939,0.37859,0.0693,0.07,
0.32,3.5,2,70,70,70,465,465,5373.71,79.8,455.1,250,17.98,0.109152,0.201839,0.145328,0.145084,0.016794,0.38061,0.0692,0.07,
0.32,3.5,3,70,70,70,423,423,5469.73,106.2,410.1,256.87,18,0.113919,0.184718,0.144261,0.14315,0.016486,0.37922,0.0694,0.07,
0.32,3.5,4,70,70,70,428,428,6255.13,99.4,415.1,272,19.55,0.115529,0.184217,0.145063,0.146009,0.015616,0.38032,0.0691,0.07,
0.32,3.5,5,70,70,70,451,451,5378.63,96.4,441.9,269.44,18.31,0.11123,0.177995,0.145013,0.144438,0.015993,0.38024,0.0693,0.07,
0.32,3.5,6,70,70,70,445,445,5854.1,82.6,435.1,265.47,18.86,0.099449,0.191092,0.145873,0.143021,0.018277,0.38119,0.0693,0.07,
0.32,3.5,7,70,70,70,398,398,6014.68,79.8,385.7,245.74,18.55,0.108057,0.189308,0.144681,0.144406,0.017277,0.37969,0.0693,0.07,
0.32,3.5,8,70,70,70,412,412,5385.87,118.6,403,268.96,18.3,0.111812,0.179453,0.142941,0.140697,0.01522,0.37755,0.0692,0.07,
0.32,3.5,9,70,70,70,489,489,5800.41,95.1,480.1,258.83,18.79,0.111304,0.17854,0.144291,0.142319,0.016312,0.37926,0.0694,0.07,
0.32,4,0,70,70,70,461,461,5915.65,110.1,450.1,241.38,19.19,0.11518,0.196359,0.148231,0.145576,0.017756,0.38434,0.0695,0.07,
0.32,4,1,70,70,70,491,491,5453.07,111.7,480.1,243.93,18.12,0.107041,0.179208,0.144563,0.144598,0.017135,0.37955,0.0694,0.07,
0.32,4,2,70,70,70,502,502,5373.71,79.8,492.2,262.96,18.35,0.106812,0.211674,0.146122,0.147001,0.018026,0.38155,0.0694,0.07,
0.32,4,3,70,70,70,503,503,5469.73,107.1,490.1,271.54,18.13,0.115118,0.184673,0.143888,0.139683,0.016904,0.3787,0.0693,0.07,
0.32,4,4,70,70,70,428,428,6255.13,103.7,416,280.69,19.87,0.10733,0.187136,0.146358,0.147761,0.016794,0.38194,0.0693,0.07,
0.32,4,5,70,70,70,490,490,5378.63,96.6,480.1,283.04,18.74,0.110444,0.181334,0.144946,0.144212,0.016439,0.38011,0.0693,0.07,
0.32,4,6,70,70,70,486,486,5854.1,79.8,475.1,277.14,19.3,0.102013,0.209699,0.146855,0.146794,0.020096,0.38234,0.0693,0.07,
0.32,4,7,70,70,70,453,453,6014.68,79.8,440.1,258.89,19.04,0.108555,0.19181,0.144231,0.143111,0.017987,0.37905,0.0693,0.07,
0.32,4,8,70,70,70,471,471,5385.87,120.1,459.4,279.62,18.79,0.111989,0.181733,0.143847,0.140877,0.015766,0.37872,0.0693,0.07,
0.32,4,9,70,70,70,494,494,5800.41,95.1,485.1,268.48,19.14,0.108794,0.183223,0.14385,0.141178,0.017216,0.37861,0.0693,0.07,
0.32,4.5,0,70,70,70,465,465,5915.65,110.1,454.5,250.57,19.48,0.119868,0.197832,0.149086,0.146121,0.017877,0.38545,0.0696,0.07,
0.32,4.5,1,70,70,70,491,491,5453.07,111.4,480.2,255.56,18.73,0.112241,0.181382,0.143912,0.144166,0.015758,0.37879,0.0693,0.07,
0.32,4.5,2,70,70,70,535,535,5373.71,79.8,525.1,269.79,18.54,0.110194,0.217344,0.145886,0.145613,0.018312,0.38123,0.0691,0.07,
0.32,4.5,3,70,70,70,508,508,5469.73,111.9,495.1,278.01,18.72,0.115885,0.188301,0.144272,0.141392,0.017743,0.37914,0.0693,0.07,
0.32,4.5,4,70,70,70,479,479,6255.13,109,465.1,295.57,20.54,0.11487,0.188967,0.145451,0.145311,0.017783,0.38069,0.0691,0.07,
0.32,4.5,5,70,70,70,521,521,5378.63,96.7,511.1,292.6,19.29,0.109496,0.184132,0.144073,0.1417,0.017169,0.37891,0.0691,0.07,
0.32,4.5,6,70,70,70,491,491,5854.1,80.1,480.1,285.36,19.92,0.10475,0.218472,0.14719,0.146203,0.021047,0.3827,0.0693,0.07,
0.32,4.5,7,70,70,70,458,458,6014.68,79.8,445.1,266.9,19.5,0.103733,0.192254,0.144455,0.144549,0.018728,0.37928,0.0692,0.07,
0.32,4.5,8,70,70,70,507,507,5385.87,120.1,495.1,285.19,19.22,0.109471,0.183686,0.1439,0.141427,0.016738,0.37872,0.0694,0.07,
0.32,4.5,9,70,70,70,499,499,5800.41,120.1,490.1,277.91,19.59,0.104798,0.184288,0.14286,0.14176,0.016257,0.37737,0.0692,0.07,
0.32,5,0,70,70,70,466,466,5915.65,107.1,455.4,261.02,20.18,0.118681,0.199314,0.147938,0.145506,0.018425,0.38392,0.0693,0.07,
0.32,5,1,70,70,70,496,496,5453.07,111.1,485.1,258.27,19.02,0.105856,0.184839,0.144559,0.146066,0.017517,0.37951,0.0693,0.07,
0.32,5,2,70,70,70,540,540,5373.71,79.8,530.1,278.95,19.2,0.102263,0.214177,0.146425,0.147032,0.019126,0.38186,0.0691,0.07,
0.32,5,3,70,70,70,515,515,5469.73,112.9,502.5,284.12,19.27,0.114851,0.190828,0.144785,0.142142,0.018686,0.37975,0.0694,0.07,
0.32,5,4,70,70,70,528,528,6255.13,116.1,515.1,303.65,20.46,0.113347,0.191485,0.145781,0.143469,0.018407,0.38107,0.0693,0.07,
0.32,5,5,70,70,70,535,535,5378.63,96.6,525.1,298.86,19.09,0.111988,0.184093,0.145332,0.142213,0.017014,0.38059,0.0694,0.07,
0.32,5,6,70,70,70,491,491,5854.1,80.7,480.1,293.65,19.64,0.093554,0.223635,0.147005,0.145252,0.02247,0.38233,0.0692,0.07,
0.32,5,7,70,70,70,458,458,6014.68,79.8,445.1,271.29,19.35,0.10433,0.194491,0.145305,0.145444,0.020689,0.38023,0.0692,0.07,
0.32,5,8,70,70,70,512,512,5385.87,120.1,500.1,291.02,19.05,0.107375,0.185756,0.143758,0.140763,0.017713,0.37845,0.0692,0.07,
0.32,5,9,70,70,70,503,503,5800.41,120.1,494.9,287.47,19.49,0.107766,0.187846,0.142696,0.142407,0.016954,0.3771,0.0692,0.07,
0.32,5.5,0,70,70,70,471,471,5915.65,106.1,460.1,267.97,20.02,0.11829,0.199668,0.148425,0.144768,0.018234,0.38457,0.0694,0.07,
0.32,5.5,1,70,70,70,496,496,5453.07,110.7,485.1,262.67,18.88,0.106896,0.1865,0.144705,0.141605,0.017861,0.37968,0.0694,0.07,
0.32,5.5,2,70,70,70,572,572,5373.71,79.8,562.6,286.08,19.09,0.105918,0.210568,0.147367,0.146455,0.019156,0.38309,0.0693,0.07,
0.32,5.5,3,70,70,70,553,553,5469.73,113.1,540.1,290.82,19.15,0.114961,0.190108,0.144134,0.143867,0.019149,0.37885,0.0693,0.07,
0.32,5.5,4,70,70,70,529,529,6255.13,115.1,516.2,307.26,20.27,0.111281,0.194562,0.146606,0.145508,0.01933,0.38208,0.0695,0.07,
0.32,5.5,5,70,70,70,585,585,5378.63,96.4,575.1,303.09,18.97,0.109688,0.185809,0.144868,0.143944,0.018453,0.37986,0.0692,0.07,
0.32,5.5,6,70,70,70,496,496,5854.1,91.4,485.1,297.81,19.5,0.095456,0.214138,0.147133,0.144125,0.023305,0.38241,0.0692,0.07,
0.32,5.5,7,70,70,70,493,493,6014.68,79.8,480.1,276.53,19.22,0.104667,0.197175,0.146878,0.147032,0.021205,0.38226,0.0695,0.07,
0.32,5.5,8,70,70,70,512,512,5385.87,120.1,500.1,296.11,19,0.103011,0.187231,0.144675,0.143294,0.018024,0.37964,0.0694,0.07,
0.32,5.5,9,70,70,70,542,542,5800.41,119.5,530.1,292.11,19.59,0.105052,0.190114,0.143527,0.141092,0.017339,0.37818,0.0694,0.07,
0.32,6,0,70,70,70,504,504,5915.65,105.3,493.9,278.95,20.04,0.115352,0.201736,0.147864,0.14579,0.018813,0.38378,0.0692,0.07,
0.32,6,1,70,70,70,496,496,5453.07,113.6,485.1,268.18,18.7,0.109995,0.187073,0.145043,0.141879,0.017901,0.38014,0.0694,0.07,
0.32,6,2,70,70,70,665,665,5373.71,79.8,655.1,292.28,19.04,0.098596,0.227971,0.147413,0.147188,0.021481,0.38296,0.0692,0.07,
0.32,6,3,70,70,70,558,558,5469.73,115,545.1,294.47,19.03,0.11264,0.192675,0.144436,0.141788,0.01996,0.37918,0.0693,0.07,
0.32,6,4,70,70,70,533,533,6255.13,113.5,520.1,311.84,20.48,0.10861,0.196914,0.145428,0.1446,0.020075,0.38047,0.0691,0.07,
0.32,6,5,70,70,70,590,590,5378.63,96.2,580.1,309.64,19.38,0.10501,0.187551,0.144815,0.14194,0.019812,0.37967,0.0692,0.07,
0.32,6,6,70,70,70,496,496,5854.1,91.4,485.1,305.05,19.88,0.097595,0.21764,0.148163,0.147097,0.023445,0.38374,0.0692,0.07,
0.32,6,7,70,70,70,498,498,6014.68,79.8,485.1,283.72,19.45,0.103823,0.197313,0.147178,0.144968,0.022169,0.38256,0.0693,0.07,
0.32,6,8,70,70,70,515,515,5385.87,130.2,503.8,302.04,19.07,0.104631,0.193703,0.144029,0.141297,0.018457,0.37875,0.0692,0.07,
0.32,6,9,70,70,70,542,542,5800.41,115.1,531,294.13,19.68,0.098873,0.19269,0.143689,0.142724,0.019419,0.37822,0.0694,0.07,
0.32,6.5,0,70,70,70,506,506,5915.65,105,495.1,280.78,20.2,0.116213,0.204304,0.147408,0.1455,0.019188,0.38316,0.0691,0.07,
0.32,6.5,1,70,70,70,499,499,5453.07,119.7,488.5,272.79,18.94,0.100523,0.185916,0.144223,0.141599,0.018143,0.37902,0.0692,0.07,
0.32,6.5,2,70,70,70,670,670,5373.71,81.1,660.1,295.43,19.27,0.101737,0.230073,0.147258,0.147979,0.021373,0.38277,0.0692,0.07,
0.32,6.5,3,70,70,70,558,558,5469.73,105,545.1,297.77,18.99,0.106167,0.194477,0.144529,0.142684,0.021393,0.37917,0.0692,0.07,
0.32,6.5,4,70,70,70,533,533,6255.13,112,520.1,313.83,20.78,0.109878,0.19905,0.14627,0.146331,0.01986,0.38159,0.0693,0.07,
0.32,6.5,5,70,70,70,595,595,5378.63,95.9,585.1,312.38,19.45,0.106872,0.189137,0.145278,0.143628,0.019484,0.38032,0.0692,0.07,
0.32,6.5,6,70,70,70,496,496,5854.1,91.2,485.1,308.96,20.22,0.089486,0.220972,0.148092,0.148284,0.023453,0.38364,0.0693,0.07,
0.32,6.5,7,70,70,70,498,498,6014.68,79.8,485.1,287.55,19.71,0.098338,0.199443,0.147169,0.146059,0.022618,0.3825,0.0693,0.07,
0.32,6.5,8,70,70,70,554,554,5385.87,133.6,545.1,316.41,19.71,0.108388,0.195299,0.144463,0.140844,0.018685,0.37932,0.0692,0.07,
0.32,6.5,9,70,70,70,607,607,5800.41,115.1,595.1,297.62,19.95,0.101865,0.19463,0.143348,0.143414,0.01946,0.37776,0.0694,0.07,
0.32,7,0,70,70,70,506,506,5915.65,104,495.1,282.79,20.55,0.112151,0.204759,0.147881,0.145931,0.019107,0.38379,0.0689,0.07,
0.32,7,1,70,70,70,501,501,5453.07,120.9,490.1,275.98,19.21,0.090415,0.205751,0.143575,0.140708,0.019728,0.37803,0.069,0.07,
0.32,7,2,70,70,70,670,670,5373.71,84.5,660.1,296.69,19.45,0.104485,0.233225,0.14802,0.148571,0.023302,0.38359,0.0692,0.07,
0.32,7,3,70,70,70,558,558,5469.73,114,545.1,300.92,19.35,0.106968,0.195607,0.144258,0.143213,0.021753,0.37878,0.0692,0.07,
0.32,7,4,70,70,70,566,566,6255.13,110.5,555.1,320.83,21.2,0.105012,0.201098,0.14606,0.146503,0.020797,0.38123,0.0693,0.07,
0.32,7,5,70,70,70,600,600,5378.63,95.6,590.1,315.2,19.91,0.102693,0.1975,0.144999,0.141356,0.021148,0.37981,0.0691,0.07,
0.32,7,6,70,70,70,513,513,5854.1,90.8,500.1,313.22,20.42,0.090924,0.224366,0.148292,0.145758,0.024341,0.38382,0.0693,0.07,
0.32,7,7,70,70,70,519,519,6014.68,79.8,505.1,290.24,20.07,0.098094,0.202757,0.146081,0.1458,0.0235,0.38099,0.069,0.07,
0.32,7,8,70,70,70,554,554,5385.87,116.2,545.1,319.37,20.13,0.111447,0.196576,0.14368,0.14186,0.018939,0.37826,0.0691,0.07,
0.32,7,9,70,70,70,607,607,5800.41,115.1,595.1,300.87,20.27,0.102064,0.196445,0.143181,0.142598,0.02018,0.37747,0.0694,0.07,
0.33,3,0,70,70,70,456,456,5915.65,110.1,445.1,236.38,19.86,0.122666,0.191786,0.147326,0.14405,0.015863,0.3833,0.0694,0.07,
0.33,3,1,70,70,70,427,427,5453.07,110.1,416.9,226.62,18.51,0.111963,0.185713,0.143818,0.143658,0.016112,0.37865,0.0693,0.07,
0.33,3,2,70,70,70,457,457,5373.71,79.8,447.9,247.07,18.68,0.109306,0.199125,0.145976,0.145507,0.016831,0.38145,0.0694,0.07,
0.33,3,3,70,70,70,418,418,5469.73,106.9,405.1,254.27,18.59,0.120095,0.182042,0.144294,0.142814,0.015477,0.37933,0.0695,0.07,
0.33,3,4,70,70,70,428,428,6255.13,93.7,415.1,268.39,20.06,0.116509,0.181008,0.145699,0.145729,0.015623,0.38116,0.0693,0.07,
0.33,3,5,70,70,70,445,445,5378.63,99.1,435.1,268.52,18.74,0.112199,0.176484,0.144652,0.142609,0.014858,0.37984,0.0692,0.07,
0.33,3,6,70,70,70,445,445,5854.1,79.8,435.1,261.69,19.38,0.102388,0.186364,0.145909,0.147403,0.017881,0.38126,0.0692,0.07,
0.33,3,7,70,70,70,402,402,6014.68,80.1,389.3,244.49,19.12,0.108104,0.187395,0.144283,0.142343,0.016782,0.37921,0.0692,0.07,
0.33,3,8,70,70,70,410,410,5385.87,120.1,400.1,270.63,18.86,0.109452,0.178085,0.143981,0.142834,0.015132,0.37893,0.0695,0.07,
0.33,3,9,70,70,70,489,489,5800.41,95.1,480.1,257.76,19.29,0.112679,0.177743,0.143684,0.142049,0.015244,0.37853,0.0693,0.07,
0.33,3.5,0,70,70,70,461,461,5915.65,110.1,450.1,243.01,19.8,0.115187,0.197014,0.147873,0.145932,0.016887,0.38394,0.0694,0.07,
0.33,3.5,1,70,70,70,491,491,5453.07,110.1,480.1,244.42,18.86,0.115963,0.185443,0.144995,0.145268,0.016582,0.38017,0.0695,0.07,
0.33,3.5,2,70,70,70,472,472,5373.71,79.8,462.1,264.69,18.8,0.107836,0.209652,0.145013,0.145143,0.017348,0.38014,0.0692,0.07,
0.33,3.5,3,70,70,70,447,447,5469.73,110.1,434.3,269.85,19.05,0.11458,0.184143,0.144137,0.141019,0.016523,0.37905,0.0693,0.07,
0.33,3.5,4,70,70,70,428,428,6255.13,99.8,415.1,282.52,20.54,0.117154,0.18498,0.146039,0.146995,0.016283,0.38157,0.0692,0.07,
0.33,3.5,5,70,70,70,490,490,5378.63,99.8,480.1,285.46,19.43,0.109885,0.180742,0.144533,0.144766,0.016048,0.3796,0.0692,0.07,
0.33,3.5,6,70,70,70,486,486,5854.1,82.8,475.1,278.29,19.87,0.104846,0.200074,0.145819,0.145896,0.019054,0.38106,0.0691,0.07,
0.33,3.5,7,70,70,70,453,453,6014.68,80.1,440.1,255.65,19.52,0.109722,0.189769,0.145661,0.144475,0.017179,0.381,0.0695,0.07,
0.33,3.5,8,70,70,70,462,462,5385.87,120.1,450.1,281.21,19.26,0.109066,0.18081,0.144023,0.139766,0.015787,0.37895,0.0694,0.07,
0.33,3.5,9,70,70,70,494,494,5800.41,95.1,485.1,271.68,19.69,0.106513,0.1828,0.143942,0.140617,0.016183,0.37881,0.0693,0.07,
0.33,4,0,70,70,70,466,466,5915.65,111.6,455.1,255.41,20.26,0.120045,0.200228,0.148568,0.146324,0.018076,0.38476,0.0695,0.07,
0.33,4,1,70,70,70,496,496,5453.07,114,485.1,259.49,19.26,0.112901,0.181837,0.14355,0.142824,0.015229,0.37836,0.0693,0.07,
0.33,4,2,70,70,70,535,535,5373.71,79.8,525.1,279.99,19.35,0.11065,0.206591,0.145838,0.146536,0.017106,0.38125,0.0691,0.07,
0.33,4,3,70,70,70,508,508,5469.73,113.6,495.1,283.36,19.3,0.114448,0.186293,0.144748,0.142595,0.017476,0.37979,0.0693,0.07,
0.33,4,4,70,70,70,479,479,6255.13,104.3,465.1,295.94,20.83,0.113818,0.188781,0.145295,0.145324,0.017638,0.38049,0.0691,0.07,
0.33,4,5,70,70,70,520,520,5378.63,100.1,510.1,293.56,19.33,0.110364,0.182466,0.144373,0.141369,0.016186,0.37938,0.0692,0.07,
0.33,4,6,70,70,70,491,491,5854.1,80.2,480.1,288.33,20.03,0.106045,0.217786,0.147242,0.147661,0.020859,0.38279,0.0693,0.07,
0.33,4,7,70,70,70,458,458,6014.68,79.8,445.1,272.45,19.66,0.107832,0.190931,0.144646,0.144947,0.018782,0.37953,0.0692,0.07,
0.33,4,8,70,70,70,507,507,5385.87,120.6,495.1,292.34,19.43,0.110235,0.184136,0.143915,0.142529,0.016574,0.37875,0.0694,0.07,
0.33,4,9,70,70,70,499,499,5800.41,121.6,490.1,285.73,19.84,0.107927,0.182671,0.143256,0.141386,0.015544,0.37795,0.0693,0.07,
0.33,4.5,0,70,70,70,471,471,5915.65,111.5,460.1,265.13,20.41,0.119341,0.203085,0.148628,0.146285,0.018627,0.38481,0.0694,0.07,
0.33,4.5,1,70,70,70,496,496,5453.07,113.7,485.1,265.78,19.24,0.105345,0.184193,0.144497,0.144243,0.01702,0.37948,0.0695,0.07,
0.33,4.5,2,70,70,70,540,540,5373.71,79.8,530.1,287.19,19.26,0.10244,0.218288,0.147128,0.14706,0.018715,0.38282,0.0693,0.07,
0.33,4.5,3,70,70,70,553,553,5469.73,118.8,540.1,289.13,19.35,0.117042,0.190297,0.144906,0.144573,0.018404,0.37993,0.0694,0.07,
0.33,4.5,4,70,70,70,528,528,6255.13,109.6,515.1,308.45,20.72,0.114541,0.19181,0.145169,0.144172,0.01772,0.38032,0.0693,0.07,
0.33,4.5,5,70,70,70,530,530,5378.63,100.1,520.1,302.6,19.38,0.110187,0.1863,0.145209,0.14209,0.017267,0.3804,0.0693,0.07,
0.33,4.5,6,70,70,70,491,491,5854.1,118.8,480.1,298.63,20.1,0.096677,0.199364,0.145726,0.144731,0.020928,0.38077,0.0691,0.07,
0.33,4.5,7,70,70,70,458,458,6014.68,79.8,445.1,279.66,19.64,0.108197,0.185235,0.144365,0.143699,0.019337,0.37912,0.0692,0.07,
0.33,4.5,8,70,70,70,512,512,5385.87,121,500.1,298.99,19.48,0.108419,0.18652,0.143955,0.141278,0.017681,0.37872,0.0693,0.07,
0.33,4.5,9,70,70,70,504,504,5800.41,120.4,495.1,292.72,19.82,0.108267,0.186968,0.143442,0.143163,0.016454,0.37813,0.0694,0.07,
0.33,5,0,70,70,70,484,484,5915.65,111,470.1,275.8,20.36,0.115613,0.205662,0.147881,0.144654,0.019263,0.38378,0.0693,0.07,
0.33,5,1,70,70,70,501,501,5453.07,113.3,490.1,270.91,19.2,0.108014,0.185703,0.144319,0.141517,0.01723,0.37923,0.0694,0.07,
0.33,5,2,70,70,70,575,575,5373.71,79.8,565.1,298.44,19.42,0.107599,0.223384,0.147094,0.146931,0.019777,0.38269,0.0693,0.07,
0.33,5,3,70,70,70,553,553,5469.73,119.3,540.1,294.85,19.32,0.115048,0.190259,0.145696,0.14555,0.019445,0.38088,0.0695,0.07,
0.33,5,4,70,70,70,533,533,6255.13,119.4,520.1,313.71,22.18,0.11164,0.19199,0.145839,0.145798,0.018358,0.38115,0.0693,0.07,
0.33,5,5,70,70,70,587,587,5378.63,100.1,577.1,312.73,20.5,0.111494,0.188507,0.145211,0.143753,0.018225,0.38033,0.0694,0.07,
0.33,5,6,70,70,70,496,496,5854.1,137.8,485.1,307.24,21.37,0.09866,0.190779,0.14631,0.14614,0.019843,0.38163,0.0692,0.07,
0.33,5,7,70,70,70,498,498,6014.68,79.8,485.1,295.7,21.12,0.102091,0.187413,0.144797,0.144639,0.020184,0.3796,0.0691,0.07,
0.33,5,8,70,70,70,512,512,5385.87,121,500.1,303.55,20.53,0.104536,0.188871,0.144882,0.142284,0.018478,0.37988,0.0694,0.07,
0.33,5,9,70,70,70,542,542,5800.41,120.1,530.1,297.67,21.09,0.105794,0.190046,0.143586,0.141253,0.017972,0.37821,0.0694,0.07,
0.33,5.5,0,70,70,70,506,506,5915.65,110.5,495.1,286.36,21.97,0.116269,0.203611,0.148073,0.144728,0.019825,0.38398,0.0692,0.07,
0.33,5.5,1,70,70,70,501,501,5453.07,112.8,491,277.93,20.61,0.106446,0.188027,0.144142,0.141666,0.017803,0.37894,0.0693,0.07,
0.33,5.5,2,70,70,70,665,665,5373.71,79.8,655.1,304.99,20.85,0.099697,0.219483,0.147712,0.147856,0.020862,0.3834,0.0693,0.07,
0.33,5.5,3,70,70,70,558,558,5469.73,120.1,545.1,300.67,20.75,0.109385,0.192815,0.144817,0.142586,0.020262,0.37964,0.0693,0.07,
0.33,5.5,4,70,70,70,533,533,6255.13,116.7,520.1,317.98,23.02,0.106062,0.195339,0.146021,0.146204,0.019891,0.38126,0.0692,0.07,
0.33,5.5,5,70,70,70,590,590,5378.63,100.1,580.1,315.11,21.78,0.108124,0.190648,0.145123,0.143523,0.019656,0.3801,0.0693,0.07,
0.33,5.5,6,70,70,70,496,496,5854.1,140.1,485.1,315.85,22.41,0.099858,0.197298,0.147043,0.147312,0.0212,0.38247,0.0692,0.07,
0.33,5.5,7,70,70,70,498,498,6014.68,79.8,485.1,299.12,22.09,0.102797,0.189902,0.145203,0.143858,0.020501,0.38012,0.0693,0.07,
0.33,5.5,8,70,70,70,538,538,5385.87,121,525.1,313.37,21.47,0.10596,0.19094,0.145181,0.144003,0.018803,0.38025,0.0694,0.07,
0.33,5.5,9,70,70,70,607,607,5800.41,120.1,595.1,305.05,22.02,0.099997,0.191409,0.14301,0.142116,0.019177,0.37734,0.0693,0.07,
0.33,6,0,70,70,70,506,506,5915.65,110.1,495.1,293.56,22.67,0.112733,0.205523,0.147302,0.145847,0.019952,0.38296,0.069,0.07,
0.33,6,1,70,70,70,505,505,5453.07,117.9,494.9,282.36,21.09,0.101366,0.189965,0.142983,0.142285,0.018507,0.37734,0.069,0.07,
0.33,6,2,70,70,70,670,670,5373.71,79.8,660.1,306.2,21.4,0.10354,0.216034,0.14812,0.149402,0.020665,0.38394,0.0693,0.07,
0.33,6,3,70,70,70,558,558,5469.73,120.1,545.1,306.54,21.09,0.1093,0.195126,0.144003,0.142004,0.020961,0.37851,0.0692,0.07,
0.33,6,4,70,70,70,566,566,6255.13,115.1,555.1,326.02,21.32,0.107955,0.197981,0.145804,0.145366,0.019946,0.38098,0.0692,0.07,
0.33,6,5,70,70,70,600,600,5378.63,100.1,590.1,321.54,19.95,0.105136,0.192569,0.144469,0.141814,0.020259,0.37919,0.0691,0.07,
0.33,6,6,70,70,70,515,515,5854.1,140.1,505.1,320.87,20.46,0.092669,0.205292,0.147036,0.146413,0.022749,0.3823,0.0692,0.07,
0.33,6,7,70,70,70,503,503,6014.68,79.8,490.1,302.74,20.21,0.100325,0.192535,0.145885,0.143614,0.02217,0.38087,0.0692,0.07,
0.33,6,8,70,70,70,554,554,5385.87,131.1,545.1,323.81,20.03,0.110817,0.19204,0.14411,0.14218,0.017916,0.37891,0.0693,0.07,
0.33,6,9,70,70,70,607,607,5800.41,120.1,595.1,312.89,20.36,0.103288,0.191665,0.142319,0.139896,0.018934,0.37644,0.0693,0.07,
0.33,6.5,0,70,70,70,506,506,5915.65,106,495.1,297.95,20.95,0.115694,0.206792,0.146885,0.145224,0.019203,0.38247,0.069,0.07,
0.33,6.5,1,70,70,70,508,508,5453.07,120.3,497.2,287.71,19.58,0.106484,0.189039,0.143318,0.140998,0.018487,0.3778,0.0691,0.07,
0.33,6.5,2,70,70,70,675,675,5373.71,81.6,665.1,309.13,19.7,0.104989,0.233985,0.148338,0.149425,0.021624,0.38416,0.0693,0.07,
0.33,6.5,3,70,70,70,559,559,5469.73,137.4,546.8,314.5,19.83,0.111298,0.196653,0.144093,0.140869,0.022011,0.37854,0.0691,0.07,
0.33,6.5,4,70,70,70,599,599,6255.13,114.1,585.1,334.62,21.27,0.104711,0.200207,0.145686,0.141927,0.021605,0.38067,0.0691,0.07,
0.33,6.5,5,70,70,70,600,600,5378.63,100.1,590.1,324.44,19.81,0.106248,0.194241,0.144565,0.141781,0.019704,0.37937,0.0692,0.07,
0.33,6.5,6,70,70,70,515,515,5854.1,140.9,505.1,324.12,20.5,0.094392,0.209972,0.146692,0.142682,0.02259,0.38188,0.0691,0.07,
0.33,6.5,7,70,70,70,519,519,6014.68,79.8,505.1,306.57,20.22,0.100429,0.200462,0.145689,0.142445,0.02279,0.38055,0.0691,0.07,
0.33,6.5,8,70,70,70,554,554,5385.87,134,545.1,325.47,19.81,0.114434,0.196038,0.144146,0.141218,0.01813,0.37895,0.0692,0.07,
0.33,6.5,9,70,70,70,607,607,5800.41,115.1,595.1,314.79,20.19,0.103677,0.19662,0.143605,0.140858,0.020308,0.37804,0.0695,0.07,
0.33,7,0,70,70,70,506,506,5915.65,105.1,495.1,303.44,20.73,0.112661,0.208395,0.146609,0.144159,0.01901,0.38213,0.069,0.07,
0.33,7,1,70,70,70,511,511,5453.07,121.6,500.1,295.41,19.64,0.091055,0.18891,0.14221,0.141212,0.018945,0.37627,0.0688,0.07,
0.33,7,2,70,70,70,675,675,5373.71,85.2,665.1,313.72,19.7,0.093448,0.235919,0.147555,0.147173,0.023204,0.38297,0.069,0.07,
0.33,7,3,70,70,70,563,563,5469.73,136,550.1,317.41,19.69,0.111225,0.197502,0.14498,0.141539,0.022496,0.37966,0.0693,0.07,
0.33,7,4,70,70,70,599,599,6255.13,112.5,585.1,335.81,21.14,0.106569,0.202262,0.146592,0.144337,0.02196,0.38182,0.0693,0.07,
0.33,7,5,70,70,70,600,600,5378.63,100.1,590.1,330.45,19.83,0.103383,0.195472,0.143857,0.14142,0.020355,0.37837,0.0692,0.07,
0.33,7,6,70,70,70,571,571,5854.1,148.3,560.1,327.64,20.41,0.094191,0.212553,0.147306,0.145369,0.023225,0.38263,0.0692,0.07,
0.33,7,7,70,70,70,519,519,6014.68,79.8,505.1,311.17,20.17,0.100061,0.203102,0.144757,0.142856,0.02361,0.37923,0.0688,0.07,
0.33,7,8,70,70,70,588,588,5385.87,137.2,575.1,335.12,19.86,0.108323,0.19608,0.142925,0.139741,0.018202,0.37732,0.069,0.07,
0.33,7,9,70,70,70,612,612,5800.41,115.1,600.1,320.05,20.26,0.103287,0.198017,0.142513,0.140956,0.021188,0.37651,0.0692,0.07,
0.34,3,0,70,70,70,461,461,5915.65,110.1,450.1,241.52,19.65,0.119211,0.190409,0.147103,0.145863,0.015893,0.383,0.0693,0.07,
0.34,3,1,70,70,70,491,491,5453.07,110.4,480.1,245.04,18.56,0.11581,0.183272,0.144768,0.144203,0.015462,0.37995,0.0696,0.07,
0.34,3,2,70,70,70,465,465,5373.71,79.8,455.1,261.68,18.59,0.109602,0.189306,0.144712,0.144439,0.014795,0.37992,0.0692,0.07,
0.34,3,3,70,70,70,423,423,5469.73,110.3,410.1,268.3,18.6,0.1143,0.182425,0.144048,0.141106,0.01658,0.37893,0.0693,0.07,
0.34,3,4,70,70,70,428,428,6255.13,95.1,415.1,283.17,20.16,0.113231,0.183086,0.145743,0.146942,0.014862,0.38127,0.0693,0.07,
0.34,3,5,70,70,70,485,485,5378.63,100.1,475.1,275.71,18.57,0.114008,0.184013,0.145834,0.144083,0.015644,0.38134,0.0694,0.07,
0.34,3,6,70,70,70,481,481,5854.1,80.1,470.1,272.34,19.33,0.107798,0.195037,0.145815,0.143959,0.018375,0.38111,0.0692,0.07,
0.34,3,7,70,70,70,403,403,6014.68,81.3,390.4,252.55,19.02,0.108535,0.18748,0.145081,0.143757,0.016545,0.38029,0.0694,0.07,
0.34,3,8,70,70,70,425,425,5385.87,121.6,415.1,281.14,18.79,0.112455,0.181268,0.142887,0.140203,0.014745,0.37751,0.0692,0.07,
0.34,3,9,70,70,70,489,489,5800.41,95.1,480.7,267.29,19.14,0.111561,0.181389,0.144288,0.142277,0.015013,0.37935,0.0693,0.07,
0.34,3.5,0,70,70,70,466,466,5915.65,112.7,455.1,253.69,19.71,0.121518,0.194661,0.14813,0.14692,0.017473,0.38424,0.0694,0.07,
0.34,3.5,1,70,70,70,496,496,5453.07,111.9,485.1,260.27,18.81,0.111273,0.180265,0.142951,0.142114,0.015237,0.37756,0.0692,0.07,
0.34,3.5,2,70,70,70,530,530,5373.71,79.8,520.1,278.52,18.86,0.109719,0.211357,0.145612,0.145576,0.017184,0.38095,0.0693,0.07,
0.34,3.5,3,70,70,70,506,506,5469.73,114.5,493.2,283.56,18.93,0.120383,0.186231,0.145092,0.142479,0.016946,0.38029,0.0694,0.07,
0.34,3.5,4,70,70,70,483,483,6255.13,100.1,470.1,296.91,20.32,0.114607,0.187769,0.145229,0.146787,0.017274,0.38043,0.0691,0.07,
0.34,3.5,5,70,70,70,525,525,5378.63,100.1,515.1,294.62,19.15,0.115023,0.182843,0.14485,0.142464,0.015865,0.38004,0.0694,0.07,
0.34,3.5,6,70,70,70,491,491,5854.1,82.9,480.1,289.13,19.61,0.107396,0.208784,0.146651,0.14546,0.020349,0.38206,0.0692,0.07,
0.34,3.5,7,70,70,70,456,456,6014.68,80.1,443.9,273.14,19.45,0.105795,0.189064,0.144466,0.14456,0.017918,0.37937,0.0693,0.07,
0.34,3.5,8,70,70,70,507,507,5385.87,122.9,495.1,295.16,19.12,0.111321,0.183952,0.143296,0.142416,0.015903,0.37798,0.0693,0.07,
0.34,3.5,9,70,70,70,498,498,5800.41,125.1,489.9,289.43,19.54,0.105888,0.180537,0.142447,0.14198,0.014767,0.37693,0.0692,0.07,
0.34,4,0,70,70,70,471,471,5915.65,113.9,460.1,267.47,20,0.119176,0.200655,0.148738,0.145815,0.018056,0.38499,0.0695,0.07,
0.34,4,1,70,70,70,501,501,5453.07,115.1,490.1,267.63,18.98,0.110212,0.181473,0.144134,0.143809,0.015655,0.3791,0.0695,0.07,
0.34,4,2,70,70,70,540,540,5373.71,79.8,530.1,291.64,19.06,0.098459,0.215358,0.146456,0.146139,0.018043,0.38199,0.0692,0.07,
0.34,4,3,70,70,70,513,513,5469.73,120.1,500.1,292.87,19.01,0.118257,0.187706,0.144397,0.143954,0.017314,0.37934,0.0693,0.07,
0.34,4,4,70,70,70,491,491,6255.13,105.3,478.4,311.99,20.72,0.115367,0.176927,0.144708,0.145145,0.016038,0.37983,0.0692,0.07,
0.34,4,5,70,70,70,528,528,5378.63,100.1,518.9,307.03,19.3,0.11017,0.178916,0.145388,0.143681,0.016365,0.3807,0.0694,0.07,
0.34,4,6,70,70,70,491,491,5854.1,137.4,480.1,300.86,19.9,0.099797,0.183851,0.145764,0.144721,0.01967,0.38092,0.0692,0.07,
0.34,4,7,70,70,70,458,458,6014.68,80.1,445.1,286.19,19.76,0.1031,0.184074,0.143942,0.143632,0.019209,0.37856,0.0691,0.07,
0.34,4,8,70,70,70,512,512,5385.87,123.5,500.1,306.63,19.44,0.1094,0.186127,0.143224,0.141957,0.015856,0.37789,0.0692,0.07,
0.34,4,9,70,70,70,504,504,5800.41,124,495.5,297.79,19.94,0.108781,0.185894,0.143926,0.142221,0.016121,0.3788,0.0694,0.07,
0.34,4.5,0,70,70,70,506,506,5915.65,113.7,495.1,281.51,20.38,0.117082,0.203645,0.146999,0.14643,0.018478,0.38269,0.0691,0.07,
0.34,4.5,1,70,70,70,504,504,5453.07,115.1,493.3,278.55,19.28,0.107541,0.182042,0.143478,0.141614,0.016178,0.37819,0.0692,0.07,
0.34,4.5,2,70,70,70,575,575,5373.71,79.8,565.1,304.51,19.43,0.107644,0.210912,0.146341,0.145584,0.018628,0.38179,0.0692,0.07,
0.34,4.5,3,70,70,70,553,553,5469.73,130.1,540.1,307.79,19.33,0.109889,0.190831,0.144488,0.142042,0.01903,0.37932,0.0693,0.07,
0.34,4.5,4,70,70,70,533,533,6255.13,145.1,520.1,322.29,20.8,0.110358,0.179834,0.144968,0.144695,0.016973,0.3801,0.0692,0.07,
0.34,4.5,5,70,70,70,535,535,5378.63,100.1,525.1,318.45,19.41,0.112357,0.181917,0.144438,0.14092,0.017529,0.37937,0.0693,0.07,
0.34,4.5,6,70,70,70,496,496,5854.1,138.7,485.1,311.93,19.99,0.101861,0.192814,0.146315,0.145274,0.019988,0.38163,0.0692,0.07,
0.34,4.5,7,70,70,70,498,498,6014.68,80.1,485.1,300.92,20.04,0.103123,0.187468,0.145238,0.144851,0.019222,0.38027,0.0694,0.07,
0.34,4.5,8,70,70,70,512,512,5385.87,123.7,500.1,313.68,19.44,0.105591,0.188292,0.144192,0.142852,0.016598,0.37912,0.0695,0.07,
0.34,4.5,9,70,70,70,542,542,5800.41,123,530.1,304.19,20.01,0.105942,0.18938,0.143797,0.141195,0.017499,0.37853,0.0694,0.07,
0.34,5,0,70,70,70,506,506,5915.65,113.3,495.1,293.53,20.51,0.111508,0.207539,0.14793,0.146366,0.01948,0.38383,0.0693,0.07,
0.34,5,1,70,70,70,508,508,5453.07,115.1,497.4,290.29,19.43,0.099294,0.177564,0.143009,0.143307,0.017438,0.37746,0.0692,0.07,
0.34,5,2,70,70,70,670,670,5373.71,79.8,660.1,317.71,19.63,0.099879,0.224663,0.146788,0.146406,0.019988,0.38228,0.0692,0.07,
0.34,5,3,70,70,70,558,558,5469.73,139.3,545.1,312.66,19.52,0.110021,0.19137,0.143051,0.140382,0.019356,0.37738,0.069,0.07,
0.34,5,4,70,70,70,533,533,6255.13,145.1,520.1,330.41,22.62,0.10763,0.185384,0.144823,0.14674,0.01821,0.37981,0.0691,0.07,
0.34,5,5,70,70,70,590,590,5378.63,101.6,580.1,324.56,21.23,0.110492,0.186037,0.14454,0.141039,0.018591,0.37943,0.0692,0.07,
0.34,5,6,70,70,70,496,496,5854.1,139.7,485.1,320.22,21.81,0.093689,0.201209,0.146558,0.146542,0.02175,0.38178,0.0691,0.07,
0.34,5,7,70,70,70,502,502,6014.68,80.1,489.7,308.96,21.62,0.104101,0.190188,0.144969,0.143919,0.01988,0.37987,0.0692,0.07,
0.34,5,8,70,70,70,549,549,5385.87,123.6,540.1,325.81,21.41,0.107221,0.190675,0.143688,0.14294,0.017252,0.37841,0.0691,0.07,
0.34,5,9,70,70,70,607,607,5800.41,121.8,595.1,312.95,21.79,0.100668,0.189745,0.142466,0.141201,0.018553,0.37667,0.0692,0.07,
0.34,5.5,0,70,70,70,506,506,5915.65,112.6,495.1,300.19,22.26,0.113441,0.206788,0.147616,0.146446,0.020565,0.38332,0.0691,0.07,
0.34,5.5,1,70,70,70,511,511,5453.07,115.1,500.1,296.29,21.29,0.103196,0.178854,0.142745,0.141371,0.017536,0.37711,0.0692,0.07,
0.34,5.5,2,70,70,70,670,670,5373.71,79.8,660.6,324.32,21.58,0.104568,0.228753,0.147475,0.1479,0.020956,0.3831,0.0693,0.07,
0.34,5.5,3,70,70,70,558,558,5469.73,141.6,545.1,318.6,21.35,0.112822,0.193777,0.144791,0.143996,0.020625,0.37958,0.0694,0.07,
0.34,5.5,4,70,70,70,594,594,6255.13,145.1,580.1,341.47,21.51,0.110193,0.189513,0.145239,0.144267,0.018466,0.38034,0.0692,0.07,
0.34,5.5,5,70,70,70,595,595,5378.63,101.8,585.1,330.57,20.25,0.107934,0.188965,0.144969,0.141109,0.018789,0.37997,0.0693,0.07,
0.34,5.5,6,70,70,70,515,515,5854.1,142.8,505.1,326.82,20.93,0.095519,0.193269,0.146741,0.145949,0.021879,0.38201,0.0692,0.07,
0.34,5.5,7,70,70,70,519,519,6014.68,80.1,505.1,314.74,20.55,0.102234,0.195292,0.144751,0.143632,0.021555,0.37943,0.0691,0.07,
0.34,5.5,8,70,70,70,554,554,5385.87,125.7,545.1,335.36,20.29,0.109174,0.191381,0.143394,0.14086,0.017415,0.378,0.0691,0.07,
0.34,5.5,9,70,70,70,607,607,5800.41,120.1,595.1,317.27,20.69,0.104681,0.191378,0.143799,0.141684,0.018976,0.3784,0.0695,0.07,
0.34,6,0,70,70,70,506,506,5915.65,111.6,495.3,306.78,21.17,0.113707,0.205437,0.147592,0.144396,0.020114,0.38332,0.0691,0.07,
0.34,6,1,70,70,70,528,528,5453.07,122,515.1,302.94,19.98,0.10782,0.181293,0.142511,0.141006,0.018205,0.37675,0.0692,0.07,
0.34,6,2,70,70,70,675,675,5373.71,79.8,665.1,323.45,20.25,0.092176,0.225085,0.147953,0.148909,0.022627,0.38355,0.0693,0.07,
0.34,6,3,70,70,70,563,563,5469.73,141,550.1,324.43,20.22,0.110645,0.195976,0.144596,0.141969,0.021046,0.37929,0.0693,0.07,
0.34,6,4,70,70,70,594,594,6255.13,117.1,580.1,348.83,21.34,0.108096,0.197051,0.14585,0.145143,0.020115,0.38101,0.0692,0.07,
0.34,6,5,70,70,70,600,600,5378.63,101.8,590.1,334.39,19.94,0.105825,0.190885,0.145082,0.143095,0.01992,0.38003,0.0693,0.07,
0.34,6,6,70,70,70,571,571,5854.1,147.4,560.1,332.28,20.44,0.096116,0.199776,0.147147,0.144197,0.023306,0.38241,0.0692,0.07,
0.34,6,7,70,70,70,523,523,6014.68,80.1,510.1,320.93,20.21,0.101744,0.199789,0.144884,0.144815,0.021263,0.37963,0.0692,0.07,
0.34,6,8,70,70,70,569,569,5385.87,131.7,556.7,342.79,20,0.110161,0.193838,0.143391,0.140809,0.017024,0.37803,0.0691,0.07,
0.34,6,9,70,70,70,612,612,5800.41,120.1,600.1,324.29,20.32,0.100273,0.192052,0.142873,0.141267,0.020376,0.37705,0.0693,0.07,
0.34,6.5,0,70,70,70,511,511,5915.65,110.7,500.1,313.41,20.79,0.10924,0.204474,0.14772,0.145947,0.019515,0.38353,0.0691,0.07,
0.34,6.5,1,70,70,70,528,528,5453.07,121.4,515.1,310.83,19.89,0.103601,0.183614,0.142883,0.142297,0.018365,0.37723,0.0692,0.07,
0.34,6.5,2,70,70,70,746,746,5373.71,82.3,735.1,325.97,19.82,0.095303,0.221664,0.148365,0.149424,0.022066,0.38413,0.0692,0.07,
0.34,6.5,3,70,70,70,678,678,5469.73,140.1,665.1,335.6,19.93,0.105001,0.198253,0.145664,0.143213,0.022207,0.38059,0.0694,0.07,
0.34,6.5,4,70,70,70,599,599,6255.13,115.2,585.1,351.82,21.46,0.109189,0.199336,0.14599,0.145675,0.02025,0.38119,0.0692,0.07,
0.34,6.5,5,70,70,70,600,600,5378.63,101.7,590.1,343.74,19.94,0.10447,0.191973,0.145108,0.142411,0.021029,0.37996,0.0694,0.07,
0.34,6.5,6,70,70,70,571,571,5854.1,150.1,560.1,335.78,20.62,0.087838,0.203722,0.146631,0.147514,0.023337,0.38172,0.0691,0.07,
0.34,6.5,7,70,70,70,523,523,6014.68,80.1,510.1,320.21,20.16,0.09072,0.193087,0.145236,0.142496,0.022525,0.37996,0.0691,0.07,
0.34,6.5,8,70,70,70,588,588,5385.87,134.5,575.1,348.49,20.21,0.111777,0.196475,0.143396,0.139886,0.018142,0.37795,0.0691,0.07,
0.34,6.5,9,70,70,70,612,612,5800.41,120.1,600.1,328.21,20.39,0.101569,0.193932,0.142697,0.139734,0.020708,0.37679,0.0692,0.07,
0.34,7,0,70,70,70,568,568,5915.65,106.7,555.1,320.81,21.12,0.111885,0.212585,0.146782,0.144966,0.020243,0.38225,0.0689,0.07,
0.34,7,1,70,70,70,533,533,5453.07,126.1,520.1,315.27,19.76,0.09436,0.179939,0.141829,0.14132,0.019239,0.37573,0.069,0.07,
0.34,7,2,70,70,70,746,746,5373.71,85.7,735.1,333.24,20.03,0.098006,0.239853,0.148369,0.149413,0.022945,0.38408,0.0691,0.07,
0.34,7,3,70,70,70,678,678,5469.73,139.7,665.1,342.64,20.13,0.106531,0.200579,0.144758,0.141403,0.021183,0.37949,0.0692,0.07,
0.34,7,4,70,70,70,604,604,6255.13,114.5,590.1,359.17,21.81,0.110222,0.201578,0.14559,0.145427,0.020606,0.38063,0.069,0.07,
0.34,7,5,70,70,70,605,605,5378.63,101.5,595.1,349.44,20.34,0.099867,0.192348,0.144471,0.142355,0.021474,0.37908,0.0693,0.07,
0.34,7,6,70,70,70,571,571,5854.1,150.1,560.1,339.48,20.77,0.089077,0.206879,0.147972,0.148206,0.02432,0.38338,0.0693,0.07,
0.34,7,7,70,70,70,583,583,6014.68,80.1,570.1,327.15,20.57,0.090531,0.194132,0.144348,0.143784,0.022791,0.37876,0.069,0.07,
0.34,7,8,70,70,70,593,593,5385.87,137.6,580.1,350.23,20.48,0.111429,0.198387,0.143659,0.139745,0.019256,0.37821,0.0691,0.07,
0.34,7,9,70,70,70,612,612,5800.41,118.6,600.1,333.86,20.77,0.100957,0.197724,0.14284,0.137364,0.021859,0.37688,0.0692,0.07,
0.35,3,0,70,70,70,462,462,5915.65,111.3,451.7,250.58,20.03,0.117676,0.194789,0.148385,0.146229,0.016616,0.38463,0.0696,0.07,
0.35,3,1,70,70,70,496,496,5453.07,115.1,485.1,254.96,18.96,0.115809,0.17756,0.143537,0.142789,0.015344,0.37833,0.0693,0.07,
0.35,3,2,70,70,70,472,472,5373.71,79.8,462.2,273.98,18.97,0.11385,0.176876,0.144958,0.146231,0.015076,0.38022,0.0694,0.07,
0.35,3,3,70,70,70,455,455,5469.73,114.4,442.1,279.29,18.99,0.115319,0.181644,0.144962,0.142617,0.015892,0.38019,0.0694,0.07,
0.35,3,4,70,70,70,428,428,6255.13,96.6,415.1,294.35,20.19,0.114063,0.185442,0.145734,0.145442,0.015741,0.3812,0.0692,0.07,
0.35,3,5,70,70,70,489,489,5378.63,100.1,479.5,291.13,18.97,0.114025,0.18112,0.144478,0.142598,0.015158,0.37959,0.0693,0.07,
0.35,3,6,70,70,70,486,486,5854.1,80.4,475.1,284.61,19.65,0.101174,0.201222,0.14576,0.14601,0.01963,0.38094,0.0691,0.07,
0.35,3,7,70,70,70,453,453,6014.68,83.4,440.1,267.06,19.23,0.108251,0.186869,0.145,0.145232,0.017733,0.38008,0.0694,0.07,
0.35,3,8,70,70,70,462,462,5385.87,124.3,450.1,290.84,19.09,0.113002,0.182453,0.143741,0.140771,0.014872,0.37864,0.0693,0.07,
0.35,3,9,70,70,70,494,494,5800.41,125.1,485.1,285.94,19.44,0.107633,0.183215,0.142953,0.142079,0.015103,0.37758,0.0692,0.07,
0.35,3.5,0,70,70,70,471,471,5915.65,115.8,460.1,266.21,19.99,0.119685,0.198709,0.148314,0.146238,0.016723,0.38454,0.0695,0.07,
0.35,3.5,1,70,70,70,501,501,5453.07,115.1,490.1,269.2,18.84,0.111343,0.180174,0.143592,0.142557,0.015285,0.37841,0.0694,0.07,
0.35,3.5,2,70,70,70,535,535,5373.71,79.8,525.1,291.23,19.06,0.096796,0.179249,0.145257,0.146136,0.015012,0.38061,0.0692,0.07,
0.35,3.5,3,70,70,70,508,508,5469.73,120.1,495.1,294.81,19.03,0.116957,0.186724,0.143428,0.141714,0.016478,0.37812,0.0691,0.07,
0.35,3.5,4,70,70,70,523,523,6255.13,100.4,510.1,308.44,20.57,0.113457,0.173979,0.14492,0.146043,0.015614,0.38013,0.0691,0.07,
0.35,3.5,5,70,70,70,530,530,5378.63,100.3,520.1,307.42,19.36,0.114742,0.178864,0.145209,0.142402,0.016218,0.38048,0.0693,0.07,
0.35,3.5,6,70,70,70,491,491,5854.1,138.6,480.1,300.73,19.85,0.102954,0.194242,0.145581,0.145288,0.018685,0.38077,0.0692,0.07,
0.35,3.5,7,70,70,70,458,458,6014.68,82.1,445.1,286.69,19.54,0.103969,0.18552,0.144924,0.14496,0.018332,0.37993,0.0693,0.07,
0.35,3.5,8,70,70,70,507,507,5385.87,125.1,495.1,304.84,19.38,0.110382,0.183354,0.143257,0.140741,0.015157,0.37798,0.0692,0.07,
0.35,3.5,9,70,70,70,504,504,5800.41,125.1,495.1,298.97,19.65,0.107217,0.185998,0.143383,0.141381,0.01599,0.37809,0.0693,0.07,
0.35,4,0,70,70,70,496,496,5915.65,117.3,485.1,284.32,20.27,0.119301,0.200821,0.147285,0.145213,0.017623,0.38313,0.0691,0.07,
0.35,4,1,70,70,70,506,506,5453.07,125.1,495.1,283.12,19.33,0.109697,0.17453,0.142648,0.141781,0.015593,0.37712,0.0692,0.07,
0.35,4,2,70,70,70,576,576,5373.71,79.8,566.3,308.91,19.37,0.104999,0.218042,0.146153,0.147346,0.018388,0.38157,0.0691,0.07,
0.35,4,3,70,70,70,553,553,5469.73,132.8,540.1,308.78,19.37,0.111406,0.184635,0.143777,0.142399,0.017715,0.37848,0.0692,0.07,
0.35,4,4,70,70,70,533,533,6255.13,106,520.1,326.19,20.9,0.110201,0.18048,0.14435,0.143368,0.016864,0.37929,0.069,0.07,
0.35,4,5,70,70,70,535,535,5378.63,100.8,525.1,318.49,19.47,0.113167,0.185758,0.145389,0.141404,0.017393,0.38064,0.0694,0.07,
0.35,4,6,70,70,70,496,496,5854.1,139.9,485.1,314.06,20.24,0.103462,0.192314,0.145998,0.145998,0.019594,0.38124,0.0691,0.07,
0.35,4,7,70,70,70,498,498,6014.68,80.7,485.1,304.65,19.97,0.10621,0.186756,0.145941,0.145182,0.019182,0.38121,0.0695,0.07,
0.35,4,8,70,70,70,512,512,5385.87,125.1,500.1,318.1,19.48,0.106073,0.186969,0.144216,0.14353,0.01589,0.3792,0.0694,0.07,
0.35,4,9,70,70,70,559,559,5800.41,125.1,550.1,306.28,20.01,0.105455,0.188803,0.143449,0.141589,0.017329,0.37808,0.0694,0.07,
0.35,4.5,0,70,70,70,506,506,5915.65,117.6,495.1,296.74,20.61,0.112603,0.203898,0.147922,0.145685,0.018834,0.38387,0.0693,0.07,
0.35,4.5,1,70,70,70,513,513,5453.07,126.4,500.9,297.95,19.48,0.111532,0.179537,0.143452,0.142492,0.016258,0.37815,0.0694,0.07,
0.35,4.5,2,70,70,70,666,666,5373.71,79.8,656.5,318.81,19.6,0.098952,0.219689,0.147045,0.148413,0.019082,0.38268,0.0692,0.07,
0.35,4.5,3,70,70,70,558,558,5469.73,130.6,545.1,318.62,19.44,0.112457,0.18949,0.143942,0.142349,0.018915,0.37861,0.0693,0.07,
0.35,4.5,4,70,70,70,533,533,6255.13,145.1,520.1,334.93,20.85,0.108871,0.188237,0.14474,0.147695,0.018093,0.37971,0.0691,0.07,
0.35,4.5,5,70,70,70,590,590,5378.63,101.3,580.1,328.47,19.66,0.107195,0.182419,0.144586,0.141945,0.018588,0.37948,0.0692,0.07,
0.35,4.5,6,70,70,70,515,515,5854.1,142.9,505.1,323.21,20.1,0.096812,0.202656,0.147013,0.144455,0.021455,0.38241,0.0692,0.07,
0.35,4.5,7,70,70,70,518,518,6014.68,80.1,505.1,314.12,19.97,0.104817,0.192768,0.144618,0.143611,0.019705,0.37943,0.0692,0.07,
0.35,4.5,8,70,70,70,549,549,5385.87,125.1,540.1,335.28,19.82,0.107509,0.189333,0.144102,0.14271,0.015883,0.37905,0.0692,0.07,
0.35,4.5,9,70,70,70,607,607,5800.41,125.1,595.1,317.33,20.1,0.100881,0.190786,0.142491,0.141616,0.01791,0.37675,0.0693,0.07,
0.35,5,0,70,70,70,511,511,5915.65,117.5,500.1,306.87,20.66,0.117204,0.206511,0.147845,0.145709,0.019498,0.38372,0.0692,0.07,
0.35,5,1,70,70,70,523,523,5453.07,126,510.1,306.73,19.51,0.104363,0.179106,0.143484,0.142368,0.016402,0.37818,0.0694,0.07,
0.35,5,2,70,70,70,675,675,5373.71,79.8,665.1,327.59,19.83,0.10462,0.227211,0.147105,0.14968,0.02048,0.38265,0.0692,0.07,
0.35,5,3,70,70,70,577,577,5469.73,140.1,564.6,333.71,19.88,0.114583,0.19181,0.143996,0.141749,0.019665,0.37862,0.0693,0.07,
0.35,5,4,70,70,70,594,594,6255.13,145.1,580.1,350.47,21.29,0.107356,0.194103,0.144807,0.142994,0.018108,0.3798,0.0691,0.07,
0.35,5,5,70,70,70,595,595,5378.63,105.1,585.1,337.65,19.95,0.109089,0.183869,0.144381,0.141712,0.018262,0.37924,0.0692,0.07,
0.35,5,6,70,70,70,571,571,5854.1,147,560.1,333.27,20.4,0.098569,0.197442,0.14656,0.145686,0.021326,0.38183,0.0692,0.07,
0.35,5,7,70,70,70,523,523,6014.68,80.1,510.1,320.77,20.21,0.09369,0.198941,0.144648,0.143996,0.021003,0.37933,0.0693,0.07,
0.35,5,8,70,70,70,554,554,5385.87,125.1,545.1,342.98,19.95,0.111301,0.191013,0.143887,0.141797,0.016421,0.37872,0.0691,0.07,
0.35,5,9,70,70,70,607,607,5800.41,124.2,595.1,331.1,20.34,0.105359,0.190604,0.142935,0.140672,0.019135,0.37725,0.0693,0.07,
0.35,5.5,0,70,70,70,511,511,5915.65,114.9,500.1,314.54,20.74,0.10848,0.208712,0.147825,0.145662,0.020396,0.38361,0.0692,0.07,
0.35,5.5,1,70,70,70,528,528,5453.07,116.5,515.1,316.59,19.73,0.104987,0.179072,0.143344,0.142042,0.017499,0.3779,0.0694,0.07,
0.35,5.5,2,70,70,70,675,675,5373.71,80.1,665.1,334.44,19.89,0.092808,0.231548,0.147172,0.148702,0.021452,0.38264,0.0691,0.07,
0.35,5.5,3,70,70,70,678,678,5469.73,144.3,665.1,341.8,19.9,0.106506,0.192001,0.14372,0.144044,0.020953,0.37813,0.0692,0.07,
0.35,5.5,4,70,70,70,599,599,6255.13,145.1,585.1,359.33,21.59,0.107676,0.198504,0.14515,0.144621,0.019403,0.38014,0.0691,0.07,
0.35,5.5,5,70,70,70,600,600,5378.63,105.1,590.1,347.31,19.96,0.106302,0.186846,0.144933,0.142565,0.019474,0.37987,0.0694,0.07,
0.35,5.5,6,70,70,70,571,571,5854.1,150.1,560.1,339.45,20.65,0.089293,0.203616,0.146834,0.143905,0.022274,0.38209,0.0691,0.07,
0.35,5.5,7,70,70,70,523,523,6014.68,80.1,510.1,329.54,20.51,0.094455,0.205156,0.144554,0.142507,0.021146,0.37921,0.0692,0.07,
0.35,5.5,8,70,70,70,590,590,5385.87,126.6,577.3,349.95,20.22,0.113374,0.191834,0.144946,0.141612,0.017255,0.38007,0.0693,0.07,
0.35,5.5,9,70,70,70,612,612,5800.41,122.6,600.1,337.97,20.54,0.103318,0.192493,0.141882,0.140431,0.020149,0.37575,0.0691,0.07,
0.35,6,0,70,70,70,568,568,5915.65,113.9,555.1,325.87,21.01,0.111839,0.21077,0.149002,0.149056,0.020993,0.38509,0.0694,0.07,
0.35,6,1,70,70,70,582,582,5453.07,124.1,570.1,329.26,20.13,0.106744,0.181303,0.14312,0.140749,0.018152,0.37757,0.0693,0.07,
0.35,6,2,70,70,70,746,746,5373.71,80.1,735.1,344.21,20.11,0.09655,0.234398,0.14811,0.148417,0.021942,0.38383,0.0692,0.07,
0.35,6,3,70,70,70,678,678,5469.73,143.9,665.1,344.65,20.19,0.108581,0.193898,0.144319,0.139323,0.021339,0.3789,0.0693,0.07,
0.35,6,4,70,70,70,604,604,6255.13,146.4,590.1,365.99,21.66,0.110875,0.199674,0.145478,0.145867,0.020081,0.38053,0.0692,0.07,
0.35,6,5,70,70,70,605,605,5378.63,105.1,595.1,356.01,20.21,0.102616,0.189178,0.144545,0.140551,0.020501,0.37927,0.0693,0.07,
0.35,6,6,70,70,70,576,576,5854.1,150.1,565.1,342.49,20.83,0.090955,0.209271,0.146724,0.145937,0.022998,0.38188,0.0691,0.07,
0.35,6,7,70,70,70,583,583,6014.68,80.1,570.1,333.24,20.56,0.0948,0.194411,0.144279,0.144068,0.020813,0.37886,0.0691,0.07,
0.35,6,8,70,70,70,594,594,5385.87,132.3,581.7,356.09,20.35,0.113318,0.192742,0.14493,0.142717,0.017436,0.38003,0.0693,0.07,
0.35,6,9,70,70,70,612,612,5800.41,121,600.1,343.86,20.69,0.104146,0.194979,0.142999,0.138805,0.020267,0.37724,0.0694,0.07,
0.35,6.5,0,70,70,70,568,568,5915.65,112.8,555.1,335.16,21.33,0.113845,0.212605,0.147399,0.144647,0.020679,0.38303,0.0689,0.07,
0.35,6.5,1,70,70,70,597,597,5453.07,123.5,585.1,334.62,20.32,0.099062,0.182639,0.142476,0.140683,0.019441,0.37659,0.0691,0.07,
0.35,6.5,2,70,70,70,751,751,5373.71,83,740.1,353.29,20.38,0.099789,0.230791,0.148421,0.149657,0.02208,0.38423,0.069,0.07,
0.35,6.5,3,70,70,70,678,678,5469.73,143.3,665.1,353.92,20.28,0.110439,0.195863,0.145226,0.141904,0.020987,0.38013,0.0694,0.07,
0.35,6.5,4,70,70,70,604,604,6255.13,117.4,590.1,368.13,21.79,0.106053,0.204384,0.146449,0.146023,0.021284,0.3817,0.0692,0.07,
0.35,6.5,5,70,70,70,605,605,5378.63,103.8,595.1,358.31,20.24,0.105499,0.190901,0.144557,0.140851,0.02136,0.37921,0.0693,0.07,
0.35,6.5,6,70,70,70,576,576,5854.1,150.1,565.1,346.88,20.82,0.092375,0.211172,0.147382,0.146668,0.023428,0.3827,0.0692,0.07,
0.35,6.5,7,70,70,70,583,583,6014.68,80.1,570.1,339.57,20.61,0.094812,0.196287,0.143402,0.140813,0.021934,0.37759,0.0689,0.07,
0.35,6.5,8,70,70,70,598,598,5385.87,135,585.1,362.71,20.57,0.107396,0.196683,0.143329,0.141784,0.018263,0.37784,0.069,0.07,
0.35,6.5,9,70,70,70,612,612,5800.41,120.1,600.1,346.78,20.76,0.104799,0.197781,0.142023,0.138923,0.020949,0.37587,0.0691,0.07,
0.35,7,0,70,70,70,568,568,5915.65,111.6,555.1,345.58,21.47,0.108558,0.211624,0.147584,0.145841,0.020403,0.38329,0.0693,0.07,
0.35,7,1,70,70,70,597,597,5453.07,127.4,585.1,337.75,20.32,0.102064,0.179426,0.142073,0.139374,0.018148,0.37617,0.069,0.07,
0.35,7,2,70,70,70,751,751,5373.71,86.6,740.1,357.26,20.47,0.101595,0.227523,0.148571,0.148707,0.021544,0.38447,0.069,0.07,
0.35,7,3,70,70,70,678,678,5469.73,142.6,665.1,366.67,20.51,0.109828,0.196736,0.14418,0.141953,0.020929,0.37874,0.0691,0.07,
0.35,7,4,70,70,70,618,618,6255.13,115.6,605.1,370.34,21.9,0.107847,0.206332,0.146979,0.145778,0.022177,0.38231,0.0692,0.07,
0.35,7,5,70,70,70,640,640,5378.63,103.4,630.1,362.03,20.6,0.102385,0.192429,0.144109,0.141148,0.021534,0.37859,0.0692,0.07,
0.35,7,6,70,70,70,576,576,5854.1,155.1,565.1,353.32,20.98,0.092069,0.213693,0.147081,0.144553,0.023592,0.38229,0.0691,0.07,
0.35,7,7,70,70,70,583,583,6014.68,80.1,570.1,347.1,20.93,0.094592,0.198439,0.143527,0.141234,0.022863,0.37767,0.0689,0.07,
0.35,7,8,70,70,70,598,598,5385.87,138.2,585.1,367.04,20.69,0.109092,0.19888,0.143735,0.141389,0.018683,0.37835,0.0691,0.07,
0.35,7,9,70,70,70,617,617,5800.41,120.1,605.1,347.5,20.79,0.104441,0.198456,0.142016,0.137991,0.020822,0.37588,0.0691,0.07,
0.36,3,0,70,70,70,467,467,5915.65,114.2,456.2,264.17,20.14,0.120693,0.198702,0.148058,0.146341,0.017065,0.38418,0.0694,0.07,
0.36,3,1,70,70,70,501,501,5453.07,116.2,490.1,265.3,19.06,0.112519,0.180233,0.143983,0.143057,0.014952,0.37894,0.0695,0.07,
0.36,3,2,70,70,70,530,530,5373.71,79.8,520.1,286.98,19.2,0.111878,0.174212,0.144456,0.144932,0.014713,0.37958,0.0691,0.07,
0.36,3,3,70,70,70,508,508,5469.73,115.1,495.1,292.02,19.24,0.121357,0.182246,0.143495,0.142316,0.014835,0.37832,0.0691,0.07,
0.36,3,4,70,70,70,523,523,6255.13,97.1,510.1,303.36,20.6,0.115636,0.174677,0.145522,0.144426,0.015629,0.38093,0.0692,0.07,
0.36,3,5,70,70,70,525,525,5378.63,101.1,515.1,301.47,19.29,0.113029,0.177208,0.144122,0.140537,0.01577,0.37908,0.0692,0.07,
0.36,3,6,70,70,70,491,491,5854.1,80.8,480.1,293.32,19.83,0.10633,0.207231,0.146212,0.145931,0.019427,0.38156,0.0692,0.07,
0.36,3,7,70,70,70,453,453,6014.68,85.8,440.1,284.35,19.69,0.107729,0.188454,0.144413,0.145094,0.01744,0.37933,0.0692,0.07,
0.36,3,8,70,70,70,507,507,5385.87,125.8,495.1,306.57,19.62,0.111404,0.184281,0.14346,0.144889,0.014694,0.37827,0.0692,0.07,
0.36,3,9,70,70,70,499,499,5800.41,125.1,490.1,297.21,19.87,0.107048,0.184151,0.144055,0.140842,0.015955,0.37898,0.0694,0.07,
0.36,3.5,0,70,70,70,496,496,5915.65,118.5,485.1,283.56,20.36,0.119971,0.202168,0.147505,0.146321,0.017854,0.3834,0.0691,0.07,
0.36,3.5,1,70,70,70,506,506,5453.07,117.8,495.2,283.84,19.33,0.109548,0.172892,0.142551,0.14285,0.014499,0.37707,0.0692,0.07,
0.36,3.5,2,70,70,70,540,540,5373.71,79.8,530.1,308.51,19.52,0.101548,0.18307,0.145283,0.148299,0.016713,0.38052,0.0691,0.07,
0.36,3.5,3,70,70,70,553,553,5469.73,120.1,540.1,306.41,19.6,0.117072,0.185078,0.143764,0.142001,0.016761,0.37854,0.0692,0.07,
0.36,3.5,4,70,70,70,529,529,6255.13,100.7,516.6,321.57,21,0.108352,0.178006,0.145439,0.143701,0.016593,0.38075,0.0692,0.07,
0.36,3.5,5,70,70,70,535,535,5378.63,101.9,525.1,318.68,19.72,0.112406,0.185896,0.145444,0.14321,0.016445,0.38078,0.0694,0.07,
0.36,3.5,6,70,70,70,491,491,5854.1,141.9,480.6,308.79,20.22,0.098123,0.185678,0.14577,0.143658,0.019332,0.38096,0.0691,0.07,
0.36,3.5,7,70,70,70,462,462,6014.68,84.3,449.6,301.56,20.11,0.107762,0.188617,0.14563,0.145164,0.018315,0.38087,0.0694,0.07,
0.36,3.5,8,70,70,70,512,512,5385.87,126.7,500.1,318.84,19.78,0.10601,0.187445,0.144146,0.1426,0.015397,0.37914,0.0693,0.07,
0.36,3.5,9,70,70,70,558,558,5800.41,127.5,549.3,308.9,20.17,0.109992,0.187353,0.14341,0.141483,0.016725,0.37807,0.0694,0.07,
0.36,4,0,70,70,70,506,506,5915.65,119.3,495.1,302.65,20.91,0.112617,0.204663,0.147588,0.145667,0.018445,0.38346,0.0693,0.07,
0.36,4,1,70,70,70,513,513,5453.07,135,500.1,302.97,19.85,0.114461,0.178618,0.143605,0.142284,0.015503,0.37841,0.0694,0.07,
0.36,4,2,70,70,70,665,665,5373.71,79.8,655.1,324.05,19.93,0.109858,0.185155,0.14611,0.148155,0.015777,0.38168,0.0693,0.07,
0.36,4,3,70,70,70,557,557,5469.73,135.1,544.7,320.58,19.64,0.114164,0.188629,0.144493,0.143825,0.018385,0.37938,0.0693,0.07,
0.36,4,4,70,70,70,533,533,6255.13,106.5,520.1,338.53,21.34,0.109836,0.188811,0.145444,0.14784,0.017605,0.38068,0.0692,0.07,
0.36,4,5,70,70,70,590,590,5378.63,102.5,580.1,334.27,20.29,0.112337,0.181297,0.14385,0.140783,0.017453,0.3786,0.0691,0.07,
0.36,4,6,70,70,70,496,496,5854.1,145.9,485.1,323.11,20.63,0.099891,0.189982,0.146466,0.145178,0.020116,0.38182,0.0692,0.07,
0.36,4,7,70,70,70,518,518,6014.68,83.2,505.1,319.2,20.68,0.107,0.193909,0.144602,0.144814,0.017586,0.37958,0.0693,0.07,
0.36,4,8,70,70,70,529,529,5385.87,127.1,515.1,335.94,20.18,0.106325,0.190118,0.144484,0.1437,0.01613,0.37953,0.0692,0.07,
0.36,4,9,70,70,70,607,607,5800.41,125.1,595.1,324.93,20.61,0.107234,0.189674,0.142426,0.14132,0.01757,0.3767,0.0693,0.07,
0.36,4.5,0,70,70,70,511,511,5915.65,119.6,500.1,313.01,21.1,0.117574,0.207356,0.148366,0.14617,0.019157,0.38443,0.0694,0.07,
0.36,4.5,1,70,70,70,518,518,5453.07,134.9,506.2,310.31,19.93,0.103713,0.17838,0.143431,0.141801,0.016972,0.37806,0.0694,0.07,
0.36,4.5,2,70,70,70,675,675,5373.71,79.8,665.1,329.06,20.12,0.103528,0.225206,0.147239,0.149416,0.019944,0.38286,0.0692,0.07,
0.36,4.5,3,70,70,70,673,673,5469.73,133.9,660.1,341.09,20.16,0.113951,0.192779,0.143919,0.142283,0.019445,0.37854,0.0692,0.07,
0.36,4.5,4,70,70,70,594,594,6255.13,145.4,580.1,353.19,21.73,0.108308,0.1962,0.14485,0.143003,0.017925,0.37988,0.0691,0.07,
0.36,4.5,5,70,70,70,595,595,5378.63,103,585.1,347.71,20.23,0.110135,0.184761,0.144555,0.141397,0.018226,0.37947,0.0692,0.07,
0.36,4.5,6,70,70,70,571,571,5854.1,148.2,560.1,334.21,20.7,0.099828,0.199651,0.147076,0.143321,0.021146,0.38253,0.0692,0.07,
0.36,4.5,7,70,70,70,523,523,6014.68,82.2,510.1,327.06,20.68,0.096483,0.20162,0.144319,0.144068,0.020488,0.37895,0.0691,0.07,
0.36,4.5,8,70,70,70,554,554,5385.87,127.1,545.1,350.06,20.64,0.112974,0.192637,0.14433,0.142315,0.016306,0.37932,0.0692,0.07,
0.36,4.5,9,70,70,70,607,607,5800.41,125.1,595.1,335.47,20.78,0.103037,0.191943,0.142528,0.139491,0.018921,0.37672,0.0693,0.07,
0.36,5,0,70,70,70,521,521,5915.65,119.6,510.4,324.37,21.29,0.10994,0.210624,0.148535,0.145836,0.020461,0.38454,0.0693,0.07,
0.36,5,1,70,70,70,528,528,5453.07,134.7,515.1,326.45,20.21,0.107466,0.178849,0.142654,0.142092,0.017235,0.37701,0.0693,0.07,
0.36,5,2,70,70,70,675,675,5373.71,80.1,665.1,340.81,20.29,0.092689,0.224087,0.147263,0.148528,0.020352,0.38285,0.0691,0.07,
0.36,5,3,70,70,70,678,678,5469.73,140.7,665.1,345.27,20.54,0.109324,0.196523,0.145273,0.143919,0.020199,0.38026,0.0694,0.07,
0.36,5,4,70,70,70,599,599,6255.13,172.8,585.1,367.45,21.77,0.112776,0.201011,0.145944,0.146058,0.018975,0.38124,0.0694,0.07,
0.36,5,5,70,70,70,595,595,5378.63,185.1,585.1,363.07,20.43,0.107368,0.188551,0.144844,0.141641,0.019483,0.37975,0.0694,0.07,
0.36,5,6,70,70,70,571,571,5854.1,150.1,560.2,341.99,20.64,0.092343,0.204572,0.147877,0.145535,0.022797,0.38341,0.0694,0.07,
0.36,5,7,70,70,70,583,583,6014.68,81.2,570.1,335.06,20.77,0.097905,0.204691,0.144719,0.143064,0.021381,0.37941,0.0693,0.07,
0.36,5,8,70,70,70,593,593,5385.87,126.9,580.9,354.69,20.48,0.116262,0.195037,0.144937,0.142733,0.016166,0.38014,0.0693,0.07,
0.36,5,9,70,70,70,612,612,5800.41,125.1,600.1,344.69,20.71,0.105985,0.194937,0.141966,0.140432,0.02035,0.37584,0.0692,0.07,
0.36,5.5,0,70,70,70,568,568,5915.65,119.3,555.1,339.29,21.52,0.113916,0.211548,0.148179,0.145157,0.021704,0.38397,0.0691,0.07,
0.36,5.5,1,70,70,70,597,597,5453.07,134.4,585.1,334.17,20.25,0.109577,0.179768,0.142544,0.141527,0.017173,0.37688,0.0693,0.07,
0.36,5.5,2,70,70,70,746,746,5373.71,80.1,735.1,362.31,20.55,0.097137,0.233901,0.147437,0.148645,0.020909,0.38304,0.069,0.07,
0.36,5.5,3,70,70,70,678,678,5469.73,145.1,665.1,363.01,20.57,0.111052,0.199036,0.143136,0.1403,0.020456,0.37742,0.0689,0.07,
0.36,5.5,4,70,70,70,599,599,6255.13,171.2,585.1,372.91,21.93,0.106471,0.20387,0.145394,0.147055,0.019667,0.38044,0.0691,0.07,
0.36,5.5,5,70,70,70,605,605,5378.63,186.1,595.1,374.51,20.63,0.107466,0.191227,0.143388,0.141028,0.019324,0.37784,0.0691,0.07,
0.36,5.5,6,70,70,70,576,576,5854.1,150.1,565.1,346.33,20.92,0.093799,0.203248,0.146849,0.147739,0.022605,0.38208,0.0691,0.07,
0.36,5.5,7,70,70,70,583,583,6014.68,80.1,570.1,345.28,20.92,0.098711,0.207247,0.14526,0.145426,0.021477,0.38012,0.0694,0.07,
0.36,5.5,8,70,70,70,598,598,5385.87,127.8,585.1,365.03,20.71,0.108195,0.193866,0.143797,0.14257,0.017811,0.3785,0.0691,0.07,
0.36,5.5,9,70,70,70,612,612,5800.41,125.1,600.1,353.33,20.98,0.101909,0.197131,0.142253,0.140488,0.020393,0.37623,0.0692,0.07,
0.36,6,0,70,70,70,568,568,5915.65,118.8,555.1,343.52,21.62,0.107871,0.213931,0.147715,0.145134,0.021255,0.38339,0.0689,0.07,
0.36,6,1,70,70,70,597,597,5453.07,127.4,585.1,338.34,20.43,0.100365,0.181676,0.142822,0.139442,0.01785,0.37718,0.0692,0.07,
0.36,6,2,70,70,70,751,751,5373.71,80.1,740.1,366.7,20.79,0.101021,0.238298,0.148172,0.148564,0.022652,0.38386,0.069,0.07,
0.36,6,3,70,70,70,678,678,5469.73,145.1,665.1,374.56,20.85,0.110083,0.201372,0.144273,0.142258,0.020056,0.37896,0.0692,0.07,
0.36,6,4,70,70,70,618,618,6255.13,168.9,605.1,379.94,22.48,0.109322,0.205194,0.146061,0.144195,0.020484,0.38126,0.0692,0.07,
0.36,6,5,70,70,70,637,637,5378.63,188.6,627.1,378.25,21.19,0.105092,0.192931,0.143528,0.139975,0.019999,0.37797,0.0691,0.07,
0.36,6,6,70,70,70,578,578,5854.1,156,568,352.52,21.36,0.094191,0.208143,0.147761,0.146729,0.022961,0.38324,0.0693,0.07,
0.36,6,7,70,70,70,583,583,6014.68,80.1,570.1,351.1,21.39,0.098086,0.194031,0.144503,0.143175,0.022287,0.37902,0.0692,0.07,
0.36,6,8,70,70,70,598,598,5385.87,132.7,585.1,368.8,21.07,0.110815,0.191065,0.144277,0.140773,0.017662,0.37915,0.0693,0.07,
0.36,6,9,70,70,70,633,633,5800.41,123.3,620.1,358.27,21.62,0.104764,0.197939,0.141721,0.138058,0.021131,0.37546,0.0691,0.07,
0.36,6.5,0,70,70,70,568,568,5915.65,115.8,555.1,346.98,22.24,0.103514,0.215874,0.148442,0.146355,0.022212,0.38425,0.069,0.07,
0.36,6.5,1,70,70,70,602,602,5453.07,126.4,590.1,345.21,21.23,0.101544,0.184625,0.142733,0.139005,0.019216,0.37696,0.0692,0.07,
0.36,6.5,2,70,70,70,751,751,5373.71,83.6,740.1,367.61,21.28,0.093418,0.240166,0.149652,0.14901,0.023455,0.38571,0.0692,0.07,
0.36,6.5,3,70,70,70,683,683,5469.73,145.1,670.1,378.03,21.72,0.105436,0.203781,0.142055,0.138221,0.021257,0.37589,0.0687,0.07,
0.36,6.5,4,70,70,70,634,634,6255.13,167.3,623.7,384.77,22.64,0.109921,0.206654,0.146718,0.145685,0.021151,0.38206,0.0692,0.07,
0.36,6.5,5,70,70,70,640,640,5378.63,189.3,630.1,382.67,21.21,0.104596,0.193787,0.144012,0.140853,0.021368,0.37849,0.0692,0.07,
0.36,6.5,6,70,70,70,581,581,5854.1,155.8,570.1,364.19,21.5,0.088653,0.212055,0.147668,0.146359,0.022756,0.38313,0.0693,0.07,
0.36,6.5,7,70,70,70,583,583,6014.68,80.1,570.1,357.23,21.39,0.094151,0.193194,0.144773,0.141963,0.022883,0.37932,0.0692,0.07,
0.36,6.5,8,70,70,70,598,598,5385.87,135.4,585.1,375.4,21.1,0.113011,0.197476,0.143875,0.140332,0.018943,0.37852,0.0692,0.07,
0.36,6.5,9,70,70,70,633,633,5800.41,121.7,620.1,361.6,21.42,0.104045,0.197772,0.14217,0.138746,0.021893,0.37598,0.0692,0.07,
0.36,7,0,70,70,70,824,824,5915.65,114,810.1,360.74,22.41,0.104697,0.21784,0.148599,0.147613,0.021848,0.38449,0.0692,0.07,
0.36,7,1,70,70,70,602,602,5453.07,129,590.1,350.3,20.9,0.106829,0.181352,0.141534,0.139578,0.018949,0.37539,0.069,0.07,
0.36,7,2,70,70,70,751,751,5373.71,87.2,740.1,368.74,21.01,0.095906,0.23674,0.149467,0.149844,0.023694,0.38543,0.0691,0.07,
0.36,7,3,70,70,70,683,683,5469.73,145.1,670.1,380.63,21.36,0.10748,0.206082,0.143069,0.139999,0.020965,0.37727,0.069,0.07,
0.36,7,4,70,70,70,651,651,6255.13,117.7,640.1,391.72,22.58,0.10469,0.208516,0.147552,0.146848,0.022891,0.383,0.0692,0.07,
0.36,7,5,70,70,70,721,721,5378.63,189.8,710.1,389.53,21.36,0.10392,0.194022,0.143881,0.140162,0.020377,0.3784,0.0692,0.07,
0.36,7,6,70,70,70,581,581,5854.1,155.4,570.1,367.41,21.52,0.089639,0.215051,0.147853,0.146799,0.023819,0.38327,0.0693,0.07,
0.36,7,7,70,70,70,586,586,6014.68,80.1,573.9,361.63,21.42,0.093618,0.195634,0.145034,0.141982,0.022886,0.37967,0.0692,0.07,
0.36,7,8,70,70,70,598,598,5385.87,138.6,585.1,379,21.08,0.107913,0.199913,0.142905,0.139576,0.019321,0.37721,0.069,0.07,
0.36,7,9,70,70,70,633,633,5800.41,120.1,620.1,362.9,21.35,0.102033,0.199086,0.141359,0.138564,0.021812,0.3749,0.0691,0.07,
0.37,3,0,70,70,70,476,476,5915.65,118,465.1,275.3,20.69,0.121655,0.19603,0.147454,0.146277,0.016147,0.38345,0.0693,0.07,
0.37,3,1,70,70,70,506,506,5453.07,119.9,495.1,281.41,19.57,0.110715,0.174815,0.142262,0.141666,0.014247,0.37671,0.0691,0.07,
0.37,3,2,70,70,70,535,535,5373.71,79.8,525.1,295.87,19.46,0.098544,0.181436,0.145222,0.145757,0.015066,0.38056,0.0692,0.07,
0.37,3,3,70,70,70,512,512,5469.73,115.1,500.1,305.01,19.71,0.115953,0.183594,0.143712,0.142062,0.015669,0.37854,0.0693,0.07,
0.37,3,4,70,70,70,524,524,6255.13,98.1,511.8,311.19,21.22,0.120966,0.173956,0.14564,0.145971,0.015302,0.38111,0.0692,0.07,
0.37,3,5,70,70,70,530,530,5378.63,102.9,520.1,318.01,19.94,0.114745,0.184073,0.144665,0.141821,0.016182,0.37977,0.0693,0.07,
0.37,3,6,70,70,70,491,491,5854.1,81.1,480.1,302.09,20.21,0.101359,0.214497,0.146567,0.145041,0.020039,0.38197,0.0693,0.07,
0.37,3,7,70,70,70,458,458,6014.68,89.3,445.1,298.19,20.17,0.107042,0.192343,0.144898,0.146127,0.017153,0.38,0.0693,0.07,
0.37,3,8,70,70,70,507,507,5385.87,128.3,495.1,315.66,19.86,0.105285,0.185511,0.143973,0.142964,0.014868,0.37894,0.0693,0.07,
0.37,3,9,70,70,70,506,506,5800.41,127.5,497.3,309.71,20.36,0.109251,0.185184,0.142941,0.141811,0.016171,0.37749,0.0693,0.07,
0.37,3.5,0,70,70,70,508,508,5915.65,121.9,497.7,299.32,21.06,0.118559,0.199452,0.147482,0.145888,0.018016,0.38335,0.0692,0.07,
0.37,3.5,1,70,70,70,511,511,5453.07,121.2,500.1,301.93,19.93,0.114962,0.173909,0.143449,0.142525,0.014857,0.37824,0.0694,0.07,
0.37,3.5,2,70,70,70,545,545,5373.71,79.8,535.1,318.17,19.98,0.106465,0.183441,0.145435,0.146583,0.015977,0.38078,0.0692,0.07,
0.37,3.5,3,70,70,70,553,553,5469.73,145.1,540.1,319.23,20.07,0.114127,0.187941,0.144609,0.14553,0.017792,0.37957,0.0694,0.07,
0.37,3.5,4,70,70,70,533,533,6255.13,101,520.1,335.41,21.44,0.113443,0.186013,0.145275,0.145545,0.016618,0.38053,0.0692,0.07,
0.37,3.5,5,70,70,70,590,590,5378.63,105.1,580.1,336.71,20.36,0.112189,0.180988,0.144234,0.139966,0.017454,0.37911,0.0692,0.07,
0.37,3.5,6,70,70,70,496,496,5854.1,146.3,485.1,322.67,20.61,0.103036,0.194696,0.146016,0.145649,0.019007,0.38133,0.0691,0.07,
0.37,3.5,7,70,70,70,518,518,6014.68,95.1,505.1,321.63,20.79,0.107487,0.193253,0.144026,0.144253,0.018263,0.37876,0.0691,0.07,
0.37,3.5,8,70,70,70,529,529,5385.87,129.4,515.1,328.55,20.06,0.10838,0.189629,0.143746,0.144132,0.015981,0.37857,0.0692,0.07,
0.37,3.5,9,70,70,70,607,607,5800.41,130.1,595.1,328.61,20.72,0.10885,0.18844,0.142503,0.14155,0.016447,0.37689,0.0693,0.07,
0.37,4,0,70,70,70,520,520,5915.65,124.2,509.1,316.15,21.36,0.115254,0.208479,0.148672,0.146209,0.018928,0.38484,0.0694,0.07,
0.37,4,1,70,70,70,519,519,5453.07,143.2,508.2,311.88,20.25,0.103531,0.177451,0.143011,0.142394,0.016941,0.37751,0.0692,0.07,
0.37,4,2,70,70,70,670,670,5373.71,79.8,660.1,335.32,20.42,0.099993,0.180325,0.145913,0.147515,0.016222,0.38139,0.0693,0.07,
0.37,4,3,70,70,70,673,673,5469.73,135.3,660.1,337.84,20.43,0.115445,0.191999,0.144288,0.143177,0.018857,0.37907,0.0692,0.07,
0.37,4,4,70,70,70,589,589,6255.13,175.1,575.1,352.31,21.49,0.107892,0.199659,0.145032,0.142999,0.018,0.38011,0.0692,0.07,
0.37,4,5,70,70,70,595,595,5378.63,105.1,585.1,347.71,20.29,0.110964,0.187087,0.144257,0.141441,0.017251,0.37915,0.0691,0.07,
0.37,4,6,70,70,70,515,515,5854.1,150.1,505.1,333.33,20.66,0.094424,0.199349,0.146899,0.144518,0.020417,0.38236,0.0692,0.07,
0.37,4,7,70,70,70,523,523,6014.68,89,511,328.81,20.65,0.098429,0.200335,0.144933,0.14216,0.020172,0.37981,0.0693,0.07,
0.37,4,8,70,70,70,549,549,5385.87,129.7,540.4,350.25,20.34,0.111534,0.192507,0.144335,0.141701,0.016078,0.37934,0.0692,0.07,
0.37,4,9,70,70,70,607,607,5800.41,130.1,595.1,341.73,20.88,0.103689,0.19135,0.141495,0.139938,0.017962,0.37542,0.0691,0.07,
0.37,4.5,0,70,70,70,579,579,5915.65,130.3,565.1,334.41,21.48,0.11052,0.211821,0.147914,0.145448,0.019925,0.38376,0.0692,0.07,
0.37,4.5,1,70,70,70,531,531,5453.07,146.1,520.1,331.11,20.45,0.108775,0.176505,0.142405,0.140822,0.016857,0.37671,0.0692,0.07,
0.37,4.5,2,70,70,70,675,675,5373.71,80.1,665.1,345.46,20.44,0.107045,0.223763,0.147954,0.150057,0.019566,0.38383,0.0693,0.07,
0.37,4.5,3,70,70,70,673,673,5469.73,135.1,660.1,351.05,20.51,0.111644,0.192619,0.144287,0.143546,0.018358,0.37911,0.0693,0.07,
0.37,4.5,4,70,70,70,599,599,6255.13,176.3,585.1,369.52,21.77,0.109572,0.199916,0.145424,0.144876,0.018818,0.38056,0.0692,0.07,
0.37,4.5,5,70,70,70,595,595,5378.63,189.7,585.1,367.2,20.63,0.106148,0.190251,0.144494,0.143631,0.01876,0.37935,0.0694,0.07,
0.37,4.5,6,70,70,70,576,576,5854.1,150.1,565.1,342.08,20.79,0.09566,0.198231,0.147371,0.145497,0.022203,0.38281,0.0693,0.07,
0.37,4.5,7,70,70,70,583,583,6014.68,89.5,570.1,340.39,20.82,0.100778,0.201535,0.145251,0.143441,0.020912,0.38016,0.0694,0.07,
0.37,4.5,8,70,70,70,598,598,5385.87,129.7,585.1,358.22,20.58,0.11535,0.19497,0.144528,0.141978,0.016801,0.37955,0.0692,0.07,
0.37,4.5,9,70,70,70,612,612,5800.41,130,600.1,350.6,20.91,0.106526,0.194383,0.14162,0.141908,0.019067,0.3755,0.0691,0.07,
0.37,5,0,70,70,70,584,584,5915.65,130.1,570.1,348.48,21.75,0.115254,0.214442,0.14776,0.14578,0.020491,0.38353,0.0692,0.07,
0.37,5,1,70,70,70,597,597,5453.07,149.1,585.1,338.8,20.5,0.111922,0.179639,0.14312,0.140993,0.017231,0.37764,0.0693,0.07,
0.37,5,2,70,70,70,746,746,5373.71,80.1,735.1,364.28,20.73,0.09689,0.232355,0.147426,0.149404,0.020935,0.38302,0.069,0.07,
0.37,5,3,70,70,70,678,678,5469.73,145.1,665.1,370.83,20.73,0.111309,0.194844,0.143254,0.140566,0.020061,0.3776,0.069,0.07,
0.37,5,4,70,70,70,605,605,6255.13,177.8,594.5,380.15,22.21,0.108189,0.200423,0.145348,0.144502,0.019182,0.38043,0.0692,0.07,
0.37,5,5,70,70,70,605,605,5378.63,231.2,595.1,380.61,20.94,0.112041,0.193039,0.142446,0.138191,0.018441,0.37666,0.0689,0.07,
0.37,5,6,70,70,70,577,577,5854.1,150.1,566.8,348.7,21.14,0.096672,0.206002,0.147498,0.145159,0.0225,0.38295,0.0692,0.07,
0.37,5,7,70,70,70,583,583,6014.68,84,570.1,351.12,21.25,0.098569,0.19896,0.144923,0.143573,0.021221,0.37969,0.0693,0.07,
0.37,5,8,70,70,70,598,598,5385.87,129.5,585.1,369.82,20.71,0.110347,0.197367,0.14416,0.139875,0.018061,0.37897,0.0692,0.07,
0.37,5,9,70,70,70,628,628,5800.41,129.6,615.1,362.21,21.2,0.103331,0.197157,0.141958,0.139017,0.019491,0.37592,0.0692,0.07,
0.37,5.5,0,70,70,70,584,584,5915.65,129,570.1,355.96,21.85,0.105047,0.215631,0.148204,0.146191,0.021698,0.38399,0.0692,0.07,
0.37,5.5,1,70,70,70,602,602,5453.07,151.4,590.1,349.12,20.66,0.101075,0.179957,0.142575,0.14061,0.018688,0.37679,0.0692,0.07,
0.37,5.5,2,70,70,70,751,751,5373.71,80.1,740.1,369.7,20.83,0.101536,0.228496,0.148694,0.148647,0.021901,0.38459,0.0692,0.07,
0.37,5.5,3,70,70,70,678,678,5469.73,145.1,665.1,382.79,21.03,0.110453,0.199843,0.143444,0.142126,0.01984,0.37787,0.069,0.07,
0.37,5.5,4,70,70,70,633,633,6255.13,180.1,622.2,386.75,22.19,0.111882,0.201925,0.14644,0.14604,0.020455,0.38176,0.0694,0.07,
0.37,5.5,5,70,70,70,640,640,5378.63,231.6,630.1,385.97,20.89,0.111137,0.195469,0.14309,0.137666,0.020098,0.37739,0.0691,0.07,
0.37,5.5,6,70,70,70,581,581,5854.1,160.1,570.1,358.66,21.12,0.090543,0.210755,0.147507,0.14644,0.022572,0.38295,0.0693,0.07,
0.37,5.5,7,70,70,70,583,583,6014.68,83.2,570.2,357.95,21.11,0.098801,0.203725,0.145497,0.141748,0.022647,0.38032,0.0693,0.07,
0.37,5.5,8,70,70,70,598,598,5385.87,129.1,585.1,375.52,20.81,0.113681,0.199714,0.14474,0.141976,0.018114,0.37973,0.0694,0.07,
0.37,5.5,9,70,70,70,633,633,5800.41,125.1,620.1,365.87,21.22,0.105085,0.198605,0.142211,0.140024,0.019725,0.37624,0.0693,0.07,
0.37,6,0,70,70,70,584,584,5915.65,125.1,570.1,359.08,21.94,0.107436,0.212948,0.148535,0.147461,0.020515,0.38451,0.0692,0.07,
0.37,6,1,70,70,70,602,602,5453.07,153.5,590.1,353.12,20.78,0.10508,0.183215,0.143188,0.139804,0.019294,0.37756,0.0694,0.07,
0.37,6,2,70,70,70,751,751,5373.71,84.6,740.1,374.96,20.84,0.094669,0.24044,0.149213,0.149027,0.023521,0.38513,0.0692,0.07,
0.37,6,3,70,70,70,683,683,5469.73,145.1,670.1,386.02,21.1,0.107944,0.202051,0.142903,0.139082,0.020628,0.37708,0.069,0.07,
0.37,6,4,70,70,70,649,649,6255.13,172.5,638.1,396.29,22.37,0.107628,0.208154,0.146584,0.14498,0.021025,0.3819,0.0692,0.07,
0.37,6,5,70,70,70,716,716,5378.63,231.8,705.1,397.08,21.31,0.110992,0.197785,0.144324,0.138378,0.020846,0.37896,0.0693,0.07,
0.37,6,6,70,70,70,581,581,5854.1,160.1,570.4,371.28,21.41,0.091832,0.20833,0.147362,0.144567,0.022898,0.38274,0.0692,0.07,
0.37,6,7,70,70,70,632,632,6014.68,82.4,620.1,369.06,21.43,0.100098,0.203466,0.144908,0.14327,0.022607,0.37954,0.0692,0.07,
0.37,6,8,70,70,70,603,603,5385.87,133,590.1,379.72,20.95,0.109363,0.194227,0.143552,0.140515,0.018801,0.37811,0.0691,0.07,
0.37,6,9,70,70,70,633,633,5800.41,125.1,620.1,370.11,21.31,0.10407,0.200778,0.14294,0.13972,0.021242,0.37707,0.0694,0.07,
0.37,6.5,0,70,70,70,601,601,5915.65,124.2,590.1,367.07,21.97,0.109213,0.219061,0.148968,0.148798,0.02063,0.38507,0.0692,0.07,
0.37,6.5,1,70,70,70,602,602,5453.07,185,590.1,356.48,20.67,0.104866,0.188786,0.142895,0.142116,0.019889,0.37712,0.0693,0.07,
0.37,6.5,2,70,70,70,754,754,5373.71,85.1,743.4,380.04,21,0.097626,0.245129,0.148681,0.147631,0.023279,0.38448,0.0691,0.07,
0.37,6.5,3,70,70,70,683,683,5469.73,145.1,670.1,391.94,20.99,0.107961,0.203968,0.14322,0.139803,0.02085,0.37748,0.069,0.07,
0.37,6.5,4,70,70,70,661,661,6255.13,170.9,650.1,400.9,22.8,0.108938,0.21047,0.146686,0.1438,0.021579,0.38199,0.0692,0.07,
0.37,6.5,5,70,70,70,721,721,5378.63,231.7,710.1,404.26,21.57,0.109762,0.199593,0.143871,0.139207,0.020707,0.37837,0.0692,0.07,
0.37,6.5,6,70,70,70,675,675,5854.1,160.1,665.1,386.71,21.94,0.10181,0.211805,0.148174,0.145804,0.023747,0.38372,0.0694,0.07,
0.37,6.5,7,70,70,70,632,632,6014.68,81.9,620.1,372.65,21.61,0.102604,0.20063,0.145118,0.144622,0.023602,0.37972,0.0691,0.07,
0.37,6.5,8,70,70,70,735,735,5385.87,135.9,725.1,388.48,21.38,0.111496,0.190714,0.142273,0.137387,0.018243,0.37645,0.0689,0.07,
0.37,6.5,9,70,70,70,633,633,5800.41,123.8,620.1,373.42,21.47,0.10469,0.203107,0.14185,0.137878,0.022437,0.3755,0.0691,0.07,
0.37,7,0,70,70,70,829,829,5915.65,119.6,815.1,380.73,22.65,0.110527,0.220923,0.148495,0.147054,0.021335,0.38441,0.0692,0.07,
0.37,7,1,70,70,70,607,607,5453.07,184.8,595.1,361.6,21.16,0.098777,0.184204,0.14231,0.141421,0.019783,0.37634,0.0691,0.07,
0.37,7,2,70,70,70,756,756,5373.71,87.6,745.1,383.29,21.17,0.100268,0.246209,0.14873,0.147652,0.023644,0.38451,0.0691,0.07,
0.37,7,3,70,70,70,683,683,5469.73,145.1,670.1,394.8,21.5,0.106797,0.205471,0.143396,0.140203,0.020633,0.37773,0.069,0.07,
0.37,7,4,70,70,70,661,661,6255.13,169.4,650.1,413.17,22.95,0.107591,0.211979,0.145981,0.144641,0.022075,0.38101,0.069,0.07,
0.37,7,5,70,70,70,731,731,5378.63,231.5,720.1,405.94,21.71,0.107865,0.201204,0.144621,0.138904,0.021139,0.37933,0.0692,0.07,
0.37,7,6,70,70,70,675,675,5854.1,160.1,665.1,396.28,21.89,0.102181,0.214441,0.147817,0.144638,0.024396,0.38319,0.0692,0.07,
0.37,7,7,70,70,70,632,632,6014.68,81.2,620.1,383.7,21.72,0.102499,0.202501,0.144705,0.141059,0.023859,0.37915,0.0691,0.07,
0.37,7,8,70,70,70,735,735,5385.87,139,725.1,401.85,21.77,0.108745,0.19201,0.141977,0.139752,0.018255,0.37605,0.0688,0.07,
0.37,7,9,70,70,70,638,638,5800.41,122.1,625.1,379.72,21.57,0.105233,0.204909,0.142144,0.139005,0.023134,0.37583,0.0691,0.07,
0.38,3,0,70,70,70,504,504,5915.65,120.7,493.2,286.16,20.81,0.122092,0.202706,0.147952,0.146615,0.017332,0.38402,0.0694,0.07,
0.38,3,1,70,70,70,511,511,5453.07,122.8,500.1,300.13,19.73,0.109811,0.171737,0.142939,0.142814,0.015134,0.37754,0.0692,0.07,
0.38,3,2,70,70,70,540,540,5373.71,79.8,530.1,310.49,19.56,0.103087,0.180954,0.146239,0.146927,0.016662,0.38178,0.0694,0.07,
0.38,3,3,70,70,70,553,553,5469.73,115.1,540.1,314.6,19.76,0.114263,0.186769,0.143952,0.144203,0.016953,0.37877,0.0692,0.07,
0.38,3,4,70,70,70,531,531,6255.13,100.1,518.4,327.63,21.18,0.109,0.176653,0.144998,0.145321,0.016592,0.38017,0.069,0.07,
0.38,3,5,70,70,70,535,535,5378.63,170.1,525.1,330.4,19.9,0.114658,0.179729,0.14416,0.14145,0.016363,0.37909,0.0692,0.07,
0.38,3,6,70,70,70,491,491,5854.1,146.1,480.1,314.72,20.35,0.105315,0.187305,0.146415,0.146303,0.018291,0.3819,0.0693,0.07,
0.38,3,7,70,70,70,518,518,6014.68,91.8,505.1,314.23,20.55,0.109664,0.195274,0.14481,0.143325,0.01787,0.37983,0.0692,0.07,
0.38,3,8,70,70,70,529,529,5385.87,130.5,515.1,326.87,20,0.108837,0.187613,0.143539,0.141724,0.014428,0.3784,0.0691,0.07,
0.38,3,9,70,70,70,559,559,5800.41,130,550.1,322.73,20.48,0.110994,0.186149,0.14275,0.141299,0.015383,0.37729,0.0693,0.07,
0.38,3.5,0,70,70,70,523,523,5915.65,123.8,512.4,318.05,21.25,0.116405,0.205202,0.148583,0.1462,0.019044,0.38471,0.0694,0.07,
0.38,3.5,1,70,70,70,518,518,5453.07,144.2,507.1,315.07,20.05,0.102398,0.176175,0.143097,0.142122,0.015886,0.3777,0.0692,0.07,
0.38,3.5,2,70,70,70,670,670,5373.71,79.8,660.1,332.29,20.26,0.108836,0.178062,0.14481,0.146486,0.015571,0.37999,0.0691,0.07,
0.38,3.5,3,70,70,70,673,673,5469.73,145.1,660.1,337.57,20.06,0.115688,0.18933,0.144205,0.144711,0.018385,0.37899,0.0693,0.07,
0.38,3.5,4,70,70,70,589,589,6255.13,101.4,575.1,348.39,21.67,0.115283,0.192838,0.145118,0.145147,0.016866,0.38031,0.0692,0.07,
0.38,3.5,5,70,70,70,590,590,5378.63,172.1,580.1,348.09,20.28,0.112137,0.186109,0.143781,0.14153,0.017027,0.37854,0.0691,0.07,
0.38,3.5,6,70,70,70,515,515,5854.1,150.1,505.1,332.15,20.52,0.097873,0.193587,0.147209,0.143888,0.019225,0.38287,0.0693,0.07,
0.38,3.5,7,70,70,70,523,523,6014.68,95.1,510.1,328.99,20.62,0.099023,0.198076,0.144207,0.143155,0.019119,0.37893,0.0692,0.07,
0.38,3.5,8,70,70,70,533,533,5385.87,134.1,519.6,345.88,20.34,0.108993,0.188225,0.144426,0.141489,0.015985,0.37947,0.0692,0.07,
0.38,3.5,9,70,70,70,607,607,5800.41,130.1,595.1,339.16,20.74,0.104259,0.180401,0.141916,0.139557,0.016488,0.3761,0.0692,0.07,
0.38,4,0,70,70,70,568,568,5915.65,125.1,555.1,332.06,21.45,0.110056,0.208619,0.148221,0.145399,0.020565,0.38412,0.0693,0.07,
0.38,4,1,70,70,70,531,531,5453.07,148.7,520.1,335.22,20.39,0.108445,0.176913,0.143002,0.140991,0.015929,0.37757,0.0693,0.07,
0.38,4,2,70,70,70,675,675,5373.71,79.8,665.1,347.32,20.32,0.105521,0.189407,0.146437,0.148866,0.018409,0.38192,0.0692,0.07,
0.38,4,3,70,70,70,673,673,5469.73,145.1,660.1,357.14,20.44,0.113391,0.185525,0.143916,0.142343,0.017174,0.37871,0.0693,0.07,
0.38,4,4,70,70,70,594,594,6255.13,179.8,580.9,373.18,21.82,0.11136,0.198576,0.144854,0.144128,0.018119,0.37987,0.0692,0.07,
0.38,4,5,70,70,70,595,595,5378.63,233.2,585.1,368.5,20.61,0.10776,0.185929,0.144272,0.142565,0.017901,0.37912,0.0694,0.07,
0.38,4,6,70,70,70,576,576,5854.1,150.1,565.1,341.32,20.66,0.099058,0.197776,0.147452,0.145577,0.021476,0.38298,0.0693,0.07,
0.38,4,7,70,70,70,583,583,6014.68,95.4,570.1,343.43,20.92,0.102752,0.194827,0.144857,0.141572,0.019759,0.37974,0.0693,0.07,
0.38,4,8,70,70,70,598,598,5385.87,134.6,585.1,358.1,20.53,0.116221,0.191516,0.143873,0.143637,0.015928,0.37875,0.0691,0.07,
0.38,4,9,70,70,70,612,612,5800.41,130.1,600.1,352.18,20.78,0.106374,0.192375,0.141936,0.141344,0.018562,0.37596,0.0692,0.07,
0.38,4.5,0,70,70,70,584,584,5915.65,132.3,570.1,348.08,21.69,0.115722,0.208446,0.147873,0.144164,0.019473,0.38375,0.0692,0.07,
0.38,4.5,1,70,70,70,597,597,5453.07,152.5,585.1,345.22,20.56,0.112845,0.179538,0.143068,0.139737,0.016759,0.37761,0.0693,0.07,
0.38,4.5,2,70,70,70,746,746,5373.71,80.1,735.1,368.36,20.75,0.095574,0.188255,0.147424,0.148799,0.017689,0.38326,0.0692,0.07,
0.38,4.5,3,70,70,70,678,678,5469.73,137.9,665.1,376.74,20.84,0.113764,0.186891,0.14341,0.142895,0.018178,0.37796,0.069,0.07,
0.38,4.5,4,70,70,70,611,611,6255.13,180.1,600.6,382.9,22.24,0.10877,0.200616,0.145484,0.142163,0.019311,0.3806,0.0693,0.07,
0.38,4.5,5,70,70,70,600,600,5378.63,234.7,590.1,382.6,20.9,0.113231,0.188103,0.1424,0.139,0.018521,0.3766,0.0689,0.07,
0.38,4.5,6,70,70,70,581,581,5854.1,160.1,570.1,350.33,20.98,0.09816,0.20593,0.147398,0.146802,0.021614,0.38291,0.0693,0.07,
0.38,4.5,7,70,70,70,583,583,6014.68,96,570.1,357.22,21.1,0.10216,0.201466,0.144695,0.14217,0.020715,0.37945,0.0692,0.07,
0.38,4.5,8,70,70,70,598,598,5385.87,134.6,585.1,371.58,20.68,0.111571,0.194344,0.144426,0.140853,0.017091,0.3794,0.0693,0.07,
0.38,4.5,9,70,70,70,623,623,5800.41,130.3,610.1,363.75,21.21,0.103764,0.195524,0.142448,0.139505,0.019372,0.37657,0.0693,0.07,
0.38,5,0,70,70,70,584,584,5915.65,131.3,570.1,362.84,21.98,0.107284,0.218507,0.148411,0.145858,0.020215,0.3844,0.0692,0.07,
0.38,5,1,70,70,70,602,602,5453.07,164.7,590.1,358.57,20.78,0.101035,0.181724,0.142365,0.140459,0.018826,0.3765,0.0691,0.07,
0.38,5,2,70,70,70,749,749,5373.71,80.1,738.3,373.73,20.88,0.101158,0.234222,0.148389,0.147362,0.021826,0.38422,0.0691,0.07,
0.38,5,3,70,70,70,678,678,5469.73,145.1,665.1,390.4,21.17,0.106989,0.196621,0.143824,0.142588,0.019608,0.37839,0.069,0.07,
0.38,5,4,70,70,70,639,639,6255.13,180.1,628.1,393.29,22.31,0.109116,0.201389,0.145183,0.143267,0.019768,0.38017,0.0692,0.07,
0.38,5,5,70,70,70,656,656,5378.63,235.1,645.1,391.28,20.91,0.113316,0.190149,0.143927,0.139614,0.018955,0.37859,0.0692,0.07,
0.38,5,6,70,70,70,581,581,5854.1,160.1,570.1,362.34,20.97,0.093821,0.207033,0.147812,0.146954,0.021487,0.38345,0.0694,0.07,
0.38,5,7,70,70,70,627,627,6014.68,96.6,615.1,370.22,21.31,0.10635,0.20735,0.145276,0.142667,0.022467,0.38006,0.0692,0.07,
0.38,5,8,70,70,70,603,603,5385.87,134.4,590.1,380.94,20.84,0.1158,0.196691,0.144788,0.142484,0.017098,0.37987,0.0694,0.07,
0.38,5,9,70,70,70,628,628,5800.41,130.4,615.1,369.7,21.23,0.107163,0.198494,0.142614,0.14079,0.02006,0.37674,0.0693,0.07,
0.38,5.5,0,70,70,70,601,601,5915.65,130.1,590.1,367.89,22.01,0.107015,0.221165,0.148794,0.149137,0.020953,0.38483,0.0692,0.07,
0.38,5.5,1,70,70,70,602,602,5453.07,195.1,590.1,364.01,20.88,0.105747,0.180475,0.141898,0.139398,0.017127,0.37602,0.0692,0.07,
0.38,5.5,2,70,70,70,751,751,5373.71,80.4,740.1,383.27,20.9,0.095379,0.23751,0.147709,0.147947,0.021873,0.38333,0.0691,0.07,
0.38,5.5,3,70,70,70,683,683,5469.73,145.1,670.1,397.11,21.24,0.11006,0.200621,0.14397,0.140415,0.020559,0.37851,0.0689,0.07,
0.38,5.5,4,70,70,70,654,654,6255.13,180.1,643.3,407.41,22.42,0.111051,0.206355,0.145804,0.143865,0.020676,0.38091,0.0691,0.07,
0.38,5.5,5,70,70,70,716,716,5378.63,236.1,705.1,402.86,21.25,0.1108,0.192648,0.144492,0.139814,0.019051,0.37934,0.0693,0.07,
0.38,5.5,6,70,70,70,663,663,5854.1,160.1,650.1,381.47,21.51,0.096345,0.21279,0.147627,0.146318,0.022027,0.38317,0.0693,0.07,
0.38,5.5,7,70,70,70,632,632,6014.68,97.3,620.1,382.03,21.66,0.106759,0.210705,0.145819,0.145392,0.023043,0.38072,0.0691,0.07,
0.38,5.5,8,70,70,70,730,730,5385.87,134,720.1,390.9,21.27,0.112666,0.199096,0.142915,0.1395,0.017689,0.37735,0.069,0.07,
0.38,5.5,9,70,70,70,633,633,5800.41,130.2,620.1,375.01,21.41,0.10213,0.200974,0.143081,0.139322,0.021419,0.37724,0.0694,0.07,
0.38,6,0,70,70,70,606,606,5915.65,129.8,595.1,378.18,22.21,0.110759,0.214637,0.147984,0.146857,0.019301,0.3839,0.0691,0.07,
0.38,6,1,70,70,70,607,607,5453.07,195.1,595.1,365.34,20.84,0.108,0.181913,0.142239,0.138965,0.018407,0.37637,0.0692,0.07,
0.38,6,2,70,70,70,756,756,5373.71,85.3,745.1,388.47,21.09,0.098866,0.233147,0.148572,0.148319,0.022485,0.3844,0.0692,0.07,
0.38,6,3,70,70,70,683,683,5469.73,145.1,670.1,400.01,21.26,0.112865,0.203781,0.14412,0.140954,0.020832,0.37869,0.069,0.07,
0.38,6,4,70,70,70,661,661,6255.13,180.1,650.1,418.96,22.84,0.105487,0.20717,0.14513,0.143039,0.020462,0.38004,0.069,0.07,
0.38,6,5,70,70,70,730,730,5378.63,250.1,720.1,415.05,21.66,0.109445,0.19447,0.143356,0.138269,0.018643,0.37786,0.0692,0.07,
0.38,6,6,70,70,70,675,675,5854.1,160.1,665.1,392.63,21.93,0.103897,0.215819,0.147798,0.146716,0.023407,0.38326,0.0693,0.07,
0.38,6,7,70,70,70,632,632,6014.68,108.9,620.1,389.09,21.85,0.104177,0.212331,0.146275,0.142894,0.023815,0.38125,0.0692,0.07,
0.38,6,8,70,70,70,735,735,5385.87,133.5,725.1,404.36,21.54,0.113603,0.201519,0.143641,0.140751,0.017765,0.37831,0.0693,0.07,
0.38,6,9,70,70,70,633,633,5800.41,130,620.1,386.33,21.83,0.105635,0.203601,0.142691,0.138571,0.021774,0.3767,0.0692,0.07,
0.38,6.5,0,70,70,70,834,834,5915.65,125.1,820.1,393.26,22.79,0.101708,0.220367,0.147833,0.145716,0.019946,0.38365,0.069,0.07,
0.38,6.5,1,70,70,70,607,607,5453.07,195.1,595.1,367.6,21.08,0.100339,0.183189,0.141946,0.139044,0.019218,0.37591,0.0691,0.07,
0.38,6.5,2,70,70,70,756,756,5373.71,85.6,745.1,390.92,21.32,0.102474,0.247412,0.148823,0.149918,0.024099,0.38458,0.0691,0.07,
0.38,6.5,3,70,70,70,683,683,5469.73,145.1,670.1,407.87,21.48,0.107427,0.205627,0.144438,0.141471,0.021025,0.37909,0.0691,0.07,
0.38,6.5,4,70,70,70,674,674,6255.13,180.1,663.9,423.44,23.1,0.106354,0.209932,0.146298,0.146269,0.02185,0.38145,0.0692,0.07,
0.38,6.5,5,70,70,70,801,801,5378.63,244.9,790.1,419.2,21.86,0.109689,0.195478,0.14433,0.139959,0.020066,0.37904,0.0692,0.07,
0.38,6.5,6,70,70,70,675,675,5854.1,160.1,665.1,404.83,22.23,0.096695,0.218844,0.147936,0.144825,0.024038,0.38338,0.0692,0.07,
0.38,6.5,7,70,70,70,635,635,6014.68,109.4,623.5,395.93,21.88,0.110889,0.21478,0.145459,0.141311,0.023251,0.38025,0.0691,0.07,
0.38,6.5,8,70,70,70,735,735,5385.87,136.3,725.1,413.36,21.72,0.109239,0.195274,0.141691,0.139205,0.017414,0.37573,0.0689,0.07,
0.38,6.5,9,70,70,70,638,638,5800.41,125.1,625.1,390.51,21.81,0.101312,0.205047,0.142104,0.138532,0.022588,0.37584,0.069,0.07,
0.38,7,0,70,70,70,836,836,5915.65,125.1,823,401.22,22.96,0.102953,0.218969,0.147137,0.145335,0.020123,0.38273,0.0689,0.07,
0.38,7,1,70,70,70,715,715,5453.07,195.1,702.2,374.98,21.17,0.103081,0.183629,0.141724,0.136684,0.019495,0.37559,0.069,0.07,
0.38,7,2,70,70,70,756,756,5373.71,88.4,745.1,396.85,21.33,0.105868,0.25184,0.148997,0.148501,0.024653,0.38477,0.069,0.07,
0.38,7,3,70,70,70,683,683,5469.73,145.1,670.1,409.05,21.46,0.109463,0.205472,0.144524,0.143316,0.021485,0.37916,0.0691,0.07,
0.38,7,4,70,70,70,751,751,6255.13,172.2,740.1,436.77,22.99,0.108026,0.21499,0.145976,0.145347,0.022052,0.38101,0.0692,0.07,
0.38,7,5,70,70,70,801,801,5378.63,236.1,790.1,424.02,21.72,0.108546,0.197321,0.144799,0.139541,0.021002,0.37958,0.0692,0.07,
0.38,7,6,70,70,70,678,678,5854.1,160.1,665.1,411.18,22.02,0.098789,0.221647,0.148278,0.146464,0.024421,0.38378,0.0692,0.07,
0.38,7,7,70,70,70,670,670,6014.68,109.9,660.1,417.24,22.22,0.10998,0.217244,0.144847,0.142694,0.022359,0.37951,0.069,0.07,
0.38,7,8,70,70,70,735,735,5385.87,139.4,725.1,423.68,21.76,0.110079,0.19051,0.142407,0.140886,0.017661,0.37666,0.0691,0.07,
0.38,7,9,70,70,70,674,674,5800.41,125.1,665.1,402.26,21.77,0.103207,0.206664,0.14274,0.138286,0.022388,0.37671,0.069,0.07,
0.39,3,0,70,70,70,523,523,5915.65,122.7,512.3,308.29,20.95,0.121677,0.205445,0.148503,0.145724,0.01863,0.38465,0.0693,0.07,
0.39,3,1,70,70,70,516,516,5453.07,149.4,505.1,309.06,19.72,0.114944,0.173489,0.143168,0.141668,0.014672,0.37788,0.0693,0.07,
0.39,3,2,70,70,70,545,545,5373.71,79.8,535.1,323.65,19.68,0.10779,0.178134,0.145317,0.147575,0.015334,0.38067,0.0692,0.07,
0.39,3,3,70,70,70,668,668,5469.73,115.1,655.1,334.91,19.96,0.113904,0.181409,0.143563,0.142289,0.015916,0.37832,0.0693,0.07,
0.39,3,4,70,70,70,579,579,6255.13,100.1,565.1,335.25,21.21,0.11381,0.183894,0.146609,0.145899,0.016413,0.3823,0.0694,0.07,
0.39,3,5,70,70,70,590,590,5378.63,170.1,580.1,341.93,19.91,0.113315,0.184177,0.143875,0.141326,0.016475,0.37871,0.0692,0.07,
0.39,3,6,70,70,70,496,496,5854.1,150.1,485.1,324.13,20.31,0.101571,0.195822,0.145974,0.143018,0.019161,0.38126,0.069,0.07,
0.39,3,7,70,70,70,523,523,6014.68,96.5,510.1,324.76,20.46,0.105589,0.196169,0.14511,0.144594,0.017964,0.38022,0.0694,0.07,
0.39,3,8,70,70,70,529,529,5385.87,135.1,515.1,334.43,19.92,0.106567,0.185053,0.144316,0.142497,0.015739,0.37934,0.0693,0.07,
0.39,3,9,70,70,70,607,607,5800.41,130.1,595.1,335.11,20.59,0.109263,0.183805,0.142509,0.14233,0.015838,0.37694,0.0692,0.07,
0.39,3.5,0,70,70,70,532,532,5915.65,125.1,521.4,328.36,21.21,0.118586,0.209976,0.147843,0.144649,0.018758,0.38378,0.0693,0.07,
0.39,3.5,1,70,70,70,526,526,5453.07,152.9,515.1,329.29,20.09,0.107112,0.17708,0.143674,0.142117,0.016308,0.37844,0.0693,0.07,
0.39,3.5,2,70,70,70,675,675,5373.71,79.8,665.1,353.22,20.36,0.100009,0.184273,0.146179,0.148805,0.017865,0.38161,0.0692,0.07,
0.39,3.5,3,70,70,70,673,673,5469.73,145.1,660.1,361.96,20.26,0.113619,0.183189,0.142705,0.141354,0.016717,0.37713,0.069,0.07,
0.39,3.5,4,70,70,70,589,589,6255.13,102.5,575.1,361.49,21.53,0.11049,0.192051,0.145079,0.144381,0.017606,0.3802,0.0692,0.07,
0.39,3.5,5,70,70,70,595,595,5378.63,235.1,585.1,366.59,20.62,0.110515,0.183635,0.144032,0.142302,0.016914,0.37888,0.0693,0.07,
0.39,3.5,6,70,70,70,520,520,5854.1,150.1,510.1,339.92,20.67,0.101939,0.194231,0.147302,0.145725,0.021041,0.38283,0.0692,0.07,
0.39,3.5,7,70,70,70,545,545,6014.68,96.8,534,338.71,20.87,0.103308,0.194422,0.144304,0.14037,0.019029,0.37908,0.0692,0.07,
0.39,3.5,8,70,70,70,549,549,5385.87,135.6,540.1,356.52,20.44,0.114051,0.190855,0.144442,0.14376,0.01499,0.37956,0.0693,0.07,
0.39,3.5,9,70,70,70,607,607,5800.41,130.1,595.1,351.77,20.82,0.107567,0.187958,0.142329,0.141491,0.018605,0.37647,0.0692,0.07,
0.39,4,0,70,70,70,568,568,5915.65,130.1,555.1,348.78,21.51,0.115043,0.213976,0.147848,0.145083,0.019093,0.38376,0.0692,0.07,
0.39,4,1,70,70,70,597,597,5453.07,161.3,585.1,354.44,20.66,0.113513,0.175612,0.142406,0.14047,0.015681,0.37681,0.0692,0.07,
0.39,4,2,70,70,70,746,746,5373.71,80.1,735.1,368.27,20.73,0.093422,0.181449,0.146681,0.149515,0.017219,0.38231,0.0691,0.07,
0.39,4,3,70,70,70,677,677,5469.73,145.1,665,386.46,20.94,0.114028,0.190269,0.144112,0.144509,0.017479,0.37894,0.0693,0.07,
0.39,4,4,70,70,70,604,604,6255.13,180.1,593.8,383.75,22.25,0.112022,0.195475,0.145379,0.141497,0.017904,0.38058,0.0693,0.07,
0.39,4,5,70,70,70,600,600,5378.63,250.1,590.1,382.5,20.93,0.113425,0.188619,0.142654,0.138786,0.017934,0.37698,0.069,0.07,
0.39,4,6,70,70,70,581,581,5854.1,160.8,570.1,352.65,21.02,0.096555,0.204091,0.147845,0.146313,0.021394,0.38351,0.0694,0.07,
0.39,4,7,70,70,70,626,626,6014.68,97.4,615,360.17,21.31,0.10572,0.202594,0.144856,0.144241,0.020672,0.37966,0.0692,0.07,
0.39,4,8,70,70,70,598,598,5385.87,136.2,585.1,374.48,20.89,0.110353,0.193805,0.144772,0.141655,0.016443,0.3799,0.0693,0.07,
0.39,4,9,70,70,70,612,612,5800.41,132.3,600.1,362.15,21.09,0.102988,0.190583,0.142639,0.140881,0.018641,0.37689,0.0693,0.07,
0.39,4.5,0,70,70,70,584,584,5915.65,134.8,570.1,363.31,22.12,0.108257,0.215609,0.1485,0.148173,0.020274,0.38451,0.0692,0.07,
0.39,4.5,1,70,70,70,602,602,5453.07,195.1,590.1,365.04,20.96,0.101503,0.178636,0.142224,0.140438,0.017112,0.37645,0.0692,0.07,
0.39,4.5,2,70,70,70,746,746,5373.71,80.1,735.1,382.82,20.89,0.099722,0.189706,0.144947,0.146086,0.018063,0.37998,0.0688,0.07,
0.39,4.5,3,70,70,70,678,678,5469.73,145.1,665.1,402.72,21.29,0.108102,0.195785,0.143495,0.142156,0.018704,0.37803,0.0691,0.07,
0.39,4.5,4,70,70,70,644,644,6255.13,180.1,633.7,397.53,22.58,0.111526,0.196954,0.145018,0.143596,0.019062,0.38001,0.0691,0.07,
0.39,4.5,5,70,70,70,656,656,5378.63,250.1,645.1,397.35,21.34,0.113678,0.193943,0.143284,0.138845,0.017841,0.37783,0.0691,0.07,
0.39,4.5,6,70,70,70,582,582,5854.1,165.1,571.2,371.07,21.4,0.0974,0.207926,0.147309,0.145156,0.02213,0.38274,0.0692,0.07,
0.39,4.5,7,70,70,70,627,627,6014.68,109.1,615.1,385.7,21.71,0.109273,0.213478,0.145618,0.145114,0.021725,0.38059,0.0692,0.07,
0.39,4.5,8,70,70,70,603,603,5385.87,136.4,590.1,383.45,20.85,0.113224,0.19657,0.144517,0.142621,0.016627,0.37955,0.0694,0.07,
0.39,4.5,9,70,70,70,628,628,5800.41,132.6,615.1,380.44,21.4,0.1024,0.192195,0.142322,0.140131,0.019479,0.3764,0.0693,0.07,
0.39,5,0,70,70,70,601,601,5915.65,133.7,590.1,374.62,22.21,0.107241,0.217242,0.149497,0.15007,0.020636,0.38577,0.0694,0.07,
0.39,5,1,70,70,70,606,606,5453.07,195.1,594.3,369.89,20.84,0.105585,0.179177,0.141624,0.138626,0.016903,0.37567,0.0691,0.07,
0.39,5,2,70,70,70,751,751,5373.71,81.8,740.1,391,21.02,0.095377,0.200251,0.14723,0.14802,0.019072,0.3829,0.0692,0.07,
0.39,5,3,70,70,70,683,683,5469.73,145.1,670.1,410.78,21.37,0.111664,0.193359,0.142967,0.139526,0.019268,0.37728,0.0688,0.07,
0.39,5,4,70,70,70,661,661,6255.13,180.3,650.1,414.05,23.35,0.107225,0.207425,0.144762,0.1446,0.019895,0.3796,0.069,0.07,
0.39,5,5,70,70,70,730,730,5378.63,250.1,720.1,412.01,21.94,0.111968,0.197274,0.143968,0.138377,0.018423,0.3787,0.0692,0.07,
0.39,5,6,70,70,70,663,663,5854.1,172.2,650.1,390.48,22.22,0.10399,0.211138,0.148761,0.146864,0.021934,0.38466,0.0694,0.07,
0.39,5,7,70,70,70,632,632,6014.68,110,620.1,398.16,22.72,0.108472,0.205262,0.145431,0.144656,0.021398,0.38036,0.0692,0.07,
0.39,5,8,70,70,70,730,730,5385.87,136.4,720.1,401.18,22.03,0.112963,0.198976,0.142684,0.140094,0.016307,0.37714,0.0691,0.07,
0.39,5,9,70,70,70,629,629,5800.41,132.7,616.3,384.27,22.15,0.104512,0.194273,0.142878,0.139343,0.020523,0.37705,0.0692,0.07,
0.39,5.5,0,70,70,70,628,628,5915.65,132.1,615.1,382.65,22.87,0.11164,0.219183,0.14896,0.146026,0.021357,0.38502,0.0691,0.07,
0.39,5.5,1,70,70,70,607,607,5453.07,195.1,595.1,378.98,21.73,0.109378,0.181327,0.141983,0.13951,0.018026,0.37607,0.0693,0.07,
0.39,5.5,2,70,70,70,756,756,5373.71,84.3,745.1,393.91,21.72,0.099513,0.241399,0.148117,0.147393,0.022782,0.38379,0.0691,0.07,
0.39,5.5,3,70,70,70,683,683,5469.73,145.1,670.1,414.24,22.11,0.11323,0.195863,0.143981,0.142272,0.019143,0.37864,0.0692,0.07,
0.39,5.5,4,70,70,70,671,671,6255.13,182.7,660.1,420.46,23.16,0.108989,0.210541,0.146565,0.14481,0.020252,0.38195,0.0694,0.07,
0.39,5.5,5,70,70,70,730,730,5378.63,253,720.1,418.77,21.93,0.11163,0.199879,0.143712,0.137848,0.018873,0.37831,0.0691,0.07,
0.39,5.5,6,70,70,70,675,675,5854.1,172.2,665.1,408.59,22.33,0.09626,0.214532,0.147536,0.146762,0.022721,0.38298,0.0692,0.07,
0.39,5.5,7,70,70,70,632,632,6014.68,113.3,620.1,408.81,22.44,0.106466,0.193912,0.145032,0.140106,0.021158,0.37985,0.0692,0.07,
0.39,5.5,8,70,70,70,735,735,5385.87,136.1,725.1,413.25,22.11,0.111156,0.201673,0.143189,0.139628,0.017449,0.37773,0.0692,0.07,
0.39,5.5,9,70,70,70,633,633,5800.41,132.5,620.1,394.09,22.02,0.104514,0.202265,0.142372,0.139223,0.021793,0.37627,0.0691,0.07,
0.39,6,0,70,70,70,839,839,5915.65,130.8,825.1,401.83,23.26,0.105149,0.216446,0.148754,0.147074,0.019866,0.38486,0.0691,0.07,
0.39,6,1,70,70,70,713,713,5453.07,195.1,700.1,389.39,21.76,0.101596,0.182454,0.140569,0.138592,0.01916,0.37407,0.0689,0.07,
0.39,6,2,70,70,70,756,756,5373.71,90.1,745.1,400.99,21.62,0.107074,0.24208,0.147931,0.14651,0.022545,0.38357,0.069,0.07,
0.39,6,3,70,70,70,683,683,5469.73,145.1,670.1,419.78,21.72,0.109767,0.19816,0.144558,0.14505,0.01984,0.37934,0.0693,0.07,
0.39,6,4,70,70,70,751,751,6255.13,183.4,740.1,431.94,23.38,0.110275,0.215279,0.146135,0.146992,0.021037,0.38132,0.0691,0.07,
0.39,6,5,70,70,70,801,801,5378.63,252.6,790.1,432.86,22.17,0.109508,0.202108,0.143716,0.13849,0.019957,0.37824,0.069,0.07,
0.39,6,6,70,70,70,675,675,5854.1,172.1,665.1,417.3,22.39,0.099159,0.217834,0.148899,0.148541,0.023729,0.38467,0.0693,0.07,
0.39,6,7,70,70,70,670,670,6014.68,115.1,660.1,424.05,22.56,0.109403,0.196234,0.144907,0.142779,0.020823,0.37971,0.0691,0.07,
0.39,6,8,70,70,70,735,735,5385.87,135.8,725.1,419.69,21.92,0.110714,0.203916,0.143135,0.13972,0.018374,0.37758,0.0692,0.07,
0.39,6,9,70,70,70,674,674,5800.41,132,665.1,408.77,22.22,0.103811,0.205118,0.142495,0.139637,0.021893,0.37643,0.069,0.07,
0.39,6.5,0,70,70,70,839,839,5915.65,130.1,825.1,406.47,23.08,0.106975,0.21732,0.148389,0.147493,0.020397,0.38434,0.0691,0.07,
0.39,6.5,1,70,70,70,718,718,5453.07,195.1,705.1,398.78,21.71,0.104699,0.184089,0.140862,0.137627,0.019191,0.37447,0.0689,0.07,
0.39,6.5,2,70,70,70,756,756,5373.71,91.3,745.3,406.34,21.61,0.106499,0.238108,0.147963,0.14684,0.022447,0.38362,0.069,0.07,
0.39,6.5,3,70,70,70,688,688,5469.73,145.1,675.1,415.13,21.54,0.110728,0.206939,0.145699,0.144766,0.022018,0.38066,0.0693,0.07,
0.39,6.5,4,70,70,70,754,754,6255.13,184.1,743.4,439.16,23.25,0.109404,0.212319,0.146702,0.145792,0.021625,0.382,0.0692,0.07,
0.39,6.5,5,70,70,70,801,801,5378.63,251.6,790.1,437.45,22,0.111601,0.203923,0.14355,0.138746,0.020724,0.37795,0.069,0.07,
0.39,6.5,6,70,70,70,706,706,5854.1,171.8,695.1,423.6,22.5,0.101602,0.220987,0.149296,0.149086,0.024249,0.38514,0.0693,0.07,
0.39,6.5,7,70,70,70,670,670,6014.68,115.1,660.1,434.59,22.69,0.111738,0.198339,0.145004,0.1451,0.021266,0.3798,0.069,0.07,
0.39,6.5,8,70,70,70,735,735,5385.87,136.7,725.1,433.62,22,0.11186,0.202309,0.143613,0.14247,0.018687,0.37819,0.0691,0.07,
0.39,6.5,9,70,70,70,732,732,5800.41,131.3,720.1,416.81,22.26,0.106211,0.207479,0.143212,0.140734,0.022655,0.37731,0.0691,0.07,
0.39,7,0,70,70,70,839,839,5915.65,129,825.1,419.55,23.26,0.108308,0.222053,0.14766,0.146312,0.020222,0.38342,0.0692,0.07,
0.39,7,1,70,70,70,718,718,5453.07,195.1,705.1,397.72,21.77,0.1024,0.185319,0.141843,0.139327,0.019833,0.37572,0.0691,0.07,
0.39,7,2,70,70,70,899,899,5373.71,90.1,885.1,419.95,21.83,0.105834,0.254311,0.147501,0.147729,0.023272,0.38296,0.0689,0.07,
0.39,7,3,70,70,70,688,688,5469.73,145.1,675.1,422.13,21.61,0.109654,0.209678,0.144419,0.140902,0.021811,0.379,0.0691,0.07,
0.39,7,4,70,70,70,756,756,6255.13,184.6,745.1,448.2,23.24,0.108542,0.213754,0.146864,0.145164,0.022209,0.38217,0.0692,0.07,
0.39,7,5,70,70,70,806,806,5378.63,250.1,795.1,442.94,22.09,0.104387,0.205361,0.143436,0.136958,0.021809,0.3777,0.0689,0.07,
0.39,7,6,70,70,70,707,707,5854.1,171.5,696.7,430.7,22.42,0.096874,0.223895,0.148886,0.148715,0.025036,0.38452,0.0691,0.07,
0.39,7,7,70,70,70,698,698,6014.68,115.1,685.1,442.7,22.68,0.109476,0.201639,0.145817,0.145899,0.021408,0.38088,0.0691,0.07,
0.39,7,8,70,70,70,740,740,5385.87,139.8,730.1,447.54,22.13,0.110968,0.197667,0.143384,0.141022,0.018893,0.37787,0.069,0.07,
0.39,7,9,70,70,70,732,732,5800.41,125.1,720.1,421.11,22.27,0.10202,0.209964,0.142955,0.140442,0.023099,0.37691,0.0689,0.07,
0.4,3,0,70,70,70,532,532,5915.65,125.1,522,318.69,21.15,0.118007,0.206817,0.148308,0.145187,0.018032,0.38444,0.0693,0.07,
0.4,3,1,70,70,70,521,521,5453.07,155.1,510.1,318.62,20.03,0.102878,0.174327,0.143402,0.141317,0.016061,0.37809,0.0693,0.07,
0.4,3,2,70,70,70,670,670,5373.71,79.8,660.1,342.91,20.26,0.110929,0.185975,0.145382,0.148059,0.016005,0.38072,0.0691,0.07,
0.4,3,3,70,70,70,673,673,5469.73,116.2,660.1,351.76,20.37,0.114624,0.181848,0.143013,0.14132,0.016477,0.37756,0.069,0.07,
0.4,3,4,70,70,70,584,584,6255.13,101.8,570.1,357.22,21.58,0.115045,0.190868,0.144454,0.142486,0.016968,0.37943,0.0691,0.07,
0.4,3,5,70,70,70,590,590,5378.63,175.1,580.1,355.05,20.14,0.111603,0.178638,0.14302,0.140364,0.015536,0.37764,0.069,0.07,
0.4,3,6,70,70,70,515,515,5854.1,150.1,505.1,339.09,20.57,0.104222,0.195093,0.146822,0.144792,0.019003,0.38238,0.0692,0.07,
0.4,3,7,70,70,70,537,537,6014.68,98.7,525.1,333.38,20.68,0.098546,0.194765,0.144377,0.143244,0.018872,0.37918,0.0691,0.07,
0.4,3,8,70,70,70,539,539,5385.87,137,525.1,353.92,20.16,0.116876,0.188501,0.144202,0.142694,0.015209,0.37923,0.0692,0.07,
0.4,3,9,70,70,70,607,607,5800.41,130.1,595.1,345.16,20.66,0.107398,0.185837,0.1425,0.139973,0.017071,0.37683,0.0692,0.07,
0.4,3.5,0,70,70,70,568,568,5915.65,130.1,555.1,343.82,21.4,0.113018,0.212293,0.146995,0.145323,0.018182,0.3827,0.0691,0.07,
0.4,3.5,1,70,70,70,532,532,5453.07,160.1,520.1,351.48,20.46,0.111957,0.173889,0.14272,0.140412,0.015717,0.37722,0.0693,0.07,
0.4,3.5,2,70,70,70,741,741,5373.71,79.9,730.1,368.22,20.53,0.105265,0.192105,0.145534,0.146115,0.017182,0.38083,0.069,0.07,
0.4,3.5,3,70,70,70,673,673,5469.73,145.2,660.1,385.87,20.89,0.113339,0.18896,0.144096,0.14309,0.016878,0.37897,0.0693,0.07,
0.4,3.5,4,70,70,70,594,594,6255.13,180.2,580.1,383.64,22.04,0.11265,0.195653,0.145116,0.143161,0.017635,0.38026,0.0694,0.07,
0.4,3.5,5,70,70,70,595,595,5378.63,246,585.1,378.49,20.67,0.11817,0.18913,0.14461,0.141792,0.017127,0.37963,0.0694,0.07,
0.4,3.5,6,70,70,70,576,576,5854.1,159.6,565.5,351.11,20.93,0.100435,0.201555,0.147568,0.146385,0.020726,0.38321,0.0694,0.07,
0.4,3.5,7,70,70,70,622,622,6014.68,110,610.1,359.84,21.1,0.107314,0.200672,0.144594,0.143516,0.019921,0.37939,0.0693,0.07,
0.4,3.5,8,70,70,70,558,558,5385.87,138.1,545.1,368.57,20.6,0.109319,0.192116,0.144346,0.141994,0.016039,0.37937,0.0692,0.07,
0.4,3.5,9,70,70,70,612,612,5800.41,130.9,600.1,363.8,20.96,0.109264,0.191186,0.142518,0.140459,0.017891,0.3768,0.0694,0.07,
0.4,4,0,70,70,70,584,584,5915.65,131.7,570.1,365.51,21.9,0.107616,0.21647,0.147686,0.144944,0.0193,0.38352,0.0691,0.07,
0.4,4,1,70,70,70,602,602,5453.07,174.1,590.1,360.6,20.58,0.101363,0.176817,0.142037,0.140681,0.0163,0.37626,0.0691,0.07,
0.4,4,2,70,70,70,746,746,5373.71,80.1,735.1,384,20.89,0.097358,0.188513,0.14548,0.145801,0.017766,0.38071,0.0689,0.07,
0.4,4,3,70,70,70,678,678,5469.73,146.1,665.1,402.37,21.23,0.117144,0.189661,0.142909,0.140238,0.017757,0.37733,0.069,0.07,
0.4,4,4,70,70,70,643,643,6255.13,183.1,633,399.3,22.61,0.112753,0.199368,0.144625,0.143915,0.018803,0.37951,0.0691,0.07,
0.4,4,5,70,70,70,656,656,5378.63,250.1,645.1,397.78,21.15,0.114923,0.191011,0.142758,0.13937,0.017146,0.37719,0.069,0.07,
0.4,4,6,70,70,70,581,581,5854.1,163.9,570.9,373.59,21.52,0.110252,0.205844,0.146955,0.146434,0.020339,0.38245,0.0692,0.07,
0.4,4,7,70,70,70,627,627,6014.68,115.5,615.1,387.33,21.77,0.110978,0.201956,0.144808,0.14443,0.019125,0.37974,0.0692,0.07,
0.4,4,8,70,70,70,603,603,5385.87,138.6,590.1,388.93,21.08,0.115357,0.195657,0.144258,0.142743,0.016574,0.37921,0.0693,0.07,
0.4,4,9,70,70,70,625,625,5800.41,135.1,612.9,378.85,21.43,0.104508,0.19199,0.142558,0.140733,0.01902,0.37676,0.0692,0.07,
0.4,4.5,0,70,70,70,628,628,5915.65,136,615.1,377.37,22.47,0.11358,0.219981,0.14963,0.145843,0.02155,0.38588,0.0694,0.07,
0.4,4.5,1,70,70,70,607,607,5453.07,195.1,595.1,377.47,21.12,0.106027,0.18124,0.14187,0.139676,0.017688,0.37594,0.0691,0.07,
0.4,4.5,2,70,70,70,751,751,5373.71,80.5,740.1,395.64,21.27,0.103982,0.198521,0.146042,0.146294,0.018281,0.38142,0.069,0.07,
0.4,4.5,3,70,70,70,683,683,5469.73,146.5,670.1,416.33,21.59,0.112686,0.18833,0.143078,0.139888,0.01847,0.3775,0.0689,0.07,
0.4,4.5,4,70,70,70,661,661,6255.13,186.7,650.1,415.94,22.95,0.109693,0.203632,0.145011,0.144236,0.019627,0.37996,0.0692,0.07,
0.4,4.5,5,70,70,70,711,711,5378.63,250.1,700.1,410.06,21.36,0.112103,0.196526,0.144559,0.138765,0.018042,0.3795,0.0693,0.07,
0.4,4.5,6,70,70,70,663,663,5854.1,168.2,650.1,393.04,21.9,0.10533,0.209656,0.148678,0.146939,0.021994,0.38455,0.0694,0.07,
0.4,4.5,7,70,70,70,632,632,6014.68,122.9,620.1,400.93,21.95,0.109334,0.189481,0.145421,0.144461,0.019862,0.38047,0.0694,0.07,
0.4,4.5,8,70,70,70,730,730,5385.87,139.1,720.1,407.51,21.44,0.107593,0.199168,0.143954,0.141511,0.017455,0.37874,0.0692,0.07,
0.4,4.5,9,70,70,70,628,628,5800.41,136,615.1,392.2,21.72,0.106696,0.194698,0.142203,0.139094,0.019704,0.37623,0.0691,0.07,
0.4,5,0,70,70,70,628,628,5915.65,135.1,615.1,396.41,22.56,0.104584,0.224005,0.14803,0.14302,0.021014,0.38384,0.069,0.07,
0.4,5,1,70,70,70,713,713,5453.07,195.3,700.1,389.11,21.29,0.110311,0.1844,0.141196,0.139495,0.01737,0.37507,0.0691,0.07,
0.4,5,2,70,70,70,751,751,5373.71,85.3,740.1,403.27,21.27,0.099423,0.204892,0.147526,0.147994,0.019765,0.38324,0.0693,0.07,
0.4,5,3,70,70,70,683,683,5469.73,146.2,670.1,423.72,21.57,0.108677,0.193608,0.143744,0.141059,0.018485,0.37838,0.0692,0.07,
0.4,5,4,70,70,70,673,673,6255.13,188,662.4,426.13,23.27,0.113408,0.205835,0.145969,0.143562,0.019487,0.38124,0.0693,0.07,
0.4,5,5,70,70,70,730,730,5378.63,260.2,720.1,427.38,22.23,0.10884,0.195845,0.14407,0.138977,0.018997,0.37878,0.0691,0.07,
0.4,5,6,70,70,70,675,675,5854.1,175.2,665.1,419.12,22.53,0.097651,0.214266,0.147492,0.147822,0.022241,0.38298,0.0691,0.07,
0.4,5,7,70,70,70,652,652,6014.68,123.4,640.1,419.22,22.72,0.111327,0.187087,0.145136,0.141626,0.019611,0.38012,0.0692,0.07,
0.4,5,8,70,70,70,735,735,5385.87,138.8,725.1,424.19,22.11,0.113935,0.201513,0.143469,0.14025,0.018009,0.37806,0.0691,0.07,
0.4,5,9,70,70,70,633,633,5800.41,136.7,620.1,401.63,22.18,0.109032,0.200518,0.142494,0.140887,0.020161,0.37658,0.0692,0.07,
0.4,5.5,0,70,70,70,839,839,5915.65,134.5,825.1,415.05,23.34,0.107859,0.21704,0.14792,0.147108,0.020289,0.38374,0.0689,0.07,
0.4,5.5,1,70,70,70,716,716,5453.07,195.9,703.6,399.13,21.95,0.101351,0.186076,0.14158,0.137547,0.019199,0.37543,0.0692,0.07,
0.4,5.5,2,70,70,70,756,756,5373.71,86,745.1,411.43,21.85,0.108564,0.207209,0.146674,0.147165,0.019345,0.38217,0.0691,0.07,
0.4,5.5,3,70,70,70,683,683,5469.73,145.7,670.1,429.99,22.06,0.111741,0.19773,0.143631,0.141812,0.019439,0.37815,0.0692,0.07,
0.4,5.5,4,70,70,70,751,751,6255.13,189,740.1,440.02,23.59,0.109896,0.205186,0.145843,0.146247,0.020696,0.38096,0.0691,0.07,
0.4,5.5,5,70,70,70,801,801,5378.63,262.1,790.1,438.6,22.14,0.11177,0.199227,0.144217,0.140357,0.019465,0.37894,0.0692,0.07,
0.4,5.5,6,70,70,70,707,707,5854.1,175.2,696.9,430.92,22.75,0.101039,0.21766,0.148259,0.147458,0.023343,0.38387,0.0691,0.07,
0.4,5.5,7,70,70,70,670,670,6014.68,123.8,660.1,429.5,22.58,0.109817,0.193073,0.14507,0.1456,0.02077,0.37993,0.069,0.07,
0.4,5.5,8,70,70,70,735,735,5385.87,138.4,725.1,437.24,22.25,0.111788,0.203732,0.143693,0.140754,0.019379,0.37824,0.0691,0.07,
0.4,5.5,9,70,70,70,674,674,5800.41,136.6,665.1,419.39,22.46,0.104179,0.202541,0.14346,0.140572,0.021713,0.37773,0.0692,0.07,
0.4,6,0,70,70,70,839,839,5915.65,132.8,825.1,420.92,23.33,0.110413,0.219029,0.14872,0.145975,0.020357,0.38479,0.0692,0.07,
0.4,6,1,70,70,70,718,718,5453.07,196.2,705.1,402.62,21.79,0.105929,0.187766,0.14188,0.138983,0.019437,0.37581,0.0692,0.07,
0.4,6,2,70,70,70,759,759,5373.71,90.1,748.1,417.58,21.81,0.106304,0.249404,0.147185,0.148149,0.022518,0.38261,0.0689,0.07,
0.4,6,3,70,70,70,688,688,5469.73,145.1,675.1,435.65,21.87,0.107593,0.200824,0.143584,0.140563,0.020309,0.37802,0.0692,0.07,
0.4,6,4,70,70,70,756,756,6255.13,189.7,745.1,452.69,23.68,0.105917,0.215471,0.146463,0.144073,0.021646,0.3817,0.0692,0.07,
0.4,6,5,70,70,70,801,801,5378.63,255.1,790.1,440.56,22.29,0.106986,0.20503,0.144144,0.138896,0.020618,0.37874,0.0691,0.07,
0.4,6,6,70,70,70,711,711,5854.1,175.1,700.1,436.83,22.77,0.094959,0.222029,0.148774,0.147798,0.023821,0.38449,0.0692,0.07,
0.4,6,7,70,70,70,698,698,6014.68,124.2,685.1,440.9,22.78,0.11047,0.199105,0.145998,0.145552,0.021477,0.3811,0.0692,0.07,
0.4,6,8,70,70,70,735,735,5385.87,138.1,725.1,445.15,22.37,0.112372,0.205926,0.144593,0.143065,0.019344,0.37945,0.0692,0.07,
0.4,6,9,70,70,70,732,732,5800.41,136.2,720.1,426.88,22.66,0.108755,0.206143,0.143218,0.140468,0.022217,0.37737,0.0691,0.07,
0.4,6.5,0,70,70,70,844,844,5915.65,131.3,830.1,440.57,23.61,0.112519,0.221527,0.147826,0.14355,0.019632,0.38369,0.0692,0.07,
0.4,6.5,1,70,70,70,718,718,5453.07,196.3,705.1,406.27,21.86,0.104098,0.189317,0.142145,0.138972,0.019928,0.37613,0.0692,0.07,
0.4,6.5,2,70,70,70,899,899,5373.71,91.7,885.3,429.1,22.07,0.108962,0.247131,0.148053,0.149753,0.022279,0.38376,0.0691,0.07,
0.4,6.5,3,70,70,70,788,788,5469.73,145.1,775.1,448.09,22.24,0.103759,0.203013,0.143024,0.139045,0.020406,0.37726,0.069,0.07,
0.4,6.5,4,70,70,70,756,756,6255.13,190.1,745.1,462.25,25.29,0.107454,0.218149,0.146572,0.144607,0.022277,0.38179,0.0691,0.07,
0.4,6.5,5,70,70,70,806,806,5378.63,255.1,795.1,447.92,23.75,0.100458,0.20594,0.14404,0.140421,0.021749,0.3785,0.0691,0.07,
0.4,6.5,6,70,70,70,711,711,5854.1,175.1,700.1,443.56,24.32,0.099032,0.226847,0.149363,0.148332,0.024647,0.3852,0.0691,0.07,
0.4,6.5,7,70,70,70,698,698,6014.68,125.1,685.8,456.51,24.63,0.11075,0.197993,0.145397,0.142534,0.021466,0.38031,0.0691,0.07,
0.4,6.5,8,70,70,70,792,792,5385.87,137.6,780.1,458.96,24.05,0.099282,0.208204,0.144296,0.142489,0.019835,0.37901,0.0691,0.07,
0.4,6.5,9,70,70,70,732,732,5800.41,134.4,720.1,431.02,23.97,0.104392,0.208609,0.144328,0.14023,0.022608,0.3788,0.0691,0.07,
0.4,7,0,70,70,70,869,869,5915.65,130.1,855.1,451.64,25.38,0.116332,0.223743,0.147254,0.142208,0.020993,0.38283,0.069,0.07,
0.4,7,1,70,70,70,718,718,5453.07,196.2,705.1,413.62,23.52,0.104843,0.190827,0.142013,0.138418,0.020858,0.37586,0.0691,0.07,
0.4,7,2,70,70,70,904,904,5373.71,90.3,890.1,436.6,23.76,0.103565,0.257528,0.148306,0.148256,0.023415,0.38401,0.069,0.07,
0.4,7,3,70,70,70,793,793,5469.73,145.1,780.1,458.93,23.83,0.10491,0.204509,0.142818,0.138675,0.020039,0.37702,0.0691,0.07,
0.4,7,4,70,70,70,759,759,6255.13,190.1,748.9,471.59,18.64,0.108545,0.217463,0.147677,0.146728,0.022421,0.38323,0.0694,0.07,
0.4,7,5,70,70,70,806,806,5378.63,255.1,795.1,454.72,17.33,0.096734,0.20618,0.144629,0.140822,0.021714,0.37928,0.0691,0.07,
0.4,7,6,70,70,70,715,715,5854.1,174.8,704.6,443.91,17.61,0.093614,0.228622,0.149542,0.147001,0.025417,0.38535,0.0691,0.07,
0.4,7,7,70,70,70,703,703,6014.68,125.1,690.1,463.85,17.76,0.109064,0.19695,0.145564,0.141925,0.021572,0.38051,0.069,0.07,
0.4,7,8,70,70,70,802,802,5385.87,140.2,790.1,465.73,17.31,0.101106,0.204771,0.143986,0.14096,0.020521,0.37853,0.0689,0.07,
0.4,7,9,70,70,70,763,763,5800.41,132.7,750.1,440.45,17.27,0.106294,0.211566,0.144778,0.140307,0.023561,0.37929,0.0691,0.07,
