I_U,T_INT,seed,nodes_measured,n_targets,total_assignments,sim_elapsed_s,total_survey_time_s,fleet_distance_m,conv_time_min_s,conv_time_max_s,conv_time_mean_s,wall_time_s,var_Ubar_min,var_Ubar_max,var_Ubar_mean,var_Ubar_median,var_Ubar_std,sigma_Ubar_mean,ci_rel_mean,ci_rel_max,error
0.25,3,0,70,70,70,120,120,5915.65,79.8,107,83.19,13.01,0.129226,0.692821,0.300387,0.277538,0.111509,0.54004,0.0982,0.14,
0.25,3,1,70,70,70,122,122,5453.07,79.8,113,86.03,12.19,0.128416,0.703365,0.310417,0.282943,0.116152,0.54877,0.1017,0.14,
0.25,3,2,70,70,70,117,117,5373.71,79.8,105.7,85.1,11.94,0.096594,0.641296,0.311456,0.307914,0.112748,0.54889,0.1002,0.14,
0.25,3,3,70,70,70,127,127,5469.73,79.8,115.1,85.5,12.09,0.132961,0.570604,0.324842,0.308892,0.100598,0.56317,0.1043,0.1399,
0.25,3,4,70,70,70,122,122,6255.13,79.8,108.1,85.16,12.81,0.142655,0.589484,0.325371,0.309685,0.104303,0.5633,0.1032,0.14,
0.25,3,5,70,70,70,123,123,5378.63,79.8,113,86.47,11.84,0.162596,0.647664,0.317432,0.31041,0.093702,0.55762,0.1032,0.1343,
0.25,3,6,70,70,70,134,134,5854.1,79.8,121.3,83.51,12.39,0.129954,0.566972,0.329139,0.32171,0.10777,0.56582,0.1043,0.1399,
0.25,3,7,70,70,70,129,129,6014.68,79.8,117.1,85.68,12.34,0.114992,0.606292,0.317026,0.30364,0.107525,0.55509,0.1017,0.14,
0.25,3,8,70,70,70,136,136,5385.87,79.8,122.2,86.83,11.9,0.194891,0.595649,0.328025,0.310506,0.094496,0.56718,0.105,0.1399,
0.25,3,9,70,70,70,124,124,5800.41,79.8,111,85.96,12.41,0.148194,0.617465,0.329368,0.308621,0.108586,0.5662,0.1053,0.14,
0.25,3.5,0,70,70,70,137,137,5915.65,79.8,126.2,86.64,13.67,0.130888,0.663956,0.303704,0.280073,0.108486,0.54344,0.0986,0.139,
0.25,3.5,1,70,70,70,132,132,5453.07,79.8,120.1,89.73,12.69,0.135589,0.617988,0.308782,0.285904,0.107988,0.54815,0.1019,0.14,
0.25,3.5,2,70,70,70,130,130,5373.71,79.8,117.4,88.18,12.41,0.099317,0.658959,0.317186,0.320278,0.112694,0.55411,0.1011,0.1399,
0.25,3.5,3,70,70,70,125,125,5469.73,79.8,115.8,87.42,12.47,0.142173,0.56948,0.335871,0.322191,0.104821,0.57253,0.1058,0.14,
0.25,3.5,4,70,70,70,139,139,6255.13,79.8,125.1,88.22,13.35,0.153345,0.594775,0.330489,0.310827,0.106206,0.56765,0.1038,0.1399,
0.25,3.5,5,70,70,70,133,133,5378.63,79.8,123,89.49,12.36,0.167127,0.687969,0.321525,0.306817,0.103303,0.56026,0.1035,0.1374,
0.25,3.5,6,70,70,70,138,138,5854.1,79.8,125.1,86.65,12.76,0.133533,0.63182,0.334954,0.315665,0.113254,0.57041,0.105,0.1389,
0.25,3.5,7,70,70,70,132,132,6014.68,79.8,121,88.45,12.85,0.11451,0.617486,0.322954,0.320434,0.10505,0.56069,0.1027,0.14,
0.25,3.5,8,70,70,70,144,144,5385.87,79.8,132.4,90.58,12.23,0.192473,0.583681,0.325883,0.318481,0.09155,0.56557,0.1047,0.1399,
0.25,3.5,9,70,70,70,133,133,5800.41,79.8,120.6,89.58,12.49,0.140396,0.620294,0.331201,0.309847,0.109755,0.56779,0.1057,0.14,
0.25,4,0,70,70,70,143,143,5915.65,79.8,131.4,88.66,14.18,0.132729,0.692786,0.312252,0.284325,0.114091,0.55052,0.0998,0.14,
0.25,4,1,70,70,70,138,138,5453.07,79.8,127,92.06,12.94,0.128959,0.659498,0.315023,0.293588,0.114373,0.55305,0.1026,0.14,
0.25,4,2,70,70,70,157,157,5373.71,79.8,143.2,91.15,12.78,0.102646,0.682602,0.318509,0.319833,0.114861,0.55516,0.1015,0.14,
0.25,4,3,70,70,70,130,130,5469.73,79.8,120.1,89.12,12.88,0.149826,0.557009,0.342212,0.32405,0.106824,0.57794,0.1071,0.14,
0.25,4,4,70,70,70,144,144,6255.13,79.8,130.1,91.06,13.74,0.150991,0.630317,0.335583,0.313323,0.109525,0.57182,0.1045,0.14,
0.25,4,5,70,70,70,135,135,5378.63,79.8,124.7,90.27,12.67,0.163956,0.719014,0.331806,0.315315,0.110161,0.56879,0.1053,0.1399,
0.25,4,6,70,70,70,138,138,5854.1,79.8,125.1,87.99,13.18,0.137093,0.676115,0.338309,0.327227,0.113204,0.57355,0.1055,0.14,
0.25,4,7,70,70,70,136,136,6014.68,79.8,124.1,89.23,13.24,0.114872,0.615945,0.332757,0.32784,0.105524,0.56933,0.1043,0.14,
0.25,4,8,70,70,70,159,159,5385.87,79.8,146,93.77,12.74,0.180999,0.612034,0.325554,0.318768,0.097528,0.56436,0.1044,0.14,
0.25,4,9,70,70,70,147,147,5800.41,79.8,138,91.67,13.2,0.145021,0.610775,0.337731,0.316004,0.107458,0.5739,0.1072,0.1394,
0.25,4.5,0,70,70,70,161,161,5915.65,79.8,152.6,90.86,14.37,0.134806,0.736544,0.318158,0.292322,0.120159,0.55518,0.1006,0.1399,
0.25,4.5,1,70,70,70,145,145,5453.07,79.8,133.5,95.11,13.17,0.125548,0.67186,0.317747,0.290329,0.117231,0.5549,0.1031,0.1399,
0.25,4.5,2,70,70,70,164,164,5373.71,79.8,150.9,93.61,12.94,0.106362,0.643872,0.318697,0.311757,0.115094,0.55525,0.1017,0.14,
0.25,4.5,3,70,70,70,133,133,5469.73,79.8,124.9,90.88,12.94,0.156197,0.625794,0.345476,0.338346,0.111714,0.58024,0.1074,0.14,
0.25,4.5,4,70,70,70,166,166,6255.13,79.8,152.4,93.92,13.95,0.153392,0.617,0.333046,0.322456,0.106768,0.5698,0.1039,0.14,
0.25,4.5,5,70,70,70,148,148,5378.63,79.8,137,93.87,12.94,0.155263,0.664589,0.331314,0.321171,0.105685,0.56863,0.1054,0.1356,
0.25,4.5,6,70,70,70,154,154,5854.1,79.8,142,90.09,13.41,0.140619,0.68675,0.335723,0.323172,0.111718,0.5716,0.1054,0.1399,
0.25,4.5,7,70,70,70,139,139,6014.68,79.8,128.4,90.68,13.4,0.115811,0.613212,0.336447,0.332924,0.105353,0.57264,0.1048,0.1399,
0.25,4.5,8,70,70,70,166,166,5385.87,79.8,152.7,96.6,12.95,0.184018,0.591918,0.332639,0.319015,0.103783,0.56991,0.1056,0.1399,
0.25,4.5,9,70,70,70,175,175,5800.41,79.8,165.4,94.19,13.35,0.159784,0.604087,0.34468,0.328273,0.115439,0.57903,0.108,0.14,
0.25,5,0,70,70,70,167,167,5915.65,79.8,158.7,95.86,14.69,0.139806,0.644344,0.309911,0.292042,0.112866,0.54825,0.0991,0.1398,
0.25,5,1,70,70,70,147,147,5453.07,79.8,135.5,100.04,13.6,0.108625,0.610715,0.312487,0.281153,0.117442,0.54983,0.1022,0.14,
0.25,5,2,70,70,70,168,168,5373.71,79.8,154.4,98.34,13.28,0.110259,0.624884,0.320083,0.299381,0.11694,0.55628,0.1018,0.14,
0.25,5,3,70,70,70,155,155,5469.73,79.8,141.5,96,13.39,0.122629,0.720215,0.335911,0.320194,0.119614,0.57074,0.1056,0.14,
0.25,5,4,70,70,70,176,176,6255.13,79.8,162.3,98.03,14.26,0.093286,0.623381,0.329316,0.31256,0.111253,0.56555,0.1032,0.14,
0.25,5,5,70,70,70,151,151,5378.63,79.8,139.7,96.86,13.19,0.149204,0.677484,0.333425,0.314537,0.109981,0.5701,0.1056,0.1399,
0.25,5,6,70,70,70,158,158,5854.1,79.8,145.4,93.6,13.74,0.144077,0.682681,0.333433,0.30807,0.114982,0.56915,0.1047,0.1399,
0.25,5,7,70,70,70,156,156,6014.68,79.8,146.3,94.89,13.76,0.117196,0.619098,0.332771,0.331753,0.107937,0.56913,0.1042,0.1399,
0.25,5,8,70,70,70,169,169,5385.87,79.8,155.3,99.51,13.28,0.179374,0.585094,0.331806,0.318094,0.094586,0.57028,0.1059,0.1399,
0.25,5,9,70,70,70,180,180,5800.41,79.8,170.1,96.88,13.71,0.160686,0.546666,0.337727,0.306417,0.109719,0.57355,0.1071,0.14,
0.25,5.5,0,70,70,70,172,172,5915.65,79.8,163.5,100.29,15.44,0.133411,0.645012,0.304394,0.294018,0.11299,0.54286,0.098,0.14,
0.25,5.5,1,70,70,70,154,154,5453.07,79.8,142.2,102.39,14.13,0.096533,0.640958,0.303278,0.269832,0.116896,0.54159,0.1006,0.14,
0.25,5.5,2,70,70,70,176,176,5373.71,79.8,162.5,102,14.1,0.114034,0.639979,0.315042,0.295038,0.113839,0.55238,0.1012,0.14,
0.25,5.5,3,70,70,70,170,170,5469.73,79.8,157,98.49,14.09,0.148113,0.596473,0.329343,0.321167,0.109223,0.56612,0.105,0.1399,
0.25,5.5,4,70,70,70,198,198,6255.13,79.8,185.2,102.7,15.04,0.104872,0.730005,0.325259,0.306962,0.116623,0.56165,0.1026,0.14,
0.25,5.5,5,70,70,70,155,155,5378.63,79.8,144.7,100.05,13.74,0.148284,0.686475,0.334172,0.32885,0.114106,0.57003,0.1056,0.1382,
0.25,5.5,6,70,70,70,170,170,5854.1,79.8,157.6,96.59,14.02,0.141482,0.689115,0.325924,0.306643,0.115979,0.56225,0.1034,0.1399,
0.25,5.5,7,70,70,70,177,177,6014.68,79.8,164.4,99.91,14.36,0.118944,0.593925,0.326037,0.322357,0.109167,0.56276,0.1031,0.14,
0.25,5.5,8,70,70,70,173,173,5385.87,79.8,159.3,105.03,13.72,0.144148,0.565612,0.322624,0.313317,0.096127,0.56183,0.1041,0.14,
0.25,5.5,9,70,70,70,181,181,5800.41,79.8,171.9,99.92,13.99,0.152364,0.546469,0.330868,0.301613,0.10891,0.56761,0.1062,0.14,
0.25,6,0,70,70,70,176,176,5915.65,79.8,167.5,102.99,15.29,0.125874,0.652411,0.305224,0.29158,0.115664,0.54312,0.098,0.14,
0.25,6,1,70,70,70,205,205,5453.07,79.8,192.3,105.5,14.24,0.096003,0.663475,0.293767,0.261869,0.113675,0.53309,0.0989,0.14,
0.25,6,2,70,70,70,202,202,5373.71,79.8,189.9,105.44,14.03,0.117456,0.603645,0.315212,0.286716,0.118836,0.55176,0.1013,0.14,
0.25,6,3,70,70,70,174,174,5469.73,79.8,161.2,102.83,13.95,0.170162,0.659514,0.315457,0.282855,0.113003,0.55332,0.1024,0.1399,
0.25,6,4,70,70,70,200,200,6255.13,79.8,187.9,106.38,15.07,0.113543,0.649775,0.315037,0.305651,0.10555,0.5536,0.1014,0.14,
0.25,6,5,70,70,70,188,188,5378.63,79.8,177.3,103.79,13.86,0.111782,0.692349,0.334803,0.331673,0.121379,0.56928,0.1053,0.1378,
0.25,6,6,70,70,70,173,173,5854.1,79.8,160.7,101.11,14.37,0.128689,0.676608,0.314154,0.299576,0.115074,0.55154,0.1014,0.1359,
0.25,6,7,70,70,70,181,181,6014.68,79.8,168.6,104.54,14.44,0.120924,0.595912,0.314605,0.30451,0.10856,0.55265,0.1013,0.14,
0.25,6,8,70,70,70,227,227,5385.87,79.8,218,110.7,13.98,0.141915,0.549845,0.322194,0.308362,0.095213,0.56147,0.1036,0.1399,
0.25,6,9,70,70,70,184,184,5800.41,79.8,174.2,104.35,14.29,0.144604,0.601411,0.321063,0.284,0.104926,0.55941,0.1047,0.1399,
0.25,6.5,0,70,70,70,180,180,5915.65,79.8,171.3,105.34,15.33,0.119585,0.680979,0.310481,0.290686,0.113829,0.54821,0.0987,0.1399,
0.25,6.5,1,70,70,70,217,217,5453.07,79.8,204.3,109.37,14.32,0.093127,0.652743,0.289891,0.259301,0.114926,0.52897,0.0982,0.1389,
0.25,6.5,2,70,70,70,224,224,5373.71,79.8,214.7,107.6,14.03,0.120573,0.614497,0.317683,0.285563,0.121678,0.55371,0.1017,0.1399,
0.25,6.5,3,70,70,70,176,176,5469.73,79.8,163,105.72,14.01,0.118271,0.657983,0.312271,0.28094,0.120299,0.54913,0.1014,0.1393,
0.25,6.5,4,70,70,70,209,209,6255.13,79.8,196.6,108.82,15.04,0.148947,0.601029,0.309553,0.294665,0.102805,0.54901,0.1005,0.14,
0.25,6.5,5,70,70,70,190,190,5378.63,79.8,179.8,107.25,13.93,0.121011,0.695718,0.33224,0.314863,0.126391,0.56633,0.1047,0.1399,
0.25,6.5,6,70,70,70,176,176,5854.1,79.8,163.8,101.71,14.34,0.139044,0.70529,0.324599,0.308736,0.130885,0.55923,0.1029,0.14,
0.25,6.5,7,70,70,70,188,188,6014.68,79.8,176,106.62,14.48,0.123099,0.619314,0.316791,0.305939,0.111798,0.55422,0.1017,0.14,
0.25,6.5,8,70,70,70,232,232,5385.87,79.8,222.3,113.9,13.98,0.133765,0.630523,0.325879,0.30701,0.103497,0.56387,0.104,0.1399,
0.25,6.5,9,70,70,70,190,190,5800.41,79.8,180.4,106.94,14.34,0.135326,0.60277,0.319307,0.289882,0.108079,0.55733,0.1049,0.1399,
0.25,7,0,70,70,70,203,203,5915.65,79.8,189.9,109.29,15.72,0.11466,0.684976,0.313658,0.306846,0.119956,0.55013,0.0989,0.1399,
0.25,7,1,70,70,70,224,224,5453.07,79.8,214.1,112.71,14.65,0.092052,0.653856,0.288791,0.258504,0.118445,0.52723,0.0976,0.14,
0.25,7,2,70,70,70,226,226,5373.71,79.8,216.7,109.84,14.23,0.123429,0.632904,0.318846,0.290953,0.120424,0.55486,0.1019,0.14,
0.25,7,3,70,70,70,182,182,5469.73,79.8,170.4,107.65,14.43,0.124821,0.744744,0.312989,0.2786,0.125814,0.54927,0.1015,0.14,
0.25,7,4,70,70,70,213,213,6255.13,79.8,203.6,111.04,15.26,0.139599,0.586159,0.310172,0.29081,0.104697,0.54921,0.1006,0.14,
0.25,7,5,70,70,70,188,188,5378.63,79.8,175.5,108.41,14.24,0.133841,0.73753,0.339683,0.302992,0.134529,0.57203,0.1057,0.14,
0.25,7,6,70,70,70,179,179,5854.1,79.8,166.9,104.53,14.62,0.133496,0.703834,0.32133,0.301847,0.128543,0.55655,0.1025,0.14,
0.25,7,7,70,70,70,192,192,6014.68,79.8,179.1,109.97,14.76,0.125582,0.641049,0.31857,0.303523,0.121336,0.55449,0.1018,0.14,
0.25,7,8,70,70,70,234,234,5385.87,79.8,224.9,116.02,14.31,0.134283,0.630915,0.327312,0.306451,0.106256,0.56474,0.1042,0.14,
0.25,7,9,70,70,70,211,211,5800.41,79.8,200,112.86,14.63,0.115367,0.612001,0.302756,0.278639,0.106418,0.54206,0.1017,0.14,
0.26,3,0,70,70,70,121,121,5915.65,79.8,107.6,84.52,15.31,0.135072,0.701933,0.312656,0.290177,0.114802,0.55106,0.1003,0.1399,
0.26,3,1,70,70,70,123,123,5453.07,79.8,113.5,87.03,14.24,0.133742,0.710976,0.322842,0.295479,0.11307,0.56043,0.104,0.1399,
0.26,3,2,70,70,70,118,118,5373.71,79.8,106.2,86.09,13.97,0.100618,0.660235,0.325268,0.32689,0.116545,0.56096,0.1023,0.14,
0.26,3,3,70,70,70,127,127,5469.73,79.8,116,86.42,14.07,0.138375,0.568593,0.343501,0.326894,0.10505,0.57919,0.1073,0.14,
0.26,3,4,70,70,70,122,122,6255.13,79.8,108.7,85.95,14.97,0.149136,0.609023,0.339035,0.326144,0.105355,0.57529,0.1054,0.14,
0.26,3,5,70,70,70,132,132,5378.63,79.8,121.6,87.23,13.81,0.172726,0.696653,0.334101,0.324994,0.101142,0.57183,0.1058,0.1388,
0.26,3,6,70,70,70,138,138,5854.1,79.8,125.1,84.62,14.31,0.134968,0.601391,0.340498,0.337272,0.106312,0.57606,0.1062,0.1397,
0.26,3,7,70,70,70,129,129,6014.68,79.8,117.7,86.49,14.36,0.12209,0.616609,0.329954,0.322357,0.105395,0.567,0.1038,0.14,
0.26,3,8,70,70,70,140,140,5385.87,79.8,128.1,88.35,13.8,0.202897,0.63315,0.339843,0.328493,0.092556,0.57786,0.1071,0.14,
0.26,3,9,70,70,70,127,127,5800.41,79.8,114.2,87.14,14.27,0.156485,0.625509,0.344768,0.327913,0.114749,0.57907,0.1078,0.14,
0.26,3.5,0,70,70,70,138,138,5915.65,79.8,127.3,87.42,15.24,0.136833,0.708816,0.319523,0.293999,0.115984,0.55709,0.1011,0.14,
0.26,3.5,1,70,70,70,136,136,5453.07,79.8,124.3,91.21,14.12,0.141145,0.661646,0.323383,0.300249,0.113525,0.56085,0.1041,0.14,
0.26,3.5,2,70,70,70,131,131,5373.71,79.8,118.1,89.51,13.77,0.103431,0.659592,0.33013,0.334757,0.113665,0.56577,0.1033,0.14,
0.26,3.5,3,70,70,70,130,130,5469.73,79.8,120.1,88.01,13.9,0.148092,0.566769,0.353973,0.341238,0.107455,0.58806,0.1088,0.14,
0.26,3.5,4,70,70,70,141,141,6255.13,79.8,127.9,89.31,14.88,0.16052,0.632719,0.345426,0.321763,0.111304,0.58032,0.106,0.1399,
0.26,3.5,5,70,70,70,134,134,5378.63,79.8,123.3,89.91,13.64,0.170221,0.668601,0.342155,0.330197,0.109499,0.57788,0.1069,0.1399,
0.26,3.5,6,70,70,70,138,138,5854.1,79.8,125.1,87.77,14.33,0.138658,0.607842,0.346791,0.328572,0.11302,0.58082,0.1069,0.14,
0.26,3.5,7,70,70,70,133,133,6014.68,79.8,121.6,88.97,14.33,0.1214,0.614829,0.340129,0.338867,0.106592,0.57575,0.1055,0.14,
0.26,3.5,8,70,70,70,155,155,5385.87,79.8,144,91.89,13.67,0.186156,0.629803,0.340866,0.336314,0.103264,0.57744,0.1068,0.1386,
0.26,3.5,9,70,70,70,145,145,5800.41,79.8,135.3,90.54,14.13,0.146955,0.627235,0.346304,0.326855,0.111649,0.58082,0.1082,0.14,
0.26,4,0,70,70,70,144,144,5915.65,79.8,132.3,90.36,15.23,0.13874,0.74781,0.323255,0.299401,0.11736,0.56025,0.1013,0.1399,
0.26,4,1,70,70,70,139,139,5453.07,79.8,127.8,92.91,14.2,0.130818,0.67254,0.329767,0.31206,0.117756,0.56593,0.1051,0.14,
0.26,4,2,70,70,70,160,160,5373.71,79.8,146.1,92.06,13.82,0.10694,0.642611,0.335041,0.331765,0.117614,0.56969,0.1042,0.14,
0.26,4,3,70,70,70,132,132,5469.73,79.8,122.6,89.67,13.9,0.156123,0.599336,0.358845,0.343701,0.110984,0.59198,0.1097,0.14,
0.26,4,4,70,70,70,144,144,6255.13,79.8,130.6,91.86,15.03,0.159227,0.648921,0.349388,0.332787,0.111361,0.58366,0.1066,0.1388,
0.26,4,5,70,70,70,141,141,5378.63,79.8,129.7,91.97,13.85,0.171366,0.69458,0.347487,0.3354,0.111078,0.58242,0.1079,0.1369,
0.26,4,6,70,70,70,142,142,5854.1,79.8,129.3,88.93,14.37,0.142381,0.729968,0.353396,0.344002,0.11845,0.58615,0.1079,0.14,
0.26,4,7,70,70,70,136,136,6014.68,79.8,124.8,90.06,14.45,0.12158,0.621562,0.348628,0.348063,0.109269,0.58283,0.1068,0.14,
0.26,4,8,70,70,70,161,161,5385.87,79.8,147.4,94.86,13.89,0.189105,0.660293,0.344503,0.337068,0.108281,0.5799,0.1072,0.1399,
0.26,4,9,70,70,70,176,176,5800.41,79.8,166.8,93.56,14.32,0.151949,0.62526,0.357119,0.338055,0.110559,0.59036,0.1103,0.14,
0.26,4.5,0,70,70,70,162,162,5915.65,79.8,153.6,93.89,15.65,0.140826,0.695153,0.3258,0.308765,0.121544,0.56155,0.1017,0.14,
0.26,4.5,1,70,70,70,146,146,5453.07,79.8,134.5,97.89,14.56,0.128404,0.622277,0.324253,0.301699,0.114,0.56117,0.1042,0.14,
0.26,4.5,2,70,70,70,166,166,5373.71,79.8,152.5,94.86,14.19,0.111209,0.618935,0.332637,0.321675,0.117893,0.56742,0.1039,0.1399,
0.26,4.5,3,70,70,70,146,146,5469.73,79.8,132.2,93.19,14.38,0.162792,0.661577,0.357536,0.350959,0.117159,0.58998,0.1092,0.14,
0.26,4.5,4,70,70,70,167,167,6255.13,79.8,153.3,95.74,15.51,0.091238,0.659715,0.349177,0.331098,0.118628,0.58226,0.1062,0.1381,
0.26,4.5,5,70,70,70,149,149,5378.63,79.8,137.7,94.58,14.13,0.162018,0.714203,0.352718,0.338704,0.115987,0.58634,0.1087,0.1399,
0.26,4.5,6,70,70,70,156,156,5854.1,79.8,143.6,91.58,14.74,0.146013,0.733684,0.354229,0.3393,0.123167,0.58642,0.108,0.14,
0.26,4.5,7,70,70,70,154,154,6014.68,79.8,144.2,92.62,14.73,0.122366,0.623569,0.348272,0.348362,0.108835,0.58253,0.1066,0.1399,
0.26,4.5,8,70,70,70,171,171,5385.87,79.8,161.9,99.03,14.28,0.183477,0.652432,0.346262,0.336438,0.104026,0.58192,0.1076,0.1399,
0.26,4.5,9,70,70,70,180,180,5800.41,79.8,170.1,96.48,14.74,0.16639,0.595354,0.351393,0.322632,0.113986,0.58513,0.1092,0.14,
0.26,5,0,70,70,70,168,168,5915.65,79.8,159.9,97.99,16.2,0.144971,0.646989,0.321803,0.316953,0.112871,0.55903,0.1009,0.14,
0.26,5,1,70,70,70,198,198,5453.07,79.8,186,102.39,15.1,0.108817,0.657015,0.319679,0.288468,0.120533,0.55627,0.1032,0.14,
0.26,5,2,70,70,70,169,169,5373.71,79.8,155.4,99.81,14.67,0.115542,0.634109,0.335961,0.320003,0.119862,0.57031,0.1043,0.14,
0.26,5,3,70,70,70,156,156,5469.73,79.8,142.5,97.46,14.69,0.126025,0.634835,0.346777,0.33475,0.115653,0.58072,0.1075,0.14,
0.26,5,4,70,70,70,200,200,6255.13,79.8,187.3,100.85,15.73,0.096022,0.666819,0.348714,0.331723,0.118015,0.58183,0.1063,0.14,
0.26,5,5,70,70,70,155,155,5378.63,79.8,144.2,98.13,14.65,0.158035,0.728403,0.358129,0.346472,0.120947,0.59042,0.1094,0.1399,
0.26,5,6,70,70,70,167,167,5854.1,79.8,154.5,96.25,15.21,0.149583,0.732201,0.343924,0.320319,0.12205,0.57765,0.106,0.1399,
0.26,5,7,70,70,70,160,160,6014.68,79.8,150.1,96.45,15.18,0.123676,0.626929,0.343744,0.347108,0.107214,0.57893,0.106,0.1399,
0.26,5,8,70,70,70,220,220,5385.87,79.8,210.5,104.41,14.61,0.168323,0.622185,0.343504,0.326099,0.104497,0.57954,0.1067,0.1399,
0.26,5,9,70,70,70,180,180,5800.41,79.8,170.1,98.8,15.02,0.167262,0.583639,0.348498,0.32482,0.113867,0.5826,0.1089,0.14,
0.26,5.5,0,70,70,70,173,173,5915.65,79.8,165,102.1,16.44,0.133923,0.678582,0.316911,0.311285,0.116967,0.55394,0.0999,0.1399,
0.26,5.5,1,70,70,70,202,202,5453.07,79.8,190,104.22,15.36,0.099767,0.685589,0.310861,0.27934,0.117206,0.54874,0.1019,0.14,
0.26,5.5,2,70,70,70,215,215,5373.71,79.8,206,105.38,15.07,0.11948,0.611575,0.328309,0.310774,0.118373,0.56368,0.1034,0.14,
0.26,5.5,3,70,70,70,172,172,5469.73,79.8,158.9,99.91,14.99,0.173056,0.63427,0.340969,0.329022,0.115063,0.5759,0.1068,0.14,
0.26,5.5,4,70,70,70,208,208,6255.13,79.8,195.1,105.19,16.19,0.110932,0.671101,0.337722,0.324739,0.11301,0.5729,0.1048,0.14,
0.26,5.5,5,70,70,70,187,187,5378.63,79.8,176.1,103.11,14.89,0.152911,0.738493,0.34717,0.351799,0.12007,0.58083,0.1076,0.14,
0.26,5.5,6,70,70,70,171,171,5854.1,79.8,158.7,99.12,15.39,0.12992,0.733012,0.338917,0.32931,0.127418,0.57234,0.1054,0.14,
0.26,5.5,7,70,70,70,178,178,6014.68,79.8,165.3,102.16,15.48,0.125304,0.613933,0.333611,0.328484,0.106854,0.56998,0.1044,0.138,
0.26,5.5,8,70,70,70,224,224,5385.87,79.8,214.1,108.15,14.92,0.151143,0.58111,0.345099,0.325931,0.104813,0.58072,0.1071,0.14,
0.26,5.5,9,70,70,70,182,182,5800.41,79.8,172.8,102.71,15.39,0.155529,0.570427,0.340067,0.310808,0.10596,0.57627,0.1078,0.14,
0.26,6,0,70,70,70,177,177,5915.65,79.8,168.8,104.47,16.83,0.128938,0.714497,0.319004,0.298421,0.121251,0.55523,0.1001,0.1399,
0.26,6,1,70,70,70,215,215,5453.07,79.8,202.6,107.15,15.78,0.098292,0.688412,0.308357,0.281612,0.119916,0.54578,0.1014,0.1398,
0.26,6,2,70,70,70,220,220,5373.71,79.8,210.9,107.24,15.46,0.123036,0.646231,0.332135,0.305308,0.126008,0.56628,0.1039,0.1397,
0.26,6,3,70,70,70,175,175,5469.73,79.8,161.8,103.9,15.48,0.177234,0.70296,0.332087,0.295554,0.122116,0.56724,0.105,0.1399,
0.26,6,4,70,70,70,213,213,6255.13,79.8,200.1,108.58,16.66,0.155365,0.673441,0.327339,0.306511,0.112207,0.56404,0.1034,0.14,
0.26,6,5,70,70,70,297,297,5378.63,79.8,286.1,109.65,15.53,0.129493,0.745098,0.348498,0.350472,0.132381,0.57986,0.1072,0.14,
0.26,6,6,70,70,70,174,174,5854.1,79.8,161.7,101.78,15.9,0.139329,0.724767,0.334843,0.316818,0.127285,0.56874,0.1046,0.14,
0.26,6,7,70,70,70,185,185,6014.68,79.8,172.8,106.7,16.06,0.127222,0.641156,0.326663,0.318972,0.112055,0.56329,0.1034,0.1399,
0.26,6,8,70,70,70,230,230,5385.87,79.8,220.3,112.58,15.45,0.144305,0.591352,0.343975,0.328942,0.101058,0.58018,0.1071,0.14,
0.26,6,9,70,70,70,185,185,5800.41,79.8,175.5,107.51,15.96,0.149065,0.642128,0.335999,0.299084,0.108013,0.57237,0.1072,0.14,
0.26,6.5,0,70,70,70,186,186,5915.65,79.8,173.5,106.61,16.91,0.121509,0.700368,0.330723,0.324319,0.121093,0.56546,0.1019,0.1385,
0.26,6.5,1,70,70,70,220,220,5453.07,79.8,207.6,111.51,15.62,0.096386,0.693141,0.302499,0.273065,0.123058,0.53966,0.1001,0.1399,
0.26,6.5,2,70,70,70,225,225,5373.71,79.8,215.5,107.98,15.44,0.126235,0.643749,0.341241,0.312179,0.127748,0.57415,0.1053,0.14,
0.26,6.5,3,70,70,70,177,177,5469.73,79.8,163.9,107.02,15.49,0.132695,0.714646,0.327689,0.298826,0.128444,0.5622,0.1038,0.1399,
0.26,6.5,4,70,70,70,213,213,6255.13,79.8,200.1,110.29,16.59,0.15394,0.635127,0.32547,0.300408,0.111291,0.56247,0.103,0.137,
0.26,6.5,5,70,70,70,302,302,5378.63,79.8,291.8,111.48,15.23,0.126069,0.748977,0.348083,0.327363,0.134684,0.57926,0.1071,0.14,
0.26,6.5,6,70,70,70,180,180,5854.1,79.8,168.9,104.44,15.74,0.145125,0.746828,0.333517,0.317407,0.128262,0.56754,0.1045,0.1399,
0.26,6.5,7,70,70,70,189,189,6014.68,79.8,177,107.92,15.83,0.129305,0.644721,0.334048,0.325269,0.120392,0.56878,0.1044,0.14,
0.26,6.5,8,70,70,70,233,233,5385.87,79.8,223.4,116.63,15.36,0.142891,0.609733,0.339625,0.322939,0.103473,0.57611,0.1064,0.14,
0.26,6.5,9,70,70,70,209,209,5800.41,79.8,197.3,111.17,15.8,0.141346,0.639443,0.326052,0.299612,0.111436,0.56301,0.1055,0.1399,
0.26,7,0,70,70,70,206,206,5915.65,79.8,192.4,112.25,16.93,0.118114,0.683711,0.325555,0.302628,0.132819,0.55895,0.1004,0.1369,
0.26,7,1,70,70,70,228,228,5453.07,79.8,219,116.79,15.79,0.100034,0.694926,0.295668,0.262317,0.131485,0.53201,0.0984,0.14,
0.26,7,2,70,70,70,227,227,5373.71,79.8,217.4,113.57,15.46,0.129117,0.648754,0.339746,0.308814,0.135745,0.57149,0.1051,0.14,
0.26,7,3,70,70,70,183,183,5469.73,79.8,171.6,110.99,15.43,0.153712,0.705281,0.321932,0.29486,0.12456,0.55753,0.103,0.14,
0.26,7,4,70,70,70,218,218,6255.13,79.8,208.3,115.3,16.81,0.11522,0.648464,0.320352,0.299216,0.115151,0.55706,0.1018,0.1399,
0.26,7,5,70,70,70,189,189,5378.63,79.8,176.9,111.67,15.38,0.136304,0.747482,0.344087,0.315316,0.132313,0.57625,0.1067,0.14,
0.26,7,6,70,70,70,195,195,5854.1,79.8,185.6,108.5,15.91,0.149017,0.721854,0.33271,0.316226,0.125844,0.56721,0.1046,0.14,
0.26,7,7,70,70,70,193,193,6014.68,79.8,180.8,111.52,16.07,0.131855,0.653529,0.331073,0.300303,0.121395,0.56602,0.1039,0.14,
0.26,7,8,70,70,70,255,255,5385.87,79.8,243.6,120.53,15.58,0.13942,0.669376,0.335665,0.316096,0.114516,0.57126,0.1054,0.14,
0.26,7,9,70,70,70,213,213,5800.41,79.8,202,114.5,15.93,0.117417,0.649776,0.315377,0.290238,0.109826,0.55338,0.1038,0.14,
0.27,3,0,70,70,70,134,134,5915.65,79.8,123.9,85.89,16.3,0.141252,0.707351,0.327666,0.302176,0.116169,0.5645,0.1025,0.14,
0.27,3,1,70,70,70,133,133,5453.07,79.8,121.4,89.09,15.14,0.13935,0.634458,0.333003,0.309556,0.113478,0.56938,0.1056,0.14,
0.27,3,2,70,70,70,119,119,5373.71,79.8,106.7,86.72,14.76,0.104874,0.65559,0.343461,0.343892,0.120527,0.57666,0.1052,0.14,
0.27,3,3,70,70,70,129,129,5469.73,79.8,119.4,87.24,14.92,0.144095,0.6046,0.359846,0.344948,0.109263,0.59278,0.1098,0.14,
0.27,3,4,70,70,70,123,123,6255.13,79.8,110.1,86.83,15.95,0.155931,0.648994,0.356151,0.342278,0.110794,0.58961,0.1079,0.1399,
0.27,3,5,70,70,70,133,133,5378.63,79.8,122.2,88,14.62,0.18001,0.678511,0.351084,0.341395,0.107355,0.58591,0.1084,0.1399,
0.27,3,6,70,70,70,138,138,5854.1,79.8,125.1,85.51,15.23,0.140246,0.601836,0.35695,0.352559,0.112254,0.58968,0.1088,0.1399,
0.27,3,7,70,70,70,130,130,6014.68,79.8,118.5,87.32,15.36,0.129615,0.612432,0.346182,0.34022,0.107965,0.581,0.1063,0.14,
0.27,3,8,70,70,70,140,140,5385.87,79.8,130.5,89.73,14.73,0.212201,0.636845,0.355662,0.347476,0.097166,0.59105,0.1093,0.1382,
0.27,3,9,70,70,70,142,142,5800.41,79.8,132.6,88.43,15.19,0.143754,0.624604,0.358933,0.337054,0.115339,0.59126,0.1101,0.14,
0.27,3.5,0,70,70,70,141,141,5915.65,79.8,129.3,89.24,16.35,0.143082,0.715718,0.334511,0.311041,0.114599,0.57058,0.1035,0.1399,
0.27,3.5,1,70,70,70,137,137,5453.07,79.8,125.1,92.05,15.05,0.134971,0.671013,0.33478,0.310617,0.111145,0.5712,0.1061,0.14,
0.27,3.5,2,70,70,70,155,155,5373.71,79.8,141.1,90.7,14.75,0.107836,0.690396,0.342436,0.34914,0.120931,0.57568,0.1052,0.14,
0.27,3.5,3,70,70,70,132,132,5469.73,79.8,122.5,88.84,14.82,0.154315,0.580439,0.370066,0.360737,0.111054,0.60144,0.1113,0.14,
0.27,3.5,4,70,70,70,144,144,6255.13,79.8,130.1,90.12,15.93,0.168099,0.674704,0.363344,0.34122,0.114923,0.59534,0.1088,0.14,
0.27,3.5,5,70,70,70,134,134,5378.63,79.8,123.7,90.28,14.62,0.178901,0.715799,0.361633,0.349478,0.115736,0.59407,0.1099,0.14,
0.27,3.5,6,70,70,70,142,142,5854.1,79.8,129.9,88.77,15.31,0.144044,0.638101,0.359698,0.343865,0.11657,0.59162,0.1088,0.1399,
0.27,3.5,7,70,70,70,133,133,6014.68,79.8,122,89.51,15.4,0.128765,0.622205,0.356985,0.351814,0.1095,0.59005,0.1082,0.14,
0.27,3.5,8,70,70,70,156,156,5385.87,79.8,144.8,93.03,14.77,0.203032,0.678005,0.357482,0.356846,0.109213,0.59117,0.1094,0.14,
0.27,3.5,9,70,70,70,175,175,5800.41,79.8,165.1,92.38,15.25,0.153561,0.623597,0.363786,0.346449,0.113122,0.59568,0.111,0.14,
0.27,4,0,70,70,70,158,158,5915.65,79.8,149.8,92.94,16.93,0.145046,0.732068,0.333536,0.316447,0.121576,0.5687,0.103,0.1399,
0.27,4,1,70,70,70,144,144,5453.07,79.8,132.1,94.09,15.74,0.13629,0.637446,0.339842,0.330072,0.111688,0.5755,0.1069,0.14,
0.27,4,2,70,70,70,162,162,5373.71,79.8,148.6,92.62,15.31,0.112111,0.617384,0.351346,0.35041,0.120271,0.58367,0.1068,0.1399,
0.27,4,3,70,70,70,135,135,5469.73,79.8,125.1,90.79,15.51,0.162771,0.692217,0.377082,0.365594,0.119026,0.60649,0.1123,0.14,
0.27,4,4,70,70,70,164,164,6255.13,79.8,151,93.88,16.62,0.100923,0.692244,0.364496,0.35244,0.121997,0.59512,0.1084,0.1399,
0.27,4,5,70,70,70,142,142,5378.63,79.8,130.3,92.79,15.35,0.178315,0.719431,0.365152,0.355264,0.115331,0.59713,0.1107,0.14,
0.27,4,6,70,70,70,158,158,5854.1,79.8,145.3,90.96,16.01,0.147925,0.752726,0.362165,0.351027,0.123406,0.5932,0.1091,0.14,
0.27,4,7,70,70,70,137,137,6014.68,79.8,125.5,90.65,16.07,0.128726,0.625618,0.367231,0.367869,0.113084,0.59832,0.1097,0.14,
0.27,4,8,70,70,70,186,186,5385.87,79.8,176.7,98.16,15.54,0.169297,0.660009,0.355303,0.351817,0.112826,0.58879,0.1086,0.14,
0.27,4,9,70,70,70,180,180,5800.41,79.8,170.1,95.75,15.96,0.159847,0.628147,0.367748,0.344544,0.117336,0.59868,0.1121,0.14,
0.27,4.5,0,70,70,70,165,165,5915.65,79.8,156.7,96.56,16.56,0.15159,0.742852,0.33835,0.329298,0.125987,0.57213,0.1031,0.1397,
0.27,4.5,1,70,70,70,149,149,5453.07,79.8,137.8,100.01,15.33,0.118388,0.666473,0.334908,0.315896,0.116747,0.57041,0.106,0.14,
0.27,4.5,2,70,70,70,167,167,5373.71,79.8,153.5,95.78,14.99,0.116783,0.63376,0.351271,0.341191,0.12578,0.58285,0.1068,0.14,
0.27,4.5,3,70,70,70,153,153,5469.73,79.8,139.1,94.59,15.08,0.16938,0.703363,0.368598,0.355347,0.122457,0.59899,0.1108,0.14,
0.27,4.5,4,70,70,70,175,175,6255.13,79.8,161.3,97.3,16.19,0.096271,0.704163,0.368114,0.347971,0.126202,0.59762,0.1091,0.14,
0.27,4.5,5,70,70,70,150,150,5378.63,79.8,138.2,95.86,14.78,0.166531,0.731478,0.371652,0.359905,0.122818,0.60173,0.1116,0.14,
0.27,4.5,6,70,70,70,159,159,5854.1,79.8,147,93.38,15.39,0.151695,0.763517,0.367705,0.341903,0.127001,0.59763,0.11,0.14,
0.27,4.5,7,70,70,70,155,155,6014.68,79.8,145.5,94.68,15.4,0.129408,0.603348,0.360005,0.360436,0.109014,0.59271,0.1086,0.14,
0.27,4.5,8,70,70,70,191,191,5385.87,79.8,181.2,101.93,14.84,0.159087,0.704076,0.362287,0.351879,0.112143,0.59489,0.1097,0.14,
0.27,4.5,9,70,70,70,180,180,5800.41,79.8,170.1,97.87,15.36,0.173287,0.628345,0.364794,0.338051,0.118539,0.59612,0.1113,0.1399,
0.27,5,0,70,70,70,169,169,5915.65,79.8,161,99.44,16.23,0.148329,0.684642,0.337038,0.339668,0.118386,0.57201,0.1033,0.14,
0.27,5,1,70,70,70,199,199,5453.07,79.8,186.9,103.6,15.17,0.105727,0.683459,0.329564,0.29947,0.119951,0.56531,0.1048,0.14,
0.27,5,2,70,70,70,170,170,5373.71,79.8,156.8,102.04,14.79,0.121418,0.6235,0.347473,0.341594,0.123879,0.57994,0.1062,0.14,
0.27,5,3,70,70,70,166,166,5469.73,79.8,152.9,98.96,14.93,0.131074,0.676283,0.361294,0.362082,0.123519,0.5923,0.1097,0.14,
0.27,5,4,70,70,70,211,211,6255.13,79.8,198.2,102.34,15.95,0.098499,0.711911,0.363799,0.339703,0.121555,0.59441,0.1085,0.1399,
0.27,5,5,70,70,70,170,170,5378.63,79.8,161.9,100.26,14.79,0.163402,0.7395,0.372587,0.369983,0.128139,0.60167,0.1113,0.14,
0.27,5,6,70,70,70,168,168,5854.1,79.8,155.7,98.11,15.28,0.136305,0.780601,0.360624,0.334215,0.13484,0.59039,0.1083,0.14,
0.27,5,7,70,70,70,162,162,6014.68,79.8,152.1,98.34,15.31,0.130577,0.62513,0.358081,0.354409,0.11195,0.59084,0.1083,0.14,
0.27,5,8,70,70,70,221,221,5385.87,79.8,211.4,108.26,14.94,0.156408,0.661917,0.35112,0.329738,0.107651,0.58587,0.1081,0.14,
0.27,5,9,70,70,70,184,184,5800.41,79.8,174.9,100.43,15.19,0.174104,0.617777,0.364601,0.338135,0.117002,0.59613,0.1114,0.14,
0.27,5.5,0,70,70,70,175,175,5915.65,79.8,166.2,103.42,16.32,0.137908,0.719913,0.332949,0.333311,0.121652,0.56773,0.1023,0.14,
0.27,5.5,1,70,70,70,203,203,5453.07,79.8,190.9,105.82,15.23,0.103586,0.689892,0.325213,0.298733,0.121555,0.56135,0.1043,0.14,
0.27,5.5,2,70,70,70,217,217,5373.71,79.8,207.2,106.43,14.94,0.125572,0.658958,0.345878,0.328858,0.128942,0.57797,0.106,0.14,
0.27,5.5,3,70,70,70,173,173,5469.73,79.8,160.8,102.39,14.86,0.180398,0.740295,0.354403,0.325398,0.126785,0.58635,0.1084,0.1399,
0.27,5.5,4,70,70,70,213,213,6255.13,79.8,200.1,105.73,16.04,0.119582,0.716643,0.356216,0.341829,0.120061,0.58829,0.1077,0.1399,
0.27,5.5,5,70,70,70,266,266,5378.63,79.8,255.6,106.53,14.84,0.137475,0.747465,0.358153,0.360167,0.125016,0.5896,0.1091,0.1399,
0.27,5.5,6,70,70,70,172,172,5854.1,79.8,159.6,100.94,15.25,0.13267,0.779319,0.351821,0.341008,0.127521,0.58373,0.1074,0.14,
0.27,5.5,7,70,70,70,179,179,6014.68,79.8,166.3,105.64,15.38,0.132111,0.642618,0.343371,0.336925,0.113265,0.57796,0.1061,0.14,
0.27,5.5,8,70,70,70,225,225,5385.87,79.8,215.7,112.44,14.9,0.15638,0.603362,0.353776,0.340938,0.105188,0.58829,0.1085,0.1399,
0.27,5.5,9,70,70,70,185,185,5800.41,79.8,175.1,105.22,15.23,0.159842,0.598432,0.356735,0.329443,0.109893,0.59027,0.1103,0.14,
0.27,6,0,70,70,70,178,178,5915.65,79.8,169.8,105.38,16.35,0.132911,0.674916,0.33961,0.312765,0.127278,0.5727,0.1032,0.14,
0.27,6,1,70,70,70,216,216,5453.07,79.8,203.4,108.72,15.14,0.102064,0.623652,0.322311,0.288691,0.122104,0.55821,0.1038,0.14,
0.27,6,2,70,70,70,223,223,5373.71,79.8,213.7,109.2,14.86,0.129245,0.649493,0.349167,0.327972,0.127124,0.58135,0.1065,0.14,
0.27,6,3,70,70,70,176,176,5469.73,79.8,162.4,105.38,15.03,0.127032,0.74768,0.351537,0.314524,0.132637,0.58278,0.108,0.14,
0.27,6,4,70,70,70,213,213,6255.13,79.8,200.1,110.06,16.15,0.163687,0.719199,0.339608,0.313739,0.118168,0.57437,0.1053,0.1399,
0.27,6,5,70,70,70,298,298,5378.63,79.8,287.6,111.94,14.98,0.134504,0.754855,0.363849,0.349404,0.138501,0.59257,0.1094,0.14,
0.27,6,6,70,70,70,179,179,5854.1,79.8,167.7,103.04,15.3,0.146989,0.782141,0.351891,0.331334,0.131351,0.58334,0.1074,0.1399,
0.27,6,7,70,70,70,187,187,6014.68,79.8,174.3,108.1,15.56,0.1339,0.626447,0.342807,0.335787,0.117583,0.57695,0.1059,0.14,
0.27,6,8,70,70,70,232,232,5385.87,79.8,222.3,115.54,14.97,0.150052,0.609416,0.352974,0.34088,0.100648,0.58818,0.1087,0.1399,
0.27,6,9,70,70,70,207,207,5800.41,79.8,195.1,110.02,15.3,0.148517,0.681768,0.347716,0.311119,0.1166,0.58157,0.1088,0.14,
0.27,6.5,0,70,70,70,191,191,5915.65,79.8,178.3,108.57,16.22,0.125028,0.709835,0.351819,0.342812,0.133903,0.58242,0.1047,0.1399,
0.27,6.5,1,70,70,70,230,230,5453.07,79.8,220.1,114.96,15.25,0.102155,0.627938,0.318018,0.287059,0.126517,0.55354,0.1026,0.1399,
0.27,6.5,2,70,70,70,226,226,5373.71,79.8,216.1,110.09,14.92,0.132504,0.62702,0.350305,0.324996,0.125391,0.58246,0.1069,0.1399,
0.27,6.5,3,70,70,70,181,181,5469.73,79.8,169.3,107.61,15.06,0.139708,0.757808,0.34229,0.312939,0.132514,0.57478,0.1061,0.1398,
0.27,6.5,4,70,70,70,215,215,6255.13,79.8,205.1,112.6,16.15,0.159837,0.674405,0.340051,0.318417,0.114443,0.57514,0.1053,0.1399,
0.27,6.5,5,70,70,70,305,305,5378.63,79.8,294.6,115.63,15.03,0.148795,0.761212,0.357433,0.327943,0.133653,0.58775,0.1089,0.14,
0.27,6.5,6,70,70,70,181,181,5854.1,79.8,169.7,107.28,15.47,0.150906,0.688178,0.346409,0.33528,0.122476,0.57947,0.1067,0.14,
0.27,6.5,7,70,70,70,191,191,6014.68,79.8,178.3,109.64,15.46,0.135924,0.689482,0.343721,0.328709,0.121864,0.57721,0.1059,0.14,
0.27,6.5,8,70,70,70,234,234,5385.87,79.8,224.5,118.78,14.96,0.148588,0.589213,0.346941,0.335425,0.102088,0.58264,0.1076,0.14,
0.27,6.5,9,70,70,70,210,210,5800.41,79.8,198.6,113.15,15.4,0.129559,0.68082,0.339095,0.315064,0.118378,0.57367,0.1076,0.14,
0.27,7,0,70,70,70,208,208,5915.65,79.8,194.2,113.61,16.54,0.121823,0.733862,0.339473,0.32066,0.137458,0.57086,0.1025,0.14,
0.27,7,1,70,70,70,230,230,5453.07,79.8,220.1,119.37,15.55,0.105496,0.719197,0.302934,0.270549,0.131831,0.53891,0.0999,0.14,
0.27,7,2,70,70,70,228,228,5373.71,79.8,218.1,116.55,15.04,0.135296,0.660985,0.341534,0.307266,0.132558,0.57378,0.1055,0.1379,
0.27,7,3,70,70,70,184,184,5469.73,79.8,172.3,113.27,15.11,0.167021,0.703024,0.341541,0.315016,0.126734,0.5749,0.1062,0.14,
0.27,7,4,70,70,70,219,219,6255.13,79.8,209.7,118.33,16.38,0.118393,0.616999,0.329037,0.308129,0.117932,0.56441,0.1033,0.14,
0.27,7,5,70,70,70,198,198,5378.63,79.8,187.1,116.84,15.01,0.140609,0.766748,0.347018,0.307982,0.128536,0.57938,0.1075,0.14,
0.27,7,6,70,70,70,198,198,5854.1,79.8,188.4,114.05,15.59,0.160741,0.691452,0.345269,0.328425,0.127232,0.57803,0.1061,0.14,
0.27,7,7,70,70,70,206,206,6014.68,79.8,199.5,115.51,15.7,0.138539,0.776833,0.340457,0.309369,0.129314,0.57366,0.1054,0.14,
0.27,7,8,70,70,70,266,266,5385.87,79.8,256.6,125.64,15.13,0.149314,0.71283,0.342484,0.315097,0.126268,0.57583,0.1062,0.14,
0.27,7,9,70,70,70,215,215,5800.41,79.8,203.5,116.92,15.61,0.12017,0.688976,0.326185,0.303091,0.112759,0.56298,0.1056,0.14,
0.28,3,0,70,70,70,138,138,5915.65,79.8,127,87.79,15.92,0.147743,0.721067,0.341833,0.321234,0.116469,0.57704,0.1048,0.1399,
0.28,3,1,70,70,70,133,133,5453.07,79.8,122,89.93,14.87,0.14517,0.665146,0.344934,0.329125,0.116128,0.57965,0.1075,0.14,
0.28,3,2,70,70,70,120,120,5373.71,79.8,107.2,87.73,14.39,0.10945,0.667394,0.356352,0.353585,0.12162,0.58789,0.1073,0.1399,
0.28,3,3,70,70,70,130,130,5469.73,79.8,120.1,88.26,14.54,0.150117,0.588191,0.371949,0.359646,0.108809,0.60311,0.1117,0.14,
0.28,3,4,70,70,70,141,141,6255.13,79.8,127.6,87.95,15.64,0.163076,0.690321,0.372648,0.360633,0.115407,0.60313,0.1102,0.14,
0.28,3,5,70,70,70,133,133,5378.63,79.8,122.6,88.91,14.41,0.182123,0.710279,0.369867,0.362075,0.114972,0.60113,0.1113,0.14,
0.28,3,6,70,70,70,142,142,5854.1,79.8,129.2,86.64,15,0.145839,0.642661,0.374451,0.361254,0.118962,0.60378,0.1113,0.14,
0.28,3,7,70,70,70,131,131,6014.68,79.8,119.1,88.2,15.03,0.13761,0.620745,0.360799,0.363538,0.108851,0.59348,0.1086,0.1399,
0.28,3,8,70,70,70,142,142,5385.87,79.8,132.9,90.83,14.45,0.214633,0.683388,0.369517,0.364112,0.104777,0.6021,0.1114,0.14,
0.28,3,9,70,70,70,142,142,5800.41,79.8,133,89.92,14.98,0.149291,0.624945,0.368451,0.34721,0.112855,0.59979,0.1117,0.1399,
0.28,3.5,0,70,70,70,146,146,5915.65,79.8,137.6,91.07,16.32,0.149674,0.743738,0.34761,0.328298,0.120539,0.58128,0.1054,0.14,
0.28,3.5,1,70,70,70,142,142,5453.07,79.8,130.8,92.9,15.16,0.143906,0.679394,0.35187,0.330227,0.11577,0.58566,0.1088,0.14,
0.28,3.5,2,70,70,70,155,155,5373.71,79.8,141.8,91.54,14.73,0.112538,0.604875,0.358713,0.365368,0.119629,0.59003,0.1078,0.14,
0.28,3.5,3,70,70,70,135,135,5469.73,79.8,125.1,90.07,14.8,0.160881,0.606881,0.386061,0.376112,0.112804,0.61466,0.1139,0.14,
0.28,3.5,4,70,70,70,159,159,6255.13,79.8,145.1,92.47,15.86,0.150799,0.718156,0.382393,0.35798,0.121392,0.6105,0.1111,0.14,
0.28,3.5,5,70,70,70,140,140,5378.63,79.8,128.7,91.54,14.62,0.188397,0.7386,0.376217,0.364215,0.114579,0.60653,0.1125,0.14,
0.28,3.5,6,70,70,70,156,156,5854.1,79.8,143.7,89.8,15.16,0.149715,0.669944,0.371845,0.359861,0.11607,0.60199,0.1106,0.1399,
0.28,3.5,7,70,70,70,140,140,6014.68,79.8,129.2,90.78,15.22,0.136567,0.62601,0.374008,0.376711,0.113784,0.60404,0.1106,0.14,
0.28,3.5,8,70,70,70,179,179,5385.87,79.8,169.6,96.22,14.62,0.204771,0.728435,0.372383,0.370233,0.118442,0.60291,0.111,0.14,
0.28,3.5,9,70,70,70,180,180,5800.41,79.8,170.1,93.98,15.23,0.166921,0.631087,0.376588,0.364971,0.114888,0.60634,0.1132,0.14,
0.28,4,0,70,70,70,159,159,5915.65,79.8,150.9,94.69,16.26,0.151678,0.759077,0.348573,0.334644,0.124868,0.58152,0.105,0.14,
0.28,4,1,70,70,70,147,147,5453.07,79.8,135.7,97.35,15.18,0.142147,0.665583,0.351825,0.327812,0.118895,0.58502,0.1087,0.1399,
0.28,4,2,70,70,70,164,164,5373.71,79.8,150.2,94.96,14.77,0.117649,0.632704,0.364689,0.348337,0.125006,0.5946,0.1087,0.14,
0.28,4,3,70,70,70,136,136,5469.73,79.8,126.8,92.4,14.83,0.169705,0.726877,0.389622,0.380844,0.11863,0.61712,0.1145,0.14,
0.28,4,4,70,70,70,165,165,6255.13,79.8,151.7,95.25,15.9,0.096955,0.737329,0.385351,0.372841,0.130687,0.6116,0.1114,0.14,
0.28,4,5,70,70,70,143,143,5378.63,79.8,131.4,94.19,14.66,0.17694,0.687303,0.377348,0.366814,0.114366,0.60745,0.1126,0.1399,
0.28,4,6,70,70,70,158,158,5854.1,79.8,146,92.68,15.24,0.153718,0.762101,0.375435,0.361025,0.126293,0.60416,0.111,0.14,
0.28,4,7,70,70,70,153,153,6014.68,79.8,143.2,92.57,15.23,0.136355,0.619115,0.376119,0.387015,0.1137,0.60578,0.1109,0.14,
0.28,4,8,70,70,70,187,187,5385.87,79.8,177.9,99.27,14.75,0.167126,0.707699,0.373068,0.369236,0.118958,0.60331,0.1114,0.1398,
0.28,4,9,70,70,70,180,180,5800.41,79.8,170.1,97.85,15.23,0.168539,0.637823,0.376864,0.356186,0.11539,0.60665,0.1136,0.14,
0.28,4.5,0,70,70,70,166,166,5915.65,79.8,157.9,97.46,16.4,0.15666,0.778174,0.354332,0.348643,0.132772,0.58525,0.1055,0.14,
0.28,4.5,1,70,70,70,196,196,5453.07,79.8,183.5,102.1,15.29,0.12139,0.681616,0.345355,0.321364,0.117455,0.5796,0.1078,0.14,
0.28,4.5,2,70,70,70,168,168,5373.71,79.8,154.3,98.81,14.92,0.12217,0.644387,0.362495,0.350234,0.127556,0.59248,0.1085,0.14,
0.28,4.5,3,70,70,70,153,153,5469.73,79.8,142.7,96.52,15,0.176855,0.707118,0.382275,0.370548,0.122864,0.61048,0.113,0.14,
0.28,4.5,4,70,70,70,176,176,6255.13,79.8,162.3,98.89,15.98,0.099072,0.750234,0.382966,0.365365,0.130184,0.60963,0.1112,0.1399,
0.28,4.5,5,70,70,70,150,150,5378.63,79.8,138.7,97.93,14.75,0.164173,0.700893,0.381834,0.379272,0.122233,0.6104,0.1131,0.14,
0.28,4.5,6,70,70,70,164,164,5854.1,79.8,151.7,95.77,15.34,0.157625,0.783728,0.377983,0.343965,0.132047,0.60579,0.1112,0.14,
0.28,4.5,7,70,70,70,157,157,6014.68,79.8,147.2,96.57,15.41,0.13689,0.633109,0.372487,0.373814,0.11029,0.60321,0.1104,0.1399,
0.28,4.5,8,70,70,70,218,218,5385.87,79.8,208.9,103.8,14.87,0.154969,0.752501,0.37949,0.368913,0.118914,0.60865,0.1122,0.1399,
0.28,4.5,9,70,70,70,185,185,5800.41,79.8,175.1,100.51,15.2,0.180471,0.641293,0.376232,0.351309,0.11333,0.60639,0.1134,0.14,
0.28,5,0,70,70,70,171,171,5915.65,79.8,162.7,100.98,16.55,0.157602,0.706638,0.351054,0.353708,0.121952,0.58374,0.1054,0.14,
0.28,5,1,70,70,70,200,200,5453.07,79.8,187.9,104.64,15.28,0.109044,0.64176,0.343727,0.314476,0.119548,0.57789,0.1072,0.14,
0.28,5,2,70,70,70,176,176,5373.71,79.8,162.4,105.4,15.04,0.128065,0.654838,0.360576,0.354834,0.125783,0.59131,0.1082,0.14,
0.28,5,3,70,70,70,170,170,5469.73,79.8,156.1,100.33,15.08,0.135204,0.717767,0.372023,0.367743,0.128643,0.6009,0.1112,0.14,
0.28,5,4,70,70,70,213,213,6255.13,79.8,200.1,104.39,16.23,0.120153,0.758648,0.376758,0.364751,0.125104,0.60513,0.1106,0.14,
0.28,5,5,70,70,70,251,251,5378.63,79.8,240.9,104.09,15.03,0.168538,0.730553,0.380354,0.380435,0.13219,0.60788,0.1122,0.14,
0.28,5,6,70,70,70,169,169,5854.1,79.8,156.8,98.92,15.5,0.142483,0.723565,0.37929,0.358558,0.136732,0.60584,0.1115,0.14,
0.28,5,7,70,70,70,163,163,6014.68,79.8,153.9,100.25,15.41,0.137906,0.648281,0.369588,0.361432,0.112209,0.60071,0.1101,0.14,
0.28,5,8,70,70,70,222,222,5385.87,79.8,212.2,109.46,15.01,0.163503,0.702635,0.367483,0.345189,0.112189,0.59946,0.1105,0.14,
0.28,5,9,70,70,70,185,185,5800.41,79.8,175.1,101.86,15.36,0.181216,0.631493,0.380186,0.357189,0.114441,0.60962,0.1141,0.14,
0.28,5.5,0,70,70,70,176,176,5915.65,79.8,167.3,104.99,16.59,0.141656,0.704952,0.344592,0.344492,0.121106,0.57801,0.1041,0.14,
0.28,5.5,1,70,70,70,213,213,5453.07,79.8,201,108.36,15.42,0.108418,0.652807,0.335824,0.312004,0.126501,0.56982,0.106,0.14,
0.28,5.5,2,70,70,70,218,218,5373.71,79.8,208.7,110.04,15.13,0.132405,0.689419,0.356057,0.343609,0.126668,0.58733,0.1075,0.14,
0.28,5.5,3,70,70,70,174,174,5469.73,79.8,161.4,103.75,15.13,0.170368,0.785564,0.36669,0.342106,0.133235,0.5961,0.1102,0.14,
0.28,5.5,4,70,70,70,213,213,6255.13,79.8,200.1,107.07,16.19,0.128013,0.763995,0.372506,0.357551,0.126756,0.60144,0.1102,0.14,
0.28,5.5,5,70,70,70,268,268,5378.63,79.8,257.2,112.3,15.15,0.143905,0.709629,0.366999,0.338974,0.130475,0.59641,0.1102,0.14,
0.28,5.5,6,70,70,70,173,173,5854.1,79.8,161.1,104.64,15.45,0.143783,0.710278,0.363521,0.352319,0.132487,0.59308,0.1091,0.14,
0.28,5.5,7,70,70,70,180,180,6014.68,79.8,167.6,106.66,15.61,0.139299,0.655297,0.360593,0.351128,0.121251,0.59193,0.1086,0.14,
0.28,5.5,8,70,70,70,230,230,5385.87,79.8,220.8,114.3,15.08,0.16188,0.637281,0.37058,0.349594,0.104654,0.60281,0.1113,0.14,
0.28,5.5,9,70,70,70,185,185,5800.41,79.8,175.1,106.63,15.44,0.164448,0.6408,0.369589,0.343278,0.113131,0.60089,0.1123,0.14,
0.28,6,0,70,70,70,185,185,5915.65,79.8,173.9,106.64,16.53,0.133074,0.725257,0.357292,0.339176,0.129946,0.58783,0.1059,0.14,
0.28,6,1,70,70,70,217,217,5453.07,79.8,204.7,110.62,15.3,0.116066,0.645599,0.335334,0.305331,0.128001,0.56934,0.106,0.14,
0.28,6,2,70,70,70,224,224,5373.71,79.8,214.7,110.77,15.02,0.136198,0.685303,0.365886,0.343952,0.129706,0.59554,0.1091,0.1399,
0.28,6,3,70,70,70,176,176,5469.73,79.8,163,107.44,15.16,0.138233,0.793351,0.366568,0.349285,0.136889,0.59535,0.1101,0.14,
0.28,6,4,70,70,70,213,213,6255.13,79.8,200.2,111.36,16.29,0.172073,0.743074,0.357534,0.329496,0.120731,0.5897,0.1081,0.14,
0.28,6,5,70,70,70,300,300,5378.63,79.8,289.2,115.71,15.23,0.140204,0.711656,0.373467,0.354422,0.13415,0.60139,0.1113,0.14,
0.28,6,6,70,70,70,183,183,5854.1,79.8,170.1,107.11,15.51,0.163042,0.726366,0.367326,0.349236,0.131663,0.59656,0.1096,0.14,
0.28,6,7,70,70,70,189,189,6014.68,79.8,176.6,110.08,15.6,0.141033,0.652869,0.354026,0.347321,0.12328,0.58612,0.1076,0.14,
0.28,6,8,70,70,70,233,233,5385.87,79.8,223.5,118.09,15.08,0.155634,0.600394,0.361229,0.346053,0.101194,0.59516,0.1101,0.14,
0.28,6,9,70,70,70,208,208,5800.41,79.8,198.4,111.3,15.52,0.155763,0.721331,0.359138,0.330078,0.11879,0.59134,0.1106,0.1399,
0.28,6.5,0,70,70,70,204,204,5915.65,79.8,191.8,111.46,16.72,0.125579,0.769999,0.366667,0.3644,0.142858,0.59386,0.1065,0.14,
0.28,6.5,1,70,70,70,230,230,5453.07,79.8,220.1,117.21,15.5,0.119472,0.654306,0.326011,0.297443,0.135511,0.55964,0.1036,0.14,
0.28,6.5,2,70,70,70,226,226,5373.71,79.8,216.8,112.78,15.15,0.139498,0.683127,0.373025,0.348609,0.135522,0.60091,0.1103,0.14,
0.28,6.5,3,70,70,70,182,182,5469.73,79.8,170.4,110.41,15.23,0.149122,0.803297,0.359257,0.336295,0.134564,0.58958,0.1089,0.14,
0.28,6.5,4,70,70,70,217,217,6255.13,79.8,206.5,115.74,16.39,0.124908,0.715815,0.352447,0.33386,0.126222,0.58433,0.1068,0.14,
0.28,6.5,5,70,70,70,309,309,5378.63,79.8,298.5,117.41,15.3,0.15282,0.711486,0.366697,0.338748,0.130531,0.59601,0.1107,0.14,
0.28,6.5,6,70,70,70,219,219,5854.1,79.8,209,111.63,15.61,0.156867,0.736344,0.362585,0.351904,0.129779,0.59268,0.1088,0.14,
0.28,6.5,7,70,70,70,193,193,6014.68,79.8,180.7,112.69,15.73,0.142975,0.676377,0.361188,0.343828,0.129054,0.5915,0.1085,0.14,
0.28,6.5,8,70,70,70,236,236,5385.87,79.8,226.1,122.23,15.17,0.15412,0.649155,0.358529,0.348355,0.109013,0.59206,0.1097,0.14,
0.28,6.5,9,70,70,70,212,212,5800.41,79.8,200.1,114.59,15.61,0.12774,0.725676,0.352994,0.334268,0.122763,0.58533,0.1097,0.14,
0.28,7,0,70,70,70,209,209,5915.65,79.8,195.6,117.35,17.96,0.127362,0.725745,0.354298,0.3348,0.143441,0.58305,0.1048,0.1399,
0.28,7,1,70,70,70,230,230,5453.07,79.8,220.8,122.14,16.71,0.117211,0.731323,0.311266,0.2754,0.131104,0.54675,0.1013,0.1399,
0.28,7,2,70,70,70,228,228,5373.71,79.8,218.8,119.26,16.49,0.127937,0.68298,0.357032,0.323329,0.137631,0.58676,0.1079,0.14,
0.28,7,3,70,70,70,237,237,5469.73,79.8,224.1,118.03,16.63,0.139604,0.744217,0.35248,0.326503,0.135072,0.58335,0.1075,0.14,
0.28,7,4,70,70,70,220,220,6255.13,79.8,210.9,122.16,17.85,0.120828,0.632068,0.343111,0.312772,0.1287,0.57552,0.1051,0.1399,
0.28,7,5,70,70,70,315,315,5378.63,79.8,304.3,123.42,16.66,0.140828,0.709562,0.352073,0.319271,0.134444,0.58285,0.1079,0.14,
0.28,7,6,70,70,70,275,275,5854.1,79.8,265.7,120.84,17.18,0.153479,0.731262,0.344263,0.3293,0.124932,0.57737,0.106,0.14,
0.28,7,7,70,70,70,210,210,6014.68,79.8,200.8,119.74,17.2,0.145667,0.706287,0.346487,0.319744,0.123643,0.57958,0.1065,0.14,
0.28,7,8,70,70,70,268,268,5385.87,79.8,258.1,129.38,16.7,0.138413,0.659796,0.349687,0.322416,0.125091,0.58227,0.1076,0.14,
0.28,7,9,70,70,70,217,217,5800.41,79.8,205.6,119.38,17.04,0.121628,0.728972,0.342354,0.316672,0.119677,0.57651,0.1082,0.14,
0.29,3,0,70,70,70,139,139,5915.65,79.8,127.4,88.71,17.35,0.154521,0.746782,0.355845,0.332296,0.117043,0.58911,0.107,0.14,
0.29,3,1,70,70,70,136,136,5453.07,79.8,125,90.6,16.13,0.151337,0.676675,0.359794,0.34747,0.117513,0.59235,0.1099,0.14,
0.29,3,2,70,70,70,123,123,5373.71,79.8,110.1,88.41,15.63,0.114317,0.691869,0.37258,0.372344,0.125941,0.60128,0.1097,0.14,
0.29,3,3,70,70,70,134,134,5469.73,79.8,124.9,89.76,15.85,0.156462,0.629868,0.387667,0.373322,0.114489,0.61568,0.1139,0.14,
0.29,3,4,70,70,70,159,159,6255.13,79.8,145.1,89.59,16.94,0.170535,0.733154,0.392252,0.386519,0.121311,0.61874,0.1127,0.1399,
0.29,3,5,70,70,70,133,133,5378.63,79.8,122.9,89.95,15.61,0.193768,0.76172,0.3868,0.383306,0.117318,0.61502,0.1139,0.14,
0.29,3,6,70,70,70,143,143,5854.1,79.8,130.9,87.78,16.11,0.15168,0.608875,0.382586,0.370509,0.114359,0.61103,0.1125,0.14,
0.29,3,7,70,70,70,131,131,6014.68,79.8,119.7,88.63,16.18,0.146029,0.62488,0.377652,0.381873,0.110365,0.60752,0.1112,0.14,
0.29,3,8,70,70,70,175,175,5385.87,79.8,165.1,93.11,15.6,0.206185,0.731792,0.383571,0.383944,0.11429,0.61279,0.1132,0.14,
0.29,3,9,70,70,70,179,179,5800.41,79.8,169.4,92.08,16.05,0.15754,0.63243,0.385803,0.36689,0.115341,0.61398,0.1142,0.14,
0.29,3.5,0,70,70,70,153,153,5915.65,79.8,142.5,93.63,17.01,0.156607,0.76901,0.356642,0.346832,0.122649,0.58893,0.1065,0.14,
0.29,3.5,1,70,70,70,147,147,5453.07,79.8,135.1,94.86,15.93,0.152558,0.655699,0.362841,0.344227,0.112939,0.59528,0.1105,0.14,
0.29,3.5,2,70,70,70,156,156,5373.71,79.8,143,92.17,15.44,0.117507,0.649947,0.378401,0.382323,0.129202,0.60567,0.1107,0.14,
0.29,3.5,3,70,70,70,136,136,5469.73,79.8,126.1,91.31,15.62,0.167764,0.649287,0.396052,0.380758,0.115295,0.62271,0.1153,0.14,
0.29,3.5,4,70,70,70,162,162,6255.13,79.8,148.7,94.54,16.63,0.105703,0.763218,0.399005,0.380132,0.130472,0.62293,0.1133,0.14,
0.29,3.5,5,70,70,70,141,141,5378.63,79.8,129.1,92.93,15.3,0.196071,0.782356,0.391982,0.381741,0.115909,0.61951,0.1148,0.14,
0.29,3.5,6,70,70,70,157,157,5854.1,79.8,144.5,92.07,15.96,0.155581,0.715718,0.385707,0.373111,0.125425,0.6126,0.1124,0.14,
0.29,3.5,7,70,70,70,144,144,6014.68,79.8,133.5,91.99,16.04,0.144747,0.626442,0.38769,0.387515,0.117793,0.61497,0.1126,0.14,
0.29,3.5,8,70,70,70,180,180,5385.87,79.8,170.1,97.87,15.45,0.179507,0.780943,0.385651,0.391586,0.125548,0.61325,0.113,0.14,
0.29,3.5,9,70,70,70,180,180,5800.41,79.8,170.1,95.28,15.87,0.17458,0.635623,0.393177,0.385686,0.116958,0.61986,0.1159,0.14,
0.29,4,0,70,70,70,162,162,5915.65,79.8,153.7,95.66,16.63,0.158664,0.784962,0.365537,0.351727,0.131057,0.59536,0.1074,0.14,
0.29,4,1,70,70,70,191,191,5453.07,79.8,178.1,100.27,15.68,0.144492,0.67856,0.363839,0.343034,0.119631,0.59535,0.1106,0.14,
0.29,4,2,70,70,70,166,166,5373.71,79.8,152.4,96.79,15.2,0.121678,0.638065,0.375215,0.36651,0.128178,0.6032,0.1105,0.14,
0.29,4,3,70,70,70,149,149,5469.73,79.8,140.9,94.65,15.28,0.177006,0.673229,0.396007,0.385581,0.115733,0.62259,0.1154,0.1399,
0.29,4,4,70,70,70,168,168,6255.13,79.8,154.5,97.22,16.33,0.099488,0.783847,0.403358,0.393324,0.133843,0.62601,0.1141,0.14,
0.29,4,5,70,70,70,167,167,5378.63,79.8,157.6,96.65,15.14,0.182968,0.729258,0.393015,0.388514,0.116835,0.6202,0.115,0.14,
0.29,4,6,70,70,70,159,159,5854.1,79.8,146.8,94.31,15.63,0.159787,0.774191,0.387542,0.367708,0.125595,0.61437,0.1128,0.14,
0.29,4,7,70,70,70,154,154,6014.68,79.8,144.5,94.09,15.64,0.144431,0.643737,0.389952,0.399648,0.114933,0.61718,0.1129,0.1399,
0.29,4,8,70,70,70,189,189,5385.87,79.8,179.6,100.46,15.08,0.173722,0.755505,0.390472,0.378131,0.123203,0.6174,0.1142,0.1399,
0.29,4,9,70,70,70,185,185,5800.41,79.8,175.1,99.92,15.63,0.179294,0.645115,0.388821,0.369497,0.115248,0.61662,0.1154,0.14,
0.29,4.5,0,70,70,70,167,167,5915.65,79.8,158.9,99,16.66,0.155346,0.79527,0.365657,0.358738,0.133549,0.59479,0.1073,0.14,
0.29,4.5,1,70,70,70,197,197,5453.07,79.8,184.9,104.17,15.57,0.125185,0.662273,0.357525,0.340304,0.117292,0.58997,0.1095,0.14,
0.29,4.5,2,70,70,70,169,169,5373.71,79.8,155.4,103.46,15.19,0.128455,0.684049,0.374739,0.364443,0.129793,0.60265,0.1102,0.14,
0.29,4.5,3,70,70,70,166,166,5469.73,79.8,152.7,98.23,15.13,0.141066,0.751713,0.393552,0.384738,0.132912,0.61848,0.1143,0.14,
0.29,4.5,4,70,70,70,213,213,6255.13,79.8,200.1,101.79,16.12,0.102109,0.798065,0.404817,0.386462,0.137936,0.62672,0.1144,0.14,
0.29,4.5,5,70,70,70,170,170,5378.63,79.8,160.5,100.71,14.97,0.17546,0.745652,0.39513,0.398961,0.121534,0.62142,0.115,0.14,
0.29,4.5,6,70,70,70,166,166,5854.1,79.8,153.2,98.45,15.42,0.163843,0.723819,0.39054,0.370065,0.133116,0.61598,0.1131,0.14,
0.29,4.5,7,70,70,70,158,158,6014.68,79.8,148.6,97.86,15.4,0.144797,0.654026,0.390014,0.389653,0.115229,0.61727,0.1129,0.14,
0.29,4.5,8,70,70,70,219,219,5385.87,79.8,209.6,106.08,15.02,0.162242,0.767515,0.39175,0.377365,0.118825,0.61888,0.1141,0.14,
0.29,4.5,9,70,70,70,185,185,5800.41,79.8,175.1,101.85,15.38,0.187925,0.631697,0.38858,0.373552,0.113602,0.61662,0.1154,0.14,
0.29,5,0,70,70,70,173,173,5915.65,79.8,164.2,103.22,15.97,0.152948,0.728315,0.361255,0.348413,0.123426,0.59233,0.1069,0.14,
0.29,5,1,70,70,70,201,201,5453.07,79.8,189,106.33,14.85,0.127666,0.663682,0.352559,0.327859,0.116679,0.58605,0.1087,0.14,
0.29,5,2,70,70,70,215,215,5373.71,79.8,205.2,108.32,14.55,0.135489,0.697681,0.372486,0.360564,0.125761,0.6015,0.1104,0.14,
0.29,5,3,70,70,70,171,171,5469.73,79.8,157.9,101.7,14.45,0.132784,0.760072,0.383899,0.382188,0.131433,0.61062,0.1129,0.14,
0.29,5,4,70,70,70,213,213,6255.13,79.8,200.1,106.48,15.55,0.125614,0.80728,0.391155,0.387986,0.128956,0.61682,0.1128,0.14,
0.29,5,5,70,70,70,263,263,5378.63,79.8,252.7,107.43,14.38,0.173987,0.750682,0.384883,0.363615,0.124888,0.61258,0.1131,0.14,
0.29,5,6,70,70,70,183,183,5854.1,79.8,170.9,103.1,14.83,0.149692,0.736483,0.386428,0.378215,0.135335,0.61207,0.1126,0.14,
0.29,5,7,70,70,70,177,177,6014.68,79.8,164.6,103.85,14.94,0.145675,0.655045,0.376731,0.372954,0.119203,0.60569,0.111,0.14,
0.29,5,8,70,70,70,223,223,5385.87,79.8,213.6,112.6,14.46,0.172337,0.744531,0.380966,0.35973,0.110411,0.61098,0.1129,0.14,
0.29,5,9,70,70,70,185,185,5800.41,79.8,175.9,103.79,14.81,0.188609,0.642875,0.391319,0.386129,0.110634,0.61916,0.1158,0.14,
0.29,5.5,0,70,70,70,177,177,5915.65,79.8,168.2,106.63,15.91,0.131859,0.756077,0.358855,0.360092,0.129394,0.5892,0.1061,0.14,
0.29,5.5,1,70,70,70,215,215,5453.07,79.8,202.5,111.13,14.76,0.127729,0.694131,0.340364,0.319082,0.123845,0.57455,0.1068,0.14,
0.29,5.5,2,70,70,70,220,220,5373.71,79.8,210.6,111.82,14.63,0.1401,0.690592,0.369369,0.363974,0.124968,0.59904,0.1099,0.14,
0.29,5.5,3,70,70,70,175,175,5469.73,79.8,161.9,105.68,14.52,0.176077,0.790648,0.377849,0.356232,0.135114,0.60539,0.1118,0.14,
0.29,5.5,4,70,70,70,215,215,6255.13,79.8,202.3,109.67,15.66,0.136319,0.812954,0.37758,0.353836,0.126883,0.60587,0.1111,0.14,
0.29,5.5,5,70,70,70,297,297,5378.63,79.8,286.2,115.54,14.56,0.149271,0.75661,0.376029,0.349398,0.138918,0.60318,0.1113,0.14,
0.29,5.5,6,70,70,70,200,200,5854.1,79.8,189.5,109.44,15.01,0.158411,0.759482,0.370645,0.363019,0.13151,0.59951,0.1105,0.14,
0.29,5.5,7,70,70,70,183,183,6014.68,79.8,170.3,107.77,14.95,0.146958,0.693207,0.375666,0.369796,0.126961,0.60413,0.1109,0.14,
0.29,5.5,8,70,70,70,232,232,5385.87,79.8,222.2,116.01,14.56,0.168221,0.666234,0.383846,0.367485,0.10664,0.61364,0.1134,0.14,
0.29,5.5,9,70,70,70,205,205,5800.41,79.8,193.5,111.11,14.92,0.165433,0.746927,0.38179,0.360099,0.122554,0.61004,0.1137,0.14,
0.29,6,0,70,70,70,205,205,5915.65,79.8,192.1,108.97,15.96,0.138704,0.706668,0.372097,0.369397,0.132197,0.60009,0.1079,0.1399,
0.29,6,1,70,70,70,230,230,5453.07,79.8,220.1,114.18,14.93,0.121412,0.681997,0.346825,0.316648,0.13285,0.57895,0.1077,0.14,
0.29,6,2,70,70,70,225,225,5373.71,79.8,215.3,112.38,14.55,0.144023,0.719997,0.381497,0.36569,0.13164,0.60873,0.1115,0.14,
0.29,6,3,70,70,70,177,177,5469.73,79.8,163.7,109.29,14.74,0.156275,0.758369,0.3786,0.369647,0.136936,0.60539,0.1118,0.14,
0.29,6,4,70,70,70,218,218,6255.13,79.8,205.1,113.99,15.92,0.180438,0.783716,0.370085,0.342941,0.126903,0.59991,0.11,0.1399,
0.29,6,5,70,70,70,305,305,5378.63,79.8,294.1,117.76,14.79,0.14613,0.759116,0.381866,0.361393,0.132994,0.60875,0.1126,0.1399,
0.29,6,6,70,70,70,216,216,5854.1,79.8,205.5,111.27,15.15,0.170405,0.773792,0.375225,0.356804,0.131521,0.60343,0.1108,0.1399,
0.29,6,7,70,70,70,210,210,6014.68,79.8,200.1,111.67,15.23,0.148582,0.679494,0.37123,0.364827,0.127635,0.60037,0.1102,0.14,
0.29,6,8,70,70,70,250,250,5385.87,79.8,238.7,120.56,14.7,0.163445,0.683141,0.38191,0.365643,0.113964,0.61126,0.1128,0.1399,
0.29,6,9,70,70,70,209,209,5800.41,79.8,199.3,114.03,15.31,0.155217,0.756207,0.37196,0.349629,0.121054,0.60197,0.1127,0.14,
0.29,6.5,0,70,70,70,205,205,5915.65,79.8,192.9,113.18,16.35,0.133622,0.75252,0.378195,0.373159,0.147308,0.60304,0.1081,0.14,
0.29,6.5,1,70,70,70,233,233,5453.07,79.8,223.6,119.32,15.3,0.127678,0.730304,0.334023,0.3061,0.136368,0.5668,0.1049,0.14,
0.29,6.5,2,70,70,70,227,227,5373.71,79.8,217.4,115.87,14.91,0.147362,0.702772,0.384455,0.350205,0.13406,0.61076,0.1122,0.14,
0.29,6.5,3,70,70,70,239,239,5469.73,79.8,226.5,115.95,15.14,0.157173,0.7858,0.374721,0.349647,0.133726,0.60295,0.1111,0.14,
0.29,6.5,4,70,70,70,218,218,6255.13,79.8,208.7,117.24,16.1,0.127517,0.757568,0.367181,0.348338,0.135125,0.59596,0.1089,0.14,
0.29,6.5,5,70,70,70,311,311,5378.63,79.8,300.8,119.74,15.04,0.157285,0.759148,0.375417,0.347633,0.13424,0.60321,0.112,0.14,
0.29,6.5,6,70,70,70,221,221,5854.1,79.8,210.2,115.08,15.5,0.176929,0.776804,0.37481,0.361264,0.12903,0.60338,0.1109,0.14,
0.29,6.5,7,70,70,70,211,211,6014.68,79.8,201.9,115.83,15.53,0.15044,0.707548,0.374993,0.350202,0.133877,0.60283,0.1107,0.14,
0.29,6.5,8,70,70,70,254,254,5385.87,79.8,242.9,126.93,15.17,0.141342,0.684711,0.365843,0.351648,0.118996,0.59707,0.1104,0.14,
0.29,6.5,9,70,70,70,236,236,5800.41,79.8,225.1,119.87,15.4,0.130931,0.766901,0.364278,0.349227,0.12501,0.59476,0.1111,0.14,
0.29,7,0,70,70,70,210,210,5915.65,79.8,196.6,119.56,17.1,0.130427,0.771764,0.367925,0.352661,0.150137,0.59407,0.1067,0.14,
0.29,7,1,70,70,70,239,239,5453.07,79.8,226.1,123.61,15.99,0.123721,0.716626,0.32277,0.28759,0.131415,0.55733,0.1033,0.14,
0.29,7,2,70,70,70,229,229,5373.71,79.8,219.5,121.56,15.69,0.134145,0.686122,0.364987,0.338452,0.132795,0.5944,0.1096,0.14,
0.29,7,3,70,70,70,247,247,5469.73,79.8,235,121.1,15.74,0.141284,0.785763,0.368919,0.334491,0.146221,0.59616,0.1096,0.14,
0.29,7,4,70,70,70,221,221,6255.13,79.8,211.7,125.06,16.76,0.124687,0.654092,0.353445,0.312907,0.137409,0.58341,0.1064,0.1396,
0.29,7,5,70,70,70,316,316,5378.63,79.8,305.7,126.78,15.52,0.147803,0.757153,0.359068,0.335388,0.139608,0.58841,0.1086,0.1399,
0.29,7,6,70,70,70,282,282,5854.1,79.8,272.4,125.07,16.17,0.159812,0.774668,0.356661,0.340584,0.132433,0.58736,0.1077,0.1399,
0.29,7,7,70,70,70,214,214,6014.68,79.8,204.6,124.48,16.1,0.139436,0.684691,0.357063,0.335504,0.130342,0.58773,0.1079,0.14,
0.29,7,8,70,70,70,269,269,5385.87,79.8,259.1,130.57,15.54,0.145234,0.682574,0.365232,0.339646,0.131097,0.59521,0.1101,0.14,
0.29,7,9,70,70,70,240,240,5800.41,79.8,227.4,126.26,15.95,0.10668,0.770421,0.346188,0.316343,0.124903,0.57895,0.1078,0.14,
0.3,3,0,70,70,70,150,150,5915.65,79.8,139.8,90.45,16.24,0.161668,0.767553,0.366662,0.347585,0.117362,0.59842,0.1083,0.14,
0.3,3,1,70,70,70,137,137,5453.07,79.8,125.1,91.55,15.03,0.157781,0.663053,0.37312,0.346791,0.114661,0.60381,0.1121,0.14,
0.3,3,2,70,70,70,125,125,5373.71,79.8,115.1,89.59,14.68,0.119427,0.66719,0.388136,0.378878,0.128339,0.61399,0.1121,0.14,
0.3,3,3,70,70,70,135,135,5469.73,79.8,125.1,90.57,15,0.163109,0.673083,0.403464,0.384817,0.118211,0.62827,0.1162,0.14,
0.3,3,4,70,70,70,159,159,6255.13,79.8,145.1,90.57,15.98,0.150337,0.777378,0.405374,0.401523,0.124781,0.62909,0.1145,0.1399,
0.3,3,5,70,70,70,134,134,5378.63,79.8,123.2,90.98,14.63,0.199811,0.815093,0.39933,0.397236,0.122803,0.62474,0.1156,0.1399,
0.3,3,6,70,70,70,144,144,5854.1,79.8,131.5,88.75,15.34,0.157831,0.650795,0.397746,0.385268,0.119022,0.62308,0.1145,0.1399,
0.3,3,7,70,70,70,136,136,6014.68,79.8,122.4,90.01,15.47,0.154864,0.622735,0.390462,0.397505,0.111615,0.61801,0.1131,0.14,
0.3,3,8,70,70,70,176,176,5385.87,79.8,166.6,94.15,14.89,0.230815,0.782152,0.399853,0.389085,0.122149,0.62541,0.1155,0.14,
0.3,3,9,70,70,70,180,180,5800.41,79.8,170.1,93.75,15.37,0.168149,0.641183,0.398068,0.383356,0.11919,0.62364,0.1163,0.14,
0.3,3.5,0,70,70,70,157,157,5915.65,79.8,148.1,94.53,16.67,0.163847,0.782479,0.370556,0.364018,0.126198,0.60041,0.1085,0.14,
0.3,3.5,1,70,70,70,151,151,5453.07,79.8,139.6,96.41,15.54,0.159375,0.675614,0.378759,0.366786,0.116808,0.60825,0.113,0.1399,
0.3,3.5,2,70,70,70,158,158,5373.71,79.8,144.5,93.9,15.07,0.122784,0.645753,0.386549,0.388658,0.127533,0.61268,0.112,0.14,
0.3,3.5,3,70,70,70,140,140,5469.73,79.8,130.1,93.28,15.31,0.175015,0.71148,0.407877,0.398857,0.122727,0.63132,0.1169,0.14,
0.3,3.5,4,70,70,70,163,163,6255.13,79.8,149.6,95.68,16.3,0.108595,0.809741,0.411727,0.400669,0.13166,0.6332,0.1152,0.14,
0.3,3.5,5,70,70,70,165,165,5378.63,79.8,155.5,95.49,15.07,0.198721,0.825117,0.405572,0.396537,0.118218,0.63043,0.1169,0.14,
0.3,3.5,6,70,70,70,158,158,5854.1,79.8,145.2,93.16,15.65,0.161864,0.695339,0.399624,0.392744,0.124496,0.62416,0.1146,0.14,
0.3,3.5,7,70,70,70,144,144,6014.68,79.8,133.9,93.83,15.63,0.153394,0.645287,0.403067,0.40361,0.120056,0.6273,0.1147,0.14,
0.3,3.5,8,70,70,70,180,180,5385.87,79.8,170.7,98.67,15.16,0.187784,0.835631,0.401971,0.411611,0.127906,0.62635,0.1155,0.14,
0.3,3.5,9,70,70,70,183,183,5800.41,79.8,173.2,97.76,15.68,0.182889,0.652526,0.407798,0.409609,0.11839,0.63156,0.1178,0.14,
0.3,4,0,70,70,70,163,163,5915.65,79.8,155,96.6,16.9,0.165989,0.764197,0.375969,0.371223,0.129574,0.60423,0.1091,0.14,
0.3,4,1,70,70,70,191,191,5453.07,79.8,178.9,101.54,15.82,0.133062,0.678209,0.374848,0.364764,0.116367,0.60492,0.1124,0.14,
0.3,4,2,70,70,70,167,167,5373.71,79.8,153.2,98.54,15.27,0.127563,0.681827,0.387152,0.383409,0.129839,0.61305,0.1122,0.1399,
0.3,4,3,70,70,70,150,150,5469.73,79.8,141.3,96.35,15.5,0.18465,0.716742,0.409572,0.402854,0.123091,0.63285,0.1171,0.14,
0.3,4,4,70,70,70,173,173,6255.13,79.8,160,99.59,16.65,0.100732,0.832308,0.419615,0.415408,0.139078,0.63854,0.1164,0.14,
0.3,4,5,70,70,70,169,169,5378.63,79.8,159.2,98.34,15.27,0.189934,0.772173,0.409577,0.408896,0.120228,0.6333,0.1173,0.14,
0.3,4,6,70,70,70,183,183,5854.1,79.8,170.1,97.12,15.98,0.166101,0.727969,0.399876,0.37931,0.127666,0.62424,0.1145,0.14,
0.3,4,7,70,70,70,155,155,6014.68,79.8,145.4,96.57,16,0.152918,0.644373,0.403199,0.410593,0.118524,0.62756,0.1148,0.14,
0.3,4,8,70,70,70,190,190,5385.87,79.8,180.7,102.05,15.39,0.180934,0.806223,0.408038,0.396292,0.128346,0.63121,0.1165,0.14,
0.3,4,9,70,70,70,185,185,5800.41,79.8,175.1,101.25,15.93,0.194799,0.6669,0.404274,0.393911,0.11333,0.62944,0.1177,0.14,
0.3,4.5,0,70,70,70,168,168,5915.65,79.8,159.8,100.72,17.25,0.16046,0.742445,0.376539,0.379404,0.132914,0.60402,0.1091,0.14,
0.3,4.5,1,70,70,70,198,198,5453.07,79.8,185.6,105.59,16.18,0.129044,0.681699,0.368375,0.350585,0.118398,0.59921,0.1112,0.14,
0.3,4.5,2,70,70,70,170,170,5373.71,79.8,156.2,104.54,15.84,0.135179,0.731039,0.390658,0.38584,0.135253,0.61535,0.1126,0.14,
0.3,4.5,3,70,70,70,225,225,5469.73,79.8,212.9,102.51,15.84,0.144978,0.775186,0.400436,0.40146,0.135649,0.62378,0.115,0.14,
0.3,4.5,4,70,70,70,213,213,6255.13,79.8,200.1,104.75,16.93,0.106819,0.847418,0.41777,0.401605,0.1424,0.6367,0.1161,0.14,
0.3,4.5,5,70,70,70,251,251,5378.63,79.8,240.1,104.27,15.69,0.184354,0.795372,0.412109,0.416994,0.12396,0.63487,0.1175,0.14,
0.3,4.5,6,70,70,70,186,186,5854.1,79.8,173.7,100.98,16.21,0.17028,0.752674,0.405253,0.38435,0.136667,0.62765,0.1153,0.14,
0.3,4.5,7,70,70,70,159,159,6014.68,79.8,149.8,99.66,16.14,0.153122,0.658762,0.402409,0.404343,0.116464,0.62725,0.1149,0.14,
0.3,4.5,8,70,70,70,220,220,5385.87,79.8,210.3,109.04,15.59,0.206467,0.813092,0.404932,0.385663,0.1233,0.62932,0.1159,0.14,
0.3,4.5,9,70,70,70,187,187,5800.41,79.8,177.1,105.1,16.15,0.195652,0.649042,0.39697,0.383431,0.114551,0.62342,0.1165,0.14,
0.3,5,0,70,70,70,174,174,5915.65,79.8,165.2,104.25,17.41,0.157678,0.703795,0.37475,0.366291,0.123321,0.60378,0.1088,0.1399,
0.3,5,1,70,70,70,202,202,5453.07,79.8,190,107.56,16.17,0.134228,0.698892,0.365222,0.341686,0.120625,0.59652,0.1107,0.14,
0.3,5,2,70,70,70,216,216,5373.71,79.8,206.1,109.75,15.83,0.143535,0.740162,0.389493,0.382997,0.132238,0.61499,0.1128,0.14,
0.3,5,3,70,70,70,228,228,5469.73,79.8,215.8,107.63,16.04,0.136246,0.740942,0.378509,0.377546,0.128521,0.60653,0.1119,0.1399,
0.3,5,4,70,70,70,215,215,6255.13,79.8,203,110.82,17.01,0.132822,0.85744,0.390145,0.373036,0.128227,0.61641,0.1126,0.14,
0.3,5,5,70,70,70,265,265,5378.63,79.8,254.9,111.37,15.8,0.15301,0.768312,0.389779,0.376306,0.129114,0.61599,0.1135,0.14,
0.3,5,6,70,70,70,205,205,5854.1,79.8,194.3,107.38,16.37,0.157986,0.756973,0.395149,0.39706,0.139852,0.61886,0.114,0.14,
0.3,5,7,70,70,70,178,178,6014.68,79.8,165.2,106.76,16.38,0.15384,0.707497,0.38947,0.390172,0.124399,0.61571,0.1131,0.14,
0.3,5,8,70,70,70,229,229,5385.87,79.8,219.8,115.56,15.88,0.177667,0.787062,0.396153,0.385073,0.1082,0.62371,0.1154,0.14,
0.3,5,9,70,70,70,214,214,5800.41,79.8,203.2,108.18,16.11,0.170852,0.688173,0.400178,0.405963,0.113169,0.62599,0.1167,0.14,
0.3,5.5,0,70,70,70,177,177,5915.65,79.8,169,109.1,17.53,0.136958,0.732201,0.369725,0.371407,0.131504,0.59818,0.1076,0.14,
0.3,5.5,1,70,70,70,216,216,5453.07,79.8,203.2,112.07,16.38,0.138231,0.707676,0.353681,0.333277,0.126419,0.58589,0.109,0.14,
0.3,5.5,2,70,70,70,222,222,5373.71,79.8,212.5,113.38,16.14,0.148364,0.73129,0.392366,0.38624,0.126373,0.61826,0.1134,0.14,
0.3,5.5,3,70,70,70,235,235,5469.73,79.8,222.1,112.13,16.19,0.181798,0.776914,0.382152,0.370393,0.137271,0.6087,0.112,0.14,
0.3,5.5,4,70,70,70,218,218,6255.13,79.8,205.1,112.08,17.17,0.146046,0.863644,0.384518,0.361728,0.133504,0.61122,0.112,0.14,
0.3,5.5,5,70,70,70,298,298,5378.63,79.8,287.3,117.23,16.01,0.155438,0.775929,0.3936,0.359782,0.140065,0.61773,0.1142,0.1399,
0.3,5.5,6,70,70,70,212,212,5854.1,79.8,201.1,110.73,16.56,0.170401,0.765162,0.385678,0.372671,0.136201,0.61155,0.1128,0.14,
0.3,5.5,7,70,70,70,189,189,6014.68,79.8,176.5,109.84,16.47,0.155042,0.731028,0.386013,0.384051,0.127759,0.61273,0.1125,0.14,
0.3,5.5,8,70,70,70,247,247,5385.87,79.8,235.7,119.1,16,0.169594,0.699216,0.395613,0.382234,0.111057,0.62286,0.1151,0.14,
0.3,5.5,9,70,70,70,216,216,5800.41,79.8,205.5,113.69,16.45,0.172999,0.757643,0.391921,0.367476,0.12351,0.61834,0.1152,0.14,
0.3,6,0,70,70,70,205,205,5915.65,79.8,192.9,112.65,17.72,0.134246,0.755846,0.381099,0.370564,0.136662,0.60713,0.1088,0.14,
0.3,6,1,70,70,70,235,235,5453.07,79.8,225.1,116.82,16.48,0.137433,0.705824,0.355916,0.330681,0.13031,0.58715,0.1089,0.14,
0.3,6,2,70,70,70,225,225,5373.71,79.8,215.8,116.56,16.18,0.152441,0.774084,0.390699,0.379878,0.132551,0.6162,0.113,0.14,
0.3,6,3,70,70,70,237,237,5469.73,79.8,224.9,114,16.29,0.165758,0.808997,0.387175,0.388024,0.138428,0.61248,0.1127,0.14,
0.3,6,4,70,70,70,218,218,6255.13,79.8,205.1,116.79,17.43,0.187669,0.824957,0.382012,0.35879,0.131503,0.60955,0.1116,0.14,
0.3,6,5,70,70,70,306,306,5378.63,79.8,296,120.09,16.3,0.169545,0.783485,0.391263,0.354164,0.131736,0.61697,0.1141,0.14,
0.3,6,6,70,70,70,217,217,5854.1,79.8,207,113.98,16.74,0.178287,0.770184,0.396643,0.379928,0.133561,0.6209,0.1141,0.14,
0.3,6,7,70,70,70,215,215,6014.68,79.8,205.1,112.91,16.69,0.156541,0.716221,0.388924,0.378092,0.131096,0.61475,0.1129,0.14,
0.3,6,8,70,70,70,251,251,5385.87,79.8,239.7,122.49,16.22,0.169671,0.725307,0.398753,0.390376,0.117472,0.62478,0.1154,0.14,
0.3,6,9,70,70,70,218,218,5800.41,79.8,207.2,117.63,16.71,0.131019,0.774295,0.380505,0.376659,0.122733,0.6088,0.1139,0.14,
0.3,6.5,0,70,70,70,207,207,5915.65,79.8,193.5,116.06,17.68,0.139669,0.793448,0.388073,0.37722,0.15219,0.61093,0.1094,0.14,
0.3,6.5,1,70,70,70,235,235,5453.07,79.8,225.1,122.08,16.71,0.137027,0.734348,0.341265,0.319289,0.131539,0.57402,0.1062,0.1399,
0.3,6.5,2,70,70,70,227,227,5373.71,79.8,218,120.14,16.38,0.155879,0.720164,0.392942,0.363711,0.136264,0.61753,0.1135,0.14,
0.3,6.5,3,70,70,70,241,241,5469.73,79.8,229,120.09,16.46,0.148216,0.823802,0.385329,0.370226,0.146517,0.6102,0.112,0.14,
0.3,6.5,4,70,70,70,219,219,6255.13,79.8,209.8,121.93,17.62,0.131002,0.807256,0.369688,0.343943,0.135974,0.59821,0.1094,0.14,
0.3,6.5,5,70,70,70,313,313,5378.63,79.8,302.8,122.85,16.39,0.166675,0.789474,0.383508,0.35988,0.135214,0.60995,0.113,0.14,
0.3,6.5,6,70,70,70,309,309,5854.1,79.8,296.2,119.82,16.84,0.180258,0.711102,0.385378,0.375823,0.133292,0.61154,0.1121,0.14,
0.3,6.5,7,70,70,70,215,215,6014.68,79.8,205.1,120.77,16.85,0.158327,0.737378,0.375073,0.349294,0.127385,0.60371,0.111,0.1399,
0.3,6.5,8,70,70,70,267,267,5385.87,79.8,257.8,130.18,16.35,0.15153,0.721098,0.380291,0.362769,0.128768,0.60821,0.1124,0.14,
0.3,6.5,9,70,70,70,237,237,5800.41,79.8,225.2,122.6,16.86,0.117355,0.788786,0.370768,0.35192,0.130252,0.59934,0.1117,0.14,
0.3,7,0,70,70,70,219,219,5915.65,79.8,206.6,125.06,17.76,0.133796,0.803354,0.376914,0.363171,0.156627,0.6007,0.1076,0.14,
0.3,7,1,70,70,70,252,252,5453.07,79.8,239.7,126.26,16.63,0.129956,0.739667,0.332242,0.303074,0.127316,0.5667,0.1052,0.14,
0.3,7,2,70,70,70,231,231,5373.71,79.8,220.3,125.47,16.16,0.140458,0.671087,0.365238,0.352302,0.121168,0.59623,0.1098,0.14,
0.3,7,3,70,70,70,249,249,5469.73,79.8,236.2,125.39,16.5,0.149016,0.825528,0.379038,0.362839,0.145222,0.60506,0.1111,0.14,
0.3,7,4,70,70,70,222,222,6255.13,79.8,212.6,128.42,17.54,0.125314,0.68945,0.362385,0.320245,0.146937,0.58992,0.1075,0.14,
0.3,7,5,70,70,70,317,317,5378.63,79.8,306.9,128.92,16.29,0.155339,0.794217,0.373333,0.354411,0.142264,0.60035,0.1108,0.14,
0.3,7,6,70,70,70,313,313,5854.1,79.8,300.5,128.76,16.94,0.166065,0.735482,0.371646,0.353817,0.133637,0.6002,0.1099,0.14,
0.3,7,7,70,70,70,254,254,6014.68,79.8,242,126.75,16.88,0.141419,0.715761,0.366296,0.351638,0.131025,0.59555,0.1095,0.14,
0.3,7,8,70,70,70,278,278,5385.87,79.8,268.3,133.92,16.29,0.174511,0.717292,0.37754,0.356689,0.135739,0.60521,0.112,0.14,
0.3,7,9,70,70,70,263,263,5800.41,79.8,251.9,128.21,16.76,0.111066,0.687141,0.357001,0.333457,0.122246,0.5885,0.1097,0.14,
0.31,3,0,70,70,70,151,151,5915.65,79.8,140.2,91.61,16.95,0.169142,0.769586,0.380715,0.380515,0.114464,0.61034,0.1105,0.14,
0.31,3,1,70,70,70,144,144,5453.07,79.8,132.9,94.31,15.75,0.161795,0.663665,0.380138,0.362684,0.115591,0.60951,0.1132,0.14,
0.31,3,2,70,70,70,154,154,5373.71,79.8,140.7,92.31,15.52,0.124816,0.639499,0.389227,0.37554,0.129296,0.61463,0.1126,0.14,
0.31,3,3,70,70,70,140,140,5469.73,79.8,127.7,92.38,15.61,0.170189,0.716178,0.41351,0.398661,0.11707,0.63652,0.1176,0.14,
0.31,3,4,70,70,70,159,159,6255.13,79.8,145.1,91.95,16.69,0.154661,0.823105,0.421589,0.409068,0.130733,0.64148,0.1166,0.14,
0.31,3,5,70,70,70,164,164,5378.63,79.8,154.3,93.04,15.35,0.206023,0.866173,0.415815,0.416532,0.124086,0.63793,0.1181,0.14,
0.31,3,6,70,70,70,156,156,5854.1,79.8,143.1,90.2,15.92,0.164196,0.693892,0.40877,0.399958,0.121979,0.63182,0.1161,0.14,
0.31,3,7,70,70,70,140,140,6014.68,79.8,131.1,91.02,15.95,0.162283,0.64273,0.403766,0.411204,0.111899,0.62881,0.1151,0.14,
0.31,3,8,70,70,70,180,180,5385.87,79.8,170.1,96.72,15.32,0.226926,0.834482,0.408189,0.396074,0.126823,0.63155,0.1163,0.14,
0.31,3,9,70,70,70,180,180,5800.41,79.8,170.1,95.88,15.91,0.177176,0.6558,0.409755,0.399413,0.120363,0.63302,0.118,0.14,
0.31,3.5,0,70,70,70,168,168,5915.65,79.8,156.1,96.41,16.84,0.171443,0.754206,0.380909,0.37271,0.119761,0.60971,0.11,0.14,
0.31,3.5,1,70,70,70,157,157,5453.07,79.8,145.1,98.18,15.68,0.160808,0.692102,0.389129,0.376805,0.116617,0.61682,0.1146,0.14,
0.31,3.5,2,70,70,70,160,160,5373.71,79.8,146.8,96.91,15.29,0.128342,0.669834,0.393382,0.388059,0.127075,0.61854,0.1131,0.14,
0.31,3.5,3,70,70,70,148,148,5469.73,79.8,139.3,95.49,15.37,0.18263,0.737051,0.420272,0.416733,0.124635,0.64112,0.1186,0.14,
0.31,3.5,4,70,70,70,169,169,6255.13,79.8,155.1,97.57,16.49,0.112222,0.858006,0.432233,0.426232,0.141823,0.64821,0.1177,0.14,
0.31,3.5,5,70,70,70,171,171,5378.63,79.8,161.7,96.87,15.19,0.205598,0.874132,0.420354,0.414133,0.119751,0.64208,0.119,0.14,
0.31,3.5,6,70,70,70,183,183,5854.1,79.8,170.1,95.12,15.79,0.16837,0.705897,0.41459,0.41149,0.126086,0.63609,0.1167,0.14,
0.31,3.5,7,70,70,70,145,145,6014.68,79.8,134.5,94.68,15.79,0.16254,0.646788,0.417877,0.423202,0.120032,0.63921,0.1168,0.14,
0.31,3.5,8,70,70,70,186,186,5385.87,79.8,176.5,100.76,15.25,0.196662,0.827599,0.413663,0.417343,0.13037,0.63555,0.1171,0.14,
0.31,3.5,9,70,70,70,185,185,5800.41,79.8,175.1,99.85,15.82,0.191937,0.671028,0.414406,0.427921,0.115706,0.63717,0.1189,0.14,
0.31,4,0,70,70,70,165,165,5915.65,79.8,156.2,98.74,16.52,0.173623,0.753952,0.393526,0.391254,0.134972,0.61805,0.1115,0.14,
0.31,4,1,70,70,70,192,192,5453.07,79.8,179.5,103.61,15.47,0.137813,0.698221,0.386212,0.386536,0.119969,0.61392,0.1142,0.14,
0.31,4,2,70,70,70,167,167,5373.71,79.8,153.8,100.65,14.98,0.133788,0.72687,0.404701,0.4071,0.134315,0.62682,0.1147,0.14,
0.31,4,3,70,70,70,165,165,5469.73,79.8,155.1,98.29,15.14,0.192676,0.762385,0.422026,0.415823,0.128635,0.64225,0.1189,0.14,
0.31,4,4,70,70,70,175,175,6255.13,79.8,161.5,102.94,16.14,0.103548,0.882104,0.432616,0.430114,0.145016,0.64828,0.1181,0.14,
0.31,4,5,70,70,70,177,177,5378.63,79.8,167.8,99.93,14.95,0.198179,0.817717,0.427812,0.426395,0.124643,0.64736,0.1199,0.14,
0.31,4,6,70,70,70,188,188,5854.1,79.8,175.1,99.63,15.52,0.172721,0.744556,0.414412,0.400296,0.131012,0.63568,0.1164,0.14,
0.31,4,7,70,70,70,156,156,6014.68,79.8,146.2,97.99,15.4,0.161876,0.60677,0.412593,0.418299,0.117622,0.63522,0.1164,0.14,
0.31,4,8,70,70,70,216,216,5385.87,79.8,206.9,106.01,15.01,0.188527,0.864059,0.421646,0.41226,0.132925,0.64179,0.1182,0.14,
0.31,4,9,70,70,70,190,190,5800.41,79.8,179.2,103.63,15.53,0.202858,0.654353,0.413215,0.404403,0.11118,0.63689,0.119,0.14,
0.31,4.5,0,70,70,70,179,179,5915.65,79.8,167.4,102.89,16.42,0.169891,0.75755,0.387509,0.390183,0.13203,0.61316,0.1107,0.14,
0.31,4.5,1,70,70,70,199,199,5453.07,79.8,186.3,107.34,15.37,0.133375,0.703696,0.377291,0.36643,0.11769,0.60682,0.1125,0.14,
0.31,4.5,2,70,70,70,171,171,5373.71,79.8,157.3,105.63,14.98,0.142475,0.779413,0.406787,0.409496,0.13896,0.6282,0.1149,0.14,
0.31,4.5,3,70,70,70,226,226,5469.73,79.8,213.9,104.11,15.03,0.150425,0.745692,0.411112,0.414998,0.133579,0.63273,0.1166,0.14,
0.31,4.5,4,70,70,70,214,214,6255.13,79.8,202,108.28,16.08,0.110471,0.89855,0.425339,0.414604,0.144496,0.64263,0.1169,0.14,
0.31,4.5,5,70,70,70,256,256,5378.63,79.8,245.1,106.41,14.85,0.191146,0.851512,0.419661,0.408519,0.128967,0.64045,0.1183,0.14,
0.31,4.5,6,70,70,70,206,206,5854.1,79.8,195.1,104.88,15.3,0.167864,0.751262,0.413519,0.404645,0.135887,0.63425,0.1165,0.14,
0.31,4.5,7,70,70,70,161,161,6014.68,79.8,150.6,103.11,15.25,0.161896,0.625451,0.403495,0.400793,0.11842,0.62813,0.1153,0.1399,
0.31,4.5,8,70,70,70,221,221,5385.87,79.8,211.3,111.58,14.87,0.18306,0.859921,0.414428,0.397814,0.123737,0.637,0.1176,0.14,
0.31,4.5,9,70,70,70,211,211,5800.41,79.8,200.9,106.92,15.21,0.203678,0.697674,0.40828,0.408193,0.116326,0.6324,0.1181,0.14,
0.31,5,0,70,70,70,174,174,5915.65,79.8,166,107.26,16.14,0.143636,0.750745,0.38374,0.383779,0.134546,0.60982,0.1098,0.14,
0.31,5,1,70,70,70,212,212,5453.07,79.8,199.9,109.28,14.99,0.141844,0.707326,0.378097,0.361686,0.126452,0.6067,0.1125,0.14,
0.31,5,2,70,70,70,216,216,5373.71,79.8,207,111.09,14.8,0.152108,0.783867,0.40378,0.404627,0.136738,0.6263,0.1148,0.1399,
0.31,5,3,70,70,70,230,230,5469.73,79.8,217.1,110.2,14.78,0.140262,0.788783,0.393081,0.394866,0.138124,0.61754,0.1138,0.14,
0.31,5,4,70,70,70,218,218,6255.13,79.8,205.1,111.67,15.93,0.140496,0.909335,0.408537,0.387125,0.138117,0.63034,0.1152,0.14,
0.31,5,5,70,70,70,266,266,5378.63,79.8,255.8,114.68,14.81,0.165822,0.774646,0.403493,0.386202,0.133782,0.62672,0.1156,0.14,
0.31,5,6,70,70,70,209,209,5854.1,79.8,198.7,110.07,15.2,0.167304,0.757095,0.398088,0.391804,0.133331,0.62217,0.1146,0.14,
0.31,5,7,70,70,70,178,178,6014.68,79.8,165.9,108.51,15.24,0.162473,0.746273,0.400738,0.403448,0.130346,0.62438,0.1149,0.14,
0.31,5,8,70,70,70,230,230,5385.87,79.8,220.8,117.66,14.74,0.174741,0.831871,0.405683,0.395447,0.112592,0.63103,0.1168,0.14,
0.31,5,9,70,70,70,214,214,5800.41,79.8,203.8,113.43,15.12,0.178546,0.734093,0.40277,0.398433,0.11438,0.6281,0.1168,0.14,
0.31,5.5,0,70,70,70,192,192,5915.65,79.8,180.1,112.25,16.07,0.142258,0.781171,0.385297,0.388567,0.1344,0.61093,0.1096,0.14,
0.31,5.5,1,70,70,70,235,235,5453.07,79.8,225.1,115.17,14.88,0.145911,0.722206,0.363304,0.348942,0.124513,0.59442,0.1105,0.14,
0.31,5.5,2,70,70,70,224,224,5373.71,79.8,214.1,115.15,14.53,0.157183,0.817657,0.408615,0.408734,0.131048,0.63107,0.1156,0.14,
0.31,5.5,3,70,70,70,236,236,5469.73,79.8,223.1,114.37,14.75,0.1883,0.813089,0.393067,0.386999,0.139097,0.61768,0.1135,0.1399,
0.31,5.5,4,70,70,70,218,218,6255.13,79.8,205.1,116.32,15.77,0.192061,0.916013,0.396379,0.378582,0.131854,0.62151,0.1138,0.14,
0.31,5.5,5,70,70,70,299,299,5378.63,79.8,288.4,119.73,14.75,0.162051,0.7825,0.401283,0.365776,0.141203,0.624,0.1149,0.14,
0.31,5.5,6,70,70,70,213,213,5854.1,79.8,202.6,113.7,15.1,0.179694,0.712178,0.396511,0.387537,0.128838,0.62153,0.1145,0.14,
0.31,5.5,7,70,70,70,215,215,6014.68,79.8,205.1,114.38,15.19,0.163545,0.770646,0.39962,0.390783,0.138245,0.62262,0.1141,0.14,
0.31,5.5,8,70,70,70,248,248,5385.87,79.8,236.3,122.06,14.69,0.17644,0.73592,0.405339,0.392291,0.108524,0.63109,0.1168,0.14,
0.31,5.5,9,70,70,70,217,217,5800.41,79.8,206.4,115.34,15.08,0.178029,0.774817,0.402656,0.389059,0.123226,0.62712,0.1169,0.14,
0.31,6,0,70,70,70,206,206,5915.65,79.8,193.4,117.59,15.98,0.138852,0.795189,0.388914,0.379405,0.138179,0.61349,0.1096,0.14,
0.31,6,1,70,70,70,235,235,5453.07,79.8,225.1,119.65,14.88,0.14694,0.732933,0.361923,0.345198,0.132583,0.59213,0.1096,0.14,
0.31,6,2,70,70,70,226,226,5373.71,79.8,216.3,117.67,14.65,0.161406,0.825917,0.407889,0.400987,0.136594,0.62985,0.1155,0.14,
0.31,6,3,70,70,70,238,238,5469.73,79.8,225.7,117.25,14.81,0.173866,0.826897,0.397116,0.39523,0.140666,0.62074,0.1142,0.14,
0.31,6,4,70,70,70,230,230,6255.13,79.8,218.2,121.39,15.77,0.140812,0.86881,0.391583,0.386319,0.130664,0.61743,0.1129,0.14,
0.31,6,5,70,70,70,308,308,5378.63,79.8,297.5,122.09,14.64,0.183712,0.79162,0.400111,0.373471,0.12915,0.6246,0.1156,0.14,
0.31,6,6,70,70,70,305,305,5854.1,79.8,293,117.86,15.25,0.186642,0.744826,0.403768,0.392116,0.135234,0.62653,0.1148,0.14,
0.31,6,7,70,70,70,245,245,6014.68,79.8,231.4,117.11,15.16,0.164948,0.759403,0.404514,0.399529,0.133306,0.6273,0.1149,0.14,
0.31,6,8,70,70,70,252,252,5385.87,79.8,240.5,126.07,14.65,0.177265,0.768833,0.405975,0.394121,0.114959,0.631,0.1168,0.14,
0.31,6,9,70,70,70,232,232,5800.41,79.8,219.8,120.75,15.05,0.121479,0.670662,0.382923,0.371861,0.118947,0.61089,0.1142,0.14,
0.31,6.5,0,70,70,70,218,218,5915.65,79.8,204.2,121.81,15.9,0.144722,0.804861,0.39503,0.387355,0.152779,0.61666,0.1105,0.14,
0.31,6.5,1,70,70,70,235,235,5453.07,79.8,225.1,123.75,14.77,0.130374,0.701795,0.353927,0.336171,0.133701,0.58474,0.1083,0.14,
0.31,6.5,2,70,70,70,231,231,5373.71,79.8,220.1,123.64,14.59,0.149875,0.762618,0.398494,0.382317,0.139168,0.62175,0.114,0.14,
0.31,6.5,3,70,70,70,243,243,5469.73,79.8,230.5,124.56,14.76,0.155358,0.817371,0.395252,0.385387,0.148437,0.6181,0.1134,0.14,
0.31,6.5,4,70,70,70,235,235,6255.13,79.8,223.4,128.34,15.82,0.130406,0.742349,0.37103,0.341839,0.133367,0.59971,0.1094,0.1399,
0.31,6.5,5,70,70,70,314,314,5378.63,79.8,303.9,125.89,14.63,0.171066,0.800236,0.390234,0.375355,0.136783,0.61552,0.1138,0.14,
0.31,6.5,6,70,70,70,310,310,5854.1,79.8,297.5,125.45,15.16,0.19223,0.774068,0.38688,0.377884,0.12767,0.61358,0.1122,0.14,
0.31,6.5,7,70,70,70,252,252,6014.68,79.8,239.3,124.95,15.1,0.165858,0.778375,0.384084,0.365643,0.130574,0.61108,0.1122,0.14,
0.31,6.5,8,70,70,70,268,268,5385.87,79.8,258.9,133.42,14.78,0.159406,0.800998,0.39223,0.369859,0.132235,0.61793,0.1143,0.14,
0.31,6.5,9,70,70,70,241,241,5800.41,79.8,230.1,125.37,15.17,0.122485,0.705579,0.378472,0.367211,0.128687,0.60582,0.113,0.14,
0.31,7,0,70,70,70,229,229,5915.65,79.8,215.1,128.25,15.94,0.137499,0.753474,0.391608,0.400638,0.14854,0.61414,0.1101,0.14,
0.31,7,1,70,70,70,254,254,5453.07,79.8,241.8,128.38,14.85,0.12983,0.725781,0.342552,0.313066,0.130338,0.57525,0.1069,0.14,
0.31,7,2,70,70,70,231,231,5373.71,79.8,221,127.41,14.63,0.151828,0.708121,0.380965,0.367445,0.123302,0.60923,0.1123,0.14,
0.31,7,3,70,70,70,250,250,5469.73,79.8,237.3,128.54,14.92,0.152484,0.785209,0.386443,0.36091,0.144379,0.61122,0.1122,0.14,
0.31,7,4,70,70,70,253,253,6255.13,79.8,242.3,136.01,15.96,0.132076,0.7292,0.361241,0.325149,0.142069,0.58997,0.1073,0.14,
0.31,7,5,70,70,70,319,319,5378.63,79.8,308.1,134.19,14.87,0.157918,0.807219,0.380346,0.36604,0.141586,0.60648,0.1115,0.14,
0.31,7,6,70,70,70,314,314,5854.1,79.8,301.4,130.24,15.2,0.176537,0.784632,0.380072,0.371201,0.130325,0.60784,0.1114,0.14,
0.31,7,7,70,70,70,255,255,6014.68,79.8,242.7,130.93,15.29,0.143857,0.722897,0.375654,0.354956,0.136129,0.60302,0.1106,0.14,
0.31,7,8,70,70,70,279,279,5385.87,79.8,269.2,140.11,14.87,0.180016,0.755165,0.376135,0.358139,0.127894,0.60534,0.1123,0.1399,
0.31,7,9,70,70,70,264,264,5800.41,79.8,253,131.42,15.25,0.11559,0.72486,0.364306,0.352647,0.124445,0.59446,0.1108,0.14,
0.32,3,0,70,70,70,151,151,5915.65,79.8,140.5,93.55,15.3,0.176931,0.737347,0.39566,0.396018,0.114397,0.62246,0.1128,0.14,
0.32,3,1,70,70,70,152,152,5453.07,79.8,140.1,95.91,14.18,0.169059,0.687999,0.389581,0.37922,0.112038,0.61771,0.1147,0.14,
0.32,3,2,70,70,70,155,155,5373.71,79.8,141.2,93.17,13.95,0.130517,0.651361,0.402525,0.393717,0.129111,0.62563,0.1145,0.14,
0.32,3,3,70,70,70,140,140,5469.73,79.8,130.1,93.77,13.96,0.177603,0.72945,0.42795,0.417811,0.119421,0.64777,0.1196,0.14,
0.32,3,4,70,70,70,160,160,6255.13,79.8,146.9,93.3,15.04,0.158186,0.84486,0.43591,0.427997,0.131467,0.65263,0.1185,0.14,
0.32,3,5,70,70,70,171,171,5378.63,79.8,161.5,94.59,13.86,0.213001,0.88996,0.426792,0.426588,0.122564,0.64685,0.1197,0.14,
0.32,3,6,70,70,70,156,156,5854.1,79.8,143.9,91.72,14.37,0.17083,0.709731,0.4205,0.412222,0.123271,0.6411,0.1176,0.14,
0.32,3,7,70,70,70,140,140,6014.68,79.8,131.4,92.18,14.43,0.169706,0.639455,0.420037,0.43109,0.114868,0.64152,0.1173,0.14,
0.32,3,8,70,70,70,180,180,5385.87,79.8,170.1,98.91,13.89,0.208305,0.826552,0.421823,0.41593,0.130064,0.64204,0.1181,0.14,
0.32,3,9,70,70,70,185,185,5800.41,79.8,175.1,98.15,14.4,0.187738,0.667911,0.419221,0.431361,0.114764,0.64116,0.1194,0.14,
0.32,3.5,0,70,70,70,168,168,5915.65,79.8,156.6,97.15,15.38,0.179367,0.738688,0.394256,0.385536,0.121094,0.62052,0.112,0.1399,
0.32,3.5,1,70,70,70,190,190,5453.07,79.8,177.2,101.86,14.43,0.167602,0.671091,0.400334,0.395176,0.114678,0.6261,0.1164,0.14,
0.32,3.5,2,70,70,70,164,164,5373.71,79.8,150.2,98.12,13.96,0.134195,0.712363,0.408336,0.407103,0.129324,0.63053,0.1153,0.14,
0.32,3.5,3,70,70,70,149,149,5469.73,79.8,140.1,96.43,14.13,0.172413,0.751755,0.434943,0.43704,0.12863,0.65211,0.1207,0.14,
0.32,3.5,4,70,70,70,169,169,6255.13,79.8,155.1,100.18,15.11,0.116022,0.832676,0.442564,0.441573,0.140142,0.65646,0.1193,0.14,
0.32,3.5,5,70,70,70,179,179,5378.63,79.8,169.3,98.26,13.97,0.214325,0.921915,0.435936,0.433509,0.12149,0.6541,0.1211,0.14,
0.32,3.5,6,70,70,70,186,186,5854.1,79.8,173.2,96.88,14.43,0.175159,0.739672,0.428452,0.41281,0.130155,0.64675,0.1186,0.14,
0.32,3.5,7,70,70,70,153,153,6014.68,79.8,143.1,96.6,14.5,0.172127,0.638461,0.423835,0.425627,0.119449,0.64405,0.1178,0.14,
0.32,3.5,8,70,70,70,187,187,5385.87,79.8,177.2,102.89,14.04,0.205069,0.876623,0.428077,0.437785,0.132654,0.64685,0.1193,0.14,
0.32,3.5,9,70,70,70,185,185,5800.41,79.8,175.6,101.21,14.36,0.201283,0.651713,0.425363,0.436678,0.117053,0.64578,0.1207,0.14,
0.32,4,0,70,70,70,165,165,5915.65,79.8,157,100.56,15.43,0.17465,0.75145,0.406009,0.410006,0.137486,0.62765,0.1132,0.14,
0.32,4,1,70,70,70,194,194,5453.07,79.8,181.4,104.95,14.36,0.143111,0.694981,0.395717,0.399153,0.113784,0.62228,0.116,0.14,
0.32,4,2,70,70,70,168,168,5373.71,79.8,154.3,102.76,14.04,0.140492,0.773163,0.420153,0.431153,0.136428,0.63902,0.1169,0.14,
0.32,4,3,70,70,70,224,224,5469.73,79.8,211.6,102.01,14.15,0.167471,0.753595,0.427709,0.435923,0.134307,0.64581,0.1191,0.14,
0.32,4,4,70,70,70,176,176,6255.13,79.8,162.3,104.58,15.18,0.10733,0.853224,0.440331,0.428423,0.143643,0.65449,0.1192,0.14,
0.32,4,5,70,70,70,184,184,5378.63,79.8,174.2,100.95,13.95,0.209493,0.863259,0.441679,0.449329,0.123866,0.65817,0.1218,0.14,
0.32,4,6,70,70,70,188,188,5854.1,79.8,175.1,100.51,14.51,0.17955,0.746631,0.429947,0.422087,0.130044,0.64807,0.1186,0.14,
0.32,4,7,70,70,70,156,156,6014.68,79.8,146.9,99.2,14.54,0.171232,0.64323,0.427579,0.441679,0.120855,0.64683,0.1185,0.14,
0.32,4,8,70,70,70,218,218,5385.87,79.8,208.6,107.06,14.03,0.180966,0.930699,0.440709,0.434744,0.13197,0.65677,0.1209,0.14,
0.32,4,9,70,70,70,190,190,5800.41,79.8,180.1,106.34,14.48,0.21118,0.714736,0.415787,0.416324,0.114028,0.6387,0.1194,0.14,
0.32,4.5,0,70,70,70,179,179,5915.65,79.8,167.8,105.16,15.39,0.170122,0.762963,0.401815,0.423189,0.132617,0.62489,0.1126,0.14,
0.32,4.5,1,70,70,70,200,200,5453.07,79.8,187.1,108.38,14.45,0.143638,0.704458,0.391202,0.381767,0.116863,0.61844,0.1147,0.14,
0.32,4.5,2,70,70,70,189,189,5373.71,79.8,175.1,108.92,14.16,0.150234,0.829175,0.425686,0.433042,0.139203,0.64343,0.1178,0.14,
0.32,4.5,3,70,70,70,227,227,5469.73,79.8,215,106,14.19,0.15648,0.792321,0.417109,0.424112,0.134202,0.63763,0.1175,0.14,
0.32,4.5,4,70,70,70,218,218,6255.13,79.8,205.1,110.74,15.33,0.11487,0.909977,0.440563,0.425047,0.145099,0.65445,0.1192,0.14,
0.32,4.5,5,70,70,70,256,256,5378.63,79.8,245.1,108.74,14.06,0.197583,0.909241,0.430438,0.41109,0.135751,0.64823,0.1193,0.14,
0.32,4.5,6,70,70,70,211,211,5854.1,79.8,200.1,107.84,14.56,0.17614,0.759358,0.420639,0.408884,0.136103,0.63987,0.1176,0.14,
0.32,4.5,7,70,70,70,162,162,6014.68,79.8,151.7,104.64,14.58,0.171059,0.784439,0.419119,0.420435,0.125099,0.64009,0.1175,0.14,
0.32,4.5,8,70,70,70,222,222,5385.87,79.8,212.2,114.56,14.06,0.188811,0.907417,0.419972,0.409196,0.123912,0.64143,0.1186,0.14,
0.32,4.5,9,70,70,70,212,212,5800.41,79.8,201.7,110.41,14.55,0.211994,0.732869,0.41529,0.41878,0.117497,0.6379,0.1189,0.14,
0.32,5,0,70,70,70,182,182,5915.65,79.8,170.2,108.92,15.5,0.148305,0.787105,0.400008,0.414422,0.137713,0.62283,0.1119,0.14,
0.32,5,1,70,70,70,230,230,5453.07,79.8,220.1,114.23,14.61,0.149382,0.742546,0.380988,0.37042,0.12947,0.60875,0.1127,0.14,
0.32,5,2,70,70,70,218,218,5373.71,79.8,208.4,113.06,14.15,0.16125,0.83248,0.421811,0.422494,0.141404,0.64032,0.1174,0.14,
0.32,5,3,70,70,70,232,232,5469.73,79.8,220,112.77,14.36,0.144622,0.813449,0.406081,0.386176,0.145346,0.62753,0.1154,0.14,
0.32,5,4,70,70,70,218,218,6255.13,79.8,205.1,113.79,15.29,0.150524,0.942095,0.420787,0.39623,0.138473,0.64025,0.1171,0.14,
0.32,5,5,70,70,70,296,296,5378.63,79.8,285.3,117.78,14.2,0.171825,0.799599,0.409816,0.395066,0.134097,0.63178,0.1163,0.14,
0.32,5,6,70,70,70,212,212,5854.1,79.8,201.2,113.19,14.59,0.168091,0.765235,0.403856,0.397394,0.129442,0.62748,0.1155,0.14,
0.32,5,7,70,70,70,193,193,6014.68,79.8,180.1,111.61,14.69,0.17156,0.78686,0.411046,0.41397,0.135639,0.6323,0.1164,0.14,
0.32,5,8,70,70,70,245,245,5385.87,79.8,233.4,119.51,14.19,0.180666,0.837491,0.423141,0.416272,0.115436,0.64466,0.1192,0.14,
0.32,5,9,70,70,70,215,215,5800.41,79.8,204.2,115.39,14.62,0.186926,0.771554,0.410992,0.403393,0.115779,0.63469,0.1181,0.14,
0.32,5.5,0,70,70,70,192,192,5915.65,79.8,180.1,114.07,15.53,0.141027,0.797832,0.403413,0.400365,0.136525,0.6257,0.1121,0.1399,
0.32,5.5,1,70,70,70,235,235,5453.07,79.8,225.1,117.54,14.52,0.153747,0.730064,0.372074,0.359564,0.131024,0.60108,0.1117,0.14,
0.32,5.5,2,70,70,70,226,226,5373.71,79.8,215.1,117.9,14.31,0.166584,0.862896,0.421993,0.426334,0.133017,0.64148,0.1175,0.14,
0.32,5.5,3,70,70,70,236,236,5469.73,79.8,223.9,116.6,14.49,0.195139,0.776209,0.409811,0.389163,0.146261,0.63045,0.1158,0.14,
0.32,5.5,4,70,70,70,219,219,6255.13,79.8,206.5,119.25,15.33,0.199539,0.945933,0.411098,0.385631,0.137384,0.63291,0.116,0.14,
0.32,5.5,5,70,70,70,304,304,5378.63,79.8,293.5,124.2,14.26,0.164882,0.748221,0.399449,0.364087,0.138482,0.6229,0.1144,0.14,
0.32,5.5,6,70,70,70,240,240,5854.1,79.8,227.8,118.03,14.81,0.186558,0.757952,0.411008,0.4066,0.136785,0.63236,0.116,0.14,
0.32,5.5,7,70,70,70,220,220,6014.68,79.8,210.1,116.71,14.78,0.172497,0.811289,0.410461,0.408312,0.137582,0.63149,0.1158,0.14,
0.32,5.5,8,70,70,70,248,248,5385.87,79.8,237,123.72,14.23,0.184215,0.775106,0.423648,0.408089,0.114268,0.64511,0.1194,0.14,
0.32,5.5,9,70,70,70,239,239,5800.41,79.8,228.9,119.04,14.69,0.176667,0.671483,0.405589,0.398632,0.114909,0.63023,0.1176,0.14,
0.32,6,0,70,70,70,215,215,5915.65,79.8,202,120.12,15.76,0.144692,0.740372,0.40712,0.398127,0.14062,0.62809,0.1123,0.14,
0.32,6,1,70,70,70,235,235,5453.07,79.8,225.1,123.53,14.6,0.158921,0.725546,0.364673,0.359263,0.126015,0.5953,0.1105,0.1399,
0.32,6,2,70,70,70,259,259,5373.71,79.8,249.5,122.94,14.41,0.170993,0.728893,0.410579,0.394656,0.127712,0.63315,0.1161,0.14,
0.32,6,3,70,70,70,239,239,5469.73,79.8,226.8,119.5,14.35,0.18038,0.785857,0.41958,0.417919,0.139984,0.63908,0.1172,0.14,
0.32,6,4,70,70,70,231,231,6255.13,79.8,219.3,125.19,15.44,0.131979,0.91623,0.404102,0.367937,0.141066,0.62646,0.1142,0.14,
0.32,6,5,70,70,70,310,310,5378.63,79.8,299.5,127.57,14.5,0.172382,0.736754,0.397707,0.370276,0.134241,0.62193,0.1145,0.14,
0.32,6,6,70,70,70,307,307,5854.1,79.8,294.1,123.97,14.8,0.193912,0.711861,0.405135,0.404433,0.127371,0.62856,0.1148,0.14,
0.32,6,7,70,70,70,247,247,6014.68,79.8,234.3,120.1,14.8,0.173754,0.806241,0.41679,0.399038,0.139895,0.63661,0.1167,0.14,
0.32,6,8,70,70,70,253,253,5385.87,79.8,241.3,128.93,14.33,0.184563,0.731614,0.413624,0.399792,0.112603,0.63733,0.1183,0.14,
0.32,6,9,70,70,70,241,241,5800.41,79.8,230.1,123.7,14.7,0.123864,0.71206,0.39409,0.37868,0.119721,0.62005,0.1157,0.14,
0.32,6.5,0,70,70,70,229,229,5915.65,79.8,215.1,125.01,15.71,0.144185,0.771918,0.40847,0.401901,0.151011,0.62788,0.1125,0.14,
0.32,6.5,1,70,70,70,237,237,5453.07,79.8,227.1,125.89,14.66,0.140466,0.742632,0.363502,0.348844,0.134917,0.59297,0.1098,0.14,
0.32,6.5,2,70,70,70,261,261,5373.71,79.8,251.8,129.69,14.43,0.158142,0.773755,0.400352,0.377767,0.139793,0.62319,0.1138,0.1399,
0.32,6.5,3,70,70,70,246,246,5469.73,79.8,233.7,126.36,14.62,0.164067,0.802667,0.406921,0.396759,0.147078,0.62785,0.1153,0.14,
0.32,6.5,4,70,70,70,236,236,6255.13,79.8,224.1,133.81,15.61,0.134769,0.782153,0.380369,0.339898,0.141312,0.60668,0.1105,0.1399,
0.32,6.5,5,70,70,70,315,315,5378.63,79.8,305,132.7,14.56,0.172089,0.735323,0.385709,0.370607,0.133301,0.61217,0.1128,0.14,
0.32,6.5,6,70,70,70,311,311,5854.1,79.8,298.5,130.44,14.95,0.191286,0.75926,0.388462,0.37999,0.124985,0.61536,0.1126,0.14,
0.32,6.5,7,70,70,70,253,253,6014.68,79.8,240.5,128.62,15.02,0.169431,0.812692,0.391766,0.365077,0.135153,0.617,0.1134,0.1399,
0.32,6.5,8,70,70,70,269,269,5385.87,79.8,259.8,136.57,14.52,0.167104,0.85728,0.405434,0.387018,0.136484,0.62844,0.1162,0.14,
0.32,6.5,9,70,70,70,246,246,5800.41,79.8,234.1,128.38,14.85,0.11966,0.747708,0.387098,0.37994,0.129223,0.61303,0.1141,0.14,
0.32,7,0,70,70,70,230,230,5915.65,79.8,216.8,132.49,15.84,0.136537,0.802432,0.395983,0.389628,0.152394,0.61721,0.1107,0.14,
0.32,7,1,70,70,70,255,255,5453.07,79.8,242.9,132.39,14.62,0.134162,0.707571,0.347778,0.328545,0.130547,0.57993,0.1074,0.14,
0.32,7,2,70,70,70,279,279,5373.71,79.8,265.3,134.18,14.61,0.152058,0.741519,0.384344,0.370812,0.126901,0.61156,0.1122,0.14,
0.32,7,3,70,70,70,311,311,5469.73,79.8,298.2,136.11,14.81,0.162077,0.830757,0.398656,0.366063,0.151434,0.6205,0.1138,0.14,
0.32,7,4,70,70,70,253,253,6255.13,79.8,243,136.47,15.66,0.136492,0.881515,0.390467,0.35307,0.161351,0.61231,0.1108,0.14,
0.32,7,5,70,70,70,320,320,5378.63,79.8,309.5,138.92,14.58,0.166887,0.732126,0.388576,0.379672,0.14124,0.61331,0.1126,0.14,
0.32,7,6,70,70,70,315,315,5854.1,79.8,302.2,138.9,15.06,0.166651,0.765315,0.384186,0.382074,0.121242,0.61229,0.112,0.14,
0.32,7,7,70,70,70,271,271,6014.68,79.8,258.1,132.89,15.06,0.146411,0.794082,0.389577,0.357284,0.139798,0.61424,0.1126,0.14,
0.32,7,8,70,70,70,279,279,5385.87,79.8,270,141.43,14.54,0.210695,0.872125,0.391324,0.37453,0.133881,0.61764,0.1145,0.14,
0.32,7,9,70,70,70,265,265,5800.41,79.8,253.9,133.37,14.89,0.104072,0.766712,0.381121,0.373345,0.128457,0.60806,0.1133,0.14,
0.33,3,0,70,70,70,171,171,5915.65,79.8,159.9,95.34,15.07,0.18506,0.73395,0.409956,0.411141,0.117516,0.63368,0.1147,0.14,
0.33,3,1,70,70,70,157,157,5453.07,79.8,145.1,97.63,14.11,0.176233,0.637414,0.403391,0.398364,0.106947,0.62934,0.117,0.14,
0.33,3,2,70,70,70,155,155,5373.71,79.8,141.7,94.82,13.8,0.136484,0.683585,0.415422,0.407236,0.131965,0.63584,0.1162,0.14,
0.33,3,3,70,70,70,141,141,5469.73,79.8,130.6,94.72,13.81,0.185365,0.744757,0.443547,0.436732,0.123744,0.65942,0.1219,0.14,
0.33,3,4,70,70,70,164,164,6255.13,79.8,150.1,96.42,14.82,0.16347,0.713953,0.442809,0.437504,0.124976,0.65847,0.1196,0.14,
0.33,3,5,70,70,70,179,179,5378.63,79.8,169.1,95.44,13.65,0.218655,0.921774,0.441778,0.444402,0.122419,0.6585,0.1219,0.14,
0.33,3,6,70,70,70,183,183,5854.1,79.8,170.1,95.09,14.25,0.177831,0.728559,0.43064,0.426316,0.126729,0.64877,0.1191,0.14,
0.33,3,7,70,70,70,140,140,6014.68,79.8,131.8,93.04,14.24,0.17735,0.643633,0.433279,0.449847,0.113625,0.65204,0.1193,0.14,
0.33,3,8,70,70,70,185,185,5385.87,79.8,175.1,101.26,13.81,0.220912,0.868244,0.433512,0.439043,0.131329,0.65121,0.1199,0.14,
0.33,3,9,70,70,70,185,185,5800.41,79.8,175.1,99.37,14.31,0.197974,0.659087,0.431618,0.44178,0.115553,0.65083,0.1213,0.14,
0.33,3.5,0,70,70,70,169,169,5915.65,79.8,157.1,98.74,15.41,0.187675,0.760978,0.408151,0.390374,0.122941,0.63159,0.1141,0.14,
0.33,3.5,1,70,70,70,190,190,5453.07,79.8,177.7,103.89,14.31,0.174818,0.690211,0.41114,0.396414,0.11261,0.63503,0.1182,0.14,
0.33,3.5,2,70,70,70,164,164,5373.71,79.8,150.9,100.2,13.94,0.140334,0.756021,0.426949,0.432934,0.131929,0.64509,0.1178,0.14,
0.33,3.5,3,70,70,70,212,212,5469.73,79.8,199.4,99.07,14.09,0.178049,0.740253,0.445428,0.442049,0.133017,0.65974,0.1217,0.14,
0.33,3.5,4,70,70,70,171,171,6255.13,79.8,157.5,103.31,15.1,0.11986,0.767289,0.445423,0.44518,0.135381,0.65914,0.1199,0.14,
0.33,3.5,5,70,70,70,185,185,5378.63,79.8,175.1,99.18,13.79,0.222719,0.880903,0.45016,0.452413,0.120478,0.66503,0.1231,0.14,
0.33,3.5,6,70,70,70,188,188,5854.1,79.8,175.1,99.32,14.39,0.182199,0.743075,0.430464,0.427629,0.120413,0.64938,0.1193,0.14,
0.33,3.5,7,70,70,70,153,153,6014.68,79.8,143.8,96.89,14.31,0.18122,0.645921,0.441845,0.449196,0.122323,0.6578,0.1203,0.14,
0.33,3.5,8,70,70,70,189,189,5385.87,79.8,179.7,104.65,13.84,0.178864,0.903797,0.441173,0.449376,0.136134,0.65668,0.1209,0.14,
0.33,3.5,9,70,70,70,190,190,5800.41,79.8,180.1,103.04,14.22,0.203265,0.691906,0.438151,0.441763,0.116657,0.65578,0.1225,0.14,
0.33,4,0,70,70,70,166,166,5915.65,79.8,157.8,102.29,15.22,0.180911,0.756965,0.420286,0.429471,0.141922,0.63858,0.1151,0.14,
0.33,4,1,70,70,70,195,195,5453.07,79.8,182.9,107.63,14.24,0.148287,0.701475,0.407227,0.413638,0.112233,0.63176,0.1177,0.14,
0.33,4,2,70,70,70,173,173,5373.71,79.8,160.6,104.09,13.85,0.147754,0.820783,0.437229,0.449176,0.141085,0.65208,0.1192,0.14,
0.33,4,3,70,70,70,225,225,5469.73,79.8,213,103.48,14.03,0.173176,0.785655,0.443236,0.450468,0.136891,0.65769,0.1212,0.14,
0.33,4,4,70,70,70,178,178,6255.13,79.8,164.2,107.81,14.95,0.113818,0.755569,0.45038,0.453603,0.13558,0.66296,0.1207,0.14,
0.33,4,5,70,70,70,186,186,5378.63,79.8,176.8,103.96,13.87,0.215756,0.913635,0.445112,0.42419,0.134233,0.65987,0.1219,0.14,
0.33,4,6,70,70,70,188,188,5854.1,79.8,175.8,104.73,14.42,0.186613,0.75592,0.428408,0.416897,0.120137,0.6479,0.119,0.14,
0.33,4,7,70,70,70,157,157,6014.68,79.8,147.4,100.78,14.39,0.181074,0.697145,0.441785,0.444187,0.125544,0.65755,0.1204,0.14,
0.33,4,8,70,70,70,219,219,5385.87,79.8,209.3,109.92,13.91,0.188592,0.945417,0.45083,0.450639,0.133317,0.66449,0.1227,0.14,
0.33,4,9,70,70,70,209,209,5800.41,79.8,198.2,107.87,14.38,0.219809,0.76053,0.430649,0.429433,0.119792,0.64986,0.1215,0.14,
0.33,4.5,0,70,70,70,180,180,5915.65,79.8,168.1,107,15.25,0.175104,0.785426,0.417156,0.443991,0.13514,0.63692,0.1146,0.14,
0.33,4.5,1,70,70,70,200,200,5453.07,79.8,187.8,110.38,14.29,0.152411,0.690553,0.403652,0.401425,0.114443,0.62878,0.1168,0.14,
0.33,4.5,2,70,70,70,206,206,5373.71,79.8,192.5,111.84,14.02,0.15847,0.872746,0.435862,0.438345,0.142811,0.65119,0.1189,0.14,
0.33,4.5,3,70,70,70,228,228,5469.73,79.8,215.8,109.23,14.1,0.152389,0.810181,0.433102,0.438745,0.137486,0.64993,0.1196,0.14,
0.33,4.5,4,70,70,70,218,218,6255.13,79.8,205.1,114.01,15.17,0.118277,0.869923,0.44789,0.421897,0.139605,0.66075,0.1203,0.14,
0.33,4.5,5,70,70,70,258,258,5378.63,79.8,247.7,110.61,13.94,0.204226,0.853265,0.443254,0.427368,0.133126,0.65841,0.1212,0.14,
0.33,4.5,6,70,70,70,214,214,5854.1,79.8,203.5,111.78,14.55,0.18419,0.745004,0.426581,0.417906,0.13113,0.64522,0.1186,0.14,
0.33,4.5,7,70,70,70,193,193,6014.68,79.8,180.1,107.84,14.46,0.180732,0.812845,0.431711,0.437378,0.130469,0.64936,0.1194,0.14,
0.33,4.5,8,70,70,70,228,228,5385.87,79.8,218.3,116.21,14.05,0.194949,0.955911,0.435515,0.431987,0.12421,0.65361,0.121,0.14,
0.33,4.5,9,70,70,70,213,213,5800.41,79.8,202.4,112.34,14.28,0.220585,0.764754,0.424211,0.436843,0.113032,0.64544,0.1203,0.14,
0.33,5,0,70,70,70,192,192,5915.65,79.8,180.1,112.32,15.39,0.152538,0.775405,0.409807,0.414258,0.136001,0.63091,0.1131,0.14,
0.33,5,1,70,70,70,231,231,5453.07,79.8,221.5,116.66,14.42,0.157655,0.727076,0.38989,0.387281,0.126967,0.61621,0.114,0.14,
0.33,5,2,70,70,70,219,219,5373.71,79.8,209.9,117.65,14.11,0.17093,0.878536,0.429229,0.420795,0.14213,0.64626,0.1181,0.14,
0.33,5,3,70,70,70,234,234,5469.73,79.8,221.2,116.41,14.19,0.149323,0.80521,0.412433,0.401047,0.143237,0.63292,0.1163,0.14,
0.33,5,4,70,70,70,219,219,6255.13,79.8,206.3,116.82,15.09,0.160205,0.886977,0.435338,0.412526,0.13929,0.65151,0.1191,0.14,
0.33,5,5,70,70,70,297,297,5378.63,79.8,286.1,120.65,14.15,0.178688,0.773405,0.418166,0.395079,0.138612,0.63803,0.1176,0.14,
0.33,5,6,70,70,70,238,238,5854.1,79.8,225.3,118.74,14.53,0.181586,0.768381,0.405162,0.414117,0.12458,0.62889,0.1155,0.1399,
0.33,5,7,70,70,70,198,198,6014.68,79.8,185.1,115.46,14.52,0.181078,0.825563,0.414733,0.409381,0.135645,0.63551,0.1168,0.1399,
0.33,5,8,70,70,70,245,245,5385.87,79.8,234,122.87,14.2,0.189085,0.880075,0.434517,0.411646,0.120104,0.65328,0.1211,0.14,
0.33,5,9,70,70,70,226,226,5800.41,79.8,214.2,118.88,14.57,0.195633,0.665034,0.417925,0.416348,0.109153,0.6407,0.119,0.14,
0.33,5.5,0,70,70,70,205,205,5915.65,79.8,192.5,116.8,15.46,0.147423,0.784009,0.417099,0.415187,0.141488,0.63605,0.1137,0.14,
0.33,5.5,1,70,70,70,235,235,5453.07,79.8,225.1,120.55,14.52,0.162023,0.728445,0.382486,0.376906,0.13299,0.60947,0.1134,0.14,
0.33,5.5,2,70,70,70,253,253,5373.71,79.8,243.8,122.84,14.18,0.176552,0.892314,0.423673,0.418437,0.139257,0.64214,0.1173,0.1399,
0.33,5.5,3,70,70,70,237,237,5469.73,79.8,224.5,121.05,14.34,0.165829,0.819443,0.423152,0.413407,0.152001,0.64045,0.1175,0.14,
0.33,5.5,4,70,70,70,228,228,6255.13,79.8,216.2,124.03,15.25,0.209153,0.925003,0.419777,0.381763,0.136419,0.64006,0.1172,0.1399,
0.33,5.5,5,70,70,70,305,305,5378.63,79.8,294.5,125.31,14.25,0.173272,0.777804,0.413623,0.384838,0.140623,0.63416,0.1166,0.14,
0.33,5.5,6,70,70,70,241,241,5854.1,79.8,228.4,122.27,14.72,0.196165,0.777167,0.4128,0.410997,0.128329,0.63477,0.1162,0.14,
0.33,5.5,7,70,70,70,220,220,6014.68,79.8,210.1,118.18,14.54,0.181877,0.851261,0.422051,0.42016,0.141304,0.64051,0.1174,0.14,
0.33,5.5,8,70,70,70,249,249,5385.87,79.8,237.7,127.96,14.21,0.191831,0.790203,0.427204,0.4235,0.112608,0.64808,0.1202,0.14,
0.33,5.5,9,70,70,70,241,241,5800.41,79.8,230.1,122.96,14.45,0.130875,0.711733,0.414779,0.410465,0.124285,0.63619,0.1183,0.14,
0.33,6,0,70,70,70,229,229,5915.65,79.8,215.1,122.83,15.66,0.160598,0.788227,0.420279,0.412587,0.147886,0.6378,0.1136,0.14,
0.33,6,1,70,70,70,238,238,5453.07,79.8,228.2,126.31,14.61,0.142217,0.70456,0.372481,0.368691,0.129702,0.60122,0.1115,0.14,
0.33,6,2,70,70,70,260,260,5373.71,79.8,250.1,126.33,14.32,0.181169,0.766467,0.419148,0.406976,0.134345,0.63921,0.1168,0.14,
0.33,6,3,70,70,70,241,241,5469.73,79.8,233.1,127.01,14.48,0.164729,0.821632,0.423945,0.412711,0.145441,0.64198,0.1178,0.14,
0.33,6,4,70,70,70,232,232,6255.13,79.8,220.3,129.24,15.37,0.136673,0.968353,0.412634,0.375009,0.151947,0.63208,0.1149,0.14,
0.33,6,5,70,70,70,312,312,5378.63,79.8,301.2,128.78,14.33,0.181322,0.778878,0.414571,0.39367,0.138459,0.63515,0.1169,0.14,
0.33,6,6,70,70,70,308,308,5854.1,79.8,295.1,127.7,14.76,0.201824,0.724523,0.412771,0.417645,0.126018,0.63493,0.1159,0.14,
0.33,6,7,70,70,70,247,247,6014.68,79.8,235,122.85,14.7,0.180512,0.855174,0.425031,0.417911,0.143615,0.64283,0.1179,0.14,
0.33,6,8,70,70,70,268,268,5385.87,79.8,258.2,133.78,14.3,0.168074,0.777685,0.414827,0.403402,0.117072,0.63777,0.1182,0.14,
0.33,6,9,70,70,70,241,241,5800.41,79.8,230.1,124.55,14.62,0.131611,0.753181,0.409789,0.405413,0.123013,0.63233,0.118,0.14,
0.33,6.5,0,70,70,70,231,231,5915.65,79.8,218.8,128.31,15.56,0.14952,0.819824,0.415998,0.403857,0.155169,0.63352,0.1133,0.14,
0.33,6.5,1,70,70,70,250,250,5453.07,79.8,237.5,128.45,14.51,0.144396,0.730217,0.368827,0.358031,0.130188,0.59797,0.1109,0.14,
0.33,6.5,2,70,70,70,279,279,5373.71,79.8,265.2,132.6,14.38,0.166451,0.760536,0.406868,0.393303,0.135313,0.62911,0.115,0.14,
0.33,6.5,3,70,70,70,308,308,5469.73,79.8,295.7,131.19,14.43,0.169679,0.85242,0.419098,0.399023,0.152371,0.63721,0.1168,0.14,
0.33,6.5,4,70,70,70,242,242,6255.13,79.8,228.4,138.06,15.4,0.139454,0.824069,0.391989,0.355957,0.149838,0.61537,0.1119,0.14,
0.33,6.5,5,70,70,70,316,316,5378.63,79.8,305.9,136.28,14.46,0.181086,0.785668,0.404153,0.389131,0.14233,0.62618,0.1153,0.14,
0.33,6.5,6,70,70,70,312,312,5854.1,79.8,299.3,133.75,14.88,0.199492,0.766971,0.396949,0.398421,0.121254,0.62286,0.1143,0.14,
0.33,6.5,7,70,70,70,268,268,6014.68,79.8,255.1,130.57,14.87,0.173825,0.852114,0.408928,0.384095,0.139881,0.63039,0.1159,0.14,
0.33,6.5,8,70,70,70,276,276,5385.87,79.8,266.9,140.3,14.43,0.200202,0.914961,0.404608,0.398425,0.130992,0.6285,0.1162,0.14,
0.33,6.5,9,70,70,70,283,283,5800.41,79.8,272.5,132.42,14.81,0.124564,0.791165,0.396331,0.388356,0.130023,0.62064,0.1154,0.14,
0.33,7,0,70,70,70,234,234,5915.65,79.8,222.6,136.36,15.69,0.142495,0.824645,0.396751,0.39439,0.151035,0.61828,0.1105,0.14,
0.33,7,1,70,70,70,256,256,5453.07,79.8,243.7,133.31,14.63,0.138918,0.737019,0.369042,0.347904,0.136148,0.59758,0.1106,0.14,
0.33,7,2,70,70,70,279,279,5373.71,79.8,265.9,138.33,14.52,0.160301,0.782399,0.397616,0.378858,0.136061,0.62146,0.1138,0.14,
0.33,7,3,70,70,70,311,311,5469.73,79.8,298.8,141.24,14.76,0.172415,0.854801,0.399941,0.369334,0.151405,0.62182,0.1141,0.1399,
0.33,7,4,70,70,70,254,254,6255.13,79.8,243.7,140.45,15.68,0.135542,0.861122,0.402836,0.361722,0.168581,0.62159,0.1123,0.14,
0.33,7,5,70,70,70,321,321,5378.63,79.8,310.5,141,14.54,0.17405,0.787769,0.399627,0.397579,0.142529,0.62233,0.1143,0.14,
0.33,7,6,70,70,70,315,315,5854.1,79.8,303.3,142.4,15.08,0.175158,0.772925,0.391253,0.399979,0.121367,0.61794,0.113,0.14,
0.33,7,7,70,70,70,273,273,6014.68,79.8,260.1,135.24,14.91,0.149466,0.858091,0.406104,0.375881,0.146816,0.62701,0.115,0.14,
0.33,7,8,70,70,70,280,280,5385.87,79.8,270.8,144.42,14.61,0.220378,0.928182,0.393729,0.374938,0.133068,0.61979,0.115,0.14,
0.33,7,9,70,70,70,286,286,5800.41,79.8,275.6,137.16,14.84,0.108625,0.812101,0.387657,0.375027,0.131065,0.61339,0.1144,0.14,
0.34,3,0,70,70,70,172,172,5915.65,79.8,160.1,97.85,15.01,0.192912,0.738863,0.421621,0.428809,0.121383,0.64258,0.1162,0.14,
0.34,3,1,70,70,70,188,188,5453.07,79.8,175.1,100.27,13.85,0.186014,0.668267,0.415787,0.414389,0.112345,0.63873,0.1187,0.14,
0.34,3,2,70,70,70,156,156,5373.71,79.8,142.4,96.66,13.7,0.142723,0.72407,0.428054,0.42686,0.129897,0.64618,0.1182,0.14,
0.34,3,3,70,70,70,189,189,5469.73,79.8,176.2,96.82,13.85,0.193459,0.758407,0.458065,0.454066,0.124327,0.67046,0.1236,0.14,
0.34,3,4,70,70,70,164,164,6255.13,79.8,150.1,98.53,14.84,0.171259,0.761681,0.457232,0.459375,0.125055,0.66952,0.1217,0.14,
0.34,3,5,70,70,70,185,185,5378.63,79.8,175.1,96.55,13.61,0.227314,0.934099,0.455085,0.457258,0.121853,0.66875,0.1237,0.14,
0.34,3,6,70,70,70,188,188,5854.1,79.8,175.1,97.34,14.16,0.185021,0.735341,0.439855,0.442379,0.125788,0.65607,0.1204,0.14,
0.34,3,7,70,70,70,141,141,6014.68,79.8,132.2,94.61,14.18,0.185316,0.646054,0.443103,0.457741,0.11305,0.65978,0.1207,0.14,
0.34,3,8,70,70,70,185,185,5385.87,79.8,175.1,102.07,13.74,0.231309,0.910839,0.447863,0.45613,0.132729,0.66222,0.1219,0.14,
0.34,3,9,70,70,70,187,187,5800.41,79.8,177.7,100.69,14.09,0.205804,0.679204,0.443662,0.447221,0.11501,0.66022,0.1232,0.14,
0.34,3.5,0,70,70,70,169,169,5915.65,79.8,157.7,99.98,15.13,0.196312,0.749722,0.421376,0.407333,0.124883,0.6418,0.1159,0.14,
0.34,3.5,1,70,70,70,191,191,5453.07,79.8,178.1,105.84,14.24,0.179486,0.697845,0.415918,0.412986,0.11212,0.63886,0.1192,0.14,
0.34,3.5,2,70,70,70,165,165,5373.71,79.8,151.9,101.18,13.84,0.149576,0.800922,0.439489,0.449958,0.136638,0.6545,0.1194,0.14,
0.34,3.5,3,70,70,70,223,223,5469.73,79.8,210.2,102.15,13.95,0.184616,0.766685,0.455585,0.458355,0.138633,0.66692,0.1226,0.14,
0.34,3.5,4,70,70,70,178,178,6255.13,79.8,164.5,105.18,14.92,0.115791,0.771351,0.450321,0.442728,0.132371,0.66329,0.1206,0.14,
0.34,3.5,5,70,70,70,187,187,5378.63,79.8,177.7,101.24,13.78,0.23112,0.933829,0.460141,0.457651,0.124041,0.67242,0.1244,0.14,
0.34,3.5,6,70,70,70,188,188,5854.1,79.8,175.1,101.28,14.39,0.189519,0.666768,0.435035,0.441773,0.117006,0.65321,0.1201,0.14,
0.34,3.5,7,70,70,70,154,154,6014.68,79.8,144.2,99.33,14.34,0.189193,0.725973,0.455152,0.45509,0.12773,0.66756,0.1221,0.14,
0.34,3.5,8,70,70,70,211,211,5385.87,79.8,201.5,108.38,13.87,0.186495,0.938793,0.446785,0.45302,0.13429,0.66126,0.1218,0.14,
0.34,3.5,9,70,70,70,190,190,5800.41,79.8,180.1,105.75,14.33,0.209865,0.733768,0.442481,0.448932,0.118592,0.65893,0.1232,0.14,
0.34,4,0,70,70,70,177,177,5915.65,79.8,165.6,104.24,15.26,0.187767,0.781155,0.43537,0.441695,0.142204,0.65052,0.117,0.14,
0.34,4,1,70,70,70,196,196,5453.07,79.8,183.7,108.97,14.3,0.154103,0.682746,0.421368,0.433552,0.113763,0.64283,0.1197,0.14,
0.34,4,2,70,70,70,201,201,5373.71,79.8,187.7,107.58,13.95,0.155327,0.86801,0.452262,0.463531,0.146408,0.6632,0.1208,0.14,
0.34,4,3,70,70,70,226,226,5469.73,79.8,213.7,106.03,14.1,0.169537,0.805178,0.455322,0.458652,0.139005,0.6668,0.1226,0.14,
0.34,4,4,70,70,70,218,218,6255.13,79.8,205.1,111.75,15.14,0.117682,0.780255,0.458139,0.46123,0.128271,0.66964,0.1219,0.14,
0.34,4,5,70,70,70,256,256,5378.63,79.8,245.1,108.2,14.02,0.20889,0.965763,0.450906,0.435009,0.134918,0.66429,0.1225,0.14,
0.34,4,6,70,70,70,193,193,5854.1,79.8,180.1,108.09,14.45,0.194098,0.755165,0.435958,0.430335,0.120698,0.65373,0.1201,0.14,
0.34,4,7,70,70,70,193,193,6014.68,79.8,180.1,104.23,14.48,0.191342,0.716892,0.447807,0.452795,0.124378,0.66247,0.1215,0.14,
0.34,4,8,70,70,70,219,219,5385.87,79.8,209.9,112.36,14,0.197167,0.961837,0.455277,0.453204,0.13334,0.668,0.1234,0.14,
0.34,4,9,70,70,70,210,210,5800.41,79.8,199.3,109.99,14.4,0.211808,0.766827,0.440308,0.451638,0.11602,0.65768,0.1229,0.14,
0.34,4.5,0,70,70,70,206,206,5915.65,79.8,197,109.36,15.51,0.184097,0.77615,0.423924,0.422687,0.136373,0.64218,0.1153,0.14,
0.34,4.5,1,70,70,70,230,230,5453.07,79.8,220.1,113.33,14.38,0.161625,0.768025,0.415979,0.414704,0.119083,0.63831,0.1183,0.14,
0.34,4.5,2,70,70,70,214,214,5373.71,79.8,204.7,114.26,14.13,0.167164,0.872975,0.445318,0.449916,0.141147,0.65882,0.1205,0.1399,
0.34,4.5,3,70,70,70,229,229,5469.73,79.8,216.7,111.55,14.21,0.157194,0.806025,0.438856,0.433416,0.140941,0.65403,0.1203,0.14,
0.34,4.5,4,70,70,70,218,218,6255.13,79.8,205.1,116.83,15.24,0.1583,0.781399,0.454184,0.434509,0.131817,0.66653,0.1212,0.14,
0.34,4.5,5,70,70,70,264,264,5378.63,79.8,253.3,114.22,14.04,0.176904,0.90341,0.445986,0.432879,0.138992,0.65988,0.1213,0.14,
0.34,4.5,6,70,70,70,235,235,5854.1,79.8,224.1,116.32,14.64,0.192436,0.729839,0.427855,0.42439,0.124095,0.64703,0.1187,0.14,
0.34,4.5,7,70,70,70,198,198,6014.68,79.8,185.1,110.92,14.61,0.190828,0.828499,0.433549,0.432593,0.130435,0.65102,0.1199,0.14,
0.34,4.5,8,70,70,70,229,229,5385.87,79.8,219.2,121.5,14.04,0.198762,0.980347,0.442639,0.431492,0.125911,0.65911,0.122,0.14,
0.34,4.5,9,70,70,70,223,223,5800.41,79.8,211.2,115.18,14.37,0.203946,0.781394,0.43623,0.456995,0.11331,0.65469,0.1218,0.14,
0.34,5,0,70,70,70,217,217,5915.65,79.8,207.7,114.99,15.41,0.158079,0.788915,0.421984,0.429387,0.142717,0.6399,0.1145,0.14,
0.34,5,1,70,70,70,235,235,5453.07,79.8,225.1,119.98,14.28,0.167159,0.731283,0.396684,0.393999,0.128152,0.62166,0.1151,0.14,
0.34,5,2,70,70,70,249,249,5373.71,79.8,239.1,119.83,14.21,0.18112,0.894468,0.446919,0.432203,0.141834,0.66014,0.1208,0.14,
0.34,5,3,70,70,70,237,237,5469.73,79.8,229.2,119.66,14.21,0.155117,0.81745,0.425576,0.398026,0.151188,0.64267,0.1179,0.14,
0.34,5,4,70,70,70,223,223,6255.13,79.8,210.1,121.12,15.23,0.169965,0.807558,0.440857,0.417072,0.13665,0.65619,0.12,0.14,
0.34,5,5,70,70,70,298,298,5378.63,79.8,287.1,124.03,14.15,0.185918,0.7955,0.424235,0.40657,0.14275,0.64257,0.1185,0.14,
0.34,5,6,70,70,70,278,278,5854.1,79.8,267.6,122.14,14.66,0.194393,0.752843,0.41836,0.429523,0.129824,0.63883,0.1167,0.14,
0.34,5,7,70,70,70,198,198,6014.68,79.8,185.1,116.77,14.67,0.191028,0.849891,0.427229,0.428347,0.136931,0.64537,0.1186,0.14,
0.34,5,8,70,70,70,246,246,5385.87,79.8,234.5,126.62,14.1,0.202406,0.923413,0.447171,0.431118,0.123755,0.66286,0.1228,0.14,
0.34,5,9,70,70,70,241,241,5800.41,79.8,230.1,121.59,14.59,0.161063,0.703841,0.427052,0.43237,0.110884,0.6476,0.1205,0.14,
0.34,5.5,0,70,70,70,220,220,5915.65,79.8,210.3,119.27,15.73,0.154186,0.80792,0.43071,0.416704,0.149707,0.6459,0.1152,0.14,
0.34,5.5,1,70,70,70,238,238,5453.07,79.8,228.1,122.32,14.67,0.177141,0.717034,0.392362,0.387256,0.13586,0.61717,0.1147,0.14,
0.34,5.5,2,70,70,70,257,257,5373.71,79.8,247.6,124.4,14.46,0.187076,0.785037,0.444891,0.436876,0.135661,0.65914,0.1206,0.14,
0.34,5.5,3,70,70,70,239,239,5469.73,79.8,231.6,127.08,14.75,0.171439,0.834413,0.432593,0.409243,0.152523,0.64806,0.1189,0.14,
0.34,5.5,4,70,70,70,228,228,6255.13,79.8,216.9,127.58,15.51,0.218009,0.800388,0.433256,0.402321,0.130477,0.65113,0.119,0.14,
0.34,5.5,5,70,70,70,306,306,5378.63,79.8,295.7,127.39,14.4,0.18742,0.796979,0.428805,0.398718,0.143256,0.64605,0.1187,0.14,
0.34,5.5,6,70,70,70,288,288,5854.1,79.8,277.2,125.82,14.99,0.203688,0.766355,0.417103,0.430149,0.134542,0.63746,0.1162,0.14,
0.34,5.5,7,70,70,70,220,220,6014.68,79.8,210.1,120.03,14.95,0.191674,0.848063,0.429382,0.4219,0.147049,0.6458,0.1182,0.14,
0.34,5.5,8,70,70,70,250,250,5385.87,79.8,238.4,130.97,14.52,0.199635,0.829171,0.437627,0.43287,0.120249,0.65548,0.1212,0.14,
0.34,5.5,9,70,70,70,275,275,5800.41,79.8,264.7,125.79,14.91,0.136783,0.751579,0.427584,0.425709,0.124669,0.64633,0.12,0.14,
0.34,6,0,70,70,70,232,232,5915.65,79.8,218.5,123.96,15.56,0.166834,0.81038,0.436902,0.43145,0.148825,0.65077,0.1159,0.14,
0.34,6,1,70,70,70,240,240,5453.07,79.8,230.1,128.31,14.53,0.15185,0.729384,0.387635,0.388506,0.128612,0.61418,0.1138,0.14,
0.34,6,2,70,70,70,260,260,5373.71,79.8,250.7,131.07,14.36,0.191932,0.809142,0.428286,0.414859,0.144916,0.64519,0.1178,0.14,
0.34,6,3,70,70,70,242,242,5469.73,79.8,233.6,129.58,14.49,0.171539,0.859021,0.431025,0.407671,0.147419,0.64734,0.1189,0.14,
0.34,6,4,70,70,70,233,233,6255.13,79.8,221.3,131.74,15.46,0.144589,0.933227,0.42528,0.39468,0.150722,0.64237,0.1169,0.14,
0.34,6,5,70,70,70,313,313,5378.63,79.8,302.5,131.64,14.4,0.194326,0.805331,0.423794,0.393708,0.13994,0.64245,0.1182,0.14,
0.34,6,6,70,70,70,308,308,5854.1,79.8,296,130.69,14.89,0.218745,0.757436,0.424747,0.422016,0.125513,0.64463,0.1175,0.14,
0.34,6,7,70,70,70,250,250,6014.68,79.8,237.3,127.12,14.81,0.186123,0.860268,0.429893,0.397783,0.150236,0.64595,0.1186,0.14,
0.34,6,8,70,70,70,268,268,5385.87,79.8,258.9,138.07,14.44,0.181324,0.823796,0.421512,0.417776,0.120539,0.64277,0.1192,0.14,
0.34,6,9,70,70,70,282,282,5800.41,79.8,272,128.53,14.8,0.137431,0.795581,0.41931,0.40743,0.13181,0.63907,0.1189,0.14,
0.34,6.5,0,70,70,70,234,234,5915.65,79.8,220.1,129.77,15.75,0.153606,0.824585,0.428211,0.418131,0.15409,0.64344,0.1149,0.14,
0.34,6.5,1,70,70,70,252,252,5453.07,79.8,239.4,131.11,14.64,0.149719,0.74231,0.37696,0.369508,0.131353,0.60491,0.1119,0.14,
0.34,6.5,2,70,70,70,279,279,5373.71,79.8,265.8,138.32,14.59,0.174045,0.796692,0.413333,0.406218,0.133731,0.63456,0.1159,0.14,
0.34,6.5,3,70,70,70,309,309,5469.73,79.8,296.4,135.11,14.75,0.177122,0.868859,0.419753,0.39614,0.148972,0.63844,0.117,0.14,
0.34,6.5,4,70,70,70,251,251,6255.13,79.8,241,140.67,15.62,0.144702,0.867229,0.409026,0.373488,0.154297,0.62893,0.1143,0.1399,
0.34,6.5,5,70,70,70,317,317,5378.63,79.8,306.9,139.06,14.47,0.185367,0.824144,0.418671,0.409819,0.145891,0.63751,0.1173,0.14,
0.34,6.5,6,70,70,70,313,313,5854.1,79.8,300.2,138.22,15.09,0.186264,0.744496,0.406363,0.403449,0.118554,0.63057,0.1152,0.14,
0.34,6.5,7,70,70,70,271,271,6014.68,79.8,258.2,134.6,14.92,0.162037,0.82994,0.421167,0.405394,0.14202,0.63984,0.1177,0.14,
0.34,6.5,8,70,70,70,278,278,5385.87,79.8,268.2,145.4,14.54,0.208374,0.771359,0.393252,0.395221,0.104303,0.62182,0.1158,0.14,
0.34,6.5,9,70,70,70,286,286,5800.41,79.8,275.1,134.3,14.81,0.129457,0.710315,0.407435,0.407345,0.131146,0.62945,0.117,0.14,
0.34,7,0,70,70,70,234,234,5915.65,79.8,223.2,138.47,15.66,0.148024,0.827662,0.417152,0.420555,0.152512,0.63457,0.1133,0.14,
0.34,7,1,70,70,70,257,257,5453.07,79.8,244.6,138.81,14.64,0.138532,0.734088,0.380223,0.358402,0.136965,0.60696,0.1122,0.14,
0.34,7,2,70,70,70,280,280,5373.71,79.8,266.4,143.97,14.63,0.167795,0.703186,0.397782,0.402495,0.123227,0.62296,0.1141,0.1399,
0.34,7,3,70,70,70,312,312,5469.73,79.8,299.3,145.01,14.79,0.181397,0.87677,0.405197,0.370583,0.150883,0.62639,0.1148,0.14,
0.34,7,4,70,70,70,255,255,6255.13,79.8,244.2,144.91,15.58,0.145978,0.902956,0.408099,0.376749,0.162839,0.6269,0.1137,0.14,
0.34,7,5,70,70,70,322,322,5378.63,79.8,311.4,143.64,14.51,0.179304,0.817723,0.410641,0.410292,0.144295,0.63115,0.116,0.14,
0.34,7,6,70,70,70,316,316,5854.1,79.8,304,146.27,15.09,0.18333,0.731715,0.398471,0.412053,0.125472,0.62338,0.1137,0.14,
0.34,7,7,70,70,70,273,273,6014.68,79.8,260.1,137.51,15.05,0.152778,0.910936,0.416637,0.401313,0.149779,0.63533,0.1164,0.14,
0.34,7,8,70,70,70,281,281,5385.87,79.8,271.4,148.68,14.58,0.230598,0.796191,0.391858,0.380263,0.115331,0.6199,0.1151,0.14,
0.34,7,9,70,70,70,287,287,5800.41,79.8,276.2,139.26,14.88,0.110529,0.709701,0.39693,0.386097,0.126079,0.6216,0.116,0.14,
0.35,3,0,70,70,70,175,175,5915.65,79.8,163.8,98.72,15.07,0.200217,0.760315,0.438013,0.447537,0.123707,0.65514,0.1183,0.14,
0.35,3,1,70,70,70,188,188,5453.07,79.8,175.5,102.04,14.11,0.194065,0.700864,0.425805,0.426261,0.115967,0.64625,0.1202,0.14,
0.35,3,2,70,70,70,157,157,5373.71,79.8,143.2,97.89,13.76,0.149259,0.765633,0.441511,0.44355,0.132259,0.65659,0.12,0.14,
0.35,3,3,70,70,70,207,207,5469.73,79.8,194.6,99.47,13.85,0.201875,0.747976,0.466059,0.463663,0.121355,0.67673,0.1247,0.14,
0.35,3,4,70,70,70,171,171,6255.13,79.8,157.1,101.45,14.86,0.130329,0.765361,0.475032,0.482269,0.129785,0.68218,0.1239,0.14,
0.35,3,5,70,70,70,186,186,5378.63,79.8,177,98.75,13.78,0.235102,0.879971,0.458877,0.453853,0.116479,0.67208,0.1242,0.14,
0.35,3,6,70,70,70,188,188,5854.1,79.8,175.1,98.9,14.28,0.192458,0.74553,0.45396,0.452894,0.12642,0.66683,0.1225,0.14,
0.35,3,7,70,70,70,151,151,6014.68,79.8,141.2,96.43,14.25,0.19351,0.679236,0.453013,0.460607,0.115823,0.66715,0.122,0.14,
0.35,3,8,70,70,70,186,186,5385.87,79.8,176.8,103.77,13.78,0.241942,0.924877,0.46058,0.473117,0.132517,0.67203,0.1239,0.14,
0.35,3,9,70,70,70,190,190,5800.41,79.8,180.1,102.78,14.38,0.214759,0.700561,0.448779,0.458943,0.112827,0.66432,0.124,0.14,
0.35,3.5,0,70,70,70,170,170,5915.65,79.8,158.4,102.28,15.23,0.205275,0.773214,0.431277,0.424379,0.130322,0.64903,0.117,0.14,
0.35,3.5,1,70,70,70,191,191,5453.07,79.8,178.5,107.11,14.22,0.173285,0.683982,0.428951,0.431309,0.111883,0.64906,0.121,0.14,
0.35,3.5,2,70,70,70,169,169,5373.71,79.8,156.9,103.66,13.9,0.157061,0.847032,0.456221,0.454273,0.141303,0.66692,0.1216,0.14,
0.35,3.5,3,70,70,70,224,224,5469.73,79.8,211.1,103.63,14.1,0.191311,0.795728,0.467087,0.471266,0.138028,0.67577,0.1242,0.14,
0.35,3.5,4,70,70,70,218,218,6255.13,79.8,205.1,108.39,14.94,0.120085,0.773533,0.464308,0.460824,0.131624,0.67394,0.1225,0.14,
0.35,3.5,5,70,70,70,256,256,5378.63,79.8,245.1,106.26,13.88,0.239137,0.976696,0.466454,0.46157,0.129729,0.67672,0.1247,0.14,
0.35,3.5,6,70,70,70,193,193,5854.1,79.8,180.1,104.02,14.28,0.197149,0.705144,0.450166,0.462205,0.120113,0.66464,0.1223,0.14,
0.35,3.5,7,70,70,70,170,170,6014.68,79.8,157.2,101.82,14.26,0.197378,0.72217,0.464255,0.464033,0.132131,0.67408,0.1232,0.14,
0.35,3.5,8,70,70,70,212,212,5385.87,79.8,202.1,109.73,13.93,0.193967,0.949981,0.457742,0.442014,0.133868,0.66973,0.1233,0.14,
0.35,3.5,9,70,70,70,195,195,5800.41,79.8,185.1,108.04,14.18,0.217065,0.762617,0.447467,0.463023,0.11633,0.66307,0.124,0.14,
0.35,4,0,70,70,70,204,204,5915.65,79.8,194.1,106.68,15.32,0.190253,0.778745,0.439146,0.45244,0.139181,0.65383,0.1175,0.14,
0.35,4,1,70,70,70,197,197,5453.07,79.8,184.7,111.1,14.26,0.160255,0.710886,0.432662,0.444451,0.114762,0.65154,0.1212,0.14,
0.35,4,2,70,70,70,211,211,5373.71,79.8,201.3,110.34,14.01,0.163295,0.864552,0.460324,0.46352,0.146891,0.66949,0.1223,0.14,
0.35,4,3,70,70,70,227,227,5469.73,79.8,214.6,107.83,14.07,0.173531,0.799216,0.464883,0.450604,0.135858,0.67439,0.124,0.14,
0.35,4,4,70,70,70,218,218,6255.13,79.8,205.1,113.37,15.12,0.122493,0.795342,0.468732,0.449129,0.128893,0.67767,0.1232,0.14,
0.35,4,5,70,70,70,256,256,5378.63,79.8,245.1,112.09,14,0.222409,0.895627,0.460803,0.44835,0.129447,0.67229,0.1242,0.14,
0.35,4,6,70,70,70,221,221,5854.1,79.8,210.1,113.78,14.56,0.201762,0.746495,0.452051,0.454611,0.122367,0.66594,0.1213,0.14,
0.35,4,7,70,70,70,198,198,6014.68,79.8,185.1,108.08,14.44,0.201368,0.755994,0.447349,0.448313,0.124463,0.66225,0.1218,0.14,
0.35,4,8,70,70,70,220,220,5385.87,79.8,210.5,114.47,13.89,0.26158,0.935867,0.465608,0.457271,0.131096,0.67607,0.125,0.14,
0.35,4,9,70,70,70,210,210,5800.41,79.8,200,112.66,14.32,0.218694,0.768815,0.452092,0.455772,0.115428,0.6668,0.1245,0.14,
0.35,4.5,0,70,70,70,207,207,5915.65,79.8,197.6,111.38,15.52,0.189863,0.784767,0.4381,0.440874,0.141153,0.65283,0.117,0.14,
0.35,4.5,1,70,70,70,235,235,5453.07,79.8,225.1,115.6,14.41,0.169918,0.727457,0.425515,0.427711,0.115465,0.64613,0.1197,0.14,
0.35,4.5,2,70,70,70,246,246,5373.71,79.8,236.9,116.45,14.12,0.176248,0.901479,0.457315,0.455229,0.143026,0.66789,0.1221,0.14,
0.35,4.5,3,70,70,70,235,235,5469.73,79.8,227.2,113.41,14.07,0.162344,0.813141,0.450388,0.437798,0.143616,0.66277,0.1217,0.14,
0.35,4.5,4,70,70,70,223,223,6255.13,79.8,210.1,118.49,15.15,0.164988,0.808416,0.464086,0.45185,0.132478,0.67409,0.1226,0.14,
0.35,4.5,5,70,70,70,294,294,5378.63,79.8,283.9,118.09,14.12,0.164755,0.95004,0.450135,0.44467,0.143237,0.66266,0.1217,0.14,
0.35,4.5,6,70,70,70,235,235,5854.1,79.8,224.8,120.37,14.53,0.201257,0.764816,0.439733,0.433505,0.127029,0.65608,0.1196,0.14,
0.35,4.5,7,70,70,70,198,198,6014.68,79.8,185.1,114.76,14.51,0.201375,0.730517,0.440074,0.451001,0.128566,0.65615,0.1207,0.14,
0.35,4.5,8,70,70,70,229,229,5385.87,79.8,219.9,124.12,14.07,0.205976,0.971702,0.450566,0.443291,0.126891,0.66513,0.1232,0.14,
0.35,4.5,9,70,70,70,223,223,5800.41,79.8,211.9,118.07,14.38,0.211807,0.685837,0.447698,0.463607,0.11355,0.66338,0.1233,0.14,
0.35,5,0,70,70,70,218,218,5915.65,79.8,208.3,117.27,15.59,0.164415,0.805738,0.436788,0.444292,0.144759,0.65147,0.1164,0.14,
0.35,5,1,70,70,70,236,236,5453.07,79.8,226.7,121.76,14.52,0.176909,0.719799,0.409023,0.406589,0.131441,0.6312,0.1169,0.14,
0.35,5,2,70,70,70,249,249,5373.71,79.8,239.6,122.59,14.35,0.191791,0.789212,0.459288,0.45109,0.142482,0.6694,0.1221,0.14,
0.35,5,3,70,70,70,237,237,5469.73,79.8,229.5,122.92,14.49,0.151848,0.840301,0.439013,0.427319,0.1521,0.65313,0.1198,0.14,
0.35,5,4,70,70,70,225,225,6255.13,79.8,213.7,126.22,15.4,0.143048,0.848075,0.439279,0.415427,0.13667,0.65481,0.1195,0.14,
0.35,5,5,70,70,70,301,301,5378.63,79.8,290.1,125.52,14.43,0.193517,0.84545,0.439442,0.414596,0.147609,0.65397,0.1205,0.14,
0.35,5,6,70,70,70,301,301,5854.1,79.8,288.3,126.69,14.89,0.209292,0.782931,0.424775,0.435642,0.135269,0.64339,0.1167,0.14,
0.35,5,7,70,70,70,203,203,6014.68,79.8,190.1,118.16,14.72,0.201411,0.781988,0.439297,0.444561,0.129211,0.65548,0.1204,0.14,
0.35,5,8,70,70,70,246,246,5385.87,79.8,234.9,130.28,14.44,0.210304,0.967563,0.455442,0.442677,0.128553,0.66874,0.1235,0.14,
0.35,5,9,70,70,70,272,272,5800.41,79.8,261.7,124.88,14.82,0.166485,0.742098,0.435862,0.451187,0.11425,0.65421,0.1215,0.14,
0.35,5.5,0,70,70,70,221,221,5915.65,79.8,211.4,120.72,15.6,0.160008,0.813476,0.446638,0.438742,0.151859,0.65814,0.1172,0.14,
0.35,5.5,1,70,70,70,240,240,5453.07,79.8,230.1,126.79,14.5,0.185696,0.737907,0.399859,0.391307,0.130081,0.62415,0.1158,0.14,
0.35,5.5,2,70,70,70,258,258,5373.71,79.8,248.4,128.99,14.4,0.198098,0.830174,0.458339,0.45113,0.143814,0.66859,0.1219,0.14,
0.35,5.5,3,70,70,70,239,239,5469.73,79.8,232,128.64,14.41,0.177214,0.854609,0.445835,0.421805,0.149013,0.65877,0.1209,0.14,
0.35,5.5,4,70,70,70,229,229,6255.13,79.8,217.6,130.36,15.45,0.227224,0.837015,0.44621,0.407736,0.138924,0.66035,0.1206,0.14,
0.35,5.5,5,70,70,70,307,307,5378.63,79.8,296.6,130.27,14.26,0.203658,0.807279,0.437449,0.416143,0.145036,0.65273,0.1197,0.14,
0.35,5.5,6,70,70,70,305,305,5854.1,79.8,292.5,130.77,14.85,0.211602,0.790714,0.431128,0.449571,0.133071,0.64878,0.1176,0.14,
0.35,5.5,7,70,70,70,246,246,6014.68,79.8,233.2,122.81,14.75,0.201915,0.780636,0.442506,0.409052,0.145399,0.65618,0.1202,0.14,
0.35,5.5,8,70,70,70,250,250,5385.87,79.8,239,135.7,14.33,0.195498,0.867762,0.439188,0.42553,0.117544,0.65683,0.1216,0.14,
0.35,5.5,9,70,70,70,284,284,5800.41,79.8,273.4,127.76,14.73,0.1425,0.792626,0.432985,0.421699,0.12426,0.65079,0.1209,0.14,
0.35,6,0,70,70,70,234,234,5915.65,79.8,220.1,127.22,15.57,0.171695,0.819313,0.444511,0.439583,0.152915,0.65637,0.1168,0.14,
0.35,6,1,70,70,70,240,240,5453.07,79.8,230.1,129.94,14.57,0.157343,0.748799,0.399731,0.401758,0.134837,0.62331,0.1155,0.14,
0.35,6,2,70,70,70,261,261,5373.71,79.8,251.2,136.8,14.47,0.203239,0.852552,0.440983,0.431018,0.146424,0.65505,0.1194,0.14,
0.35,6,3,70,70,70,306,306,5469.73,79.8,293.4,134.83,14.5,0.179362,0.82022,0.435311,0.417787,0.141858,0.65132,0.1196,0.14,
0.35,6,4,70,70,70,234,234,6255.13,79.8,222.1,135.47,15.56,0.149668,0.918649,0.440367,0.407587,0.154508,0.65379,0.119,0.14,
0.35,6,5,70,70,70,314,314,5378.63,79.8,303.5,135.33,14.41,0.200763,0.814922,0.427151,0.402323,0.148724,0.64401,0.1182,0.14,
0.35,6,6,70,70,70,309,309,5854.1,79.8,296.8,137.03,14.92,0.185188,0.79298,0.426341,0.432422,0.128132,0.6455,0.1174,0.14,
0.35,6,7,70,70,70,271,271,6014.68,79.8,258.2,130.63,14.86,0.19136,0.843593,0.437326,0.414411,0.144338,0.65255,0.1198,0.14,
0.35,6,8,70,70,70,269,269,5385.87,79.8,259.6,140.68,14.47,0.22169,0.869217,0.430951,0.424478,0.123057,0.65016,0.1206,0.14,
0.35,6,9,70,70,70,286,286,5800.41,79.8,275.1,132.55,14.72,0.133129,0.689013,0.420824,0.418924,0.127176,0.64077,0.1194,0.14,
0.35,6.5,0,70,70,70,234,234,5915.65,79.8,220.8,135.39,15.9,0.157697,0.829072,0.436125,0.43063,0.156183,0.64951,0.1155,0.14,
0.35,6.5,1,70,70,70,255,255,5453.07,79.8,242.1,133.44,14.67,0.153591,0.758543,0.389848,0.377291,0.137914,0.61487,0.1139,0.14,
0.35,6.5,2,70,70,70,280,280,5373.71,79.8,266.3,140.91,14.6,0.186724,0.784049,0.427269,0.417554,0.135744,0.64546,0.1178,0.14,
0.35,6.5,3,70,70,70,309,309,5469.73,79.8,297,138.45,14.71,0.186399,0.813097,0.426003,0.399543,0.144201,0.64393,0.118,0.14,
0.35,6.5,4,70,70,70,252,252,6255.13,79.8,241.7,143.09,15.55,0.150827,0.9679,0.424814,0.392234,0.159707,0.64103,0.1166,0.14,
0.35,6.5,5,70,70,70,319,319,5378.63,79.8,308.1,141.72,14.56,0.19529,0.866282,0.435424,0.439338,0.148957,0.65044,0.1193,0.14,
0.35,6.5,6,70,70,70,313,313,5854.1,79.8,300.8,142.92,15.06,0.191789,0.75996,0.421784,0.41979,0.125345,0.6421,0.1169,0.14,
0.35,6.5,7,70,70,70,301,301,6014.68,79.8,288.3,138.42,14.99,0.165318,0.876359,0.426074,0.408909,0.144913,0.64359,0.1182,0.14,
0.35,6.5,8,70,70,70,278,278,5385.87,79.8,269,148.56,14.48,0.218194,0.820446,0.407183,0.402769,0.111568,0.63245,0.1173,0.14,
0.35,6.5,9,70,70,70,286,286,5800.41,79.8,275.1,138,14.83,0.11603,0.738464,0.412388,0.402461,0.131688,0.63352,0.1179,0.14,
0.35,7,0,70,70,70,241,241,5915.65,79.8,231.7,141.73,15.86,0.153035,0.837492,0.429923,0.434357,0.152384,0.64509,0.1151,0.14,
0.35,7,1,70,70,70,270,270,5453.07,79.8,260.1,144.49,14.77,0.140928,0.769938,0.381914,0.37138,0.132831,0.60879,0.1124,0.14,
0.35,7,2,70,70,70,280,280,5373.71,79.8,266.8,147.4,14.68,0.174338,0.734256,0.414705,0.41406,0.128464,0.6362,0.1164,0.14,
0.35,7,3,70,70,70,312,312,5469.73,79.8,300,148.01,14.91,0.187622,0.844628,0.413128,0.38342,0.147554,0.6331,0.1159,0.14,
0.35,7,4,70,70,70,255,255,6255.13,79.8,244.9,146.39,15.67,0.153104,0.948762,0.419125,0.382401,0.161296,0.63616,0.1154,0.14,
0.35,7,5,70,70,70,330,330,5378.63,79.8,319.6,147.44,14.65,0.184233,0.844001,0.429664,0.437824,0.153748,0.64504,0.1184,0.14,
0.35,7,6,70,70,70,317,317,5854.1,79.8,304.8,148.32,15.12,0.191049,0.768992,0.414989,0.420879,0.131147,0.63615,0.1159,0.14,
0.35,7,7,70,70,70,273,273,6014.68,79.8,260.1,143.21,15.17,0.155992,0.797943,0.423215,0.421084,0.143071,0.64133,0.1178,0.14,
0.35,7,8,70,70,70,282,282,5385.87,79.8,272.1,153.33,14.68,0.250178,0.735637,0.396645,0.392706,0.097883,0.62532,0.1163,0.14,
0.35,7,9,70,70,70,287,287,5800.41,79.8,276.9,145.32,15.04,0.114717,0.747678,0.406241,0.391862,0.12863,0.62898,0.1172,0.1399,
0.36,3,0,70,70,70,182,182,5915.65,79.8,170.1,100.16,15.28,0.207563,0.754929,0.449679,0.45582,0.128548,0.66358,0.1196,0.14,
0.36,3,1,70,70,70,188,188,5453.07,79.8,175.8,103.29,14.22,0.200255,0.697312,0.439734,0.443646,0.117091,0.65696,0.1223,0.14,
0.36,3,2,70,70,70,168,168,5373.71,79.8,155.1,100.13,13.97,0.156066,0.808235,0.454657,0.45748,0.138376,0.666,0.1216,0.14,
0.36,3,3,70,70,70,208,208,5469.73,79.8,195.3,101.92,14.15,0.210596,0.773294,0.471489,0.472007,0.128256,0.68015,0.125,0.14,
0.36,3,4,70,70,70,175,175,6255.13,79.8,161.5,104.68,15.16,0.134379,0.769715,0.471848,0.46496,0.128147,0.68009,0.1233,0.14,
0.36,3,5,70,70,70,253,253,5378.63,79.8,242.9,103.17,13.93,0.242658,0.929682,0.475112,0.473743,0.121476,0.68382,0.126,0.14,
0.36,3,6,70,70,70,188,188,5854.1,79.8,175.1,100.7,14.39,0.20022,0.743521,0.463188,0.46661,0.124293,0.67402,0.1239,0.14,
0.36,3,7,70,70,70,168,168,6014.68,79.8,155.3,99.1,14.44,0.202068,0.711816,0.46398,0.464507,0.119916,0.67514,0.1232,0.14,
0.36,3,8,70,70,70,207,207,5385.87,79.8,197.4,107.13,13.95,0.190502,0.932916,0.464349,0.464114,0.128484,0.67516,0.1243,0.14,
0.36,3,9,70,70,70,191,191,5800.41,79.8,181.9,104.02,14.46,0.223779,0.73994,0.461369,0.475997,0.114075,0.67378,0.1258,0.14,
0.36,3.5,0,70,70,70,196,196,5915.65,79.8,186.5,104.65,15.23,0.214602,0.782805,0.439258,0.434389,0.133634,0.65484,0.1179,0.14,
0.36,3.5,1,70,70,70,191,191,5453.07,79.8,178.9,109.45,14.29,0.181738,0.741832,0.441013,0.453452,0.120039,0.65769,0.1225,0.14,
0.36,3.5,2,70,70,70,205,205,5373.71,79.8,195.9,106.47,13.95,0.165455,0.853037,0.466834,0.464208,0.14275,0.67495,0.1233,0.14,
0.36,3.5,3,70,70,70,224,224,5469.73,79.8,211.7,105.9,14.02,0.197859,0.793792,0.474662,0.477243,0.135205,0.6818,0.1252,0.14,
0.36,3.5,4,70,70,70,218,218,6255.13,79.8,205.1,110.83,15.15,0.124439,0.790646,0.476278,0.466622,0.133462,0.68278,0.1241,0.14,
0.36,3.5,5,70,70,70,256,256,5378.63,79.8,245.1,109.01,13.88,0.245206,0.989071,0.470523,0.468603,0.129856,0.67967,0.1251,0.14,
0.36,3.5,6,70,70,70,220,220,5854.1,79.8,209.1,108.29,14.4,0.205013,0.696076,0.46064,0.47656,0.117326,0.67281,0.1234,0.14,
0.36,3.5,7,70,70,70,193,193,6014.68,79.8,180.1,104.03,14.36,0.205853,0.738234,0.470732,0.468464,0.128879,0.67942,0.1243,0.14,
0.36,3.5,8,70,70,70,212,212,5385.87,79.8,202.7,111.13,13.87,0.202334,0.940464,0.472204,0.459137,0.131254,0.68083,0.1255,0.14,
0.36,3.5,9,70,70,70,207,207,5800.41,79.8,196.1,110.7,14.32,0.22451,0.765215,0.457395,0.472912,0.115521,0.67069,0.1252,0.14,
0.36,4,0,70,70,70,204,204,5915.65,79.8,194.9,109.01,15.33,0.197353,0.785708,0.4517,0.465355,0.14085,0.66341,0.1191,0.14,
0.36,4,1,70,70,70,198,198,5453.07,79.8,185.2,113.45,14.31,0.167132,0.721292,0.442248,0.452776,0.124418,0.65797,0.1221,0.14,
0.36,4,2,70,70,70,211,211,5373.71,79.8,201.7,112.58,13.92,0.171628,0.879277,0.473341,0.471269,0.147391,0.67936,0.124,0.14,
0.36,4,3,70,70,70,230,230,5469.73,79.8,222.2,109.84,14.15,0.180335,0.819728,0.473353,0.464781,0.137599,0.68072,0.125,0.14,
0.36,4,4,70,70,70,219,219,6255.13,79.8,206.5,115.85,15.05,0.126995,0.805812,0.484357,0.47104,0.131372,0.68907,0.125,0.14,
0.36,4,5,70,70,70,261,261,5378.63,79.8,250.1,114.37,14.06,0.230177,0.945943,0.46853,0.457083,0.128857,0.6782,0.125,0.14,
0.36,4,6,70,70,70,222,222,5854.1,79.8,211.2,116.31,14.45,0.209753,0.720949,0.463393,0.470871,0.121299,0.6746,0.1228,0.14,
0.36,4,7,70,70,70,198,198,6014.68,79.8,185.1,109.41,14.46,0.209832,0.81824,0.460223,0.458906,0.129419,0.67175,0.1232,0.14,
0.36,4,8,70,70,70,225,225,5385.87,79.8,215.2,117.16,13.99,0.270066,0.978408,0.478826,0.471262,0.135595,0.6856,0.1267,0.14,
0.36,4,9,70,70,70,211,211,5800.41,79.8,200.7,114.41,14.41,0.226095,0.660792,0.461113,0.476399,0.111929,0.67375,0.1258,0.14,
0.36,4.5,0,70,70,70,208,208,5915.65,79.8,198.1,114.48,15.35,0.195614,0.800229,0.450891,0.45163,0.144215,0.66256,0.1185,0.14,
0.36,4.5,1,70,70,70,235,235,5453.07,79.8,225.1,118.47,14.4,0.177814,0.715433,0.435123,0.443797,0.117214,0.65337,0.121,0.14,
0.36,4.5,2,70,70,70,247,247,5373.71,79.8,237.3,119.74,14.14,0.185744,0.786859,0.468608,0.455649,0.139911,0.67672,0.1235,0.14,
0.36,4.5,3,70,70,70,235,235,5469.73,79.8,227.5,114.6,14.26,0.168094,0.837454,0.462784,0.439527,0.144244,0.67224,0.1236,0.14,
0.36,4.5,4,70,70,70,223,223,6255.13,79.8,210.1,119.67,15.18,0.17289,0.819899,0.478509,0.47136,0.131702,0.68498,0.1246,0.14,
0.36,4.5,5,70,70,70,295,295,5378.63,79.8,284.8,123.29,14.14,0.204364,0.999112,0.454533,0.451437,0.141843,0.66637,0.1221,0.14,
0.36,4.5,6,70,70,70,275,275,5854.1,79.8,265,124.26,14.77,0.210863,0.712385,0.446689,0.453058,0.124023,0.66155,0.1203,0.14,
0.36,4.5,7,70,70,70,203,203,6014.68,79.8,190.1,116.75,14.61,0.212359,0.782781,0.449792,0.462461,0.129678,0.66351,0.1217,0.14,
0.36,4.5,8,70,70,70,230,230,5385.87,79.8,220.4,126.5,14.17,0.213892,1.00081,0.462756,0.455163,0.131917,0.67395,0.1245,0.14,
0.36,4.5,9,70,70,70,241,241,5800.41,79.8,230.1,122.6,14.51,0.213529,0.723914,0.452802,0.464032,0.111199,0.66753,0.1236,0.14,
0.36,5,0,70,70,70,218,218,5915.65,79.8,208.7,118.34,15.4,0.170288,0.810048,0.451654,0.453993,0.145739,0.66286,0.1184,0.14,
0.36,5,1,70,70,70,240,240,5453.07,79.8,230.1,123.97,14.4,0.187934,0.738087,0.417653,0.421629,0.132808,0.63809,0.1179,0.14,
0.36,5,2,70,70,70,250,250,5373.71,79.8,240.4,125.5,14.43,0.202912,0.832855,0.46847,0.450689,0.151602,0.67541,0.1228,0.14,
0.36,5,3,70,70,70,237,237,5469.73,79.8,229.9,124.56,14.33,0.15768,0.849602,0.452618,0.424446,0.151081,0.66376,0.1219,0.14,
0.36,5,4,70,70,70,226,226,6255.13,79.8,214.1,129.84,15.45,0.148289,0.8895,0.448503,0.438806,0.13285,0.6623,0.1212,0.14,
0.36,5,5,70,70,70,303,303,5378.63,79.8,292.3,128.86,14.26,0.201143,0.899066,0.445793,0.425386,0.151701,0.65851,0.1211,0.14,
0.36,5,6,70,70,70,302,302,5854.1,79.8,289.1,130.05,14.8,0.216626,0.792395,0.433593,0.435619,0.132378,0.6507,0.1178,0.14,
0.36,5,7,70,70,70,225,225,6014.68,79.8,215.1,122.15,14.59,0.212218,0.813075,0.45124,0.457018,0.135893,0.66402,0.1219,0.14,
0.36,5,8,70,70,70,247,247,5385.87,79.8,235.4,132.25,14.29,0.218045,1.01166,0.465052,0.446423,0.131183,0.67585,0.1246,0.14,
0.36,5,9,70,70,70,273,273,5800.41,79.8,262.4,127.67,14.79,0.172358,0.78123,0.441361,0.439928,0.118462,0.65813,0.1221,0.14,
0.36,5.5,0,70,70,70,221,221,5915.65,79.8,212,124.55,15.56,0.166193,0.819296,0.451624,0.454689,0.148791,0.66241,0.1176,0.14,
0.36,5.5,1,70,70,70,240,240,5453.07,79.8,230.1,130.13,14.67,0.198302,0.750741,0.409942,0.395328,0.133274,0.63202,0.117,0.14,
0.36,5.5,2,70,70,70,259,259,5373.71,79.8,249.2,131.51,14.35,0.209643,0.876555,0.473835,0.473733,0.147201,0.67989,0.1239,0.14,
0.36,5.5,3,70,70,70,302,302,5469.73,79.8,290,131.84,14.52,0.18298,0.875229,0.455301,0.439881,0.144932,0.66649,0.1219,0.14,
0.36,5.5,4,70,70,70,230,230,6255.13,79.8,218.1,134.05,15.41,0.149184,0.87918,0.453272,0.419331,0.139464,0.66538,0.1218,0.14,
0.36,5.5,5,70,70,70,308,308,5378.63,79.8,298,136.13,14.41,0.21354,0.827351,0.442665,0.422552,0.148708,0.65637,0.1204,0.14,
0.36,5.5,6,70,70,70,306,306,5854.1,79.8,293.2,135.58,14.9,0.218809,0.80258,0.437076,0.428426,0.133339,0.65352,0.1183,0.14,
0.36,5.5,7,70,70,70,246,246,6014.68,79.8,233.7,129.62,14.89,0.212553,0.790918,0.444162,0.421603,0.141434,0.65802,0.1205,0.14,
0.36,5.5,8,70,70,70,258,258,5385.87,79.8,246.8,138.67,14.31,0.188273,0.916762,0.458326,0.437845,0.134669,0.66997,0.1233,0.14,
0.36,5.5,9,70,70,70,286,286,5800.41,79.8,275.1,132.24,14.75,0.14338,0.689526,0.433931,0.437359,0.121059,0.65164,0.1211,0.14,
0.36,6,0,70,70,70,234,234,5915.65,79.8,220.1,131.75,15.71,0.166059,0.862284,0.450824,0.44694,0.156199,0.66099,0.1179,0.14,
0.36,6,1,70,70,70,241,241,5453.07,79.8,231.3,135.12,14.85,0.161775,0.764451,0.395356,0.385095,0.128646,0.62065,0.1149,0.14,
0.36,6,2,70,70,70,261,261,5373.71,79.9,251.7,139.16,14.57,0.20325,0.896175,0.451522,0.444225,0.145639,0.66324,0.1212,0.14,
0.36,6,3,70,70,70,306,306,5469.73,79.8,294,138.84,14.69,0.188064,0.865131,0.446726,0.419505,0.149615,0.65956,0.1208,0.14,
0.36,6,4,70,70,70,270,270,6255.13,79.8,260.9,141.75,15.56,0.155038,0.948325,0.443153,0.421365,0.142631,0.65728,0.1203,0.14,
0.36,6,5,70,70,70,315,315,5378.63,79.8,304.3,141.39,14.52,0.208289,0.920862,0.436455,0.422756,0.154418,0.6508,0.1193,0.14,
0.36,6,6,70,70,70,310,310,5854.1,79.8,297.5,144.18,15.13,0.184715,0.809774,0.434904,0.438297,0.132451,0.65166,0.1177,0.14,
0.36,6,7,70,70,70,273,273,6014.68,79.8,260.1,133.79,14.85,0.19723,0.889553,0.448356,0.431973,0.145938,0.66101,0.1213,0.14,
0.36,6,8,70,70,70,296,296,5385.87,79.8,285.7,146.28,14.61,0.231077,0.912323,0.444204,0.429226,0.130911,0.65975,0.1218,0.14,
0.36,6,9,70,70,70,286,286,5800.41,79.8,275.1,136.01,14.85,0.138076,0.724603,0.419569,0.405877,0.124756,0.64019,0.1194,0.14,
0.36,6.5,0,70,70,70,236,236,5915.65,79.8,222.9,139.9,15.86,0.162091,0.838611,0.44122,0.450126,0.152848,0.65385,0.1165,0.14,
0.36,6.5,1,70,70,70,255,255,5453.07,79.8,242.9,136.87,14.69,0.156946,0.75441,0.391399,0.386485,0.132223,0.61684,0.1143,0.14,
0.36,6.5,2,70,70,70,280,280,5373.71,79.8,266.8,143.17,14.61,0.199427,0.820744,0.439667,0.43269,0.138803,0.65488,0.1195,0.14,
0.36,6.5,3,70,70,70,310,310,5469.73,79.8,297.6,146.82,14.75,0.18968,0.845746,0.43108,0.394029,0.154578,0.6469,0.1181,0.14,
0.36,6.5,4,70,70,70,275,275,6255.13,79.8,265.1,147.92,15.64,0.153325,0.961613,0.433392,0.414337,0.150883,0.64883,0.1185,0.14,
0.36,6.5,5,70,70,70,320,320,5378.63,79.8,309.4,150.44,14.6,0.180913,0.909364,0.428783,0.431051,0.155649,0.64422,0.1177,0.14,
0.36,6.5,6,70,70,70,314,314,5854.1,79.8,301.5,148.5,15.12,0.203642,0.721231,0.429311,0.431835,0.124386,0.64814,0.1177,0.14,
0.36,6.5,7,70,70,70,301,301,6014.68,79.8,288.9,141.2,15.08,0.168831,0.816636,0.438648,0.429703,0.144393,0.65344,0.1201,0.14,
0.36,6.5,8,70,70,70,279,279,5385.87,79.8,269.7,153.47,14.65,0.233664,0.777127,0.41135,0.40407,0.09804,0.63697,0.1181,0.14,
0.36,6.5,9,70,70,70,286,286,5800.41,79.8,275.1,141.77,14.9,0.120453,0.756955,0.423433,0.404027,0.13255,0.64237,0.1196,0.14,
0.36,7,0,70,70,70,348,348,5915.65,79.8,337.9,147.97,16.14,0.158599,0.846969,0.431059,0.441075,0.150825,0.64634,0.1147,0.14,
0.36,7,1,70,70,70,270,270,5453.07,79.8,260.7,146.66,14.8,0.145451,0.772691,0.393081,0.384882,0.138182,0.61724,0.1139,0.14,
0.36,7,2,70,70,70,300,300,5373.71,79.8,290.7,152.92,14.81,0.169585,0.770606,0.425008,0.423939,0.131997,0.64391,0.1176,0.14,
0.36,7,3,70,70,70,333,333,5469.73,79.8,320.1,153.65,15,0.194497,0.851947,0.414993,0.380773,0.152479,0.63429,0.1161,0.14,
0.36,7,4,70,70,70,278,278,6255.13,79.8,269,150.23,15.86,0.160631,0.976153,0.428574,0.396415,0.15542,0.64449,0.1174,0.14,
0.36,7,5,70,70,70,331,331,5378.63,81.2,320.8,157.4,14.87,0.177328,0.885289,0.428836,0.429924,0.165185,0.64288,0.1173,0.14,
0.36,7,6,70,70,70,328,328,5854.1,79.8,315.1,153.55,15.25,0.198674,0.79286,0.423216,0.42459,0.134379,0.6424,0.1165,0.14,
0.36,7,7,70,70,70,311,311,6014.68,79.8,298.1,146.46,15.3,0.159656,0.84138,0.434854,0.395283,0.151362,0.64971,0.1194,0.14,
0.36,7,8,70,70,70,305,305,5385.87,79.8,294.3,162.77,14.83,0.254545,0.784759,0.410556,0.407288,0.100985,0.63625,0.1174,0.14,
0.36,7,9,70,70,70,288,288,5800.41,79.8,277.7,147.96,15.04,0.118898,0.786739,0.420907,0.415573,0.13528,0.63997,0.1191,0.14,
0.37,3,0,70,70,70,183,183,5915.65,79.8,171.3,101.74,14.94,0.215243,0.77142,0.459848,0.474012,0.13238,0.67094,0.1206,0.14,
0.37,3,1,70,70,70,188,188,5453.07,79.8,176,106.26,14.07,0.20435,0.715055,0.444328,0.453948,0.115599,0.66063,0.1229,0.14,
0.37,3,2,70,70,70,201,201,5373.71,79.8,191.8,103.38,13.89,0.163133,0.851884,0.463621,0.463262,0.135661,0.67319,0.1231,0.14,
0.37,3,3,70,70,70,208,208,5469.73,79.8,196,103.6,14.02,0.219618,0.793683,0.482472,0.483129,0.127775,0.68839,0.1265,0.14,
0.37,3,4,70,70,70,176,176,6255.13,79.8,165.1,107.04,15.03,0.139413,0.782445,0.478236,0.474592,0.128274,0.68488,0.1244,0.14,
0.37,3,5,70,70,70,256,256,5378.63,79.8,245.1,104.8,13.85,0.250418,0.971505,0.483428,0.489921,0.124073,0.68977,0.1269,0.14,
0.37,3,6,70,70,70,193,193,5854.1,79.8,180.1,103.55,14.32,0.208198,0.716276,0.465134,0.481737,0.122932,0.67562,0.1239,0.14,
0.37,3,7,70,70,70,180,180,6014.68,79.8,167.8,101.75,14.35,0.210883,0.728925,0.470352,0.457966,0.120657,0.67999,0.1242,0.14,
0.37,3,8,70,70,70,208,208,5385.87,79.8,198.4,109.4,13.85,0.197904,0.733497,0.461987,0.461368,0.10615,0.67511,0.1245,0.14,
0.37,3,9,70,70,70,195,195,5800.41,79.8,185.1,108.45,14.33,0.241166,0.759621,0.467062,0.465339,0.113891,0.67817,0.1264,0.14,
0.37,3.5,0,70,70,70,196,196,5915.65,79.8,187,108.06,15.24,0.215888,0.780327,0.453619,0.455669,0.135382,0.66567,0.1195,0.14,
0.37,3.5,1,70,70,70,192,192,5453.07,79.8,179.2,111.41,14.27,0.190068,0.716216,0.447,0.45162,0.11772,0.66253,0.1234,0.14,
0.37,3.5,2,70,70,70,207,207,5373.71,79.8,197.2,108.52,13.96,0.17139,0.805558,0.475762,0.482447,0.139482,0.68195,0.1248,0.14,
0.37,3.5,3,70,70,70,225,225,5469.73,79.8,212.3,108.64,14.13,0.209049,0.801374,0.480689,0.476796,0.133455,0.68645,0.1259,0.14,
0.37,3.5,4,70,70,70,218,218,6255.13,79.8,205.1,113.05,15.04,0.128853,0.799511,0.488771,0.47954,0.129438,0.69245,0.1258,0.14,
0.37,3.5,5,70,70,70,256,256,5378.63,79.8,245.1,113.56,13.94,0.242443,0.920419,0.471036,0.464401,0.126136,0.68031,0.1253,0.14,
0.37,3.5,6,70,70,70,221,221,5854.1,79.8,210.1,112.92,14.45,0.213143,0.723873,0.474112,0.476218,0.121258,0.68257,0.1246,0.14,
0.37,3.5,7,70,70,70,198,198,6014.68,79.8,185.1,105.63,14.4,0.214692,0.783181,0.485618,0.482088,0.127981,0.69069,0.1262,0.14,
0.37,3.5,8,70,70,70,219,219,5385.87,79.8,209.2,115.09,13.94,0.209041,0.831085,0.47214,0.461203,0.118026,0.68189,0.1259,0.14,
0.37,3.5,9,70,70,70,207,207,5800.41,79.8,196.6,113,14.36,0.232294,0.725187,0.463258,0.476134,0.111786,0.67544,0.126,0.14,
0.37,4,0,70,70,70,205,205,5915.65,79.8,195.3,112.16,15.48,0.20475,0.795528,0.459253,0.463863,0.142868,0.66912,0.12,0.14,
0.37,4,1,70,70,70,235,235,5453.07,79.8,225.1,117.17,14.44,0.173668,0.72927,0.451972,0.48134,0.122011,0.66569,0.1232,0.14,
0.37,4,2,70,70,70,245,245,5373.71,79.8,235.1,116.49,14.14,0.180325,0.801342,0.480381,0.484935,0.142928,0.68507,0.1249,0.14,
0.37,4,3,70,70,70,231,231,5469.73,79.8,223.5,112.24,14.3,0.188823,0.824077,0.480351,0.46944,0.132396,0.68645,0.1261,0.14,
0.37,4,4,70,70,70,223,223,6255.13,79.8,210.1,118.45,15.17,0.133217,0.80486,0.489909,0.477435,0.133303,0.69296,0.1259,0.14,
0.37,4,5,70,70,70,261,261,5378.63,79.8,250.1,117.98,14.2,0.238214,0.997956,0.476149,0.46623,0.137932,0.68307,0.1255,0.14,
0.37,4,6,70,70,70,226,226,5854.1,79.8,215.1,118.9,14.66,0.217994,0.75286,0.472144,0.470895,0.127074,0.68066,0.1237,0.14,
0.37,4,7,70,70,70,211,211,6014.68,79.8,198.7,112.81,14.57,0.218545,0.793701,0.467641,0.448084,0.126736,0.67763,0.1243,0.14,
0.37,4,8,70,70,70,225,225,5385.87,79.8,216,121.56,14.06,0.223852,0.811614,0.471128,0.462247,0.112538,0.68156,0.1259,0.14,
0.37,4,9,70,70,70,212,212,5800.41,79.8,201.2,117.16,14.55,0.233722,0.694738,0.464978,0.473659,0.108862,0.67699,0.126,0.14,
0.37,4.5,0,70,70,70,214,214,5915.65,79.8,204.4,116.72,15.68,0.179983,0.801208,0.456579,0.45033,0.145455,0.66682,0.1191,0.14,
0.37,4.5,1,70,70,70,235,235,5453.07,79.8,225.1,121.41,14.5,0.187531,0.73528,0.442821,0.45398,0.126374,0.65826,0.1215,0.14,
0.37,4.5,2,70,70,70,247,247,5373.71,79.8,237.8,124.39,14.34,0.195667,0.827238,0.479731,0.461795,0.14265,0.68481,0.1247,0.14,
0.37,4.5,3,70,70,70,235,235,5469.73,79.8,227.9,117.9,14.36,0.174719,0.870239,0.471552,0.457555,0.148122,0.67849,0.1245,0.14,
0.37,4.5,4,70,70,70,223,223,6255.13,79.8,211.6,124.97,15.46,0.182227,0.765218,0.471609,0.469617,0.13176,0.67971,0.1236,0.14,
0.37,4.5,5,70,70,70,296,296,5378.63,79.8,285.7,127.65,14.33,0.21147,1.02137,0.464563,0.449957,0.1446,0.67388,0.123,0.14,
0.37,4.5,6,70,70,70,298,298,5854.1,79.8,285.3,128.66,14.81,0.221136,0.748993,0.450582,0.445314,0.132934,0.66371,0.1201,0.14,
0.37,4.5,7,70,70,70,225,225,6014.68,79.8,215.1,121.4,14.71,0.222572,0.808523,0.45936,0.454165,0.131323,0.67073,0.1229,0.14,
0.37,4.5,8,70,70,70,240,240,5385.87,79.8,230.1,129.34,14.24,0.221533,1.01816,0.476006,0.458264,0.131675,0.684,0.1262,0.14,
0.37,4.5,9,70,70,70,281,281,5800.41,79.8,270.1,124.82,14.7,0.184016,0.761248,0.464132,0.466824,0.114296,0.67575,0.1251,0.14,
0.37,5,0,70,70,70,219,219,5915.65,79.8,209.1,122.29,15.48,0.17705,0.814077,0.457265,0.459181,0.150749,0.66677,0.1187,0.14,
0.37,5,1,70,70,70,240,240,5453.07,79.8,230.1,126.06,14.56,0.202132,0.751405,0.429391,0.427106,0.134177,0.64729,0.1196,0.14,
0.37,5,2,70,70,70,251,251,5373.71,79.8,241.4,130.02,14.37,0.207338,0.878146,0.476405,0.466301,0.156537,0.68085,0.1239,0.14,
0.37,5,3,70,70,70,238,238,5469.73,79.8,230.2,130.4,14.46,0.163044,0.883745,0.466183,0.440868,0.154917,0.67349,0.1233,0.14,
0.37,5,4,70,70,70,226,226,6255.13,79.9,214.9,133.27,15.49,0.151045,0.934221,0.462164,0.44878,0.130888,0.67309,0.1229,0.14,
0.37,5,5,70,70,70,304,304,5378.63,79.8,293.4,135.44,14.38,0.20899,0.959814,0.458783,0.441621,0.158637,0.66778,0.1218,0.14,
0.37,5,6,70,70,70,302,302,5854.1,79.8,289.7,130.81,14.7,0.224173,0.774128,0.449428,0.450587,0.135377,0.66267,0.1199,0.14,
0.37,5,7,70,70,70,225,225,6014.68,79.8,215.1,125.5,14.65,0.223438,0.822194,0.465211,0.456815,0.137856,0.67443,0.1235,0.14,
0.37,5,8,70,70,70,257,257,5385.87,79.8,245.5,136.34,14.32,0.218406,1.04171,0.473781,0.450052,0.141368,0.68122,0.1252,0.14,
0.37,5,9,70,70,70,286,286,5800.41,79.8,275.1,132.15,14.81,0.150748,0.809428,0.447,0.451075,0.125086,0.66165,0.1228,0.14,
0.37,5.5,0,70,70,70,222,222,5915.65,79.8,212.5,128.1,15.76,0.171746,0.825406,0.465571,0.477249,0.151555,0.67269,0.1193,0.14,
0.37,5.5,1,70,70,70,240,240,5453.07,79.8,230.1,133.54,14.71,0.164875,0.747664,0.410415,0.404003,0.128114,0.63294,0.1173,0.14,
0.37,5.5,2,70,70,70,259,259,5373.71,79.8,249.8,134.75,14.55,0.219399,0.924311,0.479642,0.46105,0.148572,0.68424,0.1248,0.14,
0.37,5.5,3,70,70,70,303,303,5469.73,79.8,290.6,137.18,14.81,0.189217,0.895425,0.469537,0.444869,0.150072,0.67692,0.1239,0.14,
0.37,5.5,4,70,70,70,230,230,6255.13,82.4,218.7,137.02,15.56,0.154587,0.937927,0.461449,0.44137,0.137247,0.67181,0.123,0.14,
0.37,5.5,5,70,70,70,310,310,5378.63,79.8,299.9,140.33,14.69,0.221413,0.866517,0.449761,0.432001,0.156318,0.66108,0.1209,0.14,
0.37,5.5,6,70,70,70,306,306,5854.1,79.8,293.9,141.14,15.12,0.22415,0.80515,0.451595,0.450976,0.136336,0.66435,0.12,0.1399,
0.37,5.5,7,70,70,70,247,247,6014.68,79.8,234.3,132.85,15.04,0.218031,0.762822,0.453005,0.430632,0.138256,0.66519,0.1217,0.14,
0.37,5.5,8,70,70,70,268,268,5385.87,79.8,258.5,145.17,14.58,0.195576,0.967203,0.452275,0.44459,0.125617,0.66632,0.1228,0.14,
0.37,5.5,9,70,70,70,286,286,5800.41,79.8,275.1,137.75,14.97,0.151155,0.72412,0.43146,0.436721,0.113251,0.65069,0.121,0.14,
0.37,6,0,70,70,70,236,236,5915.65,79.8,222.9,133.39,15.94,0.170574,0.910185,0.469233,0.464415,0.156869,0.67512,0.1203,0.14,
0.37,6,1,70,70,70,245,245,5453.07,79.8,235.1,136.12,14.8,0.167803,0.770033,0.409007,0.399406,0.128546,0.63175,0.1171,0.14,
0.37,6,2,70,70,70,293,293,5373.71,80.5,283.7,143.03,14.62,0.210504,0.940404,0.466038,0.45883,0.148088,0.67425,0.1229,0.14,
0.37,6,3,70,70,70,307,307,5469.73,79.8,294.6,142.69,14.83,0.197524,0.904381,0.447505,0.403597,0.1548,0.65992,0.1206,0.14,
0.37,6,4,70,70,70,275,275,6255.13,79.8,265.1,146.66,15.68,0.160772,0.887158,0.451448,0.437047,0.136456,0.66417,0.1214,0.14,
0.37,6,5,70,70,70,316,316,5378.63,79.8,305.2,144.68,14.62,0.214805,0.96417,0.441501,0.417478,0.159012,0.65434,0.1197,0.14,
0.37,6,6,70,70,70,311,311,5854.1,79.8,298.2,148.18,15.23,0.189556,0.757249,0.439451,0.42992,0.135333,0.65493,0.118,0.14,
0.37,6,7,70,70,70,307,307,6014.68,79.8,294.5,140.41,15.04,0.2039,0.829855,0.453616,0.444731,0.145008,0.66501,0.1218,0.14,
0.37,6,8,70,70,70,297,297,5385.87,79.8,286.7,151.32,14.59,0.240941,0.955165,0.442019,0.422217,0.123851,0.6589,0.1213,0.14,
0.37,6,9,70,70,70,288,288,5800.41,79.8,277.2,141.58,14.95,0.14309,0.761156,0.428963,0.407746,0.125668,0.64755,0.1205,0.14,
0.37,6.5,0,70,70,70,341,341,5915.65,79.8,330.1,142.97,15.95,0.168328,0.873102,0.454669,0.471102,0.155482,0.66398,0.118,0.14,
0.37,6.5,1,70,70,70,256,256,5453.07,79.8,243.4,140.89,14.76,0.157857,0.74775,0.402508,0.392959,0.138496,0.62524,0.1154,0.14,
0.37,6.5,2,70,70,70,298,298,5373.71,79.8,288.6,148.41,14.69,0.212419,0.857922,0.450684,0.448432,0.137278,0.66359,0.1208,0.14,
0.37,6.5,3,70,70,70,310,310,5469.73,79.8,298,151.92,14.93,0.199538,0.889254,0.434627,0.394708,0.154625,0.64977,0.1183,0.14,
0.37,6.5,4,70,70,70,275,275,6255.13,79.8,265.1,153.72,15.89,0.158401,0.907772,0.435466,0.422752,0.14661,0.65084,0.1186,0.14,
0.37,6.5,5,70,70,70,321,321,5378.63,79.8,310.4,154.18,14.76,0.187713,0.954228,0.437821,0.42629,0.15855,0.65105,0.1187,0.14,
0.37,6.5,6,70,70,70,328,328,5854.1,79.8,315.1,154.55,15.3,0.200252,0.778272,0.42331,0.415715,0.133518,0.64254,0.1166,0.14,
0.37,6.5,7,70,70,70,308,308,6014.68,79.8,295.1,146.66,15.16,0.172964,0.859892,0.442947,0.430154,0.152869,0.65568,0.1205,0.14,
0.37,6.5,8,70,70,70,370,370,5385.87,79.8,359.9,159.27,14.83,0.178848,0.816121,0.423068,0.407703,0.107642,0.64527,0.119,0.14,
0.37,6.5,9,70,70,70,291,291,5800.41,79.8,280.1,145.96,15.07,0.125267,0.795436,0.421245,0.403358,0.128633,0.64115,0.1195,0.14,
0.37,7,0,70,70,70,349,349,5915.65,79.8,338.7,149.99,16.06,0.164519,0.854005,0.446535,0.4431,0.151803,0.65821,0.1167,0.14,
0.37,7,1,70,70,70,271,271,5453.07,79.8,261.3,151.39,15.01,0.151077,0.75199,0.398529,0.385042,0.145045,0.62094,0.1145,0.14,
0.37,7,2,70,70,70,329,329,5373.71,79.8,318.5,157.07,14.88,0.166838,0.807434,0.430944,0.423158,0.139795,0.64746,0.1178,0.14,
0.37,7,3,70,70,70,333,333,5469.73,79.8,320.1,160.39,15.02,0.180419,0.884087,0.410919,0.373929,0.150658,0.63127,0.1156,0.14,
0.37,7,4,70,70,70,280,280,6255.13,80.1,270.1,157.08,15.85,0.168346,0.923001,0.430661,0.411174,0.153139,0.64633,0.1174,0.14,
0.37,7,5,70,70,70,332,332,5378.63,81.5,321.8,159.41,14.81,0.186295,0.935127,0.44347,0.446296,0.165826,0.65429,0.1193,0.14,
0.37,7,6,70,70,70,328,328,5854.1,79.8,315.1,156.71,15.37,0.177493,0.800243,0.42747,0.437071,0.13098,0.64598,0.1171,0.14,
0.37,7,7,70,70,70,312,312,6014.68,79.8,299.4,150.58,15.17,0.151327,0.886123,0.437717,0.400054,0.154976,0.65153,0.1195,0.14,
0.37,7,8,70,70,70,376,376,5385.87,79.8,365.8,166.38,14.95,0.184977,0.822647,0.421001,0.41647,0.109648,0.64369,0.1185,0.14,
0.37,7,9,70,70,70,291,291,5800.41,79.8,280.1,152.37,15.1,0.123291,0.825368,0.428397,0.434865,0.142654,0.64506,0.1198,0.14,
0.38,3,0,70,70,70,187,187,5915.65,79.8,175.1,105.49,15.24,0.223359,0.780498,0.467829,0.480789,0.127894,0.67738,0.1217,0.14,
0.38,3,1,70,70,70,189,189,5453.07,79.8,176.3,108.71,14.17,0.212972,0.735589,0.456522,0.461277,0.119708,0.66957,0.1243,0.14,
0.38,3,2,70,70,70,205,205,5373.71,79.8,195.1,105.2,13.85,0.17049,0.810571,0.475666,0.478197,0.136013,0.68221,0.1246,0.14,
0.38,3,3,70,70,70,209,209,5469.73,79.8,196.8,106.15,14.1,0.229064,0.78755,0.488849,0.487756,0.126875,0.69318,0.1272,0.14,
0.38,3,4,70,70,70,176,176,6255.13,79.8,165.1,108.5,15.05,0.144455,0.789757,0.491451,0.489057,0.128003,0.69465,0.1263,0.14,
0.38,3,5,70,70,70,256,256,5378.63,79.8,245.1,108.87,13.86,0.258764,0.982336,0.489533,0.502881,0.126249,0.69401,0.1271,0.14,
0.38,3,6,70,70,70,221,221,5854.1,79.8,210.1,107.53,14.44,0.214034,0.724652,0.476538,0.474642,0.127038,0.68379,0.1249,0.14,
0.38,3,7,70,70,70,196,196,6014.68,79.8,183.8,104.16,14.36,0.220035,0.741972,0.481161,0.471576,0.120374,0.68807,0.1257,0.14,
0.38,3,8,70,70,70,218,218,5385.87,79.8,208.5,111.96,13.9,0.20628,0.770657,0.474859,0.468655,0.107465,0.68461,0.1262,0.14,
0.38,3,9,70,70,70,204,204,5800.41,79.8,193.3,110.68,14.27,0.2489,0.758866,0.469926,0.474583,0.109355,0.68068,0.1269,0.14,
0.38,3.5,0,70,70,70,205,205,5915.65,79.8,195.7,109.84,15.31,0.224043,0.783291,0.464754,0.474268,0.138356,0.67388,0.121,0.14,
0.38,3.5,1,70,70,70,192,192,5453.07,79.8,179.6,114.57,14.31,0.183133,0.744266,0.460868,0.467236,0.118025,0.67297,0.1248,0.14,
0.38,3.5,2,70,70,70,216,216,5373.71,79.8,205.1,112.49,13.93,0.175849,0.893694,0.490935,0.497138,0.145004,0.69265,0.1263,0.14,
0.38,3.5,3,70,70,70,225,225,5469.73,79.8,213,110.13,14.08,0.219569,0.79815,0.487139,0.479929,0.132802,0.69138,0.1267,0.14,
0.38,3.5,4,70,70,70,218,218,6255.13,79.8,205.4,116.53,15.13,0.133021,0.800046,0.493546,0.479067,0.125906,0.69631,0.1268,0.14,
0.38,3.5,5,70,70,70,261,261,5378.63,79.8,250.1,117.47,14.1,0.25286,0.969086,0.479435,0.472128,0.129354,0.68642,0.1261,0.14,
0.38,3.5,6,70,70,70,226,226,5854.1,79.8,215.1,116.42,14.5,0.221555,0.755039,0.48345,0.476548,0.122062,0.68948,0.1256,0.14,
0.38,3.5,7,70,70,70,199,199,6014.68,79.8,186.8,108.17,14.49,0.223682,0.768901,0.492946,0.476821,0.126838,0.69624,0.127,0.14,
0.38,3.5,8,70,70,70,221,221,5385.87,79.8,211.4,119.17,14.07,0.218354,0.79134,0.472906,0.45713,0.108476,0.68323,0.1264,0.14,
0.38,3.5,9,70,70,70,208,208,5800.41,79.8,197.1,114.48,14.44,0.240324,0.763571,0.476379,0.490529,0.111174,0.68533,0.1277,0.14,
0.38,4,0,70,70,70,205,205,5915.65,79.8,195.7,115.61,15.44,0.212182,0.79731,0.468461,0.472309,0.140733,0.67643,0.1208,0.14,
0.38,4,1,70,70,70,235,235,5453.07,79.8,225.1,119.34,14.4,0.180091,0.756569,0.463656,0.469854,0.12696,0.67415,0.1247,0.14,
0.38,4,2,70,70,70,245,245,5373.71,79.8,235.5,120.08,14.14,0.189407,0.841781,0.490839,0.489523,0.140421,0.69316,0.1264,0.14,
0.38,4,3,70,70,70,232,232,5469.73,79.8,224.7,113.67,14.19,0.197223,0.835579,0.491034,0.482774,0.134397,0.6942,0.1275,0.14,
0.38,4,4,70,70,70,223,223,6255.13,79.8,210.1,122.97,15.29,0.139694,0.812262,0.48916,0.482852,0.126876,0.69304,0.1259,0.14,
0.38,4,5,70,70,70,293,293,5378.63,79.8,282.3,123.62,14.19,0.246695,1.00894,0.474957,0.462945,0.142743,0.68189,0.1248,0.14,
0.38,4,6,70,70,70,248,248,5854.1,79.8,235.7,123.9,14.61,0.226566,0.785684,0.473825,0.489254,0.138458,0.68068,0.123,0.14,
0.38,4,7,70,70,70,223,223,6014.68,79.8,210.1,116.59,14.68,0.22765,0.837406,0.474685,0.457541,0.128851,0.68272,0.1252,0.14,
0.38,4,8,70,70,70,227,227,5385.87,79.8,217.2,125,14.09,0.231829,0.853945,0.481624,0.476151,0.112903,0.68935,0.1272,0.14,
0.38,4,9,70,70,70,241,241,5800.41,79.8,230.1,122.4,14.6,0.241653,0.729579,0.469773,0.481267,0.111837,0.68033,0.1263,0.14,
0.38,4.5,0,70,70,70,215,215,5915.65,79.8,206,118.35,15.46,0.184971,0.812965,0.466707,0.461096,0.153684,0.67366,0.12,0.14,
0.38,4.5,1,70,70,70,237,237,5453.07,79.8,227.2,125.04,14.52,0.198431,0.749038,0.448578,0.463109,0.130161,0.66243,0.1227,0.14,
0.38,4.5,2,70,70,70,249,249,5373.71,79.8,238.7,128.17,14.32,0.205987,0.870889,0.483575,0.468792,0.144876,0.68755,0.1249,0.14,
0.38,4.5,3,70,70,70,236,236,5469.73,79.8,228.2,123.56,14.32,0.18139,0.793333,0.47061,0.451066,0.140391,0.67849,0.1244,0.14,
0.38,4.5,4,70,70,70,223,223,6255.13,79.8,212,129.73,15.36,0.190498,0.796501,0.476456,0.479741,0.128486,0.68375,0.1244,0.14,
0.38,4.5,5,70,70,70,297,297,5378.63,79.8,286.4,131.82,14.28,0.219038,0.939636,0.467386,0.459147,0.146703,0.6757,0.1232,0.14,
0.38,4.5,6,70,70,70,298,298,5854.1,79.8,286,130.92,14.83,0.21543,0.785651,0.462229,0.454306,0.138797,0.67197,0.1213,0.14,
0.38,4.5,7,70,70,70,225,225,6014.68,79.8,215.1,122.95,14.62,0.231646,0.812437,0.470844,0.468489,0.130811,0.67946,0.1244,0.14,
0.38,4.5,8,70,70,70,245,245,5385.87,79.8,235.1,133.06,14.23,0.229473,0.912347,0.47886,0.470954,0.122438,0.68673,0.1266,0.14,
0.38,4.5,9,70,70,70,286,286,5800.41,79.8,275.1,128.92,14.74,0.189427,0.799598,0.468574,0.472771,0.116304,0.679,0.1258,0.14,
0.38,5,0,70,70,70,219,219,5915.65,79.8,209.4,124.38,15.72,0.174184,0.825687,0.464487,0.457934,0.155313,0.67179,0.1193,0.14,
0.38,5,1,70,70,70,240,240,5453.07,79.8,230.1,132.17,14.66,0.188622,0.756635,0.427235,0.432433,0.130869,0.64588,0.1201,0.14,
0.38,5,2,70,70,70,256,256,5373.71,79.8,246.2,135.41,14.48,0.217902,0.924582,0.474141,0.464389,0.153742,0.67978,0.1237,0.14,
0.38,5,3,70,70,70,300,300,5469.73,79.8,287.2,134.91,14.57,0.168368,0.907982,0.466742,0.444929,0.155438,0.67406,0.123,0.14,
0.38,5,4,70,70,70,227,227,6255.13,80.1,215.5,136.38,15.54,0.155828,0.953876,0.47236,0.456653,0.132655,0.68065,0.1241,0.14,
0.38,5,5,70,70,70,304,304,5378.63,79.8,294,140.15,14.57,0.212777,1.01377,0.464879,0.460587,0.16107,0.67234,0.1227,0.14,
0.38,5,6,70,70,70,303,303,5854.1,79.8,290.4,134.8,14.87,0.200463,0.815829,0.457457,0.439014,0.142097,0.66814,0.1207,0.14,
0.38,5,7,70,70,70,303,303,6014.68,79.8,290.1,130.14,14.88,0.234872,0.820974,0.467655,0.448296,0.138246,0.67639,0.1239,0.14,
0.38,5,8,70,70,70,257,257,5385.87,79.8,246,139.09,14.39,0.22821,1.02948,0.484241,0.465167,0.14344,0.68886,0.1265,0.14,
0.38,5,9,70,70,70,286,286,5800.41,79.8,275.1,137.68,14.89,0.157824,0.754917,0.445503,0.452626,0.119138,0.66109,0.1225,0.14,
0.38,5.5,0,70,70,70,228,228,5915.65,79.8,215.1,131.07,15.84,0.179878,0.837141,0.473503,0.457927,0.156675,0.67821,0.12,0.14,
0.38,5.5,1,70,70,70,245,245,5453.07,79.8,235.1,135.92,14.57,0.173011,0.74153,0.416223,0.411632,0.127328,0.63751,0.1184,0.14,
0.38,5.5,2,70,70,70,260,260,5373.71,79.8,250.3,139.29,14.52,0.228339,0.970054,0.486502,0.472626,0.156642,0.68854,0.1253,0.14,
0.38,5.5,3,70,70,70,304,304,5469.73,79.8,291.2,142.14,14.76,0.196084,0.920148,0.47581,0.439372,0.155841,0.68097,0.1238,0.14,
0.38,5.5,4,70,70,70,275,275,6255.13,83.3,265.1,143.47,15.65,0.160033,0.904671,0.466409,0.440802,0.137076,0.67561,0.1236,0.14,
0.38,5.5,5,70,70,70,311,311,5378.63,79.8,301,144.36,14.56,0.227739,0.909818,0.463119,0.448569,0.159382,0.67097,0.1224,0.14,
0.38,5.5,6,70,70,70,307,307,5854.1,79.8,294.5,144.48,15.13,0.226025,0.788952,0.460265,0.45218,0.13646,0.6709,0.1211,0.14,
0.38,5.5,7,70,70,70,308,308,6014.68,79.8,295.1,138.73,15.09,0.208814,0.820184,0.455454,0.4202,0.145751,0.66643,0.1219,0.14,
0.38,5.5,8,70,70,70,268,268,5385.87,79.8,259.6,149.04,14.47,0.213196,1.01936,0.461454,0.450959,0.128257,0.67322,0.1237,0.14,
0.38,5.5,9,70,70,70,288,288,5800.41,79.8,277.9,141,14.94,0.158379,0.759632,0.44634,0.441076,0.119526,0.66164,0.1229,0.14,
0.38,6,0,70,70,70,341,341,5915.65,79.8,330.1,140.71,16.15,0.171935,0.959681,0.473486,0.45505,0.160472,0.67813,0.1206,0.14,
0.38,6,1,70,70,70,249,249,5453.07,79.8,236.2,139.15,14.91,0.172869,0.766316,0.416759,0.404596,0.131892,0.63769,0.1183,0.14,
0.38,6,2,70,70,70,295,295,5373.71,80.9,285.1,145.39,14.85,0.221623,0.984623,0.472625,0.465586,0.150001,0.67913,0.1237,0.14,
0.38,6,3,70,70,70,308,308,5469.73,79.8,295.2,145.7,15.09,0.207036,0.930865,0.456491,0.423192,0.152801,0.66705,0.1216,0.14,
0.38,6,4,70,70,70,275,275,6255.13,79.8,265.1,150.31,16.05,0.166538,0.933025,0.458949,0.444573,0.141847,0.66948,0.122,0.14,
0.38,6,5,70,70,70,316,316,5378.63,79.8,306,151.03,15.02,0.222112,0.895342,0.447231,0.441269,0.152227,0.65931,0.1201,0.14,
0.38,6,6,70,70,70,311,311,5854.1,79.8,298.8,151.42,15.68,0.191317,0.797087,0.451658,0.447629,0.138643,0.66392,0.1198,0.14,
0.38,6,7,70,70,70,308,308,6014.68,79.8,295.1,146.02,15.58,0.202858,0.872652,0.453786,0.418421,0.153337,0.66426,0.1216,0.14,
0.38,6,8,70,70,70,298,298,5385.87,79.8,287.3,154.71,15.08,0.250351,1.005,0.4591,0.443595,0.128313,0.67168,0.1234,0.14,
0.38,6,9,70,70,70,291,291,5800.41,79.8,280.1,145.81,15.49,0.148246,0.798655,0.435084,0.411849,0.127667,0.65245,0.1211,0.14,
0.38,6.5,0,70,70,70,346,346,5915.65,79.8,335.4,150.03,16.44,0.173715,0.911774,0.465604,0.462273,0.157167,0.67229,0.1191,0.14,
0.38,6.5,1,70,70,70,263,263,5453.07,79.8,250.3,146.26,15.08,0.16178,0.767316,0.417511,0.404972,0.143365,0.63685,0.1171,0.14,
0.38,6.5,2,70,70,70,327,327,5373.71,79.8,316.1,152.47,14.97,0.172522,0.897643,0.461077,0.463574,0.142602,0.67073,0.122,0.14,
0.38,6.5,3,70,70,70,333,333,5469.73,79.8,320.1,157.39,15.22,0.210276,0.900488,0.432656,0.402121,0.14584,0.64926,0.1187,0.14,
0.38,6.5,4,70,70,70,280,280,6255.13,79.8,270.1,156.24,15.99,0.164076,0.954855,0.445701,0.440544,0.147936,0.65867,0.1199,0.14,
0.38,6.5,5,70,70,70,322,322,5378.63,79.8,311.2,157.45,15.05,0.194935,0.97205,0.451358,0.440502,0.163204,0.66111,0.1202,0.14,
0.38,6.5,6,70,70,70,328,328,5854.1,79.8,315.1,157.63,15.52,0.214774,0.794353,0.44065,0.439362,0.137717,0.65569,0.1187,0.14,
0.38,6.5,7,70,70,70,323,323,6014.68,79.8,312.3,155.23,15.45,0.177285,0.904455,0.438467,0.427105,0.150273,0.65256,0.1196,0.14,
0.38,6.5,8,70,70,70,372,372,5385.87,79.8,361.9,162.81,15.08,0.18697,0.833055,0.433999,0.408765,0.108887,0.65379,0.1204,0.14,
0.38,6.5,9,70,70,70,291,291,5800.41,79.8,280.1,150.56,15.21,0.130153,0.819369,0.430618,0.416774,0.130453,0.64841,0.1207,0.14,
0.38,7,0,70,70,70,350,350,5915.65,79.8,339.5,156.5,16.43,0.170849,0.867774,0.456333,0.441041,0.160955,0.66483,0.1175,0.14,
0.38,7,1,70,70,70,279,279,5453.07,79.8,269.6,154.16,15.18,0.157835,0.774482,0.402228,0.38803,0.143983,0.62437,0.1147,0.14,
0.38,7,2,70,70,70,329,329,5373.71,79.8,319,161.29,15.13,0.174947,0.842704,0.438312,0.425138,0.150683,0.65212,0.1182,0.14,
0.38,7,3,70,70,70,338,338,5469.73,79.8,325.1,163.19,15.27,0.194615,0.910201,0.415526,0.389761,0.14455,0.63596,0.1166,0.14,
0.38,7,4,70,70,70,280,280,6255.13,80.5,270.8,159.21,15.94,0.17729,0.971038,0.441454,0.407594,0.156209,0.65459,0.1189,0.14,
0.38,7,5,70,70,70,333,333,5378.63,81.9,322.9,166.52,15.1,0.195609,0.974161,0.451759,0.425801,0.167581,0.66071,0.1201,0.14,
0.38,7,6,70,70,70,333,333,5854.1,79.8,320.1,161.8,15.53,0.184797,0.831335,0.443796,0.454309,0.134354,0.65835,0.1192,0.14,
0.38,7,7,70,70,70,326,326,6014.68,79.8,315.1,158.71,15.61,0.154358,0.947321,0.436668,0.398108,0.164121,0.64955,0.1185,0.14,
0.38,7,8,70,70,70,377,377,5385.87,82.5,366.5,170.32,15.27,0.193663,0.81469,0.42839,0.420251,0.10852,0.64959,0.1197,0.14,
0.38,7,9,70,70,70,291,291,5800.41,79.8,280.1,155.86,15.28,0.127671,0.834295,0.435316,0.429104,0.141866,0.65062,0.1211,0.14,
0.39,3,0,70,70,70,187,187,5915.65,79.8,175.1,106.71,15.48,0.230798,0.773667,0.478373,0.49001,0.125405,0.68541,0.1231,0.14,
0.39,3,1,70,70,70,189,189,5453.07,79.8,176.6,111.37,14.34,0.213862,0.748361,0.461305,0.471105,0.120734,0.67312,0.1248,0.14,
0.39,3,2,70,70,70,205,205,5373.71,79.8,195.1,106.84,14.11,0.178134,0.852047,0.487592,0.484771,0.137727,0.69096,0.1263,0.14,
0.39,3,3,70,70,70,222,222,5469.73,79.8,209.7,108.35,14.19,0.238745,0.777492,0.495985,0.496913,0.131221,0.69801,0.1279,0.14,
0.39,3,4,70,70,70,186,186,6255.13,79.8,176.5,110.88,15.2,0.149499,0.811611,0.499989,0.500244,0.125167,0.7011,0.1278,0.14,
0.39,3,5,70,70,70,256,256,5378.63,79.8,245.1,112,14,0.267701,0.918992,0.495564,0.479632,0.122796,0.69868,0.1283,0.14,
0.39,3,6,70,70,70,221,221,5854.1,79.8,210.1,112.96,14.66,0.222403,0.748109,0.484304,0.492561,0.121785,0.69003,0.1259,0.14,
0.39,3,7,70,70,70,198,198,6014.68,79.8,185.1,105.5,14.73,0.229465,0.762056,0.489509,0.479375,0.118483,0.69445,0.1267,0.14,
0.39,3,8,70,70,70,218,218,5385.87,79.8,209,114.61,14.15,0.2146,0.80887,0.478646,0.470602,0.110766,0.68725,0.1268,0.14,
0.39,3,9,70,70,70,204,204,5800.41,79.8,193.8,113.97,14.58,0.255737,0.765542,0.470188,0.47607,0.10721,0.68108,0.1272,0.14,
0.39,3.5,0,70,70,70,206,206,5915.65,79.8,196.4,111.71,15.63,0.232639,0.790802,0.472635,0.472766,0.137583,0.67994,0.122,0.14,
0.39,3.5,1,70,70,70,192,192,5453.07,79.8,179.8,116.44,14.53,0.190514,0.749484,0.47136,0.480131,0.118674,0.68081,0.1261,0.14,
0.39,3.5,2,70,70,70,221,221,5373.71,79.8,210.1,116.36,14.19,0.183971,0.846035,0.494882,0.49522,0.140502,0.69593,0.1268,0.14,
0.39,3.5,3,70,70,70,226,226,5469.73,79.8,213.4,112.42,14.26,0.229268,0.828902,0.494167,0.486052,0.139736,0.69586,0.1275,0.14,
0.39,3.5,4,70,70,70,223,223,6255.13,79.8,210.1,119.92,15.36,0.137663,0.839685,0.500744,0.492793,0.126283,0.70159,0.1273,0.14,
0.39,3.5,5,70,70,70,261,261,5378.63,79.8,250.1,119.44,14.16,0.263407,0.986424,0.484203,0.470124,0.131597,0.68986,0.1267,0.14,
0.39,3.5,6,70,70,70,241,241,5854.1,79.8,228.3,119.3,14.78,0.230203,0.786916,0.492029,0.487931,0.121569,0.69589,0.1265,0.14,
0.39,3.5,7,70,70,70,221,221,6014.68,79.8,208.5,113.25,14.73,0.233097,0.808386,0.497561,0.481988,0.126842,0.69969,0.1276,0.14,
0.39,3.5,8,70,70,70,222,222,5385.87,79.8,212.3,122.68,14.3,0.23342,0.831042,0.486262,0.467881,0.112533,0.69277,0.1277,0.14,
0.39,3.5,9,70,70,70,208,208,5800.41,79.8,197.5,119.24,14.63,0.24892,0.783005,0.479795,0.485116,0.10648,0.68831,0.1284,0.14,
0.39,4,0,70,70,70,210,210,5915.65,79.8,200.3,116.97,15.88,0.219577,0.806951,0.482659,0.475018,0.143506,0.68683,0.1225,0.14,
0.39,4,1,70,70,70,235,235,5453.07,79.8,225.1,120.26,14.68,0.187088,0.762616,0.47832,0.491368,0.128953,0.68493,0.1267,0.14,
0.39,4,2,70,70,70,246,246,5373.71,79.8,235.8,124.88,14.4,0.198836,0.865217,0.495281,0.49158,0.139237,0.69662,0.1267,0.14,
0.39,4,3,70,70,70,233,233,5469.73,79.8,225.7,116.21,14.51,0.203383,0.772945,0.492646,0.48147,0.129882,0.69559,0.1276,0.14,
0.39,4,4,70,70,70,223,223,6255.13,79.8,210.1,126.18,15.64,0.145144,0.850814,0.497653,0.496222,0.125988,0.6994,0.1267,0.14,
0.39,4,5,70,70,70,294,294,5378.63,79.8,283.1,126.89,14.48,0.255214,0.934133,0.485317,0.476772,0.140463,0.68971,0.1259,0.14,
0.39,4,6,70,70,70,271,271,5854.1,79.8,260.4,126.09,14.97,0.235384,0.819238,0.480723,0.484766,0.140664,0.68569,0.1238,0.14,
0.39,4,7,70,70,70,224,224,6014.68,79.8,211.8,118.8,14.89,0.237027,0.804733,0.48751,0.474003,0.128983,0.69214,0.1266,0.14,
0.39,4,8,70,70,70,239,239,5385.87,79.8,227.8,130.91,14.53,0.239489,0.897378,0.486069,0.476283,0.116605,0.69243,0.1275,0.14,
0.39,4,9,70,70,70,241,241,5800.41,79.8,230.1,126.25,14.89,0.249953,0.763855,0.476809,0.489486,0.109843,0.68574,0.1275,0.14,
0.39,4.5,0,70,70,70,216,216,5915.65,79.8,206.5,121.32,15.65,0.191209,0.820734,0.476451,0.466259,0.151871,0.68126,0.1212,0.14,
0.39,4.5,1,70,70,70,240,240,5453.07,79.8,230.1,127.44,14.75,0.206505,0.756446,0.45012,0.480583,0.130815,0.66344,0.123,0.14,
0.39,4.5,2,70,70,70,251,251,5373.71,79.8,240.1,133.25,14.58,0.211164,0.915634,0.483402,0.464837,0.144779,0.68757,0.1251,0.14,
0.39,4.5,3,70,70,70,295,295,5469.73,79.8,282.6,130.19,14.91,0.188479,0.802648,0.4673,0.456793,0.142984,0.6758,0.1236,0.14,
0.39,4.5,4,70,70,70,224,224,6255.13,79.8,212.4,132.15,15.75,0.196892,0.833215,0.48852,0.490907,0.128739,0.69267,0.126,0.14,
0.39,4.5,5,70,70,70,298,298,5378.63,79.8,287.6,136.39,14.7,0.227358,0.988023,0.481627,0.477722,0.149233,0.68621,0.1253,0.14,
0.39,4.5,6,70,70,70,299,299,5854.1,79.8,286.6,133.21,15.14,0.222215,0.774288,0.463277,0.451248,0.135926,0.67318,0.1215,0.14,
0.39,4.5,7,70,70,70,303,303,6014.68,79.8,290.1,127.42,15.12,0.240914,0.727903,0.476737,0.480218,0.127744,0.68414,0.1255,0.14,
0.39,4.5,8,70,70,70,245,245,5385.87,79.8,235.1,137.55,14.58,0.239049,0.959429,0.486096,0.478124,0.119641,0.69223,0.1279,0.14,
0.39,4.5,9,70,70,70,286,286,5800.41,79.8,275.1,133.01,15.14,0.195489,0.701745,0.465654,0.475965,0.107872,0.67755,0.1259,0.14,
0.39,5,0,70,70,70,219,219,5915.65,79.8,209.8,126.6,15.91,0.181336,0.796144,0.473484,0.463497,0.153385,0.67882,0.1205,0.14,
0.39,5,1,70,70,70,244,244,5453.07,79.8,234.9,134.24,14.74,0.195225,0.748265,0.435773,0.441093,0.133233,0.65229,0.1212,0.14,
0.39,5,2,70,70,70,260,260,5373.71,79.8,250.3,139.65,14.63,0.227202,0.965441,0.480896,0.465705,0.150825,0.68519,0.1244,0.14,
0.39,5,3,70,70,70,300,300,5469.73,79.8,287.7,142.14,14.88,0.160556,0.819693,0.453947,0.433658,0.147151,0.66515,0.121,0.14,
0.39,5,4,70,70,70,228,228,6255.13,80.4,216,141.61,15.63,0.161029,0.941482,0.483356,0.471873,0.127568,0.68918,0.1253,0.14,
0.39,5,5,70,70,70,305,305,5378.63,79.8,294.6,142.63,14.74,0.219489,1.06713,0.482885,0.464412,0.16421,0.68567,0.1246,0.14,
0.39,5,6,70,70,70,303,303,5854.1,79.8,290.9,138.01,15.07,0.206721,0.857866,0.468644,0.445079,0.148548,0.67606,0.1216,0.14,
0.39,5,7,70,70,70,307,307,6014.68,79.8,294.9,134.92,15.16,0.214729,0.758745,0.47052,0.436117,0.138456,0.67848,0.1241,0.14,
0.39,5,8,70,70,70,266,266,5385.87,79.8,256.6,146.97,14.58,0.230423,1.01782,0.480857,0.472971,0.130992,0.68735,0.1262,0.14,
0.39,5,9,70,70,70,287,287,5800.41,79.8,277,140.09,15.05,0.164274,0.754407,0.452677,0.455039,0.11536,0.66692,0.1238,0.14,
0.39,5.5,0,70,70,70,341,341,5915.65,79.8,331,137.08,16.22,0.199015,0.801282,0.481123,0.466126,0.151025,0.68468,0.1213,0.14,
0.39,5.5,1,70,70,70,247,247,5453.07,79.8,235.1,139.64,15.05,0.168121,0.757883,0.431843,0.433816,0.132556,0.64923,0.1204,0.14,
0.39,5.5,2,70,70,70,284,284,5373.71,79.8,274.9,144.87,15.09,0.238975,0.996139,0.494662,0.472589,0.158762,0.69453,0.126,0.14,
0.39,5.5,3,70,70,70,304,304,5469.73,79.8,291.8,146.92,15.2,0.17446,0.938216,0.466267,0.439247,0.153072,0.67409,0.1224,0.14,
0.39,5.5,4,70,70,70,275,275,6255.13,85.1,265.1,147.69,16.08,0.165448,0.950148,0.477433,0.458864,0.143601,0.6832,0.1243,0.14,
0.39,5.5,5,70,70,70,313,313,5378.63,79.8,302.2,147.94,14.84,0.234218,0.953857,0.473073,0.460171,0.16407,0.67808,0.1233,0.14,
0.39,5.5,6,70,70,70,308,308,5854.1,79.8,295.1,148.36,15.39,0.223156,0.819304,0.475439,0.467619,0.141891,0.68169,0.1225,0.14,
0.39,5.5,7,70,70,70,308,308,6014.68,79.8,295.1,140.16,15.26,0.218146,0.829255,0.464663,0.43167,0.144814,0.67356,0.1233,0.14,
0.39,5.5,8,70,70,70,294,294,5385.87,79.8,283.2,152.33,14.95,0.222176,1.07784,0.466511,0.456588,0.134559,0.67654,0.1244,0.14,
0.39,5.5,9,70,70,70,291,291,5800.41,79.8,280.1,144.25,15.21,0.151275,0.793375,0.453673,0.449125,0.118656,0.66735,0.124,0.14,
0.39,6,0,70,70,70,346,346,5915.65,79.8,335.1,145.33,15.84,0.178387,1.01078,0.46781,0.444516,0.159949,0.67408,0.1199,0.14,
0.39,6,1,70,70,70,251,251,5453.07,79.8,240.7,143.72,14.89,0.177782,0.765187,0.431489,0.423844,0.135789,0.64891,0.12,0.14,
0.39,6,2,70,70,70,310,310,5373.71,81.3,300.1,149.96,14.86,0.230925,1.01519,0.48151,0.470144,0.156169,0.68509,0.1241,0.14,
0.39,6,3,70,70,70,333,333,5469.73,79.8,320.1,153.26,14.98,0.18063,0.894431,0.44692,0.421953,0.151657,0.65957,0.1203,0.14,
0.39,6,4,70,70,70,279,279,6255.13,79.8,269.1,153.59,15.72,0.164376,0.976135,0.468622,0.465584,0.142769,0.67677,0.1227,0.14,
0.39,6,5,70,70,70,317,317,5378.63,79.8,306.9,157.41,14.76,0.237236,1.00576,0.459678,0.44068,0.160618,0.66813,0.1215,0.14,
0.39,6,6,70,70,70,328,328,5854.1,79.8,315.1,154.49,15.25,0.187128,0.82926,0.459339,0.455922,0.13712,0.66997,0.121,0.14,
0.39,6,7,70,70,70,308,308,6014.68,79.8,295.1,148.11,15.26,0.21168,0.916704,0.45998,0.425525,0.148858,0.66961,0.1228,0.14,
0.39,6,8,70,70,70,357,357,5385.87,79.8,347.2,159.46,14.84,0.26107,1.04948,0.464137,0.449895,0.127427,0.67556,0.1239,0.14,
0.39,6,9,70,70,70,291,291,5800.41,79.8,280.1,148.46,15.09,0.141635,0.816114,0.448808,0.435915,0.126789,0.66296,0.1232,0.14,
0.39,6.5,0,70,70,70,347,347,5915.65,79.8,336.2,153.19,16.29,0.182567,0.982363,0.474405,0.453938,0.162748,0.67853,0.12,0.1399,
0.39,6.5,1,70,70,70,268,268,5453.07,79.8,258.7,151.06,15.1,0.168092,0.763398,0.422358,0.419219,0.14167,0.6409,0.1179,0.14,
0.39,6.5,2,70,70,70,327,327,5373.71,79.8,316.6,160.57,15.03,0.180433,0.93757,0.46099,0.437058,0.157869,0.66884,0.1209,0.14,
0.39,6.5,3,70,70,70,374,374,5469.73,79.8,360.1,164.83,15.24,0.198829,0.905959,0.42194,0.39245,0.147338,0.6407,0.117,0.14,
0.39,6.5,4,70,70,70,284,284,6255.13,79.9,274.9,160.2,15.89,0.176644,0.99245,0.454378,0.45151,0.147458,0.66553,0.1205,0.14,
0.39,6.5,5,70,70,70,329,329,5378.63,79.8,318.3,168.82,15.12,0.216617,0.855076,0.453133,0.431712,0.154289,0.66348,0.1207,0.14,
0.39,6.5,6,70,70,70,333,333,5854.1,79.8,320.1,161.77,15.46,0.210451,0.842074,0.450527,0.439893,0.143558,0.66276,0.1199,0.14,
0.39,6.5,7,70,70,70,326,326,6014.68,79.8,315.1,156.43,15.42,0.181381,0.962946,0.449593,0.41357,0.156208,0.66069,0.1211,0.14,
0.39,6.5,8,70,70,70,373,373,5385.87,79.8,362.9,167.67,14.96,0.195107,0.821879,0.450574,0.42649,0.111649,0.66623,0.1225,0.14,
0.39,6.5,9,70,70,70,292,292,5800.41,79.8,280.1,152.63,15.13,0.131905,0.838153,0.445456,0.435454,0.132502,0.65974,0.1227,0.14,
0.39,7,0,70,70,70,351,351,5915.65,79.8,340.1,158.2,16.33,0.177006,0.846459,0.462271,0.434626,0.163256,0.66933,0.1182,0.14,
0.39,7,1,70,70,70,293,293,5453.07,79.8,283.5,158.2,15.27,0.163588,0.770385,0.401844,0.392725,0.134276,0.62535,0.115,0.14,
0.39,7,2,70,70,70,358,358,5373.71,80.1,344.6,168.13,15.12,0.183189,0.751531,0.443083,0.433806,0.153819,0.65546,0.1185,0.14,
0.39,7,3,70,70,70,374,374,5469.73,79.8,360.1,168.12,15.38,0.166826,0.853942,0.415676,0.396586,0.137735,0.63662,0.1166,0.14,
0.39,7,4,70,70,70,360,360,6255.13,80.6,350.1,168.54,16.21,0.186783,1.00937,0.432497,0.415465,0.145892,0.64903,0.1172,0.14,
0.39,7,5,70,70,70,334,334,5378.63,82.2,323.6,173.24,15.15,0.205371,0.926706,0.458921,0.435451,0.166627,0.66646,0.1211,0.14,
0.39,7,6,70,70,70,338,338,5854.1,79.8,325.1,169.42,15.61,0.192512,0.863372,0.447315,0.440528,0.136733,0.66101,0.1195,0.14,
0.39,7,7,70,70,70,326,326,6014.68,79.8,315.1,162.86,15.54,0.157908,0.979716,0.438725,0.410794,0.162098,0.65168,0.1195,0.14,
0.39,7,8,70,70,70,378,378,5385.87,82.8,367.2,174.5,15.16,0.2025,0.849109,0.43321,0.43444,0.100157,0.65399,0.121,0.14,
0.39,7,9,70,70,70,293,293,5800.41,79.8,283,159.5,15.24,0.132222,0.750081,0.433927,0.425985,0.13266,0.65052,0.1211,0.14,
0.4,3,0,70,70,70,203,203,5915.65,79.8,193.9,109.31,15.48,0.239113,0.78054,0.484222,0.491543,0.130377,0.68937,0.1237,0.14,
0.4,3,1,70,70,70,189,189,5453.07,79.8,176.8,114.34,14.24,0.220352,0.732368,0.459556,0.459541,0.121484,0.67174,0.1243,0.14,
0.4,3,2,70,70,70,216,216,5373.71,79.8,205.1,111.24,14.05,0.185975,0.869324,0.498852,0.491219,0.138756,0.69917,0.1278,0.14,
0.4,3,3,70,70,70,223,223,5469.73,79.8,210.3,110.4,14.23,0.248687,0.797381,0.502196,0.488445,0.138456,0.70193,0.1285,0.14,
0.4,3,4,70,70,70,218,218,6255.13,79.8,205.1,116.42,15.19,0.154984,0.847616,0.503985,0.509155,0.121099,0.70435,0.1282,0.14,
0.4,3,5,70,70,70,260,260,5378.63,79.8,249.9,116.56,14.17,0.262647,0.965049,0.497789,0.480256,0.128297,0.69992,0.1283,0.14,
0.4,3,6,70,70,70,226,226,5854.1,79.8,215.1,115.38,14.56,0.230963,0.778853,0.489214,0.487016,0.12603,0.69334,0.1264,0.14,
0.4,3,7,70,70,70,200,200,6014.68,79.8,187.5,108.16,14.52,0.239097,0.778273,0.498523,0.491717,0.119919,0.70094,0.1279,0.14,
0.4,3,8,70,70,70,219,219,5385.87,79.8,209.3,117.07,13.98,0.223359,0.849275,0.492685,0.475332,0.114039,0.69731,0.1283,0.14,
0.4,3,9,70,70,70,205,205,5800.41,79.8,194.2,117.76,14.4,0.264167,0.731442,0.47176,0.482765,0.103532,0.68261,0.1273,0.14,
0.4,3.5,0,70,70,70,207,207,5915.65,79.8,197.1,113.33,15.39,0.240903,0.799306,0.48166,0.488145,0.13883,0.68656,0.1229,0.14,
0.4,3.5,1,70,70,70,193,193,5453.07,79.8,180.4,118.15,14.44,0.197605,0.731363,0.474536,0.479793,0.119044,0.68314,0.1264,0.14,
0.4,3.5,2,70,70,70,240,240,5373.71,79.8,230.1,121.1,14.15,0.192371,0.863366,0.500881,0.501585,0.13711,0.70074,0.1275,0.14,
0.4,3.5,3,70,70,70,227,227,5469.73,79.8,219.1,114.69,14.23,0.237502,0.795069,0.500829,0.490201,0.136135,0.70105,0.1285,0.14,
0.4,3.5,4,70,70,70,223,223,6255.13,79.8,210.1,124.32,15.31,0.141803,0.880293,0.505942,0.500778,0.126942,0.70537,0.1277,0.14,
0.4,3.5,5,70,70,70,285,285,5378.63,79.8,274.9,123.93,14.17,0.273143,0.913164,0.483808,0.473042,0.131391,0.68953,0.126,0.14,
0.4,3.5,6,70,70,70,241,241,5854.1,79.8,229,122.99,14.6,0.239133,0.819504,0.494881,0.495195,0.133313,0.69691,0.1261,0.14,
0.4,3.5,7,70,70,70,223,223,6014.68,79.8,210.1,115.15,14.64,0.242786,0.78686,0.505161,0.484884,0.125027,0.70539,0.1287,0.14,
0.4,3.5,8,70,70,70,223,223,5385.87,79.8,213.2,127.52,14.17,0.242249,0.871755,0.491126,0.475689,0.114821,0.69616,0.1283,0.14,
0.4,3.5,9,70,70,70,228,228,5800.41,79.8,217.8,124.01,14.65,0.257535,0.68191,0.48516,0.503867,0.103703,0.69232,0.1286,0.14,
0.4,4,0,70,70,70,210,210,5915.65,79.8,201,118.54,15.47,0.227926,0.799555,0.492036,0.493411,0.142637,0.69388,0.1236,0.14,
0.4,4,1,70,70,70,238,238,5453.07,79.8,228.5,124.38,14.67,0.193551,0.748258,0.486949,0.509357,0.133383,0.69081,0.1276,0.14,
0.4,4,2,70,70,70,251,251,5373.71,79.8,240.1,128.46,14.45,0.210715,0.881904,0.498802,0.495287,0.133614,0.6998,0.127,0.14,
0.4,4,3,70,70,70,234,234,5469.73,79.8,226.3,122.04,14.48,0.210394,0.807966,0.492021,0.477636,0.135209,0.69486,0.1272,0.14,
0.4,4,4,70,70,70,223,223,6255.13,79.8,210.1,130.72,15.4,0.152028,0.890522,0.508745,0.508535,0.1289,0.70723,0.1277,0.14,
0.4,4,5,70,70,70,295,295,5378.63,79.8,284.1,131.88,14.37,0.214458,0.980782,0.491451,0.474465,0.145679,0.69377,0.1262,0.14,
0.4,4,6,70,70,70,271,271,5854.1,79.8,260.9,128.39,14.8,0.244412,0.855962,0.488592,0.480473,0.14002,0.69159,0.1248,0.14,
0.4,4,7,70,70,70,303,303,6014.68,79.8,290.1,123.17,14.82,0.246597,0.847835,0.490981,0.487033,0.126243,0.69495,0.1273,0.14,
0.4,4,8,70,70,70,240,240,5385.87,79.8,228.4,132.82,14.34,0.249978,0.942031,0.496137,0.490546,0.117897,0.6996,0.1291,0.14,
0.4,4,9,70,70,70,286,286,5800.41,79.8,275.1,129.8,14.8,0.258529,0.80045,0.482049,0.491856,0.1104,0.68964,0.1283,0.14,
0.4,4.5,0,70,70,70,217,217,5915.65,79.8,207.1,124.56,15.6,0.197544,0.819832,0.479678,0.46447,0.149815,0.68407,0.1215,0.14,
0.4,4.5,1,70,70,70,242,242,5453.07,79.8,230.2,133.26,14.63,0.213204,0.75893,0.456359,0.484499,0.132093,0.66809,0.1236,0.14,
0.4,4.5,2,70,70,70,256,256,5373.71,79.8,246.8,137.57,14.57,0.217562,0.956103,0.491504,0.469974,0.150927,0.69303,0.1254,0.14,
0.4,4.5,3,70,70,70,296,296,5469.73,79.8,283.1,134.47,14.72,0.195338,0.822424,0.466816,0.450666,0.149711,0.67479,0.1231,0.14,
0.4,4.5,4,70,70,70,228,228,6255.13,79.8,215.1,136.75,15.53,0.164804,0.948395,0.491144,0.484868,0.131119,0.69444,0.1259,0.14,
0.4,4.5,5,70,70,70,299,299,5378.63,79.8,288.3,141.08,14.6,0.235897,1.03775,0.487437,0.462233,0.158142,0.68965,0.1254,0.14,
0.4,4.5,6,70,70,70,300,300,5854.1,79.8,287.2,135.76,14.99,0.228753,0.86967,0.479378,0.455938,0.142582,0.68469,0.1233,0.14,
0.4,4.5,7,70,70,70,304,304,6014.68,79.8,291.2,131.24,14.95,0.250553,0.810434,0.490906,0.46719,0.133538,0.69419,0.1269,0.14,
0.4,4.5,8,70,70,70,262,262,5385.87,79.8,253,142.53,14.52,0.257455,1.00773,0.495583,0.491684,0.120621,0.69908,0.1292,0.14,
0.4,4.5,9,70,70,70,286,286,5800.41,79.8,275.1,135.07,14.74,0.201828,0.734312,0.477252,0.4903,0.108534,0.68615,0.1276,0.14,
0.4,5,0,70,70,70,297,297,5915.65,79.8,285.1,130.78,15.74,0.189606,0.813028,0.486017,0.476472,0.153861,0.68816,0.122,0.14,
0.4,5,1,70,70,70,247,247,5453.07,79.8,235.1,138.1,14.63,0.201896,0.754829,0.450783,0.458762,0.133205,0.6639,0.1231,0.14,
0.4,5,2,70,70,70,310,310,5373.71,79.8,300.1,143.07,14.68,0.237229,0.989284,0.492535,0.473972,0.151391,0.69381,0.1256,0.14,
0.4,5,3,70,70,70,301,301,5469.73,79.8,288.2,143.01,14.76,0.165934,0.83964,0.470691,0.445508,0.148255,0.67772,0.1233,0.14,
0.4,5,4,70,70,70,228,228,6255.13,80.6,216.4,144.02,15.61,0.166636,0.949035,0.493579,0.484253,0.127285,0.69666,0.1266,0.14,
0.4,5,5,70,70,70,306,306,5378.63,79.8,295.3,145.47,14.64,0.226403,1.11316,0.48501,0.459206,0.162354,0.6874,0.1248,0.14,
0.4,5,6,70,70,70,304,304,5854.1,79.8,291.3,141.29,14.98,0.212504,0.900272,0.482199,0.456083,0.146071,0.68638,0.1234,0.14,
0.4,5,7,70,70,70,308,308,6014.68,79.8,295.1,137.66,15.04,0.224565,0.826148,0.476588,0.45673,0.135615,0.6834,0.1251,0.14,
0.4,5,8,70,70,70,290,290,5385.87,79.8,279.7,151.52,14.54,0.239084,1.06974,0.481721,0.47168,0.135066,0.68779,0.1267,0.14,
0.4,5,9,70,70,70,291,291,5800.41,79.8,280.1,141.98,14.97,0.15185,0.784043,0.464097,0.465309,0.117012,0.67533,0.1254,0.14,
0.4,5.5,0,70,70,70,346,346,5915.65,79.8,335.1,139.71,16.03,0.18415,0.822596,0.486236,0.473487,0.144366,0.68934,0.122,0.14,
0.4,5.5,1,70,70,70,247,247,5453.07,79.8,235.1,142.18,14.92,0.174655,0.74765,0.446596,0.439804,0.136632,0.66025,0.1224,0.14,
0.4,5.5,2,70,70,70,311,311,5373.71,79.8,302,148.67,14.83,0.228989,1.01226,0.50013,0.4799,0.155509,0.69894,0.1265,0.14,
0.4,5.5,3,70,70,70,369,369,5469.73,79.8,355.1,152.75,14.96,0.182799,0.886859,0.472137,0.45373,0.151185,0.67861,0.1232,0.14,
0.4,5.5,4,70,70,70,279,279,6255.13,85.1,269.5,149.13,15.8,0.177832,0.969316,0.486427,0.475819,0.139757,0.69032,0.1255,0.14,
0.4,5.5,5,70,70,70,314,314,5378.63,79.8,303.1,155.22,14.75,0.242378,1.07467,0.478055,0.452535,0.169555,0.68167,0.1235,0.14,
0.4,5.5,6,70,70,70,328,328,5854.1,79.8,315.1,150.3,15.26,0.208794,0.813342,0.481977,0.456542,0.145049,0.68615,0.1233,0.14,
0.4,5.5,7,70,70,70,308,308,6014.68,79.8,295.1,144.34,15.18,0.227556,0.836606,0.464665,0.434818,0.145187,0.67373,0.1236,0.14,
0.4,5.5,8,70,70,70,295,295,5385.87,79.8,284.4,154.57,14.71,0.272769,1.05227,0.475904,0.454674,0.132467,0.68378,0.1257,0.14,
0.4,5.5,9,70,70,70,291,291,5800.41,79.8,280.1,147.34,15.08,0.147485,0.811869,0.464771,0.460513,0.122566,0.67545,0.1255,0.14,
0.4,6,0,70,70,70,346,346,5915.65,79.8,335.1,148.65,16.22,0.188443,1.06348,0.481861,0.461433,0.160749,0.68467,0.1214,0.14,
0.4,6,1,70,70,70,254,254,5453.07,79.8,241.3,146.46,15.06,0.18323,0.738311,0.435941,0.437494,0.137471,0.65213,0.1208,0.14,
0.4,6,2,70,70,70,324,324,5373.71,81.6,313.2,153.42,14.8,0.188025,0.901303,0.482273,0.476734,0.154561,0.68554,0.1238,0.14,
0.4,6,3,70,70,70,374,374,5469.73,79.8,360.1,159.94,15.09,0.192144,0.83457,0.447879,0.427494,0.141981,0.66138,0.1205,0.14,
0.4,6,4,70,70,70,355,355,6255.13,79.8,345.1,158.93,15.83,0.177327,0.99154,0.468412,0.478977,0.13626,0.67741,0.1224,0.14,
0.4,6,5,70,70,70,318,318,5378.63,79.8,308,165.85,14.9,0.244772,0.948123,0.468041,0.440058,0.160712,0.67451,0.1221,0.14,
0.4,6,6,70,70,70,333,333,5854.1,79.8,320.1,158.05,15.32,0.19428,0.823997,0.468357,0.465542,0.138606,0.67671,0.1219,0.14,
0.4,6,7,70,70,70,326,326,6014.68,79.8,315.1,151.7,15.28,0.222602,0.960194,0.468061,0.431737,0.155316,0.6752,0.124,0.14,
0.4,6,8,70,70,70,357,357,5385.87,79.8,347.8,162.25,14.85,0.21799,1.04666,0.472216,0.447908,0.134388,0.68088,0.1249,0.14,
0.4,6,9,70,70,70,291,291,5800.41,79.8,280.1,152,15.16,0.138196,0.759935,0.45619,0.444838,0.122845,0.66893,0.1243,0.14,
0.4,6.5,0,70,70,70,347,347,5915.65,79.8,336.8,156.97,16.27,0.189078,1.01987,0.483269,0.463443,0.168103,0.68481,0.1208,0.14,
0.4,6.5,1,70,70,70,269,269,5453.07,79.8,259.3,153.74,14.92,0.169145,0.795427,0.428665,0.427515,0.14591,0.64538,0.119,0.14,
0.4,6.5,2,70,70,70,354,354,5373.71,80.1,340.3,163.16,15.06,0.188754,0.977826,0.467922,0.44861,0.166151,0.67325,0.1218,0.14,
0.4,6.5,3,70,70,70,374,374,5469.73,79.8,360.1,168.71,15.22,0.205309,0.868089,0.427729,0.404189,0.146955,0.64528,0.1177,0.14,
0.4,6.5,4,70,70,70,360,360,6255.13,80.1,350.1,166.69,16.15,0.184797,1.01105,0.448865,0.42913,0.14204,0.66197,0.1195,0.14,
0.4,6.5,5,70,70,70,330,330,5378.63,79.8,319.5,173.96,15.15,0.223381,0.863645,0.470347,0.45599,0.159981,0.67601,0.1226,0.14,
0.4,6.5,6,70,70,70,333,333,5854.1,79.8,320.1,164.92,15.47,0.218764,0.885927,0.465942,0.449983,0.147526,0.67416,0.1216,0.14,
0.4,6.5,7,70,70,70,326,326,6014.68,79.8,315.1,159.78,15.55,0.186041,0.978497,0.450983,0.417932,0.159534,0.6616,0.1211,0.14,
0.4,6.5,8,70,70,70,374,374,5385.87,79.8,363.9,169.59,15.09,0.20337,0.847424,0.461177,0.452492,0.114068,0.67407,0.124,0.14,
0.4,6.5,9,70,70,70,292,292,5800.41,79.8,280.1,159.51,15.33,0.136466,0.768157,0.4501,0.439706,0.1267,0.66384,0.1234,0.14,
0.4,7,0,70,70,70,351,351,5915.65,79.8,340.6,166.7,16.21,0.179881,0.867246,0.462187,0.434776,0.162078,0.6695,0.1184,0.14,
0.4,7,1,70,70,70,381,381,5453.07,79.8,371.9,165.05,15.27,0.169621,0.80667,0.408613,0.380931,0.136847,0.63074,0.1163,0.14,
0.4,7,2,70,70,70,359,359,5373.71,80.1,345.3,171.29,15.16,0.191411,0.820204,0.453075,0.446063,0.163453,0.66206,0.1198,0.14,
0.4,7,3,70,70,70,374,374,5469.73,79.8,360.1,171.37,15.33,0.17548,0.884267,0.420496,0.401382,0.139656,0.6403,0.117,0.14,
0.4,7,4,70,70,70,360,360,6255.13,80.8,350.1,172.96,16.02,0.196102,1.02815,0.443507,0.433638,0.142886,0.65789,0.1185,0.14,
0.4,7,5,70,70,70,335,335,5378.63,82.6,324.3,181.78,15.17,0.215028,0.975499,0.462199,0.445897,0.172558,0.66846,0.1211,0.14,
0.4,7,6,70,70,70,338,338,5854.1,79.8,325.1,175.96,15.52,0.20018,0.757038,0.45304,0.450889,0.139234,0.66508,0.1198,0.14,
0.4,7,7,70,70,70,326,326,6014.68,79.8,315.1,166.84,15.4,0.161168,0.986396,0.441195,0.414205,0.161375,0.65388,0.12,0.14,
0.4,7,8,70,70,70,378,378,5385.87,83.2,367.8,178.6,15.07,0.211691,0.857324,0.437092,0.442111,0.102571,0.65678,0.1214,0.14,
0.4,7,9,70,70,70,297,297,5800.41,79.8,285.1,165.64,15.21,0.13697,0.775459,0.438715,0.429122,0.130094,0.65466,0.1217,0.14,
