I_U,T_INT,seed,nodes_completed,sim_duration_s,total_survey_time_s,fleet_distance_m,conv_time_min_s,conv_time_max_s,conv_time_mean_s,wall_time_s,error
0.050,3.000,0,30,88.000,88.000,2176.440,15.000,49.700,20.230,4.160,
0.050,3.000,1,30,97.000,97.000,1883.990,15.000,63.800,25.520,4.030,
0.050,3.000,2,30,85.000,85.000,1872.900,15.000,44.400,22.200,3.960,
0.050,3.000,3,30,94.000,94.000,1884.770,15.000,45.200,23.400,4.000,
0.050,3.000,4,30,75.000,75.000,1825.070,15.000,40.400,20.850,4.010,
0.050,3.000,5,30,93.000,93.000,2095.620,15.000,59.300,24.000,4.200,
0.050,3.000,6,30,80.000,80.000,2014.210,15.000,46.400,22.240,4.130,
0.050,3.000,7,30,74.000,74.000,1866.550,15.000,65.100,21.050,3.890,
0.050,3.000,8,30,108.000,108.000,1677.280,15.000,53.300,22.390,3.950,
0.050,3.000,9,30,99.000,99.000,1987.310,15.000,42.600,21.940,4.260,
0.050,3.500,0,30,90.000,90.000,2176.440,17.500,52.000,22.160,4.310,
0.050,3.500,1,30,106.000,106.000,1876.490,17.500,69.700,29.550,4.080,
0.050,3.500,2,30,90.000,90.000,1940.520,17.500,52.800,22.950,4.090,
0.050,3.500,3,30,105.000,105.000,1936.050,17.500,49.000,28.450,4.200,
0.050,3.500,4,30,127.000,127.000,1853.390,17.500,70.300,25.450,4.070,
0.050,3.500,5,30,102.000,102.000,2091.270,17.500,65.200,28.560,4.260,
0.050,3.500,6,30,114.000,114.000,2027.290,17.500,66.300,28.390,4.200,
0.050,3.500,7,30,106.000,106.000,1823.890,17.500,73.500,28.740,3.960,
0.050,3.500,8,30,112.000,112.000,1666.280,17.500,57.500,25.500,4.050,
0.050,3.500,9,30,106.000,106.000,2003.440,17.500,46.800,25.540,4.290,
0.050,4.000,0,30,116.000,116.000,2183.250,20.000,59.200,27.100,4.340,
0.050,4.000,1,30,119.000,119.000,1873.190,20.000,80.900,32.820,4.160,
0.050,4.000,2,30,119.000,119.000,1944.710,20.000,65.400,26.410,4.170,
0.050,4.000,3,30,119.000,119.000,1892.900,20.000,60.400,31.600,4.260,
0.050,4.000,4,30,134.000,134.000,1830.120,20.000,76.700,29.900,4.110,
0.050,4.000,5,30,110.000,110.000,2094.500,20.000,70.700,32.130,4.330,
0.050,4.000,6,30,144.000,144.000,1977.370,20.000,79.000,32.070,4.180,
0.050,4.000,7,30,119.000,119.000,1933.880,20.000,80.300,30.410,4.160,
0.050,4.000,8,30,120.000,120.000,1694.860,20.000,59.600,26.270,4.090,
0.050,4.000,9,30,108.000,108.000,1999.770,20.000,45.800,28.560,4.360,
0.050,4.500,0,30,127.000,127.000,2159.170,22.500,63.700,28.790,4.390,
0.050,4.500,1,30,129.000,129.000,1865.200,22.500,87.200,35.550,4.260,
0.050,4.500,2,30,118.000,118.000,1953.500,22.500,61.900,29.000,4.210,
0.050,4.500,3,30,112.000,112.000,1881.570,22.500,70.600,34.240,4.260,
0.050,4.500,4,30,139.000,139.000,1833.260,22.500,80.400,34.660,4.210,
0.050,4.500,5,30,141.000,141.000,2086.320,22.500,73.700,41.960,4.260,
0.050,4.500,6,30,151.000,151.000,2003.600,22.500,87.100,37.610,4.390,
0.050,4.500,7,30,124.000,124.000,1934.030,22.500,91.000,34.410,4.250,
0.050,4.500,8,30,121.000,121.000,1713.350,22.500,60.700,29.190,4.210,
0.050,4.500,9,30,129.000,129.000,1989.790,22.500,75.500,30.630,4.410,
0.050,5.000,0,30,135.000,135.000,2177.790,25.000,68.900,33.590,4.430,
0.050,5.000,1,30,131.000,131.000,1857.580,25.000,86.500,39.900,4.320,
0.050,5.000,2,30,114.000,114.000,1932.940,25.000,60.200,33.650,4.250,
0.050,5.000,3,30,123.000,123.000,1888.380,25.000,72.500,38.700,4.340,
0.050,5.000,4,30,141.000,141.000,1833.260,25.000,81.500,37.050,4.180,
0.050,5.000,5,30,159.000,159.000,2086.320,25.000,80.600,45.420,4.470,
0.050,5.000,6,30,161.000,161.000,1968.650,25.000,91.500,40.620,4.430,
0.050,5.000,7,30,137.000,137.000,1888.260,25.000,95.600,39.300,4.160,
0.050,5.000,8,30,121.000,121.000,1696.280,25.000,58.600,32.340,4.150,
0.050,5.000,9,30,131.000,131.000,1987.440,25.000,78.900,34.660,4.330,
0.050,5.500,0,30,143.000,143.000,2136.460,27.500,70.500,37.660,4.440,
0.050,5.500,1,30,134.000,134.000,1860.990,27.500,92.600,43.170,4.290,
0.050,5.500,2,30,132.000,132.000,1977.610,27.500,72.500,37.080,4.300,
0.050,5.500,3,30,136.000,136.000,1888.490,27.500,84.300,43.430,4.390,
0.050,5.500,4,30,147.000,147.000,1846.430,27.500,86.900,41.180,4.360,
0.050,5.500,5,30,162.000,162.000,2086.320,27.500,87.800,47.600,4.560,
0.050,5.500,6,30,173.000,173.000,1984.990,27.500,99.200,44.160,4.470,
0.050,5.500,7,30,133.000,133.000,1858.840,27.500,100.100,44.200,4.270,
0.050,5.500,8,30,120.000,120.000,1717.510,27.500,92.900,35.900,4.360,
0.050,5.500,9,30,133.000,133.000,1987.430,27.500,79.900,36.830,4.420,
0.050,6.000,0,30,145.000,145.000,2126.360,30.000,73.700,38.540,4.480,
0.050,6.000,1,30,133.000,133.000,1871.460,30.000,98.600,44.670,4.330,
0.050,6.000,2,30,140.000,140.000,1904.210,30.000,76.000,41.000,4.300,
0.050,6.000,3,30,140.000,140.000,1902.430,30.000,87.200,45.480,4.440,
0.050,6.000,4,30,157.000,157.000,1859.270,30.000,94.900,44.680,4.390,
0.050,6.000,5,30,161.000,161.000,2099.160,30.000,100.000,50.310,4.560,
0.050,6.000,6,30,150.000,150.000,2019.920,30.000,100.400,45.550,4.480,
0.050,6.000,7,30,131.000,131.000,1848.560,30.000,105.000,46.340,4.290,
0.050,6.000,8,30,139.000,139.000,1650.190,30.000,99.700,43.280,4.330,
0.050,6.000,9,30,153.000,153.000,1929.880,30.000,82.700,44.010,4.450,
0.050,6.500,0,30,147.000,147.000,2142.840,32.500,79.000,41.310,4.520,
0.050,6.500,1,30,211.000,211.000,1865.870,32.500,120.200,53.190,4.350,
0.050,6.500,2,30,147.000,147.000,1911.860,32.500,84.500,43.460,4.390,
0.050,6.500,3,30,206.000,206.000,1899.460,32.500,122.800,53.870,4.530,
0.050,6.500,4,30,159.000,159.000,1865.510,32.500,93.400,47.970,4.460,
0.050,6.500,5,30,212.000,212.000,2134.460,32.500,108.100,54.760,4.670,
0.050,6.500,6,30,184.000,184.000,2013.270,32.500,104.200,51.030,4.500,
0.050,6.500,7,30,133.000,133.000,1871.540,32.500,109.300,48.690,4.320,
0.050,6.500,8,30,157.000,157.000,1618.140,32.500,105.500,48.240,4.320,
0.050,6.500,9,30,154.000,154.000,2054.340,32.500,86.300,48.160,4.530,
0.050,7.000,0,30,141.000,141.000,2098.020,35.000,84.200,43.700,4.500,
0.050,7.000,1,30,223.000,223.000,1880.100,35.000,130.300,54.690,4.420,
0.050,7.000,2,30,155.000,155.000,1911.860,35.000,82.300,46.670,4.390,
0.050,7.000,3,30,195.000,195.000,1899.460,35.000,128.100,56.560,4.640,
0.050,7.000,4,30,175.000,175.000,1880.810,35.000,108.300,52.780,4.530,
0.050,7.000,5,30,171.000,171.000,2148.490,35.000,110.200,55.280,4.670,
0.050,7.000,6,30,177.000,177.000,2060.430,35.000,135.200,56.240,4.620,
0.050,7.000,7,30,179.000,179.000,1871.540,35.000,116.100,51.440,4.380,
0.050,7.000,8,30,169.000,169.000,1611.190,35.000,109.900,51.950,4.270,
0.050,7.000,9,30,165.000,165.000,1981.180,35.000,91.900,52.660,4.450,
0.060,3.000,0,30,88.000,88.000,2176.440,15.000,49.700,20.230,4.780,
0.060,3.000,1,30,97.000,97.000,1883.990,15.000,63.800,25.520,4.540,
0.060,3.000,2,30,85.000,85.000,1872.900,15.000,44.400,22.200,4.470,
0.060,3.000,3,30,94.000,94.000,1884.770,15.000,45.200,23.400,4.450,
0.060,3.000,4,30,75.000,75.000,1825.070,15.000,40.400,20.850,4.500,
0.060,3.000,5,30,93.000,93.000,2095.620,15.000,59.300,24.000,4.710,
0.060,3.000,6,30,80.000,80.000,2014.210,15.000,46.400,22.240,4.650,
0.060,3.000,7,30,74.000,74.000,1866.550,15.000,65.100,21.050,4.330,
0.060,3.000,8,30,108.000,108.000,1677.280,15.000,53.300,22.390,4.370,
0.060,3.000,9,30,99.000,99.000,1987.310,15.000,42.600,21.940,4.690,
0.060,3.500,0,30,90.000,90.000,2176.440,17.500,52.000,22.160,4.690,
0.060,3.500,1,30,106.000,106.000,1876.490,17.500,69.700,29.550,4.490,
0.060,3.500,2,30,90.000,90.000,1940.520,17.500,52.800,22.950,4.510,
0.060,3.500,3,30,105.000,105.000,1936.050,17.500,49.000,28.450,4.540,
0.060,3.500,4,30,127.000,127.000,1853.390,17.500,70.300,25.450,4.460,
0.060,3.500,5,30,102.000,102.000,2091.270,17.500,65.200,28.560,4.670,
0.060,3.500,6,30,114.000,114.000,2027.290,17.500,66.300,28.390,4.550,
0.060,3.500,7,30,106.000,106.000,1823.890,17.500,73.500,28.740,4.300,
0.060,3.500,8,30,112.000,112.000,1666.280,17.500,57.500,25.500,4.370,
0.060,3.500,9,30,106.000,106.000,2003.440,17.500,46.800,25.540,4.580,
0.060,4.000,0,30,116.000,116.000,2183.250,20.000,59.200,27.100,4.690,
0.060,4.000,1,30,119.000,119.000,1873.190,20.000,80.900,32.820,4.520,
0.060,4.000,2,30,119.000,119.000,1944.710,20.000,65.400,26.410,4.450,
0.060,4.000,3,30,119.000,119.000,1892.900,20.000,60.400,31.600,4.570,
0.060,4.000,4,30,134.000,134.000,1830.120,20.000,76.700,29.900,4.460,
0.060,4.000,5,30,110.000,110.000,2094.500,20.000,70.700,32.130,4.630,
0.060,4.000,6,30,144.000,144.000,1977.370,20.000,79.000,32.070,4.530,
0.060,4.000,7,30,119.000,119.000,1933.880,20.000,80.300,30.410,4.450,
0.060,4.000,8,30,120.000,120.000,1694.860,20.000,59.600,26.270,4.360,
0.060,4.000,9,30,108.000,108.000,1999.770,20.000,45.800,28.560,4.640,
0.060,4.500,0,30,127.000,127.000,2159.170,22.500,63.700,28.790,4.700,
0.060,4.500,1,30,129.000,129.000,1865.200,22.500,87.200,35.550,4.500,
0.060,4.500,2,30,118.000,118.000,1953.500,22.500,61.900,29.000,4.470,
0.060,4.500,3,30,112.000,112.000,1881.570,22.500,70.600,34.240,4.580,
0.060,4.500,4,30,139.000,139.000,1833.260,22.500,80.400,34.660,4.400,
0.060,4.500,5,30,141.000,141.000,2086.320,22.500,73.700,41.960,4.560,
0.060,4.500,6,30,151.000,151.000,2003.600,22.500,87.100,37.610,4.600,
0.060,4.500,7,30,124.000,124.000,1934.030,22.500,91.000,34.410,4.410,
0.060,4.500,8,30,121.000,121.000,1713.350,22.500,60.700,29.190,4.460,
0.060,4.500,9,30,129.000,129.000,1989.790,22.500,75.500,30.630,4.580,
0.060,5.000,0,30,135.000,135.000,2177.790,25.000,68.900,33.590,4.660,
0.060,5.000,1,30,131.000,131.000,1857.580,25.000,86.500,39.900,4.550,
0.060,5.000,2,30,114.000,114.000,1932.940,25.000,60.200,33.650,4.510,
0.060,5.000,3,30,123.000,123.000,1888.380,25.000,72.500,38.700,4.570,
0.060,5.000,4,30,141.000,141.000,1833.260,25.000,81.500,37.050,4.410,
0.060,5.000,5,30,159.000,159.000,2086.320,25.000,80.600,45.420,4.720,
0.060,5.000,6,30,161.000,161.000,1968.650,25.000,91.500,40.620,4.610,
0.060,5.000,7,30,137.000,137.000,1888.260,25.000,95.600,39.300,4.370,
0.060,5.000,8,30,121.000,121.000,1696.280,25.000,58.600,32.340,4.370,
0.060,5.000,9,30,131.000,131.000,1987.440,25.000,78.900,34.660,4.550,
0.060,5.500,0,30,143.000,143.000,2136.460,27.500,70.500,37.660,4.620,
0.060,5.500,1,30,134.000,134.000,1860.990,27.500,92.600,43.170,4.500,
0.060,5.500,2,30,132.000,132.000,1977.610,27.500,72.500,37.080,4.530,
0.060,5.500,3,30,136.000,136.000,1888.490,27.500,84.300,43.430,4.570,
0.060,5.500,4,30,147.000,147.000,1846.430,27.500,86.900,41.180,4.520,
0.060,5.500,5,30,162.000,162.000,2086.320,27.500,87.800,47.600,4.720,
0.060,5.500,6,30,173.000,173.000,1984.990,27.500,99.200,44.160,4.590,
0.060,5.500,7,30,133.000,133.000,1858.840,27.500,100.100,44.200,4.410,
0.060,5.500,8,30,120.000,120.000,1717.510,27.500,92.900,35.900,4.500,
0.060,5.500,9,30,133.000,133.000,1987.430,27.500,79.900,36.830,4.540,
0.060,6.000,0,30,145.000,145.000,2126.360,30.000,73.700,38.540,4.610,
0.060,6.000,1,30,133.000,133.000,1871.460,30.000,98.600,44.670,4.520,
0.060,6.000,2,30,140.000,140.000,1904.210,30.000,76.000,41.000,4.480,
0.060,6.000,3,30,140.000,140.000,1902.430,30.000,87.200,45.480,4.620,
0.060,6.000,4,30,157.000,157.000,1859.270,30.000,94.900,44.680,4.550,
0.060,6.000,5,30,161.000,161.000,2099.160,30.000,100.000,50.310,4.740,
0.060,6.000,6,30,150.000,150.000,2019.920,30.000,100.400,45.550,4.630,
0.060,6.000,7,30,131.000,131.000,1848.560,30.000,105.000,46.340,4.430,
0.060,6.000,8,30,139.000,139.000,1650.190,30.000,99.700,43.280,4.470,
0.060,6.000,9,30,153.000,153.000,1929.880,30.000,82.700,44.010,4.630,
0.060,6.500,0,30,147.000,147.000,2142.840,32.500,79.000,41.310,4.670,
0.060,6.500,1,30,211.000,211.000,1865.870,32.500,120.200,53.190,4.490,
0.060,6.500,2,30,147.000,147.000,1911.860,32.500,84.500,43.460,4.460,
0.060,6.500,3,30,206.000,206.000,1899.460,32.500,122.800,53.870,4.680,
0.060,6.500,4,30,159.000,159.000,1865.510,32.500,93.400,47.970,4.540,
0.060,6.500,5,30,212.000,212.000,2134.460,32.500,108.100,54.760,4.810,
0.060,6.500,6,30,184.000,184.000,2013.270,32.500,104.200,51.030,4.640,
0.060,6.500,7,30,133.000,133.000,1871.540,32.500,109.300,48.690,4.500,
0.060,6.500,8,30,157.000,157.000,1618.140,32.500,105.500,48.240,4.440,
0.060,6.500,9,30,154.000,154.000,2054.340,32.500,86.300,48.160,4.660,
0.060,7.000,0,30,141.000,141.000,2098.020,35.000,84.200,43.700,4.610,
0.060,7.000,1,30,223.000,223.000,1880.100,35.000,130.300,54.690,4.560,
0.060,7.000,2,30,155.000,155.000,1911.860,35.000,82.300,46.670,4.550,
0.060,7.000,3,30,195.000,195.000,1899.460,35.000,128.100,56.560,4.780,
0.060,7.000,4,30,175.000,175.000,1880.810,35.000,108.300,52.780,4.620,
0.060,7.000,5,30,171.000,171.000,2148.490,35.000,110.200,55.280,4.820,
0.060,7.000,6,30,177.000,177.000,2060.430,35.000,135.200,56.240,4.750,
0.060,7.000,7,30,179.000,179.000,1871.540,35.000,116.100,51.440,4.520,
0.060,7.000,8,30,169.000,169.000,1611.190,35.000,109.900,51.950,4.380,
0.060,7.000,9,30,165.000,165.000,1981.180,35.000,91.900,52.660,4.610,
0.070,3.000,0,30,88.000,88.000,2176.440,15.000,49.700,20.230,4.790,
0.070,3.000,1,30,100.000,100.000,1883.990,15.000,66.100,26.150,4.540,
0.070,3.000,2,30,85.000,85.000,1872.900,15.000,44.400,22.200,4.500,
0.070,3.000,3,30,94.000,94.000,1884.770,15.000,45.200,23.400,4.590,
0.070,3.000,4,30,75.000,75.000,1825.070,15.000,40.400,20.850,4.550,
0.070,3.000,5,30,93.000,93.000,2095.620,15.000,59.300,24.090,4.750,
0.070,3.000,6,30,80.000,80.000,2014.210,15.000,46.400,22.240,4.690,
0.070,3.000,7,30,76.000,76.000,1866.550,15.000,68.000,21.150,4.400,
0.070,3.000,8,30,108.000,108.000,1677.280,15.000,53.300,22.390,4.400,
0.070,3.000,9,30,99.000,99.000,1987.310,15.000,42.600,21.940,4.860,
0.070,3.500,0,30,90.000,90.000,2176.440,17.500,52.000,22.160,4.850,
0.070,3.500,1,30,106.000,106.000,1876.490,17.500,69.700,29.550,4.680,
0.070,3.500,2,30,90.000,90.000,1940.520,17.500,52.800,22.950,4.650,
0.070,3.500,3,30,105.000,105.000,1936.050,17.500,49.000,28.450,4.860,
0.070,3.500,4,30,128.000,128.000,1853.390,17.500,71.500,25.490,4.670,
0.070,3.500,5,30,102.000,102.000,2091.270,17.500,65.200,28.560,4.900,
0.070,3.500,6,30,128.000,128.000,2027.290,17.500,91.800,29.460,4.770,
0.070,3.500,7,30,106.000,106.000,1823.890,17.500,75.700,28.810,4.500,
0.070,3.500,8,30,112.000,112.000,1666.280,17.500,57.500,25.500,4.560,
0.070,3.500,9,30,106.000,106.000,2003.440,17.500,46.800,25.540,4.760,
0.070,4.000,0,30,116.000,116.000,2183.250,20.000,59.200,27.100,4.890,
0.070,4.000,1,30,120.000,120.000,1873.190,20.000,81.200,32.830,4.630,
0.070,4.000,2,30,119.000,119.000,1944.710,20.000,65.400,26.410,4.640,
0.070,4.000,3,30,119.000,119.000,1892.900,20.000,60.400,31.600,4.730,
0.070,4.000,4,30,135.000,135.000,1830.120,20.000,77.500,29.920,4.610,
0.070,4.000,5,30,110.000,110.000,2094.500,20.000,70.700,32.130,4.750,
0.070,4.000,6,30,146.000,146.000,1977.370,20.000,80.200,32.110,4.670,
0.070,4.000,7,30,119.000,119.000,1933.880,20.000,80.900,30.430,4.580,
0.070,4.000,8,30,120.000,120.000,1694.860,20.000,59.600,26.270,4.530,
0.070,4.000,9,30,108.000,108.000,1999.770,20.000,45.800,28.560,4.770,
0.070,4.500,0,30,127.000,127.000,2159.170,22.500,63.700,28.790,4.840,
0.070,4.500,1,30,129.000,129.000,1865.200,22.500,87.200,35.550,4.640,
0.070,4.500,2,30,118.000,118.000,1953.500,22.500,61.900,29.000,4.640,
0.070,4.500,3,30,112.000,112.000,1881.570,22.500,70.600,34.240,4.730,
0.070,4.500,4,30,139.000,139.000,1833.260,22.500,80.400,34.660,4.530,
0.070,4.500,5,30,141.000,141.000,2086.320,22.500,73.700,41.960,4.740,
0.070,4.500,6,30,151.000,151.000,2003.600,22.500,87.100,37.610,4.710,
0.070,4.500,7,30,124.000,124.000,1934.030,22.500,91.000,34.410,4.560,
0.070,4.500,8,30,121.000,121.000,1713.350,22.500,60.700,29.190,4.620,
0.070,4.500,9,30,129.000,129.000,1989.790,22.500,75.500,30.630,4.730,
0.070,5.000,0,30,135.000,135.000,2177.790,25.000,68.900,33.590,4.800,
0.070,5.000,1,30,131.000,131.000,1857.580,25.000,86.500,39.900,4.650,
0.070,5.000,2,30,114.000,114.000,1932.940,25.000,60.200,33.650,4.610,
0.070,5.000,3,30,123.000,123.000,1888.380,25.000,72.500,38.700,4.720,
0.070,5.000,4,30,141.000,141.000,1833.260,25.000,81.500,37.050,4.520,
0.070,5.000,5,30,159.000,159.000,2086.320,25.000,80.600,45.420,4.880,
0.070,5.000,6,30,161.000,161.000,1968.650,25.000,91.500,40.620,4.710,
0.070,5.000,7,30,137.000,137.000,1888.260,25.000,95.600,39.300,4.570,
0.070,5.000,8,30,121.000,121.000,1696.280,25.000,58.600,32.340,4.480,
0.070,5.000,9,30,131.000,131.000,1987.440,25.000,78.900,34.660,4.700,
0.070,5.500,0,30,143.000,143.000,2136.460,27.500,70.500,37.660,4.830,
0.070,5.500,1,30,134.000,134.000,1860.990,27.500,92.600,43.170,4.670,
0.070,5.500,2,30,132.000,132.000,1977.610,27.500,72.500,37.080,4.680,
0.070,5.500,3,30,136.000,136.000,1888.490,27.500,84.300,43.430,4.770,
0.070,5.500,4,30,147.000,147.000,1846.430,27.500,86.900,41.180,4.820,
0.070,5.500,5,30,162.000,162.000,2086.320,27.500,87.800,47.600,4.990,
0.070,5.500,6,30,173.000,173.000,1984.990,27.500,99.200,44.160,4.990,
0.070,5.500,7,30,133.000,133.000,1858.840,27.500,100.100,44.200,4.670,
0.070,5.500,8,30,120.000,120.000,1717.510,27.500,92.900,35.900,4.810,
0.070,5.500,9,30,133.000,133.000,1987.430,27.500,79.900,36.830,4.860,
0.070,6.000,0,30,145.000,145.000,2126.360,30.000,73.700,38.540,4.950,
0.070,6.000,1,30,133.000,133.000,1871.460,30.000,98.600,44.670,4.870,
0.070,6.000,2,30,140.000,140.000,1904.210,30.000,76.000,41.000,4.820,
0.070,6.000,3,30,140.000,140.000,1902.430,30.000,87.200,45.480,5.120,
0.070,6.000,4,30,157.000,157.000,1859.270,30.000,94.900,44.680,5.060,
0.070,6.000,5,30,161.000,161.000,2099.160,30.000,100.000,50.310,5.180,
0.070,6.000,6,30,150.000,150.000,2019.920,30.000,100.400,45.550,5.040,
0.070,6.000,7,30,131.000,131.000,1848.560,30.000,105.000,46.340,4.760,
0.070,6.000,8,30,139.000,139.000,1650.190,30.000,99.700,43.280,4.820,
0.070,6.000,9,30,153.000,153.000,1929.880,30.000,82.700,44.010,5.010,
0.070,6.500,0,30,147.000,147.000,2142.840,32.500,79.000,41.310,5.100,
0.070,6.500,1,30,211.000,211.000,1865.870,32.500,120.200,53.190,4.870,
0.070,6.500,2,30,147.000,147.000,1911.860,32.500,84.500,43.460,4.750,
0.070,6.500,3,30,206.000,206.000,1899.460,32.500,122.800,53.880,4.860,
0.070,6.500,4,30,159.000,159.000,1865.510,32.500,93.400,47.970,4.680,
0.070,6.500,5,30,212.000,212.000,2134.460,32.500,108.100,54.760,5.070,
0.070,6.500,6,30,184.000,184.000,2013.270,32.500,104.200,51.030,4.930,
0.070,6.500,7,30,133.000,133.000,1871.540,32.500,109.300,48.690,4.720,
0.070,6.500,8,30,157.000,157.000,1618.140,32.500,105.500,48.240,4.670,
0.070,6.500,9,30,154.000,154.000,2054.340,32.500,86.300,48.160,4.890,
0.070,7.000,0,30,141.000,141.000,2098.020,35.000,84.200,43.700,4.860,
0.070,7.000,1,30,223.000,223.000,1880.100,35.000,130.300,54.690,4.790,
0.070,7.000,2,30,155.000,155.000,1911.860,35.000,82.300,46.670,4.750,
0.070,7.000,3,30,195.000,195.000,1899.460,35.000,128.100,56.560,5.010,
0.070,7.000,4,30,175.000,175.000,1880.810,35.000,108.300,52.780,4.880,
0.070,7.000,5,30,171.000,171.000,2148.490,35.000,110.200,55.280,5.070,
0.070,7.000,6,30,177.000,177.000,2060.430,35.000,135.800,56.260,5.020,
0.070,7.000,7,30,179.000,179.000,1871.540,35.000,116.100,51.440,4.750,
0.070,7.000,8,30,169.000,169.000,1611.190,35.000,109.900,51.950,4.620,
0.070,7.000,9,30,165.000,165.000,1981.180,35.000,91.900,52.660,4.890,
0.080,3.000,0,30,88.000,88.000,2176.440,15.000,49.700,20.230,4.960,
0.080,3.000,1,30,107.000,107.000,1869.260,15.000,73.600,27.600,4.730,
0.080,3.000,2,30,85.000,85.000,1872.900,15.000,44.400,22.200,4.720,
0.080,3.000,3,30,94.000,94.000,1884.770,15.000,45.200,23.400,4.690,
0.080,3.000,4,30,75.000,75.000,1825.070,15.000,40.400,20.850,4.660,
0.080,3.000,5,30,103.000,103.000,2095.620,15.000,65.300,24.800,4.970,
0.080,3.000,6,30,127.000,127.000,2014.210,15.000,93.400,23.800,4.820,
0.080,3.000,7,30,86.000,86.000,1866.550,15.000,78.000,21.480,4.540,
0.080,3.000,8,30,108.000,108.000,1677.280,15.000,53.300,22.390,4.500,
0.080,3.000,9,30,99.000,99.000,1987.310,15.000,42.600,21.940,4.850,
0.080,3.500,0,30,90.000,90.000,2176.440,17.500,52.000,22.160,4.840,
0.080,3.500,1,30,116.000,116.000,1876.490,17.500,80.000,30.270,4.690,
0.080,3.500,2,30,90.000,90.000,1940.520,17.500,52.800,22.950,4.620,
0.080,3.500,3,30,105.000,105.000,1936.050,17.500,49.000,28.450,4.830,
0.080,3.500,4,30,135.000,135.000,1853.390,17.500,78.500,25.720,4.650,
0.080,3.500,5,30,111.000,111.000,2091.270,17.500,71.300,29.170,4.880,
0.080,3.500,6,30,142.000,142.000,2027.290,17.500,105.300,30.100,4.780,
0.080,3.500,7,30,106.000,106.000,1823.890,17.500,90.100,29.290,4.500,
0.080,3.500,8,30,112.000,112.000,1666.280,17.500,57.500,25.500,4.900,
0.080,3.500,9,30,106.000,106.000,2003.440,17.500,46.800,25.540,5.130,
0.080,4.000,0,30,116.000,116.000,2183.250,20.000,60.600,27.150,5.280,
0.080,4.000,1,30,129.000,129.000,1873.190,20.000,90.100,33.530,5.020,
0.080,4.000,2,30,122.000,122.000,1944.710,20.000,68.500,26.510,5.050,
0.080,4.000,3,30,119.000,119.000,1892.900,20.000,67.100,31.830,5.100,
0.080,4.000,4,30,144.000,144.000,1830.120,20.000,86.300,30.220,4.970,
0.080,4.000,5,30,116.000,116.000,2094.500,20.000,75.200,32.460,5.150,
0.080,4.000,6,30,157.000,157.000,1977.370,20.000,91.300,32.760,5.080,
0.080,4.000,7,30,119.000,119.000,1933.880,20.000,95.200,30.910,4.800,
0.080,4.000,8,30,120.000,120.000,1694.860,20.000,59.600,26.270,4.710,
0.080,4.000,9,30,108.000,108.000,1999.770,20.000,45.800,28.560,5.020,
0.080,4.500,0,30,127.000,127.000,2159.170,22.500,63.700,28.790,5.070,
0.080,4.500,1,30,135.000,135.000,1865.200,22.500,93.900,36.410,4.880,
0.080,4.500,2,30,118.000,118.000,1953.500,22.500,61.900,29.000,4.870,
0.080,4.500,3,30,115.000,115.000,1881.570,22.500,73.400,34.330,4.930,
0.080,4.500,4,30,147.000,147.000,1833.260,22.500,88.300,34.920,4.750,
0.080,4.500,5,30,160.000,160.000,2086.320,22.500,84.500,43.130,4.960,
0.080,4.500,6,30,157.000,157.000,2003.600,22.500,93.600,38.010,4.780,
0.080,4.500,7,30,124.000,124.000,1934.030,22.500,99.600,34.690,4.650,
0.080,4.500,8,30,121.000,121.000,1713.350,22.500,60.700,29.190,4.650,
0.080,4.500,9,30,129.000,129.000,1989.790,22.500,75.500,30.630,4.790,
0.080,5.000,0,30,135.000,135.000,2177.790,25.000,68.900,33.590,4.880,
0.080,5.000,1,30,132.000,132.000,1857.580,25.000,93.700,40.580,4.710,
0.080,5.000,2,30,114.000,114.000,1932.940,25.000,60.200,33.650,4.710,
0.080,5.000,3,30,134.000,134.000,1888.380,25.000,83.500,39.070,4.800,
0.080,5.000,4,30,146.000,146.000,1833.260,25.000,86.400,37.210,4.530,
0.080,5.000,5,30,169.000,169.000,2086.320,25.000,90.400,45.790,4.900,
0.080,5.000,6,30,166.000,166.000,1968.650,25.000,96.700,40.930,4.760,
0.080,5.000,7,30,137.000,137.000,1888.260,25.000,104.300,39.590,4.540,
0.080,5.000,8,30,121.000,121.000,1696.280,25.000,58.600,32.340,4.470,
0.080,5.000,9,30,131.000,131.000,1987.440,25.000,78.900,34.660,4.720,
0.080,5.500,0,30,143.000,143.000,2136.460,27.500,70.500,37.660,4.790,
0.080,5.500,1,30,134.000,134.000,1860.990,27.500,99.800,43.460,4.650,
0.080,5.500,2,30,132.000,132.000,1977.610,27.500,72.500,37.080,4.660,
0.080,5.500,3,30,139.000,139.000,1888.490,27.500,87.300,43.600,4.740,
0.080,5.500,4,30,156.000,156.000,1846.430,27.500,95.800,41.600,4.660,
0.080,5.500,5,30,171.000,171.000,2086.320,27.500,89.700,46.510,4.890,
0.080,5.500,6,30,197.000,197.000,1984.990,27.500,123.600,45.090,4.810,
0.080,5.500,7,30,133.000,133.000,1858.840,27.500,108.200,44.470,4.640,
0.080,5.500,8,30,120.000,120.000,1717.510,27.500,97.600,36.050,4.710,
0.080,5.500,9,30,133.000,133.000,1987.430,27.500,79.900,36.830,4.710,
0.080,6.000,0,30,145.000,145.000,2126.360,30.000,73.700,38.540,4.820,
0.080,6.000,1,30,133.000,133.000,1871.460,30.000,105.500,44.910,4.720,
0.080,6.000,2,30,140.000,140.000,1904.210,30.000,76.000,41.000,4.640,
0.080,6.000,3,30,149.000,149.000,1902.430,30.000,96.700,45.800,4.800,
0.080,6.000,4,30,172.000,172.000,1859.270,30.000,109.700,45.310,4.730,
0.080,6.000,5,30,168.000,168.000,2099.160,30.000,104.500,50.690,4.890,
0.080,6.000,6,30,150.000,150.000,2019.920,30.000,102.000,45.600,4.860,
0.080,6.000,7,30,131.000,131.000,1848.560,30.000,112.000,46.580,4.590,
0.080,6.000,8,30,147.000,147.000,1650.190,30.000,102.500,43.660,4.680,
0.080,6.000,9,30,153.000,153.000,1929.880,30.000,82.700,44.010,4.800,
0.080,6.500,0,30,147.000,147.000,2142.840,32.500,79.000,41.310,4.900,
0.080,6.500,1,30,222.000,222.000,1865.870,32.500,131.200,54.030,4.670,
0.080,6.500,2,30,147.000,147.000,1911.860,32.500,84.500,43.460,4.910,
0.080,6.500,3,30,219.000,219.000,1899.460,32.500,127.700,54.730,4.990,
0.080,6.500,4,30,172.000,172.000,1865.510,32.500,106.300,48.450,4.860,
0.080,6.500,5,30,212.000,212.000,2134.460,32.500,108.600,54.890,5.130,
0.080,6.500,6,30,184.000,184.000,2013.270,32.500,145.700,53.380,4.990,
0.080,6.500,7,30,133.000,133.000,1871.540,32.500,117.400,48.960,4.830,
0.080,6.500,8,30,157.000,157.000,1618.140,32.500,106.700,48.480,4.770,
0.080,6.500,9,30,154.000,154.000,2054.340,32.500,86.300,48.160,4.980,
0.080,7.000,0,30,141.000,141.000,2098.020,35.000,84.200,43.700,4.960,
0.080,7.000,1,30,228.000,228.000,1880.100,35.000,136.000,55.530,4.680,
0.080,7.000,2,30,155.000,155.000,1911.860,35.000,82.300,46.670,4.630,
0.080,7.000,3,30,195.000,195.000,1899.460,35.000,133.700,56.940,4.910,
0.080,7.000,4,30,181.000,181.000,1880.810,35.000,114.300,52.980,4.760,
0.080,7.000,5,30,171.000,171.000,2148.490,35.000,115.600,56.080,4.990,
0.080,7.000,6,30,177.000,177.000,2060.430,35.000,150.700,56.760,4.880,
0.080,7.000,7,30,180.000,180.000,1871.540,35.000,121.500,51.750,4.650,
0.080,7.000,8,30,169.000,169.000,1611.190,35.000,120.100,52.440,4.490,
0.080,7.000,9,30,165.000,165.000,1981.180,35.000,91.900,52.660,4.720,
0.090,3.000,0,30,94.000,94.000,2156.350,15.000,59.100,21.370,4.910,
0.090,3.000,1,30,117.000,117.000,1851.040,15.000,83.900,29.830,4.650,
0.090,3.000,2,30,92.000,92.000,1872.900,15.000,56.700,22.990,4.650,
0.090,3.000,3,30,106.000,106.000,1903.000,15.000,67.700,25.990,4.730,
0.090,3.000,4,30,92.000,92.000,1825.070,15.000,58.000,21.650,4.700,
0.090,3.000,5,30,113.000,113.000,2095.620,15.000,75.400,25.600,4.930,
0.090,3.000,6,30,140.000,140.000,1925.100,15.000,106.300,26.210,4.730,
0.090,3.000,7,30,100.000,100.000,1858.000,15.000,91.900,22.680,4.540,
0.090,3.000,8,30,111.000,111.000,1677.280,15.000,56.800,22.920,4.530,
0.090,3.000,9,30,101.000,101.000,1987.310,15.000,44.500,22.000,4.920,
0.090,3.500,0,30,99.000,99.000,2100.150,17.500,63.200,23.160,4.840,
0.090,3.500,1,30,127.000,127.000,1847.150,17.500,90.100,32.510,4.640,
0.090,3.500,2,30,116.000,116.000,1872.980,17.500,67.500,24.490,4.620,
0.090,3.500,3,30,119.000,119.000,1914.840,17.500,72.000,30.440,4.790,
0.090,3.500,4,30,143.000,143.000,1853.390,17.500,86.100,26.080,4.660,
0.090,3.500,5,30,118.000,118.000,2091.270,17.500,78.500,30.750,4.870,
0.090,3.500,6,30,155.000,155.000,1966.830,17.500,118.400,31.480,4.780,
0.090,3.500,7,30,121.000,121.000,1823.890,17.500,98.000,30.400,4.530,
0.090,3.500,8,30,114.000,114.000,1666.280,17.500,59.200,25.680,4.600,
0.090,3.500,9,30,109.000,109.000,2003.440,17.500,49.400,25.630,4.840,
0.090,4.000,0,30,116.000,116.000,2183.250,20.000,66.700,27.350,4.920,
0.090,4.000,1,30,137.000,137.000,1841.320,20.000,99.000,35.190,4.660,
0.090,4.000,2,30,129.000,129.000,1944.710,20.000,75.300,26.780,4.670,
0.090,4.000,3,30,120.000,120.000,1892.900,20.000,74.700,32.270,4.820,
0.090,4.000,4,30,155.000,155.000,1766.980,20.000,97.600,31.290,4.660,
0.090,4.000,5,30,123.000,123.000,2094.500,20.000,86.900,33.590,4.870,
0.090,4.000,6,30,165.000,165.000,1977.370,20.000,100.000,33.730,4.800,
0.090,4.000,7,30,124.000,124.000,1933.880,20.000,104.100,31.600,4.710,
0.090,4.000,8,30,120.000,120.000,1694.860,20.000,59.600,26.270,4.680,
0.090,4.000,9,30,108.000,108.000,1999.770,20.000,45.800,28.570,4.920,
0.090,4.500,0,30,127.000,127.000,2159.170,22.500,69.700,28.990,4.990,
0.090,4.500,1,30,146.000,146.000,1865.200,22.500,104.700,37.880,4.820,
0.090,4.500,2,30,123.000,123.000,1953.500,22.500,66.800,29.160,4.800,
0.090,4.500,3,30,124.000,124.000,1902.350,22.500,82.200,35.870,4.870,
0.090,4.500,4,30,158.000,158.000,1833.260,22.500,99.100,35.440,4.710,
0.090,4.500,5,30,174.000,174.000,2015.960,22.500,99.000,44.650,4.810,
0.090,4.500,6,30,170.000,170.000,2003.600,22.500,102.000,38.870,4.890,
0.090,4.500,7,30,127.000,127.000,1934.030,22.500,109.200,35.500,4.790,
0.090,4.500,8,30,121.000,121.000,1713.350,22.500,60.700,29.290,4.710,
0.090,4.500,9,30,139.000,139.000,1989.790,22.500,85.100,31.910,4.840,
0.090,5.000,0,30,142.000,142.000,2177.790,25.000,72.200,33.970,4.900,
0.090,5.000,1,30,142.000,142.000,1857.580,25.000,106.100,41.990,4.770,
0.090,5.000,2,30,114.000,114.000,1932.940,25.000,61.200,33.700,4.690,
0.090,5.000,3,30,150.000,150.000,1888.490,25.000,99.400,41.150,4.830,
0.090,5.000,4,30,156.000,156.000,1833.260,25.000,97.000,37.800,4.650,
0.090,5.000,5,30,177.000,177.000,2096.180,25.000,104.700,48.500,4.970,
0.090,5.000,6,30,154.000,154.000,2005.450,25.000,143.100,42.760,4.860,
0.090,5.000,7,30,138.000,138.000,1888.260,25.000,117.400,40.600,4.620,
0.090,5.000,8,30,121.000,121.000,1653.280,25.000,102.900,34.640,4.530,
0.090,5.000,9,30,139.000,139.000,1987.440,25.000,86.800,35.110,4.740,
0.090,5.500,0,30,143.000,143.000,2136.460,27.500,74.900,37.810,4.800,
0.090,5.500,1,30,139.000,139.000,1876.680,27.500,113.900,45.280,4.710,
0.090,5.500,2,30,133.000,133.000,1887.450,27.500,78.100,36.620,4.610,
0.090,5.500,3,30,154.000,154.000,1888.490,27.500,103.000,44.420,4.740,
0.090,5.500,4,30,177.000,177.000,1846.430,27.500,116.600,42.890,4.860,
0.090,5.500,5,30,179.000,179.000,2096.180,27.500,115.300,49.570,5.050,
0.090,5.500,6,30,160.000,160.000,1986.240,27.500,149.500,45.460,4.930,
0.090,5.500,7,30,135.000,135.000,1832.330,27.500,122.700,45.460,4.610,
0.090,5.500,8,30,125.000,125.000,1717.510,27.500,116.000,36.900,4.780,
0.090,5.500,9,30,137.000,137.000,1987.430,27.500,83.700,36.950,4.840,
0.090,6.000,0,30,155.000,155.000,2126.360,30.000,77.400,38.990,4.910,
0.090,6.000,1,30,141.000,141.000,1871.460,30.000,129.600,46.080,4.820,
0.090,6.000,2,30,140.000,140.000,1904.210,30.000,79.200,41.120,4.750,
0.090,6.000,3,30,160.000,160.000,1902.430,30.000,107.100,46.770,5.270,
0.090,6.000,4,30,186.000,186.000,1859.270,30.000,123.700,46.320,5.200,
0.090,6.000,5,30,183.000,183.000,2151.720,30.000,119.200,55.590,5.380,
0.090,6.000,6,30,175.000,175.000,1980.830,30.000,164.400,48.610,5.230,
0.090,6.000,7,30,137.000,137.000,1848.560,30.000,128.100,47.300,4.940,
0.090,6.000,8,30,157.000,157.000,1650.190,30.000,131.500,45.110,5.070,
0.090,6.000,9,30,153.000,153.000,1929.880,30.000,84.700,44.070,5.200,
0.090,6.500,0,30,147.000,147.000,2142.840,32.500,92.000,41.840,5.300,
0.090,6.500,1,30,234.000,234.000,1865.870,32.500,144.000,55.850,5.100,
0.090,6.500,2,30,147.000,147.000,1911.860,32.500,88.800,43.610,4.960,
0.090,6.500,3,30,278.000,278.000,1899.460,32.500,185.000,58.200,5.120,
0.090,6.500,4,30,186.000,186.000,1865.510,32.500,120.200,49.450,4.940,
0.090,6.500,5,30,227.000,227.000,2134.460,32.500,123.700,58.710,5.220,
0.090,6.500,6,30,247.000,247.000,2013.270,32.500,171.100,57.010,5.050,
0.090,6.500,7,30,140.000,140.000,1845.040,32.500,131.700,49.380,4.860,
0.090,6.500,8,30,166.000,166.000,1618.140,32.500,137.000,49.960,4.810,
0.090,6.500,9,30,165.000,165.000,2054.340,32.500,121.700,49.860,5.080,
0.090,7.000,0,30,141.000,141.000,2098.020,35.000,111.700,44.700,5.010,
0.090,7.000,1,30,242.000,242.000,1880.100,35.000,149.500,57.130,4.770,
0.090,7.000,2,30,151.000,151.000,1821.700,35.000,84.800,46.580,4.670,
0.090,7.000,3,30,200.000,200.000,1899.460,35.000,145.500,58.930,4.970,
0.090,7.000,4,30,198.000,198.000,1900.020,35.000,131.900,56.060,4.800,
0.090,7.000,5,30,180.000,180.000,2148.490,35.000,133.500,57.500,5.040,
0.090,7.000,6,30,189.000,189.000,2060.430,35.000,178.100,58.220,4.930,
0.090,7.000,7,30,192.000,192.000,1871.540,35.000,134.400,52.610,4.680,
0.090,7.000,8,30,169.000,169.000,1611.190,35.000,141.900,53.580,4.560,
0.090,7.000,9,30,166.000,166.000,1981.180,35.000,125.300,54.120,4.820,
0.100,3.000,0,30,103.000,103.000,2094.680,15.000,67.300,22.110,4.920,
0.100,3.000,1,30,125.000,125.000,1829.950,15.000,91.800,32.280,4.650,
0.100,3.000,2,30,114.000,114.000,1872.900,15.000,68.500,24.850,4.660,
0.100,3.000,3,30,114.000,114.000,1903.000,15.000,76.200,28.600,4.740,
0.100,3.000,4,30,98.000,98.000,1819.510,15.000,63.100,22.700,4.680,
0.100,3.000,5,30,119.000,119.000,2071.110,15.000,81.900,28.060,4.960,
0.100,3.000,6,30,152.000,152.000,1936.230,15.000,118.700,28.240,4.730,
0.100,3.000,7,30,107.000,107.000,1790.610,15.000,99.000,25.900,4.530,
0.100,3.000,8,30,118.000,118.000,1619.610,15.000,87.800,24.570,4.540,
0.100,3.000,9,30,124.000,124.000,1910.810,15.000,73.300,24.320,4.730,
0.100,3.500,0,30,107.000,107.000,2069.390,17.500,69.100,24.330,4.850,
0.100,3.500,1,30,134.000,134.000,1849.080,17.500,97.500,35.030,4.640,
0.100,3.500,2,30,124.000,124.000,1872.980,17.500,75.200,25.270,4.690,
0.100,3.500,3,30,120.000,120.000,1919.220,17.500,80.800,32.020,4.750,
0.100,3.500,4,30,152.000,152.000,1819.520,17.500,97.000,28.610,4.690,
0.100,3.500,5,30,125.000,125.000,2129.670,17.500,89.800,33.830,5.000,
0.100,3.500,6,30,165.000,165.000,1973.190,17.500,128.400,35.630,4.810,
0.100,3.500,7,30,133.000,133.000,1819.480,17.500,106.500,32.010,4.520,
0.100,3.500,8,30,119.000,119.000,1608.610,17.500,93.800,27.380,4.570,
0.100,3.500,9,30,130.000,130.000,1995.100,17.500,78.800,28.170,4.820,
0.100,4.000,0,30,124.000,124.000,2168.580,20.000,72.300,30.270,4.990,
0.100,4.000,1,30,147.000,147.000,1841.320,20.000,108.600,36.840,4.740,
0.100,4.000,2,30,202.000,202.000,1877.160,20.000,148.500,30.220,4.690,
0.100,4.000,3,30,137.000,137.000,1892.570,20.000,95.300,34.090,4.860,
0.100,4.000,4,30,167.000,167.000,1766.980,20.000,109.600,33.510,4.680,
0.100,4.000,5,30,131.000,131.000,2094.500,20.000,98.500,36.810,4.870,
0.100,4.000,6,30,151.000,151.000,1970.910,20.000,140.700,40.880,4.770,
0.100,4.000,7,30,135.000,135.000,1907.180,20.000,115.900,33.390,4.630,
0.100,4.000,8,30,122.000,122.000,1630.230,20.000,100.200,30.880,4.580,
0.100,4.000,9,30,139.000,139.000,1999.140,20.000,87.500,32.200,4.830,
0.100,4.500,0,30,131.000,131.000,2170.820,22.500,75.800,29.610,4.950,
0.100,4.500,1,30,159.000,159.000,1870.940,22.500,117.400,39.890,4.750,
0.100,4.500,2,30,129.000,129.000,1953.500,22.500,72.800,29.610,4.760,
0.100,4.500,3,30,150.000,150.000,1902.350,22.500,108.600,37.760,4.800,
0.100,4.500,4,30,170.000,170.000,1770.130,22.500,111.800,37.060,4.610,
0.100,4.500,5,30,182.000,182.000,2051.050,22.500,115.100,49.580,4.820,
0.100,4.500,6,30,159.000,159.000,1971.170,22.500,148.700,44.350,4.770,
0.100,4.500,7,30,176.000,176.000,1934.030,22.500,123.800,38.800,4.720,
0.100,4.500,8,30,130.000,130.000,1640.110,22.500,106.500,33.240,4.550,
0.100,4.500,9,30,145.000,145.000,1989.790,22.500,91.500,32.640,4.850,
0.100,5.000,0,30,118.000,118.000,2200.710,25.000,90.100,34.280,5.010,
0.100,5.000,1,30,152.000,152.000,1859.790,25.000,128.700,44.430,4.720,
0.100,5.000,2,30,114.000,114.000,1932.940,25.000,66.800,34.030,4.720,
0.100,5.000,3,30,159.000,159.000,1888.490,25.000,108.600,43.190,4.840,
0.100,5.000,4,30,179.000,179.000,1833.260,25.000,121.500,41.130,4.630,
0.100,5.000,5,30,190.000,190.000,2099.350,25.000,120.200,52.140,4.950,
0.100,5.000,6,30,214.000,214.000,1993.420,25.000,165.600,50.470,4.870,
0.100,5.000,7,30,166.000,166.000,1888.260,25.000,131.000,42.880,4.660,
0.100,5.000,8,30,141.000,141.000,1640.110,25.000,131.100,36.480,4.550,
0.100,5.000,9,30,149.000,149.000,1987.440,25.000,96.400,36.200,4.780,
0.100,5.500,0,30,132.000,132.000,2161.320,27.500,111.100,38.610,4.910,
0.100,5.500,1,30,150.000,150.000,1876.680,27.500,134.700,47.960,4.770,
0.100,5.500,2,30,145.000,145.000,1887.450,27.500,90.900,37.760,4.660,
0.100,5.500,3,30,164.000,164.000,1888.490,27.500,112.300,45.890,4.780,
0.100,5.500,4,30,195.000,195.000,1846.430,27.500,134.800,44.650,4.750,
0.100,5.500,5,30,242.000,242.000,2092.570,27.500,137.800,57.750,4.960,
0.100,5.500,6,30,185.000,185.000,1927.270,27.500,174.500,49.040,4.820,
0.100,5.500,7,30,167.000,167.000,1832.330,27.500,135.300,48.700,4.600,
0.100,5.500,8,30,147.000,147.000,1620.600,27.500,137.400,40.360,4.680,
0.100,5.500,9,30,166.000,166.000,2061.520,27.500,122.500,41.630,4.870,
0.100,6.000,0,30,126.000,126.000,2108.850,30.000,115.300,39.600,4.870,
0.100,6.000,1,30,152.000,152.000,1871.460,30.000,140.900,47.870,4.740,
0.100,6.000,2,30,148.000,148.000,1895.320,30.000,91.500,42.420,4.650,
0.100,6.000,3,30,169.000,169.000,1902.430,30.000,116.300,48.720,4.850,
0.100,6.000,4,30,250.000,250.000,1859.270,30.000,187.800,49.740,4.810,
0.100,6.000,5,30,156.000,156.000,2171.980,30.000,138.400,57.410,5.060,
0.100,6.000,6,30,258.000,258.000,2004.110,30.000,182.600,55.650,4.850,
0.100,6.000,7,30,166.000,166.000,1848.560,30.000,140.200,49.800,4.580,
0.100,6.000,8,30,217.000,217.000,1544.820,30.000,206.700,50.750,4.570,
0.100,6.000,9,30,157.000,157.000,1944.460,30.000,128.500,47.100,4.780,
0.100,6.500,0,30,147.000,147.000,2142.840,32.500,118.200,42.950,4.870,
0.100,6.500,1,30,172.000,172.000,1852.460,32.500,160.100,55.000,4.610,
0.100,6.500,2,30,160.000,160.000,1870.330,32.500,100.300,44.910,4.670,
0.100,6.500,3,30,314.000,314.000,1899.460,32.500,220.500,64.100,4.940,
0.100,6.500,4,30,203.000,203.000,1869.610,32.500,137.500,53.940,4.790,
0.100,6.500,5,30,251.000,251.000,2088.500,32.500,149.900,66.280,4.950,
0.100,6.500,6,30,260.000,260.000,1955.750,32.500,191.400,60.000,4.890,
0.100,6.500,7,30,189.000,189.000,1845.040,32.500,143.800,53.940,4.680,
0.100,6.500,8,30,226.000,226.000,1618.140,32.500,215.100,54.910,4.670,
0.100,6.500,9,30,176.000,176.000,2054.340,32.500,133.300,51.750,4.870,
0.100,7.000,0,30,141.000,141.000,2098.020,35.000,120.700,45.250,4.810,
0.100,7.000,1,30,177.000,177.000,1854.690,35.000,164.300,58.010,4.770,
0.100,7.000,2,30,165.000,165.000,1708.700,35.000,101.800,48.810,4.570,
0.100,7.000,3,30,250.000,250.000,1899.460,35.000,196.800,65.710,4.940,
0.100,7.000,4,30,262.000,262.000,1900.020,35.000,195.300,60.880,4.860,
0.100,7.000,5,30,199.000,199.000,2080.950,35.000,154.100,64.560,4.950,
0.100,7.000,6,30,232.000,232.000,2020.200,35.000,221.900,60.070,4.940,
0.100,7.000,7,30,203.000,203.000,1845.040,35.000,147.400,55.930,4.670,
0.100,7.000,8,30,232.000,232.000,1611.190,35.000,221.500,58.850,4.550,
0.100,7.000,9,30,177.000,177.000,1981.180,35.000,140.700,55.700,4.740,
0.110,3.000,0,30,109.000,109.000,2152.490,15.000,73.700,23.540,4.960,
0.110,3.000,1,30,132.000,132.000,1845.980,15.000,98.500,34.790,4.600,
0.110,3.000,2,30,128.000,128.000,1859.340,15.000,76.400,27.450,4.720,
0.110,3.000,3,30,122.000,122.000,1903.000,15.000,83.900,30.280,4.780,
0.110,3.000,4,30,157.000,157.000,1807.300,15.000,97.900,27.600,4.780,
0.110,3.000,5,30,126.000,126.000,2071.110,15.000,91.000,32.640,4.980,
0.110,3.000,6,30,161.000,161.000,1936.230,15.000,127.600,29.670,4.780,
0.110,3.000,7,30,116.000,116.000,1790.610,15.000,107.200,28.680,4.530,
0.110,3.000,8,30,104.000,104.000,1577.630,15.000,94.700,26.070,4.530,
0.110,3.000,9,30,114.000,114.000,1950.890,15.000,72.000,26.830,4.850,
0.110,3.500,0,30,118.000,118.000,2069.390,17.500,79.400,26.440,4.920,
0.110,3.500,1,30,143.000,143.000,1827.630,17.500,106.500,37.710,4.670,
0.110,3.500,2,30,201.000,201.000,1879.710,17.500,146.700,29.940,4.720,
0.110,3.500,3,30,147.000,147.000,1876.690,17.500,107.000,36.040,4.780,
0.110,3.500,4,30,168.000,168.000,1821.150,17.500,109.100,31.370,4.770,
0.110,3.500,5,30,132.000,132.000,2127.010,17.500,103.900,39.700,4.980,
0.110,3.500,6,30,185.000,185.000,1973.190,17.500,148.800,37.860,4.800,
0.110,3.500,7,30,136.000,136.000,1769.820,17.500,120.700,34.940,4.520,
0.110,3.500,8,30,112.000,112.000,1548.550,17.500,102.100,28.730,4.640,
0.110,3.500,9,30,120.000,120.000,1956.550,17.500,80.100,30.270,4.850,
0.110,4.000,0,30,130.000,130.000,2168.580,20.000,78.500,31.800,5.010,
0.110,4.000,1,30,159.000,159.000,1808.710,20.000,120.600,40.740,4.610,
0.110,4.000,2,30,151.000,151.000,1877.160,20.000,94.300,29.320,4.690,
0.110,4.000,3,30,151.000,151.000,1904.690,20.000,110.000,36.280,4.850,
0.110,4.000,4,30,170.000,170.000,1770.130,20.000,110.500,36.510,4.730,
0.110,4.000,5,30,180.000,180.000,2081.940,20.000,117.900,43.280,4.920,
0.110,4.000,6,30,163.000,163.000,1899.030,20.000,152.500,43.700,4.770,
0.110,4.000,7,30,138.000,138.000,1864.620,20.000,129.900,36.070,4.710,
0.110,4.000,8,30,129.000,129.000,1588.250,20.000,116.500,35.830,4.640,
0.110,4.000,9,30,163.000,163.000,1971.990,20.000,89.600,35.540,4.860,
0.110,4.500,0,30,135.000,135.000,2170.820,22.500,110.300,31.740,5.030,
0.110,4.500,1,30,173.000,173.000,1824.020,22.500,131.700,45.200,4.740,
0.110,4.500,2,30,112.000,112.000,1884.060,22.500,96.100,31.270,4.740,
0.110,4.500,3,30,181.000,181.000,1920.290,22.500,139.600,44.040,4.880,
0.110,4.500,4,30,142.000,142.000,1782.870,22.500,124.700,40.700,4.710,
0.110,4.500,5,30,158.000,158.000,1961.940,22.500,133.300,54.060,4.810,
0.110,4.500,6,30,215.000,215.000,1952.510,22.500,171.700,50.800,4.840,
0.110,4.500,7,30,188.000,188.000,1851.010,22.500,136.000,45.770,4.670,
0.110,4.500,8,30,144.000,144.000,1635.260,22.500,134.500,36.390,4.640,
0.110,4.500,9,30,133.000,133.000,1924.320,22.500,119.900,36.350,4.830,
0.110,5.000,0,30,126.000,126.000,2200.710,25.000,115.900,35.940,4.990,
0.110,5.000,1,30,171.000,171.000,1808.710,25.000,139.600,49.280,4.680,
0.110,5.000,2,30,158.000,158.000,1830.750,25.000,99.800,39.140,4.700,
0.110,5.000,3,30,167.000,167.000,1882.860,25.000,116.900,46.280,4.860,
0.110,5.000,4,30,197.000,197.000,1782.870,25.000,139.200,43.660,4.650,
0.110,5.000,5,30,154.000,154.000,1963.540,25.000,139.800,55.700,4.910,
0.110,5.000,6,30,250.000,250.000,2019.340,25.000,182.500,55.150,4.960,
0.110,5.000,7,30,170.000,170.000,1893.780,25.000,142.500,46.480,4.740,
0.110,5.000,8,30,210.000,210.000,1627.330,25.000,200.000,43.330,4.640,
0.110,5.000,9,30,138.000,138.000,2029.070,25.000,127.000,39.930,4.940,
0.110,5.500,0,30,140.000,140.000,2161.320,27.500,119.600,40.150,5.020,
0.110,5.500,1,30,173.000,173.000,1854.350,27.500,161.800,55.470,4.770,
0.110,5.500,2,30,190.000,190.000,1743.840,27.500,107.600,43.600,4.640,
0.110,5.500,3,30,224.000,224.000,1888.490,27.500,173.000,50.800,4.870,
0.110,5.500,4,30,253.000,253.000,1866.690,27.500,192.900,52.700,4.900,
0.110,5.500,5,30,219.000,219.000,2032.180,27.500,152.500,62.190,5.000,
0.110,5.500,6,30,258.000,258.000,2000.370,27.500,196.800,56.950,5.040,
0.110,5.500,7,30,180.000,180.000,1832.330,27.500,148.100,53.150,4.670,
0.110,5.500,8,30,225.000,225.000,1615.200,27.500,214.100,47.810,4.710,
0.110,5.500,9,30,180.000,180.000,2018.970,27.500,133.600,45.760,4.920,
0.110,6.000,0,30,134.000,134.000,2108.850,30.000,123.400,40.690,4.900,
0.110,6.000,1,30,239.000,239.000,1865.430,30.000,167.400,59.070,4.770,
0.110,6.000,2,30,191.000,191.000,1782.210,30.000,105.800,46.740,4.630,
0.110,6.000,3,30,313.000,313.000,1948.470,30.000,226.200,66.170,5.010,
0.110,6.000,4,30,265.000,265.000,1865.330,30.000,202.200,60.390,4.940,
0.110,6.000,5,30,249.000,249.000,2151.830,30.000,158.400,68.510,5.090,
0.110,6.000,6,30,273.000,273.000,2004.110,30.000,222.500,60.230,4.960,
0.110,6.000,7,30,190.000,190.000,1838.670,30.000,152.600,55.250,4.700,
0.110,6.000,8,30,232.000,232.000,1544.820,30.000,221.700,53.770,4.700,
0.110,6.000,9,30,168.000,168.000,1944.460,30.000,143.800,50.210,4.890,
0.110,6.500,0,30,137.000,137.000,2098.020,32.500,126.600,44.630,4.920,
0.110,6.500,1,30,240.000,240.000,1852.140,32.500,172.400,63.500,4.780,
0.110,6.500,2,30,166.000,166.000,1753.740,32.500,108.400,48.460,4.660,
0.110,6.500,3,30,343.000,343.000,1899.460,32.500,249.100,73.160,5.050,
0.110,6.500,4,30,266.000,266.000,1900.020,32.500,200.700,62.450,4.930,
0.110,6.500,5,30,275.000,275.000,2056.370,32.500,171.600,72.480,5.030,
0.110,6.500,6,30,276.000,276.000,1955.750,32.500,236.100,65.490,4.920,
0.110,6.500,7,30,199.000,199.000,1838.670,32.500,156.200,57.920,4.690,
0.110,6.500,8,30,240.000,240.000,1594.270,32.500,229.200,58.980,4.670,
0.110,6.500,9,30,237.000,237.000,2047.730,32.500,169.600,56.600,4.940,
0.110,7.000,0,30,148.000,148.000,2098.020,35.000,137.700,46.680,4.900,
0.110,7.000,1,30,241.000,241.000,1870.180,35.000,180.800,65.470,4.870,
0.110,7.000,2,30,248.000,248.000,1708.700,35.000,239.800,57.960,4.710,
0.110,7.000,3,30,275.000,275.000,1899.460,35.000,222.000,69.310,5.060,
0.110,7.000,4,30,278.000,278.000,1900.020,35.000,211.400,64.670,4.990,
0.110,7.000,5,30,227.000,227.000,2108.480,35.000,181.600,70.380,5.150,
0.110,7.000,6,30,298.000,298.000,2023.790,35.000,287.600,67.370,5.010,
0.110,7.000,7,30,226.000,226.000,1845.040,35.000,163.200,59.080,4.800,
0.110,7.000,8,30,248.000,248.000,1601.950,35.000,237.800,64.750,4.700,
0.110,7.000,9,30,241.000,241.000,1981.180,35.000,171.800,60.840,4.920,
0.120,3.000,0,30,119.000,119.000,2144.340,15.000,83.800,24.880,5.100,
0.120,3.000,1,30,140.000,140.000,1819.860,15.000,106.600,38.950,4.770,
0.120,3.000,2,30,147.000,147.000,1851.310,15.000,93.000,32.440,4.830,
0.120,3.000,3,30,149.000,149.000,1821.290,15.000,108.400,33.740,4.780,
0.120,3.000,4,30,125.000,125.000,1764.390,15.000,113.900,33.280,4.790,
0.120,3.000,5,30,163.000,163.000,2070.540,15.000,126.100,37.970,5.050,
0.120,3.000,6,30,172.000,172.000,1938.090,15.000,138.400,32.390,4.870,
0.120,3.000,7,30,130.000,130.000,1762.560,15.000,121.400,33.370,4.560,
0.120,3.000,8,30,112.000,112.000,1535.840,15.000,102.500,28.220,4.560,
0.120,3.000,9,30,127.000,127.000,1921.920,15.000,77.700,31.180,4.900,
0.120,3.500,0,30,124.000,124.000,2070.090,17.500,89.400,28.520,5.010,
0.120,3.500,1,30,152.000,152.000,1810.060,17.500,115.100,42.990,4.770,
0.120,3.500,2,30,118.000,118.000,1864.830,17.500,94.700,28.920,4.810,
0.120,3.500,3,30,199.000,199.000,1905.960,17.500,125.700,40.670,4.920,
0.120,3.500,4,30,137.000,137.000,1766.340,17.500,121.700,34.700,4.830,
0.120,3.500,5,30,166.000,166.000,2048.170,17.500,126.500,42.720,5.060,
0.120,3.500,6,30,199.000,199.000,1973.190,17.500,162.500,40.050,4.950,
0.120,3.500,7,30,150.000,150.000,1769.820,17.500,132.100,39.950,4.600,
0.120,3.500,8,30,127.000,127.000,1534.240,17.500,117.600,33.100,4.620,
0.120,3.500,9,30,128.000,128.000,1916.220,17.500,89.500,34.210,4.800,
0.120,4.000,0,30,134.000,134.000,2168.400,20.000,113.300,34.300,5.120,
0.120,4.000,1,30,175.000,175.000,1824.020,20.000,136.100,44.370,4.770,
0.120,4.000,2,30,165.000,165.000,1793.800,20.000,100.900,35.160,4.780,
0.120,4.000,3,30,208.000,208.000,1905.960,20.000,134.100,43.330,4.920,
0.120,4.000,4,30,184.000,184.000,1811.380,20.000,131.000,44.570,4.850,
0.120,4.000,5,30,153.000,153.000,2001.460,20.000,136.600,52.500,4.970,
0.120,4.000,6,30,215.000,215.000,1952.260,20.000,174.600,50.980,4.890,
0.120,4.000,7,30,149.000,149.000,1864.620,20.000,140.900,39.340,4.730,
0.120,4.000,8,30,203.000,203.000,1570.840,20.000,192.700,41.630,4.740,
0.120,4.000,9,30,171.000,171.000,1914.540,20.000,120.600,40.980,4.880,
0.120,4.500,0,30,189.000,189.000,2166.430,22.500,118.700,37.540,5.080,
0.120,4.500,1,30,186.000,186.000,1824.020,22.500,170.900,52.470,4.830,
0.120,4.500,2,30,179.000,179.000,1819.080,22.500,106.800,37.640,4.820,
0.120,4.500,3,30,219.000,219.000,1909.490,22.500,166.600,50.800,4.920,
0.120,4.500,4,30,243.000,243.000,1779.720,22.500,185.000,48.060,4.810,
0.120,4.500,5,30,172.000,172.000,1936.170,22.500,151.900,59.870,4.840,
0.120,4.500,6,30,250.000,250.000,1952.510,22.500,189.700,58.190,4.900,
0.120,4.500,7,30,198.000,198.000,1803.810,22.500,148.600,46.830,4.720,
0.120,4.500,8,30,219.000,219.000,1579.560,22.500,208.600,44.060,4.700,
0.120,4.500,9,30,141.000,141.000,1917.060,22.500,129.800,39.490,4.920,
0.120,5.000,0,30,134.000,134.000,2200.710,25.000,123.500,36.880,5.140,
0.120,5.000,1,30,191.000,191.000,1840.390,25.000,180.300,60.830,4.810,
0.120,5.000,2,30,170.000,170.000,1773.420,25.000,108.300,42.800,4.730,
0.120,5.000,3,30,240.000,240.000,1907.290,25.000,187.100,50.530,4.950,
0.120,5.000,4,30,260.000,260.000,1818.840,25.000,198.200,53.410,4.830,
0.120,5.000,5,30,177.000,177.000,1969.630,25.000,157.100,62.360,5.030,
0.120,5.000,6,30,263.000,263.000,2031.240,25.000,217.000,62.340,5.070,
0.120,5.000,7,30,187.000,187.000,1881.040,25.000,154.400,52.010,4.780,
0.120,5.000,8,30,229.000,229.000,1610.020,25.000,218.500,45.430,4.780,
0.120,5.000,9,30,191.000,191.000,2018.970,25.000,140.600,46.290,5.020,
0.120,5.500,0,30,175.000,175.000,2161.320,27.500,137.600,43.990,5.110,
0.120,5.500,1,30,207.000,207.000,1839.300,27.500,196.300,64.730,4.820,
0.120,5.500,2,30,228.000,228.000,1691.680,27.500,220.000,52.530,4.670,
0.120,5.500,3,30,246.000,246.000,1882.860,27.500,194.500,58.610,4.950,
0.120,5.500,4,30,272.000,272.000,1821.440,27.500,209.200,60.950,4.890,
0.120,5.500,5,30,255.000,255.000,2032.180,27.500,180.900,69.950,5.050,
0.120,5.500,6,30,274.000,274.000,1935.580,27.500,231.400,66.610,4.990,
0.120,5.500,7,30,198.000,198.000,1870.010,27.500,158.700,57.640,4.740,
0.120,5.500,8,30,238.000,238.000,1582.830,27.500,227.400,51.450,4.780,
0.120,5.500,9,30,195.000,195.000,2018.970,27.500,151.400,50.220,5.010,
0.120,6.000,0,30,153.000,153.000,2108.850,30.000,142.200,43.060,5.020,
0.120,6.000,1,30,237.000,237.000,1831.830,30.000,205.800,67.590,4.830,
0.120,6.000,2,30,248.000,248.000,1691.680,30.000,239.100,58.800,4.640,
0.120,6.000,3,30,341.000,341.000,1948.470,30.000,254.600,74.800,5.090,
0.120,6.000,4,30,281.000,281.000,1814.000,30.000,217.200,65.110,4.950,
0.120,6.000,5,30,259.000,259.000,2060.670,30.000,186.700,77.580,5.140,
0.120,6.000,6,30,292.000,292.000,1963.830,30.000,281.300,69.800,5.040,
0.120,6.000,7,30,199.000,199.000,1838.670,30.000,164.100,60.300,4.790,
0.120,6.000,8,30,248.000,248.000,1544.820,30.000,237.100,58.020,4.750,
0.120,6.000,9,30,270.000,270.000,1976.390,30.000,182.200,64.040,5.020,
0.120,6.500,0,30,162.000,162.000,2098.020,32.500,151.900,47.500,5.030,
0.120,6.500,1,30,245.000,245.000,1893.420,32.500,216.000,70.920,4.900,
0.120,6.500,2,30,283.000,283.000,1691.680,32.500,274.500,62.100,4.750,
0.120,6.500,3,30,372.000,372.000,1899.460,32.500,278.800,79.070,5.130,
0.120,6.500,4,30,282.000,282.000,1871.860,32.500,216.100,70.510,5.020,
0.120,6.500,5,30,326.000,326.000,2085.880,32.500,192.000,84.000,5.170,
0.120,6.500,6,30,306.000,306.000,1962.040,32.500,295.200,70.970,5.020,
0.120,6.500,7,30,221.000,221.000,1845.290,32.500,175.100,66.520,4.770,
0.120,6.500,8,30,256.000,256.000,1565.650,32.500,246.000,64.400,4.730,
0.120,6.500,9,30,248.000,248.000,1928.950,32.500,179.400,64.710,4.960,
0.120,7.000,0,30,192.000,192.000,2098.020,35.000,159.800,52.580,4.960,
0.120,7.000,1,30,244.000,244.000,1835.620,35.000,226.600,76.860,4.850,
0.120,7.000,2,30,297.000,297.000,1708.700,35.000,288.900,63.290,4.760,
0.120,7.000,3,30,293.000,293.000,1899.460,35.000,239.300,73.490,5.140,
0.120,7.000,4,30,300.000,300.000,1871.860,35.000,233.800,69.800,5.050,
0.120,7.000,5,30,260.000,260.000,2108.480,35.000,196.800,78.910,5.190,
0.120,7.000,6,30,332.000,332.000,2030.370,35.000,321.100,72.440,5.080,
0.120,7.000,7,30,240.000,240.000,1845.290,35.000,178.200,67.380,4.800,
0.120,7.000,8,30,263.000,263.000,1601.950,35.000,253.000,72.020,4.790,
0.120,7.000,9,30,253.000,253.000,1981.180,35.000,184.000,66.190,4.980,
0.130,3.000,0,30,127.000,127.000,2144.340,15.000,91.400,28.150,5.120,
0.130,3.000,1,30,155.000,155.000,1865.170,15.000,114.600,45.740,4.870,
0.130,3.000,2,30,127.000,127.000,1809.190,15.000,95.300,35.950,4.810,
0.130,3.000,3,30,139.000,139.000,1822.870,15.000,105.100,36.960,4.890,
0.130,3.000,4,30,133.000,133.000,1777.090,15.000,121.500,35.230,4.880,
0.130,3.000,5,30,198.000,198.000,2033.820,15.000,140.800,48.910,5.130,
0.130,3.000,6,30,192.000,192.000,1915.200,15.000,157.900,34.860,4.970,
0.130,3.000,7,30,142.000,142.000,1815.280,15.000,132.300,39.900,4.700,
0.130,3.000,8,30,127.000,127.000,1515.310,15.000,117.200,31.660,4.570,
0.130,3.000,9,30,143.000,143.000,1899.360,15.000,88.900,37.440,4.820,
0.130,3.500,0,30,140.000,140.000,2152.310,17.500,113.800,32.740,5.180,
0.130,3.500,1,30,179.000,179.000,1771.380,17.500,159.800,51.730,4.830,
0.130,3.500,2,30,142.000,142.000,1864.830,17.500,104.100,34.360,4.910,
0.130,3.500,3,30,207.000,207.000,1882.230,17.500,131.100,49.330,5.040,
0.130,3.500,4,30,187.000,187.000,1774.280,17.500,133.200,43.730,4.930,
0.130,3.500,5,30,218.000,218.000,2086.320,17.500,141.900,55.710,5.190,
0.130,3.500,6,30,215.000,215.000,1836.840,17.500,178.800,53.320,4.930,
0.130,3.500,7,30,158.000,158.000,1874.920,17.500,143.300,44.230,4.790,
0.130,3.500,8,30,203.000,203.000,1522.100,17.500,192.200,38.870,4.580,
0.130,3.500,9,30,172.000,172.000,1924.680,17.500,119.900,42.880,4.920,
0.130,4.000,0,30,189.000,189.000,2168.400,20.000,120.200,38.030,5.220,
0.130,4.000,1,30,187.000,187.000,1882.760,20.000,172.600,56.500,4.910,
0.130,4.000,2,30,200.000,200.000,1791.040,20.000,131.500,44.340,4.780,
0.130,4.000,3,30,221.000,221.000,1897.840,20.000,148.700,55.030,5.030,
0.130,4.000,4,30,246.000,246.000,1828.490,20.000,185.500,53.010,4.960,
0.130,4.000,5,30,234.000,234.000,2070.240,20.000,157.900,65.810,5.190,
0.130,4.000,6,30,256.000,256.000,1953.590,20.000,193.000,60.960,4.990,
0.130,4.000,7,30,161.000,161.000,1867.060,20.000,152.200,45.440,4.740,
0.130,4.000,8,30,221.000,221.000,1539.530,20.000,210.400,45.990,4.740,
0.130,4.000,9,30,184.000,184.000,1928.050,20.000,130.500,46.360,4.910,
0.130,4.500,0,30,197.000,197.000,2166.430,22.500,137.400,39.800,5.180,
0.130,4.500,1,30,206.000,206.000,1844.240,22.500,185.300,60.450,4.980,
0.130,4.500,2,30,242.000,242.000,1826.940,22.500,213.400,48.740,4.930,
0.130,4.500,3,30,220.000,220.000,1865.640,22.500,174.000,59.790,5.000,
0.130,4.500,4,30,259.000,259.000,1786.740,22.500,196.200,57.280,4.900,
0.130,4.500,5,30,255.000,255.000,1941.030,22.500,166.000,74.320,5.010,
0.130,4.500,6,30,276.000,276.000,1952.510,22.500,220.500,69.150,4.870,
0.130,4.500,7,30,196.000,196.000,1789.510,22.500,158.300,52.810,4.710,
0.130,4.500,8,30,232.000,232.000,1577.920,22.500,221.300,49.970,4.770,
0.130,4.500,9,30,167.000,167.000,1957.990,22.500,147.000,47.210,5.010,
0.130,5.000,0,30,154.000,154.000,2126.530,25.000,143.400,41.460,5.100,
0.130,5.000,1,30,211.000,211.000,1852.750,25.000,200.700,66.200,4.930,
0.130,5.000,2,30,241.000,241.000,1762.320,25.000,232.300,58.540,4.770,
0.130,5.000,3,30,235.000,235.000,1919.200,25.000,187.300,56.580,5.040,
0.130,5.000,4,30,269.000,269.000,1845.630,25.000,204.100,60.830,4.840,
0.130,5.000,5,30,262.000,262.000,1969.630,25.000,188.200,74.130,4.970,
0.130,5.000,6,30,278.000,278.000,1965.370,25.000,236.100,70.080,5.060,
0.130,5.000,7,30,214.000,214.000,1889.750,25.000,172.300,60.300,4.800,
0.130,5.000,8,30,243.000,243.000,1663.820,25.000,232.400,54.400,4.900,
0.130,5.000,9,30,190.000,190.000,1978.420,25.000,160.800,55.180,5.020,
0.130,5.500,0,30,182.000,182.000,2159.610,27.500,159.100,49.100,5.150,
0.130,5.500,1,30,220.000,220.000,1879.870,27.500,209.600,66.330,4.890,
0.130,5.500,2,30,280.000,280.000,1691.680,27.500,271.400,62.690,4.700,
0.130,5.500,3,30,248.000,248.000,1896.360,27.500,197.200,65.880,5.030,
0.130,5.500,4,30,290.000,290.000,1814.000,27.500,207.300,70.940,4.870,
0.130,5.500,5,30,270.000,270.000,1969.320,27.500,196.500,78.540,5.020,
0.130,5.500,6,30,295.000,295.000,1935.580,27.500,284.600,75.110,4.940,
0.130,5.500,7,30,255.000,255.000,1901.270,27.500,177.600,68.640,4.880,
0.130,5.500,8,30,266.000,266.000,1471.850,27.500,243.400,62.100,4.750,
0.130,5.500,9,30,207.000,207.000,1948.440,27.500,181.400,58.800,4.970,
0.130,6.000,0,30,174.000,174.000,2159.610,30.000,163.400,49.360,5.090,
0.130,6.000,1,30,238.000,238.000,1845.570,30.000,221.400,74.740,4.880,
0.130,6.000,2,30,297.000,297.000,1691.680,30.000,288.900,65.600,4.660,
0.130,6.000,3,30,371.000,371.000,1917.560,30.000,284.200,77.950,4.970,
0.130,6.000,4,30,299.000,299.000,1830.390,30.000,221.300,81.540,4.970,
0.130,6.000,5,30,327.000,327.000,1988.110,30.000,207.500,91.640,5.150,
0.130,6.000,6,30,312.000,312.000,1949.400,30.000,301.300,80.050,5.030,
0.130,6.000,7,30,263.000,263.000,1821.690,30.000,254.800,72.850,4.780,
0.130,6.000,8,30,262.000,262.000,1471.900,30.000,251.400,69.240,4.770,
0.130,6.000,9,30,365.000,365.000,1970.520,30.000,277.300,72.660,5.020,
0.130,6.500,0,30,208.000,208.000,2098.020,32.500,166.500,55.570,5.040,
0.130,6.500,1,30,247.000,247.000,1873.400,32.500,236.900,80.850,4.890,
0.130,6.500,2,30,312.000,312.000,1691.680,32.500,303.700,68.760,4.580,
0.130,6.500,3,30,393.000,393.000,1915.070,32.500,300.800,89.480,5.100,
0.130,6.500,4,30,296.000,296.000,1830.390,32.500,214.400,83.050,4.930,
0.130,6.500,5,30,359.000,359.000,1973.930,32.500,218.200,100.070,5.050,
0.130,6.500,6,30,338.000,338.000,1971.180,32.500,327.600,85.650,5.040,
0.130,6.500,7,30,269.000,269.000,1790.870,32.500,260.900,70.240,4.760,
0.130,6.500,8,30,333.000,333.000,1542.960,32.500,260.200,94.460,4.760,
0.130,6.500,9,30,350.000,350.000,1928.950,32.500,297.200,80.630,4.960,
0.130,7.000,0,30,215.000,215.000,2132.580,35.000,169.100,61.410,4.990,
0.130,7.000,1,30,305.000,305.000,1823.660,35.000,294.900,92.660,4.790,
0.130,7.000,2,30,335.000,335.000,1668.370,35.000,314.400,79.860,4.700,
0.130,7.000,3,30,418.000,418.000,1899.460,35.000,320.600,92.060,5.130,
0.130,7.000,4,30,305.000,305.000,1876.510,35.000,231.400,81.790,5.010,
0.130,7.000,5,30,388.000,388.000,2010.540,35.000,343.900,116.340,5.170,
0.130,7.000,6,30,453.000,453.000,2026.240,35.000,342.200,97.380,5.060,
0.130,7.000,7,30,281.000,281.000,1790.870,35.000,272.800,73.340,4.720,
0.130,7.000,8,30,350.000,350.000,1532.880,35.000,271.900,106.600,4.740,
0.130,7.000,9,30,269.000,269.000,2020.720,35.000,197.100,74.410,4.960,
0.140,3.000,0,30,144.000,144.000,2144.300,15.000,111.300,31.750,4.940,
0.140,3.000,1,30,169.000,169.000,1806.830,15.000,155.300,54.210,4.730,
0.140,3.000,2,30,134.000,134.000,1741.620,15.000,104.000,38.980,4.710,
0.140,3.000,3,30,210.000,210.000,1856.100,15.000,130.000,50.020,4.890,
0.140,3.000,4,30,183.000,183.000,1777.090,15.000,132.800,42.060,4.840,
0.140,3.000,5,30,209.000,209.000,2025.950,15.000,155.200,53.730,5.030,
0.140,3.000,6,30,211.000,211.000,1849.660,15.000,175.700,50.790,4.890,
0.140,3.000,7,30,161.000,161.000,1828.840,15.000,143.500,47.530,4.620,
0.140,3.000,8,30,195.000,195.000,1514.170,15.000,184.300,43.310,4.490,
0.140,3.000,9,30,168.000,168.000,1897.440,15.000,117.500,44.410,4.710,
0.140,3.500,0,30,188.000,188.000,2144.300,17.500,122.500,36.820,5.130,
0.140,3.500,1,30,187.000,187.000,1763.310,17.500,172.200,57.740,4.800,
0.140,3.500,2,30,204.000,204.000,1790.480,17.500,136.000,45.970,4.700,
0.140,3.500,3,30,207.000,207.000,1844.390,17.500,146.100,56.340,4.880,
0.140,3.500,4,30,244.000,244.000,1775.910,17.500,182.600,52.380,4.850,
0.140,3.500,5,30,235.000,235.000,2045.810,17.500,157.900,65.800,5.070,
0.140,3.500,6,30,202.000,202.000,1872.000,17.500,191.200,57.290,4.810,
0.140,3.500,7,30,169.000,169.000,1837.910,17.500,154.300,51.970,4.660,
0.140,3.500,8,30,220.000,220.000,1522.100,17.500,209.800,45.120,4.330,
0.140,3.500,9,30,185.000,185.000,1881.140,17.500,129.300,47.790,4.770,
0.140,4.000,0,30,197.000,197.000,2168.400,20.000,140.400,41.050,5.150,
0.140,4.000,1,30,206.000,206.000,1891.510,20.000,186.200,63.220,4.950,
0.140,4.000,2,30,224.000,224.000,1772.670,20.000,213.800,54.560,4.700,
0.140,4.000,3,30,224.000,224.000,1890.620,20.000,174.000,61.740,4.950,
0.140,4.000,4,30,258.000,258.000,1788.420,20.000,194.600,61.490,4.860,
0.140,4.000,5,30,260.000,260.000,1910.130,20.000,184.100,74.480,4.880,
0.140,4.000,6,30,277.000,277.000,1935.480,20.000,220.400,68.310,4.890,
0.140,4.000,7,30,175.000,175.000,1791.150,20.000,162.400,54.920,4.510,
0.140,4.000,8,30,233.000,233.000,1529.710,20.000,222.400,58.210,4.610,
0.140,4.000,9,30,229.000,229.000,1888.800,20.000,150.800,58.040,4.910,
0.140,4.500,0,30,269.000,269.000,2166.430,22.500,194.000,45.160,5.140,
0.140,4.500,1,30,216.000,216.000,1832.200,22.500,202.200,64.900,4.850,
0.140,4.500,2,30,253.000,253.000,1740.510,22.500,235.400,62.400,4.710,
0.140,4.500,3,30,347.000,347.000,1854.630,22.500,245.000,72.900,4.980,
0.140,4.500,4,30,269.000,269.000,1789.890,22.500,198.600,65.960,4.850,
0.140,4.500,5,30,336.000,336.000,1987.060,22.500,194.400,91.260,4.970,
0.140,4.500,6,30,289.000,289.000,1972.520,22.500,238.400,71.990,4.760,
0.140,4.500,7,30,214.000,214.000,1855.650,22.500,177.000,64.230,4.640,
0.140,4.500,8,30,262.000,262.000,1520.660,22.500,234.700,67.290,4.590,
0.140,4.500,9,30,336.000,336.000,1922.370,22.500,248.000,63.700,4.990,
0.140,5.000,0,30,276.000,276.000,2126.530,25.000,199.700,53.840,5.060,
0.140,5.000,1,30,242.000,242.000,1893.090,25.000,213.000,78.280,4.890,
0.140,5.000,2,30,287.000,287.000,1825.180,25.000,279.000,76.200,4.760,
0.140,5.000,3,30,248.000,248.000,1889.600,25.000,200.100,66.270,4.900,
0.140,5.000,4,30,293.000,293.000,1915.580,25.000,204.900,78.190,4.810,
0.140,5.000,5,30,320.000,320.000,1976.820,25.000,200.900,90.140,4.810,
0.140,5.000,6,30,296.000,296.000,2002.930,25.000,285.400,79.190,4.980,
0.140,5.000,7,30,264.000,264.000,1896.130,25.000,255.100,68.850,4.760,
0.140,5.000,8,30,277.000,277.000,1529.930,25.000,246.900,64.700,4.650,
0.140,5.000,9,30,266.000,266.000,1923.750,25.000,190.000,70.670,4.920,
0.140,5.500,0,30,193.000,193.000,2041.580,27.500,168.100,56.320,5.010,
0.140,5.500,1,30,249.000,249.000,1910.600,27.500,225.500,85.270,4.890,
0.140,5.500,2,30,309.000,309.000,1740.280,27.500,301.000,74.340,4.700,
0.140,5.500,3,30,277.000,277.000,1880.630,27.500,227.100,75.900,4.910,
0.140,5.500,4,30,308.000,308.000,1886.100,27.500,219.700,78.560,4.790,
0.140,5.500,5,30,382.000,382.000,1999.270,27.500,256.800,102.400,4.980,
0.140,5.500,6,30,315.000,315.000,1972.200,27.500,304.300,82.180,4.960,
0.140,5.500,7,30,272.000,272.000,1779.660,27.500,263.200,71.520,4.640,
0.140,5.500,8,30,288.000,288.000,1438.050,27.500,256.600,78.750,4.630,
0.140,5.500,9,30,271.000,271.000,1943.220,27.500,212.400,79.100,4.930,
0.140,6.000,0,30,210.000,210.000,2108.830,30.000,176.700,58.840,5.110,
0.140,6.000,1,30,300.000,300.000,1850.820,30.000,289.200,91.290,4.780,
0.140,6.000,2,30,323.000,323.000,1740.280,30.000,314.400,77.580,4.610,
0.140,6.000,3,30,392.000,392.000,1831.470,30.000,305.100,92.370,4.680,
0.140,6.000,4,30,315.000,315.000,1874.600,30.000,275.400,87.800,4.990,
0.140,6.000,5,30,394.000,394.000,2016.000,30.000,316.300,116.240,5.110,
0.140,6.000,6,30,341.000,341.000,1961.110,30.000,331.000,91.640,4.980,
0.140,6.000,7,30,286.000,286.000,1762.670,30.000,278.000,80.110,4.720,
0.140,6.000,8,30,349.000,349.000,1534.470,30.000,266.300,100.340,4.760,
0.140,6.000,9,30,353.000,353.000,1855.130,30.000,303.300,86.520,4.790,
0.140,6.500,0,30,219.000,219.000,2069.500,32.500,190.900,65.410,4.930,
0.140,6.500,1,30,319.000,319.000,1808.070,32.500,308.700,97.280,4.720,
0.140,6.500,2,30,347.000,347.000,1767.480,32.500,326.400,93.330,4.420,
0.140,6.500,3,30,413.000,413.000,1861.790,32.500,320.700,90.090,4.980,
0.140,6.500,4,30,318.000,318.000,1851.880,32.500,288.200,88.940,4.980,
0.140,6.500,5,30,428.000,428.000,1980.900,32.500,352.000,128.080,5.060,
0.140,6.500,6,30,358.000,358.000,1971.180,32.500,347.100,94.260,5.040,
0.140,6.500,7,30,383.000,383.000,1862.610,32.500,293.200,90.730,4.860,
0.140,6.500,8,30,344.000,344.000,1517.430,32.500,280.200,108.030,4.810,
0.140,6.500,9,30,375.000,375.000,1855.130,32.500,322.100,89.670,4.880,
0.140,7.000,0,30,288.000,288.000,2101.900,35.000,235.600,70.440,5.000,
0.140,7.000,1,30,331.000,331.000,1822.340,35.000,320.300,103.610,4.450,
0.140,7.000,2,30,354.000,354.000,1720.130,35.000,335.500,106.840,4.720,
0.140,7.000,3,30,442.000,442.000,1825.550,35.000,345.100,93.390,4.940,
0.140,7.000,4,30,436.000,436.000,1864.960,35.000,366.200,96.120,5.020,
0.140,7.000,5,30,437.000,437.000,1954.260,35.000,364.800,130.220,5.100,
0.140,7.000,6,30,467.000,467.000,1947.190,35.000,365.400,120.490,5.100,
0.140,7.000,7,30,404.000,404.000,1819.680,35.000,301.800,96.840,4.830,
0.140,7.000,8,30,451.000,451.000,1536.420,35.000,440.300,114.690,4.780,
0.140,7.000,9,30,383.000,383.000,1855.130,35.000,328.900,99.400,4.820,
0.150,3.000,0,30,154.000,154.000,2144.300,15.000,118.500,34.000,4.730,
0.150,3.000,1,30,179.000,179.000,1746.530,15.000,168.600,58.830,4.680,
0.150,3.000,2,30,197.000,197.000,1788.620,15.000,131.200,50.750,4.740,
0.150,3.000,3,30,217.000,217.000,1794.470,15.000,142.200,56.110,4.830,
0.150,3.000,4,30,157.000,157.000,1742.440,15.000,145.900,42.490,4.700,
0.150,3.000,5,30,234.000,234.000,2107.500,15.000,168.700,62.050,5.050,
0.150,3.000,6,30,205.000,205.000,1901.190,15.000,184.800,60.510,4.860,
0.150,3.000,7,30,190.000,190.000,1858.210,15.000,154.100,52.970,4.630,
0.150,3.000,8,30,210.000,210.000,1549.970,15.000,199.800,48.050,4.560,
0.150,3.000,9,30,187.000,187.000,1857.010,15.000,125.200,46.940,4.510,
0.150,3.500,0,30,195.000,195.000,2144.300,17.500,141.200,44.850,5.090,
0.150,3.500,1,30,197.000,197.000,1789.820,17.500,184.800,66.130,4.860,
0.150,3.500,2,30,227.000,227.000,1742.070,17.500,200.900,62.150,4.690,
0.150,3.500,3,30,219.000,219.000,1828.880,17.500,171.800,59.920,4.840,
0.150,3.500,4,30,181.000,181.000,1797.020,17.500,157.800,52.830,4.790,
0.150,3.500,5,30,248.000,248.000,2057.810,17.500,184.900,74.930,5.070,
0.150,3.500,6,30,274.000,274.000,1912.830,17.500,216.800,70.790,4.910,
0.150,3.500,7,30,194.000,194.000,1841.150,17.500,171.900,63.930,4.650,
0.150,3.500,8,30,251.000,251.000,1526.500,17.500,221.200,60.910,4.490,
0.150,3.500,9,30,261.000,261.000,1860.060,17.500,173.000,60.960,4.850,
0.150,4.000,0,30,265.000,265.000,2184.150,20.000,195.900,54.650,5.090,
0.150,4.000,1,30,215.000,215.000,1830.100,20.000,202.100,73.410,4.730,
0.150,4.000,2,30,243.000,243.000,1772.670,20.000,234.800,68.560,4.720,
0.150,4.000,3,30,323.000,323.000,1817.440,20.000,229.400,75.740,4.830,
0.150,4.000,4,30,296.000,296.000,1829.070,20.000,192.800,70.790,4.800,
0.150,4.000,5,30,338.000,338.000,1952.390,20.000,197.100,94.580,4.900,
0.150,4.000,6,30,272.000,272.000,1940.280,20.000,235.600,78.970,4.920,
0.150,4.000,7,30,252.000,252.000,1770.400,20.000,244.000,66.430,4.550,
0.150,4.000,8,30,266.000,266.000,1527.990,20.000,235.500,68.880,4.620,
0.150,4.000,9,30,209.000,209.000,1923.040,20.000,181.700,64.040,4.920,
0.150,4.500,0,30,280.000,280.000,2107.180,22.500,204.200,58.130,4.970,
0.150,4.500,1,30,246.000,246.000,1733.000,22.500,214.500,75.150,4.740,
0.150,4.500,2,30,294.000,294.000,1700.640,22.500,285.800,76.250,4.650,
0.150,4.500,3,30,374.000,374.000,1815.010,22.500,271.200,84.160,4.880,
0.150,4.500,4,30,311.000,311.000,1866.920,22.500,200.300,72.890,4.930,
0.150,4.500,5,30,351.000,351.000,1913.560,22.500,205.500,103.530,4.890,
0.150,4.500,6,30,294.000,294.000,1972.270,22.500,283.700,85.320,4.870,
0.150,4.500,7,30,269.000,269.000,1869.500,22.500,260.300,67.350,4.600,
0.150,4.500,8,30,282.000,282.000,1534.210,22.500,248.600,73.170,4.590,
0.150,4.500,9,30,271.000,271.000,1863.600,22.500,202.700,78.300,4.820,
0.150,5.000,0,30,289.000,289.000,1980.770,25.000,211.900,62.320,4.940,
0.150,5.000,1,30,258.000,258.000,1894.420,25.000,231.300,87.950,4.840,
0.150,5.000,2,30,341.000,341.000,1847.290,25.000,306.400,91.300,4.860,
0.150,5.000,3,30,392.000,392.000,1846.300,25.000,282.200,80.830,4.870,
0.150,5.000,4,30,397.000,397.000,1928.690,25.000,290.800,89.740,4.890,
0.150,5.000,5,30,384.000,384.000,1987.010,25.000,265.700,113.000,4.880,
0.150,5.000,6,30,315.000,315.000,1993.490,25.000,304.100,86.390,4.920,
0.150,5.000,7,30,358.000,358.000,1710.800,25.000,276.200,77.870,4.600,
0.150,5.000,8,30,299.000,299.000,1536.740,25.000,259.500,85.940,4.700,
0.150,5.000,9,30,278.000,278.000,1956.600,25.000,216.800,82.970,4.990,
0.150,5.500,0,30,329.000,329.000,2020.750,27.500,236.300,69.420,4.990,
0.150,5.500,1,30,302.000,302.000,1809.810,27.500,291.600,98.350,4.810,
0.150,5.500,2,30,346.000,346.000,1775.410,27.500,321.900,95.440,4.770,
0.150,5.500,3,30,391.000,391.000,1831.470,27.500,308.600,91.840,4.860,
0.150,5.500,4,30,435.000,435.000,1918.300,27.500,327.600,96.720,4.870,
0.150,5.500,5,30,430.000,430.000,1974.940,27.500,344.100,125.890,4.970,
0.150,5.500,6,30,465.000,465.000,2026.450,27.500,332.400,99.490,4.970,
0.150,5.500,7,30,372.000,372.000,1747.970,27.500,292.100,90.900,4.700,
0.150,5.500,8,30,351.000,351.000,1524.010,27.500,275.000,114.450,4.770,
0.150,5.500,9,30,359.000,359.000,1956.970,27.500,311.300,91.120,4.990,
0.150,6.000,0,30,278.000,278.000,2027.060,30.000,230.800,72.120,4.970,
0.150,6.000,1,30,323.000,323.000,1838.060,30.000,313.000,103.120,4.870,
0.150,6.000,2,30,356.000,356.000,1758.400,30.000,334.800,95.310,4.740,
0.150,6.000,3,30,411.000,411.000,1831.470,30.000,324.400,97.240,4.800,
0.150,6.000,4,30,454.000,454.000,1880.140,30.000,345.000,102.170,4.940,
0.150,6.000,5,30,445.000,445.000,1950.400,30.000,359.000,141.950,5.080,
0.150,6.000,6,30,362.000,362.000,2050.890,30.000,351.800,93.130,5.060,
0.150,6.000,7,30,398.000,398.000,1817.240,30.000,303.200,112.930,4.820,
0.150,6.000,8,30,438.000,438.000,1522.360,30.000,427.600,113.710,4.800,
0.150,6.000,9,30,377.000,377.000,1855.130,30.000,327.700,97.360,4.870,
0.150,6.500,0,30,292.000,292.000,2069.500,32.500,241.900,73.530,4.930,
0.150,6.500,1,30,336.000,336.000,1842.060,32.500,325.200,114.930,4.910,
0.150,6.500,2,30,454.000,454.000,1775.410,32.500,443.400,108.160,4.760,
0.150,6.500,3,30,437.000,437.000,1867.710,32.500,344.500,105.770,4.960,
0.150,6.500,4,30,472.000,472.000,1910.390,32.500,361.400,106.350,5.030,
0.150,6.500,5,30,510.000,510.000,2000.990,32.500,378.700,153.910,5.160,
0.150,6.500,6,30,486.000,486.000,2081.020,32.500,370.100,108.060,5.090,
0.150,6.500,7,30,387.000,387.000,1799.520,32.500,311.100,111.840,4.760,
0.150,6.500,8,30,469.000,469.000,1548.750,32.500,458.800,131.140,4.870,
0.150,6.500,9,30,399.000,399.000,1855.130,32.500,347.000,106.240,4.880,
0.150,7.000,0,30,321.000,321.000,2069.500,35.000,266.900,81.940,4.970,
0.150,7.000,1,30,391.000,391.000,1839.020,35.000,343.900,124.090,4.870,
0.150,7.000,2,30,483.000,483.000,1763.880,35.000,472.200,124.780,4.830,
0.150,7.000,3,30,482.000,482.000,1757.210,35.000,384.900,114.100,4.780,
0.150,7.000,4,30,575.000,575.000,1838.070,35.000,464.800,127.790,4.970,
0.150,7.000,5,30,507.000,507.000,2081.590,35.000,393.500,166.620,5.250,
0.150,7.000,6,30,498.000,498.000,2048.990,35.000,405.400,136.500,5.160,
0.150,7.000,7,30,431.000,431.000,1799.520,35.000,320.700,127.390,4.780,
0.150,7.000,8,30,513.000,513.000,1472.270,35.000,502.300,130.330,4.690,
0.150,7.000,9,30,425.000,425.000,1855.130,35.000,370.800,107.940,4.860,
0.160,3.000,0,30,174.000,174.000,2120.220,15.000,138.400,44.050,4.900,
0.160,3.000,1,30,190.000,190.000,1710.440,15.000,179.500,65.990,4.620,
0.160,3.000,2,30,240.000,240.000,1791.460,15.000,191.400,69.700,4.740,
0.160,3.000,3,30,278.000,278.000,1806.780,15.000,176.100,63.170,4.880,
0.160,3.000,4,30,247.000,247.000,1700.750,15.000,182.800,59.910,4.730,
0.160,3.000,5,30,309.000,309.000,2165.990,15.000,184.300,85.020,5.170,
0.160,3.000,6,30,256.000,256.000,1858.800,15.000,205.600,68.130,4.850,
0.160,3.000,7,30,181.000,181.000,1833.210,15.000,171.600,63.210,4.640,
0.160,3.000,8,30,249.000,249.000,1529.860,15.000,217.700,58.600,4.590,
0.160,3.000,9,30,231.000,231.000,1879.610,15.000,152.600,58.870,4.780,
0.160,3.500,0,30,261.000,261.000,2098.500,17.500,195.100,55.710,4.880,
0.160,3.500,1,30,220.000,220.000,1847.810,17.500,199.900,80.070,4.850,
0.160,3.500,2,30,252.000,252.000,1742.070,17.500,230.900,77.790,4.700,
0.160,3.500,3,30,295.000,295.000,1824.120,17.500,207.300,72.440,4.840,
0.160,3.500,4,30,299.000,299.000,1870.450,17.500,192.700,75.110,4.960,
0.160,3.500,5,30,350.000,350.000,2035.650,17.500,241.200,97.670,5.070,
0.160,3.500,6,30,278.000,278.000,1967.770,17.500,230.000,79.180,4.960,
0.160,3.500,7,30,253.000,253.000,1772.750,17.500,244.700,72.100,4.640,
0.160,3.500,8,30,266.000,266.000,1596.630,17.500,233.200,68.040,4.660,
0.160,3.500,9,30,236.000,236.000,1892.170,17.500,181.700,61.940,4.880,
0.160,4.000,0,30,276.000,276.000,2180.830,20.000,206.100,66.570,5.060,
0.160,4.000,1,30,254.000,254.000,1802.420,20.000,213.500,81.830,4.820,
0.160,4.000,2,30,293.000,293.000,1742.070,20.000,284.900,84.400,4.730,
0.160,4.000,3,30,350.000,350.000,1864.600,20.000,256.100,88.280,4.910,
0.160,4.000,4,30,368.000,368.000,1860.570,20.000,259.300,82.150,4.910,
0.160,4.000,5,30,362.000,362.000,1909.830,20.000,255.500,112.720,4.940,
0.160,4.000,6,30,368.000,368.000,1933.990,20.000,279.200,97.140,4.930,
0.160,4.000,7,30,320.000,320.000,1781.020,20.000,263.200,78.850,4.640,
0.160,4.000,8,30,288.000,288.000,1548.880,20.000,248.800,78.100,4.590,
0.160,4.000,9,30,290.000,290.000,1738.650,20.000,206.600,84.860,4.740,
0.160,4.500,0,30,290.000,290.000,2110.970,22.500,216.600,65.600,5.050,
0.160,4.500,1,30,308.000,308.000,1794.210,22.500,265.100,87.690,4.890,
0.160,4.500,2,30,317.000,317.000,1704.380,22.500,308.200,94.570,4.730,
0.160,4.500,3,30,393.000,393.000,1852.840,22.500,290.200,98.690,5.030,
0.160,4.500,4,30,403.000,403.000,1868.100,22.500,291.700,92.320,4.970,
0.160,4.500,5,30,369.000,369.000,1913.560,22.500,306.200,121.610,4.980,
0.160,4.500,6,30,438.000,438.000,1827.970,22.500,300.700,111.240,4.860,
0.160,4.500,7,30,370.000,370.000,1805.000,22.500,282.000,96.100,4.670,
0.160,4.500,8,30,306.000,306.000,1553.480,22.500,260.800,81.170,4.610,
0.160,4.500,9,30,298.000,298.000,1762.340,22.500,217.600,85.500,4.740,
0.160,5.000,0,30,336.000,336.000,2119.500,25.000,240.200,82.940,5.130,
0.160,5.000,1,30,319.000,319.000,1857.770,25.000,275.800,102.190,4.900,
0.160,5.000,2,30,337.000,337.000,1705.160,25.000,328.500,98.970,4.730,
0.160,5.000,3,30,410.000,410.000,1864.800,25.000,299.600,90.150,4.820,
0.160,5.000,4,30,442.000,442.000,1928.690,25.000,329.800,100.820,4.940,
0.160,5.000,5,30,373.000,373.000,1946.180,25.000,346.100,124.010,4.940,
0.160,5.000,6,30,342.000,342.000,1853.740,25.000,331.400,117.730,4.790,
0.160,5.000,7,30,380.000,380.000,1843.990,25.000,297.600,109.180,4.900,
0.160,5.000,8,30,376.000,376.000,1558.030,25.000,279.100,112.430,4.840,
0.160,5.000,9,30,366.000,366.000,1744.140,25.000,321.800,100.920,4.760,
0.160,5.500,0,30,286.000,286.000,2065.110,27.500,241.000,75.440,5.050,
0.160,5.500,1,30,325.000,325.000,1811.040,27.500,315.000,107.720,4.880,
0.160,5.500,2,30,375.000,375.000,1724.590,27.500,366.900,112.540,4.730,
0.160,5.500,3,30,411.000,411.000,1776.320,27.500,327.200,116.830,4.820,
0.160,5.500,4,30,465.000,465.000,1887.730,27.500,350.600,116.820,4.930,
0.160,5.500,5,30,477.000,477.000,1992.210,27.500,363.000,152.410,5.110,
0.160,5.500,6,30,480.000,480.000,1927.800,27.500,352.100,137.210,5.120,
0.160,5.500,7,30,402.000,402.000,1741.380,27.500,309.600,129.200,4.810,
0.160,5.500,8,30,440.000,440.000,1471.150,27.500,429.800,122.900,4.840,
0.160,5.500,9,30,382.000,382.000,1770.220,27.500,334.100,105.840,4.800,
0.160,6.000,0,30,390.000,390.000,2017.940,30.000,291.700,82.550,5.030,
0.160,6.000,1,30,339.000,339.000,1841.860,30.000,328.500,111.700,4.870,
0.160,6.000,2,30,457.000,457.000,1758.400,30.000,446.100,113.680,4.780,
0.160,6.000,3,30,434.000,434.000,1822.740,30.000,347.200,127.870,4.970,
0.160,6.000,4,30,376.000,376.000,1877.090,30.000,362.200,120.200,4.980,
0.160,6.000,5,30,501.000,501.000,2038.270,30.000,385.500,159.340,5.270,
0.160,6.000,6,30,384.000,384.000,1832.840,30.000,373.700,117.380,4.970,
0.160,6.000,7,30,476.000,476.000,1769.510,30.000,321.200,137.990,4.910,
0.160,6.000,8,30,479.000,479.000,1556.960,30.000,468.900,135.810,4.960,
0.160,6.000,9,30,401.000,401.000,1744.140,30.000,351.500,117.660,4.810,
0.160,6.500,0,30,389.000,389.000,1965.690,32.500,291.900,88.230,4.950,
0.160,6.500,1,30,423.000,423.000,1832.970,32.500,355.000,133.470,4.940,
0.160,6.500,2,30,532.000,532.000,1763.880,32.500,523.900,138.600,4.860,
0.160,6.500,3,30,479.000,479.000,1830.060,32.500,385.400,139.580,4.920,
0.160,6.500,4,30,391.000,391.000,1877.090,32.500,379.500,125.860,5.090,
0.160,6.500,5,30,614.000,614.000,2103.410,32.500,399.300,182.600,5.370,
0.160,6.500,6,30,505.000,505.000,2046.730,32.500,412.700,146.500,5.190,
0.160,6.500,7,30,484.000,484.000,1804.340,32.500,329.600,151.500,4.920,
0.160,6.500,8,30,549.000,549.000,1526.050,32.500,511.200,151.060,4.910,
0.160,6.500,9,30,433.000,433.000,1682.520,32.500,380.100,120.150,4.800,
0.160,7.000,0,30,392.000,392.000,2100.120,35.000,292.900,91.740,5.100,
0.160,7.000,1,30,481.000,481.000,1861.710,35.000,372.500,156.600,4.940,
0.160,7.000,2,30,595.000,595.000,1701.050,35.000,586.400,152.850,4.740,
0.160,7.000,3,30,507.000,507.000,1792.860,35.000,409.800,151.780,4.960,
0.160,7.000,4,30,535.000,535.000,1787.730,35.000,395.800,152.620,5.070,
0.160,7.000,5,30,544.000,544.000,2050.280,35.000,441.300,182.120,5.300,
0.160,7.000,6,30,546.000,546.000,1958.620,35.000,436.900,153.970,5.160,
0.160,7.000,7,30,519.000,519.000,1804.340,35.000,435.900,157.040,4.970,
0.160,7.000,8,30,575.000,575.000,1480.610,35.000,528.200,166.650,4.910,
0.160,7.000,9,30,443.000,443.000,1783.610,35.000,388.400,120.250,4.930,
0.170,3.000,0,30,179.000,179.000,2073.980,15.000,158.400,50.030,4.970,
0.170,3.000,1,30,222.000,222.000,1862.870,15.000,192.500,76.880,4.680,
0.170,3.000,2,30,227.000,227.000,1725.730,15.000,216.400,71.130,4.690,
0.170,3.000,3,30,315.000,315.000,1831.350,15.000,213.800,77.650,4.960,
0.170,3.000,4,30,294.000,294.000,1723.510,15.000,189.800,67.560,4.770,
0.170,3.000,5,30,349.000,349.000,2165.990,15.000,237.300,101.780,5.280,
0.170,3.000,6,30,291.000,291.000,1931.570,15.000,221.400,80.070,5.020,
0.170,3.000,7,30,293.000,293.000,1734.900,15.000,214.400,73.940,4.580,
0.170,3.000,8,30,266.000,266.000,1564.700,15.000,228.200,74.610,4.720,
0.170,3.000,9,30,287.000,287.000,1868.030,15.000,182.500,66.840,4.890,
0.170,3.500,0,30,271.000,271.000,2087.950,17.500,205.400,62.190,4.970,
0.170,3.500,1,30,238.000,238.000,1822.710,17.500,209.800,81.060,4.910,
0.170,3.500,2,30,282.000,282.000,1736.380,17.500,273.400,74.790,4.800,
0.170,3.500,3,30,324.000,324.000,1815.060,17.500,236.200,85.920,4.950,
0.170,3.500,4,30,361.000,361.000,1792.510,17.500,251.000,83.230,4.950,
0.170,3.500,5,30,365.000,365.000,2041.840,17.500,253.700,102.630,5.160,
0.170,3.500,6,30,364.000,364.000,1828.620,17.500,272.100,97.140,4.900,
0.170,3.500,7,30,339.000,339.000,1748.720,17.500,263.400,90.610,4.710,
0.170,3.500,8,30,292.000,292.000,1597.020,17.500,247.100,82.870,4.740,
0.170,3.500,9,30,296.000,296.000,1774.480,17.500,206.000,81.030,4.710,
0.170,4.000,0,30,286.000,286.000,2072.210,20.000,216.800,70.180,5.040,
0.170,4.000,1,30,297.000,297.000,1842.590,20.000,225.700,93.550,4.930,
0.170,4.000,2,30,316.000,316.000,1720.820,20.000,307.300,85.880,4.790,
0.170,4.000,3,30,377.000,377.000,1778.910,20.000,283.100,100.420,4.940,
0.170,4.000,4,30,402.000,402.000,1850.390,20.000,287.200,97.960,5.090,
0.170,4.000,5,30,436.000,436.000,1923.120,20.000,303.300,134.670,5.040,
0.170,4.000,6,30,432.000,432.000,1828.620,20.000,294.000,107.200,4.890,
0.170,4.000,7,30,374.000,374.000,1798.480,20.000,284.100,103.270,4.760,
0.170,4.000,8,30,324.000,324.000,1653.730,20.000,260.400,90.840,4.630,
0.170,4.000,9,30,309.000,309.000,1756.080,20.000,220.800,92.890,4.740,
0.170,4.500,0,30,305.000,305.000,2110.970,22.500,232.000,67.770,5.120,
0.170,4.500,1,30,308.000,308.000,1823.250,22.500,289.700,101.070,4.930,
0.170,4.500,2,30,339.000,339.000,1704.380,22.500,330.500,104.410,4.780,
0.170,4.500,3,30,414.000,414.000,1822.840,22.500,309.400,117.420,4.960,
0.170,4.500,4,30,354.000,354.000,1810.900,22.500,277.300,100.960,4.930,
0.170,4.500,5,30,461.000,461.000,1935.670,22.500,345.500,143.280,5.080,
0.170,4.500,6,30,459.000,459.000,1876.290,22.500,328.100,123.300,4.990,
0.170,4.500,7,30,391.000,391.000,1772.980,22.500,302.700,118.880,4.620,
0.170,4.500,8,30,322.000,322.000,1557.160,22.500,280.600,101.510,4.910,
0.170,4.500,9,30,357.000,357.000,1817.860,22.500,314.900,101.690,4.910,
0.170,5.000,0,30,386.000,386.000,2143.850,25.000,287.000,91.610,5.270,
0.170,5.000,1,30,408.000,408.000,1870.580,25.000,314.600,130.320,5.090,
0.170,5.000,2,30,378.000,378.000,1704.650,25.000,369.700,118.790,4.950,
0.170,5.000,3,30,402.000,402.000,1811.730,25.000,324.800,127.870,5.010,
0.170,5.000,4,30,362.000,362.000,1926.820,25.000,336.800,113.760,5.190,
0.170,5.000,5,30,489.000,489.000,1994.320,25.000,364.300,153.510,5.220,
0.170,5.000,6,30,377.000,377.000,1924.830,25.000,349.800,129.630,5.220,
0.170,5.000,7,30,446.000,446.000,1772.300,25.000,313.900,127.890,5.020,
0.170,5.000,8,30,440.000,440.000,1659.560,25.000,429.600,122.100,5.130,
0.170,5.000,9,30,384.000,384.000,1659.270,25.000,337.500,114.300,4.910,
0.170,5.500,0,30,434.000,434.000,2123.990,27.500,327.000,103.870,5.340,
0.170,5.500,1,30,347.000,347.000,1895.360,27.500,331.600,123.010,5.150,
0.170,5.500,2,30,569.000,569.000,1732.580,27.500,445.600,148.690,5.070,
0.170,5.500,3,30,431.000,431.000,1830.060,27.500,347.800,136.770,4.990,
0.170,5.500,4,30,541.000,541.000,1861.650,27.500,368.600,139.780,5.060,
0.170,5.500,5,30,511.000,511.000,2123.790,27.500,389.600,178.750,5.390,
0.170,5.500,6,30,430.000,430.000,1924.830,27.500,381.400,135.890,5.130,
0.170,5.500,7,30,481.000,481.000,1819.750,27.500,327.000,133.510,5.060,
0.170,5.500,8,30,542.000,542.000,1466.480,27.500,472.900,155.730,4.940,
0.170,5.500,9,30,418.000,418.000,1717.340,27.500,370.400,124.170,4.890,
0.170,6.000,0,30,325.000,325.000,2119.800,30.000,278.000,98.310,5.180,
0.170,6.000,1,30,369.000,369.000,1877.730,30.000,358.400,129.980,4.940,
0.170,6.000,2,30,600.000,600.000,1630.270,30.000,528.000,149.240,4.810,
0.170,6.000,3,30,482.000,482.000,1856.710,30.000,387.900,140.210,4.900,
0.170,6.000,4,30,573.000,573.000,1864.240,30.000,402.700,167.610,5.040,
0.170,6.000,5,30,543.000,543.000,1994.510,30.000,428.700,190.330,5.310,
0.170,6.000,6,30,512.000,512.000,1832.840,30.000,413.900,143.330,5.100,
0.170,6.000,7,30,531.000,531.000,1740.560,30.000,348.100,159.620,4.910,
0.170,6.000,8,30,558.000,558.000,1474.300,30.000,515.300,173.370,4.980,
0.170,6.000,9,30,433.000,433.000,1717.340,30.000,383.400,128.290,4.900,
0.170,6.500,0,30,566.000,566.000,2105.790,32.500,427.800,120.130,5.230,
0.170,6.500,1,30,493.000,493.000,1838.400,32.500,378.300,165.330,5.040,
0.170,6.500,2,30,622.000,622.000,1698.320,32.500,592.400,171.630,4.910,
0.170,6.500,3,30,509.000,509.000,1818.200,32.500,404.800,152.730,4.990,
0.170,6.500,4,30,571.000,571.000,1872.940,32.500,418.200,181.410,5.280,
0.170,6.500,5,30,548.000,548.000,1994.510,32.500,449.600,201.080,5.370,
0.170,6.500,6,30,550.000,550.000,1996.520,32.500,438.500,160.640,5.270,
0.170,6.500,7,30,536.000,536.000,1804.340,32.500,440.800,171.770,5.060,
0.170,6.500,8,30,642.000,642.000,1473.900,32.500,540.900,188.920,4.950,
0.170,6.500,9,30,451.000,451.000,1757.980,32.500,398.500,133.660,4.960,
0.170,7.000,0,30,433.000,433.000,2030.280,35.000,380.900,113.410,5.140,
0.170,7.000,1,30,520.000,520.000,1822.290,35.000,392.600,171.360,5.020,
0.170,7.000,2,30,691.000,691.000,1722.030,35.000,682.100,182.200,4.900,
0.170,7.000,3,30,537.000,537.000,1737.730,35.000,440.000,154.590,5.010,
0.170,7.000,4,30,561.000,561.000,1796.710,35.000,439.200,193.880,5.300,
0.170,7.000,5,30,801.000,801.000,1875.090,35.000,469.400,225.430,5.330,
0.170,7.000,6,30,571.000,571.000,2029.340,35.000,468.200,170.260,5.300,
0.170,7.000,7,30,630.000,630.000,1734.380,35.000,576.600,195.600,5.080,
0.170,7.000,8,30,664.000,664.000,1473.900,35.000,568.300,197.290,5.010,
0.170,7.000,9,30,462.000,462.000,1773.230,35.000,407.100,141.330,4.960,
0.180,3.000,0,30,204.000,204.000,2080.250,15.000,165.800,56.290,5.000,
0.180,3.000,1,30,242.000,242.000,1789.250,15.000,205.100,76.350,4.740,
0.180,3.000,2,30,244.000,244.000,1627.300,15.000,235.700,76.470,4.610,
0.180,3.000,3,30,329.000,329.000,1808.770,15.000,227.500,80.090,4.960,
0.180,3.000,4,30,351.000,351.000,1810.620,15.000,241.100,76.790,4.910,
0.180,3.000,5,30,369.000,369.000,2024.520,15.000,250.300,112.250,5.200,
0.180,3.000,6,30,332.000,332.000,2031.380,15.000,233.100,88.000,5.150,
0.180,3.000,7,30,318.000,318.000,1848.300,15.000,259.800,90.140,4.860,
0.180,3.000,8,30,269.000,269.000,1468.750,15.000,242.600,84.970,4.780,
0.180,3.000,9,30,296.000,296.000,1756.560,15.000,205.900,79.510,4.810,
0.180,3.500,0,30,278.000,278.000,2089.840,17.500,214.500,67.750,4.900,
0.180,3.500,1,30,263.000,263.000,1866.460,17.500,220.900,93.760,5.000,
0.180,3.500,2,30,312.000,312.000,1688.390,17.500,302.400,91.010,4.860,
0.180,3.500,3,30,367.000,367.000,1821.770,17.500,262.500,105.600,4.920,
0.180,3.500,4,30,430.000,430.000,1788.680,17.500,288.700,102.760,5.080,
0.180,3.500,5,30,428.000,428.000,2030.020,17.500,297.300,128.100,5.300,
0.180,3.500,6,30,446.000,446.000,1960.360,17.500,283.900,113.520,5.120,
0.180,3.500,7,30,376.000,376.000,1781.740,17.500,282.700,111.190,4.770,
0.180,3.500,8,30,298.000,298.000,1572.980,17.500,258.000,91.690,4.820,
0.180,3.500,9,30,327.000,327.000,1764.730,17.500,219.900,95.160,4.740,
0.180,4.000,0,30,303.000,303.000,2128.140,20.000,233.500,81.860,5.190,
0.180,4.000,1,30,311.000,311.000,1949.150,20.000,285.200,104.040,5.110,
0.180,4.000,2,30,341.000,341.000,1741.050,20.000,329.400,107.890,4.870,
0.180,4.000,3,30,394.000,394.000,1839.390,20.000,299.400,118.520,5.030,
0.180,4.000,4,30,353.000,353.000,1768.020,20.000,268.200,102.370,4.990,
0.180,4.000,5,30,461.000,461.000,2020.960,20.000,341.600,156.270,5.290,
0.180,4.000,6,30,453.000,453.000,1885.710,20.000,321.900,125.620,5.050,
0.180,4.000,7,30,396.000,396.000,1791.040,20.000,303.400,121.680,4.810,
0.180,4.000,8,30,321.000,321.000,1613.570,20.000,280.100,100.900,4.590,
0.180,4.000,9,30,360.000,360.000,1737.060,20.000,315.100,102.840,4.980,
0.180,4.500,0,30,334.000,334.000,2133.870,22.500,261.000,83.340,5.260,
0.180,4.500,1,30,425.000,425.000,1802.580,22.500,311.700,120.980,5.070,
0.180,4.500,2,30,395.000,395.000,1634.010,22.500,369.600,128.780,4.910,
0.180,4.500,3,30,429.000,429.000,1810.380,22.500,323.000,125.460,5.090,
0.180,4.500,4,30,404.000,404.000,1823.010,22.500,332.400,114.180,5.220,
0.180,4.500,5,30,491.000,491.000,2066.700,22.500,362.800,166.710,5.320,
0.180,4.500,6,30,489.000,489.000,2000.570,22.500,343.900,138.350,5.260,
0.180,4.500,7,30,444.000,444.000,1777.850,22.500,319.200,137.980,4.620,
0.180,4.500,8,30,473.000,473.000,1613.890,22.500,426.600,137.810,5.030,
0.180,4.500,9,30,424.000,424.000,1707.110,22.500,337.300,114.230,5.030,
0.180,5.000,0,30,348.000,348.000,2076.070,25.000,270.500,88.330,5.260,
0.180,5.000,1,30,443.000,443.000,1863.930,25.000,332.400,148.510,5.150,
0.180,5.000,2,30,573.000,573.000,1668.720,25.000,442.100,155.110,5.000,
0.180,5.000,3,30,420.000,420.000,1815.110,25.000,340.600,126.600,5.020,
0.180,5.000,4,30,535.000,535.000,1831.730,25.000,383.000,140.930,5.230,
0.180,5.000,5,30,583.000,583.000,2076.450,25.000,390.500,175.380,5.360,
0.180,5.000,6,30,506.000,506.000,2000.570,25.000,380.000,155.710,5.000,
0.180,5.000,7,30,532.000,532.000,1756.950,25.000,336.300,159.420,4.930,
0.180,5.000,8,30,489.000,489.000,1565.350,25.000,472.800,152.510,5.080,
0.180,5.000,9,30,460.000,460.000,1727.710,25.000,370.600,134.250,5.090,
0.180,5.500,0,30,471.000,471.000,2064.350,27.500,363.800,117.830,5.370,
0.180,5.500,1,30,475.000,475.000,1841.390,27.500,361.800,154.950,5.140,
0.180,5.500,2,30,604.000,604.000,1674.540,27.500,529.700,169.900,5.060,
0.180,5.500,3,30,483.000,483.000,1781.590,27.500,369.000,151.040,4.980,
0.180,5.500,4,30,574.000,574.000,1878.460,27.500,413.100,158.040,5.130,
0.180,5.500,5,30,590.000,590.000,1893.240,27.500,431.600,200.700,5.070,
0.180,5.500,6,30,449.000,449.000,2021.040,27.500,408.200,159.950,5.260,
0.180,5.500,7,30,527.000,527.000,1735.480,27.500,411.800,174.940,4.950,
0.180,5.500,8,30,557.000,557.000,1471.680,27.500,517.900,169.240,4.960,
0.180,5.500,9,30,486.000,486.000,1727.710,27.500,388.200,139.330,5.060,
0.180,6.000,0,30,481.000,481.000,2064.350,30.000,375.200,122.350,5.320,
0.180,6.000,1,30,495.000,495.000,1843.860,30.000,382.400,170.550,5.100,
0.180,6.000,2,30,641.000,641.000,1668.720,30.000,632.100,177.330,4.990,
0.180,6.000,3,30,569.000,569.000,1869.930,30.000,406.300,170.490,5.060,
0.180,6.000,4,30,574.000,574.000,1879.320,30.000,426.700,199.370,5.080,
0.180,6.000,5,30,661.000,661.000,1948.620,30.000,455.100,220.580,5.420,
0.180,6.000,6,30,555.000,555.000,1972.410,30.000,438.500,162.210,5.350,
0.180,6.000,7,30,620.000,620.000,1725.100,30.000,559.200,189.230,5.060,
0.180,6.000,8,30,577.000,577.000,1471.280,30.000,545.100,189.220,5.030,
0.180,6.000,9,30,490.000,490.000,1727.710,30.000,401.200,144.670,5.050,
0.180,6.500,0,30,597.000,597.000,2080.840,32.500,460.600,141.780,5.290,
0.180,6.500,1,30,619.000,619.000,1784.220,32.500,397.900,203.590,5.190,
0.180,6.500,2,30,694.000,694.000,1722.030,32.500,685.700,188.930,5.060,
0.180,6.500,3,30,577.000,577.000,1707.220,32.500,433.900,180.200,4.920,
0.180,6.500,4,30,679.000,679.000,1824.500,32.500,479.600,208.400,5.320,
0.180,6.500,5,30,804.000,804.000,1887.860,32.500,474.300,235.490,5.420,
0.180,6.500,6,30,664.000,664.000,1935.850,32.500,469.700,183.380,5.320,
0.180,6.500,7,30,643.000,643.000,1794.040,32.500,582.100,209.780,5.160,
0.180,6.500,8,30,701.000,701.000,1513.540,32.500,572.600,190.200,5.060,
0.180,6.500,9,30,471.000,471.000,1786.770,32.500,418.300,146.230,5.050,
0.180,7.000,0,30,618.000,618.000,2084.430,35.000,476.800,168.210,5.370,
0.180,7.000,1,30,604.000,604.000,1831.090,35.000,411.500,206.440,5.170,
0.180,7.000,2,30,726.000,726.000,1683.610,35.000,717.900,195.920,5.010,
0.180,7.000,3,30,666.000,666.000,1707.220,35.000,476.200,184.540,5.120,
0.180,7.000,4,30,669.000,669.000,1763.720,35.000,496.000,225.550,5.420,
0.180,7.000,5,30,776.000,776.000,1960.620,35.000,505.800,230.670,5.680,
0.180,7.000,6,30,603.000,603.000,2010.890,35.000,490.100,196.510,5.670,
0.180,7.000,7,30,671.000,671.000,1815.000,35.000,611.000,222.160,5.300,
0.180,7.000,8,30,633.000,633.000,1547.410,35.000,594.900,209.450,5.250,
0.180,7.000,9,30,521.000,521.000,1743.150,35.000,467.000,159.840,5.300,
0.190,3.000,0,30,231.000,231.000,2080.720,15.000,187.700,62.550,5.320,
0.190,3.000,1,30,243.000,243.000,1832.850,15.000,215.700,89.610,5.020,
0.190,3.000,2,30,312.000,312.000,1692.220,15.000,284.700,94.900,5.220,
0.190,3.000,3,30,362.000,362.000,1807.660,15.000,251.700,97.200,5.400,
0.190,3.000,4,30,397.000,397.000,1820.420,15.000,261.400,99.470,5.540,
0.190,3.000,5,30,411.000,411.000,2069.230,15.000,250.500,122.710,5.580,
0.190,3.000,6,30,366.000,366.000,1855.440,15.000,272.200,116.570,5.440,
0.190,3.000,7,30,375.000,375.000,1800.450,15.000,276.900,113.230,5.180,
0.190,3.000,8,30,336.000,336.000,1594.150,15.000,252.200,102.990,5.280,
0.190,3.000,9,30,324.000,324.000,1788.980,15.000,220.100,95.430,5.220,
0.190,3.500,0,30,290.000,290.000,2085.960,17.500,226.100,81.730,5.380,
0.190,3.500,1,30,265.000,265.000,1927.010,17.500,242.400,102.520,5.490,
0.190,3.500,2,30,410.000,410.000,1645.000,17.500,321.700,116.440,5.100,
0.190,3.500,3,30,382.000,382.000,1805.360,17.500,289.000,107.470,5.230,
0.190,3.500,4,30,367.000,367.000,1761.460,17.500,256.400,102.110,5.280,
0.190,3.500,5,30,453.000,453.000,2061.480,17.500,310.400,139.940,5.590,
0.190,3.500,6,30,441.000,441.000,1907.380,17.500,300.000,131.040,5.420,
0.190,3.500,7,30,393.000,393.000,1792.160,17.500,299.000,126.540,5.120,
0.190,3.500,8,30,407.000,407.000,1570.340,17.500,277.300,123.030,5.110,
0.190,3.500,9,30,367.000,367.000,1727.220,17.500,298.800,107.700,5.040,
0.190,4.000,0,30,329.000,329.000,2191.180,20.000,261.500,93.700,5.280,
0.190,4.000,1,30,426.000,426.000,1888.720,20.000,305.700,119.010,5.080,
0.190,4.000,2,30,562.000,562.000,1680.340,20.000,372.900,142.360,4.970,
0.190,4.000,3,30,417.000,417.000,1831.930,20.000,315.100,125.070,5.140,
0.190,4.000,4,30,504.000,504.000,1761.260,20.000,361.700,130.850,5.120,
0.190,4.000,5,30,526.000,526.000,2089.860,20.000,357.700,178.800,5.430,
0.190,4.000,6,30,485.000,485.000,1948.820,20.000,336.500,137.380,5.180,
0.190,4.000,7,30,451.000,451.000,1775.080,20.000,319.500,134.550,4.890,
0.190,4.000,8,30,479.000,479.000,1530.460,20.000,420.400,139.070,4.930,
0.190,4.000,9,30,429.000,429.000,1727.220,20.000,337.500,129.930,5.020,
0.190,4.500,0,30,348.000,348.000,2223.220,22.500,274.500,97.050,5.370,
0.190,4.500,1,30,444.000,444.000,1866.170,22.500,330.100,146.700,5.150,
0.190,4.500,2,30,566.000,566.000,1668.720,22.500,430.000,155.230,5.050,
0.190,4.500,3,30,441.000,441.000,1792.680,22.500,336.700,140.950,5.090,
0.190,4.500,4,30,530.000,530.000,1750.540,22.500,384.300,151.720,5.160,
0.190,4.500,5,30,584.000,584.000,2024.680,22.500,387.400,195.300,5.470,
0.190,4.500,6,30,414.000,414.000,1998.670,22.500,370.600,148.570,5.280,
0.190,4.500,7,30,479.000,479.000,1817.900,22.500,334.300,155.790,4.970,
0.190,4.500,8,30,556.000,556.000,1534.460,22.500,468.000,154.190,4.980,
0.190,4.500,9,30,460.000,460.000,1746.990,22.500,357.800,136.950,5.030,
0.190,5.000,0,30,473.000,473.000,2075.580,25.000,366.600,122.260,5.360,
0.190,5.000,1,30,586.000,586.000,1853.810,25.000,359.600,178.090,5.260,
0.190,5.000,2,30,604.000,604.000,1668.720,25.000,527.700,168.930,5.100,
0.190,5.000,3,30,475.000,475.000,1794.110,25.000,363.200,157.420,5.140,
0.190,5.000,4,30,569.000,569.000,1818.150,25.000,416.400,167.390,5.280,
0.190,5.000,5,30,664.000,664.000,1905.330,25.000,430.600,210.800,5.340,
0.190,5.000,6,30,444.000,444.000,1981.920,25.000,402.700,160.060,5.170,
0.190,5.000,7,30,533.000,533.000,1756.630,25.000,408.900,180.720,4.960,
0.190,5.000,8,30,580.000,580.000,1489.320,25.000,515.600,164.490,4.950,
0.190,5.000,9,30,485.000,485.000,1776.940,25.000,388.500,143.880,5.140,
0.190,5.500,0,30,547.000,547.000,2058.770,27.500,435.900,143.050,5.430,
0.190,5.500,1,30,576.000,576.000,1832.620,27.500,383.200,190.040,5.280,
0.190,5.500,2,30,639.000,639.000,1714.240,27.500,630.800,186.790,5.130,
0.190,5.500,3,30,580.000,580.000,1796.250,27.500,406.700,169.920,5.150,
0.190,5.500,4,30,593.000,593.000,1832.860,27.500,432.300,201.500,5.250,
0.190,5.500,5,30,702.000,702.000,1956.260,27.500,457.700,245.270,5.390,
0.190,5.500,6,30,616.000,616.000,1927.950,27.500,436.500,192.420,5.290,
0.190,5.500,7,30,622.000,622.000,1809.570,27.500,559.200,205.540,5.120,
0.190,5.500,8,30,596.000,596.000,1526.120,27.500,553.100,193.800,5.120,
0.190,5.500,9,30,453.000,453.000,1798.640,27.500,406.000,146.870,5.170,
0.190,6.000,0,30,573.000,573.000,2053.210,30.000,453.900,176.620,5.450,
0.190,6.000,1,30,591.000,591.000,1835.470,30.000,400.400,197.720,5.270,
0.190,6.000,2,30,694.000,694.000,1689.810,30.000,685.600,198.910,5.120,
0.190,6.000,3,30,652.000,652.000,1919.900,30.000,432.500,195.770,5.320,
0.190,6.000,4,30,678.000,678.000,1817.060,30.000,483.500,216.730,5.230,
0.190,6.000,5,30,799.000,799.000,1940.180,30.000,477.600,264.520,5.410,
0.190,6.000,6,30,634.000,634.000,1949.150,30.000,468.700,203.650,5.400,
0.190,6.000,7,30,647.000,647.000,1846.050,30.000,584.200,215.090,5.260,
0.190,6.000,8,30,641.000,641.000,1458.590,30.000,576.600,204.330,5.120,
0.190,6.000,9,30,470.000,470.000,1900.840,30.000,420.400,152.800,5.240,
0.190,6.500,0,30,635.000,635.000,2062.540,32.500,496.500,184.770,5.440,
0.190,6.500,1,30,641.000,641.000,1780.060,32.500,433.900,219.020,5.270,
0.190,6.500,2,30,729.000,729.000,1688.240,32.500,720.400,211.220,5.130,
0.190,6.500,3,30,750.000,750.000,1904.510,32.500,503.600,220.840,5.290,
0.190,6.500,4,30,719.000,719.000,1871.310,32.500,587.800,242.080,5.390,
0.190,6.500,5,30,816.000,816.000,1952.580,32.500,511.800,264.610,5.570,
0.190,6.500,6,30,651.000,651.000,2000.330,32.500,490.700,213.610,5.550,
0.190,6.500,7,30,676.000,676.000,1881.290,32.500,614.400,235.760,5.250,
0.190,6.500,8,30,658.000,658.000,1458.760,32.500,599.600,213.720,5.130,
0.190,6.500,9,30,700.000,700.000,1825.150,32.500,482.700,189.270,5.230,
0.190,7.000,0,30,647.000,647.000,2163.300,35.000,509.700,182.270,5.470,
0.190,7.000,1,30,706.000,706.000,1847.300,35.000,447.100,243.260,5.350,
0.190,7.000,2,30,784.000,784.000,1705.440,35.000,776.000,233.560,5.110,
0.190,7.000,3,30,776.000,776.000,1904.510,35.000,543.800,228.600,5.460,
0.190,7.000,4,30,707.000,707.000,1798.180,35.000,671.400,253.180,5.470,
0.190,7.000,5,30,888.000,888.000,1969.690,35.000,550.100,264.010,5.670,
0.190,7.000,6,30,726.000,726.000,1954.250,35.000,511.600,222.590,5.500,
0.190,7.000,7,30,728.000,728.000,1828.280,35.000,666.300,245.630,5.300,
0.190,7.000,8,30,684.000,684.000,1458.760,35.000,624.500,226.400,5.150,
0.190,7.000,9,30,713.000,713.000,1886.620,35.000,495.700,199.110,5.220,
0.200,3.000,0,30,277.000,277.000,2080.720,15.000,217.900,76.690,5.140,
0.200,3.000,1,30,270.000,270.000,1889.430,15.000,225.600,99.510,5.030,
0.200,3.000,2,30,510.000,510.000,1727.100,15.000,323.500,133.440,4.970,
0.200,3.000,3,30,383.000,383.000,1826.170,15.000,277.400,106.690,5.040,
0.200,3.000,4,30,366.000,366.000,1857.800,15.000,244.600,103.340,5.120,
0.200,3.000,5,30,437.000,437.000,2030.430,15.000,300.200,150.380,5.350,
0.200,3.000,6,30,430.000,430.000,2010.150,15.000,287.600,130.210,5.320,
0.200,3.000,7,30,443.000,443.000,1847.320,15.000,292.200,130.080,5.020,
0.200,3.000,8,30,398.000,398.000,1555.930,15.000,263.300,119.080,4.910,
0.200,3.000,9,30,367.000,367.000,1762.610,15.000,245.200,107.900,5.000,
0.200,3.500,0,30,306.000,306.000,2138.540,17.500,242.100,89.740,5.220,
0.200,3.500,1,30,425.000,425.000,1786.270,17.500,288.900,135.650,4.960,
0.200,3.500,2,30,539.000,539.000,1683.100,17.500,359.100,143.280,4.960,
0.200,3.500,3,30,407.000,407.000,1830.760,17.500,305.800,128.900,5.210,
0.200,3.500,4,30,413.000,413.000,1762.290,17.500,304.800,115.800,5.300,
0.200,3.500,5,30,475.000,475.000,2097.250,17.500,349.000,155.680,5.480,
0.200,3.500,6,30,479.000,479.000,1950.900,17.500,324.900,144.590,5.350,
0.200,3.500,7,30,451.000,451.000,1804.940,17.500,313.600,155.140,5.130,
0.200,3.500,8,30,479.000,479.000,1591.780,17.500,392.600,142.980,5.060,
0.200,3.500,9,30,427.000,427.000,1847.450,17.500,330.100,133.370,5.160,
0.200,4.000,0,30,491.000,491.000,2070.990,20.000,343.400,118.430,5.420,
0.200,4.000,1,30,448.000,448.000,1847.850,20.000,325.700,144.820,5.230,
0.200,4.000,2,30,480.000,480.000,1675.430,20.000,397.100,159.360,5.090,
0.200,4.000,3,30,439.000,439.000,1813.740,20.000,334.000,150.780,5.170,
0.200,4.000,4,30,527.000,527.000,1733.260,20.000,382.500,146.970,5.220,
0.200,4.000,5,30,581.000,581.000,1958.720,20.000,381.400,195.630,5.390,
0.200,4.000,6,30,420.000,420.000,1927.580,20.000,351.700,156.350,5.210,
0.200,4.000,7,30,507.000,507.000,1791.160,20.000,346.200,169.860,5.040,
0.200,4.000,8,30,568.000,568.000,1530.770,20.000,439.500,152.310,5.010,
0.200,4.000,9,30,461.000,461.000,1776.940,20.000,356.700,140.870,4.980,
0.200,4.500,0,30,479.000,479.000,2080.510,22.500,367.800,133.700,5.380,
0.200,4.500,1,30,595.000,595.000,1817.320,22.500,357.900,178.160,5.250,
0.200,4.500,2,30,594.000,594.000,1689.810,22.500,522.100,180.610,5.060,
0.200,4.500,3,30,600.000,600.000,1891.220,22.500,358.800,178.510,5.270,
0.200,4.500,4,30,542.000,542.000,1798.680,22.500,417.000,178.180,5.230,
0.200,4.500,5,30,646.000,646.000,1945.470,22.500,426.200,213.490,5.420,
0.200,4.500,6,30,526.000,526.000,1904.660,22.500,392.100,179.310,5.300,
0.200,4.500,7,30,572.000,572.000,1788.310,22.500,408.200,193.690,5.060,
0.200,4.500,8,30,612.000,612.000,1550.970,22.500,511.000,177.460,5.000,
0.200,4.500,9,30,482.000,482.000,1776.940,22.500,386.100,141.790,5.070,
0.200,5.000,0,30,590.000,590.000,2129.950,25.000,444.900,169.840,5.580,
0.200,5.000,1,30,500.000,500.000,1813.250,25.000,381.600,178.510,5.210,
0.200,5.000,2,30,631.000,631.000,1724.980,25.000,592.000,201.920,5.150,
0.200,5.000,3,30,686.000,686.000,1920.870,25.000,408.700,202.780,5.410,
0.200,5.000,4,30,567.000,567.000,1797.800,25.000,435.500,205.880,5.350,
0.200,5.000,5,30,823.000,823.000,2008.550,25.000,454.800,251.010,5.530,
0.200,5.000,6,30,617.000,617.000,1908.150,25.000,431.100,183.930,5.350,
0.200,5.000,7,30,810.000,810.000,1832.130,25.000,511.000,216.680,5.070,
0.200,5.000,8,30,724.000,724.000,1482.090,25.000,542.700,207.230,5.060,
0.200,5.000,9,30,546.000,546.000,1936.650,25.000,404.800,166.250,5.310,
0.200,5.500,0,30,632.000,632.000,2075.810,27.500,466.700,190.450,5.460,
0.200,5.500,1,30,620.000,620.000,1760.480,27.500,400.700,212.120,5.200,
0.200,5.500,2,30,690.000,690.000,1708.200,27.500,681.400,228.180,5.160,
0.200,5.500,3,30,723.000,723.000,1940.310,27.500,428.200,216.520,5.430,
0.200,5.500,4,30,688.000,688.000,1849.560,27.500,489.400,233.180,5.360,
0.200,5.500,5,30,796.000,796.000,2024.470,27.500,478.000,276.940,5.530,
0.200,5.500,6,30,637.000,637.000,2062.920,27.500,463.600,215.720,5.400,
0.200,5.500,7,30,709.000,709.000,1846.050,27.500,581.900,225.970,5.210,
0.200,5.500,8,30,766.000,766.000,1500.820,27.500,576.700,213.090,5.220,
0.200,5.500,9,30,472.000,472.000,1844.360,27.500,425.000,159.380,5.310,
0.200,6.000,0,30,614.000,614.000,2065.990,30.000,481.600,203.690,5.710,
0.200,6.000,1,30,642.000,642.000,1774.480,30.000,443.800,223.820,5.410,
0.200,6.000,2,30,728.000,728.000,1724.980,30.000,719.400,228.820,5.270,
0.200,6.000,3,30,752.000,752.000,1949.680,30.000,503.500,233.140,5.540,
0.200,6.000,4,30,713.000,713.000,1862.400,30.000,629.000,245.670,5.430,
0.200,6.000,5,30,871.000,871.000,2025.460,30.000,525.700,286.160,5.690,
0.200,6.000,6,30,701.000,701.000,2067.040,30.000,488.800,231.110,5.550,
0.200,6.000,7,30,678.000,678.000,1816.450,30.000,615.000,240.020,5.350,
0.200,6.000,8,30,775.000,775.000,1562.550,30.000,601.600,232.610,5.230,
0.200,6.000,9,30,632.000,632.000,1851.850,30.000,484.300,189.990,5.290,
0.200,6.500,0,30,750.000,750.000,2039.890,32.500,513.900,229.810,5.580,
0.200,6.500,1,30,729.000,729.000,1853.160,32.500,454.200,248.120,5.430,
0.200,6.500,2,30,796.000,796.000,1647.940,32.500,778.300,260.900,5.180,
0.200,6.500,3,30,783.000,783.000,1948.320,32.500,544.500,252.130,5.370,
0.200,6.500,4,30,686.000,686.000,1861.330,32.500,674.700,254.980,5.430,
0.200,6.500,5,29,1080.000,,3782.230,32.500,571.900,323.730,8.360,
0.200,6.500,6,30,690.000,690.000,2153.960,32.500,511.300,244.230,5.820,
0.200,6.500,7,30,732.000,732.000,1816.450,32.500,668.700,241.770,5.380,
0.200,6.500,8,30,770.000,770.000,1539.280,32.500,630.300,257.130,5.350,
0.200,6.500,9,30,645.000,645.000,1991.320,32.500,543.500,204.440,5.490,
0.200,7.000,0,30,702.000,702.000,2007.840,35.000,580.400,239.600,5.570,
0.200,7.000,1,30,738.000,738.000,1847.860,35.000,480.000,254.030,5.460,
0.200,7.000,2,30,863.000,863.000,1675.880,35.000,854.400,276.660,5.210,
0.200,7.000,3,30,870.000,870.000,1908.090,35.000,585.000,263.340,5.090,
0.200,7.000,4,30,744.000,744.000,1855.010,35.000,699.400,272.240,5.100,
0.200,7.000,5,29,1080.000,,3680.180,35.000,595.600,326.990,7.000,
0.200,7.000,6,30,741.000,741.000,2055.040,35.000,534.500,267.510,5.270,
0.200,7.000,7,30,779.000,779.000,1771.960,35.000,715.900,253.340,4.790,
0.200,7.000,8,30,799.000,799.000,1542.220,35.000,659.700,271.870,4.880,
0.200,7.000,9,30,772.000,772.000,1909.080,35.000,565.700,227.360,4.810,
