I_U,T_INT,seed,nodes_completed,sim_duration_s,total_survey_time_s,fleet_distance_m,conv_time_min_s,conv_time_max_s,conv_time_mean_s,wall_time_s,error
0.050,3.000,0,30,88.000,88.000,2176.440,15.000,49.700,20.230,8.680,
0.050,3.000,1,30,97.000,97.000,1883.990,15.000,63.800,25.520,8.190,
0.050,3.000,2,30,85.000,85.000,1872.900,15.000,44.400,22.200,8.130,
0.050,3.000,3,30,94.000,94.000,1884.770,15.000,45.200,23.400,7.970,
0.050,3.000,4,30,75.000,75.000,1825.070,15.000,40.400,20.850,8.070,
0.050,3.000,5,30,93.000,93.000,2095.620,15.000,59.300,24.000,8.590,
0.050,3.000,6,30,80.000,80.000,2014.210,15.000,46.400,22.240,8.450,
0.050,3.000,7,30,74.000,74.000,1866.550,15.000,65.100,21.050,7.850,
0.050,3.000,8,30,108.000,108.000,1677.280,15.000,53.300,22.390,7.880,
0.050,3.000,9,30,99.000,99.000,1987.310,15.000,42.600,21.940,8.510,
0.050,3.500,0,30,90.000,90.000,2176.440,17.500,52.000,22.160,8.590,
0.050,3.500,1,30,106.000,106.000,1876.490,17.500,69.700,29.550,8.070,
0.050,3.500,2,30,90.000,90.000,1940.520,17.500,52.800,22.950,8.050,
0.050,3.500,3,30,105.000,105.000,1936.050,17.500,49.000,28.450,8.450,
0.050,3.500,4,30,127.000,127.000,1853.390,17.500,70.300,25.450,7.670,
0.050,3.500,5,30,102.000,102.000,2091.270,17.500,65.200,28.560,8.280,
0.050,3.500,6,30,114.000,114.000,2027.290,17.500,66.300,28.390,8.200,
0.050,3.500,7,30,106.000,106.000,1823.890,17.500,73.500,28.740,7.560,
0.050,3.500,8,30,112.000,112.000,1666.280,17.500,57.500,25.500,7.930,
0.050,3.500,9,30,106.000,106.000,2003.440,17.500,46.800,25.540,8.280,
0.050,4.000,0,30,116.000,116.000,2183.250,20.000,59.200,27.100,8.460,
0.050,4.000,1,30,119.000,119.000,1873.190,20.000,80.900,32.820,7.910,
0.050,4.000,2,30,119.000,119.000,1944.710,20.000,65.400,26.410,7.840,
0.050,4.000,3,30,119.000,119.000,1892.900,20.000,60.400,31.600,7.640,
0.050,4.000,4,30,134.000,134.000,1830.120,20.000,76.700,29.900,8.010,
0.050,4.000,5,30,110.000,110.000,2094.500,20.000,70.700,32.130,8.600,
0.050,4.000,6,30,144.000,144.000,1977.370,20.000,79.000,32.070,8.060,
0.050,4.000,7,30,119.000,119.000,1933.880,20.000,80.300,30.410,7.680,
0.050,4.000,8,30,120.000,120.000,1694.860,20.000,59.600,26.270,8.020,
0.050,4.000,9,30,108.000,108.000,1999.770,20.000,45.800,28.560,8.430,
0.050,4.500,0,30,127.000,127.000,2159.170,22.500,63.700,28.790,8.240,
0.050,4.500,1,30,129.000,129.000,1865.200,22.500,87.200,35.550,7.930,
0.050,4.500,2,30,118.000,118.000,1953.500,22.500,61.900,29.000,7.970,
0.050,4.500,3,30,112.000,112.000,1881.570,22.500,70.600,34.240,8.340,
0.050,4.500,4,30,139.000,139.000,1833.260,22.500,80.400,34.660,7.700,
0.050,4.500,5,30,141.000,141.000,2086.320,22.500,73.700,41.960,8.860,
0.050,4.500,6,30,151.000,151.000,2003.600,22.500,87.100,37.610,8.330,
0.050,4.500,7,30,124.000,124.000,1934.030,22.500,91.000,34.410,8.270,
0.050,4.500,8,30,121.000,121.000,1713.350,22.500,60.700,29.190,8.170,
0.050,4.500,9,30,129.000,129.000,1989.790,22.500,75.500,30.630,8.480,
0.050,5.000,0,30,135.000,135.000,2177.790,25.000,68.900,33.590,8.680,
0.050,5.000,1,30,131.000,131.000,1857.580,25.000,86.500,39.900,8.180,
0.050,5.000,2,30,114.000,114.000,1932.940,25.000,60.200,33.650,7.810,
0.050,5.000,3,30,123.000,123.000,1888.380,25.000,72.500,38.700,8.210,
0.050,5.000,4,30,141.000,141.000,1833.260,25.000,81.500,37.050,7.960,
0.050,5.000,5,30,159.000,159.000,2086.320,25.000,80.600,45.420,8.420,
0.050,5.000,6,30,161.000,161.000,1968.650,25.000,91.500,40.620,8.500,
0.050,5.000,7,30,137.000,137.000,1888.260,25.000,95.600,39.300,7.680,
0.050,5.000,8,30,121.000,121.000,1696.280,25.000,58.600,32.340,8.000,
0.050,5.000,9,30,131.000,131.000,1987.440,25.000,78.900,34.660,8.250,
0.050,5.500,0,30,143.000,143.000,2136.460,27.500,70.500,37.660,8.290,
0.050,5.500,1,30,134.000,134.000,1860.990,27.500,92.600,43.170,8.330,
0.050,5.500,2,30,132.000,132.000,1977.610,27.500,72.500,37.080,8.000,
0.050,5.500,3,30,136.000,136.000,1888.490,27.500,84.300,43.430,8.650,
0.050,5.500,4,30,147.000,147.000,1846.430,27.500,86.900,41.180,8.130,
0.050,5.500,5,30,162.000,162.000,2086.320,27.500,87.800,47.600,8.620,
0.050,5.500,6,30,173.000,173.000,1984.990,27.500,99.200,44.160,8.230,
0.050,5.500,7,30,133.000,133.000,1858.840,27.500,100.100,44.200,7.790,
0.050,5.500,8,30,120.000,120.000,1717.510,27.500,92.900,35.900,7.910,
0.050,5.500,9,30,133.000,133.000,1987.430,27.500,79.900,36.830,8.170,
0.050,6.000,0,30,145.000,145.000,2126.360,30.000,73.700,38.540,8.790,
0.050,6.000,1,30,133.000,133.000,1871.460,30.000,98.600,44.670,8.110,
0.050,6.000,2,30,140.000,140.000,1904.210,30.000,76.000,41.000,7.990,
0.050,6.000,3,30,140.000,140.000,1902.430,30.000,87.200,45.480,7.790,
0.050,6.000,4,30,157.000,157.000,1859.270,30.000,94.900,44.680,8.300,
0.050,6.000,5,30,161.000,161.000,2099.160,30.000,100.000,50.310,8.680,
0.050,6.000,6,30,150.000,150.000,2019.920,30.000,100.400,45.550,8.790,
0.050,6.000,7,30,131.000,131.000,1848.560,30.000,105.000,46.340,7.710,
0.050,6.000,8,30,139.000,139.000,1650.190,30.000,99.700,43.280,7.850,
0.050,6.000,9,30,153.000,153.000,1929.880,30.000,82.700,44.010,8.480,
0.050,6.500,0,30,147.000,147.000,2142.840,32.500,79.000,41.310,8.370,
0.050,6.500,1,30,211.000,211.000,1865.870,32.500,120.200,53.190,7.770,
0.050,6.500,2,30,147.000,147.000,1911.860,32.500,84.500,43.460,7.890,
0.050,6.500,3,30,206.000,206.000,1899.460,32.500,122.800,53.870,8.220,
0.050,6.500,4,30,159.000,159.000,1865.510,32.500,93.400,47.970,8.010,
0.050,6.500,5,30,212.000,212.000,2134.460,32.500,108.100,54.760,8.930,
0.050,6.500,6,30,184.000,184.000,2013.270,32.500,104.200,51.030,8.430,
0.050,6.500,7,30,133.000,133.000,1871.540,32.500,109.300,48.690,7.980,
0.050,6.500,8,30,157.000,157.000,1618.140,32.500,105.500,48.240,8.040,
0.050,6.500,9,30,154.000,154.000,2054.340,32.500,86.300,48.160,8.580,
0.050,7.000,0,30,141.000,141.000,2098.020,35.000,84.200,43.700,8.440,
0.050,7.000,1,30,223.000,223.000,1880.100,35.000,130.300,54.690,7.890,
0.050,7.000,2,30,155.000,155.000,1911.860,35.000,82.300,46.670,8.400,
0.050,7.000,3,30,195.000,195.000,1899.460,35.000,128.100,56.560,8.410,
0.050,7.000,4,30,175.000,175.000,1880.810,35.000,108.300,52.780,8.340,
0.050,7.000,5,30,171.000,171.000,2148.490,35.000,110.200,55.280,8.620,
0.050,7.000,6,30,177.000,177.000,2060.430,35.000,135.200,56.240,8.230,
0.050,7.000,7,30,179.000,179.000,1871.540,35.000,116.100,51.440,7.970,
0.050,7.000,8,30,169.000,169.000,1611.190,35.000,109.900,51.950,7.890,
0.050,7.000,9,30,165.000,165.000,1981.180,35.000,91.900,52.660,8.750,
0.060,3.000,0,30,88.000,88.000,2176.440,15.000,49.700,20.230,8.580,
0.060,3.000,1,30,97.000,97.000,1883.990,15.000,63.800,25.520,8.270,
0.060,3.000,2,30,85.000,85.000,1872.900,15.000,44.400,22.200,7.940,
0.060,3.000,3,30,94.000,94.000,1884.770,15.000,45.200,23.400,8.050,
0.060,3.000,4,30,75.000,75.000,1825.070,15.000,40.400,20.850,7.970,
0.060,3.000,5,30,93.000,93.000,2095.620,15.000,59.300,24.000,8.680,
0.060,3.000,6,30,80.000,80.000,2014.210,15.000,46.400,22.240,8.420,
0.060,3.000,7,30,74.000,74.000,1866.550,15.000,65.100,21.050,7.770,
0.060,3.000,8,30,108.000,108.000,1677.280,15.000,53.300,22.390,7.720,
0.060,3.000,9,30,99.000,99.000,1987.310,15.000,42.600,21.940,9.200,
0.060,3.500,0,30,90.000,90.000,2176.440,17.500,52.000,22.160,8.230,
0.060,3.500,1,30,106.000,106.000,1876.490,17.500,69.700,29.550,7.870,
0.060,3.500,2,30,90.000,90.000,1940.520,17.500,52.800,22.950,7.920,
0.060,3.500,3,30,105.000,105.000,1936.050,17.500,49.000,28.450,8.500,
0.060,3.500,4,30,127.000,127.000,1853.390,17.500,70.300,25.450,7.880,
0.060,3.500,5,30,102.000,102.000,2091.270,17.500,65.200,28.560,8.560,
0.060,3.500,6,30,114.000,114.000,2027.290,17.500,66.300,28.390,8.420,
0.060,3.500,7,30,106.000,106.000,1823.890,17.500,73.500,28.740,7.750,
0.060,3.500,8,30,112.000,112.000,1666.280,17.500,57.500,25.500,7.410,
0.060,3.500,9,30,106.000,106.000,2003.440,17.500,46.800,25.540,8.730,
0.060,4.000,0,30,116.000,116.000,2183.250,20.000,59.200,27.100,8.420,
0.060,4.000,1,30,119.000,119.000,1873.190,20.000,80.900,32.820,8.130,
0.060,4.000,2,30,119.000,119.000,1944.710,20.000,65.400,26.410,8.190,
0.060,4.000,3,30,119.000,119.000,1892.900,20.000,60.400,31.600,8.290,
0.060,4.000,4,30,134.000,134.000,1830.120,20.000,76.700,29.900,7.970,
0.060,4.000,5,30,110.000,110.000,2094.500,20.000,70.700,32.130,8.550,
0.060,4.000,6,30,144.000,144.000,1977.370,20.000,79.000,32.070,8.340,
0.060,4.000,7,30,119.000,119.000,1933.880,20.000,80.300,30.410,7.730,
0.060,4.000,8,30,120.000,120.000,1694.860,20.000,59.600,26.270,8.050,
0.060,4.000,9,30,108.000,108.000,1999.770,20.000,45.800,28.560,8.840,
0.060,4.500,0,30,127.000,127.000,2159.170,22.500,63.700,28.790,8.750,
0.060,4.500,1,30,129.000,129.000,1865.200,22.500,87.200,35.550,8.240,
0.060,4.500,2,30,118.000,118.000,1953.500,22.500,61.900,29.000,8.150,
0.060,4.500,3,30,112.000,112.000,1881.570,22.500,70.600,34.240,8.190,
0.060,4.500,4,30,139.000,139.000,1833.260,22.500,80.400,34.660,7.860,
0.060,4.500,5,30,141.000,141.000,2086.320,22.500,73.700,41.960,8.910,
0.060,4.500,6,30,151.000,151.000,2003.600,22.500,87.100,37.610,8.230,
0.060,4.500,7,30,124.000,124.000,1934.030,22.500,91.000,34.410,7.970,
0.060,4.500,8,30,121.000,121.000,1713.350,22.500,60.700,29.190,7.770,
0.060,4.500,9,30,129.000,129.000,1989.790,22.500,75.500,30.630,8.510,
0.060,5.000,0,30,135.000,135.000,2177.790,25.000,68.900,33.590,8.630,
0.060,5.000,1,30,131.000,131.000,1857.580,25.000,86.500,39.900,8.130,
0.060,5.000,2,30,114.000,114.000,1932.940,25.000,60.200,33.650,8.150,
0.060,5.000,3,30,123.000,123.000,1888.380,25.000,72.500,38.700,8.400,
0.060,5.000,4,30,141.000,141.000,1833.260,25.000,81.500,37.050,8.330,
0.060,5.000,5,30,159.000,159.000,2086.320,25.000,80.600,45.420,8.380,
0.060,5.000,6,30,161.000,161.000,1968.650,25.000,91.500,40.620,8.350,
0.060,5.000,7,30,137.000,137.000,1888.260,25.000,95.600,39.300,7.710,
0.060,5.000,8,30,121.000,121.000,1696.280,25.000,58.600,32.340,7.870,
0.060,5.000,9,30,131.000,131.000,1987.440,25.000,78.900,34.660,8.200,
0.060,5.500,0,30,143.000,143.000,2136.460,27.500,70.500,37.660,8.690,
0.060,5.500,1,30,134.000,134.000,1860.990,27.500,92.600,43.170,7.820,
0.060,5.500,2,30,132.000,132.000,1977.610,27.500,72.500,37.080,8.100,
0.060,5.500,3,30,136.000,136.000,1888.490,27.500,84.300,43.430,8.270,
0.060,5.500,4,30,147.000,147.000,1846.430,27.500,86.900,41.180,8.090,
0.060,5.500,5,30,162.000,162.000,2086.320,27.500,87.800,47.600,8.780,
0.060,5.500,6,30,173.000,173.000,1984.990,27.500,99.200,44.160,8.290,
0.060,5.500,7,30,133.000,133.000,1858.840,27.500,100.100,44.200,7.980,
0.060,5.500,8,30,120.000,120.000,1717.510,27.500,92.900,35.900,8.080,
0.060,5.500,9,30,133.000,133.000,1987.430,27.500,79.900,36.830,8.480,
0.060,6.000,0,30,145.000,145.000,2126.360,30.000,73.700,38.540,8.710,
0.060,6.000,1,30,133.000,133.000,1871.460,30.000,98.600,44.670,8.070,
0.060,6.000,2,30,140.000,140.000,1904.210,30.000,76.000,41.000,7.710,
0.060,6.000,3,30,140.000,140.000,1902.430,30.000,87.200,45.480,8.250,
0.060,6.000,4,30,157.000,157.000,1859.270,30.000,94.900,44.680,8.200,
0.060,6.000,5,30,161.000,161.000,2099.160,30.000,100.000,50.310,8.530,
0.060,6.000,6,30,150.000,150.000,2019.920,30.000,100.400,45.550,8.200,
0.060,6.000,7,30,131.000,131.000,1848.560,30.000,105.000,46.340,8.050,
0.060,6.000,8,30,139.000,139.000,1650.190,30.000,99.700,43.280,7.870,
0.060,6.000,9,30,153.000,153.000,1929.880,30.000,82.700,44.010,8.320,
0.060,6.500,0,30,147.000,147.000,2142.840,32.500,79.000,41.310,8.530,
0.060,6.500,1,30,211.000,211.000,1865.870,32.500,120.200,53.190,8.020,
0.060,6.500,2,30,147.000,147.000,1911.860,32.500,84.500,43.460,8.240,
0.060,6.500,3,30,206.000,206.000,1899.460,32.500,122.800,53.870,8.460,
0.060,6.500,4,30,159.000,159.000,1865.510,32.500,93.400,47.970,8.110,
0.060,6.500,5,30,212.000,212.000,2134.460,32.500,108.100,54.760,8.460,
0.060,6.500,6,30,184.000,184.000,2013.270,32.500,104.200,51.030,8.180,
0.060,6.500,7,30,133.000,133.000,1871.540,32.500,109.300,48.690,7.850,
0.060,6.500,8,30,157.000,157.000,1618.140,32.500,105.500,48.240,7.600,
0.060,6.500,9,30,154.000,154.000,2054.340,32.500,86.300,48.160,8.400,
0.060,7.000,0,30,141.000,141.000,2098.020,35.000,84.200,43.700,8.360,
0.060,7.000,1,30,223.000,223.000,1880.100,35.000,130.300,54.690,8.410,
0.060,7.000,2,30,155.000,155.000,1911.860,35.000,82.300,46.670,8.180,
0.060,7.000,3,30,195.000,195.000,1899.460,35.000,128.100,56.560,8.460,
0.060,7.000,4,30,175.000,175.000,1880.810,35.000,108.300,52.780,8.360,
0.060,7.000,5,30,171.000,171.000,2148.490,35.000,110.200,55.280,8.870,
0.060,7.000,6,30,177.000,177.000,2060.430,35.000,135.200,56.240,8.140,
0.060,7.000,7,30,179.000,179.000,1871.540,35.000,116.100,51.440,7.780,
0.060,7.000,8,30,169.000,169.000,1611.190,35.000,109.900,51.950,7.930,
0.060,7.000,9,30,165.000,165.000,1981.180,35.000,91.900,52.660,8.520,
0.070,3.000,0,30,88.000,88.000,2176.440,15.000,49.700,20.230,8.510,
0.070,3.000,1,30,97.000,97.000,1883.990,15.000,63.800,25.520,7.950,
0.070,3.000,2,30,85.000,85.000,1872.900,15.000,44.400,22.200,8.080,
0.070,3.000,3,30,94.000,94.000,1884.770,15.000,45.200,23.400,7.920,
0.070,3.000,4,30,75.000,75.000,1825.070,15.000,40.400,20.850,8.300,
0.070,3.000,5,30,93.000,93.000,2095.620,15.000,59.300,24.000,8.870,
0.070,3.000,6,30,80.000,80.000,2014.210,15.000,46.400,22.240,8.530,
0.070,3.000,7,30,74.000,74.000,1866.550,15.000,65.100,21.050,7.750,
0.070,3.000,8,30,108.000,108.000,1677.280,15.000,53.300,22.390,7.550,
0.070,3.000,9,30,99.000,99.000,1987.310,15.000,42.600,21.940,8.850,
0.070,3.500,0,30,90.000,90.000,2176.440,17.500,52.000,22.160,8.530,
0.070,3.500,1,30,106.000,106.000,1876.490,17.500,69.700,29.550,7.990,
0.070,3.500,2,30,90.000,90.000,1940.520,17.500,52.800,22.950,8.090,
0.070,3.500,3,30,105.000,105.000,1936.050,17.500,49.000,28.450,8.290,
0.070,3.500,4,30,127.000,127.000,1853.390,17.500,70.300,25.450,8.150,
0.070,3.500,5,30,102.000,102.000,2091.270,17.500,65.200,28.560,8.640,
0.070,3.500,6,30,114.000,114.000,2027.290,17.500,66.300,28.390,8.550,
0.070,3.500,7,30,106.000,106.000,1823.890,17.500,73.500,28.740,7.920,
0.070,3.500,8,30,112.000,112.000,1666.280,17.500,57.500,25.500,7.960,
0.070,3.500,9,30,106.000,106.000,2003.440,17.500,46.800,25.540,8.320,
0.070,4.000,0,30,116.000,116.000,2183.250,20.000,59.200,27.100,8.480,
0.070,4.000,1,30,119.000,119.000,1873.190,20.000,80.900,32.820,7.770,
0.070,4.000,2,30,119.000,119.000,1944.710,20.000,65.400,26.410,7.830,
0.070,4.000,3,30,119.000,119.000,1892.900,20.000,60.400,31.600,8.190,
0.070,4.000,4,30,134.000,134.000,1830.120,20.000,76.700,29.900,8.090,
0.070,4.000,5,30,110.000,110.000,2094.500,20.000,70.700,32.130,8.750,
0.070,4.000,6,30,144.000,144.000,1977.370,20.000,79.000,32.070,8.360,
0.070,4.000,7,30,119.000,119.000,1933.880,20.000,80.300,30.410,7.750,
0.070,4.000,8,30,120.000,120.000,1694.860,20.000,59.600,26.270,7.550,
0.070,4.000,9,30,108.000,108.000,1999.770,20.000,45.800,28.560,8.180,
0.070,4.500,0,30,127.000,127.000,2159.170,22.500,63.700,28.790,8.670,
0.070,4.500,1,30,129.000,129.000,1865.200,22.500,87.200,35.550,8.270,
0.070,4.500,2,30,118.000,118.000,1953.500,22.500,61.900,29.000,8.460,
0.070,4.500,3,30,112.000,112.000,1881.570,22.500,70.600,34.240,8.570,
0.070,4.500,4,30,139.000,139.000,1833.260,22.500,80.400,34.660,7.710,
0.070,4.500,5,30,141.000,141.000,2086.320,22.500,73.700,41.960,7.980,
0.070,4.500,6,30,151.000,151.000,2003.600,22.500,87.100,37.610,8.360,
0.070,4.500,7,30,124.000,124.000,1934.030,22.500,91.000,34.410,8.190,
0.070,4.500,8,30,121.000,121.000,1713.350,22.500,60.700,29.190,7.540,
0.070,4.500,9,30,129.000,129.000,1989.790,22.500,75.500,30.630,8.390,
0.070,5.000,0,30,135.000,135.000,2177.790,25.000,68.900,33.590,8.570,
0.070,5.000,1,30,131.000,131.000,1857.580,25.000,86.500,39.900,8.310,
0.070,5.000,2,30,114.000,114.000,1932.940,25.000,60.200,33.650,7.840,
0.070,5.000,3,30,123.000,123.000,1888.380,25.000,72.500,38.700,8.060,
0.070,5.000,4,30,141.000,141.000,1833.260,25.000,81.500,37.050,8.230,
0.070,5.000,5,30,159.000,159.000,2086.320,25.000,80.600,45.420,8.540,
0.070,5.000,6,30,161.000,161.000,1968.650,25.000,91.500,40.620,8.450,
0.070,5.000,7,30,137.000,137.000,1888.260,25.000,95.600,39.300,7.500,
0.070,5.000,8,30,121.000,121.000,1696.280,25.000,58.600,32.340,7.600,
0.070,5.000,9,30,131.000,131.000,1987.440,25.000,78.900,34.660,8.060,
0.070,5.500,0,30,143.000,143.000,2136.460,27.500,70.500,37.660,8.290,
0.070,5.500,1,30,134.000,134.000,1860.990,27.500,92.600,43.170,8.020,
0.070,5.500,2,30,132.000,132.000,1977.610,27.500,72.500,37.080,7.740,
0.070,5.500,3,30,136.000,136.000,1888.490,27.500,84.300,43.430,8.330,
0.070,5.500,4,30,147.000,147.000,1846.430,27.500,86.900,41.180,8.090,
0.070,5.500,5,30,162.000,162.000,2086.320,27.500,87.800,47.600,8.550,
0.070,5.500,6,30,173.000,173.000,1984.990,27.500,99.200,44.160,7.840,
0.070,5.500,7,30,133.000,133.000,1858.840,27.500,100.100,44.200,8.050,
0.070,5.500,8,30,120.000,120.000,1717.510,27.500,92.900,35.900,8.180,
0.070,5.500,9,30,133.000,133.000,1987.430,27.500,79.900,36.830,8.080,
0.070,6.000,0,30,145.000,145.000,2126.360,30.000,73.700,38.540,8.410,
0.070,6.000,1,30,133.000,133.000,1871.460,30.000,98.600,44.670,7.870,
0.070,6.000,2,30,140.000,140.000,1904.210,30.000,76.000,41.000,8.110,
0.070,6.000,3,30,140.000,140.000,1902.430,30.000,87.200,45.480,8.200,
0.070,6.000,4,30,157.000,157.000,1859.270,30.000,94.900,44.680,8.190,
0.070,6.000,5,30,161.000,161.000,2099.160,30.000,100.000,50.310,8.680,
0.070,6.000,6,30,150.000,150.000,2019.920,30.000,100.400,45.550,8.500,
0.070,6.000,7,30,131.000,131.000,1848.560,30.000,105.000,46.340,7.630,
0.070,6.000,8,30,139.000,139.000,1650.190,30.000,99.700,43.280,8.070,
0.070,6.000,9,30,153.000,153.000,1929.880,30.000,82.700,44.010,8.820,
0.070,6.500,0,30,147.000,147.000,2142.840,32.500,79.000,41.310,8.520,
0.070,6.500,1,30,211.000,211.000,1865.870,32.500,120.200,53.190,8.030,
0.070,6.500,2,30,147.000,147.000,1911.860,32.500,84.500,43.460,8.240,
0.070,6.500,3,30,206.000,206.000,1899.460,32.500,122.800,53.870,8.430,
0.070,6.500,4,30,159.000,159.000,1865.510,32.500,93.400,47.970,8.200,
0.070,6.500,5,30,212.000,212.000,2134.460,32.500,108.100,54.760,8.570,
0.070,6.500,6,30,184.000,184.000,2013.270,32.500,104.200,51.030,8.270,
0.070,6.500,7,30,133.000,133.000,1871.540,32.500,109.300,48.690,8.120,
0.070,6.500,8,30,157.000,157.000,1618.140,32.500,105.500,48.240,7.690,
0.070,6.500,9,30,154.000,154.000,2054.340,32.500,86.300,48.160,8.760,
0.070,7.000,0,30,141.000,141.000,2098.020,35.000,84.200,43.700,8.460,
0.070,7.000,1,30,223.000,223.000,1880.100,35.000,130.300,54.690,7.820,
0.070,7.000,2,30,155.000,155.000,1911.860,35.000,82.300,46.670,7.820,
0.070,7.000,3,30,195.000,195.000,1899.460,35.000,128.100,56.560,8.340,
0.070,7.000,4,30,175.000,175.000,1880.810,35.000,108.300,52.780,8.090,
0.070,7.000,5,30,171.000,171.000,2148.490,35.000,110.200,55.280,8.890,
0.070,7.000,6,30,177.000,177.000,2060.430,35.000,135.200,56.240,8.670,
0.070,7.000,7,30,179.000,179.000,1871.540,35.000,116.100,51.440,8.280,
0.070,7.000,8,30,169.000,169.000,1611.190,35.000,109.900,51.950,7.720,
0.070,7.000,9,30,165.000,165.000,1981.180,35.000,91.900,52.660,8.030,
0.080,3.000,0,30,88.000,88.000,2176.440,15.000,49.700,20.230,8.510,
0.080,3.000,1,30,99.000,99.000,1883.990,15.000,65.100,26.090,7.950,
0.080,3.000,2,30,85.000,85.000,1872.900,15.000,44.400,22.200,7.820,
0.080,3.000,3,30,94.000,94.000,1884.770,15.000,45.200,23.400,7.920,
0.080,3.000,4,30,75.000,75.000,1825.070,15.000,40.400,20.850,7.670,
0.080,3.000,5,30,93.000,93.000,2095.620,15.000,59.300,24.060,8.840,
0.080,3.000,6,30,80.000,80.000,2014.210,15.000,46.400,22.240,8.340,
0.080,3.000,7,30,75.000,75.000,1866.550,15.000,67.000,21.110,7.910,
0.080,3.000,8,30,108.000,108.000,1677.280,15.000,53.300,22.390,7.660,
0.080,3.000,9,30,99.000,99.000,1987.310,15.000,42.600,21.940,8.590,
0.080,3.500,0,30,90.000,90.000,2176.440,17.500,52.000,22.160,8.600,
0.080,3.500,1,30,106.000,106.000,1876.490,17.500,69.700,29.550,8.480,
0.080,3.500,2,30,90.000,90.000,1940.520,17.500,52.800,22.950,8.130,
0.080,3.500,3,30,105.000,105.000,1936.050,17.500,49.000,28.450,7.970,
0.080,3.500,4,30,127.000,127.000,1853.390,17.500,70.600,25.460,8.200,
0.080,3.500,5,30,102.000,102.000,2091.270,17.500,65.200,28.560,8.310,
0.080,3.500,6,30,127.000,127.000,2027.290,17.500,90.500,29.410,8.320,
0.080,3.500,7,30,106.000,106.000,1823.890,17.500,74.700,28.780,7.540,
0.080,3.500,8,30,112.000,112.000,1666.280,17.500,57.500,25.500,7.980,
0.080,3.500,9,30,106.000,106.000,2003.440,17.500,46.800,25.540,8.250,
0.080,4.000,0,30,116.000,116.000,2183.250,20.000,59.200,27.100,8.850,
0.080,4.000,1,30,119.000,119.000,1873.190,20.000,80.900,32.820,8.300,
0.080,4.000,2,30,119.000,119.000,1944.710,20.000,65.400,26.410,7.890,
0.080,4.000,3,30,119.000,119.000,1892.900,20.000,60.400,31.600,8.290,
0.080,4.000,4,30,134.000,134.000,1830.120,20.000,76.700,29.900,8.020,
0.080,4.000,5,30,110.000,110.000,2094.500,20.000,70.700,32.130,8.880,
0.080,4.000,6,30,144.000,144.000,1977.370,20.000,79.000,32.070,8.180,
0.080,4.000,7,30,119.000,119.000,1933.880,20.000,80.300,30.410,7.710,
0.080,4.000,8,30,120.000,120.000,1694.860,20.000,59.600,26.270,7.450,
0.080,4.000,9,30,108.000,108.000,1999.770,20.000,45.800,28.560,8.270,
0.080,4.500,0,30,127.000,127.000,2159.170,22.500,63.700,28.790,8.360,
0.080,4.500,1,30,129.000,129.000,1865.200,22.500,87.200,35.550,8.230,
0.080,4.500,2,30,118.000,118.000,1953.500,22.500,61.900,29.000,8.330,
0.080,4.500,3,30,112.000,112.000,1881.570,22.500,70.600,34.240,8.220,
0.080,4.500,4,30,139.000,139.000,1833.260,22.500,80.400,34.660,7.640,
0.080,4.500,5,30,141.000,141.000,2086.320,22.500,73.700,41.960,8.640,
0.080,4.500,6,30,151.000,151.000,2003.600,22.500,87.100,37.610,8.410,
0.080,4.500,7,30,124.000,124.000,1934.030,22.500,91.000,34.410,7.830,
0.080,4.500,8,30,121.000,121.000,1713.350,22.500,60.700,29.190,8.430,
0.080,4.500,9,30,129.000,129.000,1989.790,22.500,75.500,30.630,8.530,
0.080,5.000,0,30,135.000,135.000,2177.790,25.000,68.900,33.590,8.750,
0.080,5.000,1,30,131.000,131.000,1857.580,25.000,86.500,39.900,8.100,
0.080,5.000,2,30,114.000,114.000,1932.940,25.000,60.200,33.650,8.110,
0.080,5.000,3,30,123.000,123.000,1888.380,25.000,72.500,38.700,8.260,
0.080,5.000,4,30,141.000,141.000,1833.260,25.000,81.500,37.050,8.430,
0.080,5.000,5,30,159.000,159.000,2086.320,25.000,80.600,45.420,8.410,
0.080,5.000,6,30,161.000,161.000,1968.650,25.000,91.500,40.620,8.790,
0.080,5.000,7,30,137.000,137.000,1888.260,25.000,95.600,39.300,7.970,
0.080,5.000,8,30,121.000,121.000,1696.280,25.000,58.600,32.340,7.790,
0.080,5.000,9,30,131.000,131.000,1987.440,25.000,78.900,34.660,8.590,
0.080,5.500,0,30,143.000,143.000,2136.460,27.500,70.500,37.660,8.430,
0.080,5.500,1,30,134.000,134.000,1860.990,27.500,92.600,43.170,8.690,
0.080,5.500,2,30,132.000,132.000,1977.610,27.500,72.500,37.080,8.320,
0.080,5.500,3,30,136.000,136.000,1888.490,27.500,84.300,43.430,8.520,
0.080,5.500,4,30,147.000,147.000,1846.430,27.500,86.900,41.180,8.250,
0.080,5.500,5,30,162.000,162.000,2086.320,27.500,87.800,47.600,8.400,
0.080,5.500,6,30,173.000,173.000,1984.990,27.500,99.200,44.160,8.340,
0.080,5.500,7,30,133.000,133.000,1858.840,27.500,100.100,44.200,7.340,
0.080,5.500,8,30,120.000,120.000,1717.510,27.500,92.900,35.900,8.550,
0.080,5.500,9,30,133.000,133.000,1987.430,27.500,79.900,36.830,8.210,
0.080,6.000,0,30,145.000,145.000,2126.360,30.000,73.700,38.540,8.670,
0.080,6.000,1,30,133.000,133.000,1871.460,30.000,98.600,44.670,8.370,
0.080,6.000,2,30,140.000,140.000,1904.210,30.000,76.000,41.000,8.150,
0.080,6.000,3,30,140.000,140.000,1902.430,30.000,87.200,45.480,8.490,
0.080,6.000,4,30,157.000,157.000,1859.270,30.000,94.900,44.680,8.270,
0.080,6.000,5,30,161.000,161.000,2099.160,30.000,100.000,50.310,8.850,
0.080,6.000,6,30,150.000,150.000,2019.920,30.000,100.400,45.550,8.640,
0.080,6.000,7,30,131.000,131.000,1848.560,30.000,105.000,46.340,7.730,
0.080,6.000,8,30,139.000,139.000,1650.190,30.000,99.700,43.280,7.770,
0.080,6.000,9,30,153.000,153.000,1929.880,30.000,82.700,44.010,8.530,
0.080,6.500,0,30,147.000,147.000,2142.840,32.500,79.000,41.310,8.780,
0.080,6.500,1,30,211.000,211.000,1865.870,32.500,120.200,53.190,7.910,
0.080,6.500,2,30,147.000,147.000,1911.860,32.500,84.500,43.460,8.070,
0.080,6.500,3,30,206.000,206.000,1899.460,32.500,122.800,53.870,8.680,
0.080,6.500,4,30,159.000,159.000,1865.510,32.500,93.400,47.970,8.180,
0.080,6.500,5,30,212.000,212.000,2134.460,32.500,108.100,54.760,9.230,
0.080,6.500,6,30,184.000,184.000,2013.270,32.500,104.200,51.030,8.220,
0.080,6.500,7,30,133.000,133.000,1871.540,32.500,109.300,48.690,8.330,
0.080,6.500,8,30,157.000,157.000,1618.140,32.500,105.500,48.240,7.800,
0.080,6.500,9,30,154.000,154.000,2054.340,32.500,86.300,48.160,8.530,
0.080,7.000,0,30,141.000,141.000,2098.020,35.000,84.200,43.700,8.350,
0.080,7.000,1,30,223.000,223.000,1880.100,35.000,130.300,54.690,8.490,
0.080,7.000,2,30,155.000,155.000,1911.860,35.000,82.300,46.670,8.420,
0.080,7.000,3,30,195.000,195.000,1899.460,35.000,128.100,56.560,8.730,
0.080,7.000,4,30,175.000,175.000,1880.810,35.000,108.300,52.780,8.410,
0.080,7.000,5,30,171.000,171.000,2148.490,35.000,110.200,55.280,8.580,
0.080,7.000,6,30,177.000,177.000,2060.430,35.000,135.200,56.240,9.000,
0.080,7.000,7,30,179.000,179.000,1871.540,35.000,116.100,51.440,8.130,
0.080,7.000,8,30,169.000,169.000,1611.190,35.000,109.900,51.950,7.830,
0.080,7.000,9,30,165.000,165.000,1981.180,35.000,91.900,52.660,8.400,
0.090,3.000,0,30,88.000,88.000,2176.440,15.000,49.700,20.230,8.830,
0.090,3.000,1,30,105.000,105.000,1869.260,15.000,71.700,27.400,7.960,
0.090,3.000,2,30,85.000,85.000,1872.900,15.000,44.400,22.200,8.150,
0.090,3.000,3,30,94.000,94.000,1884.770,15.000,45.200,23.400,8.380,
0.090,3.000,4,30,75.000,75.000,1825.070,15.000,40.400,20.850,8.350,
0.090,3.000,5,30,101.000,101.000,2095.620,15.000,63.400,24.600,8.790,
0.090,3.000,6,30,124.000,124.000,2014.210,15.000,91.000,23.720,8.590,
0.090,3.000,7,30,84.000,84.000,1866.550,15.000,75.900,21.410,7.940,
0.090,3.000,8,30,108.000,108.000,1677.280,15.000,53.300,22.390,7.800,
0.090,3.000,9,30,99.000,99.000,1987.310,15.000,42.600,21.940,8.870,
0.090,3.500,0,30,90.000,90.000,2176.440,17.500,52.000,22.160,8.530,
0.090,3.500,1,30,111.000,111.000,1876.490,17.500,74.900,30.000,8.120,
0.090,3.500,2,30,90.000,90.000,1940.520,17.500,52.800,22.950,8.070,
0.090,3.500,3,30,105.000,105.000,1936.050,17.500,49.000,28.450,8.380,
0.090,3.500,4,30,133.000,133.000,1853.390,17.500,76.600,25.660,8.210,
0.090,3.500,5,30,107.000,107.000,2091.270,17.500,67.800,28.910,8.770,
0.090,3.500,6,30,139.000,139.000,2027.290,17.500,102.300,29.920,8.520,
0.090,3.500,7,30,106.000,106.000,1823.890,17.500,87.500,29.210,8.240,
0.090,3.500,8,30,112.000,112.000,1666.280,17.500,57.500,25.500,8.090,
0.090,3.500,9,30,106.000,106.000,2003.440,17.500,46.800,25.540,8.260,
0.090,4.000,0,30,116.000,116.000,2183.250,20.000,59.200,27.100,8.580,
0.090,4.000,1,30,126.000,126.000,1873.190,20.000,87.900,33.260,8.180,
0.090,4.000,2,30,119.000,119.000,1944.710,20.000,65.800,26.420,8.290,
0.090,4.000,3,30,119.000,119.000,1892.900,20.000,64.800,31.750,8.260,
0.090,4.000,4,30,141.000,141.000,1830.120,20.000,83.800,30.130,7.560,
0.090,4.000,5,30,114.000,114.000,2094.500,20.000,73.100,32.330,8.930,
0.090,4.000,6,30,153.000,153.000,1977.370,20.000,87.900,32.490,8.480,
0.090,4.000,7,30,119.000,119.000,1933.880,20.000,93.300,30.840,8.250,
0.090,4.000,8,30,120.000,120.000,1694.860,20.000,59.600,26.270,7.910,
0.090,4.000,9,30,108.000,108.000,1999.770,20.000,45.800,28.560,8.670,
0.090,4.500,0,30,127.000,127.000,2159.170,22.500,63.700,28.790,8.790,
0.090,4.500,1,30,133.000,133.000,1865.200,22.500,91.400,35.990,8.560,
0.090,4.500,2,30,118.000,118.000,1953.500,22.500,61.900,29.000,8.200,
0.090,4.500,3,30,113.000,113.000,1881.570,22.500,71.400,34.260,8.390,
0.090,4.500,4,30,144.000,144.000,1833.260,22.500,85.800,34.840,7.960,
0.090,4.500,5,30,141.000,141.000,2086.320,22.500,73.700,42.010,8.560,
0.090,4.500,6,30,154.000,154.000,2003.600,22.500,90.900,37.840,8.550,
0.090,4.500,7,30,124.000,124.000,1934.030,22.500,97.600,34.630,8.550,
0.090,4.500,8,30,121.000,121.000,1713.350,22.500,60.700,29.190,7.860,
0.090,4.500,9,30,129.000,129.000,1989.790,22.500,75.500,30.630,8.470,
0.090,5.000,0,30,135.000,135.000,2177.790,25.000,68.900,33.590,8.540,
0.090,5.000,1,30,131.000,131.000,1857.580,25.000,91.600,40.340,7.940,
0.090,5.000,2,30,114.000,114.000,1932.940,25.000,60.200,33.650,8.140,
0.090,5.000,3,30,123.000,123.000,1888.380,25.000,72.500,38.700,8.690,
0.090,5.000,4,30,144.000,144.000,1833.260,25.000,84.100,37.140,8.270,
0.090,5.000,5,30,161.000,161.000,2086.320,25.000,82.300,45.480,8.730,
0.090,5.000,6,30,164.000,164.000,1968.650,25.000,94.300,40.760,8.220,
0.090,5.000,7,30,137.000,137.000,1888.260,25.000,101.700,39.500,8.050,
0.090,5.000,8,30,121.000,121.000,1696.280,25.000,58.600,32.340,7.980,
0.090,5.000,9,30,131.000,131.000,1987.440,25.000,78.900,34.660,8.070,
0.090,5.500,0,30,143.000,143.000,2136.460,27.500,70.500,37.660,8.730,
0.090,5.500,1,30,134.000,134.000,1860.990,27.500,96.300,43.290,8.420,
0.090,5.500,2,30,132.000,132.000,1977.610,27.500,72.500,37.080,8.120,
0.090,5.500,3,30,137.000,137.000,1888.490,27.500,85.400,43.470,8.360,
0.090,5.500,4,30,148.000,148.000,1846.430,27.500,88.000,41.240,8.410,
0.090,5.500,5,30,168.000,168.000,2086.320,27.500,87.800,47.810,9.000,
0.090,5.500,6,30,193.000,193.000,1984.990,27.500,120.000,44.880,7.930,
0.090,5.500,7,30,133.000,133.000,1858.840,27.500,105.800,44.390,8.060,
0.090,5.500,8,30,120.000,120.000,1717.510,27.500,94.000,35.930,8.080,
0.090,5.500,9,30,133.000,133.000,1987.430,27.500,79.900,36.830,8.330,
0.090,6.000,0,30,145.000,145.000,2126.360,30.000,73.700,38.540,7.990,
0.090,6.000,1,30,133.000,133.000,1871.460,30.000,102.300,44.800,8.730,
0.090,6.000,2,30,140.000,140.000,1904.210,30.000,76.000,41.000,8.210,
0.090,6.000,3,30,140.000,140.000,1902.430,30.000,87.700,45.500,8.590,
0.090,6.000,4,30,169.000,169.000,1859.270,30.000,106.600,45.090,8.210,
0.090,6.000,5,30,161.000,161.000,2099.160,30.000,101.600,50.380,8.840,
0.090,6.000,6,30,150.000,150.000,2019.920,30.000,100.400,45.550,8.200,
0.090,6.000,7,30,131.000,131.000,1848.560,30.000,109.100,46.480,8.040,
0.090,6.000,8,30,145.000,145.000,1650.190,30.000,99.700,43.480,7.810,
0.090,6.000,9,30,153.000,153.000,1929.880,30.000,82.700,44.010,9.340,
0.090,6.500,0,30,147.000,147.000,2142.840,32.500,79.000,41.310,10.550,
0.090,6.500,1,30,217.000,217.000,1865.870,32.500,126.900,53.590,9.750,
0.090,6.500,2,30,147.000,147.000,1911.860,32.500,84.500,43.460,10.210,
0.090,6.500,3,30,216.000,216.000,1899.460,32.500,123.900,54.460,10.240,
0.090,6.500,4,30,169.000,169.000,1865.510,32.500,103.300,48.300,10.260,
0.090,6.500,5,30,212.000,212.000,2134.460,32.500,108.100,54.770,10.700,
0.090,6.500,6,30,184.000,184.000,2013.270,32.500,142.500,53.170,10.400,
0.090,6.500,7,30,133.000,133.000,1871.540,32.500,112.900,48.810,10.150,
0.090,6.500,8,30,157.000,157.000,1618.140,32.500,105.500,48.340,9.920,
0.090,6.500,9,30,154.000,154.000,2054.340,32.500,86.300,48.160,13.130,
0.090,7.000,0,30,141.000,141.000,2098.020,35.000,84.200,43.700,12.110,
0.090,7.000,1,30,225.000,225.000,1880.100,35.000,132.100,54.830,12.320,
0.090,7.000,2,30,155.000,155.000,1911.860,35.000,82.300,46.670,12.250,
0.090,7.000,3,30,195.000,195.000,1899.460,35.000,128.200,56.570,13.120,
0.090,7.000,4,30,176.000,176.000,1880.810,35.000,109.600,52.820,12.330,
0.090,7.000,5,30,171.000,171.000,2148.490,35.000,110.200,55.280,13.330,
0.090,7.000,6,30,177.000,177.000,2060.430,35.000,146.600,56.620,12.900,
0.090,7.000,7,30,179.000,179.000,1871.540,35.000,117.700,51.590,12.010,
0.090,7.000,8,30,169.000,169.000,1611.190,35.000,109.900,51.950,12.190,
0.090,7.000,9,30,165.000,165.000,1981.180,35.000,91.900,52.660,12.710,
0.100,3.000,0,30,88.000,88.000,2176.440,15.000,51.800,20.370,12.760,
0.100,3.000,1,30,111.000,111.000,1847.130,15.000,77.600,28.380,12.040,
0.100,3.000,2,30,89.000,89.000,1872.900,15.000,53.600,22.600,12.310,
0.100,3.000,3,30,97.000,97.000,1870.810,15.000,48.400,24.130,11.770,
0.100,3.000,4,30,89.000,89.000,1825.070,15.000,54.600,21.480,12.240,
0.100,3.000,5,30,110.000,110.000,2095.620,15.000,72.100,25.270,13.510,
0.100,3.000,6,30,132.000,132.000,2014.210,15.000,98.900,23.990,12.500,
0.100,3.000,7,30,102.000,102.000,1856.050,15.000,88.600,22.780,11.560,
0.100,3.000,8,30,109.000,109.000,1677.280,15.000,54.100,22.700,11.840,
0.100,3.000,9,30,99.000,99.000,1987.310,15.000,42.900,21.950,13.470,
0.100,3.500,0,30,96.000,96.000,2176.440,17.500,57.500,22.340,13.120,
0.100,3.500,1,30,123.000,123.000,1847.150,17.500,86.800,31.770,12.160,
0.100,3.500,2,30,113.000,113.000,1940.520,17.500,65.000,23.790,12.170,
0.100,3.500,3,30,120.000,120.000,1936.050,17.500,69.200,30.140,12.470,
0.100,3.500,4,30,139.000,139.000,1853.390,17.500,82.900,25.870,11.910,
0.100,3.500,5,30,115.000,115.000,2091.270,17.500,75.700,29.530,12.880,
0.100,3.500,6,30,151.000,151.000,1966.830,17.500,114.400,30.780,12.550,
0.100,3.500,7,30,119.000,119.000,1823.890,17.500,95.100,30.030,11.580,
0.100,3.500,8,30,112.000,112.000,1666.280,17.500,57.500,25.520,11.670,
0.100,3.500,9,30,106.000,106.000,2003.440,17.500,47.000,25.540,12.570,
0.100,4.000,0,30,116.000,116.000,2183.250,20.000,64.300,27.270,13.580,
0.100,4.000,1,30,133.000,133.000,1873.190,20.000,94.800,34.080,11.810,
0.100,4.000,2,30,126.000,126.000,1944.710,20.000,72.800,26.650,11.570,
0.100,4.000,3,30,121.000,121.000,1892.900,20.000,71.900,32.090,12.660,
0.100,4.000,4,30,151.000,151.000,1830.120,20.000,93.800,30.470,12.330,
0.100,4.000,5,30,120.000,120.000,2094.500,20.000,79.200,32.880,13.290,
0.100,4.000,6,30,162.000,162.000,1977.370,20.000,96.300,33.360,12.530,
0.100,4.000,7,30,122.000,122.000,1933.880,20.000,100.300,31.310,11.770,
0.100,4.000,8,30,120.000,120.000,1694.860,20.000,59.600,26.270,11.810,
0.100,4.000,9,30,108.000,108.000,1999.770,20.000,45.800,28.560,12.960,
0.100,4.500,0,30,127.000,127.000,2159.170,22.500,67.400,28.910,13.110,
0.100,4.500,1,30,142.000,142.000,1865.200,22.500,100.300,37.000,12.070,
0.100,4.500,2,30,119.000,119.000,1953.500,22.500,62.700,29.030,12.430,
0.100,4.500,3,30,120.000,120.000,1881.570,22.500,78.600,34.500,12.380,
0.100,4.500,4,30,154.000,154.000,1833.260,22.500,95.800,35.220,12.280,
0.100,4.500,5,30,171.000,171.000,2008.870,22.500,95.700,43.570,13.370,
0.100,4.500,6,30,164.000,164.000,2003.600,22.500,97.400,38.530,12.850,
0.100,4.500,7,30,125.000,125.000,1934.030,22.500,105.800,35.010,12.030,
0.100,4.500,8,30,121.000,121.000,1713.350,22.500,60.700,29.190,12.120,
0.100,4.500,9,30,134.000,134.000,1989.790,22.500,80.400,31.670,12.490,
0.100,5.000,0,30,135.000,135.000,2177.790,25.000,70.000,33.680,12.800,
0.100,5.000,1,30,138.000,138.000,1857.580,25.000,101.300,41.210,11.980,
0.100,5.000,2,30,114.000,114.000,1932.940,25.000,60.200,33.650,12.650,
0.100,5.000,3,30,146.000,146.000,1888.490,25.000,96.000,40.830,13.120,
0.100,5.000,4,30,153.000,153.000,1833.260,25.000,94.000,37.470,12.270,
0.100,5.000,5,30,174.000,174.000,2061.090,25.000,95.400,46.430,12.960,
0.100,5.000,6,30,189.000,189.000,1968.650,25.000,119.400,41.900,12.200,
0.100,5.000,7,30,137.000,137.000,1888.260,25.000,110.100,39.880,12.100,
0.100,5.000,8,30,121.000,121.000,1653.280,25.000,98.600,34.470,11.850,
0.100,5.000,9,30,136.000,136.000,1987.440,25.000,83.700,34.900,19.350,
0.100,5.500,0,30,143.000,143.000,2136.460,27.500,72.200,37.740,19.840,
0.100,5.500,1,30,134.000,134.000,1860.990,27.500,109.300,44.130,19.520,
0.100,5.500,2,30,132.000,132.000,1977.610,27.500,74.800,37.160,19.720,
0.100,5.500,3,30,151.000,151.000,1888.490,27.500,99.600,44.190,19.550,
0.100,5.500,4,30,171.000,171.000,1846.430,27.500,110.700,42.310,19.220,
0.100,5.500,5,30,176.000,176.000,2086.320,27.500,94.300,47.220,19.900,
0.100,5.500,6,30,155.000,155.000,1986.240,27.500,144.100,45.040,19.910,
0.100,5.500,7,30,133.000,133.000,1832.330,27.500,118.100,45.020,19.260,
0.100,5.500,8,30,120.000,120.000,1717.510,27.500,103.900,36.280,19.280,
0.100,5.500,9,30,161.000,161.000,2061.520,27.500,79.400,38.130,12.960,
0.100,6.000,0,30,125.000,125.000,2108.850,30.000,75.200,37.930,12.640,
0.100,6.000,1,30,138.000,138.000,1871.460,30.000,124.400,45.880,12.010,
0.100,6.000,2,30,140.000,140.000,1904.210,30.000,76.400,41.020,12.240,
0.100,6.000,3,30,156.000,156.000,1902.430,30.000,103.100,46.130,12.470,
0.100,6.000,4,30,181.000,181.000,1859.270,30.000,118.200,45.780,12.270,
0.100,6.000,5,30,172.000,172.000,2114.010,30.000,114.800,52.990,13.090,
0.100,6.000,6,30,160.000,160.000,2032.340,30.000,149.800,48.180,12.660,
0.100,6.000,7,30,131.000,131.000,1848.560,30.000,122.500,46.930,11.760,
0.100,6.000,8,30,153.000,153.000,1650.190,30.000,116.700,44.340,11.810,
0.100,6.000,9,30,151.000,151.000,1982.790,30.000,89.100,44.040,12.510,
0.100,6.500,0,30,147.000,147.000,2142.840,32.500,79.000,41.320,13.050,
0.100,6.500,1,30,227.000,227.000,1865.870,32.500,137.000,55.200,12.290,
0.100,6.500,2,30,147.000,147.000,1911.860,32.500,85.900,43.510,11.710,
0.100,6.500,3,30,272.000,272.000,1899.460,32.500,178.100,57.380,12.800,
0.100,6.500,4,30,180.000,180.000,1865.510,32.500,114.900,49.110,12.030,
0.100,6.500,5,30,218.000,218.000,2134.460,32.500,118.400,56.140,12.910,
0.100,6.500,6,30,213.000,213.000,2013.270,32.500,164.000,55.360,12.610,
0.100,6.500,7,30,135.000,135.000,1871.540,32.500,126.900,49.280,12.200,
0.100,6.500,8,30,162.000,162.000,1618.140,32.500,131.500,49.570,11.980,
0.100,6.500,9,30,155.000,155.000,2054.340,32.500,117.800,49.320,12.430,
0.100,7.000,0,30,141.000,141.000,2098.020,35.000,84.200,43.700,12.590,
0.100,7.000,1,30,236.000,236.000,1880.100,35.000,143.800,56.340,12.370,
0.100,7.000,2,30,155.000,155.000,1911.860,35.000,82.300,46.670,12.210,
0.100,7.000,3,30,195.000,195.000,1899.460,35.000,139.800,58.100,13.240,
0.100,7.000,4,30,188.000,188.000,1880.810,35.000,121.800,53.730,12.420,
0.100,7.000,5,30,171.000,171.000,2148.490,35.000,121.200,56.440,13.270,
0.100,7.000,6,30,181.000,181.000,2060.430,35.000,170.500,57.700,12.730,
0.100,7.000,7,30,185.000,185.000,1871.540,35.000,130.500,52.270,11.650,
0.100,7.000,8,30,169.000,169.000,1611.190,35.000,136.700,53.220,11.940,
0.100,7.000,9,30,165.000,165.000,1981.180,35.000,120.900,53.630,12.450,
0.110,3.000,0,30,97.000,97.000,2156.350,15.000,61.600,21.660,13.160,
0.110,3.000,1,30,121.000,121.000,1835.500,15.000,87.600,30.980,11.790,
0.110,3.000,2,30,111.000,111.000,1872.900,15.000,65.500,23.960,12.000,
0.110,3.000,3,30,110.000,110.000,1903.000,15.000,71.600,26.690,12.310,
0.110,3.000,4,30,95.000,95.000,1825.070,15.000,60.600,21.640,12.230,
0.110,3.000,5,30,116.000,116.000,2071.110,15.000,78.200,27.140,13.130,
0.110,3.000,6,30,145.000,145.000,1925.100,15.000,112.000,26.730,13.020,
0.110,3.000,7,30,104.000,104.000,1790.610,15.000,95.400,25.240,11.330,
0.110,3.000,8,30,114.000,114.000,1677.280,15.000,58.200,22.810,11.690,
0.110,3.000,9,30,105.000,105.000,1984.340,15.000,48.500,22.810,12.690,
0.110,3.500,0,30,103.000,103.000,2100.150,17.500,65.900,23.430,12.290,
0.110,3.500,1,30,130.000,130.000,1843.540,17.500,93.200,33.800,11.960,
0.110,3.500,2,30,119.000,119.000,1872.980,17.500,70.500,24.780,11.760,
0.110,3.500,3,30,116.000,116.000,1933.820,17.500,76.900,31.100,12.850,
0.110,3.500,4,30,144.000,144.000,1819.520,17.500,89.700,27.790,11.790,
0.110,3.500,5,30,121.000,121.000,2129.670,17.500,85.300,32.420,13.370,
0.110,3.500,6,30,159.000,159.000,1949.910,17.500,123.000,31.970,12.600,
0.110,3.500,7,30,125.000,125.000,1823.890,17.500,102.200,31.050,11.820,
0.110,3.500,8,30,115.000,115.000,1666.280,17.500,60.500,25.700,12.160,
0.110,3.500,9,30,111.000,111.000,2003.440,17.500,51.400,25.770,12.470,
0.110,4.000,0,30,118.000,118.000,2183.250,20.000,69.500,27.730,12.780,
0.110,4.000,1,30,141.000,141.000,1841.320,20.000,103.000,35.870,12.130,
0.110,4.000,2,30,149.000,149.000,1944.710,20.000,95.600,27.600,12.140,
0.110,4.000,3,30,120.000,120.000,1878.060,20.000,80.600,32.730,12.750,
0.110,4.000,4,30,162.000,162.000,1766.980,20.000,104.400,31.670,11.890,
0.110,4.000,5,30,126.000,126.000,2094.500,20.000,89.500,34.710,12.960,
0.110,4.000,6,30,169.000,169.000,1949.820,20.000,103.700,35.080,12.610,
0.110,4.000,7,30,126.000,126.000,1907.180,20.000,108.400,32.620,12.110,
0.110,4.000,8,30,119.000,119.000,1630.230,20.000,95.100,29.250,11.910,
0.110,4.000,9,30,128.000,128.000,1999.770,20.000,79.700,31.010,12.460,
0.110,4.500,0,30,128.000,128.000,2170.820,22.500,72.300,29.280,13.280,
0.110,4.500,1,30,150.000,150.000,1872.660,22.500,108.800,38.530,12.230,
0.110,4.500,2,30,126.000,126.000,1953.500,22.500,69.700,29.300,12.430,
0.110,4.500,3,30,142.000,142.000,1902.350,22.500,100.800,36.750,12.730,
0.110,4.500,4,30,165.000,165.000,1833.260,22.500,106.700,37.540,12.230,
0.110,4.500,5,30,179.000,179.000,2051.050,22.500,102.400,46.540,13.210,
0.110,4.500,6,30,153.000,153.000,1946.530,22.500,142.400,40.430,12.890,
0.110,4.500,7,30,130.000,130.000,1934.030,22.500,118.100,36.180,12.080,
0.110,4.500,8,30,126.000,126.000,1649.190,22.500,101.200,32.650,11.510,
0.110,4.500,9,30,141.000,141.000,1989.790,22.500,87.700,32.150,12.440,
0.110,5.000,0,30,142.000,142.000,2177.790,25.000,75.400,34.040,12.800,
0.110,5.000,1,30,147.000,147.000,1857.670,25.000,113.100,43.110,12.370,
0.110,5.000,2,30,114.000,114.000,1932.940,25.000,64.200,33.850,12.040,
0.110,5.000,3,30,154.000,154.000,1888.490,25.000,103.500,41.900,13.150,
0.110,5.000,4,30,165.000,165.000,1833.260,25.000,105.300,38.560,12.250,
0.110,5.000,5,30,185.000,185.000,2096.180,25.000,114.900,52.200,13.400,
0.110,5.000,6,30,160.000,160.000,2005.450,25.000,149.400,43.740,12.780,
0.110,5.000,7,30,161.000,161.000,1888.260,25.000,123.600,41.960,12.350,
0.110,5.000,8,30,121.000,121.000,1653.280,25.000,106.900,35.200,11.350,
0.110,5.000,9,30,124.000,124.000,2009.950,25.000,87.400,35.080,12.710,
0.110,5.500,0,30,157.000,157.000,2136.710,27.500,78.200,38.410,13.050,
0.110,5.500,1,30,144.000,144.000,1876.680,27.500,129.600,46.410,12.370,
0.110,5.500,2,30,136.000,136.000,1887.450,27.500,81.600,36.830,12.050,
0.110,5.500,3,30,160.000,160.000,1888.490,27.500,108.400,45.200,12.940,
0.110,5.500,4,30,182.000,182.000,1846.430,27.500,122.000,45.440,12.030,
0.110,5.500,5,30,189.000,189.000,2099.350,27.500,119.300,53.150,12.990,
0.110,5.500,6,30,176.000,176.000,1927.270,27.500,165.500,47.800,12.550,
0.110,5.500,7,30,162.000,162.000,1832.330,27.500,130.100,47.270,11.820,
0.110,5.500,8,30,140.000,140.000,1719.200,27.500,131.000,38.160,12.810,
0.110,5.500,9,30,162.000,162.000,2061.520,27.500,117.600,39.560,13.020,
0.110,6.000,0,30,125.000,125.000,2108.850,30.000,92.700,38.730,13.070,
0.110,6.000,1,30,146.000,146.000,1871.460,30.000,134.600,46.820,12.640,
0.110,6.000,2,30,146.000,146.000,1904.210,30.000,87.900,42.140,12.570,
0.110,6.000,3,30,164.000,164.000,1902.430,30.000,111.500,47.180,12.640,
0.110,6.000,4,30,197.000,197.000,1859.270,30.000,134.600,46.980,12.180,
0.110,6.000,5,30,188.000,188.000,2137.070,30.000,130.500,56.800,13.180,
0.110,6.000,6,30,250.000,250.000,2004.110,30.000,173.900,53.940,12.540,
0.110,6.000,7,30,161.000,161.000,1848.560,30.000,133.500,49.040,11.690,
0.110,6.000,8,30,164.000,164.000,1657.890,30.000,136.900,46.050,12.060,
0.110,6.000,9,30,151.000,151.000,1982.790,30.000,121.800,45.840,12.410,
0.110,6.500,0,30,147.000,147.000,2142.840,32.500,113.200,42.670,12.610,
0.110,6.500,1,30,241.000,241.000,1872.240,32.500,145.900,56.680,12.380,
0.110,6.500,2,30,151.000,151.000,1869.070,32.500,92.300,44.930,12.140,
0.110,6.500,3,30,290.000,290.000,1899.460,32.500,196.600,59.230,12.880,
0.110,6.500,4,30,196.000,196.000,1869.610,32.500,130.900,51.820,12.120,
0.110,6.500,5,30,243.000,243.000,2134.460,32.500,139.800,60.760,13.440,
0.110,6.500,6,30,252.000,252.000,1992.170,32.500,180.300,58.200,13.050,
0.110,6.500,7,30,146.000,146.000,1845.040,32.500,137.400,49.990,12.080,
0.110,6.500,8,30,172.000,172.000,1618.140,32.500,142.300,50.600,11.770,
0.110,6.500,9,30,170.000,170.000,2054.340,32.500,126.400,50.910,12.780,
0.110,7.000,0,30,141.000,141.000,2098.020,35.000,115.800,45.040,12.610,
0.110,7.000,1,30,251.000,251.000,1880.100,35.000,157.500,58.550,12.890,
0.110,7.000,2,30,151.000,151.000,1821.700,35.000,88.400,46.830,11.750,
0.110,7.000,3,30,243.000,243.000,1899.460,35.000,189.200,62.240,12.670,
0.110,7.000,4,30,254.000,254.000,1900.020,35.000,187.900,59.440,12.350,
0.110,7.000,5,30,188.000,188.000,2148.490,35.000,138.400,58.570,14.050,
0.110,7.000,6,30,197.000,197.000,2060.430,35.000,186.600,57.940,12.880,
0.110,7.000,7,30,197.000,197.000,1845.040,35.000,141.200,53.740,12.220,
0.110,7.000,8,30,174.000,174.000,1660.510,35.000,146.800,54.360,12.370,
0.110,7.000,9,30,171.000,171.000,1981.180,35.000,130.900,54.660,12.770,
0.120,3.000,0,30,104.000,104.000,2151.610,15.000,68.800,22.720,12.820,
0.120,3.000,1,30,127.000,127.000,1856.300,15.000,93.800,33.920,12.360,
0.120,3.000,2,30,117.000,117.000,1852.820,15.000,70.300,26.030,12.330,
0.120,3.000,3,30,116.000,116.000,1903.000,15.000,79.300,29.050,12.320,
0.120,3.000,4,30,145.000,145.000,1826.180,15.000,89.500,25.840,12.420,
0.120,3.000,5,30,121.000,121.000,2071.110,15.000,86.000,29.500,12.870,
0.120,3.000,6,30,155.000,155.000,1936.230,15.000,121.500,28.610,12.670,
0.120,3.000,7,30,111.000,111.000,1790.610,15.000,102.100,26.540,11.450,
0.120,3.000,8,30,119.000,119.000,1619.610,15.000,90.000,25.140,11.550,
0.120,3.000,9,30,124.000,124.000,1914.820,15.000,72.800,24.600,12.270,
0.120,3.500,0,30,109.000,109.000,2069.390,17.500,70.700,25.390,12.910,
0.120,3.500,1,30,136.000,136.000,1849.080,17.500,100.000,35.560,11.980,
0.120,3.500,2,30,128.000,128.000,1879.500,17.500,76.500,25.570,11.830,
0.120,3.500,3,30,124.000,124.000,1919.220,17.500,83.600,32.770,12.310,
0.120,3.500,4,30,162.000,162.000,1819.520,17.500,105.100,31.140,12.440,
0.120,3.500,5,30,127.000,127.000,2129.670,17.500,91.300,34.450,13.640,
0.120,3.500,6,30,168.000,168.000,1973.190,17.500,131.700,36.050,12.980,
0.120,3.500,7,30,136.000,136.000,1796.200,17.500,109.300,32.610,12.090,
0.120,3.500,8,30,119.000,119.000,1608.610,17.500,96.500,28.870,11.860,
0.120,3.500,9,30,135.000,135.000,1999.110,17.500,82.300,29.910,12.910,
0.120,4.000,0,30,126.000,126.000,2168.580,20.000,74.400,30.570,12.930,
0.120,4.000,1,30,149.000,149.000,1841.320,20.000,111.000,37.440,12.060,
0.120,4.000,2,30,206.000,206.000,1877.160,20.000,153.000,30.600,12.220,
0.120,4.000,3,30,140.000,140.000,1904.690,20.000,98.800,34.890,12.330,
0.120,4.000,4,30,166.000,166.000,1770.130,20.000,108.100,34.590,11.970,
0.120,4.000,5,30,133.000,133.000,2094.500,20.000,105.000,37.770,12.710,
0.120,4.000,6,30,155.000,155.000,1899.030,20.000,144.300,41.770,12.140,
0.120,4.000,7,30,160.000,160.000,1907.180,20.000,121.600,35.790,12.100,
0.120,4.000,8,30,121.000,121.000,1617.060,20.000,103.000,31.220,12.100,
0.120,4.000,9,30,140.000,140.000,1999.110,20.000,86.200,32.420,13.080,
0.120,4.500,0,30,132.000,132.000,2170.820,22.500,78.000,30.260,13.190,
0.120,4.500,1,30,161.000,161.000,1870.940,22.500,123.800,41.150,12.300,
0.120,4.500,2,30,150.000,150.000,1953.500,22.500,93.800,30.800,12.080,
0.120,4.500,3,30,153.000,153.000,1902.350,22.500,111.200,38.260,12.610,
0.120,4.500,4,30,173.000,173.000,1770.130,22.500,114.800,37.740,12.010,
0.120,4.500,5,30,186.000,186.000,2004.430,22.500,117.700,50.860,13.260,
0.120,4.500,6,30,164.000,164.000,1971.170,22.500,153.300,45.880,12.710,
0.120,4.500,7,30,179.000,179.000,1926.400,22.500,129.600,40.800,12.230,
0.120,4.500,8,30,132.000,132.000,1641.230,22.500,116.700,33.910,11.710,
0.120,4.500,9,30,126.000,126.000,2016.080,22.500,90.000,32.640,12.620,
0.120,5.000,0,30,118.000,118.000,2200.710,25.000,92.800,34.500,13.010,
0.120,5.000,1,30,159.000,159.000,1851.290,25.000,132.300,45.650,12.070,
0.120,5.000,2,30,114.000,114.000,1932.940,25.000,82.500,34.770,12.330,
0.120,5.000,3,30,162.000,162.000,1888.490,25.000,111.600,43.610,12.560,
0.120,5.000,4,30,182.000,182.000,1833.260,25.000,124.200,41.590,12.120,
0.120,5.000,5,30,198.000,198.000,2099.350,25.000,130.600,55.790,13.270,
0.120,5.000,6,30,217.000,217.000,2019.340,25.000,171.600,52.020,12.980,
0.120,5.000,7,30,169.000,169.000,1888.260,25.000,134.500,43.450,12.150,
0.120,5.000,8,30,144.000,144.000,1623.810,25.000,134.200,38.230,11.920,
0.120,5.000,9,30,131.000,131.000,2009.950,25.000,119.900,36.860,12.210,
0.120,5.500,0,30,136.000,136.000,2161.320,27.500,114.100,38.950,12.720,
0.120,5.500,1,30,167.000,167.000,1878.680,27.500,139.300,49.730,12.380,
0.120,5.500,2,30,184.000,184.000,1743.840,27.500,101.900,42.680,12.000,
0.120,5.500,3,30,167.000,167.000,1888.490,27.500,115.800,46.490,12.780,
0.120,5.500,4,30,199.000,199.000,1845.490,27.500,138.300,47.000,12.390,
0.120,5.500,5,30,244.000,244.000,2055.760,27.500,139.500,61.610,12.990,
0.120,5.500,6,30,191.000,191.000,1927.270,27.500,180.400,50.050,12.360,
0.120,5.500,7,30,170.000,170.000,1832.330,27.500,140.200,49.240,11.780,
0.120,5.500,8,30,192.000,192.000,1615.200,27.500,140.400,43.330,12.090,
0.120,5.500,9,30,167.000,167.000,2061.520,27.500,125.400,41.870,12.950,
0.120,6.000,0,30,128.000,128.000,2108.850,30.000,117.300,39.740,13.020,
0.120,6.000,1,30,171.000,171.000,1869.580,30.000,159.700,48.970,12.790,
0.120,6.000,2,30,185.000,185.000,1782.210,30.000,101.900,45.410,12.180,
0.120,6.000,3,30,226.000,226.000,1902.430,30.000,173.900,50.910,12.400,
0.120,6.000,4,30,255.000,255.000,1866.460,30.000,192.900,52.360,12.360,
0.120,6.000,5,30,241.000,241.000,2159.890,30.000,149.100,63.720,13.080,
0.120,6.000,6,30,261.000,261.000,2004.110,30.000,190.700,56.600,12.820,
0.120,6.000,7,30,169.000,169.000,1848.560,30.000,144.500,51.150,11.920,
0.120,6.000,8,30,221.000,221.000,1544.820,30.000,210.300,51.740,12.230,
0.120,6.000,9,30,158.000,158.000,1944.460,30.000,131.600,47.450,12.720,
0.120,6.500,0,30,147.000,147.000,2142.840,32.500,120.100,43.130,12.500,
0.120,6.500,1,30,176.000,176.000,1852.460,32.500,164.600,56.650,12.270,
0.120,6.500,2,30,162.000,162.000,1753.740,32.500,102.800,46.570,11.750,
0.120,6.500,3,30,319.000,319.000,1899.460,32.500,225.700,65.060,12.800,
0.120,6.500,4,30,257.000,257.000,1869.610,32.500,191.500,59.840,12.400,
0.120,6.500,5,30,253.000,253.000,2056.370,32.500,153.000,67.290,12.810,
0.120,6.500,6,30,266.000,266.000,1955.750,32.500,218.800,61.670,13.010,
0.120,6.500,7,30,192.000,192.000,1845.040,32.500,149.000,54.540,12.290,
0.120,6.500,8,30,229.000,229.000,1618.140,32.500,218.100,55.290,11.930,
0.120,6.500,9,30,191.000,191.000,2047.730,32.500,139.700,52.650,12.780,
0.120,7.000,0,30,141.000,141.000,2098.020,35.000,123.100,45.510,12.860,
0.120,7.000,1,30,180.000,180.000,1854.690,35.000,169.000,58.830,12.090,
0.120,7.000,2,30,165.000,165.000,1708.700,35.000,104.500,49.360,11.820,
0.120,7.000,3,30,256.000,256.000,1899.460,35.000,202.100,66.590,12.790,
0.120,7.000,4,30,268.000,268.000,1900.020,35.000,201.100,62.060,12.700,
0.120,7.000,5,30,201.000,201.000,2072.880,35.000,160.200,65.310,12.940,
0.120,7.000,6,30,242.000,242.000,2023.790,35.000,231.700,61.130,13.140,
0.120,7.000,7,30,215.000,215.000,1845.040,35.000,152.600,56.940,11.760,
0.120,7.000,8,30,235.000,235.000,1691.050,35.000,224.800,60.170,12.200,
0.120,7.000,9,30,193.000,193.000,1981.180,35.000,146.000,56.740,12.410,
0.130,3.000,0,30,109.000,109.000,2152.490,15.000,73.900,23.830,12.910,
0.130,3.000,1,30,133.000,133.000,1825.440,15.000,99.700,35.760,11.890,
0.130,3.000,2,30,146.000,146.000,1859.340,15.000,93.600,28.230,12.060,
0.130,3.000,3,30,135.000,135.000,1887.250,15.000,96.700,31.190,12.610,
0.130,3.000,4,30,163.000,163.000,1807.300,15.000,103.000,27.560,11.920,
0.130,3.000,5,30,128.000,128.000,2071.110,15.000,91.400,33.550,13.250,
0.130,3.000,6,30,164.000,164.000,1936.230,15.000,129.300,29.970,12.610,
0.130,3.000,7,30,117.000,117.000,1762.560,15.000,108.800,29.410,11.340,
0.130,3.000,8,30,106.000,106.000,1577.630,15.000,96.100,26.360,11.740,
0.130,3.000,9,30,115.000,115.000,1921.930,15.000,72.700,27.820,12.260,
0.130,3.500,0,30,118.000,118.000,2070.280,17.500,79.800,26.650,12.850,
0.130,3.500,1,30,144.000,144.000,1808.730,17.500,107.800,39.070,12.150,
0.130,3.500,2,30,149.000,149.000,1879.710,17.500,94.200,28.420,12.010,
0.130,3.500,3,30,149.000,149.000,1876.690,17.500,108.800,36.750,12.280,
0.130,3.500,4,30,164.000,164.000,1769.380,17.500,104.300,31.850,12.210,
0.130,3.500,5,30,133.000,133.000,2127.010,17.500,104.800,40.380,13.150,
0.130,3.500,6,30,188.000,188.000,1973.190,17.500,151.600,38.210,12.750,
0.130,3.500,7,30,136.000,136.000,1769.820,17.500,122.700,35.910,11.300,
0.130,3.500,8,30,116.000,116.000,1548.550,17.500,103.400,31.370,11.740,
0.130,3.500,9,30,120.000,120.000,1956.550,17.500,81.000,30.450,12.420,
0.130,4.000,0,30,130.000,130.000,2168.580,20.000,89.500,32.530,13.600,
0.130,4.000,1,30,160.000,160.000,1808.710,20.000,123.800,41.740,12.140,
0.130,4.000,2,30,117.000,117.000,1820.270,20.000,93.700,29.940,11.460,
0.130,4.000,3,30,198.000,198.000,1894.700,20.000,126.000,40.420,12.530,
0.130,4.000,4,30,141.000,141.000,1814.530,20.000,121.200,38.050,12.530,
0.130,4.000,5,30,138.000,138.000,2089.000,20.000,119.000,42.810,13.320,
0.130,4.000,6,30,175.000,175.000,1899.030,20.000,164.200,45.870,12.940,
0.130,4.000,7,30,140.000,140.000,1864.620,20.000,132.000,36.270,11.990,
0.130,4.000,8,30,132.000,132.000,1588.250,20.000,117.700,36.290,12.160,
0.130,4.000,9,30,162.000,162.000,1914.540,20.000,114.100,36.560,12.760,
0.130,4.500,0,30,136.000,136.000,2170.820,22.500,111.500,31.870,12.890,
0.130,4.500,1,30,176.000,176.000,1824.020,22.500,134.300,45.830,11.790,
0.130,4.500,2,30,113.000,113.000,1884.060,22.500,97.400,31.250,11.780,
0.130,4.500,3,30,181.000,181.000,1920.290,22.500,140.000,46.160,12.580,
0.130,4.500,4,30,182.000,182.000,1782.870,22.500,126.600,44.180,12.210,
0.130,4.500,5,30,215.000,215.000,2003.890,22.500,134.600,57.170,12.910,
0.130,4.500,6,30,216.000,216.000,1952.510,22.500,174.900,51.210,12.600,
0.130,4.500,7,30,188.000,188.000,1851.010,22.500,139.300,45.530,11.910,
0.130,4.500,8,30,145.000,145.000,1635.260,22.500,136.000,36.660,11.370,
0.130,4.500,9,30,134.000,134.000,1924.320,22.500,120.800,36.510,12.500,
0.130,5.000,0,30,127.000,127.000,2216.240,25.000,116.700,36.740,12.960,
0.130,5.000,1,30,172.000,172.000,1808.710,25.000,141.600,50.930,11.850,
0.130,5.000,2,30,159.000,159.000,1830.750,25.000,102.400,40.380,12.350,
0.130,5.000,3,30,207.000,207.000,1882.860,25.000,157.000,47.970,12.490,
0.130,5.000,4,30,198.000,198.000,1782.870,25.000,140.000,43.660,12.390,
0.130,5.000,5,30,219.000,219.000,2003.890,25.000,149.000,59.690,12.690,
0.130,5.000,6,30,251.000,251.000,2019.340,25.000,186.000,56.000,13.270,
0.130,5.000,7,30,181.000,181.000,1819.490,25.000,145.100,47.610,11.990,
0.130,5.000,8,30,211.000,211.000,1627.330,25.000,200.800,43.800,12.010,
0.130,5.000,9,30,140.000,140.000,2029.070,25.000,128.700,39.780,12.800,
0.130,5.500,0,30,163.000,163.000,2161.320,27.500,120.500,41.020,13.430,
0.130,5.500,1,30,176.000,176.000,1840.390,27.500,164.500,56.110,12.570,
0.130,5.500,2,30,191.000,191.000,1743.840,27.500,108.300,44.060,11.640,
0.130,5.500,3,30,226.000,226.000,1888.490,27.500,174.700,50.860,12.270,
0.130,5.500,4,30,256.000,256.000,1873.860,27.500,195.800,55.440,12.280,
0.130,5.500,5,30,222.000,222.000,2032.180,27.500,153.900,62.820,13.220,
0.130,5.500,6,30,260.000,260.000,2000.370,27.500,211.500,58.910,12.810,
0.130,5.500,7,30,181.000,181.000,1832.330,27.500,151.000,53.230,11.830,
0.130,5.500,8,30,226.000,226.000,1615.200,27.500,215.100,48.410,12.360,
0.130,5.500,9,30,180.000,180.000,2018.970,27.500,135.600,46.030,12.970,
0.130,6.000,0,30,135.000,135.000,2161.320,30.000,124.200,41.030,13.480,
0.130,6.000,1,30,182.000,182.000,1883.300,30.000,170.200,55.990,12.050,
0.130,6.000,2,30,191.000,191.000,1782.210,30.000,107.400,47.020,12.320,
0.130,6.000,3,30,315.000,315.000,1948.470,30.000,229.000,66.610,12.850,
0.130,6.000,4,30,268.000,268.000,1912.280,30.000,205.600,57.230,12.360,
0.130,6.000,5,30,249.000,249.000,2139.380,30.000,159.900,69.290,13.360,
0.130,6.000,6,30,275.000,275.000,2004.110,30.000,226.800,60.770,12.450,
0.130,6.000,7,30,191.000,191.000,1838.670,30.000,155.400,56.030,12.300,
0.130,6.000,8,30,233.000,233.000,1548.050,30.000,222.600,54.870,11.640,
0.130,6.000,9,30,170.000,170.000,1944.460,30.000,147.400,50.540,12.860,
0.130,6.500,0,30,143.000,143.000,2098.020,32.500,132.700,44.990,12.680,
0.130,6.500,1,30,187.000,187.000,1852.140,32.500,175.200,60.600,12.480,
0.130,6.500,2,30,244.000,244.000,1753.740,32.500,235.200,54.550,12.200,
0.130,6.500,3,30,346.000,346.000,1899.460,32.500,252.400,74.220,13.150,
0.130,6.500,4,30,270.000,270.000,1900.020,32.500,204.500,63.110,12.400,
0.130,6.500,5,30,275.000,275.000,2056.370,32.500,171.700,73.010,13.180,
0.130,6.500,6,30,277.000,277.000,1955.750,32.500,240.900,66.040,12.840,
0.130,6.500,7,30,200.000,200.000,1838.670,32.500,158.700,59.040,11.980,
0.130,6.500,8,30,241.000,241.000,1627.600,32.500,231.000,59.880,12.080,
0.130,6.500,9,30,239.000,239.000,2047.730,32.500,171.100,56.890,13.240,
0.130,7.000,0,30,150.000,150.000,2098.020,35.000,139.100,47.240,12.560,
0.130,7.000,1,30,219.000,219.000,1870.180,35.000,208.800,67.360,12.650,
0.130,7.000,2,30,263.000,263.000,1708.700,35.000,254.900,58.540,11.850,
0.130,7.000,3,30,277.000,277.000,1899.460,35.000,223.900,69.670,13.110,
0.130,7.000,4,30,281.000,281.000,1900.020,35.000,215.000,65.000,12.530,
0.130,7.000,5,30,245.000,245.000,2108.480,35.000,183.700,71.330,13.260,
0.130,7.000,6,30,301.000,301.000,2023.790,35.000,290.600,68.290,12.990,
0.130,7.000,7,30,227.000,227.000,1827.950,35.000,164.200,61.560,11.450,
0.130,7.000,8,30,249.000,249.000,1587.020,35.000,238.500,65.120,12.010,
0.130,7.000,9,30,243.000,243.000,1981.180,35.000,173.400,61.080,12.760,
0.140,3.000,0,30,119.000,119.000,2152.350,15.000,83.300,25.110,13.140,
0.140,3.000,1,30,140.000,140.000,1819.860,15.000,106.500,39.210,11.960,
0.140,3.000,2,30,148.000,148.000,1857.830,15.000,92.800,32.340,12.330,
0.140,3.000,3,30,149.000,149.000,1897.780,15.000,109.000,33.850,12.340,
0.140,3.000,4,30,126.000,126.000,1764.390,15.000,114.200,33.010,12.060,
0.140,3.000,5,30,163.000,163.000,2070.540,15.000,126.500,38.110,13.330,
0.140,3.000,6,30,185.000,185.000,1919.020,15.000,149.800,34.460,12.570,
0.140,3.000,7,30,131.000,131.000,1762.560,15.000,122.100,32.160,11.710,
0.140,3.000,8,30,112.000,112.000,1535.840,15.000,102.500,28.250,11.490,
0.140,3.000,9,30,127.000,127.000,1921.920,15.000,77.600,31.320,12.200,
0.140,3.500,0,30,123.000,123.000,2070.090,17.500,89.600,28.530,12.600,
0.140,3.500,1,30,151.000,151.000,1810.060,17.500,115.000,43.160,12.120,
0.140,3.500,2,30,118.000,118.000,1864.830,17.500,95.000,28.930,12.390,
0.140,3.500,3,30,198.000,198.000,1942.580,17.500,124.900,42.690,12.590,
0.140,3.500,4,30,137.000,137.000,1774.220,17.500,122.200,34.300,12.090,
0.140,3.500,5,30,168.000,168.000,2048.170,17.500,128.200,42.820,13.060,
0.140,3.500,6,30,200.000,200.000,1973.190,17.500,163.300,42.850,12.450,
0.140,3.500,7,30,149.000,149.000,1773.710,17.500,132.800,40.420,11.640,
0.140,3.500,8,30,127.000,127.000,1518.570,17.500,117.500,33.040,11.100,
0.140,3.500,9,30,129.000,129.000,1916.220,17.500,90.500,34.230,12.000,
0.140,4.000,0,30,134.000,134.000,2168.400,20.000,113.000,34.330,13.250,
0.140,4.000,1,30,174.000,174.000,1835.030,20.000,135.600,47.650,12.690,
0.140,4.000,2,30,166.000,166.000,1793.800,20.000,101.500,36.220,12.160,
0.140,4.000,3,30,207.000,207.000,1942.580,20.000,133.100,43.680,13.020,
0.140,4.000,4,30,182.000,182.000,1811.380,20.000,131.700,44.570,11.910,
0.140,4.000,5,30,211.000,211.000,2001.460,20.000,137.700,55.370,12.370,
0.140,4.000,6,30,214.000,214.000,1952.260,20.000,176.000,54.180,12.990,
0.140,4.000,7,30,150.000,150.000,1868.510,20.000,142.000,39.530,12.060,
0.140,4.000,8,30,202.000,202.000,1556.540,20.000,191.900,41.750,11.530,
0.140,4.000,9,30,173.000,173.000,1914.540,20.000,120.500,40.700,12.550,
0.140,4.500,0,30,189.000,189.000,2166.430,22.500,118.500,37.440,13.320,
0.140,4.500,1,30,186.000,186.000,1824.020,22.500,170.300,53.190,11.880,
0.140,4.500,2,30,181.000,181.000,1819.080,22.500,108.500,37.650,12.060,
0.140,4.500,3,30,223.000,223.000,1910.740,22.500,169.800,50.900,12.290,
0.140,4.500,4,30,244.000,244.000,1759.950,22.500,185.300,49.970,12.230,
0.140,4.500,5,30,232.000,232.000,1936.170,22.500,159.500,63.240,12.770,
0.140,4.500,6,30,250.000,250.000,1952.510,22.500,190.900,58.310,12.480,
0.140,4.500,7,30,197.000,197.000,1803.810,22.500,149.800,48.580,11.830,
0.140,4.500,8,30,217.000,217.000,1579.560,22.500,207.000,43.770,12.320,
0.140,4.500,9,30,161.000,161.000,1925.880,22.500,129.800,43.070,12.370,
0.140,5.000,0,30,134.000,134.000,2216.240,25.000,123.200,37.680,13.270,
0.140,5.000,1,30,190.000,190.000,1824.020,25.000,179.700,57.830,11.740,
0.140,5.000,2,30,170.000,170.000,1773.420,25.000,131.300,43.780,12.290,
0.140,5.000,3,30,239.000,239.000,1907.290,25.000,187.000,50.650,12.590,
0.140,5.000,4,30,258.000,258.000,1818.840,25.000,197.400,53.620,12.490,
0.140,5.000,5,30,236.000,236.000,1969.630,25.000,165.500,66.460,13.010,
0.140,5.000,6,30,263.000,263.000,2031.240,25.000,218.200,62.660,13.170,
0.140,5.000,7,30,185.000,185.000,1881.040,25.000,155.500,52.110,12.110,
0.140,5.000,8,30,228.000,228.000,1610.020,25.000,217.600,49.240,11.980,
0.140,5.000,9,30,191.000,191.000,2018.970,25.000,140.700,45.810,12.870,
0.140,5.500,0,30,175.000,175.000,2161.320,27.500,137.200,43.790,13.570,
0.140,5.500,1,30,203.000,203.000,1840.390,27.500,192.700,63.090,12.050,
0.140,5.500,2,30,238.000,238.000,1691.680,27.500,229.700,52.980,12.030,
0.140,5.500,3,30,246.000,246.000,1882.860,27.500,194.500,58.490,12.990,
0.140,5.500,4,30,273.000,273.000,1814.000,27.500,210.200,63.640,12.450,
0.140,5.500,5,30,261.000,261.000,2032.180,27.500,190.400,74.000,13.530,
0.140,5.500,6,30,274.000,274.000,1935.580,27.500,232.000,66.730,11.910,
0.140,5.500,7,30,200.000,200.000,1870.010,27.500,159.900,55.770,11.980,
0.140,5.500,8,30,237.000,237.000,1582.830,27.500,226.400,51.560,11.610,
0.140,5.500,9,30,185.000,185.000,2018.970,27.500,151.300,49.740,13.370,
0.140,6.000,0,30,163.000,163.000,2161.320,30.000,141.700,44.450,12.920,
0.140,6.000,1,30,239.000,239.000,1862.120,30.000,205.000,68.940,12.150,
0.140,6.000,2,30,250.000,250.000,1691.680,30.000,241.300,58.800,11.920,
0.140,6.000,3,30,342.000,342.000,1948.470,30.000,255.300,74.540,12.960,
0.140,6.000,4,30,281.000,281.000,1814.000,30.000,217.900,65.280,12.100,
0.140,6.000,5,30,269.000,269.000,2041.040,30.000,198.300,78.350,12.940,
0.140,6.000,6,30,292.000,292.000,1963.830,30.000,281.200,69.870,12.650,
0.140,6.000,7,30,198.000,198.000,1845.290,30.000,172.300,63.690,11.540,
0.140,6.000,8,30,246.000,246.000,1628.010,30.000,235.700,58.980,12.680,
0.140,6.000,9,30,270.000,270.000,1976.390,30.000,182.900,63.990,13.300,
0.140,6.500,0,30,162.000,162.000,2098.020,32.500,151.300,47.560,12.330,
0.140,6.500,1,30,242.000,242.000,1893.420,32.500,213.800,70.930,12.570,
0.140,6.500,2,30,285.000,285.000,1691.680,32.500,276.700,62.180,11.620,
0.140,6.500,3,30,374.000,374.000,1899.460,32.500,280.100,78.660,13.090,
0.140,6.500,4,30,284.000,284.000,1871.860,32.500,218.500,67.840,12.640,
0.140,6.500,5,30,327.000,327.000,2044.510,32.500,206.100,89.260,13.590,
0.140,6.500,6,30,306.000,306.000,1962.040,32.500,295.100,71.060,12.740,
0.140,6.500,7,30,220.000,220.000,1845.290,32.500,176.500,66.430,11.910,
0.140,6.500,8,30,279.000,279.000,1598.980,32.500,244.600,69.090,11.470,
0.140,6.500,9,30,248.000,248.000,2028.090,32.500,179.500,65.480,12.870,
0.140,7.000,0,30,169.000,169.000,2098.020,35.000,159.000,49.420,12.800,
0.140,7.000,1,30,245.000,245.000,1835.620,35.000,223.300,74.410,12.130,
0.140,7.000,2,30,302.000,302.000,1708.700,35.000,293.900,65.610,11.750,
0.140,7.000,3,30,399.000,399.000,1899.460,35.000,301.700,81.970,12.690,
0.140,7.000,4,30,302.000,302.000,1871.860,35.000,235.400,69.230,12.660,
0.140,7.000,5,30,263.000,263.000,2108.480,35.000,196.400,79.080,13.410,
0.140,7.000,6,30,332.000,332.000,2030.370,35.000,321.600,75.750,12.830,
0.140,7.000,7,30,239.000,239.000,1845.290,35.000,179.700,67.190,12.040,
0.140,7.000,8,30,289.000,289.000,1587.020,35.000,251.500,83.720,11.720,
0.140,7.000,9,30,253.000,253.000,1981.180,35.000,183.900,66.250,12.580,
0.150,3.000,0,30,124.000,124.000,2144.300,15.000,89.000,27.280,12.710,
0.150,3.000,1,30,155.000,155.000,1819.860,15.000,113.200,45.490,11.950,
0.150,3.000,2,30,126.000,126.000,1744.010,15.000,94.800,35.020,11.800,
0.150,3.000,3,30,169.000,169.000,1872.130,15.000,104.200,42.570,12.430,
0.150,3.000,4,30,132.000,132.000,1777.090,15.000,120.900,34.250,12.280,
0.150,3.000,5,30,197.000,197.000,2071.560,15.000,139.800,45.310,13.240,
0.150,3.000,6,30,196.000,196.000,1927.410,15.000,160.400,39.680,12.730,
0.150,3.000,7,30,140.000,140.000,1840.020,15.000,132.000,40.430,11.890,
0.150,3.000,8,30,125.000,125.000,1515.310,15.000,115.900,31.280,11.580,
0.150,3.000,9,30,155.000,155.000,1899.360,15.000,87.900,38.780,11.820,
0.150,3.500,0,30,133.000,133.000,2152.310,17.500,112.000,32.140,13.120,
0.150,3.500,1,30,179.000,179.000,1771.380,17.500,154.900,51.440,12.070,
0.150,3.500,2,30,134.000,134.000,1864.830,17.500,102.900,34.290,12.290,
0.150,3.500,3,30,203.000,203.000,1882.230,17.500,129.000,48.940,12.740,
0.150,3.500,4,30,182.000,182.000,1774.280,17.500,132.600,44.230,12.500,
0.150,3.500,5,30,210.000,210.000,2073.480,17.500,141.100,55.110,13.010,
0.150,3.500,6,30,212.000,212.000,1861.700,17.500,175.300,49.620,12.710,
0.150,3.500,7,30,155.000,155.000,1754.730,17.500,143.000,43.530,11.680,
0.150,3.500,8,30,195.000,195.000,1531.560,17.500,185.000,38.820,11.380,
0.150,3.500,9,30,172.000,172.000,1928.050,17.500,119.000,41.910,12.590,
0.150,4.000,0,30,188.000,188.000,2168.400,20.000,119.000,37.600,13.350,
0.150,4.000,1,30,185.000,185.000,1882.760,20.000,170.400,56.530,12.260,
0.150,4.000,2,30,200.000,200.000,1784.360,20.000,131.100,43.850,11.980,
0.150,4.000,3,30,209.000,209.000,1877.890,20.000,142.600,50.570,12.670,
0.150,4.000,4,30,243.000,243.000,1828.490,20.000,183.900,53.280,12.340,
0.150,4.000,5,30,235.000,235.000,2001.460,20.000,158.600,64.080,12.930,
0.150,4.000,6,30,255.000,255.000,1953.590,20.000,191.300,60.240,12.540,
0.150,4.000,7,30,160.000,160.000,1763.970,20.000,152.000,43.890,12.240,
0.150,4.000,8,30,217.000,217.000,1557.710,20.000,206.500,48.970,11.810,
0.150,4.000,9,30,185.000,185.000,1916.410,20.000,129.200,45.800,12.710,
0.150,4.500,0,30,196.000,196.000,2166.430,22.500,124.600,38.980,13.240,
0.150,4.500,1,30,204.000,204.000,1873.080,22.500,180.800,57.870,12.180,
0.150,4.500,2,30,241.000,241.000,1826.940,22.500,213.100,48.610,12.300,
0.150,4.500,3,30,219.000,219.000,1862.350,22.500,172.100,59.030,12.380,
0.150,4.500,4,30,258.000,258.000,1786.740,22.500,196.700,59.970,12.230,
0.150,4.500,5,30,238.000,238.000,1941.030,22.500,164.900,70.440,12.920,
0.150,4.500,6,30,275.000,275.000,1952.510,22.500,219.000,68.600,12.630,
0.150,4.500,7,30,197.000,197.000,1861.430,22.500,158.100,52.850,12.050,
0.150,4.500,8,30,229.000,229.000,1580.490,22.500,218.500,49.060,11.920,
0.150,4.500,9,30,166.000,166.000,1957.990,22.500,142.200,46.140,12.500,
0.150,5.000,0,30,152.000,152.000,2126.530,25.000,141.400,40.840,13.120,
0.150,5.000,1,30,208.000,208.000,1852.750,25.000,197.300,65.930,12.120,
0.150,5.000,2,30,240.000,240.000,1762.320,25.000,231.900,59.750,11.930,
0.150,5.000,3,30,230.000,230.000,1919.200,25.000,182.500,56.330,12.970,
0.150,5.000,4,30,270.000,270.000,1851.480,25.000,205.200,59.580,13.290,
0.150,5.000,5,30,261.000,261.000,1969.630,25.000,187.800,74.070,12.730,
0.150,5.000,6,30,276.000,276.000,1965.370,25.000,233.500,69.510,13.070,
0.150,5.000,7,30,203.000,203.000,1881.040,25.000,172.300,58.750,12.260,
0.150,5.000,8,30,239.000,239.000,1663.820,25.000,228.300,54.280,12.100,
0.150,5.000,9,30,188.000,188.000,1978.420,25.000,153.700,54.030,12.570,
0.150,5.500,0,30,181.000,181.000,2160.860,27.500,152.000,48.350,12.770,
0.150,5.500,1,30,280.000,280.000,1854.270,27.500,207.100,69.980,12.530,
0.150,5.500,2,30,279.000,279.000,1691.680,27.500,270.400,61.360,11.830,
0.150,5.500,3,30,247.000,247.000,1948.470,27.500,195.200,69.710,12.540,
0.150,5.500,4,30,286.000,286.000,1814.000,27.500,214.000,70.550,12.740,
0.150,5.500,5,30,269.000,269.000,1969.320,27.500,195.100,78.020,12.920,
0.150,5.500,6,30,293.000,293.000,1935.580,27.500,282.100,72.570,12.830,
0.150,5.500,7,30,256.000,256.000,1901.270,27.500,177.600,67.040,12.110,
0.150,5.500,8,30,267.000,267.000,1490.790,27.500,238.900,62.180,11.950,
0.150,5.500,9,30,205.000,205.000,1948.440,27.500,179.200,57.960,12.940,
0.150,6.000,0,30,172.000,172.000,2161.320,30.000,161.600,48.260,13.230,
0.150,6.000,1,30,239.000,239.000,1860.990,30.000,218.200,72.610,12.310,
0.150,6.000,2,30,297.000,297.000,1691.680,30.000,288.700,65.020,11.660,
0.150,6.000,3,30,369.000,369.000,1917.560,30.000,282.800,80.760,12.730,
0.150,6.000,4,30,298.000,298.000,1814.000,30.000,215.400,74.380,12.430,
0.150,6.000,5,30,326.000,326.000,1988.110,30.000,206.200,89.100,13.320,
0.150,6.000,6,30,309.000,309.000,1949.400,30.000,298.200,79.390,12.960,
0.150,6.000,7,30,262.000,262.000,1836.740,30.000,254.000,72.860,11.420,
0.150,6.000,8,30,259.000,259.000,1541.980,30.000,248.400,71.050,11.840,
0.150,6.000,9,30,364.000,364.000,1970.520,30.000,276.100,71.020,12.320,
0.150,6.500,0,30,194.000,194.000,2098.020,32.500,164.900,54.650,12.860,
0.150,6.500,1,30,243.000,243.000,1897.550,32.500,232.900,76.330,12.410,
0.150,6.500,2,30,312.000,312.000,1691.680,32.500,303.400,68.130,12.330,
0.150,6.500,3,30,392.000,392.000,1915.070,32.500,299.200,87.480,13.060,
0.150,6.500,4,30,306.000,306.000,1871.860,32.500,239.100,81.790,12.460,
0.150,6.500,5,30,339.000,339.000,1988.110,32.500,219.100,93.400,12.860,
0.150,6.500,6,30,336.000,336.000,1971.180,32.500,325.300,83.530,13.020,
0.150,6.500,7,30,269.000,269.000,1790.870,32.500,260.100,72.360,12.490,
0.150,6.500,8,30,332.000,332.000,1542.960,32.500,256.700,91.220,11.910,
0.150,6.500,9,30,265.000,265.000,1928.950,32.500,212.100,72.900,12.730,
0.150,7.000,0,30,212.000,212.000,2156.840,35.000,167.600,60.190,12.730,
0.150,7.000,1,30,303.000,303.000,1892.330,35.000,292.200,89.410,12.480,
0.150,7.000,2,30,323.000,323.000,1708.700,35.000,314.300,70.370,12.360,
0.150,7.000,3,30,415.000,415.000,1915.070,35.000,319.000,90.520,13.230,
0.150,7.000,4,30,301.000,301.000,1871.860,35.000,233.700,82.150,12.440,
0.150,7.000,5,30,385.000,385.000,2010.540,35.000,264.700,110.190,12.790,
0.150,7.000,6,30,449.000,449.000,2026.240,35.000,339.100,96.300,12.820,
0.150,7.000,7,30,275.000,275.000,1790.870,35.000,266.100,73.330,11.400,
0.150,7.000,8,30,342.000,342.000,1532.880,35.000,264.700,105.570,12.170,
0.150,7.000,9,30,270.000,270.000,2020.720,35.000,198.500,73.100,13.170,
0.160,3.000,0,30,138.000,138.000,2144.340,15.000,108.200,31.410,12.910,
0.160,3.000,1,30,163.000,163.000,1806.830,15.000,152.100,51.320,11.760,
0.160,3.000,2,30,133.000,133.000,1738.260,15.000,102.600,38.180,11.410,
0.160,3.000,3,30,224.000,224.000,1828.320,15.000,140.700,52.110,12.430,
0.160,3.000,4,30,179.000,179.000,1777.090,15.000,130.800,40.100,12.350,
0.160,3.000,5,30,202.000,202.000,2059.890,15.000,151.200,52.640,13.320,
0.160,3.000,6,30,208.000,208.000,1823.650,15.000,172.800,50.650,11.930,
0.160,3.000,7,30,162.000,162.000,1828.840,15.000,142.000,46.400,12.080,
0.160,3.000,8,30,188.000,188.000,1515.310,15.000,177.500,38.960,11.310,
0.160,3.000,9,30,163.000,163.000,1899.360,15.000,115.500,43.200,12.300,
0.160,3.500,0,30,186.000,186.000,2144.300,17.500,120.700,35.720,13.140,
0.160,3.500,1,30,185.000,185.000,1731.260,17.500,167.800,55.170,11.950,
0.160,3.500,2,30,201.000,201.000,1790.480,17.500,132.800,44.610,12.070,
0.160,3.500,3,30,198.000,198.000,1814.840,17.500,142.600,53.850,12.280,
0.160,3.500,4,30,173.000,173.000,1775.910,17.500,144.800,46.280,12.590,
0.160,3.500,5,30,231.000,231.000,2029.670,17.500,156.200,63.890,13.210,
0.160,3.500,6,30,199.000,199.000,1872.000,17.500,188.700,55.870,12.300,
0.160,3.500,7,30,167.000,167.000,1841.110,17.500,152.600,49.670,12.030,
0.160,3.500,8,30,210.000,210.000,1522.100,17.500,199.500,43.900,11.370,
0.160,3.500,9,30,183.000,183.000,1881.140,17.500,126.500,46.550,12.540,
0.160,4.000,0,30,194.000,194.000,2168.400,20.000,125.000,39.310,13.430,
0.160,4.000,1,30,199.000,199.000,1824.050,20.000,180.200,62.560,12.210,
0.160,4.000,2,30,215.000,215.000,1772.670,20.000,202.400,52.610,11.930,
0.160,4.000,3,30,228.000,228.000,1890.620,20.000,170.400,61.000,12.620,
0.160,4.000,4,30,256.000,256.000,1828.490,20.000,193.800,60.470,12.770,
0.160,4.000,5,30,241.000,241.000,1993.860,20.000,162.800,70.700,13.110,
0.160,4.000,6,30,276.000,276.000,1935.480,20.000,216.800,67.530,12.410,
0.160,4.000,7,30,171.000,171.000,1716.970,20.000,160.200,51.860,11.520,
0.160,4.000,8,30,228.000,228.000,1529.710,20.000,218.000,57.560,11.480,
0.160,4.000,9,30,228.000,228.000,1874.440,20.000,150.100,55.370,12.500,
0.160,4.500,0,30,267.000,267.000,2166.430,22.500,191.800,43.770,13.450,
0.160,4.500,1,30,213.000,213.000,1808.450,22.500,197.400,62.500,12.190,
0.160,4.500,2,30,250.000,250.000,1740.510,22.500,232.200,61.160,12.020,
0.160,4.500,3,30,340.000,340.000,1854.630,22.500,237.600,71.940,12.550,
0.160,4.500,4,30,263.000,263.000,1789.890,22.500,198.800,62.590,12.470,
0.160,4.500,5,30,310.000,310.000,1941.030,22.500,189.400,80.230,12.760,
0.160,4.500,6,30,285.000,285.000,1972.520,22.500,232.800,70.570,12.240,
0.160,4.500,7,30,197.000,197.000,1861.430,22.500,175.900,61.050,11.840,
0.160,4.500,8,30,240.000,240.000,1514.130,22.500,229.300,60.170,11.830,
0.160,4.500,9,30,272.000,272.000,1876.610,22.500,185.400,59.920,18.030,
0.160,5.000,0,30,194.000,194.000,2126.530,25.000,161.000,46.700,18.530,
0.160,5.000,1,30,242.000,242.000,1886.990,25.000,207.800,76.080,18.220,
0.160,5.000,2,30,283.000,283.000,1825.180,25.000,274.100,74.480,17.360,
0.160,5.000,3,30,244.000,244.000,1889.600,25.000,196.100,64.940,18.480,
0.160,5.000,4,30,280.000,280.000,1840.550,25.000,213.800,69.080,18.530,
0.160,5.000,5,30,318.000,318.000,1999.270,25.000,197.700,87.660,19.130,
0.160,5.000,6,30,291.000,291.000,1965.370,25.000,280.800,78.090,18.410,
0.160,5.000,7,30,255.000,255.000,1906.460,25.000,246.800,67.710,18.690,
0.160,5.000,8,30,252.000,252.000,1551.110,25.000,242.000,59.740,17.030,
0.160,5.000,9,30,259.000,259.000,1923.750,25.000,184.900,68.160,20.690,
0.160,5.500,0,30,191.000,191.000,2000.450,27.500,165.500,51.370,21.690,
0.160,5.500,1,30,235.000,235.000,1910.600,27.500,219.800,80.690,21.100,
0.160,5.500,2,30,306.000,306.000,1740.280,27.500,297.800,71.130,19.840,
0.160,5.500,3,30,270.000,270.000,1913.040,27.500,220.100,74.810,21.770,
0.160,5.500,4,30,304.000,304.000,1892.750,27.500,207.100,80.970,20.930,
0.160,5.500,5,30,372.000,372.000,1993.700,27.500,254.500,106.310,22.220,
0.160,5.500,6,30,309.000,309.000,1972.200,27.500,298.300,80.390,21.950,
0.160,5.500,7,30,269.000,269.000,1895.930,27.500,260.200,71.140,19.750,
0.160,5.500,8,30,286.000,286.000,1439.350,27.500,250.900,75.990,19.360,
0.160,5.500,9,30,267.000,267.000,1975.330,27.500,208.300,75.420,20.530,
0.160,6.000,0,30,198.000,198.000,2028.770,30.000,168.900,57.710,21.070,
0.160,6.000,1,30,245.000,245.000,1811.910,30.000,234.700,86.400,19.930,
0.160,6.000,2,30,320.000,320.000,1740.280,30.000,311.200,76.190,20.350,
0.160,6.000,3,30,388.000,388.000,1930.660,30.000,301.300,84.640,21.090,
0.160,6.000,4,30,307.000,307.000,1843.000,30.000,219.100,80.970,20.820,
0.160,6.000,5,30,390.000,390.000,2045.530,30.000,236.700,102.030,22.030,
0.160,6.000,6,30,337.000,337.000,1961.110,30.000,326.600,88.730,21.010,
0.160,6.000,7,30,282.000,282.000,1787.720,30.000,273.200,74.060,17.920,
0.160,6.000,8,30,338.000,338.000,1533.610,30.000,260.100,96.010,20.290,
0.160,6.000,9,30,269.000,269.000,1971.970,30.000,214.900,82.940,20.310,
0.160,6.500,0,30,215.000,215.000,2069.500,32.500,187.500,63.980,20.160,
0.160,6.500,1,30,314.000,314.000,1808.070,32.500,303.200,93.760,20.030,
0.160,6.500,2,30,340.000,340.000,1767.480,32.500,322.500,91.330,19.640,
0.160,6.500,3,30,410.000,410.000,1862.250,32.500,317.100,93.380,21.840,
0.160,6.500,4,30,313.000,313.000,1851.880,32.500,285.200,87.980,20.550,
0.160,6.500,5,30,398.000,398.000,2023.110,32.500,346.900,109.940,21.370,
0.160,6.500,6,30,353.000,353.000,1971.180,32.500,342.200,91.590,20.210,
0.160,6.500,7,30,292.000,292.000,1787.720,32.500,283.900,77.730,18.020,
0.160,6.500,8,30,343.000,343.000,1542.190,32.500,273.000,108.540,19.590,
0.160,6.500,9,30,371.000,371.000,1885.040,32.500,319.000,93.020,20.480,
0.160,7.000,0,30,284.000,284.000,2101.900,35.000,231.900,68.080,21.700,
0.160,7.000,1,30,326.000,326.000,1805.060,35.000,315.200,99.710,20.920,
0.160,7.000,2,30,350.000,350.000,1720.130,35.000,333.100,104.270,20.380,
0.160,7.000,3,30,438.000,438.000,1915.070,35.000,341.500,91.440,21.460,
0.160,7.000,4,30,319.000,319.000,1920.770,35.000,297.600,91.060,21.270,
0.160,7.000,5,30,423.000,423.000,1968.640,35.000,359.300,131.100,22.490,
0.160,7.000,6,30,464.000,464.000,1947.190,35.000,358.600,114.900,21.940,
0.160,7.000,7,30,306.000,306.000,1834.280,35.000,297.200,88.420,20.220,
0.160,7.000,8,30,324.000,324.000,1537.940,35.000,282.800,105.220,19.640,
0.160,7.000,9,30,380.000,380.000,1875.460,35.000,325.700,95.710,20.470,
0.170,3.000,0,30,146.000,146.000,2144.300,15.000,115.800,33.110,22.090,
0.170,3.000,1,30,175.000,175.000,1746.530,15.000,164.100,56.570,20.970,
0.170,3.000,2,30,191.000,191.000,1741.110,15.000,125.300,47.030,20.140,
0.170,3.000,3,30,212.000,212.000,1883.610,15.000,134.600,54.430,21.550,
0.170,3.000,4,30,154.000,154.000,1742.440,15.000,142.900,41.680,20.620,
0.170,3.000,5,30,233.000,233.000,2052.880,15.000,163.100,58.000,21.920,
0.170,3.000,6,30,191.000,191.000,1892.930,15.000,180.400,58.450,20.650,
0.170,3.000,7,30,179.000,179.000,1858.210,15.000,151.400,51.450,19.910,
0.170,3.000,8,30,205.000,205.000,1565.870,15.000,194.300,45.980,19.300,
0.170,3.000,9,30,180.000,180.000,1872.420,15.000,120.800,47.170,20.690,
0.170,3.500,0,30,192.000,192.000,2144.300,17.500,126.800,41.480,21.540,
0.170,3.500,1,30,196.000,196.000,1816.620,17.500,177.700,63.900,20.680,
0.170,3.500,2,30,221.000,221.000,1790.480,17.500,197.800,50.580,20.130,
0.170,3.500,3,30,213.000,213.000,1846.550,17.500,154.100,57.890,20.990,
0.170,3.500,4,30,178.000,178.000,1788.420,17.500,153.000,51.690,20.290,
0.170,3.500,5,30,241.000,241.000,2041.060,17.500,167.600,71.040,21.880,
0.170,3.500,6,30,268.000,268.000,1912.830,17.500,208.900,69.240,21.090,
0.170,3.500,7,30,195.000,195.000,1823.850,17.500,160.700,56.890,20.360,
0.170,3.500,8,30,226.000,226.000,1526.730,17.500,215.600,55.820,19.450,
0.170,3.500,9,30,198.000,198.000,1903.910,17.500,133.700,52.730,19.710,
0.170,4.000,0,30,262.000,262.000,2168.400,20.000,192.500,46.780,21.790,
0.170,4.000,1,30,243.000,243.000,1904.200,20.000,194.900,68.640,19.500,
0.170,4.000,2,30,239.000,239.000,1772.670,20.000,230.400,61.360,19.140,
0.170,4.000,3,30,318.000,318.000,1841.750,20.000,224.700,70.050,20.040,
0.170,4.000,4,30,257.000,257.000,1795.540,20.000,192.900,64.460,19.100,
0.170,4.000,5,30,330.000,330.000,1979.420,20.000,191.700,92.990,21.060,
0.170,4.000,6,30,283.000,283.000,1972.270,20.000,229.600,71.140,20.360,
0.170,4.000,7,30,199.000,199.000,1839.710,20.000,177.500,64.060,19.710,
0.170,4.000,8,30,262.000,262.000,1517.700,20.000,227.900,66.220,18.540,
0.170,4.000,9,30,202.000,202.000,1896.820,20.000,159.700,59.080,20.960,
0.170,4.500,0,30,276.000,276.000,2166.430,22.500,200.900,49.860,22.670,
0.170,4.500,1,30,221.000,221.000,1852.030,22.500,207.400,70.060,20.820,
0.170,4.500,2,30,283.000,283.000,1700.640,22.500,274.300,69.220,20.520,
0.170,4.500,3,30,367.000,367.000,1854.630,22.500,265.000,77.230,20.380,
0.170,4.500,4,30,300.000,300.000,1842.390,22.500,202.700,73.090,21.260,
0.170,4.500,5,30,346.000,346.000,1947.710,22.500,200.000,97.760,22.250,
0.170,4.500,6,30,292.000,292.000,1972.520,22.500,277.800,80.380,21.820,
0.170,4.500,7,30,264.000,264.000,1872.940,22.500,255.500,66.350,21.380,
0.170,4.500,8,30,279.000,279.000,1529.880,22.500,242.400,69.230,19.550,
0.170,4.500,9,30,362.000,362.000,1924.800,22.500,273.300,72.680,21.570,
0.170,5.000,0,30,287.000,287.000,2042.240,25.000,207.100,56.500,22.270,
0.170,5.000,1,30,254.000,254.000,1893.090,25.000,219.900,86.460,21.160,
0.170,5.000,2,30,310.000,310.000,1825.180,25.000,301.200,81.270,20.180,
0.170,5.000,3,30,268.000,268.000,1889.600,25.000,220.300,68.860,21.590,
0.170,5.000,4,30,377.000,377.000,1918.600,25.000,272.400,84.330,21.870,
0.170,5.000,5,30,376.000,376.000,1933.280,25.000,259.300,110.390,21.770,
0.170,5.000,6,30,306.000,306.000,1972.210,25.000,295.700,85.800,22.180,
0.170,5.000,7,30,274.000,274.000,1699.410,25.000,265.500,69.520,19.850,
0.170,5.000,8,30,293.000,293.000,1610.890,25.000,252.000,77.690,20.170,
0.170,5.000,9,30,273.000,273.000,1973.390,25.000,211.100,79.630,21.770,
0.170,5.500,0,30,211.000,211.000,2005.390,27.500,187.500,59.210,22.270,
0.170,5.500,1,30,259.000,259.000,1800.210,27.500,235.300,90.860,20.290,
0.170,5.500,2,30,341.000,341.000,1759.710,27.500,316.300,84.480,20.720,
0.170,5.500,3,30,293.000,293.000,1913.040,27.500,243.200,79.410,21.950,
0.170,5.500,4,30,403.000,403.000,1906.910,27.500,297.500,91.270,22.230,
0.170,5.500,5,30,374.000,374.000,1925.530,27.500,314.000,114.190,21.620,
0.170,5.500,6,30,336.000,336.000,1935.130,27.500,325.900,91.200,21.500,
0.170,5.500,7,30,362.000,362.000,1762.670,27.500,280.700,83.390,20.390,
0.170,5.500,8,30,352.000,352.000,1520.220,27.500,261.900,100.200,20.170,
0.170,5.500,9,30,353.000,353.000,1973.340,27.500,305.200,86.670,21.310,
0.170,6.000,0,30,274.000,274.000,2027.060,30.000,226.200,68.110,21.490,
0.170,6.000,1,30,317.000,317.000,1850.990,30.000,306.100,97.080,21.020,
0.170,6.000,2,30,351.000,351.000,1767.050,30.000,330.100,89.850,19.620,
0.170,6.000,3,30,405.000,405.000,1849.550,30.000,318.100,92.900,21.570,
0.170,6.000,4,30,439.000,439.000,1892.680,30.000,332.600,97.890,20.660,
0.170,6.000,5,30,447.000,447.000,1969.970,30.000,350.400,128.950,21.730,
0.170,6.000,6,30,353.000,353.000,1964.040,30.000,342.700,93.650,21.070,
0.170,6.000,7,30,359.000,359.000,1747.970,30.000,295.900,86.670,19.650,
0.170,6.000,8,30,353.000,353.000,1561.020,30.000,277.300,109.920,20.500,
0.170,6.000,9,30,372.000,372.000,1855.130,30.000,322.600,99.410,20.110,
0.170,6.500,0,30,288.000,288.000,2069.500,32.500,237.900,73.030,20.260,
0.170,6.500,1,30,329.000,329.000,1843.310,32.500,318.900,101.370,19.890,
0.170,6.500,2,30,376.000,376.000,1767.480,32.500,367.400,101.010,19.560,
0.170,6.500,3,30,426.000,426.000,1885.790,32.500,334.000,95.230,21.020,
0.170,6.500,4,30,428.000,428.000,1892.660,32.500,356.900,97.550,20.780,
0.170,6.500,5,30,450.000,450.000,1888.650,32.500,364.400,144.040,20.680,
0.170,6.500,6,30,370.000,370.000,2040.180,32.500,359.900,94.320,20.980,
0.170,6.500,7,30,399.000,399.000,1819.440,32.500,305.400,108.580,19.330,
0.170,6.500,8,30,446.000,446.000,1502.240,32.500,435.700,116.550,19.490,
0.170,6.500,9,30,393.000,393.000,1855.130,32.500,340.300,97.600,20.900,
0.170,7.000,0,30,297.000,297.000,2069.500,35.000,244.900,72.370,20.870,
0.170,7.000,1,30,340.000,340.000,1848.170,35.000,329.600,117.730,20.610,
0.170,7.000,2,30,475.000,475.000,1720.130,35.000,465.000,119.020,19.860,
0.170,7.000,3,30,475.000,475.000,1829.300,35.000,378.400,105.090,20.480,
0.170,7.000,4,30,499.000,499.000,1838.540,35.000,380.600,113.290,20.230,
0.170,7.000,5,30,482.000,482.000,2037.600,35.000,384.300,143.700,21.830,
0.170,7.000,6,30,486.000,486.000,1993.080,35.000,393.300,122.320,21.170,
0.170,7.000,7,30,390.000,390.000,1819.440,35.000,312.400,109.470,19.420,
0.170,7.000,8,30,475.000,475.000,1510.040,35.000,464.900,130.090,18.990,
0.170,7.000,9,30,402.000,402.000,1855.130,35.000,347.600,105.980,19.820,
0.180,3.000,0,30,168.000,168.000,2226.250,15.000,132.500,35.950,20.700,
0.180,3.000,1,30,193.000,193.000,1746.530,15.000,173.200,63.950,18.860,
0.180,3.000,2,30,200.000,200.000,1802.280,15.000,150.900,53.820,18.990,
0.180,3.000,3,30,218.000,218.000,1883.610,15.000,147.700,57.600,20.500,
0.180,3.000,4,30,176.000,176.000,1742.440,15.000,150.500,46.860,18.950,
0.180,3.000,5,30,236.000,236.000,2097.630,15.000,177.200,70.200,21.460,
0.180,3.000,6,30,258.000,258.000,2041.080,15.000,194.300,66.470,20.040,
0.180,3.000,7,30,193.000,193.000,1854.740,15.000,158.800,56.020,18.550,
0.180,3.000,8,30,225.000,225.000,1549.970,15.000,210.100,54.990,18.440,
0.180,3.000,9,30,196.000,196.000,1876.880,15.000,129.200,49.980,20.870,
0.180,3.500,0,30,255.000,255.000,2198.240,17.500,189.400,49.400,22.110,
0.180,3.500,1,30,236.000,236.000,1781.410,17.500,189.600,69.900,20.770,
0.180,3.500,2,30,230.000,230.000,1742.070,17.500,218.000,66.010,19.970,
0.180,3.500,3,30,228.000,228.000,1774.040,17.500,176.100,65.230,19.790,
0.180,3.500,4,30,254.000,254.000,1829.720,17.500,189.700,63.830,20.890,
0.180,3.500,5,30,261.000,261.000,2041.660,17.500,190.200,78.830,22.180,
0.180,3.500,6,30,287.000,287.000,1902.140,17.500,222.800,72.850,21.190,
0.180,3.500,7,30,187.000,187.000,1824.170,17.500,177.800,64.890,20.180,
0.180,3.500,8,30,260.000,260.000,1526.500,17.500,225.100,63.900,20.170,
0.180,3.500,9,30,234.000,234.000,1919.310,17.500,150.400,62.090,21.660,
0.180,4.000,0,30,271.000,271.000,2184.150,20.000,201.800,54.670,22.630,
0.180,4.000,1,30,220.000,220.000,1830.100,20.000,205.300,71.460,20.530,
0.180,4.000,2,30,279.000,279.000,1772.670,20.000,270.700,72.440,20.230,
0.180,4.000,3,30,339.000,339.000,1847.710,20.000,245.200,78.650,21.230,
0.180,4.000,4,30,221.000,221.000,1764.330,20.000,181.700,61.310,20.890,
0.180,4.000,5,30,354.000,354.000,1921.560,20.000,249.600,107.370,21.720,
0.180,4.000,6,30,282.000,282.000,1961.830,20.000,271.900,77.860,20.740,
0.180,4.000,7,30,265.000,265.000,1793.210,20.000,256.800,72.160,20.000,
0.180,4.000,8,30,280.000,280.000,1606.650,20.000,240.800,70.750,19.640,
0.180,4.000,9,30,259.000,259.000,1934.610,20.000,188.400,71.380,20.910,
0.180,4.500,0,30,286.000,286.000,2107.180,22.500,210.100,64.490,21.240,
0.180,4.500,1,30,302.000,302.000,1852.030,22.500,261.000,83.450,21.340,
0.180,4.500,2,30,310.000,310.000,1750.440,22.500,301.500,82.290,19.780,
0.180,4.500,3,30,388.000,388.000,1815.020,22.500,283.300,91.810,20.970,
0.180,4.500,4,30,377.000,377.000,1844.810,22.500,269.800,84.430,21.700,
0.180,4.500,5,30,360.000,360.000,1913.560,22.500,263.800,112.310,22.240,
0.180,4.500,6,30,428.000,428.000,1961.830,22.500,290.900,96.070,21.210,
0.180,4.500,7,30,357.000,357.000,1756.670,22.500,273.000,84.090,19.110,
0.180,4.500,8,30,296.000,296.000,1559.250,22.500,251.800,76.310,19.620,
0.180,4.500,9,30,276.000,276.000,1759.530,22.500,208.900,80.360,19.770,
0.180,5.000,0,30,300.000,300.000,1980.770,25.000,222.600,65.420,21.460,
0.180,5.000,1,30,306.000,306.000,1885.930,25.000,262.700,97.800,21.420,
0.180,5.000,2,30,345.000,345.000,1758.400,25.000,319.500,94.650,20.760,
0.180,5.000,3,30,401.000,401.000,1870.660,25.000,290.900,91.120,21.370,
0.180,5.000,4,30,424.000,424.000,1928.690,25.000,315.600,92.740,21.340,
0.180,5.000,5,30,362.000,362.000,1918.990,25.000,313.700,117.360,21.300,
0.180,5.000,6,30,457.000,457.000,1961.830,25.000,323.100,101.210,22.140,
0.180,5.000,7,30,370.000,370.000,1751.750,25.000,287.800,97.060,21.110,
0.180,5.000,8,30,312.000,312.000,1591.910,25.000,262.700,95.560,20.020,
0.180,5.000,9,30,352.000,352.000,1885.040,25.000,307.600,96.830,20.480,
0.180,5.500,0,30,333.000,333.000,2017.940,27.500,238.300,76.420,20.880,
0.180,5.500,1,30,317.000,317.000,1814.750,27.500,306.300,106.010,19.910,
0.180,5.500,2,30,355.000,355.000,1775.410,27.500,334.200,101.510,19.990,
0.180,5.500,3,30,401.000,401.000,1866.460,27.500,318.600,109.340,20.400,
0.180,5.500,4,30,443.000,443.000,1918.410,27.500,333.000,109.170,21.040,
0.180,5.500,5,30,460.000,460.000,1994.320,27.500,352.100,142.080,20.880,
0.180,5.500,6,30,361.000,361.000,2059.500,27.500,341.200,108.370,20.850,
0.180,5.500,7,30,380.000,380.000,1825.120,27.500,301.900,104.030,19.520,
0.180,5.500,8,30,432.000,432.000,1545.870,27.500,280.100,120.460,19.800,
0.180,5.500,9,30,375.000,375.000,1956.970,27.500,327.200,95.060,21.200,
0.180,6.000,0,30,369.000,369.000,2017.940,30.000,272.900,83.020,21.610,
0.180,6.000,1,30,331.000,331.000,1824.500,30.000,320.600,105.090,20.200,
0.180,6.000,2,30,443.000,443.000,1758.400,30.000,432.700,106.640,20.180,
0.180,6.000,3,30,420.000,420.000,1818.080,30.000,333.300,116.140,21.690,
0.180,6.000,4,30,464.000,464.000,1892.680,30.000,352.600,107.020,21.650,
0.180,6.000,5,30,479.000,479.000,2072.760,30.000,371.100,151.610,22.240,
0.180,6.000,6,30,370.000,370.000,2050.890,30.000,359.600,98.560,21.190,
0.180,6.000,7,30,407.000,407.000,1817.240,30.000,311.100,115.200,20.770,
0.180,6.000,8,30,448.000,448.000,1553.560,30.000,437.700,126.000,20.060,
0.180,6.000,9,30,393.000,393.000,1885.040,30.000,343.700,107.190,20.730,
0.180,6.500,0,30,385.000,385.000,2062.290,32.500,287.800,83.200,21.530,
0.180,6.500,1,30,361.000,361.000,1815.680,32.500,340.000,123.980,21.520,
0.180,6.500,2,30,478.000,478.000,1763.880,32.500,467.200,123.100,21.690,
0.180,6.500,3,30,448.000,448.000,1811.220,32.500,355.200,119.980,22.600,
0.180,6.500,4,30,483.000,483.000,1886.350,32.500,369.900,116.470,21.600,
0.180,6.500,5,30,501.000,501.000,1986.640,32.500,389.800,160.450,23.150,
0.180,6.500,6,30,502.000,502.000,2001.430,32.500,393.900,128.720,22.990,
0.180,6.500,7,30,438.000,438.000,1799.520,32.500,321.600,122.980,20.580,
0.180,6.500,8,30,484.000,484.000,1479.260,32.500,473.800,134.510,20.150,
0.180,6.500,9,30,424.000,424.000,1837.720,32.500,371.700,116.680,20.780,
0.180,7.000,0,30,394.000,394.000,2135.670,35.000,296.200,85.990,21.480,
0.180,7.000,1,30,428.000,428.000,1832.970,35.000,357.000,131.890,21.090,
0.180,7.000,2,30,542.000,542.000,1766.640,35.000,533.400,136.360,20.540,
0.180,7.000,3,30,493.000,493.000,1838.670,35.000,395.700,135.430,20.860,
0.180,7.000,4,30,644.000,644.000,1841.640,35.000,529.400,144.870,21.430,
0.180,7.000,5,30,585.000,585.000,1980.470,35.000,401.200,170.010,21.580,
0.180,7.000,6,30,534.000,534.000,2048.990,35.000,423.900,141.580,21.600,
0.180,7.000,7,30,468.000,468.000,1877.260,35.000,329.200,140.740,20.010,
0.180,7.000,8,30,618.000,618.000,1510.650,35.000,514.100,151.590,20.050,
0.180,7.000,9,30,434.000,434.000,1837.720,35.000,379.200,117.570,20.480,
0.190,3.000,0,30,175.000,175.000,2120.220,15.000,141.400,44.680,20.830,
0.190,3.000,1,30,200.000,200.000,1806.820,15.000,181.600,67.330,20.000,
0.190,3.000,2,30,244.000,244.000,1788.620,15.000,199.300,72.360,20.040,
0.190,3.000,3,30,286.000,286.000,1806.780,15.000,184.800,64.290,20.770,
0.190,3.000,4,30,194.000,194.000,1752.270,15.000,159.700,54.400,20.250,
0.190,3.000,5,30,311.000,311.000,2165.990,15.000,189.300,91.670,22.630,
0.190,3.000,6,30,246.000,246.000,2032.950,15.000,212.300,70.810,21.630,
0.190,3.000,7,30,185.000,185.000,1768.660,15.000,176.100,64.360,18.770,
0.190,3.000,8,30,258.000,258.000,1529.620,15.000,219.200,63.730,19.630,
0.190,3.000,9,30,235.000,235.000,1879.550,15.000,154.300,57.270,21.280,
0.190,3.500,0,30,264.000,264.000,2180.830,17.500,199.000,58.180,22.530,
0.190,3.500,1,30,235.000,235.000,1775.000,17.500,201.900,81.620,20.830,
0.190,3.500,2,30,261.000,261.000,1742.070,17.500,236.900,79.080,20.480,
0.190,3.500,3,30,320.000,320.000,1792.300,17.500,227.500,81.340,20.800,
0.190,3.500,4,30,309.000,309.000,1810.780,17.500,197.500,78.820,21.030,
0.190,3.500,5,30,357.000,357.000,2038.680,17.500,247.100,99.380,22.600,
0.190,3.500,6,30,293.000,293.000,1923.300,17.500,234.700,84.780,21.950,
0.190,3.500,7,30,264.000,264.000,1772.750,17.500,255.100,76.350,20.070,
0.190,3.500,8,30,280.000,280.000,1596.630,17.500,235.600,70.440,20.360,
0.190,3.500,9,30,278.000,278.000,1888.710,17.500,189.800,70.100,21.590,
0.190,4.000,0,30,280.000,280.000,2180.830,20.000,210.100,69.010,22.250,
0.190,4.000,1,30,253.000,253.000,1802.420,20.000,215.800,85.160,20.550,
0.190,4.000,2,30,307.000,307.000,1742.070,20.000,298.100,85.550,19.970,
0.190,4.000,3,30,366.000,366.000,1848.650,20.000,272.000,95.500,20.690,
0.190,4.000,4,30,374.000,374.000,1815.560,20.000,264.000,84.530,21.030,
0.190,4.000,5,30,373.000,373.000,1968.270,20.000,265.100,114.430,21.610,
0.190,4.000,6,30,386.000,386.000,1944.800,20.000,282.800,95.960,21.430,
0.190,4.000,7,30,360.000,360.000,1832.380,20.000,273.400,90.170,21.040,
0.190,4.000,8,30,297.000,297.000,1606.650,20.000,250.300,76.300,19.860,
0.190,4.000,9,30,306.000,306.000,1738.650,20.000,210.500,88.460,19.150,
0.190,4.500,0,30,299.000,299.000,2115.790,22.500,225.600,69.650,20.720,
0.190,4.500,1,30,311.000,311.000,1813.790,22.500,269.000,95.960,19.550,
0.190,4.500,2,30,328.000,328.000,1704.380,22.500,319.400,97.720,19.110,
0.190,4.500,3,30,403.000,403.000,1887.720,22.500,298.700,97.340,20.370,
0.190,4.500,4,30,410.000,410.000,1868.100,22.500,297.400,92.870,20.330,
0.190,4.500,5,30,377.000,377.000,1907.580,22.500,311.000,120.480,20.310,
0.190,4.500,6,30,446.000,446.000,1827.970,22.500,305.900,116.650,20.060,
0.190,4.500,7,30,376.000,376.000,1834.830,22.500,290.800,103.620,19.050,
0.190,4.500,8,30,314.000,314.000,1545.320,22.500,262.100,82.030,18.510,
0.190,4.500,9,30,300.000,300.000,1762.340,22.500,221.700,87.010,20.290,
0.190,5.000,0,30,369.000,369.000,2027.990,25.000,272.500,81.580,21.890,
0.190,5.000,1,30,325.000,325.000,1860.410,25.000,281.500,104.610,20.510,
0.190,5.000,2,30,368.000,368.000,1764.710,25.000,359.600,106.990,20.370,
0.190,5.000,3,30,415.000,415.000,1853.480,25.000,305.800,102.450,20.930,
0.190,5.000,4,30,446.000,446.000,1928.690,25.000,331.300,109.460,22.440,
0.190,5.000,5,30,463.000,463.000,1947.580,25.000,351.400,153.200,22.400,
0.190,5.000,6,30,390.000,390.000,1986.600,25.000,337.300,120.120,21.270,
0.190,5.000,7,30,389.000,389.000,1828.880,25.000,304.900,119.780,20.890,
0.190,5.000,8,30,326.000,326.000,1587.470,25.000,281.200,114.090,20.550,
0.190,5.000,9,30,373.000,373.000,1738.650,25.000,329.000,102.730,21.190,
0.190,5.500,0,30,292.000,292.000,2065.110,27.500,246.600,76.250,22.330,
0.190,5.500,1,30,339.000,339.000,1748.500,27.500,320.200,115.120,21.620,
0.190,5.500,2,30,440.000,440.000,1741.790,27.500,429.200,118.300,20.660,
0.190,5.500,3,30,417.000,417.000,1776.320,27.500,333.100,122.220,21.570,
0.190,5.500,4,30,522.000,522.000,1926.140,27.500,350.800,128.720,22.390,
0.190,5.500,5,30,494.000,494.000,1917.440,27.500,373.000,161.770,22.200,
0.190,5.500,6,30,416.000,416.000,1982.180,27.500,368.000,126.380,22.450,
0.190,5.500,7,30,445.000,445.000,1787.120,27.500,314.800,124.350,20.820,
0.190,5.500,8,30,447.000,447.000,1488.470,27.500,436.900,131.330,20.230,
0.190,5.500,9,30,396.000,396.000,1800.170,27.500,348.200,115.430,20.200,
0.190,6.000,0,30,392.000,392.000,2080.190,30.000,292.100,85.120,21.760,
0.190,6.000,1,30,352.000,352.000,1843.800,30.000,341.500,117.070,20.730,
0.190,6.000,2,30,477.000,477.000,1719.820,30.000,466.700,117.490,20.070,
0.190,6.000,3,30,441.000,441.000,1876.490,30.000,354.200,133.620,22.020,
0.190,6.000,4,30,385.000,385.000,1877.090,30.000,364.400,126.050,21.380,
0.190,6.000,5,30,509.000,509.000,2074.660,30.000,392.700,164.080,22.650,
0.190,6.000,6,30,402.000,402.000,1832.840,30.000,392.000,114.670,20.400,
0.190,6.000,7,30,479.000,479.000,1769.510,30.000,326.700,140.840,21.160,
0.190,6.000,8,30,487.000,487.000,1498.050,30.000,476.600,138.010,20.240,
0.190,6.000,9,30,422.000,422.000,1717.340,30.000,373.000,122.190,21.490,
0.190,6.500,0,30,392.000,392.000,2110.250,32.500,293.700,95.000,22.840,
0.190,6.500,1,30,449.000,449.000,1869.110,32.500,361.100,146.540,22.390,
0.190,6.500,2,30,545.000,545.000,1766.640,32.500,536.900,139.780,21.830,
0.190,6.500,3,30,486.000,486.000,1792.860,32.500,393.000,149.050,21.580,
0.190,6.500,4,30,515.000,515.000,1877.090,32.500,381.300,150.330,22.270,
0.190,6.500,5,30,528.000,528.000,1992.240,32.500,430.300,182.850,23.620,
0.190,6.500,6,30,535.000,535.000,2010.170,32.500,423.900,152.320,22.470,
0.190,6.500,7,30,527.000,527.000,1776.840,32.500,348.200,152.970,20.850,
0.190,6.500,8,30,558.000,558.000,1495.590,32.500,517.900,163.620,21.060,
0.190,6.500,9,30,439.000,439.000,1682.520,32.500,386.300,121.410,20.170,
0.190,7.000,0,30,400.000,400.000,2163.180,35.000,329.700,102.700,23.000,
0.190,7.000,1,30,489.000,489.000,1828.080,35.000,378.800,159.920,21.280,
0.190,7.000,2,30,647.000,647.000,1718.820,35.000,638.400,159.210,20.920,
0.190,7.000,3,30,517.000,517.000,1792.860,35.000,419.300,160.830,21.200,
0.190,7.000,4,30,539.000,539.000,1780.310,35.000,413.100,171.610,22.480,
0.190,7.000,5,30,554.000,554.000,1994.510,35.000,449.200,187.950,22.600,
0.190,7.000,6,30,556.000,556.000,1958.620,35.000,448.800,157.480,22.240,
0.190,7.000,7,30,528.000,528.000,1804.340,35.000,444.100,170.230,21.000,
0.190,7.000,8,30,589.000,589.000,1481.470,35.000,540.800,174.440,21.100,
0.190,7.000,9,30,450.000,450.000,1682.520,35.000,395.200,126.210,21.810,
0.200,3.000,0,30,180.000,180.000,2073.870,15.000,159.200,50.190,21.590,
0.200,3.000,1,30,224.000,224.000,1764.340,15.000,194.700,76.280,20.980,
0.200,3.000,2,30,236.000,236.000,1725.730,15.000,227.500,72.360,20.400,
0.200,3.000,3,30,319.000,319.000,1815.810,15.000,217.200,78.660,21.040,
0.200,3.000,4,30,204.000,204.000,1717.570,15.000,169.400,58.280,20.480,
0.200,3.000,5,30,348.000,348.000,2113.680,15.000,241.400,102.590,23.250,
0.200,3.000,6,30,292.000,292.000,1905.390,15.000,223.300,84.410,21.550,
0.200,3.000,7,30,294.000,294.000,1768.660,15.000,245.200,73.400,19.630,
0.200,3.000,8,30,270.000,270.000,1544.640,15.000,228.500,73.530,19.720,
0.200,3.000,9,30,286.000,286.000,1868.030,15.000,181.400,69.780,21.600,
0.200,3.500,0,30,273.000,273.000,2170.280,17.500,207.900,66.940,22.710,
0.200,3.500,1,30,287.000,287.000,1852.510,17.500,210.000,87.240,20.910,
0.200,3.500,2,30,293.000,293.000,1747.190,17.500,285.000,75.860,20.260,
0.200,3.500,3,30,349.000,349.000,1802.280,17.500,240.000,97.000,21.050,
0.200,3.500,4,30,361.000,361.000,1807.250,17.500,251.000,84.950,21.670,
0.200,3.500,5,30,354.000,354.000,1988.090,17.500,213.800,99.600,22.140,
0.200,3.500,6,30,309.000,309.000,1828.620,17.500,273.800,96.900,20.630,
0.200,3.500,7,30,358.000,358.000,1829.180,17.500,271.400,101.180,20.830,
0.200,3.500,8,30,292.000,292.000,1583.290,17.500,247.100,81.070,21.090,
0.200,3.500,9,30,303.000,303.000,1738.650,17.500,209.300,88.430,21.090,
0.200,4.000,0,30,290.000,290.000,2072.210,20.000,220.400,70.710,21.490,
0.200,4.000,1,30,297.000,297.000,1849.890,20.000,236.700,94.440,20.940,
0.200,4.000,2,30,324.000,324.000,1680.570,20.000,315.600,83.070,19.630,
0.200,4.000,3,30,387.000,387.000,1809.170,20.000,289.000,100.510,21.320,
0.200,4.000,4,30,399.000,399.000,1825.420,20.000,285.800,99.400,21.270,
0.200,4.000,5,30,438.000,438.000,2026.930,20.000,305.900,136.670,22.950,
0.200,4.000,6,30,437.000,437.000,1828.620,20.000,297.100,108.100,21.650,
0.200,4.000,7,30,379.000,379.000,1798.480,20.000,289.500,107.440,20.900,
0.200,4.000,8,30,313.000,313.000,1627.400,20.000,260.300,85.870,21.080,
0.200,4.000,9,30,312.000,312.000,1756.080,20.000,223.200,88.360,20.880,
0.200,4.500,0,30,328.000,328.000,2157.860,22.500,252.400,70.570,22.200,
0.200,4.500,1,30,320.000,320.000,1883.130,22.500,291.500,104.790,21.170,
0.200,4.500,2,30,366.000,366.000,1704.380,22.500,357.700,108.270,19.720,
0.200,4.500,3,30,417.000,417.000,1826.500,22.500,311.500,119.500,20.660,
0.200,4.500,4,30,356.000,356.000,1810.900,22.500,281.000,103.020,21.000,
0.200,4.500,5,30,465.000,465.000,2017.180,22.500,348.200,145.620,22.320,
0.200,4.500,6,30,466.000,466.000,1876.290,22.500,330.500,124.090,21.390,
0.200,4.500,7,30,360.000,360.000,1839.760,22.500,305.900,101.070,20.200,
0.200,4.500,8,30,331.000,331.000,1583.020,22.500,280.500,92.910,19.940,
0.200,4.500,9,30,368.000,368.000,1817.860,22.500,325.900,103.470,20.440,
0.200,5.000,0,30,386.000,386.000,2061.840,25.000,286.500,89.650,21.970,
0.200,5.000,1,30,406.000,406.000,1870.580,25.000,317.300,129.420,20.520,
0.200,5.000,2,30,398.000,398.000,1634.010,25.000,389.500,120.320,19.250,
0.200,5.000,3,30,407.000,407.000,1811.730,25.000,328.500,128.860,20.870,
0.200,5.000,4,30,363.000,363.000,1865.620,25.000,336.900,116.130,20.690,
0.200,5.000,5,30,494.000,494.000,1994.320,25.000,371.400,157.250,22.290,
0.200,5.000,6,30,410.000,410.000,1924.830,25.000,364.300,134.150,21.550,
0.200,5.000,7,30,442.000,442.000,1778.340,25.000,320.100,147.210,20.620,
0.200,5.000,8,30,443.000,443.000,1659.560,25.000,432.200,112.410,21.050,
0.200,5.000,9,30,393.000,393.000,1659.270,25.000,348.200,115.700,20.590,
0.200,5.500,0,30,451.000,451.000,2123.990,27.500,343.200,107.300,23.050,
0.200,5.500,1,30,410.000,410.000,1839.610,27.500,340.600,133.400,21.280,
0.200,5.500,2,30,570.000,570.000,1772.640,27.500,494.600,149.400,21.960,
0.200,5.500,3,30,469.000,469.000,1856.710,27.500,356.500,138.250,21.280,
0.200,5.500,4,30,544.000,544.000,1861.650,27.500,380.200,147.030,22.070,
0.200,5.500,5,30,522.000,522.000,2061.040,27.500,393.200,182.160,23.040,
0.200,5.500,6,30,435.000,435.000,1924.830,27.500,386.500,141.260,22.040,
0.200,5.500,7,30,473.000,473.000,1827.930,27.500,331.100,142.820,21.250,
0.200,5.500,8,30,546.000,546.000,1474.300,27.500,475.900,164.080,20.650,
0.200,5.500,9,30,424.000,424.000,1751.010,27.500,376.500,131.190,21.050,
0.200,6.000,0,30,329.000,329.000,2119.800,30.000,281.400,97.300,21.930,
0.200,6.000,1,30,476.000,476.000,1899.390,30.000,363.200,145.700,21.760,
0.200,6.000,2,30,603.000,603.000,1645.000,30.000,537.700,158.810,21.120,
0.200,6.000,3,30,497.000,497.000,1776.210,30.000,391.900,155.080,21.430,
0.200,6.000,4,30,563.000,563.000,1840.570,30.000,404.600,162.300,22.070,
0.200,6.000,5,30,549.000,549.000,1966.410,30.000,432.500,192.240,22.560,
0.200,6.000,6,30,535.000,535.000,1832.840,30.000,421.700,145.350,20.670,
0.200,6.000,7,30,533.000,533.000,1767.810,30.000,350.300,160.890,21.330,
0.200,6.000,8,30,577.000,577.000,1474.300,30.000,519.000,180.840,21.580,
0.200,6.000,9,30,436.000,436.000,1751.010,30.000,387.000,134.100,20.510,
0.200,6.500,0,30,569.000,569.000,2105.790,32.500,430.600,120.800,22.180,
0.200,6.500,1,30,518.000,518.000,1822.140,32.500,382.000,175.950,21.990,
0.200,6.500,2,30,650.000,650.000,1752.300,32.500,641.200,176.200,21.460,
0.200,6.500,3,30,513.000,513.000,1818.200,32.500,413.600,153.690,20.590,
0.200,6.500,4,30,567.000,567.000,1847.980,32.500,419.400,196.670,22.100,
0.200,6.500,5,30,597.000,597.000,1935.610,32.500,453.800,208.120,22.150,
0.200,6.500,6,30,549.000,549.000,1940.680,32.500,442.000,167.070,21.830,
0.200,6.500,7,30,543.000,543.000,1818.750,32.500,445.800,177.990,21.770,
0.200,6.500,8,30,647.000,647.000,1473.900,32.500,544.200,188.310,20.950,
0.200,6.500,9,30,455.000,455.000,1694.580,32.500,402.400,124.490,20.780,
0.200,7.000,0,30,438.000,438.000,2030.280,35.000,385.100,115.700,21.730,
0.200,7.000,1,30,561.000,561.000,1769.040,35.000,396.200,185.380,21.340,
0.200,7.000,2,30,701.000,701.000,1664.530,35.000,692.200,185.800,20.740,
0.200,7.000,3,30,544.000,544.000,1769.150,35.000,446.800,165.880,21.100,
0.200,7.000,4,30,569.000,569.000,1796.710,35.000,437.800,195.710,20.130,
0.200,7.000,5,30,803.000,803.000,1948.620,35.000,472.300,229.910,20.310,
0.200,7.000,6,30,569.000,569.000,1950.190,35.000,470.600,176.990,19.670,
0.200,7.000,7,30,637.000,637.000,1734.380,35.000,583.500,199.030,18.670,
0.200,7.000,8,30,668.000,668.000,1461.390,35.000,570.500,192.430,18.310,
0.200,7.000,9,30,466.000,466.000,1696.700,35.000,411.300,133.790,15.130,
