I_U,T_INT,seed,nodes_completed,sim_duration_s,total_survey_time_s,fleet_distance_m,conv_time_min_s,conv_time_max_s,conv_time_mean_s,wall_time_s,error
0.050,3.000,0,30,88.000,88.000,2176.440,15.000,49.700,20.230,4.330,
0.050,3.000,1,30,97.000,97.000,1883.990,15.000,63.800,25.520,4.090,
0.050,3.000,2,30,85.000,85.000,1872.900,15.000,44.400,22.200,4.100,
0.050,3.000,3,30,94.000,94.000,1884.770,15.000,45.200,23.400,4.100,
0.050,3.000,4,30,75.000,75.000,1825.070,15.000,40.400,20.850,4.110,
0.050,3.000,5,30,93.000,93.000,2095.620,15.000,59.300,24.000,4.360,
0.050,3.000,6,30,80.000,80.000,2014.210,15.000,46.400,22.240,4.220,
0.050,3.000,7,30,74.000,74.000,1866.550,15.000,65.100,21.050,4.050,
0.050,3.000,8,30,108.000,108.000,1677.280,15.000,53.300,22.390,4.040,
0.050,3.000,9,30,99.000,99.000,1987.310,15.000,42.600,21.940,4.700,
0.050,3.500,0,30,90.000,90.000,2176.440,17.500,52.000,22.160,4.720,
0.050,3.500,1,30,106.000,106.000,1876.490,17.500,69.700,29.550,4.480,
0.050,3.500,2,30,90.000,90.000,1940.520,17.500,52.800,22.950,4.490,
0.050,3.500,3,30,105.000,105.000,1936.050,17.500,49.000,28.450,4.570,
0.050,3.500,4,30,127.000,127.000,1853.390,17.500,70.300,25.450,4.470,
0.050,3.500,5,30,102.000,102.000,2091.270,17.500,65.200,28.560,4.690,
0.050,3.500,6,30,114.000,114.000,2027.290,17.500,66.300,28.390,4.650,
0.050,3.500,7,30,106.000,106.000,1823.890,17.500,73.500,28.740,4.360,
0.050,3.500,8,30,112.000,112.000,1666.280,17.500,57.500,25.500,4.290,
0.050,3.500,9,30,106.000,106.000,2003.440,17.500,46.800,25.540,4.570,
0.050,4.000,0,30,116.000,116.000,2183.250,20.000,59.200,27.100,4.630,
0.050,4.000,1,30,119.000,119.000,1873.190,20.000,80.900,32.820,4.430,
0.050,4.000,2,30,119.000,119.000,1944.710,20.000,65.400,26.410,4.390,
0.050,4.000,3,30,119.000,119.000,1892.900,20.000,60.400,31.600,4.450,
0.050,4.000,4,30,134.000,134.000,1830.120,20.000,76.700,29.900,4.320,
0.050,4.000,5,30,110.000,110.000,2094.500,20.000,70.700,32.130,4.510,
0.050,4.000,6,30,144.000,144.000,1977.370,20.000,79.000,32.070,4.410,
0.050,4.000,7,30,119.000,119.000,1933.880,20.000,80.300,30.410,4.350,
0.050,4.000,8,30,120.000,120.000,1694.860,20.000,59.600,26.270,4.330,
0.050,4.000,9,30,108.000,108.000,1999.770,20.000,45.800,28.560,4.550,
0.050,4.500,0,30,127.000,127.000,2159.170,22.500,63.700,28.790,4.590,
0.050,4.500,1,30,129.000,129.000,1865.200,22.500,87.200,35.550,4.470,
0.050,4.500,2,30,118.000,118.000,1953.500,22.500,61.900,29.000,4.440,
0.050,4.500,3,30,112.000,112.000,1881.570,22.500,70.600,34.240,4.500,
0.050,4.500,4,30,139.000,139.000,1833.260,22.500,80.400,34.660,4.350,
0.050,4.500,5,30,141.000,141.000,2086.320,22.500,73.700,41.960,4.520,
0.050,4.500,6,30,151.000,151.000,2003.600,22.500,87.100,37.610,4.580,
0.050,4.500,7,30,124.000,124.000,1934.030,22.500,91.000,34.410,4.390,
0.050,4.500,8,30,121.000,121.000,1713.350,22.500,60.700,29.190,4.390,
0.050,4.500,9,30,129.000,129.000,1989.790,22.500,75.500,30.630,4.530,
0.050,5.000,0,30,135.000,135.000,2177.790,25.000,68.900,33.590,4.620,
0.050,5.000,1,30,131.000,131.000,1857.580,25.000,86.500,39.900,4.440,
0.050,5.000,2,30,114.000,114.000,1932.940,25.000,60.200,33.650,4.450,
0.050,5.000,3,30,123.000,123.000,1888.380,25.000,72.500,38.700,4.520,
0.050,5.000,4,30,141.000,141.000,1833.260,25.000,81.500,37.050,4.330,
0.050,5.000,5,30,159.000,159.000,2086.320,25.000,80.600,45.420,4.690,
0.050,5.000,6,30,161.000,161.000,1968.650,25.000,91.500,40.620,4.580,
0.050,5.000,7,30,137.000,137.000,1888.260,25.000,95.600,39.300,4.330,
0.050,5.000,8,30,121.000,121.000,1696.280,25.000,58.600,32.340,4.370,
0.050,5.000,9,30,131.000,131.000,1987.440,25.000,78.900,34.660,4.530,
0.050,5.500,0,30,143.000,143.000,2136.460,27.500,70.500,37.660,4.610,
0.050,5.500,1,30,134.000,134.000,1860.990,27.500,92.600,43.170,4.510,
0.050,5.500,2,30,132.000,132.000,1977.610,27.500,72.500,37.080,4.480,
0.050,5.500,3,30,136.000,136.000,1888.490,27.500,84.300,43.430,4.540,
0.050,5.500,4,30,147.000,147.000,1846.430,27.500,86.900,41.180,4.560,
0.050,5.500,5,30,162.000,162.000,2086.320,27.500,87.800,47.600,4.750,
0.050,5.500,6,30,173.000,173.000,1984.990,27.500,99.200,44.160,4.640,
0.050,5.500,7,30,133.000,133.000,1858.840,27.500,100.100,44.200,4.420,
0.050,5.500,8,30,120.000,120.000,1717.510,27.500,92.900,35.900,4.540,
0.050,5.500,9,30,133.000,133.000,1987.430,27.500,79.900,36.830,4.550,
0.050,6.000,0,30,145.000,145.000,2126.360,30.000,73.700,38.540,4.620,
0.050,6.000,1,30,133.000,133.000,1871.460,30.000,98.600,44.670,4.550,
0.050,6.000,2,30,140.000,140.000,1904.210,30.000,76.000,41.000,4.460,
0.050,6.000,3,30,140.000,140.000,1902.430,30.000,87.200,45.480,4.640,
0.050,6.000,4,30,157.000,157.000,1859.270,30.000,94.900,44.680,4.610,
0.050,6.000,5,30,161.000,161.000,2099.160,30.000,100.000,50.310,4.790,
0.050,6.000,6,30,150.000,150.000,2019.920,30.000,100.400,45.550,4.720,
0.050,6.000,7,30,131.000,131.000,1848.560,30.000,105.000,46.340,4.470,
0.050,6.000,8,30,139.000,139.000,1650.190,30.000,99.700,43.280,4.520,
0.050,6.000,9,30,153.000,153.000,1929.880,30.000,82.700,44.010,4.670,
0.050,6.500,0,30,147.000,147.000,2142.840,32.500,79.000,41.310,4.740,
0.050,6.500,1,30,211.000,211.000,1865.870,32.500,120.200,53.190,4.530,
0.050,6.500,2,30,147.000,147.000,1911.860,32.500,84.500,43.460,4.620,
0.050,6.500,3,30,206.000,206.000,1899.460,32.500,122.800,53.870,4.840,
0.050,6.500,4,30,159.000,159.000,1865.510,32.500,93.400,47.970,4.640,
0.050,6.500,5,30,212.000,212.000,2134.460,32.500,108.100,54.760,4.940,
0.050,6.500,6,30,184.000,184.000,2013.270,32.500,104.200,51.030,4.810,
0.050,6.500,7,30,133.000,133.000,1871.540,32.500,109.300,48.690,4.650,
0.050,6.500,8,30,157.000,157.000,1618.140,32.500,105.500,48.240,4.610,
0.050,6.500,9,30,154.000,154.000,2054.340,32.500,86.300,48.160,4.850,
0.050,7.000,0,30,141.000,141.000,2098.020,35.000,84.200,43.700,4.740,
0.050,7.000,1,30,223.000,223.000,1880.100,35.000,130.300,54.690,5.920,
0.050,7.000,2,30,155.000,155.000,1911.860,35.000,82.300,46.670,5.880,
0.050,7.000,3,30,195.000,195.000,1899.460,35.000,128.100,56.560,6.180,
0.050,7.000,4,30,175.000,175.000,1880.810,35.000,108.300,52.780,6.110,
0.050,7.000,5,30,171.000,171.000,2148.490,35.000,110.200,55.280,6.380,
0.050,7.000,6,30,177.000,177.000,2060.430,35.000,135.200,56.240,6.270,
0.050,7.000,7,30,179.000,179.000,1871.540,35.000,116.100,51.440,5.950,
0.050,7.000,8,30,169.000,169.000,1611.190,35.000,109.900,51.950,5.880,
0.050,7.000,9,30,165.000,165.000,1981.180,35.000,91.900,52.660,6.140,
0.060,3.000,0,30,88.000,88.000,2176.440,15.000,49.700,20.230,5.490,
0.060,3.000,1,30,97.000,97.000,1883.990,15.000,63.800,25.520,5.220,
0.060,3.000,2,30,85.000,85.000,1872.900,15.000,44.400,22.200,5.050,
0.060,3.000,3,30,94.000,94.000,1884.770,15.000,45.200,23.400,5.190,
0.060,3.000,4,30,75.000,75.000,1825.070,15.000,40.400,20.850,5.120,
0.060,3.000,5,30,93.000,93.000,2095.620,15.000,59.300,24.000,5.500,
0.060,3.000,6,30,80.000,80.000,2014.210,15.000,46.400,22.240,5.300,
0.060,3.000,7,30,74.000,74.000,1866.550,15.000,65.100,21.050,5.010,
0.060,3.000,8,30,108.000,108.000,1677.280,15.000,53.300,22.390,5.030,
0.060,3.000,9,30,99.000,99.000,1987.310,15.000,42.600,21.940,5.530,
0.060,3.500,0,30,90.000,90.000,2176.440,17.500,52.000,22.160,5.570,
0.060,3.500,1,30,106.000,106.000,1876.490,17.500,69.700,29.550,5.250,
0.060,3.500,2,30,90.000,90.000,1940.520,17.500,52.800,22.950,5.240,
0.060,3.500,3,30,105.000,105.000,1936.050,17.500,49.000,28.450,5.420,
0.060,3.500,4,30,127.000,127.000,1853.390,17.500,70.300,25.450,5.160,
0.060,3.500,5,30,102.000,102.000,2091.270,17.500,65.200,28.560,5.460,
0.060,3.500,6,30,114.000,114.000,2027.290,17.500,66.300,28.390,5.470,
0.060,3.500,7,30,106.000,106.000,1823.890,17.500,73.500,28.740,5.050,
0.060,3.500,8,30,112.000,112.000,1666.280,17.500,57.500,25.500,5.110,
0.060,3.500,9,30,106.000,106.000,2003.440,17.500,46.800,25.540,5.360,
0.060,4.000,0,30,116.000,116.000,2183.250,20.000,59.200,27.100,5.420,
0.060,4.000,1,30,119.000,119.000,1873.190,20.000,80.900,32.820,5.230,
0.060,4.000,2,30,119.000,119.000,1944.710,20.000,65.400,26.410,5.140,
0.060,4.000,3,30,119.000,119.000,1892.900,20.000,60.400,31.600,5.260,
0.060,4.000,4,30,134.000,134.000,1830.120,20.000,76.700,29.900,5.090,
0.060,4.000,5,30,110.000,110.000,2094.500,20.000,70.700,32.130,5.360,
0.060,4.000,6,30,144.000,144.000,1977.370,20.000,79.000,32.070,5.190,
0.060,4.000,7,30,119.000,119.000,1933.880,20.000,80.300,30.410,4.980,
0.060,4.000,8,30,120.000,120.000,1694.860,20.000,59.600,26.270,4.870,
0.060,4.000,9,30,108.000,108.000,1999.770,20.000,45.800,28.560,5.130,
0.060,4.500,0,30,127.000,127.000,2159.170,22.500,63.700,28.790,5.270,
0.060,4.500,1,30,129.000,129.000,1865.200,22.500,87.200,35.550,5.000,
0.060,4.500,2,30,118.000,118.000,1953.500,22.500,61.900,29.000,5.040,
0.060,4.500,3,30,112.000,112.000,1881.570,22.500,70.600,34.240,5.100,
0.060,4.500,4,30,139.000,139.000,1833.260,22.500,80.400,34.660,4.930,
0.060,4.500,5,30,141.000,141.000,2086.320,22.500,73.700,41.960,5.050,
0.060,4.500,6,30,151.000,151.000,2003.600,22.500,87.100,37.610,5.050,
0.060,4.500,7,30,124.000,124.000,1934.030,22.500,91.000,34.410,4.850,
0.060,4.500,8,30,121.000,121.000,1713.350,22.500,60.700,29.190,4.820,
0.060,4.500,9,30,129.000,129.000,1989.790,22.500,75.500,30.630,5.030,
0.060,5.000,0,30,135.000,135.000,2177.790,25.000,68.900,33.590,5.050,
0.060,5.000,1,30,131.000,131.000,1857.580,25.000,86.500,39.900,4.900,
0.060,5.000,2,30,114.000,114.000,1932.940,25.000,60.200,33.650,4.850,
0.060,5.000,3,30,123.000,123.000,1888.380,25.000,72.500,38.700,4.910,
0.060,5.000,4,30,141.000,141.000,1833.260,25.000,81.500,37.050,4.770,
0.060,5.000,5,30,159.000,159.000,2086.320,25.000,80.600,45.420,5.260,
0.060,5.000,6,30,161.000,161.000,1968.650,25.000,91.500,40.620,5.150,
0.060,5.000,7,30,137.000,137.000,1888.260,25.000,95.600,39.300,4.870,
0.060,5.000,8,30,121.000,121.000,1696.280,25.000,58.600,32.340,4.910,
0.060,5.000,9,30,131.000,131.000,1987.440,25.000,78.900,34.660,5.220,
0.060,5.500,0,30,143.000,143.000,2136.460,27.500,70.500,37.660,5.340,
0.060,5.500,1,30,134.000,134.000,1860.990,27.500,92.600,43.170,5.150,
0.060,5.500,2,30,132.000,132.000,1977.610,27.500,72.500,37.080,5.170,
0.060,5.500,3,30,136.000,136.000,1888.490,27.500,84.300,43.430,5.230,
0.060,5.500,4,30,147.000,147.000,1846.430,27.500,86.900,41.180,5.350,
0.060,5.500,5,30,162.000,162.000,2086.320,27.500,87.800,47.600,5.580,
0.060,5.500,6,30,173.000,173.000,1984.990,27.500,99.200,44.160,5.370,
0.060,5.500,7,30,133.000,133.000,1858.840,27.500,100.100,44.200,5.140,
0.060,5.500,8,30,120.000,120.000,1717.510,27.500,92.900,35.900,5.190,
0.060,5.500,9,30,133.000,133.000,1987.430,27.500,79.900,36.830,5.200,
0.060,6.000,0,30,145.000,145.000,2126.360,30.000,73.700,38.540,5.420,
0.060,6.000,1,30,133.000,133.000,1871.460,30.000,98.600,44.670,5.320,
0.060,6.000,2,30,140.000,140.000,1904.210,30.000,76.000,41.000,5.140,
0.060,6.000,3,30,140.000,140.000,1902.430,30.000,87.200,45.480,5.450,
0.060,6.000,4,30,157.000,157.000,1859.270,30.000,94.900,44.680,5.340,
0.060,6.000,5,30,161.000,161.000,2099.160,30.000,100.000,50.310,5.550,
0.060,6.000,6,30,150.000,150.000,2019.920,30.000,100.400,45.550,5.390,
0.060,6.000,7,30,131.000,131.000,1848.560,30.000,105.000,46.340,5.090,
0.060,6.000,8,30,139.000,139.000,1650.190,30.000,99.700,43.280,5.180,
0.060,6.000,9,30,153.000,153.000,1929.880,30.000,82.700,44.010,5.350,
0.060,6.500,0,30,147.000,147.000,2142.840,32.500,79.000,41.310,5.490,
0.060,6.500,1,30,211.000,211.000,1865.870,32.500,120.200,53.190,5.200,
0.060,6.500,2,30,147.000,147.000,1911.860,32.500,84.500,43.460,5.380,
0.060,6.500,3,30,206.000,206.000,1899.460,32.500,122.800,53.870,5.510,
0.060,6.500,4,30,159.000,159.000,1865.510,32.500,93.400,47.970,5.340,
0.060,6.500,5,30,212.000,212.000,2134.460,32.500,108.100,54.760,5.750,
0.060,6.500,6,30,184.000,184.000,2013.270,32.500,104.200,51.030,5.520,
0.060,6.500,7,30,133.000,133.000,1871.540,32.500,109.300,48.690,5.260,
0.060,6.500,8,30,157.000,157.000,1618.140,32.500,105.500,48.240,5.160,
0.060,6.500,9,30,154.000,154.000,2054.340,32.500,86.300,48.160,5.610,
0.060,7.000,0,30,141.000,141.000,2098.020,35.000,84.200,43.700,5.520,
0.060,7.000,1,30,223.000,223.000,1880.100,35.000,130.300,54.690,5.480,
0.060,7.000,2,30,155.000,155.000,1911.860,35.000,82.300,46.670,5.370,
0.060,7.000,3,30,195.000,195.000,1899.460,35.000,128.100,56.560,5.600,
0.060,7.000,4,30,175.000,175.000,1880.810,35.000,108.300,52.780,5.390,
0.060,7.000,5,30,171.000,171.000,2148.490,35.000,110.200,55.280,5.730,
0.060,7.000,6,30,177.000,177.000,2060.430,35.000,135.200,56.240,5.650,
0.060,7.000,7,30,179.000,179.000,1871.540,35.000,116.100,51.440,5.300,
0.060,7.000,8,30,169.000,169.000,1611.190,35.000,109.900,51.950,5.090,
0.060,7.000,9,30,165.000,165.000,1981.180,35.000,91.900,52.660,5.470,
0.070,3.000,0,30,88.000,88.000,2176.440,15.000,49.700,20.230,5.720,
0.070,3.000,1,30,97.000,97.000,1883.990,15.000,63.800,25.520,5.560,
0.070,3.000,2,30,85.000,85.000,1872.900,15.000,44.400,22.200,5.390,
0.070,3.000,3,30,94.000,94.000,1884.770,15.000,45.200,23.400,5.410,
0.070,3.000,4,30,75.000,75.000,1825.070,15.000,40.400,20.850,5.340,
0.070,3.000,5,30,93.000,93.000,2095.620,15.000,59.300,24.000,5.790,
0.070,3.000,6,30,80.000,80.000,2014.210,15.000,46.400,22.240,5.670,
0.070,3.000,7,30,74.000,74.000,1866.550,15.000,65.100,21.050,5.160,
0.070,3.000,8,30,108.000,108.000,1677.280,15.000,53.300,22.390,5.180,
0.070,3.000,9,30,99.000,99.000,1987.310,15.000,42.600,21.940,5.910,
0.070,3.500,0,30,90.000,90.000,2176.440,17.500,52.000,22.160,5.920,
0.070,3.500,1,30,106.000,106.000,1876.490,17.500,69.700,29.550,5.620,
0.070,3.500,2,30,90.000,90.000,1940.520,17.500,52.800,22.950,5.580,
0.070,3.500,3,30,105.000,105.000,1936.050,17.500,49.000,28.450,5.740,
0.070,3.500,4,30,127.000,127.000,1853.390,17.500,70.300,25.450,5.490,
0.070,3.500,5,30,102.000,102.000,2091.270,17.500,65.200,28.560,5.840,
0.070,3.500,6,30,114.000,114.000,2027.290,17.500,66.300,28.390,5.720,
0.070,3.500,7,30,106.000,106.000,1823.890,17.500,73.500,28.740,5.330,
0.070,3.500,8,30,112.000,112.000,1666.280,17.500,57.500,25.500,5.160,
0.070,3.500,9,30,106.000,106.000,2003.440,17.500,46.800,25.540,5.480,
0.070,4.000,0,30,116.000,116.000,2183.250,20.000,59.200,27.100,5.540,
0.070,4.000,1,30,119.000,119.000,1873.190,20.000,80.900,32.820,5.320,
0.070,4.000,2,30,119.000,119.000,1944.710,20.000,65.400,26.410,5.270,
0.070,4.000,3,30,119.000,119.000,1892.900,20.000,60.400,31.600,5.400,
0.070,4.000,4,30,134.000,134.000,1830.120,20.000,76.700,29.900,5.280,
0.070,4.000,5,30,110.000,110.000,2094.500,20.000,70.700,32.130,5.440,
0.070,4.000,6,30,144.000,144.000,1977.370,20.000,79.000,32.070,5.360,
0.070,4.000,7,30,119.000,119.000,1933.880,20.000,80.300,30.410,5.300,
0.070,4.000,8,30,120.000,120.000,1694.860,20.000,59.600,26.270,5.210,
0.070,4.000,9,30,108.000,108.000,1999.770,20.000,45.800,28.560,5.520,
0.070,4.500,0,30,127.000,127.000,2159.170,22.500,63.700,28.790,5.620,
0.070,4.500,1,30,129.000,129.000,1865.200,22.500,87.200,35.550,5.400,
0.070,4.500,2,30,118.000,118.000,1953.500,22.500,61.900,29.000,5.370,
0.070,4.500,3,30,112.000,112.000,1881.570,22.500,70.600,34.240,5.460,
0.070,4.500,4,30,139.000,139.000,1833.260,22.500,80.400,34.660,5.270,
0.070,4.500,5,30,141.000,141.000,2086.320,22.500,73.700,41.960,5.450,
0.070,4.500,6,30,151.000,151.000,2003.600,22.500,87.100,37.610,5.690,
0.070,4.500,7,30,124.000,124.000,1934.030,22.500,91.000,34.410,5.510,
0.070,4.500,8,30,121.000,121.000,1713.350,22.500,60.700,29.190,5.470,
0.070,4.500,9,30,129.000,129.000,1989.790,22.500,75.500,30.630,5.630,
0.070,5.000,0,30,135.000,135.000,2177.790,25.000,68.900,33.590,5.740,
0.070,5.000,1,30,131.000,131.000,1857.580,25.000,86.500,39.900,5.560,
0.070,5.000,2,30,114.000,114.000,1932.940,25.000,60.200,33.650,5.500,
0.070,5.000,3,30,123.000,123.000,1888.380,25.000,72.500,38.700,5.590,
0.070,5.000,4,30,141.000,141.000,1833.260,25.000,81.500,37.050,5.370,
0.070,5.000,5,30,159.000,159.000,2086.320,25.000,80.600,45.420,5.850,
0.070,5.000,6,30,161.000,161.000,1968.650,25.000,91.500,40.620,5.700,
0.070,5.000,7,30,137.000,137.000,1888.260,25.000,95.600,39.300,5.440,
0.070,5.000,8,30,121.000,121.000,1696.280,25.000,58.600,32.340,5.370,
0.070,5.000,9,30,131.000,131.000,1987.440,25.000,78.900,34.660,5.630,
0.070,5.500,0,30,143.000,143.000,2136.460,27.500,70.500,37.660,5.760,
0.070,5.500,1,30,134.000,134.000,1860.990,27.500,92.600,43.170,5.600,
0.070,5.500,2,30,132.000,132.000,1977.610,27.500,72.500,37.080,5.580,
0.070,5.500,3,30,136.000,136.000,1888.490,27.500,84.300,43.430,5.630,
0.070,5.500,4,30,147.000,147.000,1846.430,27.500,86.900,41.180,5.750,
0.070,5.500,5,30,162.000,162.000,2086.320,27.500,87.800,47.600,5.970,
0.070,5.500,6,30,173.000,173.000,1984.990,27.500,99.200,44.160,5.840,
0.070,5.500,7,30,133.000,133.000,1858.840,27.500,100.100,44.200,5.560,
0.070,5.500,8,30,120.000,120.000,1717.510,27.500,92.900,35.900,5.680,
0.070,5.500,9,30,133.000,133.000,1987.430,27.500,79.900,36.830,5.760,
0.070,6.000,0,30,145.000,145.000,2126.360,30.000,73.700,38.540,5.890,
0.070,6.000,1,30,133.000,133.000,1871.460,30.000,98.600,44.670,5.730,
0.070,6.000,2,30,140.000,140.000,1904.210,30.000,76.000,41.000,5.640,
0.070,6.000,3,30,140.000,140.000,1902.430,30.000,87.200,45.480,5.850,
0.070,6.000,4,30,157.000,157.000,1859.270,30.000,94.900,44.680,5.740,
0.070,6.000,5,30,161.000,161.000,2099.160,30.000,100.000,50.310,6.010,
0.070,6.000,6,30,150.000,150.000,2019.920,30.000,100.400,45.550,5.950,
0.070,6.000,7,30,131.000,131.000,1848.560,30.000,105.000,46.340,5.580,
0.070,6.000,8,30,139.000,139.000,1650.190,30.000,99.700,43.280,5.650,
0.070,6.000,9,30,153.000,153.000,1929.880,30.000,82.700,44.010,5.850,
0.070,6.500,0,30,147.000,147.000,2142.840,32.500,79.000,41.310,5.970,
0.070,6.500,1,30,211.000,211.000,1865.870,32.500,120.200,53.190,5.710,
0.070,6.500,2,30,147.000,147.000,1911.860,32.500,84.500,43.460,5.780,
0.070,6.500,3,30,206.000,206.000,1899.460,32.500,122.800,53.870,5.990,
0.070,6.500,4,30,159.000,159.000,1865.510,32.500,93.400,47.970,5.790,
0.070,6.500,5,30,212.000,212.000,2134.460,32.500,108.100,54.760,6.180,
0.070,6.500,6,30,184.000,184.000,2013.270,32.500,104.200,51.030,6.000,
0.070,6.500,7,30,133.000,133.000,1871.540,32.500,109.300,48.690,5.780,
0.070,6.500,8,30,157.000,157.000,1618.140,32.500,105.500,48.240,5.690,
0.070,6.500,9,30,154.000,154.000,2054.340,32.500,86.300,48.160,6.030,
0.070,7.000,0,30,141.000,141.000,2098.020,35.000,84.200,43.700,5.940,
0.070,7.000,1,30,223.000,223.000,1880.100,35.000,130.300,54.690,5.850,
0.070,7.000,2,30,155.000,155.000,1911.860,35.000,82.300,46.670,5.860,
0.070,7.000,3,30,195.000,195.000,1899.460,35.000,128.100,56.560,6.130,
0.070,7.000,4,30,175.000,175.000,1880.810,35.000,108.300,52.780,6.030,
0.070,7.000,5,30,171.000,171.000,2148.490,35.000,110.200,55.280,6.280,
0.070,7.000,6,30,177.000,177.000,2060.430,35.000,135.200,56.240,6.150,
0.070,7.000,7,30,179.000,179.000,1871.540,35.000,116.100,51.440,5.850,
0.070,7.000,8,30,169.000,169.000,1611.190,35.000,109.900,51.950,5.710,
0.070,7.000,9,30,165.000,165.000,1981.180,35.000,91.900,52.660,5.970,
0.080,3.000,0,30,88.000,88.000,2176.440,15.000,49.700,20.230,6.200,
0.080,3.000,1,30,97.000,97.000,1883.990,15.000,63.800,25.520,5.900,
0.080,3.000,2,30,85.000,85.000,1872.900,15.000,44.400,22.200,5.830,
0.080,3.000,3,30,94.000,94.000,1884.770,15.000,45.200,23.400,5.930,
0.080,3.000,4,30,75.000,75.000,1825.070,15.000,40.400,20.850,5.880,
0.080,3.000,5,30,93.000,93.000,2095.620,15.000,59.300,24.000,6.290,
0.080,3.000,6,30,80.000,80.000,2014.210,15.000,46.400,22.240,6.180,
0.080,3.000,7,30,74.000,74.000,1866.550,15.000,65.100,21.050,5.740,
0.080,3.000,8,30,108.000,108.000,1677.280,15.000,53.300,22.390,5.760,
0.080,3.000,9,30,99.000,99.000,1987.310,15.000,42.600,21.940,6.280,
0.080,3.500,0,30,90.000,90.000,2176.440,17.500,52.000,22.160,6.250,
0.080,3.500,1,30,106.000,106.000,1876.490,17.500,69.700,29.550,6.010,
0.080,3.500,2,30,90.000,90.000,1940.520,17.500,52.800,22.950,5.960,
0.080,3.500,3,30,105.000,105.000,1936.050,17.500,49.000,28.450,6.200,
0.080,3.500,4,30,127.000,127.000,1853.390,17.500,70.300,25.450,5.970,
0.080,3.500,5,30,102.000,102.000,2091.270,17.500,65.200,28.560,6.300,
0.080,3.500,6,30,114.000,114.000,2027.290,17.500,66.300,28.390,6.180,
0.080,3.500,7,30,106.000,106.000,1823.890,17.500,73.500,28.740,5.810,
0.080,3.500,8,30,112.000,112.000,1666.280,17.500,57.500,25.500,5.850,
0.080,3.500,9,30,106.000,106.000,2003.440,17.500,46.800,25.540,6.200,
0.080,4.000,0,30,116.000,116.000,2183.250,20.000,59.200,27.100,6.290,
0.080,4.000,1,30,119.000,119.000,1873.190,20.000,80.900,32.820,6.040,
0.080,4.000,2,30,119.000,119.000,1944.710,20.000,65.400,26.410,5.970,
0.080,4.000,3,30,119.000,119.000,1892.900,20.000,60.400,31.600,6.130,
0.080,4.000,4,30,134.000,134.000,1830.120,20.000,76.700,29.900,5.980,
0.080,4.000,5,30,110.000,110.000,2094.500,20.000,70.700,32.130,6.260,
0.080,4.000,6,30,144.000,144.000,1977.370,20.000,79.000,32.070,6.110,
0.080,4.000,7,30,119.000,119.000,1933.880,20.000,80.300,30.410,5.940,
0.080,4.000,8,30,120.000,120.000,1694.860,20.000,59.600,26.270,5.830,
0.080,4.000,9,30,108.000,108.000,1999.770,20.000,45.800,28.560,6.240,
0.080,4.500,0,30,127.000,127.000,2159.170,22.500,63.700,28.790,6.340,
0.080,4.500,1,30,129.000,129.000,1865.200,22.500,87.200,35.550,6.090,
0.080,4.500,2,30,118.000,118.000,1953.500,22.500,61.900,29.000,6.090,
0.080,4.500,3,30,112.000,112.000,1881.570,22.500,70.600,34.240,6.170,
0.080,4.500,4,30,139.000,139.000,1833.260,22.500,80.400,34.660,5.930,
0.080,4.500,5,30,141.000,141.000,2086.320,22.500,73.700,41.960,6.200,
0.080,4.500,6,30,151.000,151.000,2003.600,22.500,87.100,37.610,6.250,
0.080,4.500,7,30,124.000,124.000,1934.030,22.500,91.000,34.410,6.000,
0.080,4.500,8,30,121.000,121.000,1713.350,22.500,60.700,29.190,6.000,
0.080,4.500,9,30,129.000,129.000,1989.790,22.500,75.500,30.630,6.210,
0.080,5.000,0,30,135.000,135.000,2177.790,25.000,68.900,33.590,6.340,
0.080,5.000,1,30,131.000,131.000,1857.580,25.000,86.500,39.900,6.110,
0.080,5.000,2,30,114.000,114.000,1932.940,25.000,60.200,33.650,6.050,
0.080,5.000,3,30,123.000,123.000,1888.380,25.000,72.500,38.700,6.180,
0.080,5.000,4,30,141.000,141.000,1833.260,25.000,81.500,37.050,5.950,
0.080,5.000,5,30,159.000,159.000,2086.320,25.000,80.600,45.420,6.340,
0.080,5.000,6,30,161.000,161.000,1968.650,25.000,91.500,40.620,6.200,
0.080,5.000,7,30,137.000,137.000,1888.260,25.000,95.600,39.300,5.920,
0.080,5.000,8,30,121.000,121.000,1696.280,25.000,58.600,32.340,5.860,
0.080,5.000,9,30,131.000,131.000,1987.440,25.000,78.900,34.660,6.180,
0.080,5.500,0,30,143.000,143.000,2136.460,27.500,70.500,37.660,6.300,
0.080,5.500,1,30,134.000,134.000,1860.990,27.500,92.600,43.170,6.100,
0.080,5.500,2,30,132.000,132.000,1977.610,27.500,72.500,37.080,6.090,
0.080,5.500,3,30,136.000,136.000,1888.490,27.500,84.300,43.430,6.220,
0.080,5.500,4,30,147.000,147.000,1846.430,27.500,86.900,41.180,6.050,
0.080,5.500,5,30,162.000,162.000,2086.320,27.500,87.800,47.600,6.350,
0.080,5.500,6,30,173.000,173.000,1984.990,27.500,99.200,44.160,6.180,
0.080,5.500,7,30,133.000,133.000,1858.840,27.500,100.100,44.200,5.910,
0.080,5.500,8,30,120.000,120.000,1717.510,27.500,92.900,35.900,6.110,
0.080,5.500,9,30,133.000,133.000,1987.430,27.500,79.900,36.830,6.130,
0.080,6.000,0,30,145.000,145.000,2126.360,30.000,73.700,38.540,6.290,
0.080,6.000,1,30,133.000,133.000,1871.460,30.000,98.600,44.670,6.120,
0.080,6.000,2,30,140.000,140.000,1904.210,30.000,76.000,41.000,6.020,
0.080,6.000,3,30,140.000,140.000,1902.430,30.000,87.200,45.480,6.150,
0.080,6.000,4,30,157.000,157.000,1859.270,30.000,94.900,44.680,6.000,
0.080,6.000,5,30,161.000,161.000,2099.160,30.000,100.000,50.310,6.390,
0.080,6.000,6,30,150.000,150.000,2019.920,30.000,100.400,45.550,6.260,
0.080,6.000,7,30,131.000,131.000,1848.560,30.000,105.000,46.340,5.920,
0.080,6.000,8,30,139.000,139.000,1650.190,30.000,99.700,43.280,5.990,
0.080,6.000,9,30,153.000,153.000,1929.880,30.000,82.700,44.010,6.190,
0.080,6.500,0,30,147.000,147.000,2142.840,32.500,79.000,41.310,6.310,
0.080,6.500,1,30,211.000,211.000,1865.870,32.500,120.200,53.190,6.030,
0.080,6.500,2,30,147.000,147.000,1911.860,32.500,84.500,43.460,6.030,
0.080,6.500,3,30,206.000,206.000,1899.460,32.500,122.800,53.870,6.260,
0.080,6.500,4,30,159.000,159.000,1865.510,32.500,93.400,47.970,6.070,
0.080,6.500,5,30,212.000,212.000,2134.460,32.500,108.100,54.760,6.430,
0.080,6.500,6,30,184.000,184.000,2013.270,32.500,104.200,51.030,6.260,
0.080,6.500,7,30,133.000,133.000,1871.540,32.500,109.300,48.690,5.970,
0.080,6.500,8,30,157.000,157.000,1618.140,32.500,105.500,48.240,5.880,
0.080,6.500,9,30,154.000,154.000,2054.340,32.500,86.300,48.160,6.260,
0.080,7.000,0,30,141.000,141.000,2098.020,35.000,84.200,43.700,6.150,
0.080,7.000,1,30,223.000,223.000,1880.100,35.000,130.300,54.690,6.000,
0.080,7.000,2,30,155.000,155.000,1911.860,35.000,82.300,46.670,5.960,
0.080,7.000,3,30,195.000,195.000,1899.460,35.000,128.100,56.560,6.350,
0.080,7.000,4,30,175.000,175.000,1880.810,35.000,108.300,52.780,6.150,
0.080,7.000,5,30,171.000,171.000,2148.490,35.000,110.200,55.280,6.520,
0.080,7.000,6,30,177.000,177.000,2060.430,35.000,135.200,56.240,6.390,
0.080,7.000,7,30,179.000,179.000,1871.540,35.000,116.100,51.440,6.050,
0.080,7.000,8,30,169.000,169.000,1611.190,35.000,109.900,51.950,5.830,
0.080,7.000,9,30,165.000,165.000,1981.180,35.000,91.900,52.660,6.140,
0.090,3.000,0,30,88.000,88.000,2176.440,15.000,49.700,20.230,6.260,
0.090,3.000,1,30,97.000,97.000,1883.990,15.000,63.800,25.520,5.930,
0.090,3.000,2,30,85.000,85.000,1872.900,15.000,44.400,22.200,5.910,
0.090,3.000,3,30,94.000,94.000,1884.770,15.000,45.200,23.400,5.990,
0.090,3.000,4,30,75.000,75.000,1825.070,15.000,40.400,20.850,6.000,
0.090,3.000,5,30,93.000,93.000,2095.620,15.000,59.300,24.000,6.350,
0.090,3.000,6,30,80.000,80.000,2014.210,15.000,46.400,22.240,6.240,
0.090,3.000,7,30,74.000,74.000,1866.550,15.000,65.100,21.050,5.830,
0.090,3.000,8,30,108.000,108.000,1677.280,15.000,53.300,22.390,5.840,
0.090,3.000,9,30,99.000,99.000,1987.310,15.000,42.600,21.940,6.400,
0.090,3.500,0,30,90.000,90.000,2176.440,17.500,52.000,22.160,6.340,
0.090,3.500,1,30,106.000,106.000,1876.490,17.500,69.700,29.550,6.120,
0.090,3.500,2,30,90.000,90.000,1940.520,17.500,52.800,22.950,6.150,
0.090,3.500,3,30,105.000,105.000,1936.050,17.500,49.000,28.450,6.330,
0.090,3.500,4,30,127.000,127.000,1853.390,17.500,70.300,25.450,6.130,
0.090,3.500,5,30,102.000,102.000,2091.270,17.500,65.200,28.560,6.430,
0.090,3.500,6,30,114.000,114.000,2027.290,17.500,66.300,28.390,6.360,
0.090,3.500,7,30,106.000,106.000,1823.890,17.500,73.500,28.740,5.950,
0.090,3.500,8,30,112.000,112.000,1666.280,17.500,57.500,25.500,5.840,
0.090,3.500,9,30,106.000,106.000,2003.440,17.500,46.800,25.540,6.210,
0.090,4.000,0,30,116.000,116.000,2183.250,20.000,59.200,27.100,6.370,
0.090,4.000,1,30,119.000,119.000,1873.190,20.000,80.900,32.820,6.120,
0.090,4.000,2,30,119.000,119.000,1944.710,20.000,65.400,26.410,6.090,
0.090,4.000,3,30,119.000,119.000,1892.900,20.000,60.400,31.600,6.240,
0.090,4.000,4,30,134.000,134.000,1830.120,20.000,76.700,29.900,6.080,
0.090,4.000,5,30,110.000,110.000,2094.500,20.000,70.700,32.130,6.330,
0.090,4.000,6,30,144.000,144.000,1977.370,20.000,79.000,32.070,6.200,
0.090,4.000,7,30,119.000,119.000,1933.880,20.000,80.300,30.410,5.810,
0.090,4.000,8,30,120.000,120.000,1694.860,20.000,59.600,26.270,5.800,
0.090,4.000,9,30,108.000,108.000,1999.770,20.000,45.800,28.560,6.190,
0.090,4.500,0,30,127.000,127.000,2159.170,22.500,63.700,28.790,6.290,
0.090,4.500,1,30,129.000,129.000,1865.200,22.500,87.200,35.550,6.070,
0.090,4.500,2,30,118.000,118.000,1953.500,22.500,61.900,29.000,6.030,
0.090,4.500,3,30,112.000,112.000,1881.570,22.500,70.600,34.240,6.100,
0.090,4.500,4,30,139.000,139.000,1833.260,22.500,80.400,34.660,5.870,
0.090,4.500,5,30,141.000,141.000,2086.320,22.500,73.700,41.960,6.130,
0.090,4.500,6,30,151.000,151.000,2003.600,22.500,87.100,37.610,6.080,
0.090,4.500,7,30,124.000,124.000,1934.030,22.500,91.000,34.410,5.870,
0.090,4.500,8,30,121.000,121.000,1713.350,22.500,60.700,29.190,5.930,
0.090,4.500,9,30,129.000,129.000,1989.790,22.500,75.500,30.630,6.160,
0.090,5.000,0,30,135.000,135.000,2177.790,25.000,68.900,33.590,6.250,
0.090,5.000,1,30,131.000,131.000,1857.580,25.000,86.500,39.900,6.060,
0.090,5.000,2,30,114.000,114.000,1932.940,25.000,60.200,33.650,5.970,
0.090,5.000,3,30,123.000,123.000,1888.380,25.000,72.500,38.700,6.080,
0.090,5.000,4,30,141.000,141.000,1833.260,25.000,81.500,37.050,5.890,
0.090,5.000,5,30,159.000,159.000,2086.320,25.000,80.600,45.420,6.070,
0.090,5.000,6,30,161.000,161.000,1968.650,25.000,91.500,40.620,5.970,
0.090,5.000,7,30,137.000,137.000,1888.260,25.000,95.600,39.300,5.790,
0.090,5.000,8,30,121.000,121.000,1696.280,25.000,58.600,32.340,5.760,
0.090,5.000,9,30,131.000,131.000,1987.440,25.000,78.900,34.660,6.010,
0.090,5.500,0,30,143.000,143.000,2136.460,27.500,70.500,37.660,6.180,
0.090,5.500,1,30,134.000,134.000,1860.990,27.500,92.600,43.170,5.970,
0.090,5.500,2,30,132.000,132.000,1977.610,27.500,72.500,37.080,5.930,
0.090,5.500,3,30,136.000,136.000,1888.490,27.500,84.300,43.430,6.020,
0.090,5.500,4,30,147.000,147.000,1846.430,27.500,86.900,41.180,5.840,
0.090,5.500,5,30,162.000,162.000,2086.320,27.500,87.800,47.600,6.190,
0.090,5.500,6,30,173.000,173.000,1984.990,27.500,99.200,44.160,6.150,
0.090,5.500,7,30,133.000,133.000,1858.840,27.500,100.100,44.200,5.910,
0.090,5.500,8,30,120.000,120.000,1717.510,27.500,92.900,35.900,6.000,
0.090,5.500,9,30,133.000,133.000,1987.430,27.500,79.900,36.830,6.020,
0.090,6.000,0,30,145.000,145.000,2126.360,30.000,73.700,38.540,6.150,
0.090,6.000,1,30,133.000,133.000,1871.460,30.000,98.600,44.670,6.020,
0.090,6.000,2,30,140.000,140.000,1904.210,30.000,76.000,41.000,5.910,
0.090,6.000,3,30,140.000,140.000,1902.430,30.000,87.200,45.480,6.060,
0.090,6.000,4,30,157.000,157.000,1859.270,30.000,94.900,44.680,6.000,
0.090,6.000,5,30,161.000,161.000,2099.160,30.000,100.000,50.320,6.350,
0.090,6.000,6,30,150.000,150.000,2019.920,30.000,100.400,45.550,6.220,
0.090,6.000,7,30,131.000,131.000,1848.560,30.000,105.000,46.340,5.910,
0.090,6.000,8,30,139.000,139.000,1650.190,30.000,99.700,43.280,5.990,
0.090,6.000,9,30,153.000,153.000,1929.880,30.000,82.700,44.010,6.170,
0.090,6.500,0,30,147.000,147.000,2142.840,32.500,79.000,41.310,6.280,
0.090,6.500,1,30,211.000,211.000,1865.870,32.500,120.200,53.190,6.000,
0.090,6.500,2,30,147.000,147.000,1911.860,32.500,84.500,43.460,5.800,
0.090,6.500,3,30,206.000,206.000,1899.460,32.500,122.800,53.870,6.070,
0.090,6.500,4,30,159.000,159.000,1865.510,32.500,93.400,47.970,5.960,
0.090,6.500,5,30,212.000,212.000,2134.460,32.500,108.100,54.760,6.320,
0.090,6.500,6,30,184.000,184.000,2013.270,32.500,104.200,51.030,6.170,
0.090,6.500,7,30,133.000,133.000,1871.540,32.500,109.300,48.690,5.880,
0.090,6.500,8,30,157.000,157.000,1618.140,32.500,105.500,48.240,5.790,
0.090,6.500,9,30,154.000,154.000,2054.340,32.500,86.300,48.160,6.140,
0.090,7.000,0,30,141.000,141.000,2098.020,35.000,84.200,43.700,6.040,
0.090,7.000,1,30,223.000,223.000,1880.100,35.000,130.300,54.690,5.790,
0.090,7.000,2,30,155.000,155.000,1911.860,35.000,82.300,46.670,5.840,
0.090,7.000,3,30,195.000,195.000,1899.460,35.000,128.100,56.560,6.150,
0.090,7.000,4,30,175.000,175.000,1880.810,35.000,108.300,52.780,6.030,
0.090,7.000,5,30,171.000,171.000,2148.490,35.000,110.200,55.280,6.360,
0.090,7.000,6,30,177.000,177.000,2060.430,35.000,135.200,56.240,6.250,
0.090,7.000,7,30,179.000,179.000,1871.540,35.000,116.100,51.440,5.910,
0.090,7.000,8,30,169.000,169.000,1611.190,35.000,109.900,51.950,5.700,
0.090,7.000,9,30,165.000,165.000,1981.180,35.000,91.900,52.660,6.020,
0.100,3.000,0,30,88.000,88.000,2176.440,15.000,49.700,20.230,6.020,
0.100,3.000,1,30,97.000,97.000,1883.990,15.000,63.800,25.520,5.740,
0.100,3.000,2,30,85.000,85.000,1872.900,15.000,44.400,22.200,5.840,
0.100,3.000,3,30,94.000,94.000,1884.770,15.000,45.200,23.400,5.880,
0.100,3.000,4,30,75.000,75.000,1825.070,15.000,40.400,20.850,5.850,
0.100,3.000,5,30,93.000,93.000,2095.620,15.000,59.300,24.000,6.260,
0.100,3.000,6,30,80.000,80.000,2014.210,15.000,46.400,22.240,6.120,
0.100,3.000,7,30,74.000,74.000,1866.550,15.000,65.100,21.050,5.730,
0.100,3.000,8,30,108.000,108.000,1677.280,15.000,53.300,22.390,5.730,
0.100,3.000,9,30,99.000,99.000,1987.310,15.000,42.600,21.940,6.100,
0.100,3.500,0,30,90.000,90.000,2176.440,17.500,52.000,22.160,6.120,
0.100,3.500,1,30,106.000,106.000,1876.490,17.500,69.700,29.550,5.880,
0.100,3.500,2,30,90.000,90.000,1940.520,17.500,52.800,22.950,5.840,
0.100,3.500,3,30,105.000,105.000,1936.050,17.500,49.000,28.450,6.090,
0.100,3.500,4,30,127.000,127.000,1853.390,17.500,70.300,25.450,5.870,
0.100,3.500,5,30,102.000,102.000,2091.270,17.500,65.200,28.560,6.140,
0.100,3.500,6,30,114.000,114.000,2027.290,17.500,66.300,28.390,6.030,
0.100,3.500,7,30,106.000,106.000,1823.890,17.500,73.500,28.740,5.700,
0.100,3.500,8,30,112.000,112.000,1666.280,17.500,57.500,25.500,5.530,
0.100,3.500,9,30,106.000,106.000,2003.440,17.500,46.800,25.540,5.950,
0.100,4.000,0,30,116.000,116.000,2183.250,20.000,59.200,27.100,6.230,
0.100,4.000,1,30,119.000,119.000,1873.190,20.000,80.900,32.820,5.900,
0.100,4.000,2,30,119.000,119.000,1944.710,20.000,65.400,26.410,5.870,
0.100,4.000,3,30,119.000,119.000,1892.900,20.000,60.400,31.600,6.060,
0.100,4.000,4,30,134.000,134.000,1830.120,20.000,76.700,29.900,5.900,
0.100,4.000,5,30,110.000,110.000,2094.500,20.000,70.700,32.130,6.120,
0.100,4.000,6,30,144.000,144.000,1977.370,20.000,79.000,32.070,6.010,
0.100,4.000,7,30,119.000,119.000,1933.880,20.000,80.300,30.410,5.570,
0.100,4.000,8,30,120.000,120.000,1694.860,20.000,59.600,26.270,5.550,
0.100,4.000,9,30,108.000,108.000,1999.770,20.000,45.800,28.560,6.060,
0.100,4.500,0,30,127.000,127.000,2159.170,22.500,63.700,28.790,6.220,
0.100,4.500,1,30,129.000,129.000,1865.200,22.500,87.200,35.550,5.920,
0.100,4.500,2,30,118.000,118.000,1953.500,22.500,61.900,29.000,5.910,
0.100,4.500,3,30,112.000,112.000,1881.570,22.500,70.600,34.240,5.990,
0.100,4.500,4,30,139.000,139.000,1833.260,22.500,80.400,34.660,5.790,
0.100,4.500,5,30,141.000,141.000,2086.320,22.500,73.700,41.960,6.070,
0.100,4.500,6,30,151.000,151.000,2003.600,22.500,85.800,37.660,5.880,
0.100,4.500,7,30,124.000,124.000,1934.030,22.500,91.000,34.410,5.710,
0.100,4.500,8,30,121.000,121.000,1713.350,22.500,60.700,29.190,5.750,
0.100,4.500,9,30,129.000,129.000,1989.790,22.500,75.500,30.630,6.010,
0.100,5.000,0,30,135.000,135.000,2177.790,25.000,68.900,33.590,6.150,
0.100,5.000,1,30,131.000,131.000,1857.580,25.000,86.500,39.900,5.920,
0.100,5.000,2,30,114.000,114.000,1932.940,25.000,60.200,33.650,5.890,
0.100,5.000,3,30,123.000,123.000,1888.380,25.000,72.500,38.700,6.020,
0.100,5.000,4,30,141.000,141.000,1833.260,25.000,81.500,37.050,5.720,
0.100,5.000,5,30,159.000,159.000,2086.320,25.000,80.600,45.420,5.920,
0.100,5.000,6,30,161.000,161.000,1968.650,25.000,91.500,40.620,5.770,
0.100,5.000,7,30,137.000,137.000,1888.260,25.000,95.600,39.300,5.660,
0.100,5.000,8,30,121.000,121.000,1696.280,25.000,58.600,32.340,5.660,
0.100,5.000,9,30,131.000,131.000,1987.440,25.000,78.900,34.660,5.940,
0.100,5.500,0,30,143.000,143.000,2136.460,27.500,70.500,37.680,6.120,
0.100,5.500,1,30,134.000,134.000,1860.990,27.500,92.600,43.170,5.900,
0.100,5.500,2,30,132.000,132.000,1977.610,27.500,72.500,37.080,5.850,
0.100,5.500,3,30,136.000,136.000,1888.490,27.500,84.300,43.430,5.980,
0.100,5.500,4,30,147.000,147.000,1846.430,27.500,86.900,41.180,5.720,
0.100,5.500,5,30,162.000,162.000,2086.320,27.500,87.800,47.610,6.030,
0.100,5.500,6,30,173.000,173.000,1984.990,27.500,99.200,44.160,5.970,
0.100,5.500,7,30,133.000,133.000,1858.840,27.500,100.100,44.200,5.680,
0.100,5.500,8,30,120.000,120.000,1717.510,27.500,92.900,35.900,5.810,
0.100,5.500,9,30,161.000,161.000,2061.520,27.500,74.200,37.760,6.020,
0.100,6.000,0,30,125.000,125.000,2108.850,30.000,75.200,37.900,5.990,
0.100,6.000,1,30,138.000,138.000,1871.460,30.000,98.600,44.830,5.880,
0.100,6.000,2,30,140.000,140.000,1904.210,30.000,76.000,41.000,5.780,
0.100,6.000,3,30,140.000,140.000,1902.430,30.000,87.200,45.480,5.760,
0.100,6.000,4,30,157.000,157.000,1859.270,30.000,94.900,44.680,5.650,
0.100,6.000,5,30,167.000,167.000,2099.160,30.000,100.000,50.530,6.060,
0.100,6.000,6,30,150.000,150.000,2019.920,30.000,100.400,45.550,5.970,
0.100,6.000,7,30,131.000,131.000,1848.560,30.000,105.000,46.340,5.670,
0.100,6.000,8,30,139.000,139.000,1650.190,30.000,99.700,43.280,5.750,
0.100,6.000,9,30,151.000,151.000,1982.790,30.000,78.800,43.700,6.010,
0.100,6.500,0,30,147.000,147.000,2142.840,32.500,79.000,41.310,6.080,
0.100,6.500,1,30,211.000,211.000,1865.870,32.500,120.200,53.190,5.830,
0.100,6.500,2,30,147.000,147.000,1911.860,32.500,84.500,43.460,5.780,
0.100,6.500,3,30,206.000,206.000,1899.460,32.500,122.800,53.870,5.870,
0.100,6.500,4,30,159.000,159.000,1865.510,32.500,93.400,47.970,5.780,
0.100,6.500,5,30,212.000,212.000,2134.460,32.500,108.100,54.760,6.230,
0.100,6.500,6,30,184.000,184.000,2013.270,32.500,104.200,51.030,6.030,
0.100,6.500,7,30,133.000,133.000,1871.540,32.500,109.300,48.690,5.770,
0.100,6.500,8,30,157.000,157.000,1618.140,32.500,105.500,48.240,5.680,
0.100,6.500,9,30,154.000,154.000,2054.340,32.500,86.300,48.160,6.080,
0.100,7.000,0,30,141.000,141.000,2098.020,35.000,84.200,43.700,5.940,
0.100,7.000,1,30,223.000,223.000,1880.100,35.000,130.300,54.690,5.730,
0.100,7.000,2,30,155.000,155.000,1911.860,35.000,82.300,46.670,5.600,
0.100,7.000,3,30,195.000,195.000,1899.460,35.000,128.100,56.560,6.010,
0.100,7.000,4,30,175.000,175.000,1880.810,35.000,108.300,52.780,5.930,
0.100,7.000,5,30,171.000,171.000,2148.490,35.000,110.200,55.280,6.240,
0.100,7.000,6,30,177.000,177.000,2060.430,35.000,135.200,56.240,6.150,
0.100,7.000,7,30,179.000,179.000,1871.540,35.000,116.100,51.470,5.810,
0.100,7.000,8,30,169.000,169.000,1611.190,35.000,109.900,51.950,5.600,
0.100,7.000,9,30,165.000,165.000,1981.180,35.000,91.900,52.660,5.910,
0.110,3.000,0,30,88.000,88.000,2176.440,15.000,49.700,20.230,5.960,
0.110,3.000,1,30,97.000,97.000,1883.990,15.000,63.800,25.520,5.610,
0.110,3.000,2,30,85.000,85.000,1872.900,15.000,44.400,22.200,5.690,
0.110,3.000,3,30,94.000,94.000,1884.770,15.000,45.200,23.400,5.720,
0.110,3.000,4,30,75.000,75.000,1825.070,15.000,40.400,20.850,5.770,
0.110,3.000,5,30,93.000,93.000,2095.620,15.000,59.300,24.460,6.160,
0.110,3.000,6,30,80.000,80.000,2014.210,15.000,46.400,22.240,6.040,
0.110,3.000,7,30,74.000,74.000,1866.550,15.000,65.800,21.070,5.640,
0.110,3.000,8,30,108.000,108.000,1677.280,15.000,53.300,22.390,5.600,
0.110,3.000,9,30,99.000,99.000,1987.310,15.000,42.600,21.940,5.940,
0.110,3.500,0,30,90.000,90.000,2176.440,17.500,52.000,22.160,5.870,
0.110,3.500,1,30,106.000,106.000,1876.490,17.500,69.700,29.550,5.820,
0.110,3.500,2,30,90.000,90.000,1940.520,17.500,52.800,22.950,5.860,
0.110,3.500,3,30,105.000,105.000,1936.050,17.500,49.000,28.450,6.000,
0.110,3.500,4,30,127.000,127.000,1853.390,17.500,70.300,25.450,5.760,
0.110,3.500,5,30,102.000,102.000,2091.270,17.500,65.200,28.560,6.080,
0.110,3.500,6,30,125.000,125.000,2027.290,17.500,88.600,29.350,6.030,
0.110,3.500,7,30,106.000,106.000,1823.890,17.500,73.500,28.740,5.610,
0.110,3.500,8,30,112.000,112.000,1666.280,17.500,57.500,25.500,5.440,
0.110,3.500,9,30,106.000,106.000,2003.440,17.500,46.800,25.550,5.800,
0.110,4.000,0,30,116.000,116.000,2183.250,20.000,59.200,27.100,6.060,
0.110,4.000,1,30,119.000,119.000,1873.190,20.000,80.900,32.820,5.790,
0.110,4.000,2,30,119.000,119.000,1944.710,20.000,65.400,26.430,5.770,
0.110,4.000,3,30,119.000,119.000,1892.900,20.000,60.400,31.600,5.940,
0.110,4.000,4,30,134.000,134.000,1830.120,20.000,76.700,29.900,5.800,
0.110,4.000,5,30,110.000,110.000,2094.500,20.000,70.700,32.130,6.060,
0.110,4.000,6,30,144.000,144.000,1977.370,20.000,79.000,32.070,5.960,
0.110,4.000,7,30,119.000,119.000,1933.880,20.000,80.300,30.410,5.620,
0.110,4.000,8,30,120.000,120.000,1694.860,20.000,59.600,26.290,5.530,
0.110,4.000,9,30,108.000,108.000,1999.770,20.000,45.800,28.560,5.970,
0.110,4.500,0,30,127.000,127.000,2159.170,22.500,63.700,28.790,6.090,
0.110,4.500,1,30,129.000,129.000,1865.200,22.500,87.200,35.550,5.860,
0.110,4.500,2,30,118.000,118.000,1953.500,22.500,61.900,29.030,5.850,
0.110,4.500,3,30,112.000,112.000,1881.570,22.500,70.600,34.230,5.910,
0.110,4.500,4,30,139.000,139.000,1833.260,22.500,80.400,35.810,5.730,
0.110,4.500,5,30,141.000,141.000,2086.320,22.500,73.700,41.680,6.010,
0.110,4.500,6,30,152.000,152.000,2003.600,22.500,85.600,37.670,5.740,
0.110,4.500,7,30,124.000,124.000,1934.030,22.500,91.000,34.410,5.670,
0.110,4.500,8,30,121.000,121.000,1713.350,22.500,60.700,29.190,5.780,
0.110,4.500,9,30,129.000,129.000,1989.790,22.500,75.500,30.630,6.010,
0.110,5.000,0,30,135.000,135.000,2177.790,25.000,68.900,33.590,6.130,
0.110,5.000,1,30,131.000,131.000,1857.580,25.000,86.500,39.900,5.880,
0.110,5.000,2,30,114.000,114.000,1932.940,25.000,60.300,33.660,5.910,
0.110,5.000,3,30,123.000,123.000,1888.490,25.000,72.500,39.680,5.990,
0.110,5.000,4,30,141.000,141.000,1833.260,25.000,81.500,37.050,5.790,
0.110,5.000,5,30,159.000,159.000,2086.320,25.000,80.600,45.420,5.970,
0.110,5.000,6,30,161.000,161.000,1968.650,25.000,91.500,40.620,5.820,
0.110,5.000,7,30,137.000,137.000,1888.260,25.000,95.600,39.300,5.600,
0.110,5.000,8,30,121.000,121.000,1696.280,25.000,58.600,32.340,5.600,
0.110,5.000,9,30,115.000,115.000,2009.950,25.000,71.900,33.940,5.920,
0.110,5.500,0,30,144.000,144.000,2136.710,27.500,70.500,37.720,6.030,
0.110,5.500,1,30,134.000,134.000,1860.990,27.500,92.600,43.220,5.860,
0.110,5.500,2,30,132.000,132.000,1977.610,27.500,72.500,37.080,5.840,
0.110,5.500,3,30,136.000,136.000,1888.490,27.500,84.300,43.430,5.940,
0.110,5.500,4,30,147.000,147.000,1846.430,27.500,86.900,42.480,5.680,
0.110,5.500,5,30,162.000,162.000,2086.320,27.500,87.800,47.680,5.890,
0.110,5.500,6,30,173.000,173.000,1984.990,27.500,99.200,44.160,5.970,
0.110,5.500,7,30,133.000,133.000,1858.840,27.500,100.100,44.200,5.710,
0.110,5.500,8,30,121.000,121.000,1719.200,27.500,92.900,36.440,5.910,
0.110,5.500,9,30,161.000,161.000,2061.520,27.500,74.200,37.760,6.020,
0.110,6.000,0,30,125.000,125.000,2108.850,30.000,76.200,37.940,5.990,
0.110,6.000,1,30,140.000,140.000,1871.460,30.000,98.600,44.910,5.850,
0.110,6.000,2,30,140.000,140.000,1904.210,30.000,76.000,41.000,5.750,
0.110,6.000,3,30,140.000,140.000,1902.430,30.000,87.200,45.480,5.730,
0.110,6.000,4,30,157.000,157.000,1859.270,30.000,94.900,44.680,5.660,
0.110,6.000,5,30,167.000,167.000,2099.160,30.000,100.000,50.530,6.080,
0.110,6.000,6,30,150.000,150.000,2019.920,30.000,100.400,45.550,5.980,
0.110,6.000,7,30,131.000,131.000,1848.560,30.000,105.000,46.340,5.640,
0.110,6.000,8,30,139.000,139.000,1650.190,30.000,99.700,43.560,5.750,
0.110,6.000,9,30,151.000,151.000,1982.790,30.000,78.800,43.840,5.970,
0.110,6.500,0,30,147.000,147.000,2142.840,32.500,79.000,41.310,6.090,
0.110,6.500,1,30,211.000,211.000,1865.870,32.500,120.200,53.190,5.810,
0.110,6.500,2,30,147.000,147.000,1911.860,32.500,84.500,43.460,5.590,
0.110,6.500,3,30,206.000,206.000,1899.460,32.500,122.800,53.870,5.780,
0.110,6.500,4,30,159.000,159.000,1865.510,32.500,93.400,47.970,5.730,
0.110,6.500,5,30,212.000,212.000,2134.460,32.500,108.100,54.760,6.130,
0.110,6.500,6,30,184.000,184.000,2013.270,32.500,104.200,51.030,5.970,
0.110,6.500,7,30,133.000,133.000,1871.540,32.500,109.300,48.790,5.750,
0.110,6.500,8,30,157.000,157.000,1618.140,32.500,105.500,48.240,5.680,
0.110,6.500,9,30,154.000,154.000,2054.340,32.500,86.300,48.160,6.030,
0.110,7.000,0,30,141.000,141.000,2098.020,35.000,84.200,43.790,5.990,
0.110,7.000,1,30,223.000,223.000,1880.100,35.000,130.300,54.690,5.690,
0.110,7.000,2,30,155.000,155.000,1911.860,35.000,82.300,46.670,5.550,
0.110,7.000,3,30,195.000,195.000,1899.460,35.000,128.100,56.560,6.030,
0.110,7.000,4,30,175.000,175.000,1880.810,35.000,108.300,52.810,5.900,
0.110,7.000,5,30,171.000,171.000,2148.490,35.000,110.200,55.280,6.240,
0.110,7.000,6,30,177.000,177.000,2060.430,35.000,135.200,56.240,6.110,
0.110,7.000,7,30,179.000,179.000,1871.540,35.000,116.100,51.670,5.810,
0.110,7.000,8,30,176.000,176.000,1660.510,35.000,109.900,52.740,5.710,
0.110,7.000,9,30,165.000,165.000,1981.180,35.000,91.900,52.660,5.940,
0.120,3.000,0,30,88.000,88.000,2176.440,15.000,49.700,20.230,5.980,
0.120,3.000,1,30,102.000,102.000,1876.530,15.000,68.200,27.310,5.690,
0.120,3.000,2,30,85.000,85.000,1872.900,15.000,44.400,22.200,5.670,
0.120,3.000,3,30,94.000,94.000,1884.770,15.000,45.200,23.400,5.730,
0.120,3.000,4,30,75.000,75.000,1825.070,15.000,40.400,20.760,5.770,
0.120,3.000,5,30,97.000,97.000,2095.620,15.000,59.500,24.740,6.180,
0.120,3.000,6,30,80.000,80.000,2014.210,15.000,46.400,22.240,6.040,
0.120,3.000,7,30,80.000,80.000,1866.550,15.000,71.600,21.270,5.660,
0.120,3.000,8,30,108.000,108.000,1677.280,15.000,53.300,22.390,5.650,
0.120,3.000,9,30,99.000,99.000,1987.310,15.000,42.600,21.980,5.940,
0.120,3.500,0,30,90.000,90.000,2100.150,17.500,54.900,23.400,5.770,
0.120,3.500,1,30,108.000,108.000,1876.490,17.500,72.300,29.720,5.760,
0.120,3.500,2,30,90.000,90.000,1940.520,17.500,52.800,23.310,5.820,
0.120,3.500,3,30,104.000,104.000,1914.840,17.500,54.700,28.880,5.950,
0.120,3.500,4,30,130.000,130.000,1853.390,17.500,73.500,25.600,5.870,
0.120,3.500,5,30,102.000,102.000,2091.270,17.500,65.200,28.580,6.180,
0.120,3.500,6,30,131.000,131.000,2027.290,17.500,94.600,29.560,6.050,
0.120,3.500,7,30,113.000,113.000,1823.890,17.500,79.000,29.190,5.680,
0.120,3.500,8,30,112.000,112.000,1666.280,17.500,57.500,25.500,5.540,
0.120,3.500,9,30,106.000,106.000,2003.440,17.500,46.800,25.610,5.810,
0.120,4.000,0,30,116.000,116.000,2183.250,20.000,59.200,27.100,5.990,
0.120,4.000,1,30,122.000,122.000,1873.190,20.000,83.300,32.970,5.780,
0.120,4.000,2,30,119.000,119.000,1944.710,20.000,65.400,26.450,5.790,
0.120,4.000,3,30,106.000,106.000,1892.900,20.000,60.400,31.140,5.970,
0.120,4.000,4,30,137.000,137.000,1830.120,20.000,79.400,29.990,5.810,
0.120,4.000,5,30,110.000,110.000,2094.500,20.000,70.700,32.170,6.080,
0.120,4.000,6,30,148.000,148.000,1977.370,20.000,82.300,32.180,6.000,
0.120,4.000,7,30,119.000,119.000,1933.880,20.000,89.600,31.460,5.680,
0.120,4.000,8,30,120.000,120.000,1694.860,20.000,59.600,26.350,5.550,
0.120,4.000,9,30,108.000,108.000,1999.770,20.000,58.700,29.210,5.820,
0.120,4.500,0,30,127.000,127.000,2159.170,22.500,63.700,28.790,6.040,
0.120,4.500,1,30,129.000,129.000,1865.200,22.500,87.200,35.640,5.820,
0.120,4.500,2,30,118.000,118.000,1953.500,22.500,61.900,29.050,5.820,
0.120,4.500,3,30,112.000,112.000,1881.570,22.500,70.600,34.140,5.920,
0.120,4.500,4,30,140.000,140.000,1833.260,22.500,81.400,36.190,5.740,
0.120,4.500,5,30,149.000,149.000,2086.320,22.500,73.700,42.180,6.010,
0.120,4.500,6,30,154.000,154.000,2003.600,22.500,86.100,37.730,5.950,
0.120,4.500,7,30,130.000,130.000,1934.030,22.500,94.200,35.520,5.710,
0.120,4.500,8,30,121.000,121.000,1713.350,22.500,60.700,29.190,5.580,
0.120,4.500,9,30,101.000,101.000,2016.080,22.500,60.800,29.810,5.970,
0.120,5.000,0,30,142.000,142.000,2189.060,25.000,67.300,33.740,6.140,
0.120,5.000,1,30,131.000,131.000,1857.580,25.000,88.100,39.960,5.860,
0.120,5.000,2,30,114.000,114.000,1932.940,25.000,60.800,33.700,5.800,
0.120,5.000,3,30,123.000,123.000,1888.490,25.000,72.500,39.680,5.930,
0.120,5.000,4,30,141.000,141.000,1833.260,25.000,81.500,38.010,5.790,
0.120,5.000,5,30,159.000,159.000,2086.320,25.000,80.600,45.420,6.030,
0.120,5.000,6,30,161.000,161.000,1968.650,25.000,91.500,40.760,5.880,
0.120,5.000,7,30,137.000,137.000,1888.260,25.000,97.900,39.370,5.530,
0.120,5.000,8,30,121.000,121.000,1696.280,25.000,58.600,32.410,5.580,
0.120,5.000,9,30,115.000,115.000,2009.950,25.000,71.900,33.940,5.920,
0.120,5.500,0,30,150.000,150.000,2132.970,27.500,70.500,37.940,6.010,
0.120,5.500,1,30,134.000,134.000,1860.990,27.500,92.600,43.230,5.860,
0.120,5.500,2,30,132.000,132.000,1977.610,27.500,72.500,37.080,5.820,
0.120,5.500,3,30,136.000,136.000,1888.490,27.500,84.300,43.430,5.960,
0.120,5.500,4,30,147.000,147.000,1846.430,27.500,86.900,42.530,5.760,
0.120,5.500,5,30,165.000,165.000,2086.320,27.500,87.800,48.390,6.010,
0.120,5.500,6,30,173.000,173.000,1984.990,27.500,99.200,44.160,5.810,
0.120,5.500,7,30,133.000,133.000,1858.840,27.500,101.600,44.200,5.620,
0.120,5.500,8,30,121.000,121.000,1719.200,27.500,92.900,36.520,5.910,
0.120,5.500,9,30,161.000,161.000,2061.520,27.500,74.200,37.760,6.060,
0.120,6.000,0,30,125.000,125.000,2108.850,30.000,77.100,37.970,6.060,
0.120,6.000,1,30,142.000,142.000,1871.460,30.000,98.600,44.950,5.920,
0.120,6.000,2,30,140.000,140.000,1904.210,30.000,78.100,41.100,5.780,
0.120,6.000,3,30,140.000,140.000,1902.430,30.000,87.200,45.480,5.890,
0.120,6.000,4,30,157.000,157.000,1859.270,30.000,94.900,44.680,5.710,
0.120,6.000,5,30,167.000,167.000,2099.160,30.000,100.000,50.540,5.930,
0.120,6.000,6,30,150.000,150.000,2019.920,30.000,100.400,45.550,5.940,
0.120,6.000,7,30,131.000,131.000,1848.560,30.000,105.300,46.350,5.690,
0.120,6.000,8,30,139.000,139.000,1650.190,30.000,99.700,43.630,5.790,
0.120,6.000,9,30,151.000,151.000,1982.790,30.000,78.800,43.890,6.030,
0.120,6.500,0,30,147.000,147.000,2142.840,32.500,79.300,41.350,6.110,
0.120,6.500,1,30,211.000,211.000,1865.870,32.500,120.200,53.190,5.820,
0.120,6.500,2,30,147.000,147.000,1911.860,32.500,78.200,43.260,5.830,
0.120,6.500,3,30,211.000,211.000,1899.460,32.500,122.800,54.050,5.950,
0.120,6.500,4,30,159.000,159.000,1865.510,32.500,93.400,47.970,5.690,
0.120,6.500,5,30,212.000,212.000,2134.460,32.500,108.100,54.760,6.090,
0.120,6.500,6,30,184.000,184.000,2013.270,32.500,136.500,53.000,6.010,
0.120,6.500,7,30,134.000,134.000,1871.540,32.500,109.300,48.850,5.780,
0.120,6.500,8,30,157.000,157.000,1618.140,32.500,105.500,48.190,5.700,
0.120,6.500,9,30,154.000,154.000,2054.340,32.500,86.300,48.160,6.080,
0.120,7.000,0,30,141.000,141.000,2098.020,35.000,84.200,43.810,6.010,
0.120,7.000,1,30,223.000,223.000,1880.100,35.000,130.300,54.690,5.870,
0.120,7.000,2,30,155.000,155.000,1911.860,35.000,82.300,46.670,5.720,
0.120,7.000,3,30,195.000,195.000,1899.460,35.000,128.100,56.560,5.920,
0.120,7.000,4,30,175.000,175.000,1880.810,35.000,108.300,52.940,5.850,
0.120,7.000,5,30,171.000,171.000,2148.490,35.000,110.200,55.280,6.290,
0.120,7.000,6,30,177.000,177.000,2060.430,35.000,140.900,56.440,6.170,
0.120,7.000,7,30,179.000,179.000,1871.540,35.000,116.100,51.710,5.810,
0.120,7.000,8,30,177.000,177.000,1660.510,35.000,109.900,52.740,5.750,
0.120,7.000,9,30,165.000,165.000,1981.180,35.000,91.900,52.660,6.000,
0.130,3.000,0,30,88.000,88.000,2176.440,15.000,49.700,20.240,6.130,
0.130,3.000,1,30,106.000,106.000,1876.530,15.000,72.600,27.990,5.860,
0.130,3.000,2,30,86.000,86.000,1872.900,15.000,44.400,22.210,5.550,
0.130,3.000,3,30,94.000,94.000,1884.770,15.000,45.200,23.460,5.720,
0.130,3.000,4,30,84.000,84.000,1825.070,15.000,49.100,21.190,5.850,
0.130,3.000,5,30,102.000,102.000,2095.620,15.000,64.200,25.130,6.250,
0.130,3.000,6,30,127.000,127.000,2014.210,15.000,92.500,23.790,6.120,
0.130,3.000,7,30,86.000,86.000,1866.550,15.000,77.900,21.460,5.730,
0.130,3.000,8,30,108.000,108.000,1677.280,15.000,53.300,22.690,5.730,
0.130,3.000,9,30,99.000,99.000,1987.310,15.000,42.600,21.990,6.150,
0.130,3.500,0,30,90.000,90.000,2100.150,17.500,56.700,23.460,5.980,
0.130,3.500,1,30,114.000,114.000,1876.490,17.500,77.700,30.220,5.660,
0.130,3.500,2,30,90.000,90.000,1940.520,17.500,52.800,23.330,5.710,
0.130,3.500,3,30,119.000,119.000,1914.840,17.500,55.300,29.400,5.980,
0.130,3.500,4,30,132.000,132.000,1825.080,17.500,77.400,26.450,5.810,
0.130,3.500,5,30,109.000,109.000,2100.420,17.500,69.200,29.650,6.240,
0.130,3.500,6,30,141.000,141.000,2027.290,17.500,104.300,30.010,6.130,
0.130,3.500,7,30,113.000,113.000,1823.890,17.500,89.700,29.550,5.710,
0.130,3.500,8,30,112.000,112.000,1666.280,17.500,57.500,25.530,5.700,
0.130,3.500,9,30,106.000,106.000,2003.440,17.500,46.800,25.650,5.940,
0.130,4.000,0,30,116.000,116.000,2183.250,20.000,59.900,27.120,5.970,
0.130,4.000,1,30,127.000,127.000,1873.190,20.000,88.600,33.490,5.780,
0.130,4.000,2,30,121.000,121.000,1944.710,20.000,67.600,26.560,5.920,
0.130,4.000,3,30,108.000,108.000,1871.790,20.000,66.900,31.430,6.050,
0.130,4.000,4,30,142.000,142.000,1830.120,20.000,84.900,30.930,5.950,
0.130,4.000,5,30,114.000,114.000,2094.500,20.000,74.000,32.490,6.270,
0.130,4.000,6,30,154.000,154.000,1977.370,20.000,89.000,32.550,6.160,
0.130,4.000,7,30,119.000,119.000,1933.880,20.000,95.000,31.640,5.900,
0.130,4.000,8,30,120.000,120.000,1694.860,20.000,59.600,26.470,5.760,
0.130,4.000,9,30,108.000,108.000,1970.800,20.000,59.200,29.260,6.060,
0.130,4.500,0,30,127.000,127.000,2159.170,22.500,63.700,28.790,6.220,
0.130,4.500,1,30,134.000,134.000,1865.200,22.500,92.300,36.340,6.130,
0.130,4.500,2,30,118.000,118.000,1953.500,22.500,61.900,29.060,6.070,
0.130,4.500,3,30,115.000,115.000,1902.350,22.500,73.100,34.990,6.240,
0.130,4.500,4,30,145.000,145.000,1833.260,22.500,87.000,36.440,6.120,
0.130,4.500,5,30,159.000,159.000,2086.320,22.500,83.700,42.480,6.440,
0.130,4.500,6,30,159.000,159.000,2003.600,22.500,90.400,38.010,6.310,
0.130,4.500,7,30,130.000,130.000,1934.030,22.500,99.500,35.710,6.080,
0.130,4.500,8,30,121.000,121.000,1713.350,22.500,60.700,29.220,5.820,
0.130,4.500,9,30,101.000,101.000,2016.080,22.500,60.800,29.830,6.150,
0.130,5.000,0,30,118.000,118.000,2216.240,25.000,67.300,33.470,6.450,
0.130,5.000,1,30,131.000,131.000,1857.580,25.000,94.100,40.600,6.180,
0.130,5.000,2,30,114.000,114.000,1932.940,25.000,61.300,33.730,6.120,
0.130,5.000,3,30,135.000,135.000,1888.490,25.000,84.200,40.210,6.270,
0.130,5.000,4,30,145.000,145.000,1833.260,25.000,85.600,38.150,6.200,
0.130,5.000,5,30,162.000,162.000,2086.320,25.000,83.400,45.520,6.480,
0.130,5.000,6,30,165.000,165.000,1968.650,25.000,95.400,41.000,6.320,
0.130,5.000,7,30,137.000,137.000,1888.260,25.000,104.300,39.550,5.780,
0.130,5.000,8,30,121.000,121.000,1696.280,25.000,58.600,32.460,5.730,
0.130,5.000,9,30,115.000,115.000,2009.950,25.000,71.900,33.940,6.350,
0.130,5.500,0,30,132.000,132.000,2161.320,27.500,75.500,37.030,6.510,
0.130,5.500,1,30,134.000,134.000,1860.990,27.500,100.300,43.540,6.200,
0.130,5.500,2,30,132.000,132.000,1977.610,27.500,72.800,37.190,6.220,
0.130,5.500,3,30,139.000,139.000,1888.490,27.500,87.900,43.630,6.390,
0.130,5.500,4,30,151.000,151.000,1851.460,27.500,90.200,42.870,6.290,
0.130,5.500,5,30,169.000,169.000,2086.320,27.500,87.800,48.550,6.580,
0.130,5.500,6,30,196.000,196.000,1984.990,27.500,122.100,44.980,6.230,
0.130,5.500,7,30,133.000,133.000,1859.080,27.500,108.300,44.260,5.950,
0.130,5.500,8,30,121.000,121.000,1719.200,27.500,95.000,36.640,6.170,
0.130,5.500,9,30,161.000,161.000,2061.520,27.500,74.200,37.760,6.340,
0.130,6.000,0,30,151.000,151.000,2171.630,30.000,77.800,38.920,6.460,
0.130,6.000,1,30,143.000,143.000,1871.460,30.000,105.900,45.240,6.250,
0.130,6.000,2,30,140.000,140.000,1904.210,30.000,77.300,41.120,6.190,
0.130,6.000,3,30,150.000,150.000,1902.430,30.000,97.400,45.870,6.360,
0.130,6.000,4,30,170.000,170.000,1859.270,30.000,107.800,45.320,6.300,
0.130,6.000,5,30,168.000,168.000,2099.160,30.000,102.500,50.650,6.400,
0.130,6.000,6,30,150.000,150.000,2019.920,30.000,100.400,45.550,6.170,
0.130,6.000,7,30,131.000,131.000,1848.560,30.000,112.000,46.580,5.990,
0.130,6.000,8,30,165.000,165.000,1641.240,30.000,100.100,45.240,6.060,
0.130,6.000,9,30,151.000,151.000,1982.790,30.000,78.800,43.920,6.440,
0.130,6.500,0,30,147.000,147.000,2142.840,32.500,80.000,41.400,6.520,
0.130,6.500,1,30,217.000,217.000,1865.870,32.500,126.100,53.740,6.270,
0.130,6.500,2,30,147.000,147.000,1911.860,32.500,77.000,43.690,6.270,
0.130,6.500,3,30,218.000,218.000,1899.460,32.500,124.900,54.570,6.490,
0.130,6.500,4,30,170.000,170.000,1865.510,32.500,104.500,48.380,6.130,
0.130,6.500,5,30,212.000,212.000,2134.460,32.500,108.100,54.800,6.430,
0.130,6.500,6,30,184.000,184.000,2013.270,32.500,145.100,54.590,6.370,
0.130,6.500,7,30,135.000,135.000,1871.540,32.500,118.200,49.180,6.100,
0.130,6.500,8,30,172.000,172.000,1618.140,32.500,105.500,49.000,6.020,
0.130,6.500,9,30,154.000,154.000,2054.340,32.500,86.300,48.160,6.450,
0.130,7.000,0,30,141.000,141.000,2098.020,35.000,84.200,43.830,6.440,
0.130,7.000,1,30,224.000,224.000,1880.100,35.000,131.600,55.250,6.300,
0.130,7.000,2,30,155.000,155.000,1911.860,35.000,82.300,46.670,6.190,
0.130,7.000,3,30,195.000,195.000,1899.460,35.000,128.100,56.730,6.360,
0.130,7.000,4,30,177.000,177.000,1880.810,35.000,111.000,52.860,6.190,
0.130,7.000,5,30,171.000,171.000,2148.490,35.000,114.300,55.960,6.670,
0.130,7.000,6,30,178.000,178.000,2060.430,35.000,149.900,56.780,6.540,
0.130,7.000,7,30,179.000,179.000,1871.540,35.000,121.900,52.030,6.210,
0.130,7.000,8,30,177.000,177.000,1705.370,35.000,117.600,52.530,6.250,
0.130,7.000,9,30,165.000,165.000,1981.180,35.000,91.900,52.660,6.420,
0.140,3.000,0,30,87.000,87.000,2156.350,15.000,50.100,20.280,6.560,
0.140,3.000,1,30,110.000,110.000,1854.430,15.000,76.500,28.670,6.270,
0.140,3.000,2,30,88.000,88.000,1872.900,15.000,44.400,22.640,6.110,
0.140,3.000,3,30,96.000,96.000,1877.890,15.000,52.500,23.980,6.150,
0.140,3.000,4,30,89.000,89.000,1825.070,15.000,54.500,21.390,6.150,
0.140,3.000,5,30,108.000,108.000,2095.620,15.000,70.600,25.610,6.620,
0.140,3.000,6,30,138.000,138.000,2012.620,15.000,102.600,25.980,6.440,
0.140,3.000,7,30,97.000,97.000,1866.550,15.000,88.200,21.870,6.030,
0.140,3.000,8,30,108.000,108.000,1677.280,15.000,53.300,22.890,6.120,
0.140,3.000,9,30,99.000,99.000,1987.310,15.000,42.600,22.650,6.590,
0.140,3.500,0,30,90.000,90.000,2100.150,17.500,60.300,23.580,6.450,
0.140,3.500,1,30,122.000,122.000,1847.150,17.500,85.600,31.630,6.120,
0.140,3.500,2,30,113.000,113.000,1940.520,17.500,64.300,24.100,6.120,
0.140,3.500,3,30,110.000,110.000,1908.540,17.500,69.200,29.640,6.350,
0.140,3.500,4,30,136.000,136.000,1825.080,17.500,81.900,26.790,6.140,
0.140,3.500,5,30,114.000,114.000,2100.420,17.500,74.700,30.270,6.630,
0.140,3.500,6,30,150.000,150.000,1966.830,17.500,113.100,30.640,6.400,
0.140,3.500,7,30,118.000,118.000,1823.890,17.500,94.900,30.010,6.050,
0.140,3.500,8,30,114.000,114.000,1684.420,17.500,57.500,25.410,6.160,
0.140,3.500,9,30,106.000,106.000,1973.120,17.500,46.800,25.710,6.370,
0.140,4.000,0,30,116.000,116.000,2183.250,20.000,63.800,27.320,6.530,
0.140,4.000,1,30,132.000,132.000,1873.190,20.000,93.400,34.100,6.140,
0.140,4.000,2,30,126.000,126.000,1944.710,20.000,72.400,26.730,6.220,
0.140,4.000,3,30,113.000,113.000,1871.790,20.000,71.800,31.580,6.410,
0.140,4.000,4,30,148.000,148.000,1830.120,20.000,90.900,31.340,6.240,
0.140,4.000,5,30,119.000,119.000,2063.490,20.000,78.300,34.590,6.620,
0.140,4.000,6,30,160.000,160.000,1977.370,20.000,94.800,33.240,6.450,
0.140,4.000,7,30,121.000,121.000,1933.880,20.000,100.100,32.020,6.300,
0.140,4.000,8,30,120.000,120.000,1694.860,20.000,59.600,27.300,6.170,
0.140,4.000,9,30,108.000,108.000,1970.800,20.000,59.500,29.270,6.450,
0.140,4.500,0,30,127.000,127.000,2159.170,22.500,66.800,28.890,6.490,
0.140,4.500,1,30,140.000,140.000,1865.200,22.500,98.400,36.970,6.270,
0.140,4.500,2,30,119.000,119.000,1953.500,22.500,62.100,29.180,6.260,
0.140,4.500,3,30,120.000,120.000,1902.350,22.500,78.100,35.490,6.420,
0.140,4.500,4,30,153.000,153.000,1833.260,22.500,95.000,36.740,6.250,
0.140,4.500,5,30,170.000,170.000,2009.120,22.500,94.400,43.010,6.520,
0.140,4.500,6,30,164.000,164.000,2003.600,22.500,95.500,38.470,6.520,
0.140,4.500,7,30,131.000,131.000,1934.030,22.500,105.800,36.020,6.280,
0.140,4.500,8,30,121.000,121.000,1713.350,22.500,60.700,29.510,6.050,
0.140,4.500,9,30,113.000,113.000,2016.080,22.500,71.900,31.110,6.230,
0.140,5.000,0,30,118.000,118.000,2216.240,25.000,69.600,33.620,6.400,
0.140,5.000,1,30,135.000,135.000,1857.580,25.000,101.600,41.500,6.080,
0.140,5.000,2,30,114.000,114.000,1932.940,25.000,61.700,33.760,6.040,
0.140,5.000,3,30,147.000,147.000,1888.490,25.000,96.300,40.850,6.230,
0.140,5.000,4,30,153.000,153.000,1833.260,25.000,93.300,38.800,6.090,
0.140,5.000,5,30,173.000,173.000,2061.090,25.000,94.200,46.710,6.350,
0.140,5.000,6,30,148.000,148.000,2005.450,25.000,137.800,42.490,6.260,
0.140,5.000,7,30,137.000,137.000,1888.260,25.000,110.000,39.890,5.880,
0.140,5.000,8,30,121.000,121.000,1653.280,25.000,97.000,34.590,5.600,
0.140,5.000,9,30,117.000,117.000,2009.950,25.000,73.100,34.020,5.930,
0.140,5.500,0,30,132.000,132.000,2161.320,27.500,76.200,37.100,6.110,
0.140,5.500,1,30,134.000,134.000,1860.990,27.500,109.400,44.260,5.900,
0.140,5.500,2,30,133.000,133.000,1977.610,27.500,75.600,37.320,5.940,
0.140,5.500,3,30,151.000,151.000,1888.490,27.500,99.900,44.200,6.080,
0.140,5.500,4,30,172.000,172.000,1851.460,27.500,110.600,43.900,5.890,
0.140,5.500,5,30,174.000,174.000,2086.320,27.500,93.000,47.710,6.170,
0.140,5.500,6,30,154.000,154.000,1986.240,27.500,143.300,44.990,5.980,
0.140,5.500,7,30,133.000,133.000,1812.780,27.500,118.300,44.720,5.480,
0.140,5.500,8,30,121.000,121.000,1719.200,27.500,102.100,37.210,5.750,
0.140,5.500,9,30,161.000,161.000,2061.520,27.500,77.800,38.100,5.930,
0.140,6.000,0,30,151.000,151.000,2171.630,30.000,78.500,38.980,6.040,
0.140,6.000,1,30,144.000,144.000,1871.460,30.000,124.000,46.110,5.890,
0.140,6.000,2,30,140.000,140.000,1904.210,30.000,77.300,41.150,5.830,
0.140,6.000,3,30,156.000,156.000,1902.430,30.000,103.700,46.240,5.900,
0.140,6.000,4,30,179.000,179.000,1860.450,30.000,116.700,46.040,5.790,
0.140,6.000,5,30,171.000,171.000,2099.160,30.000,108.100,51.090,6.060,
0.140,6.000,6,30,160.000,160.000,2032.340,30.000,149.100,48.120,5.890,
0.140,6.000,7,30,131.000,131.000,1848.560,30.000,122.700,46.930,5.530,
0.140,6.000,8,30,174.000,174.000,1641.240,30.000,106.600,45.890,5.650,
0.140,6.000,9,30,152.000,152.000,1982.790,30.000,88.000,44.250,5.930,
0.140,6.500,0,30,147.000,147.000,2142.840,32.500,80.500,41.540,5.970,
0.140,6.500,1,30,224.000,224.000,1865.870,32.500,133.500,55.020,5.770,
0.140,6.500,2,30,147.000,147.000,1911.860,32.500,76.800,43.690,5.760,
0.140,6.500,3,30,231.000,231.000,1899.460,32.500,137.200,55.840,5.880,
0.140,6.500,4,30,177.000,177.000,1865.510,32.500,112.000,49.010,5.610,
0.140,6.500,5,30,213.000,213.000,2134.460,32.500,116.400,55.840,5.930,
0.140,6.500,6,30,184.000,184.000,2013.270,32.500,154.300,55.330,5.830,
0.140,6.500,7,30,136.000,136.000,1871.540,32.500,127.100,49.500,5.620,
0.140,6.500,8,30,181.000,181.000,1618.140,32.500,119.700,49.860,5.650,
0.140,6.500,9,30,154.000,154.000,2054.340,32.500,115.900,49.250,6.010,
0.140,7.000,0,30,141.000,141.000,2098.020,35.000,84.200,43.880,6.000,
0.140,7.000,1,30,230.000,230.000,1880.100,35.000,137.900,56.050,5.810,
0.140,7.000,2,30,155.000,155.000,1911.860,35.000,82.800,46.690,5.730,
0.140,7.000,3,30,288.000,288.000,1899.460,35.000,190.600,62.780,5.970,
0.140,7.000,4,30,186.000,186.000,1880.810,35.000,119.600,53.570,5.700,
0.140,7.000,5,30,171.000,171.000,2148.490,35.000,119.600,56.460,5.910,
0.140,7.000,6,30,181.000,181.000,2060.430,35.000,170.600,57.700,5.900,
0.140,7.000,7,30,183.000,183.000,1871.540,35.000,130.800,52.510,5.610,
0.140,7.000,8,30,186.000,186.000,1705.370,35.000,134.600,53.490,5.620,
0.140,7.000,9,30,165.000,165.000,1981.180,35.000,119.200,53.570,5.840,
0.150,3.000,0,30,89.000,89.000,2156.350,15.000,59.800,21.620,5.910,
0.150,3.000,1,30,117.000,117.000,1833.580,15.000,83.800,30.700,5.610,
0.150,3.000,2,30,109.000,109.000,1872.900,15.000,63.600,24.060,5.540,
0.150,3.000,3,30,109.000,109.000,1910.080,15.000,69.500,25.930,5.590,
0.150,3.000,4,30,94.000,94.000,1825.070,15.000,59.400,21.710,5.530,
0.150,3.000,5,30,113.000,113.000,2043.410,15.000,75.500,26.790,5.940,
0.150,3.000,6,30,145.000,145.000,2003.530,15.000,109.200,26.320,5.850,
0.150,3.000,7,30,119.000,119.000,1864.020,15.000,93.500,24.850,5.520,
0.150,3.000,8,30,109.000,109.000,1677.280,15.000,54.100,23.010,5.480,
0.150,3.000,9,30,101.000,101.000,1984.340,15.000,44.900,22.980,5.720,
0.150,3.500,0,30,97.000,97.000,2100.150,17.500,64.000,23.920,5.690,
0.150,3.500,1,30,127.000,127.000,1847.150,17.500,90.400,32.830,5.500,
0.150,3.500,2,30,117.000,117.000,1872.980,17.500,68.100,24.650,5.410,
0.150,3.500,3,30,114.000,114.000,1908.540,17.500,73.900,29.990,5.560,
0.150,3.500,4,30,141.000,141.000,1825.080,17.500,86.700,26.850,5.460,
0.150,3.500,5,30,118.000,118.000,2100.420,17.500,78.700,30.840,5.880,
0.150,3.500,6,30,155.000,155.000,1966.830,17.500,118.600,31.610,5.710,
0.150,3.500,7,30,121.000,121.000,1823.890,17.500,99.600,30.500,5.430,
0.150,3.500,8,30,114.000,114.000,1679.760,17.500,57.500,25.410,5.330,
0.150,3.500,9,30,109.000,109.000,1973.120,17.500,59.000,26.640,5.540,
0.150,4.000,0,30,116.000,116.000,2183.250,20.000,67.600,27.450,5.720,
0.150,4.000,1,30,137.000,137.000,1841.320,20.000,98.700,35.040,5.410,
0.150,4.000,2,30,146.000,146.000,1944.710,20.000,92.300,27.470,5.430,
0.150,4.000,3,30,118.000,118.000,1878.060,20.000,78.900,32.550,5.550,
0.150,4.000,4,30,156.000,156.000,1766.980,20.000,98.200,33.890,5.440,
0.150,4.000,5,30,123.000,123.000,2063.490,20.000,82.700,35.560,5.790,
0.150,4.000,6,30,165.000,165.000,1977.370,20.000,100.000,33.750,5.660,
0.150,4.000,7,30,124.000,124.000,1854.590,20.000,106.200,32.670,5.360,
0.150,4.000,8,30,119.000,119.000,1630.230,20.000,91.900,30.550,5.270,
0.150,4.000,9,30,113.000,113.000,1970.800,20.000,72.400,30.350,5.560,
0.150,4.500,0,30,127.000,127.000,2170.820,22.500,70.500,29.400,5.600,
0.150,4.500,1,30,146.000,146.000,1865.200,22.500,104.400,38.150,5.410,
0.150,4.500,2,30,124.000,124.000,1953.500,22.500,67.700,29.300,5.470,
0.150,4.500,3,30,138.000,138.000,1902.350,22.500,96.700,36.480,5.630,
0.150,4.500,4,30,162.000,162.000,1833.260,22.500,103.100,38.370,5.440,
0.150,4.500,5,30,175.000,175.000,2015.960,22.500,99.400,44.490,5.640,
0.150,4.500,6,30,149.000,149.000,2005.500,22.500,138.800,39.020,5.640,
0.150,4.500,7,30,139.000,139.000,1868.990,22.500,112.000,38.340,5.310,
0.150,4.500,8,30,125.000,125.000,1649.190,22.500,97.500,32.660,5.270,
0.150,4.500,9,30,117.000,117.000,2016.080,22.500,75.700,31.390,5.370,
0.150,5.000,0,30,118.000,118.000,2216.240,25.000,74.400,34.110,5.790,
0.150,5.000,1,30,142.000,142.000,1857.580,25.000,110.700,42.680,5.480,
0.150,5.000,2,30,114.000,114.000,1932.940,25.000,63.300,33.910,5.410,
0.150,5.000,3,30,152.000,152.000,1888.490,25.000,101.600,41.240,5.530,
0.150,5.000,4,30,167.000,167.000,1833.260,25.000,108.900,40.120,5.370,
0.150,5.000,5,30,177.000,177.000,2064.520,25.000,104.300,48.030,5.600,
0.150,5.000,6,30,156.000,156.000,2005.450,25.000,145.400,43.340,5.520,
0.150,5.000,7,30,138.000,138.000,1888.260,25.000,121.400,40.900,5.250,
0.150,5.000,8,30,121.000,121.000,1653.280,25.000,103.100,35.030,5.000,
0.150,5.000,9,30,121.000,121.000,2009.950,25.000,79.200,34.620,5.420,
0.150,5.500,0,30,132.000,132.000,2161.320,27.500,76.700,37.280,5.610,
0.150,5.500,1,30,140.000,140.000,1876.680,27.500,126.000,45.920,5.430,
0.150,5.500,2,30,144.000,144.000,1887.450,27.500,86.500,37.120,5.300,
0.150,5.500,3,30,158.000,158.000,1902.430,27.500,106.400,44.520,5.510,
0.150,5.500,4,30,179.000,179.000,1851.460,27.500,117.400,44.830,5.380,
0.150,5.500,5,30,179.000,179.000,2096.180,27.500,115.100,51.370,5.620,
0.150,5.500,6,30,163.000,163.000,1986.240,27.500,152.100,46.320,5.450,
0.150,5.500,7,30,135.000,135.000,1812.780,27.500,126.900,45.530,5.100,
0.150,5.500,8,30,125.000,125.000,1719.200,27.500,115.600,37.980,5.380,
0.150,5.500,9,30,161.000,161.000,2061.520,27.500,89.600,38.520,5.530,
0.150,6.000,0,30,151.000,151.000,2171.630,30.000,78.900,39.180,5.670,
0.150,6.000,1,30,144.000,144.000,1871.460,30.000,132.100,46.540,5.430,
0.150,6.000,2,30,146.000,146.000,1904.210,30.000,86.200,41.750,5.360,
0.150,6.000,3,30,162.000,162.000,1902.430,30.000,110.000,47.010,5.500,
0.150,6.000,4,30,186.000,186.000,1860.450,30.000,122.200,46.660,5.410,
0.150,6.000,5,30,175.000,175.000,2151.720,30.000,119.000,53.870,5.620,
0.150,6.000,6,30,179.000,179.000,1980.830,30.000,168.700,48.960,5.410,
0.150,6.000,7,30,140.000,140.000,1848.560,30.000,131.400,47.570,5.280,
0.150,6.000,8,30,178.000,178.000,1641.240,30.000,131.900,47.140,5.450,
0.150,6.000,9,30,153.000,153.000,1982.790,30.000,117.800,45.300,5.620,
0.150,6.500,0,30,147.000,147.000,2142.840,32.500,92.300,42.730,5.710,
0.150,6.500,1,30,230.000,230.000,1865.870,32.500,139.600,55.970,5.480,
0.150,6.500,2,30,151.000,151.000,1869.070,32.500,85.200,44.670,5.450,
0.150,6.500,3,30,283.000,283.000,1899.460,32.500,190.000,58.290,5.620,
0.150,6.500,4,30,186.000,186.000,1869.610,32.500,120.100,53.440,5.390,
0.150,6.500,5,30,220.000,220.000,2134.460,32.500,121.900,58.570,5.670,
0.150,6.500,6,30,246.000,246.000,2013.270,32.500,176.200,58.770,5.560,
0.150,6.500,7,30,143.000,143.000,1845.040,32.500,134.600,49.980,5.200,
0.150,6.500,8,30,187.000,187.000,1618.140,32.500,137.600,51.320,5.110,
0.150,6.500,9,30,167.000,167.000,2054.340,32.500,121.400,49.880,5.450,
0.150,7.000,0,30,141.000,141.000,2098.020,35.000,104.800,44.750,5.410,
0.150,7.000,1,30,239.000,239.000,1880.100,35.000,146.800,57.200,5.280,
0.150,7.000,2,30,151.000,151.000,1821.700,35.000,86.200,46.710,5.110,
0.150,7.000,3,30,315.000,315.000,1899.460,35.000,217.500,66.770,5.420,
0.150,7.000,4,30,204.000,204.000,1900.020,35.000,132.400,56.830,5.150,
0.150,7.000,5,30,197.000,197.000,2148.490,35.000,132.900,57.940,5.520,
0.150,7.000,6,30,193.000,193.000,2060.430,35.000,182.900,58.680,5.430,
0.150,7.000,7,30,190.000,190.000,1871.540,35.000,138.400,53.050,5.140,
0.150,7.000,8,30,192.000,192.000,1645.540,35.000,142.400,54.470,5.110,
0.150,7.000,9,30,168.000,168.000,1981.180,35.000,124.800,54.210,5.330,
0.160,3.000,0,30,97.000,97.000,2094.680,15.000,63.300,22.040,5.410,
0.160,3.000,1,30,122.000,122.000,1836.020,15.000,88.900,33.030,5.180,
0.160,3.000,2,30,112.000,112.000,1872.900,15.000,66.700,24.550,5.110,
0.160,3.000,3,30,114.000,114.000,1910.080,15.000,74.900,27.550,5.200,
0.160,3.000,4,30,97.000,97.000,1825.070,15.000,62.500,22.400,5.360,
0.160,3.000,5,30,118.000,118.000,2046.500,15.000,79.700,27.890,5.820,
0.160,3.000,6,30,151.000,151.000,1936.210,15.000,115.900,29.040,5.570,
0.160,3.000,7,30,106.000,106.000,1790.610,15.000,97.900,25.880,5.230,
0.160,3.000,8,30,112.000,112.000,1619.610,15.000,84.100,24.240,5.200,
0.160,3.000,9,30,106.000,106.000,1984.320,15.000,53.500,23.990,5.530,
0.160,3.500,0,30,102.000,102.000,2069.390,17.500,67.600,24.930,5.470,
0.160,3.500,1,30,132.000,132.000,1817.310,17.500,94.800,34.520,5.260,
0.160,3.500,2,30,122.000,122.000,1872.980,17.500,73.700,25.090,5.220,
0.160,3.500,3,30,118.000,118.000,1933.820,17.500,80.100,31.670,5.390,
0.160,3.500,4,30,146.000,146.000,1824.550,17.500,91.900,28.930,5.250,
0.160,3.500,5,30,122.000,122.000,2118.310,17.500,82.900,32.660,5.590,
0.160,3.500,6,30,161.000,161.000,1949.910,17.500,124.700,33.400,5.360,
0.160,3.500,7,30,126.000,126.000,1823.890,17.500,105.400,32.490,5.110,
0.160,3.500,8,30,114.000,114.000,1608.920,17.500,91.200,26.920,4.990,
0.160,3.500,9,30,112.000,112.000,1996.720,17.500,61.200,26.970,5.200,
0.160,4.000,0,30,119.000,119.000,2168.580,20.000,71.000,28.900,5.390,
0.160,4.000,1,30,143.000,143.000,1841.320,20.000,104.300,36.470,5.130,
0.160,4.000,2,30,150.000,150.000,1877.160,20.000,97.000,28.460,4.900,
0.160,4.000,3,30,124.000,124.000,1878.060,20.000,82.900,33.430,5.170,
0.160,4.000,4,30,164.000,164.000,1766.980,20.000,106.700,35.080,5.040,
0.160,4.000,5,30,181.000,181.000,2034.520,20.000,99.100,40.840,5.310,
0.160,4.000,6,30,149.000,149.000,1905.050,20.000,138.300,38.820,5.210,
0.160,4.000,7,30,128.000,128.000,1823.890,20.000,112.400,34.300,4.940,
0.160,4.000,8,30,119.000,119.000,1660.420,20.000,97.100,30.740,4.970,
0.160,4.000,9,30,116.000,116.000,1990.810,20.000,75.900,30.730,5.120,
0.160,4.500,0,30,128.000,128.000,2170.820,22.500,74.300,29.600,5.230,
0.160,4.500,1,30,151.000,151.000,1870.940,22.500,110.000,39.370,4.970,
0.160,4.500,2,30,128.000,128.000,1953.500,22.500,71.300,30.020,5.140,
0.160,4.500,3,30,158.000,158.000,1902.350,22.500,116.800,40.970,5.240,
0.160,4.500,4,30,167.000,167.000,1833.260,22.500,108.800,38.670,5.090,
0.160,4.500,5,30,179.000,179.000,2030.290,22.500,104.800,46.470,5.290,
0.160,4.500,6,30,156.000,156.000,1946.530,22.500,146.000,40.820,5.290,
0.160,4.500,7,30,143.000,143.000,1868.990,22.500,122.600,40.110,5.010,
0.160,4.500,8,30,130.000,130.000,1640.110,22.500,103.100,36.270,4.920,
0.160,4.500,9,30,121.000,121.000,2022.450,22.500,80.000,32.180,5.090,
0.160,5.000,0,30,118.000,118.000,2216.240,25.000,77.600,34.290,5.250,
0.160,5.000,1,30,149.000,149.000,1884.760,25.000,126.700,45.200,5.160,
0.160,5.000,2,30,114.000,114.000,1932.940,25.000,66.500,34.080,5.160,
0.160,5.000,3,30,158.000,158.000,1888.490,25.000,107.800,42.150,5.260,
0.160,5.000,4,30,177.000,177.000,1833.260,25.000,117.100,41.050,5.160,
0.160,5.000,5,30,184.000,184.000,2099.350,25.000,116.300,50.320,5.460,
0.160,5.000,6,30,174.000,174.000,2052.660,25.000,163.500,48.290,5.300,
0.160,5.000,7,30,163.000,163.000,1886.660,25.000,129.800,43.860,5.060,
0.160,5.000,8,30,125.000,125.000,1640.110,25.000,116.000,36.130,4.840,
0.160,5.000,9,30,126.000,126.000,2009.950,25.000,90.500,36.210,5.530,
0.160,5.500,0,30,126.000,126.000,2119.760,27.500,91.100,37.700,5.570,
0.160,5.500,1,30,147.000,147.000,1876.680,27.500,133.200,47.590,5.450,
0.160,5.500,2,30,148.000,148.000,1887.450,27.500,90.800,37.840,5.290,
0.160,5.500,3,30,163.000,163.000,1902.430,27.500,112.000,45.210,5.530,
0.160,5.500,4,30,187.000,187.000,1851.460,27.500,124.800,46.630,5.320,
0.160,5.500,5,30,185.000,185.000,2099.350,27.500,120.600,51.690,5.600,
0.160,5.500,6,30,183.000,183.000,1927.270,27.500,173.000,48.480,5.370,
0.160,5.500,7,30,164.000,164.000,1812.780,27.500,134.000,47.950,5.090,
0.160,5.500,8,30,143.000,143.000,1719.200,27.500,133.300,38.920,5.070,
0.160,5.500,9,30,161.000,161.000,2061.520,27.500,118.900,41.250,5.400,
0.160,6.000,0,30,126.000,126.000,2122.620,30.000,107.300,39.570,5.360,
0.160,6.000,1,30,151.000,151.000,1871.460,30.000,139.400,47.500,5.310,
0.160,6.000,2,30,148.000,148.000,1895.320,30.000,89.300,42.250,5.160,
0.160,6.000,3,30,168.000,168.000,1902.430,30.000,115.900,47.660,5.310,
0.160,6.000,4,30,199.000,199.000,1866.460,30.000,134.200,48.890,5.260,
0.160,6.000,5,30,212.000,212.000,2137.070,30.000,132.500,59.490,5.470,
0.160,6.000,6,30,251.000,251.000,2004.110,30.000,180.200,54.970,5.310,
0.160,6.000,7,30,163.000,163.000,1848.560,30.000,139.100,49.670,4.950,
0.160,6.000,8,30,185.000,185.000,1641.240,30.000,139.100,48.280,5.160,
0.160,6.000,9,30,152.000,152.000,1982.790,30.000,123.000,46.390,5.390,
0.160,6.500,0,30,147.000,147.000,2142.840,32.500,114.100,43.520,5.480,
0.160,6.500,1,30,238.000,238.000,1872.240,32.500,158.200,57.540,5.310,
0.160,6.500,2,30,157.000,157.000,1870.330,32.500,89.800,44.700,5.210,
0.160,6.500,3,30,308.000,308.000,1899.460,32.500,214.100,61.890,5.390,
0.160,6.500,4,30,204.000,204.000,1869.610,32.500,136.100,55.590,5.180,
0.160,6.500,5,30,243.000,243.000,2134.460,32.500,139.200,63.050,5.490,
0.160,6.500,6,30,254.000,254.000,1992.170,32.500,188.500,59.160,5.420,
0.160,6.500,7,30,182.000,182.000,1845.040,32.500,143.000,53.760,5.250,
0.160,6.500,8,30,170.000,170.000,1656.900,32.500,144.100,51.150,5.250,
0.160,6.500,9,30,174.000,174.000,2054.340,32.500,128.500,51.260,5.540,
0.160,7.000,0,30,179.000,179.000,2145.200,35.000,116.600,48.100,5.590,
0.160,7.000,1,30,241.000,241.000,1880.100,35.000,163.000,59.500,5.350,
0.160,7.000,2,30,151.000,151.000,1821.700,35.000,90.800,46.260,5.170,
0.160,7.000,3,30,334.000,334.000,1899.460,35.000,236.500,68.940,5.480,
0.160,7.000,4,30,260.000,260.000,1900.020,35.000,193.300,60.150,5.250,
0.160,7.000,5,30,201.000,201.000,2080.950,35.000,150.100,63.010,5.710,
0.160,7.000,6,30,222.000,222.000,2022.660,35.000,211.800,59.240,5.680,
0.160,7.000,7,30,197.000,197.000,1845.040,35.000,146.400,55.380,5.370,
0.160,7.000,8,30,159.000,159.000,1639.120,35.000,149.700,55.240,5.330,
0.160,7.000,9,30,175.000,175.000,1981.180,35.000,132.800,54.960,5.580,
0.170,3.000,0,30,101.000,101.000,2151.610,15.000,66.800,22.970,5.640,
0.170,3.000,1,30,127.000,127.000,1842.120,15.000,93.200,35.110,5.300,
0.170,3.000,2,30,117.000,117.000,1852.820,15.000,70.200,26.010,5.310,
0.170,3.000,3,30,120.000,120.000,1910.080,15.000,80.500,29.030,5.360,
0.170,3.000,4,30,145.000,145.000,1826.180,15.000,89.500,27.730,5.340,
0.170,3.000,5,30,119.000,119.000,2074.900,15.000,82.800,27.230,5.760,
0.170,3.000,6,30,157.000,157.000,1948.350,15.000,121.600,32.920,5.580,
0.170,3.000,7,30,112.000,112.000,1790.610,15.000,103.200,26.750,5.230,
0.170,3.000,8,30,116.000,116.000,1590.500,15.000,89.600,25.050,5.180,
0.170,3.000,9,30,125.000,125.000,1895.130,15.000,71.600,25.070,5.360,
0.170,3.500,0,30,106.000,106.000,2069.390,17.500,70.900,25.350,5.550,
0.170,3.500,1,30,138.000,138.000,1827.630,17.500,100.200,36.440,5.280,
0.170,3.500,2,30,128.000,128.000,1879.500,17.500,76.300,25.790,5.270,
0.170,3.500,3,30,136.000,136.000,1919.220,17.500,96.000,33.310,5.460,
0.170,3.500,4,30,163.000,163.000,1780.940,17.500,105.900,34.210,5.420,
0.170,3.500,5,30,127.000,127.000,2118.310,17.500,89.300,35.210,5.860,
0.170,3.500,6,30,167.000,167.000,1950.820,17.500,130.200,37.730,5.580,
0.170,3.500,7,30,142.000,142.000,1819.480,17.500,110.400,33.910,5.310,
0.170,3.500,8,30,117.000,117.000,1608.920,17.500,95.700,28.590,5.240,
0.170,3.500,9,30,115.000,115.000,2017.520,17.500,75.400,29.430,5.510,
0.170,4.000,0,30,126.000,126.000,2168.580,20.000,74.700,30.800,5.710,
0.170,4.000,1,30,149.000,149.000,1841.320,20.000,110.100,37.480,5.330,
0.170,4.000,2,30,209.000,209.000,1877.160,20.000,156.000,31.130,5.340,
0.170,4.000,3,30,187.000,187.000,1878.060,20.000,114.200,38.470,5.560,
0.170,4.000,4,30,168.000,168.000,1770.130,20.000,109.800,36.250,5.370,
0.170,4.000,5,30,185.000,185.000,2039.950,20.000,104.100,43.710,5.710,
0.170,4.000,6,30,156.000,156.000,1970.910,20.000,145.100,42.720,5.630,
0.170,4.000,7,30,146.000,146.000,1823.890,20.000,122.900,35.840,5.370,
0.170,4.000,8,30,119.000,119.000,1647.240,20.000,102.200,32.530,5.310,
0.170,4.000,9,30,120.000,120.000,2017.510,20.000,80.000,32.330,5.550,
0.170,4.500,0,30,132.000,132.000,2153.050,22.500,78.400,30.350,5.650,
0.170,4.500,1,30,160.000,160.000,1870.940,22.500,125.400,41.340,5.350,
0.170,4.500,2,30,150.000,150.000,1953.500,22.500,93.100,30.850,5.570,
0.170,4.500,3,30,163.000,163.000,1902.350,22.500,122.000,41.600,5.660,
0.170,4.500,4,30,173.000,173.000,1769.760,22.500,114.300,41.370,5.530,
0.170,4.500,5,30,186.000,186.000,2046.850,22.500,116.700,50.090,5.810,
0.170,4.500,6,30,175.000,175.000,1971.170,22.500,164.100,45.500,5.650,
0.170,4.500,7,30,175.000,175.000,1868.990,22.500,131.100,43.710,5.400,
0.170,4.500,8,30,135.000,135.000,1640.110,22.500,115.500,37.480,5.330,
0.170,4.500,9,30,125.000,125.000,2009.960,22.500,90.000,32.970,5.510,
0.170,5.000,0,30,118.000,118.000,2216.240,25.000,92.200,35.020,5.800,
0.170,5.000,1,30,160.000,160.000,1861.300,25.000,133.300,47.670,5.610,
0.170,5.000,2,30,114.000,114.000,1932.940,25.000,84.000,34.700,5.580,
0.170,5.000,3,30,164.000,164.000,1888.490,25.000,113.100,43.610,5.740,
0.170,5.000,4,30,186.000,186.000,1833.260,25.000,125.700,42.310,5.590,
0.170,5.000,5,30,208.000,208.000,2052.950,25.000,121.400,54.180,5.840,
0.170,5.000,6,30,187.000,187.000,1993.420,25.000,174.200,51.240,5.740,
0.170,5.000,7,30,168.000,168.000,1863.640,25.000,136.400,46.060,5.470,
0.170,5.000,8,30,143.000,143.000,1640.110,25.000,133.600,37.460,5.270,
0.170,5.000,9,30,131.000,131.000,2009.950,25.000,119.000,38.280,5.490,
0.170,5.500,0,30,126.000,126.000,2092.100,27.500,112.400,38.640,5.810,
0.170,5.500,1,30,168.000,168.000,1878.680,27.500,140.400,50.840,5.660,
0.170,5.500,2,30,183.000,183.000,1743.840,27.500,100.500,42.850,5.440,
0.170,5.500,3,30,191.000,191.000,1948.470,27.500,140.100,50.430,5.870,
0.170,5.500,4,30,251.000,251.000,1865.200,27.500,188.100,51.120,5.660,
0.170,5.500,5,30,205.000,205.000,2062.350,27.500,136.900,58.320,5.800,
0.170,5.500,6,30,194.000,194.000,1927.270,27.500,183.400,50.200,5.690,
0.170,5.500,7,30,170.000,170.000,1812.780,27.500,142.200,49.070,5.370,
0.170,5.500,8,30,189.000,189.000,1676.180,27.500,139.800,44.440,5.400,
0.170,5.500,9,30,164.000,164.000,2061.670,27.500,123.800,42.570,5.880,
0.170,6.000,0,30,126.000,126.000,2122.620,30.000,116.000,39.990,5.830,
0.170,6.000,1,30,173.000,173.000,1871.460,30.000,161.600,50.050,5.730,
0.170,6.000,2,30,184.000,184.000,1782.210,30.000,100.900,45.340,5.480,
0.170,6.000,3,30,226.000,226.000,1902.430,30.000,173.500,50.980,5.750,
0.170,6.000,4,30,254.000,254.000,1875.840,30.000,190.100,56.200,5.740,
0.170,6.000,5,30,220.000,220.000,2159.890,30.000,147.500,62.190,5.900,
0.170,6.000,6,30,260.000,260.000,2004.110,30.000,193.900,56.720,5.680,
0.170,6.000,7,30,169.000,169.000,1848.560,30.000,147.000,51.530,5.240,
0.170,6.000,8,30,155.000,155.000,1595.910,30.000,145.400,49.290,5.500,
0.170,6.000,9,30,156.000,156.000,1944.460,30.000,130.500,47.410,5.750,
0.170,6.500,0,30,147.000,147.000,2122.740,32.500,118.900,45.670,5.860,
0.170,6.500,1,30,178.000,178.000,1852.460,32.500,166.700,56.680,5.640,
0.170,6.500,2,30,162.000,162.000,1753.740,32.500,103.400,46.790,5.500,
0.170,6.500,3,30,319.000,319.000,1899.460,32.500,226.000,64.370,5.850,
0.170,6.500,4,30,226.000,226.000,1869.610,32.500,140.800,58.160,5.660,
0.170,6.500,5,30,249.000,249.000,2056.370,32.500,152.500,67.080,5.810,
0.170,6.500,6,30,263.000,263.000,1955.750,32.500,220.000,61.770,5.670,
0.170,6.500,7,30,189.000,189.000,1845.040,32.500,151.600,55.250,5.530,
0.170,6.500,8,30,171.000,171.000,1658.580,32.500,152.500,53.520,5.610,
0.170,6.500,9,30,192.000,192.000,2047.730,32.500,136.000,52.510,5.860,
0.170,7.000,0,30,182.000,182.000,2145.200,35.000,121.500,48.700,6.020,
0.170,7.000,1,30,183.000,183.000,1854.690,35.000,171.200,60.230,5.630,
0.170,7.000,2,30,162.000,162.000,1708.700,35.000,105.200,49.240,5.440,
0.170,7.000,3,30,348.000,348.000,1899.460,35.000,250.400,73.010,5.900,
0.170,7.000,4,30,270.000,270.000,1801.910,35.000,203.800,62.240,5.540,
0.170,7.000,5,30,217.000,217.000,2072.880,35.000,157.600,65.710,5.800,
0.170,7.000,6,30,255.000,255.000,2060.540,35.000,232.000,65.850,5.990,
0.170,7.000,7,30,203.000,203.000,1845.040,35.000,155.100,57.020,5.640,
0.170,7.000,8,30,231.000,231.000,1614.300,35.000,220.300,63.050,5.630,
0.170,7.000,9,30,194.000,194.000,1981.180,35.000,143.600,56.520,5.870,
0.180,3.000,0,30,105.000,105.000,2151.610,15.000,70.200,23.550,6.010,
0.180,3.000,1,30,131.000,131.000,1856.040,15.000,97.200,36.630,5.680,
0.180,3.000,2,30,127.000,127.000,1859.340,15.000,75.900,26.990,5.640,
0.180,3.000,3,30,137.000,137.000,1881.410,15.000,97.700,30.950,5.660,
0.180,3.000,4,30,157.000,157.000,1807.300,15.000,97.300,29.040,5.480,
0.180,3.000,5,30,126.000,126.000,2074.900,15.000,89.100,28.830,6.040,
0.180,3.000,6,30,163.000,163.000,1948.350,15.000,127.900,33.950,5.810,
0.180,3.000,7,30,116.000,116.000,1818.170,15.000,107.900,27.890,5.510,
0.180,3.000,8,30,103.000,103.000,1548.520,15.000,93.600,24.610,5.410,
0.180,3.000,9,30,112.000,112.000,1979.900,15.000,62.500,26.710,5.760,
0.180,3.500,0,30,110.000,110.000,2069.390,17.500,74.500,25.580,5.810,
0.180,3.500,1,30,144.000,144.000,1828.220,17.500,105.100,38.780,5.640,
0.180,3.500,2,30,151.000,151.000,1879.500,17.500,96.100,27.300,5.620,
0.180,3.500,3,30,148.000,148.000,1874.010,17.500,108.000,35.510,5.460,
0.180,3.500,4,30,166.000,166.000,1780.940,17.500,106.200,33.100,5.800,
0.180,3.500,5,30,131.000,131.000,2115.650,17.500,98.800,37.930,6.260,
0.180,3.500,6,30,184.000,184.000,1950.820,17.500,148.000,39.500,5.940,
0.180,3.500,7,30,130.000,130.000,1769.820,17.500,121.900,34.540,5.530,
0.180,3.500,8,30,122.000,122.000,1577.380,17.500,100.500,31.040,5.540,
0.180,3.500,9,30,119.000,119.000,2000.430,17.500,79.100,30.320,5.870,
0.180,4.000,0,30,128.000,128.000,2168.580,20.000,78.600,31.790,6.050,
0.180,4.000,1,30,157.000,157.000,1820.410,20.000,117.100,40.250,5.660,
0.180,4.000,2,30,151.000,151.000,1877.160,20.000,95.300,29.590,5.570,
0.180,4.000,3,30,192.000,192.000,1878.060,20.000,119.200,39.820,6.100,
0.180,4.000,4,30,169.000,169.000,1814.530,20.000,119.300,40.950,6.060,
0.180,4.000,5,30,187.000,187.000,2011.930,20.000,116.000,45.560,6.250,
0.180,4.000,6,30,163.000,163.000,1899.030,20.000,153.000,44.420,6.130,
0.180,4.000,7,30,161.000,161.000,1823.890,20.000,131.200,37.890,5.880,
0.180,4.000,8,30,131.000,131.000,1630.950,20.000,114.200,34.470,5.870,
0.180,4.000,9,30,124.000,124.000,2000.430,20.000,87.800,33.040,6.070,
0.180,4.500,0,30,134.000,134.000,2168.430,22.500,92.500,31.330,6.170,
0.180,4.500,1,30,170.000,170.000,1822.690,22.500,132.400,45.840,5.670,
0.180,4.500,2,30,111.000,111.000,1884.060,22.500,96.000,31.230,5.730,
0.180,4.500,3,30,176.000,176.000,1920.290,22.500,134.100,45.200,5.930,
0.180,4.500,4,30,181.000,181.000,1816.150,22.500,124.500,43.480,5.850,
0.180,4.500,5,30,187.000,187.000,2046.850,22.500,121.600,52.080,6.130,
0.180,4.500,6,30,184.000,184.000,1971.170,22.500,174.000,48.550,5.940,
0.180,4.500,7,30,182.000,182.000,1799.630,22.500,138.000,45.140,5.680,
0.180,4.500,8,30,142.000,142.000,1631.460,22.500,132.900,40.650,5.610,
0.180,4.500,9,30,131.000,131.000,2007.010,22.500,118.100,36.210,5.830,
0.180,5.000,0,30,124.000,124.000,2193.760,25.000,113.600,36.080,5.850,
0.180,5.000,1,30,165.000,165.000,1840.390,25.000,140.400,52.230,5.790,
0.180,5.000,2,30,158.000,158.000,1830.750,25.000,100.100,38.870,5.770,
0.180,5.000,3,30,170.000,170.000,1882.860,25.000,119.800,45.100,5.980,
0.180,5.000,4,30,199.000,199.000,1822.850,25.000,138.100,44.420,5.920,
0.180,5.000,5,30,218.000,218.000,2068.350,25.000,137.900,59.320,6.090,
0.180,5.000,6,30,247.000,247.000,2019.340,25.000,184.300,55.070,6.060,
0.180,5.000,7,30,170.000,170.000,1853.140,25.000,144.200,47.650,5.690,
0.180,5.000,8,30,149.000,149.000,1623.810,25.000,139.700,39.880,5.540,
0.180,5.000,9,30,136.000,136.000,2007.050,25.000,123.700,38.760,5.750,
0.180,5.500,0,30,128.000,128.000,2100.920,27.500,117.400,39.250,6.010,
0.180,5.500,1,30,175.000,175.000,1854.350,27.500,163.300,56.020,5.820,
0.180,5.500,2,30,187.000,187.000,1743.840,27.500,104.900,43.630,5.700,
0.180,5.500,3,30,222.000,222.000,1902.430,27.500,170.700,49.390,6.080,
0.180,5.500,4,30,260.000,260.000,1912.280,27.500,196.900,53.370,6.030,
0.180,5.500,5,30,223.000,223.000,2032.940,27.500,150.300,64.520,6.050,
0.180,5.500,6,30,216.000,216.000,1927.270,27.500,205.700,53.790,6.000,
0.180,5.500,7,30,177.000,177.000,1812.540,27.500,150.500,52.470,5.620,
0.180,5.500,8,30,156.000,156.000,1624.080,27.500,146.100,45.620,5.460,
0.180,5.500,9,30,213.000,213.000,1976.390,27.500,146.800,52.470,6.040,
0.180,6.000,0,30,131.000,131.000,2122.620,30.000,120.500,40.380,5.980,
0.180,6.000,1,30,181.000,181.000,1854.350,30.000,169.200,53.890,5.890,
0.180,6.000,2,30,188.000,188.000,1782.210,30.000,106.100,46.810,5.710,
0.180,6.000,3,30,243.000,243.000,1948.470,30.000,190.600,59.230,6.110,
0.180,6.000,4,30,260.000,260.000,1880.480,30.000,195.000,60.730,5.970,
0.180,6.000,5,30,246.000,246.000,2151.830,30.000,154.400,66.690,6.190,
0.180,6.000,6,30,268.000,268.000,2020.920,30.000,222.000,62.150,6.070,
0.180,6.000,7,30,184.000,184.000,1838.670,30.000,155.100,55.190,5.540,
0.180,6.000,8,30,226.000,226.000,1529.870,30.000,215.200,55.410,5.540,
0.180,6.000,9,30,159.000,159.000,1976.390,30.000,140.400,50.670,6.020,
0.180,6.500,0,30,139.000,139.000,2087.890,32.500,123.800,46.180,6.040,
0.180,6.500,1,30,215.000,215.000,1852.140,32.500,174.400,62.340,5.850,
0.180,6.500,2,30,166.000,166.000,1753.740,32.500,108.000,47.550,5.700,
0.180,6.500,3,30,341.000,341.000,1899.460,32.500,247.900,67.490,6.070,
0.180,6.500,4,30,264.000,264.000,1863.490,32.500,199.000,62.000,5.910,
0.180,6.500,5,30,252.000,252.000,2056.370,32.500,160.400,70.900,6.100,
0.180,6.500,6,30,272.000,272.000,1955.750,32.500,234.000,65.110,5.860,
0.180,6.500,7,30,195.000,195.000,1838.910,32.500,158.400,57.940,5.830,
0.180,6.500,8,30,232.000,232.000,1654.610,32.500,221.900,59.110,5.780,
0.180,6.500,9,30,228.000,228.000,2020.720,32.500,160.400,58.240,6.100,
0.180,7.000,0,30,148.000,148.000,2149.370,35.000,126.700,48.290,6.170,
0.180,7.000,1,30,268.000,268.000,1870.250,35.000,178.600,71.350,5.980,
0.180,7.000,2,30,263.000,263.000,1708.700,35.000,254.300,57.180,5.660,
0.180,7.000,3,30,374.000,374.000,1899.460,35.000,276.200,75.980,6.170,
0.180,7.000,4,30,277.000,277.000,1801.910,35.000,209.500,64.330,5.790,
0.180,7.000,5,30,242.000,242.000,2107.180,35.000,165.100,69.630,6.140,
0.180,7.000,6,30,294.000,294.000,2023.790,35.000,283.400,70.780,6.060,
0.180,7.000,7,30,220.000,220.000,1827.950,35.000,162.300,60.520,5.670,
0.180,7.000,8,30,239.000,239.000,1587.020,35.000,228.800,67.410,5.790,
0.180,7.000,9,30,239.000,239.000,1981.180,35.000,169.900,59.350,6.090,
0.190,3.000,0,30,109.000,109.000,2151.610,15.000,73.500,24.410,6.220,
0.190,3.000,1,30,147.000,147.000,1856.040,15.000,101.200,38.620,5.850,
0.190,3.000,2,30,148.000,148.000,1857.430,15.000,94.900,28.710,5.840,
0.190,3.000,3,30,148.000,148.000,1882.390,15.000,108.400,32.750,5.830,
0.190,3.000,4,30,122.000,122.000,1764.390,15.000,110.900,29.550,5.700,
0.190,3.000,5,30,156.000,156.000,2030.900,15.000,119.900,36.010,6.160,
0.190,3.000,6,30,171.000,171.000,1971.260,15.000,135.800,33.280,5.900,
0.190,3.000,7,30,127.000,127.000,1810.710,15.000,119.000,30.880,5.630,
0.190,3.000,8,30,108.000,108.000,1554.770,15.000,98.300,27.640,5.670,
0.190,3.000,9,30,117.000,117.000,1921.920,15.000,73.800,27.830,5.860,
0.190,3.500,0,30,118.000,118.000,2131.450,17.500,79.400,27.720,6.110,
0.190,3.500,1,30,149.000,149.000,1848.070,17.500,110.600,41.550,5.850,
0.190,3.500,2,30,128.000,128.000,1879.710,17.500,72.000,28.190,5.830,
0.190,3.500,3,30,187.000,187.000,1890.800,17.500,113.100,39.060,5.860,
0.190,3.500,4,30,137.000,137.000,1794.040,17.500,118.200,35.160,5.850,
0.190,3.500,5,30,160.000,160.000,2089.230,17.500,120.700,41.030,6.270,
0.190,3.500,6,30,194.000,194.000,1950.820,17.500,157.400,40.940,6.030,
0.190,3.500,7,30,138.000,138.000,1769.820,17.500,129.900,36.120,5.700,
0.190,3.500,8,30,120.000,120.000,1501.980,17.500,105.300,30.990,5.640,
0.190,3.500,9,30,122.000,122.000,1922.890,17.500,82.400,32.720,5.820,
0.190,4.000,0,30,132.000,132.000,2168.400,20.000,91.700,32.860,6.210,
0.190,4.000,1,30,162.000,162.000,1824.020,20.000,130.200,42.830,5.800,
0.190,4.000,2,30,117.000,117.000,1838.160,20.000,96.500,31.550,5.780,
0.190,4.000,3,30,197.000,197.000,1889.410,20.000,125.500,41.590,5.890,
0.190,4.000,4,30,177.000,177.000,1814.530,20.000,124.900,43.560,5.960,
0.190,4.000,5,30,205.000,205.000,2033.680,20.000,128.900,52.320,6.150,
0.190,4.000,6,30,182.000,182.000,1952.260,20.000,171.400,47.560,6.100,
0.190,4.000,7,30,156.000,156.000,1788.600,20.000,138.100,38.630,5.760,
0.190,4.000,8,30,141.000,141.000,1630.950,20.000,131.300,35.810,5.790,
0.190,4.000,9,30,129.000,129.000,1937.200,20.000,116.000,35.960,5.910,
0.190,4.500,0,30,185.000,185.000,2168.430,22.500,113.600,33.940,6.210,
0.190,4.500,1,30,179.000,179.000,1824.020,22.500,139.200,49.130,5.770,
0.190,4.500,2,30,198.000,198.000,1882.220,22.500,122.600,35.830,6.000,
0.190,4.500,3,30,181.000,181.000,1920.290,22.500,139.500,45.080,6.060,
0.190,4.500,4,30,195.000,195.000,1782.870,22.500,136.500,45.370,5.910,
0.190,4.500,5,30,164.000,164.000,1973.430,22.500,138.100,55.580,6.100,
0.190,4.500,6,30,217.000,217.000,1952.510,22.500,183.900,55.400,6.100,
0.190,4.500,7,30,189.000,189.000,1799.630,22.500,145.600,46.470,5.760,
0.190,4.500,8,30,206.000,206.000,1627.330,22.500,138.800,44.710,5.730,
0.190,4.500,9,30,156.000,156.000,1925.880,22.500,122.500,39.560,5.970,
0.190,5.000,0,30,128.000,128.000,2052.340,25.000,118.000,37.830,5.970,
0.190,5.000,1,30,176.000,176.000,1840.390,25.000,164.000,54.980,5.820,
0.190,5.000,2,30,167.000,167.000,1840.830,25.000,105.600,43.580,5.880,
0.190,5.000,3,30,216.000,216.000,1882.860,25.000,165.600,48.060,6.120,
0.190,5.000,4,30,252.000,252.000,1822.850,25.000,192.000,48.300,6.080,
0.190,5.000,5,30,172.000,172.000,1969.630,25.000,151.500,58.550,6.160,
0.190,5.000,6,30,254.000,254.000,2019.340,25.000,205.600,60.640,6.240,
0.190,5.000,7,30,183.000,183.000,1810.430,25.000,152.400,52.620,5.860,
0.190,5.000,8,30,213.000,213.000,1601.960,25.000,202.100,49.040,5.790,
0.190,5.000,9,30,178.000,178.000,2018.970,25.000,131.200,45.570,6.030,
0.190,5.500,0,30,132.000,132.000,2100.920,27.500,122.000,40.240,6.080,
0.190,5.500,1,30,182.000,182.000,1840.390,27.500,170.800,57.980,5.890,
0.190,5.500,2,30,192.000,192.000,1691.680,27.500,109.100,46.850,5.730,
0.190,5.500,3,30,239.000,239.000,1948.470,27.500,187.600,55.160,6.300,
0.190,5.500,4,30,264.000,264.000,1912.280,27.500,199.800,55.000,6.140,
0.190,5.500,5,30,243.000,243.000,2051.200,27.500,156.100,64.580,6.250,
0.190,5.500,6,30,263.000,263.000,2000.370,27.500,222.200,63.960,6.220,
0.190,5.500,7,30,186.000,186.000,1812.540,27.500,157.100,54.310,5.740,
0.190,5.500,8,30,253.000,253.000,1555.880,27.500,215.400,56.590,5.680,
0.190,5.500,9,30,226.000,226.000,1976.390,27.500,158.500,54.640,6.060,
0.190,6.000,0,30,136.000,136.000,2107.160,30.000,125.400,43.300,6.070,
0.190,6.000,1,30,213.000,213.000,1867.360,30.000,191.200,66.280,5.920,
0.190,6.000,2,30,244.000,244.000,1691.680,30.000,235.400,54.220,5.750,
0.190,6.000,3,30,329.000,329.000,1948.470,30.000,242.600,67.720,6.170,
0.190,6.000,4,30,269.000,269.000,1872.100,30.000,203.300,60.840,6.030,
0.190,6.000,5,30,248.000,248.000,2051.810,30.000,161.800,68.600,6.170,
0.190,6.000,6,30,275.000,275.000,2020.920,30.000,235.300,66.130,6.040,
0.190,6.000,7,30,191.000,191.000,1838.670,30.000,161.900,57.290,5.750,
0.190,6.000,8,30,233.000,233.000,1584.060,30.000,222.800,59.050,5.580,
0.190,6.000,9,30,169.000,169.000,1976.390,30.000,150.200,52.950,6.040,
0.190,6.500,0,30,148.000,148.000,2087.890,32.500,137.400,48.470,6.060,
0.190,6.500,1,30,214.000,214.000,1868.150,32.500,202.600,67.850,5.920,
0.190,6.500,2,30,278.000,278.000,1746.730,32.500,269.400,57.960,5.760,
0.190,6.500,3,30,362.000,362.000,1915.070,32.500,269.500,70.710,6.170,
0.190,6.500,4,30,273.000,273.000,1863.490,32.500,207.200,67.500,6.030,
0.190,6.500,5,30,250.000,250.000,2051.810,32.500,181.600,71.140,6.200,
0.190,6.500,6,30,293.000,293.000,2023.790,32.500,282.800,71.230,6.080,
0.190,6.500,7,30,200.000,200.000,1845.290,32.500,174.100,64.390,5.650,
0.190,6.500,8,30,274.000,274.000,1598.980,32.500,231.300,66.310,5.720,
0.190,6.500,9,30,241.000,241.000,2020.720,32.500,173.800,60.780,6.080,
0.190,7.000,0,30,151.000,151.000,2149.370,35.000,140.700,49.340,6.170,
0.190,7.000,1,30,239.000,239.000,1813.390,35.000,209.400,74.570,5.890,
0.190,7.000,2,30,294.000,294.000,1708.700,35.000,285.800,60.940,5.690,
0.190,7.000,3,30,389.000,389.000,1915.070,35.000,292.200,79.250,6.130,
0.190,7.000,4,30,275.000,275.000,1801.910,35.000,206.400,66.750,5.810,
0.190,7.000,5,30,253.000,253.000,2092.450,35.000,186.000,70.720,6.150,
0.190,7.000,6,30,307.000,307.000,2023.790,35.000,296.300,74.470,5.950,
0.190,7.000,7,30,228.000,228.000,1844.460,35.000,177.600,62.860,5.680,
0.190,7.000,8,30,284.000,284.000,1618.880,35.000,238.600,77.150,5.770,
0.190,7.000,9,30,246.000,246.000,2009.810,35.000,176.400,62.570,6.120,
0.200,3.000,0,30,115.000,115.000,2152.310,15.000,79.100,25.390,6.210,
0.200,3.000,1,30,140.000,140.000,1812.390,15.000,106.200,39.230,5.810,
0.200,3.000,2,30,144.000,144.000,1857.830,15.000,87.300,32.700,5.830,
0.200,3.000,3,30,152.000,152.000,1892.430,15.000,111.200,35.210,5.840,
0.200,3.000,4,30,127.000,127.000,1792.090,15.000,115.100,33.010,5.750,
0.200,3.000,5,30,165.000,165.000,2064.770,15.000,127.300,39.080,6.000,
0.200,3.000,6,30,188.000,188.000,1922.250,15.000,151.400,35.580,5.840,
0.200,3.000,7,30,135.000,135.000,1789.460,15.000,126.200,34.390,5.560,
0.200,3.000,8,30,177.000,177.000,1574.580,15.000,118.400,33.260,5.650,
0.200,3.000,9,30,121.000,121.000,1936.540,15.000,80.400,33.420,5.910,
0.200,3.500,0,30,128.000,128.000,2168.400,17.500,89.900,30.820,6.200,
0.200,3.500,1,30,157.000,157.000,1831.470,17.500,124.300,43.500,5.810,
0.200,3.500,2,30,129.000,129.000,1864.830,17.500,95.900,31.390,5.830,
0.200,3.500,3,30,196.000,196.000,1910.970,17.500,122.000,41.600,5.830,
0.200,3.500,4,30,142.000,142.000,1849.580,17.500,123.400,39.630,5.910,
0.200,3.500,5,30,199.000,199.000,2107.900,17.500,130.000,50.410,6.210,
0.200,3.500,6,30,202.000,202.000,1901.820,17.500,164.900,45.780,5.970,
0.200,3.500,7,30,147.000,147.000,1808.130,17.500,135.700,41.090,5.730,
0.200,3.500,8,30,128.000,128.000,1518.570,17.500,117.100,32.760,5.650,
0.200,3.500,9,30,127.000,127.000,1922.890,17.500,109.900,36.490,5.820,
0.200,4.000,0,30,134.000,134.000,2168.400,20.000,111.700,34.270,6.200,
0.200,4.000,1,30,173.000,173.000,1835.030,20.000,136.800,48.720,5.890,
0.200,4.000,2,30,167.000,167.000,1793.800,20.000,103.000,36.240,5.780,
0.200,4.000,3,30,202.000,202.000,1914.190,20.000,130.300,43.250,5.930,
0.200,4.000,4,30,183.000,183.000,1800.250,20.000,133.500,44.830,5.980,
0.200,4.000,5,30,206.000,206.000,2001.460,20.000,137.400,56.890,6.180,
0.200,4.000,6,30,191.000,191.000,1952.260,20.000,180.600,53.690,6.100,
0.200,4.000,7,30,160.000,160.000,1792.490,20.000,145.500,42.110,5.740,
0.200,4.000,8,30,195.000,195.000,1623.200,20.000,136.900,39.300,5.710,
0.200,4.000,9,30,134.000,134.000,1937.200,20.000,120.300,40.190,5.850,
0.200,4.500,0,30,189.000,189.000,2168.430,22.500,117.800,35.630,6.160,
0.200,4.500,1,30,185.000,185.000,1873.120,22.500,168.300,54.540,5.830,
0.200,4.500,2,30,203.000,203.000,1882.220,22.500,127.700,38.290,5.890,
0.200,4.500,3,30,225.000,225.000,1922.040,22.500,171.900,54.090,6.170,
0.200,4.500,4,30,247.000,247.000,1789.890,22.500,188.000,51.190,5.910,
0.200,4.500,5,30,217.000,217.000,1936.170,22.500,151.700,62.880,6.030,
0.200,4.500,6,30,250.000,250.000,1952.510,22.500,197.200,58.450,6.040,
0.200,4.500,7,30,194.000,194.000,1832.420,22.500,153.300,47.310,5.680,
0.200,4.500,8,30,212.000,212.000,1644.410,22.500,199.800,48.800,5.740,
0.200,4.500,9,30,159.000,159.000,1925.870,22.500,129.600,42.950,5.870,
0.200,5.000,0,30,133.000,133.000,2052.340,25.000,122.500,38.350,5.940,
0.200,5.000,1,30,188.000,188.000,1879.540,25.000,177.800,61.360,5.800,
0.200,5.000,2,30,172.000,172.000,1776.730,25.000,132.400,47.350,5.770,
0.200,5.000,3,30,240.000,240.000,1895.120,25.000,187.100,52.140,6.050,
0.200,5.000,4,30,263.000,263.000,1840.550,25.000,200.300,56.580,6.020,
0.200,5.000,5,30,236.000,236.000,1969.630,25.000,164.800,66.070,6.100,
0.200,5.000,6,30,262.000,262.000,2031.240,25.000,220.900,63.800,6.160,
0.200,5.000,7,30,181.000,181.000,1881.040,25.000,158.600,52.760,5.780,
0.200,5.000,8,30,225.000,225.000,1607.240,25.000,214.400,50.730,5.720,
0.200,5.000,9,30,262.000,262.000,1897.650,25.000,174.900,53.750,5.840,
0.200,5.500,0,30,176.000,176.000,2097.030,27.500,132.700,45.220,5.950,
0.200,5.500,1,30,201.000,201.000,1839.300,27.500,190.600,62.810,5.830,
0.200,5.500,2,30,244.000,244.000,1691.680,27.500,235.300,53.470,5.660,
0.200,5.500,3,30,248.000,248.000,1947.240,27.500,196.100,59.320,6.170,
0.200,5.500,4,30,274.000,274.000,1814.000,27.500,209.400,66.470,5.960,
0.200,5.500,5,30,257.000,257.000,2051.200,27.500,169.800,72.740,6.200,
0.200,5.500,6,30,273.000,273.000,1935.580,27.500,233.900,65.610,6.090,
0.200,5.500,7,30,201.000,201.000,1870.010,27.500,172.400,60.480,5.730,
0.200,5.500,8,30,262.000,262.000,1578.530,27.500,222.700,60.220,5.590,
0.200,5.500,9,30,169.000,169.000,1975.330,27.500,150.900,54.940,5.870,
0.200,6.000,0,30,157.000,157.000,2107.160,30.000,140.300,45.750,6.050,
0.200,6.000,1,30,238.000,238.000,1862.120,30.000,202.400,68.910,5.880,
0.200,6.000,2,30,280.000,280.000,1691.680,30.000,272.000,60.120,5.710,
0.200,6.000,3,30,344.000,344.000,1948.470,30.000,257.200,74.560,6.150,
0.200,6.000,4,30,274.000,274.000,1830.390,30.000,206.600,68.980,5.950,
0.200,6.000,5,30,319.000,319.000,2041.040,30.000,189.900,83.280,6.170,
0.200,6.000,6,30,291.000,291.000,2020.920,30.000,280.800,69.040,6.050,
0.200,6.000,7,30,199.000,199.000,1845.290,30.000,177.100,62.390,5.700,
0.200,6.000,8,30,242.000,242.000,1543.030,30.000,232.000,65.140,5.430,
0.200,6.000,9,30,246.000,246.000,1970.520,30.000,176.100,61.060,6.020,
0.200,6.500,0,30,154.000,154.000,2087.890,32.500,143.700,49.410,5.960,
0.200,6.500,1,30,277.000,277.000,1893.420,32.500,209.600,72.860,5.950,
0.200,6.500,2,30,297.000,297.000,1764.650,32.500,288.900,63.970,5.760,
0.200,6.500,3,30,378.000,378.000,1915.070,32.500,285.600,79.230,6.130,
0.200,6.500,4,30,297.000,297.000,1847.120,32.500,231.200,73.290,5.970,
0.200,6.500,5,30,326.000,326.000,2044.510,32.500,199.000,88.420,6.130,
0.200,6.500,6,30,305.000,305.000,1977.900,32.500,295.000,74.240,5.980,
0.200,6.500,7,30,253.000,253.000,1845.290,32.500,244.900,69.710,5.590,
0.200,6.500,8,30,286.000,286.000,1541.470,32.500,240.600,84.370,5.650,
0.200,6.500,9,30,248.000,248.000,2028.090,32.500,180.400,66.290,6.030,
0.200,7.000,0,30,164.000,164.000,2149.370,35.000,153.400,51.210,6.060,
0.200,7.000,1,30,284.000,284.000,1833.250,35.000,220.000,79.250,5.830,
0.200,7.000,2,30,311.000,311.000,1708.700,35.000,302.700,66.250,5.680,
0.200,7.000,3,30,403.000,403.000,1935.250,35.000,305.500,82.990,5.910,
0.200,7.000,4,30,291.000,291.000,1796.630,35.000,223.500,75.540,5.740,
0.200,7.000,5,30,279.000,279.000,2075.910,35.000,208.700,81.670,5.970,
0.200,7.000,6,30,333.000,333.000,2023.790,35.000,322.800,80.650,5.100,
0.200,7.000,7,30,264.000,264.000,1845.290,35.000,255.600,71.090,4.250,
0.200,7.000,8,30,312.000,312.000,1622.290,35.000,247.900,97.370,4.070,
0.200,7.000,9,30,253.000,253.000,2003.080,35.000,183.800,66.920,3.950,
