I_U,T_INT,seed,nodes_completed,sim_duration_s,total_survey_time_s,fleet_distance_m,conv_time_min_s,conv_time_max_s,conv_time_mean_s,wall_time_s,error
0.050,3.000,0,30,88.000,88.000,2176.440,15.000,49.700,20.230,4.220,
0.050,3.000,1,30,97.000,97.000,1883.990,15.000,63.800,25.520,4.090,
0.050,3.000,2,30,85.000,85.000,1872.900,15.000,44.400,22.200,4.010,
0.050,3.000,3,30,94.000,94.000,1884.770,15.000,45.200,23.400,4.090,
0.050,3.000,4,30,75.000,75.000,1825.070,15.000,40.400,20.850,4.050,
0.050,3.000,5,30,93.000,93.000,2095.620,15.000,59.300,24.000,4.280,
0.050,3.000,6,30,80.000,80.000,2014.210,15.000,46.400,22.240,4.220,
0.050,3.000,7,30,74.000,74.000,1866.550,15.000,65.100,21.050,3.960,
0.050,3.000,8,30,108.000,108.000,1677.280,15.000,53.300,22.390,4.010,
0.050,3.000,9,30,99.000,99.000,1987.310,15.000,42.600,21.940,4.420,
0.050,3.500,0,30,90.000,90.000,2176.440,17.500,52.000,22.160,4.410,
0.050,3.500,1,30,106.000,106.000,1876.490,17.500,69.700,29.550,4.160,
0.050,3.500,2,30,90.000,90.000,1940.520,17.500,52.800,22.950,4.190,
0.050,3.500,3,30,105.000,105.000,1936.050,17.500,49.000,28.450,4.310,
0.050,3.500,4,30,127.000,127.000,1853.390,17.500,70.300,25.450,4.200,
0.050,3.500,5,30,102.000,102.000,2091.270,17.500,65.200,28.560,4.360,
0.050,3.500,6,30,114.000,114.000,2027.290,17.500,66.300,28.390,4.290,
0.050,3.500,7,30,106.000,106.000,1823.890,17.500,73.500,28.740,4.100,
0.050,3.500,8,30,112.000,112.000,1666.280,17.500,57.500,25.500,4.480,
0.050,3.500,9,30,106.000,106.000,2003.440,17.500,46.800,25.540,4.660,
0.050,4.000,0,30,116.000,116.000,2183.250,20.000,59.200,27.100,4.740,
0.050,4.000,1,30,119.000,119.000,1873.190,20.000,80.900,32.820,4.620,
0.050,4.000,2,30,119.000,119.000,1944.710,20.000,65.400,26.410,4.560,
0.050,4.000,3,30,119.000,119.000,1892.900,20.000,60.400,31.600,4.690,
0.050,4.000,4,30,134.000,134.000,1830.120,20.000,76.700,29.900,4.530,
0.050,4.000,5,30,110.000,110.000,2094.500,20.000,70.700,32.130,4.720,
0.050,4.000,6,30,144.000,144.000,1977.370,20.000,79.000,32.070,4.560,
0.050,4.000,7,30,119.000,119.000,1933.880,20.000,80.300,30.410,4.400,
0.050,4.000,8,30,120.000,120.000,1694.860,20.000,59.600,26.270,4.350,
0.050,4.000,9,30,108.000,108.000,1999.770,20.000,45.800,28.560,4.560,
0.050,4.500,0,30,127.000,127.000,2159.170,22.500,63.700,28.790,4.660,
0.050,4.500,1,30,129.000,129.000,1865.200,22.500,87.200,35.550,4.460,
0.050,4.500,2,30,118.000,118.000,1953.500,22.500,61.900,29.000,4.440,
0.050,4.500,3,30,112.000,112.000,1881.570,22.500,70.600,34.240,4.520,
0.050,4.500,4,30,139.000,139.000,1833.260,22.500,80.400,34.660,4.430,
0.050,4.500,5,30,141.000,141.000,2086.320,22.500,73.700,41.960,4.510,
0.050,4.500,6,30,151.000,151.000,2003.600,22.500,87.100,37.610,4.650,
0.050,4.500,7,30,124.000,124.000,1934.030,22.500,91.000,34.410,4.460,
0.050,4.500,8,30,121.000,121.000,1713.350,22.500,60.700,29.190,4.410,
0.050,4.500,9,30,129.000,129.000,1989.790,22.500,75.500,30.630,4.500,
0.050,5.000,0,30,135.000,135.000,2177.790,25.000,68.900,33.590,4.590,
0.050,5.000,1,30,131.000,131.000,1857.580,25.000,86.500,39.900,4.490,
0.050,5.000,2,30,114.000,114.000,1932.940,25.000,60.200,33.650,4.440,
0.050,5.000,3,30,123.000,123.000,1888.380,25.000,72.500,38.700,4.530,
0.050,5.000,4,30,141.000,141.000,1833.260,25.000,81.500,37.050,4.360,
0.050,5.000,5,30,159.000,159.000,2086.320,25.000,80.600,45.420,4.770,
0.050,5.000,6,30,161.000,161.000,1968.650,25.000,91.500,40.620,4.710,
0.050,5.000,7,30,137.000,137.000,1888.260,25.000,95.600,39.300,4.490,
0.050,5.000,8,30,121.000,121.000,1696.280,25.000,58.600,32.340,4.420,
0.050,5.000,9,30,131.000,131.000,1987.440,25.000,78.900,34.660,4.580,
0.050,5.500,0,30,143.000,143.000,2136.460,27.500,70.500,37.660,4.640,
0.050,5.500,1,30,134.000,134.000,1860.990,27.500,92.600,43.170,4.550,
0.050,5.500,2,30,132.000,132.000,1977.610,27.500,72.500,37.080,4.560,
0.050,5.500,3,30,136.000,136.000,1888.490,27.500,84.300,43.430,4.650,
0.050,5.500,4,30,147.000,147.000,1846.430,27.500,86.900,41.180,4.640,
0.050,5.500,5,30,162.000,162.000,2086.320,27.500,87.800,47.600,4.840,
0.050,5.500,6,30,173.000,173.000,1984.990,27.500,99.200,44.160,4.710,
0.050,5.500,7,30,133.000,133.000,1858.840,27.500,100.100,44.200,4.480,
0.050,5.500,8,30,120.000,120.000,1717.510,27.500,92.900,35.900,4.580,
0.050,5.500,9,30,133.000,133.000,1987.430,27.500,79.900,36.830,4.590,
0.050,6.000,0,30,145.000,145.000,2126.360,30.000,73.700,38.540,4.660,
0.050,6.000,1,30,133.000,133.000,1871.460,30.000,98.600,44.670,4.550,
0.050,6.000,2,30,140.000,140.000,1904.210,30.000,76.000,41.000,4.480,
0.050,6.000,3,30,140.000,140.000,1902.430,30.000,87.200,45.480,4.680,
0.050,6.000,4,30,157.000,157.000,1859.270,30.000,94.900,44.680,4.600,
0.050,6.000,5,30,161.000,161.000,2099.160,30.000,100.000,50.310,4.760,
0.050,6.000,6,30,150.000,150.000,2019.920,30.000,100.400,45.550,4.710,
0.050,6.000,7,30,131.000,131.000,1848.560,30.000,105.000,46.340,4.440,
0.050,6.000,8,30,139.000,139.000,1650.190,30.000,99.700,43.280,4.510,
0.050,6.000,9,30,153.000,153.000,1929.880,30.000,82.700,44.010,4.660,
0.050,6.500,0,30,147.000,147.000,2142.840,32.500,79.000,41.310,4.770,
0.050,6.500,1,30,211.000,211.000,1865.870,32.500,120.200,53.190,4.540,
0.050,6.500,2,30,147.000,147.000,1911.860,32.500,84.500,43.460,4.700,
0.050,6.500,3,30,206.000,206.000,1899.460,32.500,122.800,53.870,4.710,
0.050,6.500,4,30,159.000,159.000,1865.510,32.500,93.400,47.970,4.660,
0.050,6.500,5,30,212.000,212.000,2134.460,32.500,108.100,54.760,4.910,
0.050,6.500,6,30,184.000,184.000,2013.270,32.500,104.200,51.030,4.780,
0.050,6.500,7,30,133.000,133.000,1871.540,32.500,109.300,48.690,4.600,
0.050,6.500,8,30,157.000,157.000,1618.140,32.500,105.500,48.240,4.550,
0.050,6.500,9,30,154.000,154.000,2054.340,32.500,86.300,48.160,4.790,
0.050,7.000,0,30,141.000,141.000,2098.020,35.000,84.200,43.700,4.720,
0.050,7.000,1,30,223.000,223.000,1880.100,35.000,130.300,54.690,4.690,
0.050,7.000,2,30,155.000,155.000,1911.860,35.000,82.300,46.670,4.660,
0.050,7.000,3,30,195.000,195.000,1899.460,35.000,128.100,56.560,4.850,
0.050,7.000,4,30,175.000,175.000,1880.810,35.000,108.300,52.780,4.740,
0.050,7.000,5,30,171.000,171.000,2148.490,35.000,110.200,55.280,4.950,
0.050,7.000,6,30,177.000,177.000,2060.430,35.000,135.200,56.240,4.820,
0.050,7.000,7,30,179.000,179.000,1871.540,35.000,116.100,51.440,4.590,
0.050,7.000,8,30,169.000,169.000,1611.190,35.000,109.900,51.950,4.470,
0.050,7.000,9,30,165.000,165.000,1981.180,35.000,91.900,52.660,4.700,
0.060,3.000,0,30,88.000,88.000,2176.440,15.000,49.700,20.230,4.870,
0.060,3.000,1,30,101.000,101.000,1883.990,15.000,67.700,26.250,4.590,
0.060,3.000,2,30,85.000,85.000,1872.900,15.000,44.400,22.200,4.580,
0.060,3.000,3,30,94.000,94.000,1884.770,15.000,45.200,23.400,4.610,
0.060,3.000,4,30,75.000,75.000,1825.070,15.000,40.400,20.850,4.590,
0.060,3.000,5,30,95.000,95.000,2095.620,15.000,59.300,24.210,4.870,
0.060,3.000,6,30,80.000,80.000,2014.210,15.000,46.400,22.240,4.720,
0.060,3.000,7,30,78.000,78.000,1866.550,15.000,69.800,21.210,4.460,
0.060,3.000,8,30,108.000,108.000,1677.280,15.000,53.300,22.390,4.490,
0.060,3.000,9,30,99.000,99.000,1987.310,15.000,42.600,21.940,4.900,
0.060,3.500,0,30,90.000,90.000,2176.440,17.500,52.000,22.160,4.860,
0.060,3.500,1,30,107.000,107.000,1876.490,17.500,71.000,29.640,4.660,
0.060,3.500,2,30,90.000,90.000,1940.520,17.500,52.800,22.950,4.670,
0.060,3.500,3,30,105.000,105.000,1936.050,17.500,49.000,28.450,4.820,
0.060,3.500,4,30,130.000,130.000,1853.390,17.500,73.100,25.540,4.640,
0.060,3.500,5,30,102.000,102.000,2091.270,17.500,65.200,28.560,4.880,
0.060,3.500,6,30,130.000,130.000,2027.290,17.500,93.400,29.510,4.770,
0.060,3.500,7,30,106.000,106.000,1823.890,17.500,77.200,28.860,4.490,
0.060,3.500,8,30,112.000,112.000,1666.280,17.500,57.500,25.500,4.540,
0.060,3.500,9,30,106.000,106.000,2003.440,17.500,46.800,25.540,4.800,
0.060,4.000,0,30,116.000,116.000,2183.250,20.000,59.200,27.100,4.890,
0.060,4.000,1,30,122.000,122.000,1873.190,20.000,83.300,32.910,4.640,
0.060,4.000,2,30,119.000,119.000,1944.710,20.000,65.400,26.410,4.630,
0.060,4.000,3,30,119.000,119.000,1892.900,20.000,60.400,31.600,4.770,
0.060,4.000,4,30,137.000,137.000,1830.120,20.000,79.200,29.980,4.630,
0.060,4.000,5,30,110.000,110.000,2094.500,20.000,70.700,32.140,4.810,
0.060,4.000,6,30,148.000,148.000,1977.370,20.000,82.200,32.180,4.730,
0.060,4.000,7,30,119.000,119.000,1933.880,20.000,87.500,30.650,4.640,
0.060,4.000,8,30,120.000,120.000,1694.860,20.000,59.600,26.270,4.540,
0.060,4.000,9,30,108.000,108.000,1999.770,20.000,45.800,28.560,4.880,
0.060,4.500,0,30,127.000,127.000,2159.170,22.500,63.700,28.790,4.930,
0.060,4.500,1,30,129.000,129.000,1865.200,22.500,87.200,35.550,4.750,
0.060,4.500,2,30,118.000,118.000,1953.500,22.500,61.900,29.000,4.720,
0.060,4.500,3,30,112.000,112.000,1881.570,22.500,70.600,34.240,4.790,
0.060,4.500,4,30,139.000,139.000,1833.260,22.500,80.800,34.670,4.630,
0.060,4.500,5,30,141.000,141.000,2086.320,22.500,73.700,41.960,4.800,
0.060,4.500,6,30,151.000,151.000,2003.600,22.500,87.100,37.610,4.830,
0.060,4.500,7,30,124.000,124.000,1934.030,22.500,92.400,34.450,4.680,
0.060,4.500,8,30,121.000,121.000,1713.350,22.500,60.700,29.190,4.650,
0.060,4.500,9,30,129.000,129.000,1989.790,22.500,75.500,30.630,4.800,
0.060,5.000,0,30,135.000,135.000,2177.790,25.000,68.900,33.590,4.890,
0.060,5.000,1,30,131.000,131.000,1857.580,25.000,86.500,39.900,4.720,
0.060,5.000,2,30,114.000,114.000,1932.940,25.000,60.200,33.650,4.700,
0.060,5.000,3,30,123.000,123.000,1888.380,25.000,72.500,38.700,4.790,
0.060,5.000,4,30,141.000,141.000,1833.260,25.000,81.500,37.050,4.630,
0.060,5.000,5,30,159.000,159.000,2086.320,25.000,80.600,45.420,4.920,
0.060,5.000,6,30,161.000,161.000,1968.650,25.000,91.500,40.620,4.800,
0.060,5.000,7,30,137.000,137.000,1888.260,25.000,96.000,39.310,4.600,
0.060,5.000,8,30,121.000,121.000,1696.280,25.000,58.600,32.340,4.560,
0.060,5.000,9,30,131.000,131.000,1987.440,25.000,78.900,34.660,4.770,
0.060,5.500,0,30,143.000,143.000,2136.460,27.500,70.500,37.660,4.860,
0.060,5.500,1,30,134.000,134.000,1860.990,27.500,92.600,43.170,4.700,
0.060,5.500,2,30,132.000,132.000,1977.610,27.500,72.500,37.080,4.720,
0.060,5.500,3,30,136.000,136.000,1888.490,27.500,84.300,43.430,4.770,
0.060,5.500,4,30,147.000,147.000,1846.430,27.500,86.900,41.180,4.720,
0.060,5.500,5,30,162.000,162.000,2086.320,27.500,87.800,47.600,4.980,
0.060,5.500,6,30,173.000,173.000,1984.990,27.500,99.200,44.160,4.860,
0.060,5.500,7,30,133.000,133.000,1858.840,27.500,100.100,44.200,4.610,
0.060,5.500,8,30,120.000,120.000,1717.510,27.500,92.900,35.900,4.750,
0.060,5.500,9,30,133.000,133.000,1987.430,27.500,79.900,36.830,4.760,
0.060,6.000,0,30,145.000,145.000,2126.360,30.000,73.700,38.540,4.850,
0.060,6.000,1,30,133.000,133.000,1871.460,30.000,98.600,44.670,4.750,
0.060,6.000,2,30,140.000,140.000,1904.210,30.000,76.000,41.000,4.690,
0.060,6.000,3,30,140.000,140.000,1902.430,30.000,87.200,45.480,4.860,
0.060,6.000,4,30,157.000,157.000,1859.270,30.000,94.900,44.680,4.770,
0.060,6.000,5,30,161.000,161.000,2099.160,30.000,100.000,50.310,4.970,
0.060,6.000,6,30,150.000,150.000,2019.920,30.000,100.400,45.550,4.950,
0.060,6.000,7,30,131.000,131.000,1848.560,30.000,105.000,46.340,4.650,
0.060,6.000,8,30,139.000,139.000,1650.190,30.000,99.700,43.280,4.730,
0.060,6.000,9,30,153.000,153.000,1929.880,30.000,82.700,44.010,4.820,
0.060,6.500,0,30,147.000,147.000,2142.840,32.500,79.000,41.310,4.900,
0.060,6.500,1,30,211.000,211.000,1865.870,32.500,120.200,53.190,4.740,
0.060,6.500,2,30,147.000,147.000,1911.860,32.500,84.500,43.460,4.740,
0.060,6.500,3,30,209.000,209.000,1899.460,32.500,122.800,53.970,4.940,
0.060,6.500,4,30,159.000,159.000,1865.510,32.500,93.400,47.970,4.800,
0.060,6.500,5,30,212.000,212.000,2134.460,32.500,108.100,54.760,5.080,
0.060,6.500,6,30,184.000,184.000,2013.270,32.500,104.200,51.030,4.910,
0.060,6.500,7,30,133.000,133.000,1871.540,32.500,109.300,48.690,4.720,
0.060,6.500,8,30,157.000,157.000,1618.140,32.500,105.500,48.240,4.660,
0.060,6.500,9,30,154.000,154.000,2054.340,32.500,86.300,48.160,4.920,
0.060,7.000,0,30,141.000,141.000,2098.020,35.000,84.200,43.700,4.900,
0.060,7.000,1,30,223.000,223.000,1880.100,35.000,130.300,54.690,4.880,
0.060,7.000,2,30,155.000,155.000,1911.860,35.000,82.300,46.670,4.840,
0.060,7.000,3,30,195.000,195.000,1899.460,35.000,128.100,56.560,5.060,
0.060,7.000,4,30,175.000,175.000,1880.810,35.000,108.300,52.780,4.960,
0.060,7.000,5,30,171.000,171.000,2148.490,35.000,110.200,55.280,5.200,
0.060,7.000,6,30,177.000,177.000,2060.430,35.000,138.100,56.340,5.110,
0.060,7.000,7,30,179.000,179.000,1871.540,35.000,116.100,51.440,4.830,
0.060,7.000,8,30,169.000,169.000,1611.190,35.000,109.900,51.950,4.710,
0.060,7.000,9,30,165.000,165.000,1981.180,35.000,91.900,52.660,4.910,
0.070,3.000,0,30,88.000,88.000,2176.440,15.000,51.500,20.310,5.170,
0.070,3.000,1,30,110.000,110.000,1868.510,15.000,76.100,28.100,4.900,
0.070,3.000,2,30,89.000,89.000,1872.900,15.000,53.500,22.550,4.910,
0.070,3.000,3,30,103.000,103.000,1867.880,15.000,47.500,24.860,4.960,
0.070,3.000,4,30,86.000,86.000,1825.070,15.000,51.600,21.350,4.910,
0.070,3.000,5,30,108.000,108.000,2095.620,15.000,70.400,25.160,5.200,
0.070,3.000,6,30,130.000,130.000,2014.210,15.000,96.600,23.910,5.130,
0.070,3.000,7,30,94.000,94.000,1866.550,15.000,85.700,21.740,4.800,
0.070,3.000,8,30,109.000,109.000,1677.280,15.000,54.500,22.470,4.820,
0.070,3.000,9,30,99.000,99.000,1987.310,15.000,42.600,21.940,5.490,
0.070,3.500,0,30,95.000,95.000,2176.440,17.500,57.000,22.320,5.470,
0.070,3.500,1,30,122.000,122.000,1876.490,17.500,85.300,31.170,5.260,
0.070,3.500,2,30,112.000,112.000,1940.520,17.500,63.500,23.740,5.200,
0.070,3.500,3,30,118.000,118.000,1936.050,17.500,56.500,29.160,5.390,
0.070,3.500,4,30,138.000,138.000,1853.390,17.500,81.300,25.820,5.220,
0.070,3.500,5,30,114.000,114.000,2091.270,17.500,74.300,29.430,5.490,
0.070,3.500,6,30,148.000,148.000,1966.830,17.500,111.600,30.530,5.340,
0.070,3.500,7,30,117.000,117.000,1823.890,17.500,93.000,29.860,5.080,
0.070,3.500,8,30,112.000,112.000,1666.280,17.500,57.500,25.500,5.200,
0.070,3.500,9,30,106.000,106.000,2003.440,17.500,46.800,25.540,5.490,
0.070,4.000,0,30,116.000,116.000,2183.250,20.000,62.900,27.220,5.600,
0.070,4.000,1,30,132.000,132.000,1873.190,20.000,93.400,34.040,5.370,
0.070,4.000,2,30,125.000,125.000,1944.710,20.000,71.100,26.600,5.330,
0.070,4.000,3,30,120.000,120.000,1892.900,20.000,69.900,31.960,5.450,
0.070,4.000,4,30,147.000,147.000,1830.120,20.000,90.000,30.340,5.320,
0.070,4.000,5,30,118.000,118.000,2094.500,20.000,77.900,32.760,5.520,
0.070,4.000,6,30,160.000,160.000,1977.370,20.000,94.800,33.200,5.410,
0.070,4.000,7,30,121.000,121.000,1933.880,20.000,98.100,31.120,5.380,
0.070,4.000,8,30,120.000,120.000,1694.860,20.000,59.600,26.270,5.250,
0.070,4.000,9,30,108.000,108.000,1999.770,20.000,45.800,28.560,5.650,
0.070,4.500,0,30,127.000,127.000,2159.170,22.500,65.800,28.860,5.720,
0.070,4.500,1,30,140.000,140.000,1865.200,22.500,98.600,36.790,5.510,
0.070,4.500,2,30,118.000,118.000,1953.500,22.500,61.900,29.000,5.480,
0.070,4.500,3,30,117.000,117.000,1881.570,22.500,75.900,34.410,5.560,
0.070,4.500,4,30,152.000,152.000,1833.260,22.500,94.000,35.110,5.400,
0.070,4.500,5,30,169.000,169.000,2009.120,22.500,93.800,43.640,5.570,
0.070,4.500,6,30,161.000,161.000,2003.600,22.500,97.700,38.320,5.880,
0.070,4.500,7,30,124.000,124.000,1934.030,22.500,103.200,34.820,5.660,
0.070,4.500,8,30,121.000,121.000,1713.350,22.500,60.700,29.190,5.640,
0.070,4.500,9,30,132.000,132.000,1989.790,22.500,78.600,31.560,5.840,
0.070,5.000,0,30,135.000,135.000,2177.790,25.000,68.900,33.630,5.940,
0.070,5.000,1,30,135.000,135.000,1857.580,25.000,97.700,40.930,5.680,
0.070,5.000,2,30,114.000,114.000,1932.940,25.000,60.200,33.650,5.700,
0.070,5.000,3,30,137.000,137.000,1888.380,25.000,87.000,39.190,5.780,
0.070,5.000,4,30,151.000,151.000,1833.260,25.000,91.700,37.390,5.590,
0.070,5.000,5,30,172.000,172.000,2086.320,25.000,93.900,46.430,5.910,
0.070,5.000,6,30,171.000,171.000,1968.650,25.000,101.400,41.220,5.780,
0.070,5.000,7,30,137.000,137.000,1888.260,25.000,107.700,39.700,5.520,
0.070,5.000,8,30,121.000,121.000,1696.280,25.000,58.600,32.340,5.440,
0.070,5.000,9,30,135.000,135.000,1987.440,25.000,82.900,34.820,5.700,
0.070,5.500,0,30,143.000,143.000,2136.460,27.500,70.700,37.670,5.830,
0.070,5.500,1,30,134.000,134.000,1860.990,27.500,104.700,43.840,5.650,
0.070,5.500,2,30,132.000,132.000,1977.610,27.500,72.900,37.090,5.620,
0.070,5.500,3,30,148.000,148.000,1888.490,27.500,97.000,44.030,5.740,
0.070,5.500,4,30,169.000,169.000,1846.430,27.500,108.800,42.190,5.690,
0.070,5.500,5,30,174.000,174.000,2086.320,27.500,92.900,47.030,5.960,
0.070,5.500,6,30,202.000,202.000,1984.990,27.500,128.400,45.370,5.820,
0.070,5.500,7,30,133.000,133.000,1858.840,27.500,112.100,44.600,5.540,
0.070,5.500,8,30,120.000,120.000,1717.510,27.500,101.800,36.190,5.690,
0.070,5.500,9,30,133.000,133.000,1987.430,27.500,79.900,36.830,5.750,
0.070,6.000,0,30,145.000,145.000,2126.360,30.000,73.700,38.540,5.870,
0.070,6.000,1,30,133.000,133.000,1871.460,30.000,111.900,45.240,5.700,
0.070,6.000,2,30,140.000,140.000,1904.210,30.000,76.000,41.000,5.620,
0.070,6.000,3,30,152.000,152.000,1902.430,30.000,99.600,45.950,5.840,
0.070,6.000,4,30,179.000,179.000,1859.270,30.000,116.100,45.620,5.700,
0.070,6.000,5,30,171.000,171.000,2099.160,30.000,112.900,51.760,5.990,
0.070,6.000,6,30,150.000,150.000,2019.920,30.000,106.200,45.740,5.890,
0.070,6.000,7,30,131.000,131.000,1848.560,30.000,118.800,46.800,5.580,
0.070,6.000,8,30,151.000,151.000,1650.190,30.000,106.600,43.910,5.640,
0.070,6.000,9,30,153.000,153.000,1929.880,30.000,82.700,44.010,5.830,
0.070,6.500,0,30,147.000,147.000,2142.840,32.500,79.000,41.310,5.960,
0.070,6.500,1,30,227.000,227.000,1865.870,32.500,136.300,54.920,5.700,
0.070,6.500,2,30,147.000,147.000,1911.860,32.500,84.500,43.460,5.740,
0.070,6.500,3,30,228.000,228.000,1899.460,32.500,134.100,55.340,5.960,
0.070,6.500,4,30,177.000,177.000,1865.510,32.500,111.900,48.910,5.780,
0.070,6.500,5,30,218.000,218.000,2134.460,32.500,116.700,56.010,6.130,
0.070,6.500,6,30,212.000,212.000,2013.270,32.500,151.200,54.760,5.940,
0.070,6.500,7,30,133.000,133.000,1871.540,32.500,122.400,49.130,5.680,
0.070,6.500,8,30,157.000,157.000,1618.140,32.500,120.400,49.050,5.630,
0.070,6.500,9,30,154.000,154.000,2054.340,32.500,91.100,48.410,5.960,
0.070,7.000,0,30,141.000,141.000,2098.020,35.000,84.200,43.700,5.870,
0.070,7.000,1,30,235.000,235.000,1880.100,35.000,143.000,56.100,5.730,
0.070,7.000,2,30,155.000,155.000,1911.860,35.000,82.300,46.670,5.670,
0.070,7.000,3,30,195.000,195.000,1899.460,35.000,139.600,57.420,5.920,
0.070,7.000,4,30,186.000,186.000,1880.810,35.000,119.700,53.180,5.810,
0.070,7.000,5,30,171.000,171.000,2148.490,35.000,119.900,56.350,6.110,
0.070,7.000,6,30,177.000,177.000,2060.430,35.000,164.600,57.360,5.970,
0.070,7.000,7,30,184.000,184.000,1871.540,35.000,125.900,52.050,5.690,
0.070,7.000,8,30,169.000,169.000,1611.190,35.000,134.000,53.030,5.540,
0.070,7.000,9,30,165.000,165.000,1981.180,35.000,119.500,53.580,5.830,
0.080,3.000,0,30,98.000,98.000,2156.350,15.000,62.600,21.730,5.980,
0.080,3.000,1,30,122.000,122.000,1829.950,15.000,89.000,31.390,5.680,
0.080,3.000,2,30,112.000,112.000,1872.900,15.000,66.100,24.400,5.650,
0.080,3.000,3,30,110.000,110.000,1903.000,15.000,71.900,26.870,5.730,
0.080,3.000,4,30,95.000,95.000,1819.510,15.000,60.800,22.530,5.740,
0.080,3.000,5,30,117.000,117.000,2071.110,15.000,79.200,27.470,6.040,
0.080,3.000,6,30,148.000,148.000,1925.100,15.000,114.300,26.910,5.850,
0.080,3.000,7,30,104.000,104.000,1790.610,15.000,95.800,25.340,5.530,
0.080,3.000,8,30,116.000,116.000,1677.280,15.000,60.200,23.480,5.550,
0.080,3.000,9,30,91.000,91.000,1910.830,15.000,40.200,22.520,5.690,
0.080,3.500,0,30,106.000,106.000,2100.150,17.500,67.100,23.670,5.800,
0.080,3.500,1,30,131.000,131.000,1843.540,17.500,94.400,33.970,5.680,
0.080,3.500,2,30,120.000,120.000,1872.980,17.500,71.800,24.920,5.610,
0.080,3.500,3,30,116.000,116.000,1919.220,17.500,77.300,31.270,5.780,
0.080,3.500,4,30,145.000,145.000,1819.520,17.500,90.800,27.980,5.670,
0.080,3.500,5,30,122.000,122.000,2129.670,17.500,87.600,32.810,6.070,
0.080,3.500,6,30,161.000,161.000,1949.910,17.500,124.200,32.310,5.770,
0.080,3.500,7,30,126.000,126.000,1823.890,17.500,102.700,31.200,5.500,
0.080,3.500,8,30,117.000,117.000,1666.280,17.500,62.900,25.830,5.560,
0.080,3.500,9,30,111.000,111.000,2003.440,17.500,51.900,26.270,5.870,
0.080,4.000,0,30,119.000,119.000,2183.250,20.000,70.000,27.820,5.980,
0.080,4.000,1,30,143.000,143.000,1841.320,20.000,104.600,35.970,5.670,
0.080,4.000,2,30,150.000,150.000,1944.710,20.000,96.800,27.760,5.690,
0.080,4.000,3,30,121.000,121.000,1892.570,20.000,80.700,33.160,5.820,
0.080,4.000,4,30,163.000,163.000,1766.980,20.000,106.000,31.860,5.600,
0.080,4.000,5,30,127.000,127.000,2094.500,20.000,91.700,34.970,5.930,
0.080,4.000,6,30,171.000,171.000,1949.820,20.000,105.200,35.340,5.710,
0.080,4.000,7,30,127.000,127.000,1907.180,20.000,108.700,32.700,5.570,
0.080,4.000,8,30,122.000,122.000,1694.860,20.000,61.900,26.360,5.440,
0.080,4.000,9,30,130.000,130.000,1999.770,20.000,81.500,31.140,5.860,
0.080,4.500,0,30,129.000,129.000,2170.820,22.500,72.900,29.350,5.960,
0.080,4.500,1,30,152.000,152.000,1870.940,22.500,110.300,38.700,5.670,
0.080,4.500,2,30,127.000,127.000,1953.500,22.500,70.200,29.330,5.720,
0.080,4.500,3,30,146.000,146.000,1902.350,22.500,104.300,36.960,5.760,
0.080,4.500,4,30,166.000,166.000,1833.260,22.500,107.900,36.300,5.560,
0.080,4.500,5,30,179.000,179.000,2051.050,22.500,105.200,47.250,5.790,
0.080,4.500,6,30,154.000,154.000,1972.450,22.500,143.100,40.650,5.840,
0.080,4.500,7,30,130.000,130.000,1934.030,22.500,118.600,36.270,5.610,
0.080,4.500,8,30,126.000,126.000,1649.190,22.500,102.900,32.780,5.500,
0.080,4.500,9,30,143.000,143.000,1989.790,22.500,89.300,32.300,5.720,
0.080,5.000,0,30,143.000,143.000,2177.790,25.000,75.900,34.130,5.890,
0.080,5.000,1,30,149.000,149.000,1859.350,25.000,113.600,43.250,5.600,
0.080,5.000,2,30,114.000,114.000,1932.940,25.000,64.200,33.860,5.610,
0.080,5.000,3,30,154.000,154.000,1888.490,25.000,103.700,42.120,5.710,
0.080,5.000,4,30,166.000,166.000,1833.260,25.000,106.200,38.390,5.490,
0.080,5.000,5,30,185.000,185.000,2099.350,25.000,116.600,50.820,5.920,
0.080,5.000,6,30,161.000,161.000,2005.450,25.000,150.500,43.970,5.760,
0.080,5.000,7,30,163.000,163.000,1888.260,25.000,123.900,42.100,5.440,
0.080,5.000,8,30,126.000,126.000,1653.280,25.000,116.500,35.510,5.390,
0.080,5.000,9,30,145.000,145.000,1987.440,25.000,92.300,35.800,5.630,
0.080,5.500,0,30,132.000,132.000,2161.320,27.500,90.600,37.810,5.810,
0.080,5.500,1,30,146.000,146.000,1876.680,27.500,130.200,47.120,5.590,
0.080,5.500,2,30,142.000,142.000,1887.450,27.500,87.400,37.030,5.440,
0.080,5.500,3,30,160.000,160.000,1888.490,27.500,108.500,45.380,5.650,
0.080,5.500,4,30,184.000,184.000,1846.430,27.500,124.000,43.830,5.570,
0.080,5.500,5,30,185.000,185.000,2099.350,27.500,120.900,53.550,5.830,
0.080,5.500,6,30,177.000,177.000,1927.270,27.500,166.100,47.990,5.630,
0.080,5.500,7,30,164.000,164.000,1832.330,27.500,130.400,47.470,5.340,
0.080,5.500,8,30,142.000,142.000,1717.510,27.500,132.800,37.700,5.490,
0.080,5.500,9,30,141.000,141.000,1987.430,27.500,87.600,37.250,5.520,
0.080,6.000,0,30,125.000,125.000,2108.850,30.000,111.500,39.370,5.660,
0.080,6.000,1,30,147.000,147.000,1871.460,30.000,135.700,46.980,5.530,
0.080,6.000,2,30,147.000,147.000,1904.210,30.000,88.300,42.170,5.450,
0.080,6.000,3,30,164.000,164.000,1902.430,30.000,111.500,48.040,5.620,
0.080,6.000,4,30,199.000,199.000,1859.270,30.000,136.500,47.110,5.520,
0.080,6.000,5,30,190.000,190.000,2137.070,30.000,133.400,57.220,5.790,
0.080,6.000,6,30,252.000,252.000,2004.110,30.000,174.300,54.230,5.610,
0.080,6.000,7,30,162.000,162.000,1848.560,30.000,133.800,49.160,5.320,
0.080,6.000,8,30,165.000,165.000,1657.890,30.000,138.600,45.990,5.430,
0.080,6.000,9,30,156.000,156.000,1929.880,30.000,88.500,45.210,5.570,
0.080,6.500,0,30,147.000,147.000,2142.840,32.500,115.100,42.750,5.690,
0.080,6.500,1,30,241.000,241.000,1872.240,32.500,145.900,56.870,5.470,
0.080,6.500,2,30,151.000,151.000,1869.070,32.500,92.700,44.930,5.340,
0.080,6.500,3,30,306.000,306.000,1899.460,32.500,212.100,60.880,5.630,
0.080,6.500,4,30,198.000,198.000,1869.610,32.500,132.800,52.770,5.450,
0.080,6.500,5,30,248.000,248.000,2134.460,32.500,144.100,61.730,5.800,
0.080,6.500,6,30,255.000,255.000,1992.170,32.500,180.700,58.530,5.580,
0.080,6.500,7,30,163.000,163.000,1845.040,32.500,137.700,51.040,5.310,
0.080,6.500,8,30,220.000,220.000,1618.140,32.500,209.400,53.960,5.260,
0.080,6.500,9,30,171.000,171.000,2054.340,32.500,128.800,51.130,5.550,
0.080,7.000,0,30,141.000,141.000,2098.020,35.000,117.700,45.030,5.460,
0.080,7.000,1,30,253.000,253.000,1886.130,35.000,157.700,58.720,5.470,
0.080,7.000,2,30,151.000,151.000,1821.700,35.000,88.600,46.840,5.310,
0.080,7.000,3,30,245.000,245.000,1899.460,35.000,191.500,63.030,5.610,
0.080,7.000,4,30,255.000,255.000,1900.020,35.000,188.500,59.660,5.530,
0.080,7.000,5,30,197.000,197.000,2080.950,35.000,149.500,63.270,5.640,
0.080,7.000,6,30,199.000,199.000,2060.430,35.000,188.900,58.220,5.620,
0.080,7.000,7,30,199.000,199.000,1845.040,35.000,141.400,54.910,5.290,
0.080,7.000,8,30,227.000,227.000,1611.190,35.000,216.900,57.840,5.170,
0.080,7.000,9,30,172.000,172.000,1981.180,35.000,133.100,54.870,5.430,
0.090,3.000,0,30,108.000,108.000,2152.490,15.000,73.000,23.370,5.550,
0.090,3.000,1,30,131.000,131.000,1825.830,15.000,97.200,34.000,5.240,
0.090,3.000,2,30,123.000,123.000,1852.820,15.000,75.200,26.840,5.240,
0.090,3.000,3,30,120.000,120.000,1903.000,15.000,81.400,29.930,5.360,
0.090,3.000,4,30,158.000,158.000,1842.810,15.000,99.100,26.730,5.340,
0.090,3.000,5,30,125.000,125.000,2071.110,15.000,90.200,30.370,5.540,
0.090,3.000,6,30,159.000,159.000,1936.230,15.000,125.500,29.290,5.330,
0.090,3.000,7,30,114.000,114.000,1790.610,15.000,105.200,28.120,5.080,
0.090,3.000,8,30,103.000,103.000,1577.630,15.000,93.300,24.210,5.010,
0.090,3.000,9,30,129.000,129.000,1921.670,15.000,75.600,27.090,5.230,
0.090,3.500,0,30,115.000,115.000,2069.390,17.500,76.400,24.900,5.360,
0.090,3.500,1,30,141.000,141.000,1826.280,17.500,104.900,37.330,5.200,
0.090,3.500,2,30,199.000,199.000,1879.710,17.500,145.200,29.300,5.250,
0.090,3.500,3,30,138.000,138.000,1919.220,17.500,97.300,34.260,5.380,
0.090,3.500,4,30,165.000,165.000,1819.520,17.500,106.700,30.700,5.240,
0.090,3.500,5,30,131.000,131.000,2127.010,17.500,102.700,37.660,5.620,
0.090,3.500,6,30,182.000,182.000,1973.190,17.500,145.900,37.500,5.350,
0.090,3.500,7,30,135.000,135.000,1769.820,17.500,117.000,34.550,5.000,
0.090,3.500,8,30,129.000,129.000,1590.080,17.500,100.400,29.990,5.090,
0.090,3.500,9,30,118.000,118.000,1956.550,17.500,78.900,29.990,5.250,
0.090,4.000,0,30,128.000,128.000,2168.580,20.000,77.100,31.600,5.520,
0.090,4.000,1,30,157.000,157.000,1828.180,20.000,118.900,39.470,5.130,
0.090,4.000,2,30,151.000,151.000,1877.160,20.000,95.800,29.180,5.130,
0.090,4.000,3,30,149.000,149.000,1904.690,20.000,107.900,35.770,5.310,
0.090,4.000,4,30,172.000,172.000,1770.130,20.000,113.500,36.810,5.160,
0.090,4.000,5,30,135.000,135.000,2094.500,20.000,116.200,38.810,5.400,
0.090,4.000,6,30,160.000,160.000,1899.030,20.000,149.100,43.010,5.150,
0.090,4.000,7,30,135.000,135.000,1864.620,20.000,126.500,33.550,5.090,
0.090,4.000,8,30,125.000,125.000,1588.250,20.000,114.800,33.610,5.050,
0.090,4.000,9,30,161.000,161.000,1971.990,20.000,88.000,35.210,5.260,
0.090,4.500,0,30,134.000,134.000,2170.820,22.500,92.100,31.020,5.460,
0.090,4.500,1,30,171.000,171.000,1837.990,22.500,129.900,43.210,5.130,
0.090,4.500,2,30,152.000,152.000,1953.500,22.500,95.400,31.120,5.170,
0.090,4.500,3,30,180.000,180.000,1920.290,22.500,138.600,43.330,5.280,
0.090,4.500,4,30,174.000,174.000,1770.130,22.500,114.900,39.360,5.050,
0.090,4.500,5,30,187.000,187.000,2044.760,22.500,130.500,53.920,5.250,
0.090,4.500,6,30,214.000,214.000,1952.510,22.500,167.400,49.600,5.140,
0.090,4.500,7,30,186.000,186.000,1851.010,22.500,132.800,44.240,5.020,
0.090,4.500,8,30,142.000,142.000,1635.260,22.500,132.300,36.140,4.980,
0.090,4.500,9,30,130.000,130.000,1924.320,22.500,118.500,36.100,5.210,
0.090,5.000,0,30,125.000,125.000,2200.710,25.000,114.600,35.780,5.400,
0.090,5.000,1,30,168.000,168.000,1837.990,25.000,137.100,47.860,5.100,
0.090,5.000,2,30,157.000,157.000,1830.750,25.000,97.400,39.120,5.060,
0.090,5.000,3,30,165.000,165.000,1882.860,25.000,114.200,45.700,5.270,
0.090,5.000,4,30,194.000,194.000,1770.130,25.000,136.600,43.280,4.970,
0.090,5.000,5,30,202.000,202.000,2018.130,25.000,137.200,57.270,5.290,
0.090,5.000,6,30,248.000,248.000,2019.340,25.000,177.700,54.550,5.240,
0.090,5.000,7,30,167.000,167.000,1893.780,25.000,139.100,44.860,5.000,
0.090,5.000,8,30,209.000,209.000,1623.810,25.000,198.600,41.800,4.940,
0.090,5.000,9,30,136.000,136.000,2029.070,25.000,124.200,38.560,5.300,
0.090,5.500,0,30,138.000,138.000,2161.320,27.500,118.500,39.960,5.340,
0.090,5.500,1,30,169.000,169.000,1867.220,27.500,157.900,53.070,5.140,
0.090,5.500,2,30,189.000,189.000,1743.840,27.500,106.500,43.530,4.930,
0.090,5.500,3,30,221.000,221.000,1888.490,27.500,169.200,49.160,5.200,
0.090,5.500,4,30,250.000,250.000,1845.490,27.500,189.100,49.360,5.080,
0.090,5.500,5,30,252.000,252.000,2055.760,27.500,150.500,63.990,5.270,
0.090,5.500,6,30,256.000,256.000,2000.370,27.500,188.200,56.220,5.330,
0.090,5.500,7,30,176.000,176.000,1832.330,27.500,144.100,50.690,4.930,
0.090,5.500,8,30,222.000,222.000,1620.600,27.500,212.000,44.830,5.080,
0.090,5.500,9,30,179.000,179.000,2018.970,27.500,131.600,45.620,5.280,
0.090,6.000,0,30,133.000,133.000,2108.850,30.000,122.100,40.570,5.210,
0.090,6.000,1,30,207.000,207.000,1886.380,30.000,163.900,55.200,5.130,
0.090,6.000,2,30,190.000,190.000,1782.210,30.000,103.900,46.490,4.930,
0.090,6.000,3,30,308.000,308.000,1902.430,30.000,221.900,58.590,5.160,
0.090,6.000,4,30,260.000,260.000,1915.340,30.000,198.000,53.500,5.210,
0.090,6.000,5,30,248.000,248.000,2151.830,30.000,154.800,67.710,5.330,
0.090,6.000,6,30,271.000,271.000,2004.110,30.000,213.700,58.660,5.200,
0.090,6.000,7,30,188.000,188.000,1838.670,30.000,149.000,54.580,4.950,
0.090,6.000,8,30,230.000,230.000,1544.820,30.000,220.000,52.860,4.920,
0.090,6.000,9,30,168.000,168.000,1944.460,30.000,140.300,48.840,5.110,
0.090,6.500,0,30,135.000,135.000,2098.020,32.500,125.000,43.390,5.160,
0.090,6.500,1,30,212.000,212.000,1865.430,32.500,168.800,61.250,5.040,
0.090,6.500,2,30,164.000,164.000,1753.740,32.500,106.700,48.140,4.820,
0.090,6.500,3,30,334.000,334.000,1899.460,32.500,240.800,67.850,5.270,
0.090,6.500,4,30,262.000,262.000,1900.020,32.500,196.400,59.030,5.190,
0.090,6.500,5,30,274.000,274.000,2056.370,32.500,170.700,71.500,5.340,
0.090,6.500,6,30,274.000,274.000,1955.750,32.500,230.800,63.790,5.180,
0.090,6.500,7,30,198.000,198.000,1845.040,32.500,152.900,56.450,4.980,
0.090,6.500,8,30,238.000,238.000,1594.270,32.500,227.500,57.830,4.920,
0.090,6.500,9,30,228.000,228.000,2047.730,32.500,160.900,56.100,5.230,
0.090,7.000,0,30,143.000,143.000,2098.020,35.000,132.900,46.250,5.120,
0.090,7.000,1,30,214.000,214.000,1883.470,35.000,176.600,63.790,4.980,
0.090,7.000,2,30,212.000,212.000,1708.700,35.000,158.100,53.110,4.870,
0.090,7.000,3,30,273.000,273.000,1899.460,35.000,219.200,68.790,5.310,
0.090,7.000,4,30,273.000,273.000,1900.020,35.000,206.700,63.620,5.240,
0.090,7.000,5,30,220.000,220.000,2108.480,35.000,166.600,69.070,5.360,
0.090,7.000,6,30,294.000,294.000,2023.790,35.000,284.000,66.300,5.270,
0.090,7.000,7,30,224.000,224.000,1845.040,35.000,161.100,58.450,5.020,
0.090,7.000,8,30,246.000,246.000,1618.880,35.000,235.700,62.630,4.900,
0.090,7.000,9,30,239.000,239.000,1981.180,35.000,169.600,60.090,5.130,
0.100,3.000,0,30,120.000,120.000,2144.340,15.000,84.400,24.970,5.180,
0.100,3.000,1,30,140.000,140.000,1794.880,15.000,106.800,38.080,4.860,
0.100,3.000,2,30,147.000,147.000,1870.750,15.000,92.400,32.410,5.070,
0.100,3.000,3,30,148.000,148.000,1821.290,15.000,107.700,33.720,4.990,
0.100,3.000,4,30,125.000,125.000,1764.390,15.000,113.600,33.320,5.050,
0.100,3.000,5,30,162.000,162.000,2070.540,15.000,125.600,38.130,5.290,
0.100,3.000,6,30,171.000,171.000,1938.090,15.000,137.600,32.280,5.070,
0.100,3.000,7,30,129.000,129.000,1762.560,15.000,120.600,33.910,4.750,
0.100,3.000,8,30,112.000,112.000,1535.840,15.000,102.500,28.190,4.770,
0.100,3.000,9,30,119.000,119.000,1921.920,15.000,77.700,30.260,4.940,
0.100,3.500,0,30,126.000,126.000,2128.710,17.500,89.300,28.600,5.210,
0.100,3.500,1,30,152.000,152.000,1810.060,17.500,115.100,42.930,4.910,
0.100,3.500,2,30,118.000,118.000,1864.830,17.500,94.400,28.910,5.010,
0.100,3.500,3,30,176.000,176.000,1873.830,17.500,112.300,39.800,5.110,
0.100,3.500,4,30,170.000,170.000,1766.340,17.500,121.300,36.860,5.010,
0.100,3.500,5,30,165.000,165.000,2048.170,17.500,126.000,42.800,5.240,
0.100,3.500,6,30,198.000,198.000,1973.190,17.500,161.700,39.980,5.130,
0.100,3.500,7,30,150.000,150.000,1769.820,17.500,131.400,40.070,4.770,
0.100,3.500,8,30,127.000,127.000,1534.240,17.500,117.800,33.410,4.690,
0.100,3.500,9,30,128.000,128.000,1916.220,17.500,88.600,34.170,4.970,
0.100,4.000,0,30,134.000,134.000,2168.400,20.000,113.600,34.350,5.340,
0.100,4.000,1,30,175.000,175.000,1824.020,20.000,136.500,44.480,5.000,
0.100,4.000,2,30,160.000,160.000,1793.800,20.000,99.600,34.960,4.990,
0.100,4.000,3,30,209.000,209.000,1905.960,20.000,135.100,44.940,5.190,
0.100,4.000,4,30,184.000,184.000,1811.380,20.000,129.700,44.490,5.110,
0.100,4.000,5,30,196.000,196.000,2021.840,20.000,136.800,50.050,5.200,
0.100,4.000,6,30,215.000,215.000,1952.260,20.000,173.700,53.800,5.130,
0.100,4.000,7,30,148.000,148.000,1864.620,20.000,139.800,40.850,4.800,
0.100,4.000,8,30,204.000,204.000,1570.840,20.000,193.500,41.370,4.830,
0.100,4.000,9,30,170.000,170.000,1914.540,20.000,120.800,40.970,5.040,
0.100,4.500,0,30,189.000,189.000,2166.430,22.500,118.900,37.610,5.300,
0.100,4.500,1,30,187.000,187.000,1824.020,22.500,171.500,52.490,4.940,
0.100,4.500,2,30,178.000,178.000,1819.080,22.500,105.600,37.600,4.920,
0.100,4.500,3,30,219.000,219.000,1910.740,22.500,166.300,50.850,5.110,
0.100,4.500,4,30,201.000,201.000,1779.720,22.500,141.800,49.530,4.960,
0.100,4.500,5,30,172.000,172.000,1936.170,22.500,151.900,59.740,5.010,
0.100,4.500,6,30,250.000,250.000,1952.510,22.500,187.600,55.130,4.960,
0.100,4.500,7,30,199.000,199.000,1803.810,22.500,147.200,46.730,4.840,
0.100,4.500,8,30,220.000,220.000,1579.560,22.500,209.800,41.840,4.920,
0.100,4.500,9,30,141.000,141.000,1917.060,22.500,129.800,39.550,5.100,
0.100,5.000,0,30,134.000,134.000,2200.710,25.000,123.700,36.930,5.330,
0.100,5.000,1,30,191.000,191.000,1840.390,25.000,181.000,60.910,5.020,
0.100,5.000,2,30,170.000,170.000,1773.420,25.000,107.700,42.830,4.890,
0.100,5.000,3,30,238.000,238.000,1907.290,25.000,186.900,54.320,5.150,
0.100,5.000,4,30,257.000,257.000,1818.840,25.000,195.900,50.980,4.980,
0.100,5.000,5,30,177.000,177.000,1969.630,25.000,157.200,62.630,4.980,
0.100,5.000,6,30,263.000,263.000,1976.510,25.000,213.400,61.800,5.050,
0.100,5.000,7,30,188.000,188.000,1844.980,25.000,153.100,50.700,4.910,
0.100,5.000,8,30,230.000,230.000,1610.020,25.000,219.700,45.300,4.900,
0.100,5.000,9,30,190.000,190.000,2018.970,25.000,140.600,48.260,5.150,
0.100,5.500,0,30,175.000,175.000,2161.320,27.500,138.100,44.010,5.220,
0.100,5.500,1,30,208.000,208.000,1839.300,27.500,197.800,63.690,4.980,
0.100,5.500,2,30,227.000,227.000,1691.680,27.500,218.400,52.460,4.780,
0.100,5.500,3,30,246.000,246.000,1882.860,27.500,194.500,58.210,5.060,
0.100,5.500,4,30,269.000,269.000,1821.440,27.500,207.000,60.910,4.850,
0.100,5.500,5,30,254.000,254.000,2032.180,27.500,181.300,69.900,5.160,
0.100,5.500,6,30,274.000,274.000,1935.580,27.500,230.700,66.280,5.140,
0.100,5.500,7,30,202.000,202.000,1812.540,27.500,157.400,56.550,4.820,
0.100,5.500,8,30,239.000,239.000,1582.830,27.500,228.400,51.280,4.900,
0.100,5.500,9,30,243.000,243.000,2018.970,27.500,172.600,54.940,5.190,
0.100,6.000,0,30,153.000,153.000,2108.850,30.000,142.600,43.010,5.120,
0.100,6.000,1,30,236.000,236.000,1831.830,30.000,206.900,67.620,4.990,
0.100,6.000,2,30,246.000,246.000,1691.680,30.000,237.500,59.140,4.800,
0.100,6.000,3,30,340.000,340.000,1948.470,30.000,254.000,74.940,5.070,
0.100,6.000,4,30,276.000,276.000,1814.000,30.000,211.200,67.510,4.990,
0.100,6.000,5,30,257.000,257.000,2060.670,30.000,187.100,77.310,5.290,
0.100,6.000,6,30,292.000,292.000,1963.830,30.000,281.500,69.760,5.160,
0.100,6.000,7,30,201.000,201.000,1838.670,30.000,162.300,62.570,4.890,
0.100,6.000,8,30,249.000,249.000,1544.820,30.000,238.300,57.730,4.860,
0.100,6.000,9,30,269.000,269.000,1976.390,30.000,181.600,64.160,5.170,
0.100,6.500,0,30,163.000,163.000,2098.020,32.500,152.600,48.020,5.150,
0.100,6.500,1,30,280.000,280.000,1893.420,32.500,217.800,72.090,5.070,
0.100,6.500,2,30,281.000,281.000,1691.680,32.500,272.200,63.740,4.710,
0.100,6.500,3,30,371.000,371.000,1899.460,32.500,277.600,79.940,5.190,
0.100,6.500,4,30,280.000,280.000,1871.860,32.500,214.600,67.740,5.150,
0.100,6.500,5,30,326.000,326.000,2085.880,32.500,192.500,84.130,5.360,
0.100,6.500,6,30,306.000,306.000,1962.040,32.500,295.200,70.160,5.130,
0.100,6.500,7,30,223.000,223.000,1838.670,32.500,173.300,64.150,4.940,
0.100,6.500,8,30,258.000,258.000,1565.650,32.500,247.300,65.160,4.850,
0.100,6.500,9,30,248.000,248.000,1928.950,32.500,179.200,65.060,5.050,
0.100,7.000,0,30,193.000,193.000,2098.020,35.000,160.400,52.650,5.170,
0.100,7.000,1,30,284.000,284.000,1835.620,35.000,232.800,78.010,4.810,
0.100,7.000,2,30,295.000,295.000,1708.700,35.000,286.700,62.490,4.750,
0.100,7.000,3,30,396.000,396.000,1899.460,35.000,298.400,82.720,5.270,
0.100,7.000,4,30,298.000,298.000,1871.860,35.000,231.900,69.620,5.110,
0.100,7.000,5,30,257.000,257.000,2108.480,35.000,197.100,78.810,5.330,
0.100,7.000,6,30,331.000,331.000,2030.370,35.000,320.600,72.390,5.200,
0.100,7.000,7,30,241.000,241.000,1844.460,35.000,178.900,64.960,4.880,
0.100,7.000,8,30,266.000,266.000,1601.950,35.000,255.100,74.830,4.850,
0.100,7.000,9,30,253.000,253.000,1981.180,35.000,184.000,66.210,5.050,
0.110,3.000,0,30,130.000,130.000,2144.340,15.000,94.200,28.710,5.170,
0.110,3.000,1,30,157.000,157.000,1806.830,15.000,140.500,49.060,4.790,
0.110,3.000,2,30,128.000,128.000,1738.260,15.000,96.200,36.670,4.850,
0.110,3.000,3,30,171.000,171.000,1830.670,15.000,106.600,40.020,4.990,
0.110,3.000,4,30,174.000,174.000,1777.090,15.000,122.700,38.020,5.010,
0.110,3.000,5,30,207.000,207.000,2059.890,15.000,142.400,49.960,5.290,
0.110,3.000,6,30,193.000,193.000,1915.210,15.000,159.200,37.060,5.090,
0.110,3.000,7,30,142.000,142.000,1841.110,15.000,133.200,43.160,4.830,
0.110,3.000,8,30,184.000,184.000,1515.310,15.000,173.600,34.950,4.660,
0.110,3.000,9,30,145.000,145.000,1899.360,15.000,109.300,38.850,4.710,
0.110,3.500,0,30,144.000,144.000,2151.570,17.500,115.400,32.670,5.170,
0.110,3.500,1,30,180.000,180.000,1771.380,17.500,163.600,51.840,4.900,
0.110,3.500,2,30,195.000,195.000,1790.480,17.500,127.400,39.920,4.910,
0.110,3.500,3,30,198.000,198.000,1829.210,17.500,140.700,50.040,5.050,
0.110,3.500,4,30,196.000,196.000,1774.280,17.500,136.200,46.460,5.020,
0.110,3.500,5,30,230.000,230.000,2049.660,17.500,153.900,57.970,5.280,
0.110,3.500,6,30,222.000,222.000,1861.700,17.500,185.700,51.830,5.060,
0.110,3.500,7,30,162.000,162.000,1841.110,17.500,144.200,47.650,4.770,
0.110,3.500,8,30,206.000,206.000,1537.000,17.500,195.600,39.290,4.640,
0.110,3.500,9,30,173.000,173.000,1924.680,17.500,121.400,44.530,5.040,
0.110,4.000,0,30,190.000,190.000,2168.400,20.000,122.200,38.380,5.350,
0.110,4.000,1,30,193.000,193.000,1826.420,20.000,175.200,58.670,5.040,
0.110,4.000,2,30,201.000,201.000,1791.040,20.000,132.400,45.520,4.960,
0.110,4.000,3,30,224.000,224.000,1897.840,20.000,150.100,55.960,5.190,
0.110,4.000,4,30,248.000,248.000,1828.490,20.000,186.900,56.260,5.160,
0.110,4.000,5,30,236.000,236.000,2070.240,20.000,159.400,65.610,5.330,
0.110,4.000,6,30,260.000,260.000,1953.590,20.000,196.600,61.720,5.170,
0.110,4.000,7,30,170.000,170.000,1800.390,20.000,153.000,48.500,4.690,
0.110,4.000,8,30,225.000,225.000,1557.710,20.000,214.400,49.020,4.620,
0.110,4.000,9,30,185.000,185.000,1936.740,20.000,132.100,47.230,5.070,
0.110,4.500,0,30,199.000,199.000,2166.430,22.500,139.900,40.340,5.330,
0.110,4.500,1,30,208.000,208.000,1844.240,22.500,190.400,63.040,5.050,
0.110,4.500,2,30,244.000,244.000,1747.150,22.500,214.500,55.110,4.920,
0.110,4.500,3,30,323.000,323.000,1835.330,22.500,220.800,67.390,5.160,
0.110,4.500,4,30,257.000,257.000,1786.740,22.500,193.100,57.620,5.110,
0.110,4.500,5,30,243.000,243.000,1941.030,22.500,183.600,74.130,5.180,
0.110,4.500,6,30,287.000,287.000,1952.510,22.500,222.400,71.160,4.910,
0.110,4.500,7,30,195.000,195.000,1855.650,22.500,159.100,55.310,4.870,
0.110,4.500,8,30,236.000,236.000,1577.920,22.500,225.300,50.620,5.140,
0.110,4.500,9,30,196.000,196.000,1874.850,22.500,149.300,55.750,5.340,
0.110,5.000,0,30,162.000,162.000,2159.250,25.000,151.400,40.450,5.450,
0.110,5.000,1,30,239.000,239.000,1852.750,25.000,204.000,68.710,5.280,
0.110,5.000,2,30,243.000,243.000,1762.320,25.000,234.300,58.960,5.070,
0.110,5.000,3,30,237.000,237.000,1881.630,25.000,189.500,58.410,5.310,
0.110,5.000,4,30,262.000,262.000,1845.630,25.000,196.100,60.780,5.130,
0.110,5.000,5,30,309.000,309.000,1969.320,25.000,191.700,83.330,5.000,
0.110,5.000,6,30,280.000,280.000,2002.930,25.000,240.100,70.590,5.100,
0.110,5.000,7,30,199.000,199.000,1901.560,25.000,173.000,60.740,4.980,
0.110,5.000,8,30,247.000,247.000,1596.390,25.000,236.600,55.260,4.940,
0.110,5.000,9,30,206.000,206.000,1948.440,25.000,163.900,58.230,5.220,
0.110,5.500,0,30,183.000,183.000,2041.580,27.500,161.800,50.390,5.290,
0.110,5.500,1,30,240.000,240.000,1880.850,27.500,215.000,72.730,5.200,
0.110,5.500,2,30,282.000,282.000,1691.680,27.500,273.500,63.730,4.950,
0.110,5.500,3,30,256.000,256.000,1919.200,27.500,200.100,68.110,5.320,
0.110,5.500,4,30,295.000,295.000,1814.000,27.500,210.200,74.060,4.940,
0.110,5.500,5,30,326.000,326.000,1969.320,27.500,198.700,85.570,5.150,
0.110,5.500,6,30,299.000,299.000,1972.200,27.500,288.200,75.800,5.190,
0.110,5.500,7,30,218.000,218.000,1901.270,27.500,178.000,63.360,5.040,
0.110,5.500,8,30,267.000,267.000,1435.060,27.500,247.300,66.960,4.900,
0.110,5.500,9,30,258.000,258.000,1948.440,27.500,197.500,70.210,5.200,
0.110,6.000,0,30,191.000,191.000,2147.310,30.000,165.600,51.560,5.360,
0.110,6.000,1,30,238.000,238.000,1821.420,30.000,227.100,76.650,5.060,
0.110,6.000,2,30,302.000,302.000,1691.680,30.000,293.400,66.610,4.850,
0.110,6.000,3,30,373.000,373.000,1917.560,30.000,286.600,81.730,5.110,
0.110,6.000,4,30,365.000,365.000,1830.390,30.000,286.100,87.840,4.990,
0.110,6.000,5,30,354.000,354.000,2036.530,30.000,206.400,96.850,5.480,
0.110,6.000,6,30,316.000,316.000,1949.400,30.000,305.500,82.670,5.280,
0.110,6.000,7,30,265.000,265.000,1821.690,30.000,256.600,70.980,4.990,
0.110,6.000,8,30,267.000,267.000,1467.570,30.000,256.400,75.900,5.020,
0.110,6.000,9,30,373.000,373.000,1968.820,30.000,285.100,76.750,5.380,
0.110,6.500,0,30,212.000,212.000,2077.920,32.500,168.700,58.440,5.380,
0.110,6.500,1,30,282.000,282.000,1873.400,32.500,241.200,85.040,5.240,
0.110,6.500,2,30,313.000,313.000,1691.680,32.500,305.000,69.620,4.910,
0.110,6.500,3,30,396.000,396.000,1899.460,32.500,302.900,86.220,5.980,
0.110,6.500,4,30,378.000,378.000,1861.580,32.500,299.300,87.750,5.610,
0.110,6.500,5,30,360.000,360.000,1973.930,32.500,217.000,101.500,5.750,
0.110,6.500,6,30,341.000,341.000,1971.180,32.500,330.800,88.160,5.650,
0.110,6.500,7,30,271.000,271.000,1790.870,32.500,262.500,71.440,5.260,
0.110,6.500,8,30,336.000,336.000,1542.960,32.500,265.100,103.650,5.160,
0.110,6.500,9,30,352.000,352.000,1928.950,32.500,299.100,81.210,5.300,
0.110,7.000,0,30,218.000,218.000,2132.580,35.000,173.800,64.230,5.450,
0.110,7.000,1,30,315.000,315.000,1823.660,35.000,305.000,92.160,5.260,
0.110,7.000,2,30,341.000,341.000,1668.870,35.000,315.500,80.560,4.700,
0.110,7.000,3,30,421.000,421.000,1873.040,35.000,323.200,90.110,5.430,
0.110,7.000,4,30,391.000,391.000,1908.640,35.000,312.000,90.060,5.260,
0.110,7.000,5,30,391.000,391.000,1993.220,35.000,347.400,122.430,5.460,
0.110,7.000,6,30,356.000,356.000,2026.240,35.000,345.600,93.800,5.320,
0.110,7.000,7,30,284.000,284.000,1767.680,35.000,275.700,76.120,4.920,
0.110,7.000,8,30,349.000,349.000,1531.310,35.000,277.800,105.040,5.020,
0.110,7.000,9,30,271.000,271.000,1918.290,35.000,199.400,74.850,5.140,
0.120,3.000,0,30,147.000,147.000,2144.300,15.000,115.200,32.620,5.310,
0.120,3.000,1,30,174.000,174.000,1746.530,15.000,163.300,56.080,4.830,
0.120,3.000,2,30,148.000,148.000,1741.110,15.000,114.700,44.490,4.950,
0.120,3.000,3,30,214.000,214.000,1760.140,15.000,133.700,54.850,5.040,
0.120,3.000,4,30,147.000,147.000,1742.440,15.000,135.100,41.060,5.030,
0.120,3.000,5,30,229.000,229.000,2052.880,15.000,159.900,56.990,5.360,
0.120,3.000,6,30,216.000,216.000,1849.660,15.000,179.500,55.140,5.160,
0.120,3.000,7,30,173.000,173.000,1858.210,15.000,147.500,50.750,4.960,
0.120,3.000,8,30,205.000,205.000,1520.530,15.000,194.300,45.100,4.840,
0.120,3.000,9,30,174.000,174.000,1857.010,15.000,120.000,46.640,4.930,
0.120,3.500,0,30,191.000,191.000,2144.300,17.500,131.200,39.980,5.180,
0.120,3.500,1,30,188.000,188.000,1816.620,17.500,176.800,60.550,5.090,
0.120,3.500,2,30,213.000,213.000,1790.480,17.500,189.600,49.320,4.980,
0.120,3.500,3,30,214.000,214.000,1821.320,17.500,151.700,57.630,5.150,
0.120,3.500,4,30,177.000,177.000,1775.910,17.500,150.300,48.350,5.070,
0.120,3.500,5,30,244.000,244.000,2057.210,17.500,162.900,67.790,5.380,
0.120,3.500,6,30,234.000,234.000,1928.720,17.500,203.800,64.170,5.240,
0.120,3.500,7,30,198.000,198.000,1886.140,17.500,156.400,53.960,4.990,
0.120,3.500,8,30,227.000,227.000,1522.100,17.500,216.100,47.270,4.770,
0.120,3.500,9,30,193.000,193.000,1903.910,17.500,132.400,49.840,4.900,
0.120,4.000,0,30,258.000,258.000,2168.400,20.000,188.400,47.500,5.450,
0.120,4.000,1,30,242.000,242.000,1904.200,20.000,195.100,66.390,5.230,
0.120,4.000,2,30,234.000,234.000,1772.670,20.000,216.900,63.790,5.050,
0.120,4.000,3,30,314.000,314.000,1828.060,20.000,220.700,66.560,5.250,
0.120,4.000,4,30,256.000,256.000,1816.300,20.000,190.300,60.420,5.200,
0.120,4.000,5,30,319.000,319.000,1951.170,20.000,189.700,83.540,5.290,
0.120,4.000,6,30,283.000,283.000,1976.560,20.000,224.400,67.310,5.260,
0.120,4.000,7,30,196.000,196.000,1777.330,20.000,172.600,59.050,4.970,
0.120,4.000,8,30,239.000,239.000,1517.700,20.000,228.500,62.840,4.570,
0.120,4.000,9,30,200.000,200.000,1888.800,20.000,151.900,58.940,5.180,
0.120,4.500,0,30,273.000,273.000,2166.430,22.500,197.100,52.880,5.450,
0.120,4.500,1,30,220.000,220.000,1817.500,22.500,207.600,72.030,5.130,
0.120,4.500,2,30,257.000,257.000,1665.860,22.500,239.500,67.500,5.010,
0.120,4.500,3,30,353.000,353.000,1815.010,22.500,250.200,76.760,5.260,
0.120,4.500,4,30,298.000,298.000,1842.390,22.500,197.900,68.660,5.300,
0.120,4.500,5,30,340.000,340.000,2005.290,22.500,198.800,89.330,5.380,
0.120,4.500,6,30,287.000,287.000,2003.240,22.500,275.800,76.480,5.340,
0.120,4.500,7,30,253.000,253.000,1879.480,22.500,244.800,65.130,4.770,
0.120,4.500,8,30,266.000,266.000,1534.210,22.500,243.000,66.240,4.990,
0.120,4.500,9,30,345.000,345.000,1869.440,22.500,257.300,73.690,5.280,
0.120,5.000,0,30,279.000,279.000,2129.330,25.000,202.400,58.010,5.490,
0.120,5.000,1,30,247.000,247.000,1893.090,25.000,220.500,82.190,5.330,
0.120,5.000,2,30,296.000,296.000,1825.180,25.000,287.600,84.680,5.230,
0.120,5.000,3,30,379.000,379.000,1846.300,25.000,269.100,77.130,5.370,
0.120,5.000,4,30,310.000,310.000,1918.600,25.000,199.800,70.560,5.280,
0.120,5.000,5,30,367.000,367.000,1954.080,25.000,251.500,108.560,5.420,
0.120,5.000,6,30,303.000,303.000,2002.980,25.000,292.800,84.280,5.190,
0.120,5.000,7,30,268.000,268.000,1838.990,25.000,259.600,66.780,5.030,
0.120,5.000,8,30,282.000,282.000,1500.770,25.000,253.200,76.340,4.960,
0.120,5.000,9,30,273.000,273.000,1923.750,25.000,205.100,76.140,5.290,
0.120,5.500,0,30,212.000,212.000,2041.580,27.500,186.500,60.960,5.410,
0.120,5.500,1,30,261.000,261.000,1809.810,27.500,237.200,87.090,5.130,
0.120,5.500,2,30,335.000,335.000,1759.710,27.500,305.800,88.070,5.110,
0.120,5.500,3,30,281.000,281.000,1887.780,27.500,231.600,78.830,5.320,
0.120,5.500,4,30,407.000,407.000,1899.010,27.500,302.500,89.740,5.270,
0.120,5.500,5,30,382.000,382.000,1928.800,27.500,264.200,111.440,5.100,
0.120,5.500,6,30,333.000,333.000,1964.300,27.500,322.400,91.040,5.270,
0.120,5.500,7,30,334.000,334.000,1747.970,27.500,273.700,77.350,4.930,
0.120,5.500,8,30,294.000,294.000,1521.060,27.500,263.300,87.050,5.030,
0.120,5.500,9,30,277.000,277.000,1973.340,27.500,216.400,82.400,5.350,
0.120,6.000,0,30,216.000,216.000,2027.060,30.000,191.600,62.760,5.360,
0.120,6.000,1,30,312.000,312.000,1831.980,30.000,301.900,95.710,5.190,
0.120,6.000,2,30,347.000,347.000,1767.050,30.000,319.800,86.960,5.070,
0.120,6.000,3,30,398.000,398.000,1849.090,30.000,311.900,90.560,5.280,
0.120,6.000,4,30,439.000,439.000,1917.810,30.000,333.400,95.370,5.150,
0.120,6.000,5,30,380.000,380.000,1883.740,30.000,346.600,125.820,5.440,
0.120,6.000,6,30,349.000,349.000,1961.110,30.000,338.800,94.040,5.450,
0.120,6.000,7,30,377.000,377.000,1830.010,30.000,286.400,92.160,5.240,
0.120,6.000,8,30,351.000,351.000,1543.130,30.000,278.800,107.640,5.340,
0.120,6.000,9,30,364.000,364.000,1855.130,30.000,314.800,90.340,5.390,
0.120,6.500,0,30,279.000,279.000,2069.500,32.500,229.000,70.290,5.510,
0.120,6.500,1,30,326.000,326.000,1846.520,32.500,315.200,102.110,5.380,
0.120,6.500,2,30,355.000,355.000,1767.480,32.500,331.300,98.640,5.230,
0.120,6.500,3,30,419.000,419.000,1885.330,32.500,326.400,95.090,5.270,
0.120,6.500,4,30,430.000,430.000,1851.880,32.500,358.800,94.350,5.300,
0.120,6.500,5,30,438.000,438.000,1888.650,32.500,360.300,134.590,5.330,
0.120,6.500,6,30,368.000,368.000,1971.180,32.500,357.200,99.980,5.380,
0.120,6.500,7,30,402.000,402.000,1862.610,32.500,299.000,95.240,5.190,
0.120,6.500,8,30,443.000,443.000,1561.560,32.500,432.700,117.110,5.200,
0.120,6.500,9,30,380.000,380.000,1855.130,32.500,327.100,95.220,5.280,
0.120,7.000,0,30,292.000,292.000,2069.500,35.000,239.300,72.190,5.370,
0.120,7.000,1,30,336.000,336.000,1774.970,35.000,326.000,112.600,5.190,
0.120,7.000,2,30,379.000,379.000,1713.340,35.000,370.500,113.480,4.970,
0.120,7.000,3,30,449.000,449.000,1848.420,35.000,352.800,98.220,5.280,
0.120,7.000,4,30,453.000,453.000,1839.610,35.000,382.400,99.770,5.260,
0.120,7.000,5,30,479.000,479.000,2097.870,35.000,378.400,144.570,5.650,
0.120,7.000,6,30,475.000,475.000,1947.190,35.000,389.600,122.170,5.410,
0.120,7.000,7,30,375.000,375.000,1799.520,35.000,307.300,107.260,5.120,
0.120,7.000,8,30,472.000,472.000,1537.230,35.000,462.000,126.120,5.110,
0.120,7.000,9,30,397.000,397.000,1855.130,35.000,342.400,101.340,5.250,
0.130,3.000,0,30,172.000,172.000,2120.220,15.000,136.300,40.810,5.300,
0.130,3.000,1,30,195.000,195.000,1746.530,15.000,175.700,63.790,5.040,
0.130,3.000,2,30,235.000,235.000,1799.430,15.000,186.100,62.130,5.020,
0.130,3.000,3,30,227.000,227.000,1811.350,15.000,151.500,55.750,5.130,
0.130,3.000,4,30,242.000,242.000,1742.440,15.000,178.300,52.420,5.120,
0.130,3.000,5,30,241.000,241.000,2107.500,15.000,176.900,67.920,5.530,
0.130,3.000,6,30,239.000,239.000,1977.600,15.000,193.400,63.820,5.400,
0.130,3.000,7,30,193.000,193.000,1874.640,15.000,157.700,58.250,5.050,
0.130,3.000,8,30,225.000,225.000,1527.420,15.000,214.800,51.750,4.960,
0.130,3.000,9,30,193.000,193.000,1918.280,15.000,130.400,56.070,5.320,
0.130,3.500,0,30,254.000,254.000,2098.500,17.500,189.000,52.340,5.330,
0.130,3.500,1,30,207.000,207.000,1759.220,17.500,196.200,70.620,5.000,
0.130,3.500,2,30,245.000,245.000,1742.070,17.500,216.500,71.680,4.940,
0.130,3.500,3,30,229.000,229.000,1858.470,17.500,177.500,66.400,5.340,
0.130,3.500,4,30,294.000,294.000,1870.450,17.500,190.500,73.650,5.390,
0.130,3.500,5,30,271.000,271.000,2059.330,17.500,193.700,81.550,5.540,
0.130,3.500,6,30,249.000,249.000,1929.590,17.500,223.200,72.530,5.370,
0.130,3.500,7,30,188.000,188.000,1815.800,17.500,176.200,67.100,5.060,
0.130,3.500,8,30,257.000,257.000,1526.500,17.500,229.900,65.210,5.010,
0.130,3.500,9,30,237.000,237.000,1892.170,17.500,155.600,59.550,5.240,
0.130,4.000,0,30,271.000,271.000,2180.830,20.000,201.200,61.620,5.260,
0.130,4.000,1,30,243.000,243.000,1830.100,20.000,209.200,74.920,4.910,
0.130,4.000,2,30,261.000,261.000,1742.070,20.000,252.600,77.930,5.010,
0.130,4.000,3,30,341.000,341.000,1851.700,20.000,248.000,80.360,5.260,
0.130,4.000,4,30,360.000,360.000,1860.570,20.000,253.900,80.360,5.310,
0.130,4.000,5,30,350.000,350.000,2033.980,20.000,246.300,107.330,5.430,
0.130,4.000,6,30,286.000,286.000,1985.930,20.000,274.500,84.090,5.320,
0.130,4.000,7,30,265.000,265.000,1788.210,20.000,256.200,73.880,4.980,
0.130,4.000,8,30,276.000,276.000,1539.690,20.000,245.900,71.590,4.940,
0.130,4.000,9,30,270.000,270.000,1892.170,20.000,192.500,73.650,5.300,
0.130,4.500,0,30,284.000,284.000,2141.780,22.500,208.900,67.150,5.480,
0.130,4.500,1,30,301.000,301.000,1852.720,22.500,258.900,83.670,5.410,
0.130,4.500,2,30,307.000,307.000,1704.380,22.500,298.800,84.160,5.250,
0.130,4.500,3,30,384.000,384.000,1845.280,22.500,281.500,93.320,5.590,
0.130,4.500,4,30,395.000,395.000,1882.130,22.500,285.400,85.900,5.580,
0.130,4.500,5,30,427.000,427.000,2022.220,22.500,261.600,120.870,5.680,
0.130,4.500,6,30,424.000,424.000,1970.320,22.500,293.600,98.270,5.590,
0.130,4.500,7,30,357.000,357.000,1759.140,22.500,272.900,91.110,5.240,
0.130,4.500,8,30,291.000,291.000,1516.940,22.500,257.800,78.390,5.190,
0.130,4.500,9,30,277.000,277.000,1817.860,22.500,209.800,80.900,5.460,
0.130,5.000,0,30,299.000,299.000,2076.910,25.000,222.000,69.920,5.750,
0.130,5.000,1,30,307.000,307.000,1885.930,25.000,263.900,99.050,5.590,
0.130,5.000,2,30,353.000,353.000,1705.010,25.000,316.200,96.520,5.300,
0.130,5.000,3,30,401.000,401.000,1864.800,25.000,290.400,98.900,5.620,
0.130,5.000,4,30,434.000,434.000,1928.690,25.000,324.200,94.880,5.550,
0.130,5.000,5,30,357.000,357.000,1946.180,25.000,315.100,119.260,5.540,
0.130,5.000,6,30,453.000,453.000,1929.980,25.000,325.100,112.110,5.470,
0.130,5.000,7,30,370.000,370.000,1749.560,25.000,288.600,96.510,5.240,
0.130,5.000,8,30,308.000,308.000,1629.910,25.000,274.600,110.930,5.370,
0.130,5.000,9,30,352.000,352.000,1840.540,25.000,307.100,96.450,5.330,
0.130,5.500,0,30,336.000,336.000,2080.190,27.500,240.600,78.790,5.520,
0.130,5.500,1,30,319.000,319.000,1811.040,27.500,308.400,107.060,5.330,
0.130,5.500,2,30,360.000,360.000,1775.410,27.500,331.400,104.300,5.180,
0.130,5.500,3,30,402.000,402.000,1839.710,27.500,318.800,113.950,5.270,
0.130,5.500,4,30,454.000,454.000,1886.350,27.500,342.800,104.820,5.330,
0.130,5.500,5,30,460.000,460.000,1969.190,27.500,353.900,127.880,5.390,
0.130,5.500,6,30,358.000,358.000,2006.080,27.500,343.500,120.670,5.320,
0.130,5.500,7,30,399.000,399.000,1784.880,27.500,302.100,120.690,4.960,
0.130,5.500,8,30,446.000,446.000,1545.870,27.500,423.100,126.080,5.280,
0.130,5.500,9,30,374.000,374.000,1837.720,27.500,326.400,95.540,5.330,
0.130,6.000,0,30,375.000,375.000,2017.940,30.000,277.500,83.610,5.500,
0.130,6.000,1,30,333.000,333.000,1838.060,30.000,322.600,108.340,5.340,
0.130,6.000,2,30,379.000,379.000,1758.400,30.000,370.600,101.870,5.280,
0.130,6.000,3,30,419.000,419.000,1885.790,30.000,333.000,113.370,5.510,
0.130,6.000,4,30,475.000,475.000,1893.320,30.000,361.500,120.070,5.420,
0.130,6.000,5,30,489.000,489.000,1958.260,30.000,374.400,152.150,5.630,
0.130,6.000,6,30,374.000,374.000,1950.800,30.000,363.700,112.630,5.510,
0.130,6.000,7,30,406.000,406.000,1823.390,30.000,311.200,132.910,5.450,
0.130,6.000,8,30,466.000,466.000,1558.180,30.000,455.700,127.140,5.340,
0.130,6.000,9,30,393.000,393.000,1885.040,30.000,343.200,108.030,5.420,
0.130,6.500,0,30,392.000,392.000,2062.290,32.500,293.500,88.420,5.510,
0.130,6.500,1,30,353.000,353.000,1806.340,32.500,342.200,122.120,5.390,
0.130,6.500,2,30,466.000,466.000,1737.070,32.500,455.300,129.960,5.400,
0.130,6.500,3,30,447.000,447.000,1811.220,32.500,354.200,120.560,5.530,
0.130,6.500,4,30,576.000,576.000,1923.650,32.500,460.100,131.550,5.460,
0.130,6.500,5,30,507.000,507.000,1986.640,32.500,392.000,163.930,5.630,
0.130,6.500,6,30,486.000,486.000,1962.920,32.500,398.000,129.200,5.520,
0.130,6.500,7,30,462.000,462.000,1808.330,32.500,322.000,143.820,5.300,
0.130,6.500,8,30,511.000,511.000,1514.420,32.500,500.300,133.740,5.200,
0.130,6.500,9,30,425.000,425.000,1837.720,32.500,372.300,119.100,5.290,
0.130,7.000,0,30,391.000,391.000,2135.670,35.000,292.400,90.920,5.500,
0.130,7.000,1,30,446.000,446.000,1836.370,35.000,359.200,134.160,5.330,
0.130,7.000,2,30,536.000,536.000,1701.050,35.000,527.900,144.660,5.210,
0.130,7.000,3,30,494.000,494.000,1750.870,35.000,396.100,144.360,5.100,
0.130,7.000,4,30,519.000,519.000,1858.840,35.000,388.800,145.690,5.320,
0.130,7.000,5,30,515.000,515.000,1978.360,35.000,429.600,168.520,5.440,
0.130,7.000,6,30,534.000,534.000,1911.600,35.000,428.400,143.220,5.370,
0.130,7.000,7,30,475.000,475.000,1808.330,35.000,329.300,148.000,5.120,
0.130,7.000,8,30,631.000,631.000,1501.410,35.000,520.300,151.740,5.130,
0.130,7.000,9,30,434.000,434.000,1837.720,35.000,380.000,120.080,5.150,
0.140,3.000,0,30,177.000,177.000,2073.980,15.000,153.900,48.440,5.200,
0.140,3.000,1,30,212.000,212.000,1862.870,15.000,191.400,74.190,5.050,
0.140,3.000,2,30,226.000,226.000,1725.730,15.000,200.800,68.540,4.680,
0.140,3.000,3,30,300.000,300.000,1814.430,15.000,201.900,75.960,5.070,
0.140,3.000,4,30,199.000,199.000,1738.780,15.000,164.600,56.420,4.950,
0.140,3.000,5,30,320.000,320.000,2121.920,15.000,196.700,85.210,5.420,
0.140,3.000,6,30,264.000,264.000,1935.700,15.000,218.600,73.920,5.260,
0.140,3.000,7,30,289.000,289.000,1734.900,15.000,191.900,71.330,4.830,
0.140,3.000,8,30,259.000,259.000,1561.760,15.000,227.300,69.600,4.930,
0.140,3.000,9,30,237.000,237.000,1879.530,15.000,157.300,60.650,5.020,
0.140,3.500,0,30,267.000,267.000,2098.500,17.500,202.000,59.150,5.170,
0.140,3.500,1,30,288.000,288.000,1803.660,17.500,208.900,85.230,4.910,
0.140,3.500,2,30,267.000,267.000,1747.190,17.500,240.300,80.070,4.790,
0.140,3.500,3,30,325.000,325.000,1852.760,17.500,233.300,90.730,5.090,
0.140,3.500,4,30,359.000,359.000,1792.970,17.500,250.600,81.720,5.080,
0.140,3.500,5,30,360.000,360.000,2014.360,17.500,249.900,103.020,5.300,
0.140,3.500,6,30,280.000,280.000,1828.620,17.500,269.500,83.950,5.060,
0.140,3.500,7,30,300.000,300.000,1748.720,17.500,259.200,87.910,4.860,
0.140,3.500,8,30,282.000,282.000,1511.900,17.500,246.400,77.570,4.910,
0.140,3.500,9,30,294.000,294.000,1756.560,17.500,205.000,77.950,4.890,
0.140,4.000,0,30,282.000,282.000,2180.830,20.000,212.200,75.510,5.180,
0.140,4.000,1,30,294.000,294.000,1842.590,20.000,224.500,92.760,4.980,
0.140,4.000,2,30,310.000,310.000,1720.820,20.000,301.400,85.000,5.000,
0.140,4.000,3,30,371.000,371.000,1772.010,20.000,277.400,98.220,5.120,
0.140,4.000,4,30,401.000,401.000,1850.390,20.000,287.700,96.580,5.320,
0.140,4.000,5,30,429.000,429.000,1964.990,20.000,266.600,123.400,5.320,
0.140,4.000,6,30,422.000,422.000,1828.620,20.000,291.300,111.690,5.190,
0.140,4.000,7,30,366.000,366.000,1870.860,20.000,279.000,96.710,4.980,
0.140,4.000,8,30,300.000,300.000,1606.650,20.000,259.900,81.110,4.910,
0.140,4.000,9,30,311.000,311.000,1764.730,20.000,219.900,93.230,4.810,
0.140,4.500,0,30,302.000,302.000,2110.970,22.500,228.500,63.690,5.110,
0.140,4.500,1,30,312.000,312.000,1823.250,22.500,287.100,100.460,5.090,
0.140,4.500,2,30,331.000,331.000,1704.380,22.500,322.200,103.380,4.950,
0.140,4.500,3,30,407.000,407.000,1771.860,22.500,303.000,110.810,5.060,
0.140,4.500,4,30,354.000,354.000,1789.860,22.500,268.800,93.060,5.200,
0.140,4.500,5,30,455.000,455.000,1935.670,22.500,341.600,142.430,5.280,
0.140,4.500,6,30,455.000,455.000,1827.970,22.500,324.900,121.870,5.130,
0.140,4.500,7,30,387.000,387.000,1773.770,22.500,296.500,118.480,4.950,
0.140,4.500,8,30,316.000,316.000,1557.160,22.500,279.900,97.040,4.780,
0.140,4.500,9,30,352.000,352.000,1817.860,22.500,309.600,94.680,4.840,
0.140,5.000,0,30,385.000,385.000,2126.990,25.000,286.900,86.110,5.450,
0.140,5.000,1,30,325.000,325.000,1847.590,25.000,311.400,114.030,5.100,
0.140,5.000,2,30,373.000,373.000,1742.130,25.000,364.100,116.980,5.000,
0.140,5.000,3,30,397.000,397.000,1801.940,25.000,319.300,116.130,5.190,
0.140,5.000,4,30,364.000,364.000,1879.150,25.000,335.600,110.500,5.200,
0.140,5.000,5,30,479.000,479.000,1994.320,25.000,360.500,154.410,5.400,
0.140,5.000,6,30,359.000,359.000,1924.830,25.000,345.200,127.740,5.210,
0.140,5.000,7,30,401.000,401.000,1772.300,25.000,310.000,123.870,5.020,
0.140,5.000,8,30,437.000,437.000,1640.500,25.000,426.900,120.690,5.050,
0.140,5.000,9,30,383.000,383.000,1659.270,25.000,333.500,112.300,4.980,
0.140,5.500,0,30,387.000,387.000,2087.680,27.500,286.400,91.440,5.420,
0.140,5.500,1,30,344.000,344.000,1895.360,27.500,326.500,121.720,5.250,
0.140,5.500,2,30,563.000,563.000,1772.640,27.500,436.600,146.120,5.320,
0.140,5.500,3,30,422.000,422.000,1830.060,27.500,338.700,135.580,5.240,
0.140,5.500,4,30,537.000,537.000,1926.140,27.500,364.200,135.910,5.440,
0.140,5.500,5,30,509.000,509.000,2009.240,27.500,384.400,174.180,5.510,
0.140,5.500,6,30,423.000,423.000,1924.830,27.500,374.400,135.530,5.180,
0.140,5.500,7,30,449.000,449.000,1772.300,27.500,323.100,130.800,4.990,
0.140,5.500,8,30,522.000,522.000,1502.980,27.500,465.200,149.170,5.170,
0.140,5.500,9,30,400.000,400.000,1659.270,27.500,352.800,117.190,5.110,
0.140,6.000,0,30,321.000,321.000,2092.600,30.000,274.000,81.580,5.500,
0.140,6.000,1,30,365.000,365.000,1873.830,30.000,354.900,128.170,5.330,
0.140,6.000,2,30,594.000,594.000,1630.270,30.000,518.600,154.050,5.190,
0.140,6.000,3,30,448.000,448.000,1830.060,30.000,360.800,140.520,5.280,
0.140,6.000,4,30,572.000,572.000,1929.970,30.000,394.000,152.990,5.460,
0.140,6.000,5,30,516.000,516.000,1993.750,30.000,399.700,178.640,5.260,
0.140,6.000,6,30,501.000,501.000,1832.840,30.000,405.900,141.430,5.140,
0.140,6.000,7,30,483.000,483.000,1714.880,30.000,332.700,152.280,5.040,
0.140,6.000,8,30,554.000,554.000,1501.640,30.000,511.700,159.990,5.160,
0.140,6.000,9,30,429.000,429.000,1717.340,30.000,379.100,126.090,5.210,
0.140,6.500,0,30,461.000,461.000,1991.710,32.500,332.500,106.890,5.410,
0.140,6.500,1,30,482.000,482.000,1838.400,32.500,374.000,163.050,5.400,
0.140,6.500,2,30,618.000,618.000,1698.320,32.500,541.400,168.720,5.220,
0.140,6.500,3,30,502.000,502.000,1776.210,32.500,398.900,144.610,5.170,
0.140,6.500,4,30,539.000,539.000,1872.940,32.500,415.900,175.450,5.090,
0.140,6.500,5,30,529.000,529.000,1994.510,32.500,444.200,188.000,5.390,
0.140,6.500,6,30,541.000,541.000,1996.520,32.500,435.600,153.240,5.520,
0.140,6.500,7,30,533.000,533.000,1738.560,32.500,435.600,169.850,5.190,
0.140,6.500,8,30,614.000,614.000,1474.300,32.500,530.000,183.680,5.290,
0.140,6.500,9,30,445.000,445.000,1770.940,32.500,392.800,124.680,5.230,
0.140,7.000,0,30,352.000,352.000,2111.980,35.000,343.300,108.450,5.520,
0.140,7.000,1,30,499.000,499.000,1826.410,35.000,387.800,168.020,5.350,
0.140,7.000,2,30,679.000,679.000,1698.320,35.000,670.600,178.850,5.210,
0.140,7.000,3,30,527.000,527.000,1818.200,35.000,430.000,156.160,4.860,
0.140,7.000,4,30,555.000,555.000,1780.310,35.000,438.200,174.810,5.150,
0.140,7.000,5,30,797.000,797.000,1995.920,35.000,465.200,214.050,5.540,
0.140,7.000,6,30,561.000,561.000,2029.340,35.000,463.400,166.460,5.420,
0.140,7.000,7,30,622.000,622.000,1734.380,35.000,568.300,192.150,5.140,
0.140,7.000,8,30,655.000,655.000,1472.780,35.000,563.000,192.320,5.130,
0.140,7.000,9,30,457.000,457.000,1726.710,35.000,402.400,131.860,5.010,
0.150,3.000,0,30,205.000,205.000,2080.250,15.000,166.200,56.410,5.140,
0.150,3.000,1,30,240.000,240.000,1853.240,15.000,206.200,78.010,4.990,
0.150,3.000,2,30,291.000,291.000,1627.300,15.000,233.500,84.500,4.610,
0.150,3.000,3,30,328.000,328.000,1784.190,15.000,226.700,82.880,4.940,
0.150,3.000,4,30,356.000,356.000,1793.880,15.000,243.400,76.970,4.980,
0.150,3.000,5,30,368.000,368.000,2069.010,15.000,248.800,110.830,5.280,
0.150,3.000,6,30,332.000,332.000,1918.460,15.000,232.400,84.090,5.150,
0.150,3.000,7,30,317.000,317.000,1750.000,15.000,258.400,88.670,4.770,
0.150,3.000,8,30,281.000,281.000,1531.730,15.000,244.000,90.310,4.880,
0.150,3.000,9,30,295.000,295.000,1756.560,15.000,203.400,79.710,4.920,
0.150,3.500,0,30,277.000,277.000,2090.000,17.500,213.100,67.570,5.130,
0.150,3.500,1,30,311.000,311.000,1837.690,17.500,222.200,95.750,4.940,
0.150,3.500,2,30,314.000,314.000,1681.680,17.500,299.400,91.230,4.670,
0.150,3.500,3,30,367.000,367.000,1834.530,17.500,261.700,106.330,5.100,
0.150,3.500,4,30,427.000,427.000,1823.930,17.500,284.400,105.230,5.150,
0.150,3.500,5,30,428.000,428.000,2030.020,17.500,296.400,131.880,5.450,
0.150,3.500,6,30,446.000,446.000,1960.360,17.500,284.000,115.150,5.290,
0.150,3.500,7,30,372.000,372.000,1801.620,17.500,280.700,108.220,4.970,
0.150,3.500,8,30,301.000,301.000,1588.490,17.500,259.700,102.290,5.020,
0.150,3.500,9,30,326.000,326.000,1779.080,17.500,220.200,93.870,4.980,
0.150,4.000,0,30,301.000,301.000,2078.190,20.000,231.700,84.350,5.180,
0.150,4.000,1,30,311.000,311.000,1883.910,20.000,285.200,104.490,4.850,
0.150,4.000,2,30,342.000,342.000,1634.010,20.000,326.000,111.290,4.870,
0.150,4.000,3,30,399.000,399.000,1839.390,20.000,298.700,118.340,5.120,
0.150,4.000,4,30,366.000,366.000,1823.010,20.000,266.200,99.990,5.140,
0.150,4.000,5,30,458.000,458.000,2040.760,20.000,337.500,149.880,5.460,
0.150,4.000,6,30,452.000,452.000,1904.360,20.000,321.300,130.010,5.220,
0.150,4.000,7,30,393.000,393.000,1776.840,20.000,301.800,126.480,4.970,
0.150,4.000,8,30,318.000,318.000,1574.910,20.000,282.200,106.450,4.920,
0.150,4.000,9,30,382.000,382.000,1732.770,20.000,313.200,109.680,4.980,
0.150,4.500,0,30,333.000,333.000,2116.140,22.500,259.400,83.180,4.930,
0.150,4.500,1,30,424.000,424.000,1802.580,22.500,311.300,121.100,4.970,
0.150,4.500,2,30,393.000,393.000,1634.010,22.500,367.100,129.730,4.920,
0.150,4.500,3,30,430.000,430.000,1853.070,22.500,321.600,127.210,5.170,
0.150,4.500,4,30,401.000,401.000,1823.010,22.500,334.700,114.040,5.290,
0.150,4.500,5,30,491.000,491.000,2051.600,22.500,362.500,161.890,5.410,
0.150,4.500,6,30,488.000,488.000,2000.570,22.500,343.700,144.820,5.340,
0.150,4.500,7,30,473.000,473.000,1763.000,22.500,315.000,142.380,4.960,
0.150,4.500,8,30,471.000,471.000,1625.600,22.500,427.500,130.060,5.100,
0.150,4.500,9,30,424.000,424.000,1707.110,22.500,335.500,113.980,4.760,
0.150,5.000,0,30,346.000,346.000,2076.070,25.000,268.600,90.190,5.260,
0.150,5.000,1,30,444.000,444.000,1863.930,25.000,331.500,143.440,5.280,
0.150,5.000,2,30,575.000,575.000,1630.270,25.000,437.200,153.140,5.070,
0.150,5.000,3,30,418.000,418.000,1811.730,25.000,338.900,136.800,5.270,
0.150,5.000,4,30,538.000,538.000,1838.440,25.000,384.200,139.590,5.330,
0.150,5.000,5,30,583.000,583.000,2022.360,25.000,389.500,181.480,5.640,
0.150,5.000,6,30,523.000,523.000,2000.570,25.000,377.000,154.930,5.520,
0.150,5.000,7,30,519.000,519.000,1721.310,25.000,341.900,153.820,5.170,
0.150,5.000,8,30,488.000,488.000,1560.950,25.000,473.800,153.160,5.020,
0.150,5.000,9,30,461.000,461.000,1727.710,25.000,357.700,134.560,5.200,
0.150,5.500,0,30,328.000,328.000,2064.350,27.500,281.700,102.260,5.460,
0.150,5.500,1,30,485.000,485.000,1830.400,27.500,360.200,163.860,5.290,
0.150,5.500,2,30,605.000,605.000,1674.540,27.500,525.300,172.920,5.190,
0.150,5.500,3,30,496.000,496.000,1795.760,27.500,382.800,150.670,5.200,
0.150,5.500,4,30,577.000,577.000,1780.370,27.500,414.500,164.410,5.310,
0.150,5.500,5,30,526.000,526.000,1893.240,27.500,431.400,199.620,5.370,
0.150,5.500,6,30,446.000,446.000,1986.030,27.500,411.600,157.540,5.350,
0.150,5.500,7,30,528.000,528.000,1720.440,27.500,411.500,171.540,5.000,
0.150,5.500,8,30,557.000,557.000,1471.670,27.500,518.700,168.180,4.960,
0.150,5.500,9,30,488.000,488.000,1727.710,27.500,387.000,139.280,5.110,
0.150,6.000,0,30,479.000,479.000,2106.180,30.000,374.000,125.100,5.530,
0.150,6.000,1,30,607.000,607.000,1864.870,30.000,382.100,181.110,5.260,
0.150,6.000,2,30,627.000,627.000,1668.720,30.000,589.400,177.780,5.130,
0.150,6.000,3,30,572.000,572.000,1806.150,30.000,404.300,168.720,5.110,
0.150,6.000,4,30,579.000,579.000,1879.320,30.000,428.200,200.040,5.350,
0.150,6.000,5,30,664.000,664.000,1939.030,30.000,455.000,218.940,5.300,
0.150,6.000,6,30,551.000,551.000,1910.280,30.000,438.800,159.100,5.190,
0.150,6.000,7,30,620.000,620.000,1725.100,30.000,558.200,187.800,4.910,
0.150,6.000,8,30,578.000,578.000,1471.270,30.000,552.800,189.150,5.010,
0.150,6.000,9,30,503.000,503.000,1774.880,30.000,399.500,149.280,5.190,
0.150,6.500,0,30,596.000,596.000,1999.480,32.500,459.500,149.620,5.330,
0.150,6.500,1,30,610.000,610.000,1784.220,32.500,397.500,203.910,5.280,
0.150,6.500,2,30,689.000,689.000,1722.030,32.500,680.200,189.050,5.180,
0.150,6.500,3,30,584.000,584.000,1883.410,32.500,430.000,184.860,5.200,
0.150,6.500,4,30,677.000,677.000,1816.290,32.500,477.800,219.050,5.310,
0.150,6.500,5,30,807.000,807.000,1887.860,32.500,474.100,236.580,5.390,
0.150,6.500,6,30,668.000,668.000,2001.780,32.500,470.300,183.800,5.430,
0.150,6.500,7,30,642.000,642.000,1794.040,32.500,581.000,210.590,5.070,
0.150,6.500,8,30,677.000,677.000,1458.760,32.500,573.400,190.260,5.070,
0.150,6.500,9,30,468.000,468.000,1742.700,32.500,415.400,151.710,5.130,
0.150,7.000,0,30,618.000,618.000,2084.430,35.000,476.600,168.150,5.490,
0.150,7.000,1,30,653.000,653.000,1773.400,35.000,411.200,210.970,5.250,
0.150,7.000,2,30,718.000,718.000,1688.240,35.000,709.600,199.080,5.130,
0.150,7.000,3,30,689.000,689.000,1720.990,35.000,474.800,195.130,5.070,
0.150,7.000,4,30,652.000,652.000,1763.720,35.000,585.800,225.370,5.220,
0.150,7.000,5,30,858.000,858.000,1969.690,35.000,505.500,240.970,5.480,
0.150,7.000,6,30,701.000,701.000,2013.210,35.000,490.600,199.400,5.450,
0.150,7.000,7,30,671.000,671.000,1815.000,35.000,610.200,223.980,5.310,
0.150,7.000,8,30,633.000,633.000,1483.840,35.000,595.800,207.070,5.190,
0.150,7.000,9,30,521.000,521.000,1829.420,35.000,466.300,158.660,5.210,
0.160,3.000,0,30,234.000,234.000,2080.720,15.000,189.800,63.400,5.210,
0.160,3.000,1,30,253.000,253.000,1827.580,15.000,218.900,91.080,5.030,
0.160,3.000,2,30,336.000,336.000,1722.250,15.000,284.600,104.290,4.920,
0.160,3.000,3,30,367.000,367.000,1807.660,15.000,253.700,98.430,4.930,
0.160,3.000,4,30,406.000,406.000,1859.930,15.000,264.000,96.520,5.060,
0.160,3.000,5,30,422.000,422.000,2037.960,15.000,251.000,128.190,5.360,
0.160,3.000,6,30,367.000,367.000,1903.160,15.000,274.600,120.770,5.230,
0.160,3.000,7,30,376.000,376.000,1797.980,15.000,278.200,114.430,4.980,
0.160,3.000,8,30,334.000,334.000,1570.340,15.000,256.800,109.110,5.000,
0.160,3.000,9,30,309.000,309.000,1774.720,15.000,215.100,88.270,4.990,
0.160,3.500,0,30,290.000,290.000,2085.960,17.500,227.000,82.980,5.310,
0.160,3.500,1,30,409.000,409.000,1927.660,17.500,280.500,112.870,5.210,
0.160,3.500,2,30,509.000,509.000,1683.100,17.500,321.700,128.140,4.940,
0.160,3.500,3,30,387.000,387.000,1851.050,17.500,290.300,114.570,5.390,
0.160,3.500,4,30,397.000,397.000,1775.420,17.500,259.300,105.480,5.430,
0.160,3.500,5,30,456.000,456.000,2028.670,17.500,312.400,146.280,5.830,
0.160,3.500,6,30,444.000,444.000,1907.380,17.500,301.600,136.280,5.630,
0.160,3.500,7,30,394.000,394.000,1756.460,17.500,302.200,134.050,5.320,
0.160,3.500,8,30,425.000,425.000,1520.330,17.500,282.600,119.440,5.180,
0.160,3.500,9,30,368.000,368.000,1727.220,17.500,302.100,114.700,5.320,
0.160,4.000,0,30,330.000,330.000,2143.650,20.000,262.100,94.100,5.580,
0.160,4.000,1,30,431.000,431.000,1881.190,20.000,307.900,129.510,5.430,
0.160,4.000,2,30,571.000,571.000,1680.340,20.000,372.100,144.300,5.350,
0.160,4.000,3,30,419.000,419.000,1848.200,20.000,316.300,125.520,5.480,
0.160,4.000,4,30,508.000,508.000,1745.460,20.000,366.300,131.960,5.430,
0.160,4.000,5,30,509.000,509.000,2058.000,20.000,360.900,175.040,5.800,
0.160,4.000,6,30,498.000,498.000,1946.230,20.000,339.000,145.220,5.630,
0.160,4.000,7,30,454.000,454.000,1815.150,20.000,321.100,151.900,5.380,
0.160,4.000,8,30,488.000,488.000,1549.020,20.000,424.600,144.910,5.380,
0.160,4.000,9,30,438.000,438.000,1749.180,20.000,338.500,132.330,5.270,
0.160,4.500,0,30,450.000,450.000,2223.220,22.500,346.000,108.250,5.600,
0.160,4.500,1,30,446.000,446.000,1853.170,22.500,332.100,149.750,5.140,
0.160,4.500,2,30,576.000,576.000,1689.810,22.500,430.000,163.590,5.060,
0.160,4.500,3,30,459.000,459.000,1758.110,22.500,337.600,143.520,5.080,
0.160,4.500,4,30,539.000,539.000,1731.680,22.500,401.000,149.530,5.260,
0.160,4.500,5,30,584.000,584.000,1890.300,22.500,391.000,198.130,5.380,
0.160,4.500,6,30,415.000,415.000,1998.670,22.500,371.800,150.120,5.340,
0.160,4.500,7,30,482.000,482.000,1802.420,22.500,335.900,158.310,5.140,
0.160,4.500,8,30,559.000,559.000,1550.370,22.500,474.500,155.940,5.030,
0.160,4.500,9,30,476.000,476.000,1752.450,22.500,358.900,139.140,4.970,
0.160,5.000,0,30,560.000,560.000,2040.410,25.000,420.000,124.140,5.160,
0.160,5.000,1,30,541.000,541.000,1810.460,25.000,364.500,179.690,5.240,
0.160,5.000,2,30,610.000,610.000,1668.720,25.000,527.500,176.220,5.110,
0.160,5.000,3,30,480.000,480.000,1794.110,25.000,364.500,151.170,5.150,
0.160,5.000,4,30,571.000,571.000,1772.170,25.000,421.500,156.980,5.250,
0.160,5.000,5,30,668.000,668.000,1865.760,25.000,434.800,215.280,5.480,
0.160,5.000,6,30,541.000,541.000,1918.850,25.000,406.800,173.880,5.320,
0.160,5.000,7,30,535.000,535.000,1792.970,25.000,418.100,189.980,5.130,
0.160,5.000,8,30,586.000,586.000,1489.320,25.000,521.500,174.420,4.990,
0.160,5.000,9,30,501.000,501.000,1776.940,25.000,390.200,148.290,5.000,
0.160,5.500,0,30,558.000,558.000,2053.470,27.500,440.900,174.820,5.530,
0.160,5.500,1,30,601.000,601.000,1779.230,27.500,385.800,193.860,5.270,
0.160,5.500,2,30,655.000,655.000,1662.000,27.500,597.000,190.880,5.190,
0.160,5.500,3,30,577.000,577.000,1842.200,27.500,407.800,178.450,5.340,
0.160,5.500,4,30,583.000,583.000,1831.990,27.500,437.700,207.440,5.410,
0.160,5.500,5,30,753.000,753.000,1893.210,27.500,463.400,242.480,5.560,
0.160,5.500,6,30,621.000,621.000,2044.440,27.500,440.000,183.600,5.480,
0.160,5.500,7,30,624.000,624.000,1846.050,27.500,560.700,208.740,5.250,
0.160,5.500,8,30,613.000,613.000,1494.300,27.500,558.800,199.400,4.920,
0.160,5.500,9,30,455.000,455.000,1782.680,27.500,407.800,146.580,5.090,
0.160,6.000,0,30,624.000,624.000,2043.070,30.000,464.100,190.330,5.570,
0.160,6.000,1,30,583.000,583.000,1825.220,30.000,403.500,203.600,5.360,
0.160,6.000,2,30,694.000,694.000,1689.810,30.000,685.800,205.730,5.200,
0.160,6.000,3,30,728.000,728.000,1912.590,30.000,434.900,217.990,5.460,
0.160,6.000,4,30,683.000,683.000,1833.920,30.000,486.400,226.320,5.490,
0.160,6.000,5,30,806.000,806.000,2009.080,30.000,481.400,261.670,5.750,
0.160,6.000,6,30,639.000,639.000,1986.330,30.000,472.700,215.060,5.500,
0.160,6.000,7,30,653.000,653.000,1816.990,30.000,590.000,219.260,5.600,
0.160,6.000,8,30,594.000,594.000,1541.410,30.000,583.400,196.610,5.470,
0.160,6.000,9,30,563.000,563.000,1813.770,30.000,422.600,169.480,5.550,
0.160,6.500,0,30,639.000,639.000,2075.050,32.500,498.100,203.880,5.880,
0.160,6.500,1,30,608.000,608.000,1733.850,32.500,442.300,221.820,5.580,
0.160,6.500,2,30,729.000,729.000,1706.180,32.500,720.500,222.630,5.530,
0.160,6.500,3,30,755.000,755.000,1904.510,32.500,506.700,228.840,5.760,
0.160,6.500,4,30,715.000,715.000,1833.920,32.500,654.700,246.900,5.710,
0.160,6.500,5,30,859.000,859.000,1954.100,32.500,528.200,263.150,5.770,
0.160,6.500,6,30,658.000,658.000,2062.050,32.500,495.400,220.770,5.510,
0.160,6.500,7,30,689.000,689.000,1828.280,32.500,626.100,238.770,5.240,
0.160,6.500,8,30,657.000,657.000,1458.760,32.500,605.000,223.140,5.200,
0.160,6.500,9,30,700.000,700.000,1837.950,32.500,486.500,182.500,5.330,
0.160,7.000,0,30,653.000,653.000,2007.290,35.000,522.500,200.400,5.590,
0.160,7.000,1,30,718.000,718.000,1847.300,35.000,452.500,250.890,5.510,
0.160,7.000,2,30,784.000,784.000,1647.940,35.000,775.900,245.750,5.330,
0.160,7.000,3,30,780.000,780.000,1903.100,35.000,546.900,236.230,5.520,
0.160,7.000,4,30,718.000,718.000,1840.800,35.000,679.200,256.490,5.480,
0.160,7.000,5,30,894.000,894.000,2019.880,35.000,554.500,306.740,5.840,
0.160,7.000,6,30,684.000,684.000,2100.580,35.000,517.400,235.760,5.810,
0.160,7.000,7,30,734.000,734.000,1828.280,35.000,671.300,247.270,5.530,
0.160,7.000,8,30,687.000,687.000,1529.590,35.000,633.500,240.990,5.500,
0.160,7.000,9,30,606.000,606.000,1800.100,35.000,500.100,184.670,5.420,
0.170,3.000,0,30,282.000,282.000,2093.470,15.000,221.700,87.430,5.450,
0.170,3.000,1,30,280.000,280.000,1835.890,15.000,238.200,106.200,5.300,
0.170,3.000,2,30,478.000,478.000,1680.340,15.000,313.600,127.090,5.090,
0.170,3.000,3,30,386.000,386.000,1869.030,15.000,280.800,112.180,5.170,
0.170,3.000,4,30,396.000,396.000,1890.360,15.000,256.800,108.130,5.140,
0.170,3.000,5,30,461.000,461.000,1951.330,15.000,304.400,146.980,5.450,
0.170,3.000,6,30,437.000,437.000,1982.090,15.000,291.100,134.710,5.630,
0.170,3.000,7,30,426.000,426.000,1800.570,15.000,296.000,147.530,5.320,
0.170,3.000,8,30,408.000,408.000,1591.780,15.000,278.600,127.950,5.290,
0.170,3.000,9,30,369.000,369.000,1731.400,15.000,251.300,112.880,5.320,
0.170,3.500,0,30,325.000,325.000,2109.190,17.500,261.100,101.020,5.540,
0.170,3.500,1,30,433.000,433.000,1790.760,17.500,300.900,145.730,5.360,
0.170,3.500,2,30,502.000,502.000,1668.720,17.500,362.500,142.230,5.170,
0.170,3.500,3,30,415.000,415.000,1827.570,17.500,308.100,133.740,5.270,
0.170,3.500,4,30,510.000,510.000,1752.930,17.500,363.400,146.720,5.390,
0.170,3.500,5,30,550.000,550.000,2106.570,17.500,353.900,179.690,5.880,
0.170,3.500,6,30,488.000,488.000,2050.930,17.500,329.500,154.500,5.750,
0.170,3.500,7,30,462.000,462.000,1840.320,17.500,320.700,166.170,5.390,
0.170,3.500,8,30,558.000,558.000,1583.880,17.500,400.600,152.230,5.300,
0.170,3.500,9,30,440.000,440.000,1752.450,17.500,334.700,136.670,5.290,
0.170,4.000,0,30,450.000,450.000,2072.880,20.000,346.600,131.830,5.640,
0.170,4.000,1,30,449.000,449.000,1807.810,20.000,329.700,149.960,5.350,
0.170,4.000,2,30,437.000,437.000,1797.410,20.000,421.100,165.770,5.190,
0.170,4.000,3,30,549.000,549.000,1886.640,20.000,333.800,167.310,5.380,
0.170,4.000,4,30,537.000,537.000,1779.250,20.000,402.600,162.100,5.390,
0.170,4.000,5,30,587.000,587.000,1879.010,20.000,387.600,193.000,5.500,
0.170,4.000,6,30,508.000,508.000,1916.240,20.000,366.600,175.740,5.500,
0.170,4.000,7,30,706.000,706.000,1811.240,20.000,432.000,190.140,5.350,
0.170,4.000,8,30,632.000,632.000,1574.550,20.000,470.200,165.600,5.300,
0.170,4.000,9,30,482.000,482.000,1815.270,20.000,360.400,142.230,5.340,
0.170,4.500,0,30,531.000,531.000,2074.930,22.500,371.800,152.890,5.460,
0.170,4.500,1,30,611.000,611.000,1817.320,22.500,370.300,183.510,5.200,
0.170,4.500,2,30,608.000,608.000,1724.980,22.500,526.100,188.820,5.100,
0.170,4.500,3,30,657.000,657.000,1933.140,22.500,386.700,195.740,5.580,
0.170,4.500,4,30,564.000,564.000,1848.830,22.500,426.700,202.430,5.540,
0.170,4.500,5,30,666.000,666.000,1945.470,22.500,434.200,224.390,5.680,
0.170,4.500,6,30,585.000,585.000,1943.360,22.500,401.900,185.250,5.480,
0.170,4.500,7,30,770.000,770.000,1877.250,22.500,484.600,213.740,5.370,
0.170,4.500,8,30,620.000,620.000,1556.620,22.500,520.600,188.640,5.360,
0.170,4.500,9,30,536.000,536.000,1918.910,22.500,390.400,161.870,5.270,
0.170,5.000,0,30,596.000,596.000,2125.430,25.000,450.000,178.550,5.480,
0.170,5.000,1,30,599.000,599.000,1827.160,25.000,387.000,204.820,5.310,
0.170,5.000,2,30,738.000,738.000,1651.050,25.200,629.700,218.110,5.270,
0.170,5.000,3,30,695.000,695.000,1867.950,25.000,410.000,220.460,5.570,
0.170,5.000,4,30,603.000,603.000,1910.110,25.000,448.900,222.670,5.620,
0.170,5.000,5,30,752.000,752.000,2032.700,25.000,465.500,253.760,5.870,
0.170,5.000,6,30,626.000,626.000,2119.840,25.000,437.700,196.970,5.740,
0.170,5.000,7,30,814.000,814.000,1877.250,25.000,510.200,226.110,5.400,
0.170,5.000,8,30,741.000,741.000,1569.440,25.000,560.600,219.390,5.290,
0.170,5.000,9,30,455.000,455.000,1852.960,25.000,410.200,159.520,5.240,
0.170,5.500,0,30,621.000,621.000,2075.810,27.500,474.900,206.720,5.480,
0.170,5.500,1,30,650.000,650.000,1766.020,27.500,436.900,213.660,5.390,
0.170,5.500,2,30,726.000,726.000,1729.100,27.500,686.700,231.730,5.450,
0.170,5.500,3,30,736.000,736.000,1949.680,27.500,436.700,221.970,5.660,
0.170,5.500,4,30,716.000,716.000,1862.400,27.500,511.600,236.620,5.640,
0.170,5.500,5,30,811.000,811.000,1985.140,27.500,484.700,287.860,5.890,
0.170,5.500,6,30,693.000,693.000,2065.920,27.500,472.600,225.440,5.760,
0.170,5.500,7,30,638.000,638.000,1802.640,27.500,607.000,241.740,5.380,
0.170,5.500,8,30,776.000,776.000,1461.560,27.500,587.900,220.340,5.070,
0.170,5.500,9,30,615.000,615.000,1837.110,27.500,470.100,191.200,5.230,
0.170,6.000,0,30,637.000,637.000,1992.840,30.000,511.100,226.920,5.740,
0.170,6.000,1,30,715.000,715.000,1721.160,30.000,452.600,224.890,5.480,
0.170,6.000,2,30,782.000,782.000,1631.080,30.000,724.800,248.140,5.420,
0.170,6.000,3,30,768.000,768.000,1904.990,30.000,510.500,233.430,5.620,
0.170,6.000,4,30,742.000,742.000,1844.760,30.000,660.600,251.270,5.650,
0.170,6.000,5,30,887.000,887.000,2018.090,30.000,538.700,306.610,5.960,
0.170,6.000,6,30,682.000,682.000,2146.680,30.000,496.900,238.590,5.900,
0.170,6.000,7,30,649.000,649.000,1694.840,30.000,638.900,243.820,5.170,
0.170,6.000,8,30,762.000,762.000,1536.480,30.000,613.100,249.870,5.270,
0.170,6.000,9,30,721.000,721.000,1855.170,30.000,492.100,197.710,5.420,
0.170,6.500,0,30,679.000,679.000,2045.900,32.500,567.100,243.360,5.830,
0.170,6.500,1,30,726.000,726.000,1877.240,32.500,463.200,254.270,5.690,
0.170,6.500,2,30,847.000,847.000,1730.400,32.500,813.400,290.030,5.620,
0.170,6.500,3,30,849.000,849.000,1908.090,32.500,565.600,256.580,5.710,
0.170,6.500,4,30,700.000,700.000,1861.330,32.500,688.300,264.620,5.690,
0.170,6.500,5,29,1080.000,,3638.560,32.500,581.100,324.600,8.640,
0.170,6.500,6,30,707.000,707.000,2184.220,32.500,521.900,257.650,5.920,
0.170,6.500,7,30,697.000,697.000,1782.830,32.500,686.800,255.450,5.400,
0.170,6.500,8,30,798.000,798.000,1589.570,32.500,642.000,269.980,5.600,
0.170,6.500,9,30,761.000,761.000,1863.230,32.500,551.600,216.070,5.540,
0.170,7.000,0,30,707.000,707.000,2003.870,35.000,677.800,269.000,5.850,
0.170,7.000,1,30,827.000,827.000,1820.670,35.000,485.600,285.020,5.670,
0.170,7.000,2,30,870.000,870.000,1730.400,35.000,861.600,299.530,5.630,
0.170,7.000,3,30,956.000,956.000,1948.430,35.000,629.300,290.730,5.750,
0.170,7.000,4,30,781.000,781.000,1840.430,35.000,714.300,287.630,5.810,
0.170,7.000,5,30,974.000,974.000,2005.990,35.000,608.600,326.900,5.970,
0.170,7.000,6,30,964.000,964.000,2026.400,35.000,543.300,293.050,5.950,
0.170,7.000,7,30,909.000,909.000,1752.900,35.000,718.500,294.070,5.560,
0.170,7.000,8,30,839.000,839.000,1586.030,35.000,673.100,273.160,5.620,
0.170,7.000,9,30,798.000,798.000,1869.280,35.000,573.000,224.070,5.570,
0.180,3.000,0,30,441.000,441.000,2077.500,15.000,308.400,111.270,5.470,
0.180,3.000,1,30,434.000,434.000,1874.680,15.000,284.100,144.550,5.380,
0.180,3.000,2,30,481.000,481.000,1754.140,15.000,333.800,151.490,5.140,
0.180,3.000,3,30,464.000,464.000,1828.980,15.000,294.900,132.630,5.130,
0.180,3.000,4,30,507.000,507.000,1787.490,15.000,349.900,158.300,5.290,
0.180,3.000,5,30,519.000,519.000,2090.810,15.400,344.000,182.500,5.710,
0.180,3.000,6,30,479.000,479.000,2088.350,15.000,304.200,151.010,5.710,
0.180,3.000,7,30,515.000,515.000,1839.660,25.200,312.900,170.270,5.340,
0.180,3.000,8,30,539.000,539.000,1578.710,15.000,387.800,155.410,5.350,
0.180,3.000,9,30,434.000,434.000,1891.860,15.000,320.200,138.530,5.440,
0.180,3.500,0,30,450.000,450.000,2157.130,17.500,343.400,123.450,5.640,
0.180,3.500,1,30,498.000,498.000,1873.120,17.500,324.200,169.810,5.410,
0.180,3.500,2,30,557.000,557.000,1783.270,17.500,395.000,169.070,5.150,
0.180,3.500,3,30,571.000,571.000,1883.060,17.500,325.500,179.190,5.340,
0.180,3.500,4,30,519.000,519.000,1882.300,17.500,398.700,182.910,5.560,
0.180,3.500,5,30,616.000,616.000,1914.260,17.500,380.100,192.390,5.750,
0.180,3.500,6,30,505.000,505.000,2041.040,17.500,346.100,177.790,5.740,
0.180,3.500,7,30,512.000,512.000,1939.240,17.500,347.400,193.390,5.560,
0.180,3.500,8,30,615.000,615.000,1622.040,17.500,438.700,169.080,5.470,
0.180,3.500,9,30,481.000,481.000,1905.780,17.500,355.700,140.740,5.450,
0.180,4.000,0,30,501.000,501.000,1975.700,20.000,372.700,151.910,5.530,
0.180,4.000,1,30,611.000,611.000,1893.620,20.000,372.000,195.710,5.470,
0.180,4.000,2,30,603.000,603.000,1826.790,20.000,519.300,201.170,5.330,
0.180,4.000,3,30,655.000,655.000,1889.410,20.000,384.000,206.900,5.500,
0.180,4.000,4,30,545.000,545.000,1800.850,20.000,426.800,194.230,5.590,
0.180,4.000,5,30,690.000,690.000,2039.570,20.000,428.300,231.930,5.980,
0.180,4.000,6,30,585.000,585.000,1944.320,20.000,390.100,197.690,5.710,
0.180,4.000,7,30,755.000,755.000,1818.460,20.400,472.400,215.150,5.430,
0.180,4.000,8,30,615.000,615.000,1556.620,20.000,514.100,192.230,5.430,
0.180,4.000,9,30,539.000,539.000,1887.710,20.000,390.300,168.460,5.440,
0.180,4.500,0,30,621.000,621.000,2070.840,22.500,444.900,185.050,5.620,
0.180,4.500,1,30,604.000,604.000,1798.500,22.500,385.400,203.480,5.300,
0.180,4.500,2,30,750.000,750.000,1591.830,22.500,591.100,243.420,5.330,
0.180,4.500,3,30,693.000,693.000,1924.370,22.500,406.600,221.510,5.940,
0.180,4.500,4,30,604.000,604.000,1874.650,22.500,468.400,225.680,5.750,
0.180,4.500,5,30,790.000,790.000,2033.090,22.500,463.200,258.250,5.990,
0.180,4.500,6,30,636.000,636.000,1922.560,22.500,432.500,218.820,5.770,
0.180,4.500,7,30,809.000,809.000,1882.320,22.500,507.000,241.750,5.560,
0.180,4.500,8,30,605.000,605.000,1585.220,22.500,558.500,204.000,5.450,
0.180,4.500,9,30,645.000,645.000,1919.730,22.500,409.600,186.980,5.440,
0.180,5.000,0,30,635.000,635.000,1990.110,25.000,499.100,215.560,5.540,
0.180,5.000,1,30,634.000,634.000,1753.490,25.000,446.600,224.470,5.400,
0.180,5.000,2,30,850.000,850.000,1641.030,26.800,683.300,270.400,5.560,
0.180,5.000,3,30,741.000,741.000,1924.370,25.000,442.300,237.350,5.770,
0.180,5.000,4,30,675.000,675.000,1892.030,25.000,499.700,242.150,5.780,
0.180,5.000,5,30,883.000,883.000,2030.270,25.000,495.100,277.510,6.100,
0.180,5.000,6,30,660.000,660.000,2069.510,25.000,469.800,247.220,5.950,
0.180,5.000,7,30,861.000,861.000,1843.820,25.000,604.400,265.920,5.650,
0.180,5.000,8,30,754.000,754.000,1538.810,25.000,588.500,248.800,5.480,
0.180,5.000,9,30,586.000,586.000,1897.160,25.000,469.400,188.940,5.380,
0.180,5.500,0,30,685.000,685.000,1979.300,27.500,518.800,238.190,5.820,
0.180,5.500,1,30,726.000,726.000,1879.370,27.500,459.800,237.910,5.750,
0.180,5.500,2,30,905.000,905.000,1696.490,27.500,724.600,293.420,5.690,
0.180,5.500,3,30,777.000,777.000,1948.320,27.500,511.300,252.890,5.830,
0.180,5.500,4,30,674.000,674.000,1912.720,27.500,662.500,258.140,6.060,
0.180,5.500,5,29,1080.000,,3917.190,64.400,584.700,343.680,9.240,
0.180,5.500,6,30,711.000,711.000,2145.470,27.500,495.800,255.870,6.090,
0.180,5.500,7,30,769.000,769.000,1809.720,27.500,639.800,280.940,5.620,
0.180,5.500,8,30,794.000,794.000,1533.580,27.500,616.800,263.830,5.320,
0.180,5.500,9,30,759.000,759.000,1882.920,27.500,528.600,211.760,5.620,
0.180,6.000,0,30,764.000,764.000,2030.570,30.000,649.500,274.020,6.050,
0.180,6.000,1,30,767.000,767.000,1846.000,30.000,476.200,272.040,5.800,
0.180,6.000,2,30,837.000,837.000,1693.030,31.000,817.000,290.350,5.630,
0.180,6.000,3,30,894.000,894.000,1993.440,30.000,568.400,287.490,6.000,
0.180,6.000,4,30,736.000,736.000,1826.870,30.000,692.800,271.670,5.860,
0.180,6.000,5,28,1080.000,,3940.940,51.100,593.800,341.120,9.090,
0.180,6.000,6,30,829.000,829.000,2157.740,30.000,522.800,278.880,5.920,
0.180,6.000,7,29,1080.000,,3291.950,30.000,689.900,308.440,8.310,
0.180,6.000,8,30,839.000,839.000,1538.810,30.000,646.300,290.050,5.600,
0.180,6.000,9,30,705.000,705.000,1949.050,30.000,555.400,223.500,5.740,
0.180,6.500,0,30,795.000,795.000,2031.640,32.500,685.600,291.380,6.110,
0.180,6.500,1,30,885.000,885.000,1877.840,32.500,511.400,286.360,5.820,
0.180,6.500,2,30,948.000,948.000,1702.520,32.500,871.700,328.760,5.710,
0.180,6.500,3,30,978.000,978.000,2004.990,32.500,638.800,309.010,6.030,
0.180,6.500,4,30,779.000,779.000,1930.040,32.500,721.700,302.420,5.910,
0.180,6.500,5,28,1080.000,,3815.840,32.500,620.100,358.000,9.100,
0.180,6.500,6,29,1080.000,,3698.000,32.500,546.400,309.640,9.140,
0.180,6.500,7,30,927.000,927.000,1748.460,32.500,741.900,324.480,5.810,
0.180,6.500,8,30,866.000,866.000,1582.430,32.500,679.900,293.940,5.870,
0.180,6.500,9,30,759.000,759.000,1930.680,32.500,580.200,247.770,5.890,
0.180,7.000,0,30,906.000,906.000,2043.070,35.000,732.700,321.630,6.240,
0.180,7.000,1,30,988.000,988.000,1853.530,35.000,523.100,313.620,5.980,
0.180,7.000,2,30,991.000,991.000,1702.520,35.000,913.300,340.710,5.840,
0.180,7.000,3,29,1080.000,,3701.260,35.000,676.900,335.170,9.060,
0.180,7.000,4,30,868.000,868.000,1874.320,35.000,775.400,326.970,6.080,
0.180,7.000,5,27,1080.000,,3659.430,35.000,638.100,385.610,9.220,
0.180,7.000,6,30,971.000,971.000,2057.850,35.000,573.500,318.550,6.300,
0.180,7.000,7,29,1080.000,,3165.140,35.000,770.900,332.020,8.270,
0.180,7.000,8,30,927.000,927.000,1595.910,35.000,705.200,318.530,5.860,
0.180,7.000,9,30,988.000,988.000,1931.730,35.000,745.800,250.190,5.830,
0.190,3.000,0,30,458.000,458.000,1967.220,15.000,334.300,120.240,5.540,
0.190,3.000,1,30,492.000,492.000,1871.460,15.000,304.700,169.240,5.410,
0.190,3.000,2,30,531.000,531.000,1788.880,15.000,368.000,169.550,5.480,
0.190,3.000,3,30,520.000,520.000,1900.920,15.000,311.900,171.000,5.670,
0.190,3.000,4,30,511.000,511.000,1790.530,15.000,374.800,168.860,5.560,
0.190,3.000,5,30,508.000,508.000,2002.740,15.000,361.400,184.400,5.840,
0.190,3.000,6,30,517.000,517.000,2047.040,17.600,331.000,177.810,5.740,
0.190,3.000,7,30,634.000,634.000,1875.860,17.400,381.900,198.010,5.500,
0.190,3.000,8,30,583.000,583.000,1580.000,15.000,423.200,170.430,5.440,
0.190,3.000,9,30,578.000,578.000,1920.750,15.000,344.100,170.990,5.440,
0.190,3.500,0,30,476.000,476.000,2065.350,17.500,367.900,144.730,5.600,
0.190,3.500,1,30,606.000,606.000,1874.230,17.500,367.400,186.520,5.480,
0.190,3.500,2,30,588.000,588.000,1797.090,17.500,491.800,198.310,5.510,
0.190,3.500,3,30,598.000,598.000,1935.610,17.500,348.900,203.440,5.770,
0.190,3.500,4,30,587.000,587.000,1846.560,17.500,421.200,212.440,5.940,
0.190,3.500,5,30,682.000,682.000,2075.920,17.500,419.500,223.690,6.040,
0.190,3.500,6,30,576.000,576.000,1888.400,17.500,378.300,196.960,5.650,
0.190,3.500,7,30,724.000,724.000,1859.860,19.000,446.900,218.990,5.510,
0.190,3.500,8,30,660.000,660.000,1579.190,17.500,503.000,207.430,5.570,
0.190,3.500,9,30,622.000,622.000,1975.410,17.500,385.700,182.750,5.760,
0.190,4.000,0,30,618.000,618.000,2064.860,20.000,442.300,193.070,5.960,
0.190,4.000,1,30,626.000,626.000,1860.020,20.000,380.700,214.230,5.680,
0.190,4.000,2,30,727.000,727.000,1774.270,20.000,581.900,241.010,5.610,
0.190,4.000,3,30,689.000,689.000,1924.370,20.000,399.200,227.200,5.710,
0.190,4.000,4,30,598.000,598.000,1876.170,20.000,467.300,230.850,5.880,
0.190,4.000,5,30,785.000,785.000,1995.160,20.000,454.200,269.530,6.060,
0.190,4.000,6,30,630.000,630.000,2010.400,20.000,421.600,226.980,5.770,
0.190,4.000,7,30,803.000,803.000,1837.590,24.800,503.900,259.180,5.410,
0.190,4.000,8,30,760.000,760.000,1535.780,20.000,542.600,220.430,5.410,
0.190,4.000,9,30,647.000,647.000,1912.590,20.000,407.800,187.630,5.550,
0.190,4.500,0,30,612.000,612.000,1987.900,22.500,489.700,214.940,5.910,
0.190,4.500,1,30,642.000,642.000,1861.690,22.500,449.000,227.470,5.760,
0.190,4.500,2,30,871.000,871.000,1712.390,22.500,674.500,278.340,5.660,
0.190,4.500,3,30,740.000,740.000,1899.150,22.500,436.200,235.530,5.820,
0.190,4.500,4,30,674.000,674.000,1844.380,22.500,502.100,250.430,5.780,
0.190,4.500,5,30,883.000,883.000,2068.500,22.500,482.700,296.510,6.110,
0.190,4.500,6,30,697.000,697.000,2069.510,22.500,461.000,255.170,5.960,
0.190,4.500,7,30,725.000,725.000,1792.620,22.500,480.000,257.720,5.580,
0.190,4.500,8,30,759.000,759.000,1583.990,22.500,585.100,259.050,5.610,
0.190,4.500,9,30,632.000,632.000,1893.750,22.500,435.100,198.490,5.660,
0.190,5.000,0,30,686.000,686.000,1992.180,25.000,523.500,252.550,5.970,
0.190,5.000,1,30,687.000,687.000,1820.180,25.000,466.600,246.560,5.660,
0.190,5.000,2,30,918.000,918.000,1559.700,28.800,719.800,304.550,5.580,
0.190,5.000,3,30,852.000,852.000,1912.940,25.000,509.600,275.570,5.820,
0.190,5.000,4,30,717.000,717.000,1890.980,25.000,660.700,266.880,5.860,
0.190,5.000,5,29,1080.000,,3852.310,68.100,547.400,341.330,8.970,
0.190,5.000,6,30,723.000,723.000,2032.600,25.000,495.700,278.050,5.940,
0.190,5.000,7,30,813.000,813.000,1787.940,25.000,635.800,301.280,5.710,
0.190,5.000,8,30,804.000,804.000,1548.540,25.000,616.400,278.940,5.630,
0.190,5.000,9,30,676.000,676.000,1954.080,25.000,521.800,226.460,5.790,
0.190,5.500,0,30,826.000,826.000,2079.500,27.500,654.900,291.560,6.100,
0.190,5.500,1,30,763.000,763.000,1837.800,27.500,501.200,264.160,5.710,
0.190,5.500,2,30,987.000,987.000,1641.590,27.500,815.900,343.390,5.700,
0.190,5.500,3,30,901.000,901.000,1975.220,27.500,568.200,308.730,5.980,
0.190,5.500,4,30,734.000,734.000,1885.260,27.500,693.500,289.670,5.930,
0.190,5.500,5,30,976.000,976.000,2085.930,67.900,602.600,373.200,6.280,
0.190,5.500,6,30,853.000,853.000,2037.070,27.500,520.600,285.600,6.060,
0.190,5.500,7,29,1080.000,,3349.250,27.500,689.300,342.440,8.380,
0.190,5.500,8,30,865.000,865.000,1561.350,27.500,651.100,291.480,5.720,
0.190,5.500,9,30,719.000,719.000,1963.600,27.500,555.600,241.710,5.750,
0.190,6.000,0,30,847.000,847.000,2079.500,30.000,713.400,314.350,6.080,
0.190,6.000,1,30,856.000,856.000,1876.240,30.000,521.200,304.510,5.820,
0.190,6.000,2,28,1080.000,,3148.150,32.900,876.300,349.150,8.600,
0.190,6.000,3,30,997.000,997.000,1976.180,30.000,638.600,345.420,6.120,
0.190,6.000,4,29,1080.000,,3639.430,30.000,727.900,319.670,8.830,
0.190,6.000,5,27,1080.000,,3787.800,30.000,627.600,378.550,9.420,
0.190,6.000,6,29,1080.000,,3756.880,30.000,546.900,318.530,9.070,
0.190,6.000,7,28,1080.000,,3324.790,30.000,743.900,363.720,9.500,
0.190,6.000,8,29,1080.000,,2835.000,30.000,685.200,313.900,8.170,
0.190,6.000,9,30,977.000,977.000,1907.220,30.000,618.300,270.620,5.800,
0.190,6.500,0,30,822.000,822.000,2047.430,32.500,744.500,323.370,6.080,
0.190,6.500,1,29,1080.000,,3516.070,32.500,548.500,334.480,9.200,
0.190,6.500,2,27,1080.000,,3248.150,33.700,922.900,360.270,9.430,
0.190,6.500,3,29,1080.000,,3702.620,32.500,726.200,363.260,8.940,
0.190,6.500,4,30,932.000,932.000,1944.820,32.500,785.200,348.380,6.040,
0.190,6.500,5,26,1080.000,,3491.950,32.500,651.200,370.800,9.080,
0.190,6.500,6,29,1080.000,,3678.440,32.500,577.800,316.400,9.210,
0.190,6.500,7,27,1080.000,,3349.710,32.500,778.900,384.340,9.370,
0.190,6.500,8,29,1080.000,,3033.210,32.500,738.300,320.920,8.290,
0.190,6.500,9,30,1004.000,1004.000,1871.310,32.500,649.300,320.720,5.810,
0.190,7.000,0,30,998.000,998.000,2072.220,35.000,775.400,373.230,6.180,
0.190,7.000,1,28,1080.000,,3509.370,35.000,575.800,359.380,8.930,
0.190,7.000,2,25,1080.000,,3163.450,35.000,981.600,383.930,9.230,
0.190,7.000,3,29,1080.000,,3590.130,35.000,749.500,364.970,8.590,
0.190,7.000,4,29,1080.000,,3561.110,35.000,839.000,368.260,8.930,
0.190,7.000,5,26,1080.000,,3511.000,35.000,669.400,378.610,8.900,
0.190,7.000,6,27,1080.000,,3666.090,35.000,615.700,347.710,9.440,
0.190,7.000,7,23,1080.000,,3335.760,35.000,820.700,412.830,8.710,
0.190,7.000,8,29,1080.000,,2945.680,35.000,777.000,365.810,7.940,
0.190,7.000,9,28,1080.000,,3431.630,35.000,704.800,300.970,8.380,
0.200,3.000,0,30,475.000,475.000,2049.820,15.000,357.200,142.000,5.280,
0.200,3.000,1,30,538.000,538.000,1901.120,15.000,327.700,185.580,5.300,
0.200,3.000,2,30,563.000,563.000,1826.540,15.000,401.100,198.300,5.170,
0.200,3.000,3,30,587.000,587.000,1870.710,15.000,326.700,180.680,5.310,
0.200,3.000,4,30,581.000,581.000,1888.410,15.000,411.400,206.110,5.510,
0.200,3.000,5,30,602.000,602.000,2006.550,15.000,410.400,212.060,5.760,
0.200,3.000,6,30,543.000,543.000,2049.230,17.100,360.100,186.830,5.540,
0.200,3.000,7,30,715.000,715.000,1824.470,15.000,422.000,210.940,5.290,
0.200,3.000,8,30,581.000,581.000,1585.300,15.000,463.000,190.270,5.250,
0.200,3.000,9,30,531.000,531.000,1909.950,15.000,362.400,184.350,5.210,
0.200,3.500,0,30,592.000,592.000,2048.830,17.500,435.400,187.120,5.300,
0.200,3.500,1,30,639.000,639.000,1852.290,17.500,369.100,198.650,5.150,
0.200,3.500,2,30,620.000,620.000,1737.290,17.500,530.700,224.530,5.180,
0.200,3.500,3,30,682.000,682.000,1883.750,17.500,389.100,218.750,5.370,
0.200,3.500,4,30,748.000,748.000,1910.730,17.500,442.400,236.470,5.520,
0.200,3.500,5,30,722.000,722.000,1962.230,17.500,438.800,254.020,5.720,
0.200,3.500,6,30,623.000,623.000,1982.140,18.400,397.900,218.890,5.600,
0.200,3.500,7,30,772.000,772.000,1918.080,26.800,480.400,258.290,5.470,
0.200,3.500,8,30,703.000,703.000,1662.070,17.500,525.700,225.940,5.230,
0.200,3.500,9,30,579.000,579.000,2001.300,17.500,399.600,199.590,5.210,
0.200,4.000,0,30,620.000,620.000,2055.640,20.000,476.500,216.020,5.290,
0.200,4.000,1,30,745.000,745.000,1879.060,20.000,447.500,248.310,5.370,
0.200,4.000,2,30,869.000,869.000,1746.280,20.000,653.500,302.710,5.380,
0.200,4.000,3,30,732.000,732.000,1896.240,20.000,426.600,240.290,5.470,
0.200,4.000,4,30,672.000,672.000,1921.280,20.000,499.100,258.200,5.680,
0.200,4.000,5,30,942.000,942.000,2001.550,20.000,518.900,303.940,5.820,
0.200,4.000,6,30,694.000,694.000,2030.590,20.000,448.600,256.800,5.720,
0.200,4.000,7,30,848.000,848.000,1846.090,26.000,527.300,278.410,5.420,
0.200,4.000,8,30,758.000,758.000,1589.090,20.000,575.500,245.220,5.180,
0.200,4.000,9,30,643.000,643.000,1924.710,20.000,427.000,216.600,5.230,
0.200,4.500,0,30,707.000,707.000,2001.100,22.500,524.000,238.250,5.390,
0.200,4.500,1,30,703.000,703.000,1786.710,22.500,483.300,246.660,5.240,
0.200,4.500,2,30,922.000,922.000,1708.470,22.500,707.400,312.610,5.520,
0.200,4.500,3,30,813.000,813.000,1965.090,22.500,515.100,290.780,5.710,
0.200,4.500,4,30,976.000,976.000,1856.100,22.500,654.300,297.730,5.600,
0.200,4.500,5,30,994.000,994.000,2147.600,22.500,580.400,351.940,5.950,
0.200,4.500,6,30,727.000,727.000,2010.590,22.500,487.000,283.210,5.740,
0.200,4.500,7,30,814.000,814.000,1783.750,22.500,624.600,310.800,5.450,
0.200,4.500,8,30,831.000,831.000,1651.350,22.700,611.400,281.450,5.200,
0.200,4.500,9,30,769.000,769.000,1920.420,22.500,515.200,256.050,5.360,
0.200,5.000,0,30,825.000,825.000,2030.680,25.000,654.800,296.880,5.700,
0.200,5.000,1,30,836.000,836.000,1896.050,25.000,511.000,290.720,5.530,
0.200,5.000,2,30,998.000,998.000,1756.540,25.000,780.700,361.350,5.600,
0.200,5.000,3,30,939.000,939.000,1982.100,25.000,577.300,328.090,5.800,
0.200,5.000,4,30,773.000,773.000,1860.180,25.000,690.000,292.890,5.620,
0.200,5.000,5,30,974.000,974.000,2116.300,25.000,603.600,373.020,5.990,
0.200,5.000,6,30,855.000,855.000,2053.680,25.000,517.700,284.570,5.700,
0.200,5.000,7,29,1080.000,,3331.400,25.000,683.800,357.280,8.160,
0.200,5.000,8,30,955.000,955.000,1568.920,25.000,645.900,315.000,5.220,
0.200,5.000,9,30,939.000,939.000,1884.920,25.000,587.600,262.190,5.470,
0.200,5.500,0,30,856.000,856.000,2030.680,27.500,716.400,326.130,5.810,
0.200,5.500,1,30,827.000,827.000,1888.420,27.500,529.000,306.560,5.540,
0.200,5.500,2,27,1080.000,,3239.780,27.500,875.500,362.860,8.870,
0.200,5.500,3,30,1000.000,1000.000,1931.800,27.500,639.900,362.460,5.760,
0.200,5.500,4,30,859.000,859.000,1911.050,27.500,727.700,318.920,5.600,
0.200,5.500,5,27,1080.000,,3671.600,27.500,630.800,376.630,8.460,
0.200,5.500,6,29,1080.000,,3751.400,27.500,559.700,321.230,8.650,
0.200,5.500,7,26,1080.000,,3350.300,27.500,739.200,385.350,8.340,
0.200,5.500,8,30,995.000,995.000,1545.590,27.500,685.800,320.840,5.440,
0.200,5.500,9,29,1080.000,,3369.340,27.500,616.700,305.540,8.030,
0.200,6.000,0,30,926.000,926.000,2065.990,30.000,745.500,354.140,5.870,
0.200,6.000,1,29,1080.000,,3476.250,30.000,557.700,361.600,8.930,
0.200,6.000,2,25,1080.000,,3210.450,30.000,924.300,378.900,8.350,
0.200,6.000,3,29,1080.000,,3620.540,44.100,738.200,397.040,8.410,
0.200,6.000,4,29,1080.000,,3594.970,30.000,787.700,362.030,8.460,
0.200,6.000,5,26,1080.000,,3668.130,44.400,656.400,389.730,8.540,
0.200,6.000,6,27,1080.000,,3762.210,30.000,579.200,355.230,8.590,
0.200,6.000,7,25,1080.000,,3293.930,30.000,778.800,388.960,8.140,
0.200,6.000,8,29,1080.000,,2977.630,30.000,748.000,330.280,7.710,
0.200,6.000,9,28,1080.000,,3329.820,30.000,651.100,284.800,8.340,
0.200,6.500,0,28,1080.000,,3732.380,32.500,777.500,372.480,8.970,
0.200,6.500,1,28,1080.000,,3503.850,32.500,593.000,370.390,8.760,
0.200,6.500,2,24,1080.000,,3273.650,35.200,986.300,423.670,8.270,
0.200,6.500,3,27,1080.000,,3608.250,32.500,754.300,395.210,8.820,
0.200,6.500,4,26,1080.000,,3556.540,32.500,842.500,411.850,8.760,
0.200,6.500,5,25,1080.000,,3721.250,32.500,677.000,409.040,8.460,
0.200,6.500,6,26,1080.000,,3750.180,32.500,624.200,356.590,9.010,
0.200,6.500,7,23,1080.000,,3460.310,32.500,823.800,424.080,8.430,
0.200,6.500,8,27,1080.000,,2964.670,32.500,789.000,373.490,8.350,
0.200,6.500,9,28,1080.000,,3472.810,32.500,792.300,322.180,8.600,
0.200,7.000,0,26,1080.000,,3823.780,35.000,820.800,411.550,9.010,
0.200,7.000,1,27,1080.000,,3500.280,35.000,620.600,366.810,8.710,
0.200,7.000,2,23,1080.000,,3124.280,35.000,863.300,406.500,8.560,
0.200,7.000,3,25,1080.000,,3623.750,43.400,817.900,416.580,9.000,
0.200,7.000,4,26,1080.000,,3530.130,35.000,881.100,421.000,9.030,
0.200,7.000,5,22,1080.000,,3687.570,35.000,787.400,451.980,8.460,
0.200,7.000,6,25,1080.000,,3759.530,35.000,653.900,363.590,9.150,
0.200,7.000,7,22,1080.000,,3462.820,35.000,861.800,451.790,7.890,
0.200,7.000,8,23,1080.000,,2971.520,35.000,823.800,404.290,7.080,
0.200,7.000,9,25,1080.000,,3655.970,35.000,743.200,355.860,6.780,
