I_U,T_INT,seed,nodes_completed,sim_duration_s,total_survey_time_s,fleet_distance_m,conv_time_min_s,conv_time_max_s,conv_time_mean_s,wall_time_s,error
0.050,3.000,0,30,88.000,88.000,2176.440,15.000,49.700,20.230,7.480,
0.050,3.000,1,30,97.000,97.000,1883.990,15.000,63.800,25.520,6.880,
0.050,3.000,2,30,85.000,85.000,1872.900,15.000,44.400,22.200,6.740,
0.050,3.000,3,30,94.000,94.000,1884.770,15.000,45.200,23.400,6.980,
0.050,3.000,4,30,75.000,75.000,1825.070,15.000,40.400,20.850,6.670,
0.050,3.000,5,30,93.000,93.000,2095.620,15.000,59.300,24.000,7.440,
0.050,3.000,6,30,80.000,80.000,2014.210,15.000,46.400,22.240,7.280,
0.050,3.000,7,30,74.000,74.000,1866.550,15.000,65.100,21.050,6.600,
0.050,3.000,8,30,108.000,108.000,1677.280,15.000,53.300,22.390,6.600,
0.050,3.000,9,30,99.000,99.000,1987.310,15.000,42.600,21.940,7.400,
0.050,3.500,0,30,90.000,90.000,2176.440,17.500,52.000,22.160,7.340,
0.050,3.500,1,30,106.000,106.000,1876.490,17.500,69.700,29.550,6.900,
0.050,3.500,2,30,90.000,90.000,1940.520,17.500,52.800,22.950,6.900,
0.050,3.500,3,30,105.000,105.000,1936.050,17.500,49.000,28.450,7.130,
0.050,3.500,4,30,127.000,127.000,1853.390,17.500,70.300,25.450,6.990,
0.050,3.500,5,30,102.000,102.000,2091.270,17.500,65.200,28.560,7.510,
0.050,3.500,6,30,114.000,114.000,2027.290,17.500,66.300,28.390,7.170,
0.050,3.500,7,30,106.000,106.000,1823.890,17.500,73.500,28.740,6.760,
0.050,3.500,8,30,112.000,112.000,1666.280,17.500,57.500,25.500,6.700,
0.050,3.500,9,30,106.000,106.000,2003.440,17.500,46.800,25.540,7.190,
0.050,4.000,0,30,116.000,116.000,2183.250,20.000,59.200,27.100,6.790,
0.050,4.000,1,30,119.000,119.000,1873.190,20.000,80.900,32.820,6.750,
0.050,4.000,2,30,119.000,119.000,1944.710,20.000,65.400,26.410,6.550,
0.050,4.000,3,30,119.000,119.000,1892.900,20.000,60.400,31.600,6.950,
0.050,4.000,4,30,134.000,134.000,1830.120,20.000,76.700,29.900,6.230,
0.050,4.000,5,30,110.000,110.000,2094.500,20.000,70.700,32.130,7.100,
0.050,4.000,6,30,144.000,144.000,1977.370,20.000,79.000,32.070,7.070,
0.050,4.000,7,30,119.000,119.000,1933.880,20.000,80.300,30.410,6.830,
0.050,4.000,8,30,120.000,120.000,1694.860,20.000,59.600,26.270,6.580,
0.050,4.000,9,30,108.000,108.000,1999.770,20.000,45.800,28.560,6.810,
0.050,4.500,0,30,127.000,127.000,2159.170,22.500,63.700,28.790,7.380,
0.050,4.500,1,30,129.000,129.000,1865.200,22.500,87.200,35.550,6.830,
0.050,4.500,2,30,118.000,118.000,1953.500,22.500,61.900,29.000,6.370,
0.050,4.500,3,30,112.000,112.000,1881.570,22.500,70.600,34.240,6.850,
0.050,4.500,4,30,139.000,139.000,1833.260,22.500,80.400,34.660,6.700,
0.050,4.500,5,30,141.000,141.000,2086.320,22.500,73.700,41.960,6.710,
0.050,4.500,6,30,151.000,151.000,2003.600,22.500,87.100,37.610,7.200,
0.050,4.500,7,30,124.000,124.000,1934.030,22.500,91.000,34.410,6.950,
0.050,4.500,8,30,121.000,121.000,1713.350,22.500,60.700,29.190,6.540,
0.050,4.500,9,30,129.000,129.000,1989.790,22.500,75.500,30.630,6.950,
0.050,5.000,0,30,135.000,135.000,2177.790,25.000,68.900,33.590,7.470,
0.050,5.000,1,30,131.000,131.000,1857.580,25.000,86.500,39.900,6.700,
0.050,5.000,2,30,114.000,114.000,1932.940,25.000,60.200,33.650,7.070,
0.050,5.000,3,30,123.000,123.000,1888.380,25.000,72.500,38.700,6.780,
0.050,5.000,4,30,141.000,141.000,1833.260,25.000,81.500,37.050,6.520,
0.050,5.000,5,30,159.000,159.000,2086.320,25.000,80.600,45.420,7.130,
0.050,5.000,6,30,161.000,161.000,1968.650,25.000,91.500,40.620,6.690,
0.050,5.000,7,30,137.000,137.000,1888.260,25.000,95.600,39.300,6.650,
0.050,5.000,8,30,121.000,121.000,1696.280,25.000,58.600,32.340,6.370,
0.050,5.000,9,30,131.000,131.000,1987.440,25.000,78.900,34.660,7.150,
0.050,5.500,0,30,143.000,143.000,2136.460,27.500,70.500,37.660,6.810,
0.050,5.500,1,30,134.000,134.000,1860.990,27.500,92.600,43.170,6.570,
0.050,5.500,2,30,132.000,132.000,1977.610,27.500,72.500,37.080,6.790,
0.050,5.500,3,30,136.000,136.000,1888.490,27.500,84.300,43.430,7.290,
0.050,5.500,4,30,147.000,147.000,1846.430,27.500,86.900,41.180,7.560,
0.050,5.500,5,30,162.000,162.000,2086.320,27.500,87.800,47.600,7.310,
0.050,5.500,6,30,173.000,173.000,1984.990,27.500,99.200,44.160,7.340,
0.050,5.500,7,30,133.000,133.000,1858.840,27.500,100.100,44.200,6.250,
0.050,5.500,8,30,120.000,120.000,1717.510,27.500,92.900,35.900,7.120,
0.050,5.500,9,30,133.000,133.000,1987.430,27.500,79.900,36.830,6.520,
0.050,6.000,0,30,145.000,145.000,2126.360,30.000,73.700,38.540,7.010,
0.050,6.000,1,30,133.000,133.000,1871.460,30.000,98.600,44.670,6.870,
0.050,6.000,2,30,140.000,140.000,1904.210,30.000,76.000,41.000,6.860,
0.050,6.000,3,30,140.000,140.000,1902.430,30.000,87.200,45.480,6.870,
0.050,6.000,4,30,157.000,157.000,1859.270,30.000,94.900,44.680,7.020,
0.050,6.000,5,30,161.000,161.000,2099.160,30.000,100.000,50.310,7.580,
0.050,6.000,6,30,150.000,150.000,2019.920,30.000,100.400,45.550,7.290,
0.050,6.000,7,30,131.000,131.000,1848.560,30.000,105.000,46.340,6.670,
0.050,6.000,8,30,139.000,139.000,1650.190,30.000,99.700,43.280,6.510,
0.050,6.000,9,30,153.000,153.000,1929.880,30.000,82.700,44.010,6.990,
0.050,6.500,0,30,147.000,147.000,2142.840,32.500,79.000,41.310,7.120,
0.050,6.500,1,30,211.000,211.000,1865.870,32.500,120.200,53.190,6.580,
0.050,6.500,2,30,147.000,147.000,1911.860,32.500,84.500,43.460,6.910,
0.050,6.500,3,30,206.000,206.000,1899.460,32.500,122.800,53.870,7.060,
0.050,6.500,4,30,159.000,159.000,1865.510,32.500,93.400,47.970,6.920,
0.050,6.500,5,30,212.000,212.000,2134.460,32.500,108.100,54.760,7.530,
0.050,6.500,6,30,184.000,184.000,2013.270,32.500,104.200,51.030,7.110,
0.050,6.500,7,30,133.000,133.000,1871.540,32.500,109.300,48.690,6.780,
0.050,6.500,8,30,157.000,157.000,1618.140,32.500,105.500,48.240,6.950,
0.050,6.500,9,30,154.000,154.000,2054.340,32.500,86.300,48.160,7.120,
0.050,7.000,0,30,141.000,141.000,2098.020,35.000,84.200,43.700,7.040,
0.050,7.000,1,30,223.000,223.000,1880.100,35.000,130.300,54.690,6.670,
0.050,7.000,2,30,155.000,155.000,1911.860,35.000,82.300,46.670,6.990,
0.050,7.000,3,30,195.000,195.000,1899.460,35.000,128.100,56.560,7.290,
0.050,7.000,4,30,175.000,175.000,1880.810,35.000,108.300,52.780,7.150,
0.050,7.000,5,30,171.000,171.000,2148.490,35.000,110.200,55.280,7.060,
0.050,7.000,6,30,177.000,177.000,2060.430,35.000,135.200,56.240,7.100,
0.050,7.000,7,30,179.000,179.000,1871.540,35.000,116.100,51.440,6.900,
0.050,7.000,8,30,169.000,169.000,1611.190,35.000,109.900,51.950,6.910,
0.050,7.000,9,30,165.000,165.000,1981.180,35.000,91.900,52.660,7.190,
0.060,3.000,0,30,88.000,88.000,2176.440,15.000,49.700,20.230,7.110,
0.060,3.000,1,30,97.000,97.000,1883.990,15.000,63.800,25.520,6.500,
0.060,3.000,2,30,85.000,85.000,1872.900,15.000,44.400,22.200,7.200,
0.060,3.000,3,30,94.000,94.000,1884.770,15.000,45.200,23.400,6.800,
0.060,3.000,4,30,75.000,75.000,1825.070,15.000,40.400,20.850,6.450,
0.060,3.000,5,30,93.000,93.000,2095.620,15.000,59.300,24.000,8.080,
0.060,3.000,6,30,80.000,80.000,2014.210,15.000,46.400,22.240,7.000,
0.060,3.000,7,30,74.000,74.000,1866.550,15.000,65.100,21.050,7.240,
0.060,3.000,8,30,108.000,108.000,1677.280,15.000,53.300,22.390,7.430,
0.060,3.000,9,30,99.000,99.000,1987.310,15.000,42.600,21.940,7.320,
0.060,3.500,0,30,90.000,90.000,2176.440,17.500,52.000,22.160,7.560,
0.060,3.500,1,30,106.000,106.000,1876.490,17.500,69.700,29.550,6.640,
0.060,3.500,2,30,90.000,90.000,1940.520,17.500,52.800,22.950,6.580,
0.060,3.500,3,30,105.000,105.000,1936.050,17.500,49.000,28.450,7.140,
0.060,3.500,4,30,127.000,127.000,1853.390,17.500,70.300,25.450,6.710,
0.060,3.500,5,30,102.000,102.000,2091.270,17.500,65.200,28.560,7.020,
0.060,3.500,6,30,114.000,114.000,2027.290,17.500,66.300,28.390,7.310,
0.060,3.500,7,30,106.000,106.000,1823.890,17.500,73.500,28.740,6.900,
0.060,3.500,8,30,112.000,112.000,1666.280,17.500,57.500,25.500,7.140,
0.060,3.500,9,30,106.000,106.000,2003.440,17.500,46.800,25.540,7.130,
0.060,4.000,0,30,116.000,116.000,2183.250,20.000,59.200,27.100,7.000,
0.060,4.000,1,30,119.000,119.000,1873.190,20.000,80.900,32.820,7.270,
0.060,4.000,2,30,119.000,119.000,1944.710,20.000,65.400,26.410,7.110,
0.060,4.000,3,30,119.000,119.000,1892.900,20.000,60.400,31.600,7.450,
0.060,4.000,4,30,134.000,134.000,1830.120,20.000,76.700,29.900,7.260,
0.060,4.000,5,30,110.000,110.000,2094.500,20.000,70.700,32.130,7.220,
0.060,4.000,6,30,144.000,144.000,1977.370,20.000,79.000,32.070,6.900,
0.060,4.000,7,30,119.000,119.000,1933.880,20.000,80.300,30.410,7.020,
0.060,4.000,8,30,120.000,120.000,1694.860,20.000,59.600,26.270,6.650,
0.060,4.000,9,30,108.000,108.000,1999.770,20.000,45.800,28.560,7.100,
0.060,4.500,0,30,127.000,127.000,2159.170,22.500,63.700,28.790,7.740,
0.060,4.500,1,30,129.000,129.000,1865.200,22.500,87.200,35.550,7.160,
0.060,4.500,2,30,118.000,118.000,1953.500,22.500,61.900,29.000,7.340,
0.060,4.500,3,30,112.000,112.000,1881.570,22.500,70.600,34.240,7.170,
0.060,4.500,4,30,139.000,139.000,1833.260,22.500,80.400,34.660,6.810,
0.060,4.500,5,30,141.000,141.000,2086.320,22.500,73.700,41.960,7.410,
0.060,4.500,6,30,151.000,151.000,2003.600,22.500,87.100,37.610,7.470,
0.060,4.500,7,30,124.000,124.000,1934.030,22.500,91.000,34.410,7.210,
0.060,4.500,8,30,121.000,121.000,1713.350,22.500,60.700,29.190,7.150,
0.060,4.500,9,30,129.000,129.000,1989.790,22.500,75.500,30.630,7.250,
0.060,5.000,0,30,135.000,135.000,2177.790,25.000,68.900,33.590,7.080,
0.060,5.000,1,30,131.000,131.000,1857.580,25.000,86.500,39.900,6.960,
0.060,5.000,2,30,114.000,114.000,1932.940,25.000,60.200,33.650,7.130,
0.060,5.000,3,30,123.000,123.000,1888.380,25.000,72.500,38.700,7.490,
0.060,5.000,4,30,141.000,141.000,1833.260,25.000,81.500,37.050,6.920,
0.060,5.000,5,30,159.000,159.000,2086.320,25.000,80.600,45.420,7.800,
0.060,5.000,6,30,161.000,161.000,1968.650,25.000,91.500,40.620,7.120,
0.060,5.000,7,30,137.000,137.000,1888.260,25.000,95.600,39.300,6.610,
0.060,5.000,8,30,121.000,121.000,1696.280,25.000,58.600,32.340,6.910,
0.060,5.000,9,30,131.000,131.000,1987.440,25.000,78.900,34.660,7.380,
0.060,5.500,0,30,143.000,143.000,2136.460,27.500,70.500,37.660,7.400,
0.060,5.500,1,30,134.000,134.000,1860.990,27.500,92.600,43.170,7.710,
0.060,5.500,2,30,132.000,132.000,1977.610,27.500,72.500,37.080,7.740,
0.060,5.500,3,30,136.000,136.000,1888.490,27.500,84.300,43.430,7.240,
0.060,5.500,4,30,147.000,147.000,1846.430,27.500,86.900,41.180,7.400,
0.060,5.500,5,30,162.000,162.000,2086.320,27.500,87.800,47.600,7.730,
0.060,5.500,6,30,173.000,173.000,1984.990,27.500,99.200,44.160,7.520,
0.060,5.500,7,30,133.000,133.000,1858.840,27.500,100.100,44.200,7.460,
0.060,5.500,8,30,120.000,120.000,1717.510,27.500,92.900,35.900,7.280,
0.060,5.500,9,30,133.000,133.000,1987.430,27.500,79.900,36.830,7.410,
0.060,6.000,0,30,145.000,145.000,2126.360,30.000,73.700,38.540,7.390,
0.060,6.000,1,30,133.000,133.000,1871.460,30.000,98.600,44.670,7.490,
0.060,6.000,2,30,140.000,140.000,1904.210,30.000,76.000,41.000,6.980,
0.060,6.000,3,30,140.000,140.000,1902.430,30.000,87.200,45.480,7.410,
0.060,6.000,4,30,157.000,157.000,1859.270,30.000,94.900,44.680,7.270,
0.060,6.000,5,30,161.000,161.000,2099.160,30.000,100.000,50.310,7.850,
0.060,6.000,6,30,150.000,150.000,2019.920,30.000,100.400,45.550,7.380,
0.060,6.000,7,30,131.000,131.000,1848.560,30.000,105.000,46.340,7.450,
0.060,6.000,8,30,139.000,139.000,1650.190,30.000,99.700,43.280,6.800,
0.060,6.000,9,30,153.000,153.000,1929.880,30.000,82.700,44.010,6.970,
0.060,6.500,0,30,147.000,147.000,2142.840,32.500,79.000,41.310,7.140,
0.060,6.500,1,30,211.000,211.000,1865.870,32.500,120.200,53.190,7.520,
0.060,6.500,2,30,147.000,147.000,1911.860,32.500,84.500,43.460,7.220,
0.060,6.500,3,30,206.000,206.000,1899.460,32.500,122.800,53.870,7.570,
0.060,6.500,4,30,159.000,159.000,1865.510,32.500,93.400,47.970,6.870,
0.060,6.500,5,30,212.000,212.000,2134.460,32.500,108.100,54.760,7.320,
0.060,6.500,6,30,184.000,184.000,2013.270,32.500,104.200,51.030,7.430,
0.060,6.500,7,30,133.000,133.000,1871.540,32.500,109.300,48.690,7.240,
0.060,6.500,8,30,157.000,157.000,1618.140,32.500,105.500,48.240,7.360,
0.060,6.500,9,30,154.000,154.000,2054.340,32.500,86.300,48.160,7.390,
0.060,7.000,0,30,141.000,141.000,2098.020,35.000,84.200,43.700,7.430,
0.060,7.000,1,30,223.000,223.000,1880.100,35.000,130.300,54.690,7.490,
0.060,7.000,2,30,155.000,155.000,1911.860,35.000,82.300,46.670,6.710,
0.060,7.000,3,30,195.000,195.000,1899.460,35.000,128.100,56.560,7.870,
0.060,7.000,4,30,175.000,175.000,1880.810,35.000,108.300,52.780,7.420,
0.060,7.000,5,30,171.000,171.000,2148.490,35.000,110.200,55.280,7.460,
0.060,7.000,6,30,177.000,177.000,2060.430,35.000,135.200,56.240,7.950,
0.060,7.000,7,30,179.000,179.000,1871.540,35.000,116.100,51.440,6.850,
0.060,7.000,8,30,169.000,169.000,1611.190,35.000,109.900,51.950,6.650,
0.060,7.000,9,30,165.000,165.000,1981.180,35.000,91.900,52.660,7.020,
0.070,3.000,0,30,88.000,88.000,2176.440,15.000,49.700,20.230,7.630,
0.070,3.000,1,30,97.000,97.000,1883.990,15.000,63.800,25.520,7.110,
0.070,3.000,2,30,85.000,85.000,1872.900,15.000,44.400,22.200,6.910,
0.070,3.000,3,30,94.000,94.000,1884.770,15.000,45.200,23.400,7.260,
0.070,3.000,4,30,75.000,75.000,1825.070,15.000,40.400,20.850,7.480,
0.070,3.000,5,30,93.000,93.000,2095.620,15.000,59.300,24.000,7.500,
0.070,3.000,6,30,80.000,80.000,2014.210,15.000,46.400,22.240,7.460,
0.070,3.000,7,30,74.000,74.000,1866.550,15.000,65.100,21.050,6.820,
0.070,3.000,8,30,108.000,108.000,1677.280,15.000,53.300,22.390,7.010,
0.070,3.000,9,30,99.000,99.000,1987.310,15.000,42.600,21.940,7.660,
0.070,3.500,0,30,90.000,90.000,2176.440,17.500,52.000,22.160,7.250,
0.070,3.500,1,30,106.000,106.000,1876.490,17.500,69.700,29.550,6.980,
0.070,3.500,2,30,90.000,90.000,1940.520,17.500,52.800,22.950,7.110,
0.070,3.500,3,30,105.000,105.000,1936.050,17.500,49.000,28.450,7.490,
0.070,3.500,4,30,127.000,127.000,1853.390,17.500,70.300,25.450,7.140,
0.070,3.500,5,30,102.000,102.000,2091.270,17.500,65.200,28.560,7.540,
0.070,3.500,6,30,114.000,114.000,2027.290,17.500,66.300,28.390,7.710,
0.070,3.500,7,30,106.000,106.000,1823.890,17.500,73.500,28.740,7.020,
0.070,3.500,8,30,112.000,112.000,1666.280,17.500,57.500,25.500,7.150,
0.070,3.500,9,30,106.000,106.000,2003.440,17.500,46.800,25.540,7.420,
0.070,4.000,0,30,116.000,116.000,2183.250,20.000,59.200,27.100,7.260,
0.070,4.000,1,30,119.000,119.000,1873.190,20.000,80.900,32.820,7.270,
0.070,4.000,2,30,119.000,119.000,1944.710,20.000,65.400,26.410,7.040,
0.070,4.000,3,30,119.000,119.000,1892.900,20.000,60.400,31.600,7.180,
0.070,4.000,4,30,134.000,134.000,1830.120,20.000,76.700,29.900,7.250,
0.070,4.000,5,30,110.000,110.000,2094.500,20.000,70.700,32.130,8.020,
0.070,4.000,6,30,144.000,144.000,1977.370,20.000,79.000,32.070,7.170,
0.070,4.000,7,30,119.000,119.000,1933.880,20.000,80.300,30.410,7.080,
0.070,4.000,8,30,120.000,120.000,1694.860,20.000,59.600,26.270,7.040,
0.070,4.000,9,30,108.000,108.000,1999.770,20.000,45.800,28.560,7.600,
0.070,4.500,0,30,127.000,127.000,2159.170,22.500,63.700,28.790,7.930,
0.070,4.500,1,30,129.000,129.000,1865.200,22.500,87.200,35.550,7.460,
0.070,4.500,2,30,118.000,118.000,1953.500,22.500,61.900,29.000,6.940,
0.070,4.500,3,30,112.000,112.000,1881.570,22.500,70.600,34.240,7.510,
0.070,4.500,4,30,139.000,139.000,1833.260,22.500,80.400,34.660,7.400,
0.070,4.500,5,30,141.000,141.000,2086.320,22.500,73.700,41.960,7.270,
0.070,4.500,6,30,151.000,151.000,2003.600,22.500,87.100,37.610,7.280,
0.070,4.500,7,30,124.000,124.000,1934.030,22.500,91.000,34.410,7.110,
0.070,4.500,8,30,121.000,121.000,1713.350,22.500,60.700,29.190,6.990,
0.070,4.500,9,30,129.000,129.000,1989.790,22.500,75.500,30.630,7.420,
0.070,5.000,0,30,135.000,135.000,2177.790,25.000,68.900,33.590,7.700,
0.070,5.000,1,30,131.000,131.000,1857.580,25.000,86.500,39.900,7.510,
0.070,5.000,2,30,114.000,114.000,1932.940,25.000,60.200,33.650,7.140,
0.070,5.000,3,30,123.000,123.000,1888.380,25.000,72.500,38.700,7.390,
0.070,5.000,4,30,141.000,141.000,1833.260,25.000,81.500,37.050,6.900,
0.070,5.000,5,30,159.000,159.000,2086.320,25.000,80.600,45.420,7.370,
0.070,5.000,6,30,161.000,161.000,1968.650,25.000,91.500,40.620,7.290,
0.070,5.000,7,30,137.000,137.000,1888.260,25.000,95.600,39.300,6.480,
0.070,5.000,8,30,121.000,121.000,1696.280,25.000,58.600,32.340,7.070,
0.070,5.000,9,30,131.000,131.000,1987.440,25.000,78.900,34.660,7.340,
0.070,5.500,0,30,143.000,143.000,2136.460,27.500,70.500,37.660,7.320,
0.070,5.500,1,30,134.000,134.000,1860.990,27.500,92.600,43.170,7.180,
0.070,5.500,2,30,132.000,132.000,1977.610,27.500,72.500,37.080,7.570,
0.070,5.500,3,30,136.000,136.000,1888.490,27.500,84.300,43.430,7.490,
0.070,5.500,4,30,147.000,147.000,1846.430,27.500,86.900,41.180,7.160,
0.070,5.500,5,30,162.000,162.000,2086.320,27.500,87.800,47.600,7.990,
0.070,5.500,6,30,173.000,173.000,1984.990,27.500,99.200,44.160,7.420,
0.070,5.500,7,30,133.000,133.000,1858.840,27.500,100.100,44.200,6.740,
0.070,5.500,8,30,120.000,120.000,1717.510,27.500,92.900,35.900,6.860,
0.070,5.500,9,30,133.000,133.000,1987.430,27.500,79.900,36.830,7.550,
0.070,6.000,0,30,145.000,145.000,2126.360,30.000,73.700,38.540,7.330,
0.070,6.000,1,30,133.000,133.000,1871.460,30.000,98.600,44.670,7.600,
0.070,6.000,2,30,140.000,140.000,1904.210,30.000,76.000,41.000,7.050,
0.070,6.000,3,30,140.000,140.000,1902.430,30.000,87.200,45.480,7.120,
0.070,6.000,4,30,157.000,157.000,1859.270,30.000,94.900,44.680,7.060,
0.070,6.000,5,30,161.000,161.000,2099.160,30.000,100.000,50.310,7.630,
0.070,6.000,6,30,150.000,150.000,2019.920,30.000,100.400,45.550,7.770,
0.070,6.000,7,30,131.000,131.000,1848.560,30.000,105.000,46.340,7.100,
0.070,6.000,8,30,139.000,139.000,1650.190,30.000,99.700,43.280,7.410,
0.070,6.000,9,30,153.000,153.000,1929.880,30.000,82.700,44.010,8.020,
0.070,6.500,0,30,147.000,147.000,2142.840,32.500,79.000,41.310,7.700,
0.070,6.500,1,30,211.000,211.000,1865.870,32.500,120.200,53.190,7.360,
0.070,6.500,2,30,147.000,147.000,1911.860,32.500,84.500,43.460,7.140,
0.070,6.500,3,30,206.000,206.000,1899.460,32.500,122.800,53.870,7.740,
0.070,6.500,4,30,159.000,159.000,1865.510,32.500,93.400,47.970,7.440,
0.070,6.500,5,30,212.000,212.000,2134.460,32.500,108.100,54.760,7.970,
0.070,6.500,6,30,184.000,184.000,2013.270,32.500,104.200,51.030,7.680,
0.070,6.500,7,30,133.000,133.000,1871.540,32.500,109.300,48.690,7.430,
0.070,6.500,8,30,157.000,157.000,1618.140,32.500,105.500,48.240,7.280,
0.070,6.500,9,30,154.000,154.000,2054.340,32.500,86.300,48.160,7.650,
0.070,7.000,0,30,141.000,141.000,2098.020,35.000,84.200,43.700,7.270,
0.070,7.000,1,30,223.000,223.000,1880.100,35.000,130.300,54.690,7.660,
0.070,7.000,2,30,155.000,155.000,1911.860,35.000,82.300,46.670,7.190,
0.070,7.000,3,30,195.000,195.000,1899.460,35.000,128.100,56.560,7.510,
0.070,7.000,4,30,175.000,175.000,1880.810,35.000,108.300,52.780,7.630,
0.070,7.000,5,30,171.000,171.000,2148.490,35.000,110.200,55.280,7.780,
0.070,7.000,6,30,177.000,177.000,2060.430,35.000,135.200,56.240,7.650,
0.070,7.000,7,30,179.000,179.000,1871.540,35.000,116.100,51.440,7.010,
0.070,7.000,8,30,169.000,169.000,1611.190,35.000,109.900,51.950,6.480,
0.070,7.000,9,30,165.000,165.000,1981.180,35.000,91.900,52.660,8.020,
0.080,3.000,0,30,88.000,88.000,2176.440,15.000,49.700,20.230,7.810,
0.080,3.000,1,30,97.000,97.000,1883.990,15.000,63.800,25.520,6.940,
0.080,3.000,2,30,85.000,85.000,1872.900,15.000,44.400,22.200,7.330,
0.080,3.000,3,30,94.000,94.000,1884.770,15.000,45.200,23.400,7.570,
0.080,3.000,4,30,75.000,75.000,1825.070,15.000,40.400,20.850,7.190,
0.080,3.000,5,30,93.000,93.000,2095.620,15.000,59.300,24.000,7.350,
0.080,3.000,6,30,80.000,80.000,2014.210,15.000,46.400,22.240,7.610,
0.080,3.000,7,30,74.000,74.000,1866.550,15.000,65.100,21.050,6.990,
0.080,3.000,8,30,108.000,108.000,1677.280,15.000,53.300,22.390,7.170,
0.080,3.000,9,30,99.000,99.000,1987.310,15.000,42.600,21.940,8.050,
0.080,3.500,0,30,90.000,90.000,2176.440,17.500,52.000,22.160,7.440,
0.080,3.500,1,30,106.000,106.000,1876.490,17.500,69.700,29.550,7.400,
0.080,3.500,2,30,90.000,90.000,1940.520,17.500,52.800,22.950,7.240,
0.080,3.500,3,30,105.000,105.000,1936.050,17.500,49.000,28.450,7.280,
0.080,3.500,4,30,127.000,127.000,1853.390,17.500,70.300,25.450,7.650,
0.080,3.500,5,30,102.000,102.000,2091.270,17.500,65.200,28.560,7.730,
0.080,3.500,6,30,114.000,114.000,2027.290,17.500,66.300,28.390,7.520,
0.080,3.500,7,30,106.000,106.000,1823.890,17.500,73.500,28.740,7.040,
0.080,3.500,8,30,112.000,112.000,1666.280,17.500,57.500,25.500,7.380,
0.080,3.500,9,30,106.000,106.000,2003.440,17.500,46.800,25.540,8.200,
0.080,4.000,0,30,116.000,116.000,2183.250,20.000,59.200,27.100,7.750,
0.080,4.000,1,30,119.000,119.000,1873.190,20.000,80.900,32.820,8.070,
0.080,4.000,2,30,119.000,119.000,1944.710,20.000,65.400,26.410,7.720,
0.080,4.000,3,30,119.000,119.000,1892.900,20.000,60.400,31.600,7.340,
0.080,4.000,4,30,134.000,134.000,1830.120,20.000,76.700,29.900,7.560,
0.080,4.000,5,30,110.000,110.000,2094.500,20.000,70.700,32.130,7.390,
0.080,4.000,6,30,144.000,144.000,1977.370,20.000,79.000,32.070,7.800,
0.080,4.000,7,30,119.000,119.000,1933.880,20.000,80.300,30.410,7.160,
0.080,4.000,8,30,120.000,120.000,1694.860,20.000,59.600,26.270,7.570,
0.080,4.000,9,30,108.000,108.000,1999.770,20.000,45.800,28.560,7.790,
0.080,4.500,0,30,127.000,127.000,2159.170,22.500,63.700,28.790,8.130,
0.080,4.500,1,30,129.000,129.000,1865.200,22.500,87.200,35.550,7.520,
0.080,4.500,2,30,118.000,118.000,1953.500,22.500,61.900,29.000,7.270,
0.080,4.500,3,30,112.000,112.000,1881.570,22.500,70.600,34.240,7.610,
0.080,4.500,4,30,139.000,139.000,1833.260,22.500,80.400,34.660,7.550,
0.080,4.500,5,30,141.000,141.000,2086.320,22.500,73.700,41.960,7.490,
0.080,4.500,6,30,151.000,151.000,2003.600,22.500,87.100,37.610,7.480,
0.080,4.500,7,30,124.000,124.000,1934.030,22.500,91.000,34.410,7.800,
0.080,4.500,8,30,121.000,121.000,1713.350,22.500,60.700,29.190,7.810,
0.080,4.500,9,30,129.000,129.000,1989.790,22.500,75.500,30.630,7.760,
0.080,5.000,0,30,135.000,135.000,2177.790,25.000,68.900,33.590,7.720,
0.080,5.000,1,30,131.000,131.000,1857.580,25.000,86.500,39.900,7.670,
0.080,5.000,2,30,114.000,114.000,1932.940,25.000,60.200,33.650,7.600,
0.080,5.000,3,30,123.000,123.000,1888.380,25.000,72.500,38.700,7.240,
0.080,5.000,4,30,141.000,141.000,1833.260,25.000,81.500,37.050,7.360,
0.080,5.000,5,30,159.000,159.000,2086.320,25.000,80.600,45.420,8.140,
0.080,5.000,6,30,161.000,161.000,1968.650,25.000,91.500,40.620,7.510,
0.080,5.000,7,30,137.000,137.000,1888.260,25.000,95.600,39.300,7.450,
0.080,5.000,8,30,121.000,121.000,1696.280,25.000,58.600,32.340,7.280,
0.080,5.000,9,30,131.000,131.000,1987.440,25.000,78.900,34.660,7.690,
0.080,5.500,0,30,143.000,143.000,2136.460,27.500,70.500,37.660,7.570,
0.080,5.500,1,30,134.000,134.000,1860.990,27.500,92.600,43.170,7.350,
0.080,5.500,2,30,132.000,132.000,1977.610,27.500,72.500,37.080,8.010,
0.080,5.500,3,30,136.000,136.000,1888.490,27.500,84.300,43.430,7.580,
0.080,5.500,4,30,147.000,147.000,1846.430,27.500,86.900,41.180,7.690,
0.080,5.500,5,30,162.000,162.000,2086.320,27.500,87.800,47.600,8.440,
0.080,5.500,6,30,173.000,173.000,1984.990,27.500,99.200,44.160,7.540,
0.080,5.500,7,30,133.000,133.000,1858.840,27.500,100.100,44.200,7.450,
0.080,5.500,8,30,120.000,120.000,1717.510,27.500,92.900,35.900,7.320,
0.080,5.500,9,30,133.000,133.000,1987.430,27.500,79.900,36.830,7.600,
0.080,6.000,0,30,145.000,145.000,2126.360,30.000,73.700,38.540,7.770,
0.080,6.000,1,30,133.000,133.000,1871.460,30.000,98.600,44.670,7.470,
0.080,6.000,2,30,140.000,140.000,1904.210,30.000,76.000,41.000,7.190,
0.080,6.000,3,30,140.000,140.000,1902.430,30.000,87.200,45.480,8.020,
0.080,6.000,4,30,157.000,157.000,1859.270,30.000,94.900,44.680,7.430,
0.080,6.000,5,30,161.000,161.000,2099.160,30.000,100.000,50.310,8.350,
0.080,6.000,6,30,150.000,150.000,2019.920,30.000,100.400,45.550,7.370,
0.080,6.000,7,30,131.000,131.000,1848.560,30.000,105.000,46.340,7.730,
0.080,6.000,8,30,139.000,139.000,1650.190,30.000,99.700,43.280,7.230,
0.080,6.000,9,30,153.000,153.000,1929.880,30.000,82.700,44.010,7.790,
0.080,6.500,0,30,147.000,147.000,2142.840,32.500,79.000,41.310,7.850,
0.080,6.500,1,30,211.000,211.000,1865.870,32.500,120.200,53.190,7.620,
0.080,6.500,2,30,147.000,147.000,1911.860,32.500,84.500,43.460,7.610,
0.080,6.500,3,30,206.000,206.000,1899.460,32.500,122.800,53.870,8.020,
0.080,6.500,4,30,159.000,159.000,1865.510,32.500,93.400,47.970,7.210,
0.080,6.500,5,30,212.000,212.000,2134.460,32.500,108.100,54.760,7.600,
0.080,6.500,6,30,184.000,184.000,2013.270,32.500,104.200,51.030,7.650,
0.080,6.500,7,30,133.000,133.000,1871.540,32.500,109.300,48.690,8.060,
0.080,6.500,8,30,157.000,157.000,1618.140,32.500,105.500,48.240,7.680,
0.080,6.500,9,30,154.000,154.000,2054.340,32.500,86.300,48.160,7.960,
0.080,7.000,0,30,141.000,141.000,2098.020,35.000,84.200,43.700,7.780,
0.080,7.000,1,30,223.000,223.000,1880.100,35.000,130.300,54.690,7.130,
0.080,7.000,2,30,155.000,155.000,1911.860,35.000,82.300,46.670,7.430,
0.080,7.000,3,30,195.000,195.000,1899.460,35.000,128.100,56.560,8.080,
0.080,7.000,4,30,175.000,175.000,1880.810,35.000,108.300,52.780,8.010,
0.080,7.000,5,30,171.000,171.000,2148.490,35.000,110.200,55.280,7.900,
0.080,7.000,6,30,177.000,177.000,2060.430,35.000,135.200,56.240,7.900,
0.080,7.000,7,30,179.000,179.000,1871.540,35.000,116.100,51.440,7.390,
0.080,7.000,8,30,169.000,169.000,1611.190,35.000,109.900,51.950,7.480,
0.080,7.000,9,30,165.000,165.000,1981.180,35.000,91.900,52.660,7.640,
0.090,3.000,0,30,88.000,88.000,2176.440,15.000,49.700,20.230,7.930,
0.090,3.000,1,30,97.000,97.000,1883.990,15.000,63.800,25.520,7.190,
0.090,3.000,2,30,85.000,85.000,1872.900,15.000,44.400,22.200,7.330,
0.090,3.000,3,30,94.000,94.000,1884.770,15.000,45.200,23.400,7.590,
0.090,3.000,4,30,75.000,75.000,1825.070,15.000,40.400,20.850,7.740,
0.090,3.000,5,30,93.000,93.000,2095.620,15.000,59.300,24.000,8.340,
0.090,3.000,6,30,80.000,80.000,2014.210,15.000,46.400,22.240,8.430,
0.090,3.000,7,30,74.000,74.000,1866.550,15.000,65.100,21.050,7.740,
0.090,3.000,8,30,108.000,108.000,1677.280,15.000,53.300,22.390,7.460,
0.090,3.000,9,30,99.000,99.000,1987.310,15.000,42.600,21.940,8.190,
0.090,3.500,0,30,90.000,90.000,2176.440,17.500,52.000,22.160,8.310,
0.090,3.500,1,30,106.000,106.000,1876.490,17.500,69.700,29.550,7.970,
0.090,3.500,2,30,90.000,90.000,1940.520,17.500,52.800,22.950,7.910,
0.090,3.500,3,30,105.000,105.000,1936.050,17.500,49.000,28.450,8.430,
0.090,3.500,4,30,127.000,127.000,1853.390,17.500,70.300,25.450,7.900,
0.090,3.500,5,30,102.000,102.000,2091.270,17.500,65.200,28.560,8.380,
0.090,3.500,6,30,114.000,114.000,2027.290,17.500,66.300,28.390,8.070,
0.090,3.500,7,30,106.000,106.000,1823.890,17.500,73.500,28.740,8.170,
0.090,3.500,8,30,112.000,112.000,1666.280,17.500,57.500,25.500,7.550,
0.090,3.500,9,30,106.000,106.000,2003.440,17.500,46.800,25.540,8.940,
0.090,4.000,0,30,116.000,116.000,2183.250,20.000,59.200,27.100,9.360,
0.090,4.000,1,30,119.000,119.000,1873.190,20.000,80.900,32.820,8.800,
0.090,4.000,2,30,119.000,119.000,1944.710,20.000,65.400,26.410,8.660,
0.090,4.000,3,30,119.000,119.000,1892.900,20.000,60.400,31.600,9.190,
0.090,4.000,4,30,134.000,134.000,1830.120,20.000,76.700,29.900,9.210,
0.090,4.000,5,30,110.000,110.000,2094.500,20.000,70.700,32.130,9.580,
0.090,4.000,6,30,144.000,144.000,1977.370,20.000,79.000,32.070,9.410,
0.090,4.000,7,30,119.000,119.000,1933.880,20.000,80.300,30.410,8.970,
0.090,4.000,8,30,120.000,120.000,1694.860,20.000,59.600,26.270,9.020,
0.090,4.000,9,30,108.000,108.000,1999.770,20.000,45.800,28.560,8.560,
0.090,4.500,0,30,127.000,127.000,2159.170,22.500,63.700,28.790,8.350,
0.090,4.500,1,30,129.000,129.000,1865.200,22.500,87.200,35.550,8.430,
0.090,4.500,2,30,118.000,118.000,1953.500,22.500,61.900,29.000,8.110,
0.090,4.500,3,30,112.000,112.000,1881.570,22.500,70.600,34.240,7.840,
0.090,4.500,4,30,139.000,139.000,1833.260,22.500,80.400,34.660,7.780,
0.090,4.500,5,30,141.000,141.000,2086.320,22.500,73.700,41.960,8.240,
0.090,4.500,6,30,151.000,151.000,2003.600,22.500,87.100,37.610,8.160,
0.090,4.500,7,30,124.000,124.000,1934.030,22.500,91.000,34.410,7.610,
0.090,4.500,8,30,121.000,121.000,1713.350,22.500,60.700,29.190,7.460,
0.090,4.500,9,30,129.000,129.000,1989.790,22.500,75.500,30.630,7.600,
0.090,5.000,0,30,135.000,135.000,2177.790,25.000,68.900,33.590,7.850,
0.090,5.000,1,30,131.000,131.000,1857.580,25.000,86.500,39.900,7.350,
0.090,5.000,2,30,114.000,114.000,1932.940,25.000,60.200,33.650,7.870,
0.090,5.000,3,30,123.000,123.000,1888.380,25.000,72.500,38.700,7.910,
0.090,5.000,4,30,141.000,141.000,1833.260,25.000,81.500,37.050,7.670,
0.090,5.000,5,30,159.000,159.000,2086.320,25.000,80.600,45.420,7.570,
0.090,5.000,6,30,161.000,161.000,1968.650,25.000,91.500,40.620,7.850,
0.090,5.000,7,30,137.000,137.000,1888.260,25.000,95.600,39.300,7.160,
0.090,5.000,8,30,121.000,121.000,1696.280,25.000,58.600,32.340,7.250,
0.090,5.000,9,30,131.000,131.000,1987.440,25.000,78.900,34.660,7.650,
0.090,5.500,0,30,143.000,143.000,2136.460,27.500,70.500,37.660,7.980,
0.090,5.500,1,30,134.000,134.000,1860.990,27.500,92.600,43.170,7.540,
0.090,5.500,2,30,132.000,132.000,1977.610,27.500,72.500,37.080,7.490,
0.090,5.500,3,30,136.000,136.000,1888.490,27.500,84.300,43.430,7.650,
0.090,5.500,4,30,147.000,147.000,1846.430,27.500,86.900,41.180,7.810,
0.090,5.500,5,30,162.000,162.000,2086.320,27.500,87.800,47.600,8.150,
0.090,5.500,6,30,173.000,173.000,1984.990,27.500,99.200,44.160,7.910,
0.090,5.500,7,30,133.000,133.000,1858.840,27.500,100.100,44.200,7.590,
0.090,5.500,8,30,120.000,120.000,1717.510,27.500,92.900,35.900,7.580,
0.090,5.500,9,30,133.000,133.000,1987.430,27.500,79.900,36.830,8.020,
0.090,6.000,0,30,145.000,145.000,2126.360,30.000,73.700,38.540,7.500,
0.090,6.000,1,30,133.000,133.000,1871.460,30.000,98.600,44.670,7.290,
0.090,6.000,2,30,140.000,140.000,1904.210,30.000,76.000,41.000,7.450,
0.090,6.000,3,30,140.000,140.000,1902.430,30.000,87.200,45.480,7.590,
0.090,6.000,4,30,157.000,157.000,1859.270,30.000,94.900,44.680,7.410,
0.090,6.000,5,30,161.000,161.000,2099.160,30.000,100.000,50.320,8.410,
0.090,6.000,6,30,150.000,150.000,2019.920,30.000,100.400,45.550,7.980,
0.090,6.000,7,30,131.000,131.000,1848.560,30.000,105.000,46.340,7.050,
0.090,6.000,8,30,139.000,139.000,1650.190,30.000,99.700,43.280,7.280,
0.090,6.000,9,30,153.000,153.000,1929.880,30.000,82.700,44.010,7.870,
0.090,6.500,0,30,147.000,147.000,2142.840,32.500,79.000,41.310,8.030,
0.090,6.500,1,30,211.000,211.000,1865.870,32.500,120.200,53.190,7.650,
0.090,6.500,2,30,147.000,147.000,1911.860,32.500,84.500,43.460,7.570,
0.090,6.500,3,30,206.000,206.000,1899.460,32.500,122.800,53.870,7.850,
0.090,6.500,4,30,159.000,159.000,1865.510,32.500,93.400,47.970,7.500,
0.090,6.500,5,30,212.000,212.000,2134.460,32.500,108.100,54.760,7.920,
0.090,6.500,6,30,184.000,184.000,2013.270,32.500,104.200,51.030,7.620,
0.090,6.500,7,30,133.000,133.000,1871.540,32.500,109.300,48.690,7.200,
0.090,6.500,8,30,157.000,157.000,1618.140,32.500,105.500,48.240,7.240,
0.090,6.500,9,30,154.000,154.000,2054.340,32.500,86.300,48.160,8.110,
0.090,7.000,0,30,141.000,141.000,2098.020,35.000,84.200,43.700,7.760,
0.090,7.000,1,30,223.000,223.000,1880.100,35.000,130.300,54.690,7.330,
0.090,7.000,2,30,155.000,155.000,1911.860,35.000,82.300,46.670,7.470,
0.090,7.000,3,30,195.000,195.000,1899.460,35.000,128.100,56.560,7.640,
0.090,7.000,4,30,175.000,175.000,1880.810,35.000,108.300,52.780,7.260,
0.090,7.000,5,30,171.000,171.000,2148.490,35.000,110.200,55.280,8.120,
0.090,7.000,6,30,177.000,177.000,2060.430,35.000,135.200,56.240,8.220,
0.090,7.000,7,30,179.000,179.000,1871.540,35.000,116.100,51.440,7.670,
0.090,7.000,8,30,169.000,169.000,1611.190,35.000,109.900,51.950,7.420,
0.090,7.000,9,30,165.000,165.000,1981.180,35.000,91.900,52.660,7.660,
0.100,3.000,0,30,88.000,88.000,2176.440,15.000,49.700,20.230,8.070,
0.100,3.000,1,30,97.000,97.000,1883.990,15.000,63.800,26.040,7.280,
0.100,3.000,2,30,85.000,85.000,1872.900,15.000,44.400,22.200,7.320,
0.100,3.000,3,30,94.000,94.000,1884.770,15.000,45.200,23.400,7.710,
0.100,3.000,4,30,75.000,75.000,1825.070,15.000,40.400,20.850,7.230,
0.100,3.000,5,30,93.000,93.000,2095.620,15.000,59.300,24.000,7.910,
0.100,3.000,6,30,80.000,80.000,2014.210,15.000,46.400,22.240,7.980,
0.100,3.000,7,30,75.000,75.000,1866.550,15.000,66.100,21.080,7.380,
0.100,3.000,8,30,108.000,108.000,1677.280,15.000,53.300,22.390,7.320,
0.100,3.000,9,30,99.000,99.000,1987.310,15.000,42.600,21.940,8.520,
0.100,3.500,0,30,90.000,90.000,2176.440,17.500,52.000,22.160,7.500,
0.100,3.500,1,30,106.000,106.000,1876.490,17.500,69.700,29.550,7.990,
0.100,3.500,2,30,90.000,90.000,1940.520,17.500,52.800,22.950,8.180,
0.100,3.500,3,30,105.000,105.000,1936.050,17.500,49.000,28.450,7.390,
0.100,3.500,4,30,127.000,127.000,1853.390,17.500,70.300,25.450,7.730,
0.100,3.500,5,30,102.000,102.000,2091.270,17.500,65.200,28.560,8.340,
0.100,3.500,6,30,125.000,125.000,2027.290,17.500,89.000,29.360,7.730,
0.100,3.500,7,30,106.000,106.000,1823.890,17.500,73.500,28.740,6.830,
0.100,3.500,8,30,112.000,112.000,1666.280,17.500,57.500,25.500,7.040,
0.100,3.500,9,30,106.000,106.000,2003.440,17.500,46.800,25.540,7.350,
0.100,4.000,0,30,116.000,116.000,2183.250,20.000,59.200,27.100,8.110,
0.100,4.000,1,30,119.000,119.000,1873.190,20.000,80.900,32.820,7.490,
0.100,4.000,2,30,119.000,119.000,1944.710,20.000,65.400,26.410,7.520,
0.100,4.000,3,30,119.000,119.000,1892.900,20.000,60.400,31.600,7.750,
0.100,4.000,4,30,134.000,134.000,1830.120,20.000,76.700,29.900,7.960,
0.100,4.000,5,30,110.000,110.000,2094.500,20.000,70.700,32.130,7.670,
0.100,4.000,6,30,144.000,144.000,1977.370,20.000,79.000,32.070,8.190,
0.100,4.000,7,30,119.000,119.000,1933.880,20.000,80.300,30.410,7.220,
0.100,4.000,8,30,120.000,120.000,1694.860,20.000,59.600,26.270,7.480,
0.100,4.000,9,30,108.000,108.000,1999.770,20.000,45.800,28.560,7.670,
0.100,4.500,0,30,127.000,127.000,2159.170,22.500,63.700,28.790,8.270,
0.100,4.500,1,30,129.000,129.000,1865.200,22.500,87.200,35.550,7.540,
0.100,4.500,2,30,118.000,118.000,1953.500,22.500,61.900,29.000,7.540,
0.100,4.500,3,30,112.000,112.000,1881.570,22.500,70.600,34.240,7.680,
0.100,4.500,4,30,139.000,139.000,1833.260,22.500,80.400,34.660,7.310,
0.100,4.500,5,30,141.000,141.000,2086.320,22.500,73.700,41.960,7.810,
0.100,4.500,6,30,151.000,151.000,2003.600,22.500,85.800,37.660,7.800,
0.100,4.500,7,30,124.000,124.000,1934.030,22.500,91.000,34.410,7.280,
0.100,4.500,8,30,121.000,121.000,1713.350,22.500,60.700,29.190,7.800,
0.100,4.500,9,30,129.000,129.000,1989.790,22.500,75.500,30.630,8.080,
0.100,5.000,0,30,135.000,135.000,2177.790,25.000,68.900,33.590,8.320,
0.100,5.000,1,30,131.000,131.000,1857.580,25.000,86.500,39.900,8.100,
0.100,5.000,2,30,114.000,114.000,1932.940,25.000,60.200,33.650,7.180,
0.100,5.000,3,30,123.000,123.000,1888.380,25.000,72.500,38.700,7.540,
0.100,5.000,4,30,141.000,141.000,1833.260,25.000,81.500,37.050,7.020,
0.100,5.000,5,30,159.000,159.000,2086.320,25.000,80.600,45.420,7.520,
0.100,5.000,6,30,161.000,161.000,1968.650,25.000,91.500,40.620,8.370,
0.100,5.000,7,30,137.000,137.000,1888.260,25.000,95.600,39.300,6.960,
0.100,5.000,8,30,121.000,121.000,1696.280,25.000,58.600,32.340,6.910,
0.100,5.000,9,30,131.000,131.000,1987.440,25.000,78.900,34.660,7.980,
0.100,5.500,0,30,143.000,143.000,2136.460,27.500,70.500,37.680,8.140,
0.100,5.500,1,30,134.000,134.000,1860.990,27.500,92.600,43.170,7.830,
0.100,5.500,2,30,132.000,132.000,1977.610,27.500,72.500,37.080,7.070,
0.100,5.500,3,30,136.000,136.000,1888.490,27.500,84.300,43.430,8.490,
0.100,5.500,4,30,147.000,147.000,1846.430,27.500,86.900,41.180,7.570,
0.100,5.500,5,30,162.000,162.000,2086.320,27.500,87.800,47.610,7.800,
0.100,5.500,6,30,173.000,173.000,1984.990,27.500,99.200,44.160,7.390,
0.100,5.500,7,30,133.000,133.000,1858.840,27.500,100.100,44.200,7.220,
0.100,5.500,8,30,120.000,120.000,1717.510,27.500,92.900,35.900,7.620,
0.100,5.500,9,30,161.000,161.000,2061.520,27.500,74.200,37.760,8.150,
0.100,6.000,0,30,125.000,125.000,2108.850,30.000,75.200,37.900,7.820,
0.100,6.000,1,30,138.000,138.000,1871.460,30.000,98.600,44.830,7.460,
0.100,6.000,2,30,140.000,140.000,1904.210,30.000,76.000,41.000,7.660,
0.100,6.000,3,30,140.000,140.000,1902.430,30.000,87.200,45.480,8.070,
0.100,6.000,4,30,157.000,157.000,1859.270,30.000,94.900,44.680,6.950,
0.100,6.000,5,30,167.000,167.000,2099.160,30.000,100.000,50.530,7.920,
0.100,6.000,6,30,150.000,150.000,2019.920,30.000,100.400,45.550,8.410,
0.100,6.000,7,30,131.000,131.000,1848.560,30.000,105.000,46.340,6.880,
0.100,6.000,8,30,139.000,139.000,1650.190,30.000,99.700,43.280,7.470,
0.100,6.000,9,30,151.000,151.000,1982.790,30.000,78.800,43.700,7.600,
0.100,6.500,0,30,147.000,147.000,2142.840,32.500,79.000,41.310,7.870,
0.100,6.500,1,30,211.000,211.000,1865.870,32.500,120.200,53.190,7.320,
0.100,6.500,2,30,147.000,147.000,1911.860,32.500,84.500,43.460,7.380,
0.100,6.500,3,30,206.000,206.000,1899.460,32.500,122.800,53.870,8.280,
0.100,6.500,4,30,159.000,159.000,1865.510,32.500,93.400,47.970,7.380,
0.100,6.500,5,30,212.000,212.000,2134.460,32.500,108.100,54.760,8.490,
0.100,6.500,6,30,184.000,184.000,2013.270,32.500,104.200,51.030,8.010,
0.100,6.500,7,30,133.000,133.000,1871.540,32.500,109.300,48.690,7.300,
0.100,6.500,8,30,157.000,157.000,1618.140,32.500,105.500,48.240,6.970,
0.100,6.500,9,30,154.000,154.000,2054.340,32.500,86.300,48.160,7.810,
0.100,7.000,0,30,141.000,141.000,2098.020,35.000,84.200,43.700,7.390,
0.100,7.000,1,30,223.000,223.000,1880.100,35.000,130.300,54.690,7.320,
0.100,7.000,2,30,155.000,155.000,1911.860,35.000,82.300,46.670,7.650,
0.100,7.000,3,30,195.000,195.000,1899.460,35.000,128.100,56.560,8.100,
0.100,7.000,4,30,175.000,175.000,1880.810,35.000,108.300,52.780,7.660,
0.100,7.000,5,30,171.000,171.000,2148.490,35.000,110.200,55.280,8.080,
0.100,7.000,6,30,177.000,177.000,2060.430,35.000,135.200,56.240,8.450,
0.100,7.000,7,30,179.000,179.000,1871.540,35.000,116.100,51.470,7.450,
0.100,7.000,8,30,169.000,169.000,1611.190,35.000,109.900,51.950,7.090,
0.100,7.000,9,30,165.000,165.000,1981.180,35.000,91.900,52.660,8.070,
0.110,3.000,0,30,88.000,88.000,2176.440,15.000,49.700,20.230,8.320,
0.110,3.000,1,30,103.000,103.000,1869.260,15.000,69.100,27.120,7.210,
0.110,3.000,2,30,85.000,85.000,1872.900,15.000,44.400,22.200,7.380,
0.110,3.000,3,30,94.000,94.000,1884.770,15.000,45.200,23.400,7.760,
0.110,3.000,4,30,75.000,75.000,1825.070,15.000,40.400,20.850,7.150,
0.110,3.000,5,30,98.000,98.000,2095.620,15.000,60.900,24.800,7.700,
0.110,3.000,6,30,80.000,80.000,2014.210,15.000,46.400,22.240,8.380,
0.110,3.000,7,30,81.000,81.000,1866.550,15.000,72.700,21.300,7.100,
0.110,3.000,8,30,108.000,108.000,1677.280,15.000,53.300,22.390,7.580,
0.110,3.000,9,30,99.000,99.000,1987.310,15.000,42.600,21.940,7.900,
0.110,3.500,0,30,90.000,90.000,2176.440,17.500,52.000,22.160,8.250,
0.110,3.500,1,30,109.000,109.000,1876.490,17.500,72.900,29.790,7.070,
0.110,3.500,2,30,90.000,90.000,1940.520,17.500,52.800,22.950,7.550,
0.110,3.500,3,30,105.000,105.000,1936.050,17.500,49.000,28.450,7.710,
0.110,3.500,4,30,131.000,131.000,1853.390,17.500,74.300,25.580,7.630,
0.110,3.500,5,30,103.000,103.000,2091.270,17.500,65.200,28.620,7.740,
0.110,3.500,6,30,132.000,132.000,2027.290,17.500,95.500,29.610,7.930,
0.110,3.500,7,30,106.000,106.000,1823.890,17.500,79.700,28.950,7.440,
0.110,3.500,8,30,112.000,112.000,1666.280,17.500,57.500,25.500,7.590,
0.110,3.500,9,30,106.000,106.000,2003.440,17.500,46.800,25.550,8.280,
0.110,4.000,0,30,116.000,116.000,2183.250,20.000,59.200,27.100,7.970,
0.110,4.000,1,30,123.000,123.000,1873.190,20.000,84.500,33.030,8.130,
0.110,4.000,2,30,119.000,119.000,1944.710,20.000,65.400,26.430,8.030,
0.110,4.000,3,30,119.000,119.000,1892.900,20.000,60.400,31.600,8.240,
0.110,4.000,4,30,138.000,138.000,1830.120,20.000,80.600,30.030,8.410,
0.110,4.000,5,30,111.000,111.000,2094.500,20.000,70.700,32.230,8.380,
0.110,4.000,6,30,149.000,149.000,1977.370,20.000,83.400,32.230,8.370,
0.110,4.000,7,30,119.000,119.000,1933.880,20.000,90.600,30.750,7.850,
0.110,4.000,8,30,120.000,120.000,1694.860,20.000,59.600,26.290,8.020,
0.110,4.000,9,30,108.000,108.000,1999.770,20.000,45.800,28.560,14.760,
0.110,4.500,0,30,127.000,127.000,2159.170,22.500,63.700,28.790,15.120,
0.110,4.500,1,30,130.000,130.000,1865.200,22.500,88.300,35.710,14.980,
0.110,4.500,2,30,118.000,118.000,1953.500,22.500,61.900,29.030,14.580,
0.110,4.500,3,30,112.000,112.000,1881.570,22.500,70.600,34.230,14.840,
0.110,4.500,4,30,141.000,141.000,1833.260,22.500,82.500,35.880,15.200,
0.110,4.500,5,30,141.000,141.000,2086.320,22.500,73.700,41.680,16.020,
0.110,4.500,6,30,153.000,153.000,2003.600,22.500,86.200,37.690,16.120,
0.110,4.500,7,30,124.000,124.000,1934.030,22.500,95.000,34.540,15.260,
0.110,4.500,8,30,121.000,121.000,1713.350,22.500,60.700,29.190,15.460,
0.110,4.500,9,30,129.000,129.000,1989.790,22.500,75.500,30.630,15.240,
0.110,5.000,0,30,135.000,135.000,2177.790,25.000,68.900,33.590,15.970,
0.110,5.000,1,30,131.000,131.000,1857.580,25.000,88.900,39.980,14.420,
0.110,5.000,2,30,114.000,114.000,1932.940,25.000,60.300,33.660,14.640,
0.110,5.000,3,30,123.000,123.000,1888.490,25.000,72.500,39.680,15.020,
0.110,5.000,4,30,141.000,141.000,1833.260,25.000,81.500,37.050,14.740,
0.110,5.000,5,30,159.000,159.000,2086.320,25.000,80.600,45.420,15.520,
0.110,5.000,6,30,161.000,161.000,1968.650,25.000,91.500,40.620,15.240,
0.110,5.000,7,30,137.000,137.000,1888.260,25.000,98.800,39.400,13.780,
0.110,5.000,8,30,121.000,121.000,1696.280,25.000,58.600,32.340,13.690,
0.110,5.000,9,30,115.000,115.000,2009.950,25.000,71.900,33.940,14.330,
0.110,5.500,0,30,144.000,144.000,2136.710,27.500,70.500,37.720,15.550,
0.110,5.500,1,30,134.000,134.000,1860.990,27.500,93.400,43.240,14.390,
0.110,5.500,2,30,132.000,132.000,1977.610,27.500,72.500,37.080,14.440,
0.110,5.500,3,30,136.000,136.000,1888.490,27.500,84.300,43.430,14.960,
0.110,5.500,4,30,147.000,147.000,1846.430,27.500,86.900,42.480,14.570,
0.110,5.500,5,30,162.000,162.000,2086.320,27.500,87.800,47.680,15.370,
0.110,5.500,6,30,187.000,187.000,1984.990,27.500,113.200,44.620,14.220,
0.110,5.500,7,30,133.000,133.000,1858.840,27.500,102.700,44.290,14.010,
0.110,5.500,8,30,121.000,121.000,1719.200,27.500,92.900,36.440,13.680,
0.110,5.500,9,30,161.000,161.000,2061.520,27.500,74.200,37.760,15.050,
0.110,6.000,0,30,125.000,125.000,2108.850,30.000,76.200,37.940,13.950,
0.110,6.000,1,30,140.000,140.000,1871.460,30.000,98.600,44.910,14.030,
0.110,6.000,2,30,140.000,140.000,1904.210,30.000,76.000,41.000,13.260,
0.110,6.000,3,30,140.000,140.000,1902.430,30.000,87.200,45.480,14.660,
0.110,6.000,4,30,157.000,157.000,1859.270,30.000,94.900,44.680,14.380,
0.110,6.000,5,30,167.000,167.000,2099.160,30.000,100.000,50.530,14.840,
0.110,6.000,6,30,150.000,150.000,2019.920,30.000,100.400,45.550,14.800,
0.110,6.000,7,30,131.000,131.000,1848.560,30.000,106.200,46.380,13.880,
0.110,6.000,8,30,140.000,140.000,1650.190,30.000,99.700,43.610,13.050,
0.110,6.000,9,30,151.000,151.000,1982.790,30.000,78.800,43.840,14.240,
0.110,6.500,0,30,147.000,147.000,2142.840,32.500,79.000,41.310,14.280,
0.110,6.500,1,30,211.000,211.000,1865.870,32.500,120.200,53.190,14.430,
0.110,6.500,2,30,147.000,147.000,1911.860,32.500,84.500,43.460,13.940,
0.110,6.500,3,30,213.000,213.000,1899.460,32.500,122.800,54.110,13.650,
0.110,6.500,4,30,159.000,159.000,1865.510,32.500,93.400,47.970,13.690,
0.110,6.500,5,30,212.000,212.000,2134.460,32.500,108.100,54.760,14.250,
0.110,6.500,6,30,184.000,184.000,2013.270,32.500,138.000,53.020,13.630,
0.110,6.500,7,30,133.000,133.000,1871.540,32.500,109.300,48.790,13.150,
0.110,6.500,8,30,157.000,157.000,1618.140,32.500,105.500,48.240,13.160,
0.110,6.500,9,30,154.000,154.000,2054.340,32.500,86.300,48.160,8.550,
0.110,7.000,0,30,141.000,141.000,2098.020,35.000,84.200,43.790,7.970,
0.110,7.000,1,30,223.000,223.000,1880.100,35.000,130.300,54.690,7.530,
0.110,7.000,2,30,155.000,155.000,1911.860,35.000,82.300,46.670,7.520,
0.110,7.000,3,30,195.000,195.000,1899.460,35.000,128.100,56.560,7.790,
0.110,7.000,4,30,175.000,175.000,1880.810,35.000,108.300,52.810,8.510,
0.110,7.000,5,30,171.000,171.000,2148.490,35.000,110.200,55.280,8.300,
0.110,7.000,6,30,177.000,177.000,2060.430,35.000,142.300,56.480,7.940,
0.110,7.000,7,30,179.000,179.000,1871.540,35.000,116.100,51.670,7.520,
0.110,7.000,8,30,176.000,176.000,1660.510,35.000,109.900,52.740,7.830,
0.110,7.000,9,30,165.000,165.000,1981.180,35.000,91.900,52.660,12.110,
0.120,3.000,0,30,88.000,88.000,2176.440,15.000,49.700,20.230,12.650,
0.120,3.000,1,30,107.000,107.000,1875.800,15.000,73.800,28.100,12.340,
0.120,3.000,2,30,86.000,86.000,1872.900,15.000,44.400,22.230,11.310,
0.120,3.000,3,30,94.000,94.000,1884.770,15.000,45.200,23.460,12.320,
0.120,3.000,4,30,85.000,85.000,1825.070,15.000,50.300,21.200,12.840,
0.120,3.000,5,30,103.000,103.000,2095.620,15.000,65.700,25.260,13.620,
0.120,3.000,6,30,128.000,128.000,2014.210,15.000,94.400,23.840,13.720,
0.120,3.000,7,30,87.000,87.000,1866.550,15.000,79.000,21.510,12.560,
0.120,3.000,8,30,108.000,108.000,1677.280,15.000,53.300,22.390,12.720,
0.120,3.000,9,30,99.000,99.000,1987.310,15.000,42.600,21.980,15.210,
0.120,3.500,0,30,90.000,90.000,2100.150,17.500,57.700,23.500,16.020,
0.120,3.500,1,30,118.000,118.000,1876.490,17.500,81.100,30.390,14.910,
0.120,3.500,2,30,90.000,90.000,1940.520,17.500,52.800,23.310,13.770,
0.120,3.500,3,30,114.000,114.000,1914.840,17.500,54.700,29.220,15.010,
0.120,3.500,4,30,135.000,135.000,1853.390,17.500,78.700,25.770,13.920,
0.120,3.500,5,30,111.000,111.000,2091.270,17.500,71.500,29.150,15.330,
0.120,3.500,6,30,143.000,143.000,2027.290,17.500,106.100,30.140,14.590,
0.120,3.500,7,30,114.000,114.000,1823.890,17.500,91.200,29.640,13.350,
0.120,3.500,8,30,112.000,112.000,1666.280,17.500,57.500,25.500,14.300,
0.120,3.500,9,30,106.000,106.000,2003.440,17.500,46.800,25.610,14.850,
0.120,4.000,0,30,116.000,116.000,2183.250,20.000,61.100,27.160,14.420,
0.120,4.000,1,30,129.000,129.000,1873.190,20.000,90.200,33.650,14.230,
0.120,4.000,2,30,123.000,123.000,1944.710,20.000,69.400,26.590,14.070,
0.120,4.000,3,30,110.000,110.000,1892.900,20.000,68.200,31.400,14.230,
0.120,4.000,4,30,144.000,144.000,1830.120,20.000,86.600,30.230,13.830,
0.120,4.000,5,30,116.000,116.000,2094.500,20.000,75.500,32.440,14.730,
0.120,4.000,6,30,157.000,157.000,1977.370,20.000,91.200,32.780,13.800,
0.120,4.000,7,30,119.000,119.000,1933.880,20.000,96.300,31.680,13.700,
0.120,4.000,8,30,120.000,120.000,1694.860,20.000,59.600,26.350,13.250,
0.120,4.000,9,30,108.000,108.000,1999.770,20.000,58.700,29.210,13.920,
0.120,4.500,0,30,127.000,127.000,2159.170,22.500,64.100,28.800,13.290,
0.120,4.500,1,30,135.000,135.000,1865.200,22.500,93.900,36.510,13.090,
0.120,4.500,2,30,118.000,118.000,1953.500,22.500,61.900,29.050,12.890,
0.120,4.500,3,30,116.000,116.000,1881.570,22.500,74.400,34.270,13.000,
0.120,4.500,4,30,147.000,147.000,1833.260,22.500,88.900,36.440,12.660,
0.120,4.500,5,30,160.000,160.000,2086.320,22.500,85.000,42.770,12.800,
0.120,4.500,6,30,160.000,160.000,2003.600,22.500,92.800,38.130,12.230,
0.120,4.500,7,30,130.000,130.000,1934.030,22.500,101.000,35.740,12.120,
0.120,4.500,8,30,121.000,121.000,1713.350,22.500,60.700,29.190,12.080,
0.120,4.500,9,30,111.000,111.000,2016.080,22.500,69.300,30.570,7.590,
0.120,5.000,0,30,142.000,142.000,2189.060,25.000,67.300,33.740,8.330,
0.120,5.000,1,30,132.000,132.000,1857.580,25.000,95.600,40.680,7.880,
0.120,5.000,2,30,114.000,114.000,1932.940,25.000,60.800,33.700,7.730,
0.120,5.000,3,30,136.000,136.000,1888.490,25.000,85.800,40.340,7.760,
0.120,5.000,4,30,147.000,147.000,1833.260,25.000,87.100,38.230,7.530,
0.120,5.000,5,30,169.000,169.000,2086.320,25.000,90.600,45.790,8.400,
0.120,5.000,6,30,166.000,166.000,1968.650,25.000,96.700,41.080,7.970,
0.120,5.000,7,30,137.000,137.000,1888.260,25.000,105.800,39.640,7.720,
0.120,5.000,8,30,121.000,121.000,1696.280,25.000,58.600,32.410,7.420,
0.120,5.000,9,30,115.000,115.000,2009.950,25.000,71.900,33.940,12.750,
0.120,5.500,0,30,150.000,150.000,2132.970,27.500,70.500,37.940,13.590,
0.120,5.500,1,30,134.000,134.000,1860.990,27.500,102.100,43.660,12.760,
0.120,5.500,2,30,132.000,132.000,1977.610,27.500,72.500,37.080,12.430,
0.120,5.500,3,30,147.000,147.000,1888.490,27.500,95.600,43.940,13.610,
0.120,5.500,4,30,157.000,157.000,1846.430,27.500,96.100,43.030,12.870,
0.120,5.500,5,30,171.000,171.000,2086.320,27.500,89.700,47.180,13.570,
0.120,5.500,6,30,198.000,198.000,1984.990,27.500,124.700,45.130,13.290,
0.120,5.500,7,30,133.000,133.000,1858.840,27.500,109.500,44.470,12.610,
0.120,5.500,8,30,121.000,121.000,1719.200,27.500,97.800,36.690,13.830,
0.120,5.500,9,30,161.000,161.000,2061.520,27.500,74.200,37.760,15.040,
0.120,6.000,0,30,125.000,125.000,2108.850,30.000,77.100,37.970,13.990,
0.120,6.000,1,30,142.000,142.000,1871.460,30.000,108.800,45.330,13.940,
0.120,6.000,2,30,140.000,140.000,1904.210,30.000,78.100,41.100,13.840,
0.120,6.000,3,30,151.000,151.000,1902.430,30.000,98.600,45.880,14.020,
0.120,6.000,4,30,172.000,172.000,1859.270,30.000,109.700,45.350,14.550,
0.120,6.000,5,30,168.000,168.000,2099.160,30.000,104.500,50.690,14.580,
0.120,6.000,6,30,150.000,150.000,2019.920,30.000,102.000,45.600,13.780,
0.120,6.000,7,30,131.000,131.000,1848.560,30.000,114.400,46.660,14.420,
0.120,6.000,8,30,148.000,148.000,1650.190,30.000,102.700,44.040,13.090,
0.120,6.000,9,30,151.000,151.000,1982.790,30.000,78.800,43.890,12.040,
0.120,6.500,0,30,147.000,147.000,2142.840,32.500,79.300,41.350,11.630,
0.120,6.500,1,30,220.000,220.000,1865.870,32.500,129.600,54.010,11.400,
0.120,6.500,2,30,147.000,147.000,1911.860,32.500,78.200,43.260,11.260,
0.120,6.500,3,30,220.000,220.000,1899.460,32.500,126.800,54.770,11.500,
0.120,6.500,4,30,172.000,172.000,1865.510,32.500,106.500,48.490,10.570,
0.120,6.500,5,30,212.000,212.000,2134.460,32.500,108.500,54.870,11.360,
0.120,6.500,6,30,184.000,184.000,2013.270,32.500,147.600,53.520,11.230,
0.120,6.500,7,30,134.000,134.000,1871.540,32.500,120.600,49.230,10.540,
0.120,6.500,8,30,157.000,157.000,1618.140,32.500,106.700,48.390,10.610,
0.120,6.500,9,30,154.000,154.000,2054.340,32.500,87.900,48.300,8.270,
0.120,7.000,0,30,141.000,141.000,2098.020,35.000,84.200,43.810,8.390,
0.120,7.000,1,30,227.000,227.000,1880.100,35.000,134.500,55.530,7.860,
0.120,7.000,2,30,155.000,155.000,1911.860,35.000,82.300,46.670,8.060,
0.120,7.000,3,30,195.000,195.000,1899.460,35.000,130.500,56.950,8.160,
0.120,7.000,4,30,181.000,181.000,1880.810,35.000,114.200,53.130,8.390,
0.120,7.000,5,30,171.000,171.000,2148.490,35.000,112.600,55.360,8.470,
0.120,7.000,6,30,177.000,177.000,2060.430,35.000,152.500,56.820,9.070,
0.120,7.000,7,30,179.000,179.000,1871.540,35.000,123.400,52.040,7.770,
0.120,7.000,8,30,182.000,182.000,1660.510,35.000,119.700,53.330,8.380,
0.120,7.000,9,30,165.000,165.000,1981.180,35.000,91.900,52.660,15.050,
0.130,3.000,0,30,88.000,88.000,2176.440,15.000,51.700,20.400,15.000,
0.130,3.000,1,30,113.000,113.000,1854.430,15.000,79.600,29.110,13.800,
0.130,3.000,2,30,89.000,89.000,1872.900,15.000,44.400,22.370,13.590,
0.130,3.000,3,30,105.000,105.000,1870.810,15.000,66.500,25.070,14.510,
0.130,3.000,4,30,91.000,91.000,1825.070,15.000,56.600,21.520,15.040,
0.130,3.000,5,30,111.000,111.000,2095.620,15.000,73.200,25.810,16.130,
0.130,3.000,6,30,137.000,137.000,2024.190,15.000,102.300,25.930,15.420,
0.130,3.000,7,30,114.000,114.000,1856.050,15.000,90.400,23.240,14.490,
0.130,3.000,8,30,108.000,108.000,1677.280,15.000,53.300,22.700,14.590,
0.130,3.000,9,30,100.000,100.000,1987.310,15.000,43.500,22.020,15.120,
0.130,3.500,0,30,96.000,96.000,2100.150,17.500,61.700,23.810,14.620,
0.130,3.500,1,30,124.000,124.000,1847.150,17.500,87.700,32.430,13.840,
0.130,3.500,2,30,114.000,114.000,1940.520,17.500,65.900,24.220,14.340,
0.130,3.500,3,30,120.000,120.000,1914.840,17.500,70.800,30.530,14.700,
0.130,3.500,4,30,138.000,138.000,1825.080,17.500,83.800,26.690,13.810,
0.130,3.500,5,30,116.000,116.000,2100.420,17.500,76.500,30.400,15.560,
0.130,3.500,6,30,152.000,152.000,1966.830,17.500,115.900,30.970,14.280,
0.130,3.500,7,30,119.000,119.000,1823.890,17.500,96.600,30.210,13.270,
0.130,3.500,8,30,112.000,112.000,1666.280,17.500,57.500,25.570,13.110,
0.130,3.500,9,30,108.000,108.000,2003.440,17.500,48.100,25.690,12.490,
0.130,4.000,0,30,116.000,116.000,2183.250,20.000,65.200,27.300,13.190,
0.130,4.000,1,30,134.000,134.000,1873.190,20.000,95.500,34.380,12.250,
0.130,4.000,2,30,127.000,127.000,1944.710,20.000,73.900,26.770,11.840,
0.130,4.000,3,30,115.000,115.000,1871.790,20.000,73.500,31.680,11.880,
0.130,4.000,4,30,153.000,153.000,1830.120,20.000,95.300,31.340,11.670,
0.130,4.000,5,30,121.000,121.000,2094.500,20.000,80.200,33.060,12.510,
0.130,4.000,6,30,162.000,162.000,1977.370,20.000,97.000,33.450,12.170,
0.130,4.000,7,30,122.000,122.000,1933.880,20.000,102.500,32.240,11.610,
0.130,4.000,8,30,120.000,120.000,1694.860,20.000,59.600,26.470,11.140,
0.130,4.000,9,30,108.000,108.000,1970.800,20.000,59.200,29.260,8.900,
0.130,4.500,0,30,127.000,127.000,2159.170,22.500,68.400,28.940,9.040,
0.130,4.500,1,30,143.000,143.000,1865.200,22.500,101.100,37.200,8.900,
0.130,4.500,2,30,120.000,120.000,1953.500,22.500,63.800,29.120,8.550,
0.130,4.500,3,30,122.000,122.000,1902.350,22.500,80.600,35.620,8.990,
0.130,4.500,4,30,155.000,155.000,1833.260,22.500,96.900,36.840,8.850,
0.130,4.500,5,30,172.000,172.000,2008.870,22.500,96.700,43.500,9.900,
0.130,4.500,6,30,169.000,169.000,2003.600,22.500,99.400,38.800,9.810,
0.130,4.500,7,30,130.000,130.000,1934.030,22.500,107.800,36.190,8.700,
0.130,4.500,8,30,121.000,121.000,1713.350,22.500,60.700,29.220,9.940,
0.130,4.500,9,30,115.000,115.000,2016.080,22.500,73.500,30.840,14.970,
0.130,5.000,0,30,118.000,118.000,2216.240,25.000,70.900,33.590,16.480,
0.130,5.000,1,30,139.000,139.000,1857.580,25.000,104.700,41.480,14.790,
0.130,5.000,2,30,114.000,114.000,1932.940,25.000,61.300,33.760,14.870,
0.130,5.000,3,30,149.000,149.000,1888.490,25.000,98.300,40.960,15.690,
0.130,5.000,4,30,155.000,155.000,1833.260,25.000,95.200,39.120,15.200,
0.130,5.000,5,30,175.000,175.000,2064.520,25.000,96.300,46.710,15.240,
0.130,5.000,6,30,151.000,151.000,2005.450,25.000,140.900,42.670,15.350,
0.130,5.000,7,30,137.000,137.000,1888.260,25.000,113.300,40.200,14.750,
0.130,5.000,8,30,121.000,121.000,1653.280,25.000,99.600,34.640,14.570,
0.130,5.000,9,30,119.000,119.000,2009.950,25.000,75.600,34.400,15.270,
0.130,5.500,0,30,132.000,132.000,2161.320,27.500,75.500,37.130,15.800,
0.130,5.500,1,30,135.000,135.000,1860.990,27.500,112.200,44.390,13.640,
0.130,5.500,2,30,133.000,133.000,1887.450,27.500,76.200,36.650,13.690,
0.130,5.500,3,30,153.000,153.000,1888.490,27.500,101.700,44.310,14.810,
0.130,5.500,4,30,172.000,172.000,1851.460,27.500,111.600,43.880,14.370,
0.130,5.500,5,30,176.000,176.000,2086.320,27.500,95.000,48.230,15.390,
0.130,5.500,6,30,157.000,157.000,1986.240,27.500,146.500,45.170,15.370,
0.130,5.500,7,30,133.000,133.000,1832.570,27.500,121.300,44.980,14.160,
0.130,5.500,8,30,121.000,121.000,1719.200,27.500,104.900,37.210,13.640,
0.130,5.500,9,30,161.000,161.000,2061.520,27.500,81.900,38.210,10.370,
0.130,6.000,0,30,151.000,151.000,2171.630,30.000,77.800,38.990,9.680,
0.130,6.000,1,30,143.000,143.000,1871.460,30.000,127.300,46.200,9.290,
0.130,6.000,2,30,142.000,142.000,1904.210,30.000,85.000,41.370,8.260,
0.130,6.000,3,30,158.000,158.000,1902.430,30.000,106.000,46.620,9.170,
0.130,6.000,4,30,182.000,182.000,1859.270,30.000,119.200,46.100,8.240,
0.130,6.000,5,30,173.000,173.000,2114.010,30.000,115.700,53.220,9.580,
0.130,6.000,6,30,163.000,163.000,2032.340,30.000,152.500,48.370,9.350,
0.130,6.000,7,30,134.000,134.000,1848.560,30.000,125.500,47.080,8.780,
0.130,6.000,8,30,174.000,174.000,1641.240,30.000,117.500,46.120,8.350,
0.130,6.000,9,30,151.000,151.000,1982.790,30.000,90.800,44.320,9.690,
0.130,6.500,0,30,147.000,147.000,2142.840,32.500,80.000,41.450,10.810,
0.130,6.500,1,30,227.000,227.000,1865.870,32.500,136.800,55.330,9.250,
0.130,6.500,2,30,147.000,147.000,1911.860,32.500,83.100,43.890,9.960,
0.130,6.500,3,30,274.000,274.000,1899.460,32.500,180.200,57.590,10.780,
0.130,6.500,4,30,182.000,182.000,1865.510,32.500,116.100,49.220,10.940,
0.130,6.500,5,30,217.000,217.000,2134.460,32.500,119.300,56.130,12.190,
0.130,6.500,6,30,214.000,214.000,2013.270,32.500,167.900,56.910,12.950,
0.130,6.500,7,30,139.000,139.000,1871.540,32.500,130.200,49.580,11.530,
0.130,6.500,8,30,181.000,181.000,1618.140,32.500,133.000,50.230,12.510,
0.130,6.500,9,30,156.000,156.000,2054.340,32.500,118.600,49.390,15.330,
0.130,7.000,0,30,141.000,141.000,2098.020,35.000,91.800,44.110,15.540,
0.130,7.000,1,30,236.000,236.000,1880.100,35.000,143.200,56.540,14.920,
0.130,7.000,2,30,151.000,151.000,1821.700,35.000,83.600,46.540,14.160,
0.130,7.000,3,30,195.000,195.000,1899.460,35.000,139.200,58.430,16.410,
0.130,7.000,4,30,189.000,189.000,1880.810,35.000,122.700,53.670,15.850,
0.130,7.000,5,30,171.000,171.000,2148.490,35.000,121.800,56.490,16.710,
0.130,7.000,6,30,186.000,186.000,2060.430,35.000,175.300,57.990,15.900,
0.130,7.000,7,30,186.000,186.000,1871.540,35.000,132.800,52.630,15.540,
0.130,7.000,8,30,187.000,187.000,1705.370,35.000,138.300,53.550,14.980,
0.130,7.000,9,30,165.000,165.000,1981.180,35.000,121.600,53.710,14.870,
0.140,3.000,0,30,95.000,95.000,2156.350,15.000,61.500,21.640,14.530,
0.140,3.000,1,30,120.000,120.000,1847.150,15.000,86.800,31.700,14.250,
0.140,3.000,2,30,111.000,111.000,1872.900,15.000,65.300,24.280,14.280,
0.140,3.000,3,30,110.000,110.000,1910.080,15.000,71.800,26.040,13.260,
0.140,3.000,4,30,95.000,95.000,1825.070,15.000,60.700,21.710,12.580,
0.140,3.000,5,30,115.000,115.000,2071.110,15.000,77.700,27.050,12.380,
0.140,3.000,6,30,150.000,150.000,1943.680,15.000,114.700,26.890,12.560,
0.140,3.000,7,30,104.000,104.000,1790.610,15.000,95.500,25.260,11.390,
0.140,3.000,8,30,111.000,111.000,1677.280,15.000,56.300,22.850,11.390,
0.140,3.000,9,30,105.000,105.000,1984.330,15.000,48.100,23.100,7.780,
0.140,3.500,0,30,100.000,100.000,2100.150,17.500,65.700,24.110,8.050,
0.140,3.500,1,30,129.000,129.000,1843.540,17.500,92.700,33.910,7.640,
0.140,3.500,2,30,119.000,119.000,1872.980,17.500,70.200,24.800,7.800,
0.140,3.500,3,30,116.000,116.000,1908.540,17.500,77.300,31.300,8.150,
0.140,3.500,4,30,144.000,144.000,1825.080,17.500,89.200,27.330,7.730,
0.140,3.500,5,30,120.000,120.000,2129.670,17.500,81.000,32.130,9.460,
0.140,3.500,6,30,159.000,159.000,1966.830,17.500,122.600,31.850,8.910,
0.140,3.500,7,30,124.000,124.000,1823.890,17.500,102.500,31.040,8.160,
0.140,3.500,8,30,115.000,115.000,1622.090,17.500,89.100,26.570,8.720,
0.140,3.500,9,30,111.000,111.000,1970.430,17.500,51.300,25.960,20.110,
0.140,4.000,0,30,118.000,118.000,2168.580,20.000,69.400,28.700,21.380,
0.140,4.000,1,30,141.000,141.000,1841.320,20.000,102.100,35.830,20.480,
0.140,4.000,2,30,148.000,148.000,1877.160,20.000,95.000,28.160,20.240,
0.140,4.000,3,30,120.000,120.000,1878.060,20.000,80.900,32.760,21.750,
0.140,4.000,4,30,158.000,158.000,1766.980,20.000,100.800,32.670,20.960,
0.140,4.000,5,30,125.000,125.000,2063.490,20.000,88.000,36.700,22.930,
0.140,4.000,6,30,168.000,168.000,1949.820,20.000,102.900,35.680,22.230,
0.140,4.000,7,30,126.000,126.000,1907.180,20.000,108.600,33.530,21.450,
0.140,4.000,8,30,119.000,119.000,1630.230,20.000,94.400,30.280,20.920,
0.140,4.000,9,30,127.000,127.000,1970.800,20.000,78.400,30.940,14.810,
0.140,4.500,0,30,127.000,127.000,2170.820,22.500,72.200,29.330,14.610,
0.140,4.500,1,30,149.000,149.000,1872.660,22.500,107.800,38.520,14.470,
0.140,4.500,2,30,126.000,126.000,1953.500,22.500,69.500,30.030,14.160,
0.140,4.500,3,30,145.000,145.000,1902.350,22.500,104.000,36.870,14.600,
0.140,4.500,4,30,165.000,165.000,1833.260,22.500,106.200,37.850,14.760,
0.140,4.500,5,30,178.000,178.000,2015.960,22.500,101.900,45.060,15.050,
0.140,4.500,6,30,153.000,153.000,1946.530,22.500,142.300,40.300,14.170,
0.140,4.500,7,30,131.000,131.000,1934.030,22.500,118.800,37.280,13.760,
0.140,4.500,8,30,128.000,128.000,1653.280,22.500,100.400,32.930,13.830,
0.140,4.500,9,30,120.000,120.000,2016.080,22.500,78.200,31.780,14.470,
0.140,5.000,0,30,118.000,118.000,2216.240,25.000,75.300,33.810,15.070,
0.140,5.000,1,30,146.000,146.000,1857.670,25.000,113.500,43.120,13.670,
0.140,5.000,2,30,114.000,114.000,1932.940,25.000,64.600,33.950,13.710,
0.140,5.000,3,30,155.000,155.000,1888.490,25.000,104.100,41.790,13.810,
0.140,5.000,4,30,172.000,172.000,1833.260,25.000,113.600,40.620,14.620,
0.140,5.000,5,30,183.000,183.000,2096.180,25.000,113.800,51.940,14.900,
0.140,5.000,6,30,160.000,160.000,2005.450,25.000,149.300,44.330,14.350,
0.140,5.000,7,30,148.000,148.000,1888.260,25.000,124.200,41.560,14.980,
0.140,5.000,8,30,121.000,121.000,1653.280,25.000,105.900,35.360,13.380,
0.140,5.000,9,30,123.000,123.000,2009.950,25.000,87.100,35.040,12.020,
0.140,5.500,0,30,132.000,132.000,2161.320,27.500,78.200,37.310,11.790,
0.140,5.500,1,30,143.000,143.000,1876.680,27.500,130.000,46.870,11.590,
0.140,5.500,2,30,145.000,145.000,1887.450,27.500,87.700,37.190,10.700,
0.140,5.500,3,30,161.000,161.000,1888.490,27.500,109.100,45.190,10.710,
0.140,5.500,4,30,184.000,184.000,1851.460,27.500,122.500,45.540,10.070,
0.140,5.500,5,30,187.000,187.000,2099.350,27.500,118.400,53.020,9.920,
0.140,5.500,6,30,176.000,176.000,1986.240,27.500,165.900,47.180,9.360,
0.140,5.500,7,30,153.000,153.000,1812.780,27.500,130.600,46.660,8.620,
0.140,5.500,8,30,130.000,130.000,1719.200,27.500,120.100,38.120,8.810,
0.140,5.500,9,30,161.000,161.000,2061.520,27.500,116.600,39.460,8.640,
0.140,6.000,0,30,151.000,151.000,2171.630,30.000,92.100,39.660,8.890,
0.140,6.000,1,30,147.000,147.000,1871.460,30.000,135.100,46.860,7.770,
0.140,6.000,2,30,147.000,147.000,1895.320,30.000,89.300,42.310,7.770,
0.140,6.000,3,30,165.000,165.000,1902.430,30.000,112.300,47.250,9.290,
0.140,6.000,4,30,197.000,197.000,1866.460,30.000,134.400,48.450,9.510,
0.140,6.000,5,30,190.000,190.000,2137.070,30.000,121.700,56.410,11.960,
0.140,6.000,6,30,248.000,248.000,2004.110,30.000,174.600,53.850,11.330,
0.140,6.000,7,30,143.000,143.000,1848.560,30.000,134.200,48.210,9.880,
0.140,6.000,8,30,183.000,183.000,1641.240,30.000,136.000,47.520,10.440,
0.140,6.000,9,30,152.000,152.000,1982.790,30.000,120.700,45.880,21.330,
0.140,6.500,0,30,147.000,147.000,2142.840,32.500,111.200,42.790,21.920,
0.140,6.500,1,30,237.000,237.000,1874.130,32.500,144.000,56.550,21.070,
0.140,6.500,2,30,151.000,151.000,1869.070,32.500,87.900,44.820,20.880,
0.140,6.500,3,30,289.000,289.000,1899.460,32.500,195.500,59.010,22.080,
0.140,6.500,4,30,190.000,190.000,1869.610,32.500,124.400,51.640,21.630,
0.140,6.500,5,30,241.000,241.000,2134.460,32.500,137.700,60.480,23.010,
0.140,6.500,6,30,250.000,250.000,2013.270,32.500,180.900,58.280,22.470,
0.140,6.500,7,30,147.000,147.000,1845.040,32.500,138.400,50.010,21.450,
0.140,6.500,8,30,191.000,191.000,1618.140,32.500,141.200,51.190,21.500,
0.140,6.500,9,30,170.000,170.000,2054.340,32.500,124.600,50.750,16.300,
0.140,7.000,0,30,141.000,141.000,2098.020,35.000,114.600,45.090,15.690,
0.140,7.000,1,30,243.000,243.000,1880.100,35.000,158.000,58.210,15.300,
0.140,7.000,2,30,151.000,151.000,1821.700,35.000,88.700,46.880,14.990,
0.140,7.000,3,30,321.000,321.000,1899.460,35.000,224.000,68.030,14.780,
0.140,7.000,4,30,255.000,255.000,1900.020,35.000,188.400,59.160,13.920,
0.140,7.000,5,30,189.000,189.000,2148.490,35.000,136.900,58.510,13.570,
0.140,7.000,6,30,199.000,199.000,2060.430,35.000,188.800,57.890,12.840,
0.140,7.000,7,30,195.000,195.000,1845.040,35.000,142.000,53.710,12.060,
0.140,7.000,8,30,156.000,156.000,1705.370,35.000,145.600,53.170,12.030,
0.140,7.000,9,30,171.000,171.000,1981.180,35.000,129.700,54.600,11.700,
0.150,3.000,0,30,100.000,100.000,2151.610,15.000,65.300,22.680,12.110,
0.150,3.000,1,30,125.000,125.000,1836.020,15.000,91.800,33.740,11.410,
0.150,3.000,2,30,114.000,114.000,1872.900,15.000,69.000,24.950,10.890,
0.150,3.000,3,30,116.000,116.000,1910.080,15.000,78.200,28.620,12.550,
0.150,3.000,4,30,142.000,142.000,1826.180,15.000,87.600,25.700,12.430,
0.150,3.000,5,30,120.000,120.000,2074.900,15.000,82.100,28.690,14.110,
0.150,3.000,6,30,156.000,156.000,1912.730,15.000,120.600,30.400,13.140,
0.150,3.000,7,30,109.000,109.000,1790.610,15.000,100.500,26.620,12.370,
0.150,3.000,8,30,116.000,116.000,1619.610,15.000,88.100,24.740,12.750,
0.150,3.000,9,30,108.000,108.000,1910.810,15.000,55.500,24.000,15.950,
0.150,3.500,0,30,106.000,106.000,2069.390,17.500,69.800,25.160,16.530,
0.150,3.500,1,30,134.000,134.000,1849.080,17.500,97.600,35.230,15.830,
0.150,3.500,2,30,124.000,124.000,1872.980,17.500,76.000,25.320,15.790,
0.150,3.500,3,30,123.000,123.000,1919.220,17.500,82.300,32.350,16.460,
0.150,3.500,4,30,155.000,155.000,1819.520,17.500,98.200,30.890,15.780,
0.150,3.500,5,30,125.000,125.000,2129.670,17.500,88.500,34.040,17.500,
0.150,3.500,6,30,165.000,165.000,1973.190,17.500,128.400,35.530,16.370,
0.150,3.500,7,30,133.000,133.000,1819.480,17.500,108.200,32.080,15.370,
0.150,3.500,8,30,116.000,116.000,1608.920,17.500,94.000,27.140,15.130,
0.150,3.500,9,30,127.000,127.000,1968.790,17.500,74.300,29.180,15.020,
0.150,4.000,0,30,124.000,124.000,2168.580,20.000,73.200,30.250,15.320,
0.150,4.000,1,30,147.000,147.000,1841.320,20.000,108.200,37.080,14.160,
0.150,4.000,2,30,205.000,205.000,1877.160,20.000,151.500,30.440,14.390,
0.150,4.000,3,30,139.000,139.000,1878.060,20.000,97.600,34.590,13.590,
0.150,4.000,4,30,168.000,168.000,1766.980,20.000,111.000,33.490,13.110,
0.150,4.000,5,30,131.000,131.000,2068.920,20.000,98.000,39.190,13.400,
0.150,4.000,6,30,153.000,153.000,1970.910,20.000,142.300,41.760,13.210,
0.150,4.000,7,30,144.000,144.000,1823.890,20.000,120.200,35.000,12.540,
0.150,4.000,8,30,120.000,120.000,1617.060,20.000,100.400,32.560,12.010,
0.150,4.000,9,30,119.000,119.000,1990.810,20.000,78.600,31.840,9.200,
0.150,4.500,0,30,131.000,131.000,2170.820,22.500,76.900,29.730,9.850,
0.150,4.500,1,30,158.000,158.000,1870.940,22.500,116.600,40.020,9.140,
0.150,4.500,2,30,148.000,148.000,1953.500,22.500,91.800,30.590,9.770,
0.150,4.500,3,30,151.000,151.000,1902.350,22.500,110.000,37.940,10.680,
0.150,4.500,4,30,171.000,171.000,1770.130,22.500,112.700,39.600,9.570,
0.150,4.500,5,30,183.000,183.000,2056.640,22.500,115.000,50.260,12.380,
0.150,4.500,6,30,161.000,161.000,1971.170,22.500,150.700,44.730,11.640,
0.150,4.500,7,30,174.000,174.000,1868.990,22.500,127.800,41.920,10.660,
0.150,4.500,8,30,132.000,132.000,1640.110,22.500,106.500,33.590,10.690,
0.150,4.500,9,30,124.000,124.000,2022.450,22.500,87.300,32.770,16.810,
0.150,5.000,0,30,118.000,118.000,2216.240,25.000,90.400,34.870,17.850,
0.150,5.000,1,30,160.000,160.000,1859.790,25.000,130.900,45.500,15.900,
0.150,5.000,2,30,114.000,114.000,1932.940,25.000,81.500,34.640,16.640,
0.150,5.000,3,30,161.000,161.000,1888.490,25.000,110.700,43.230,16.570,
0.150,5.000,4,30,180.000,180.000,1833.260,25.000,121.200,42.950,16.400,
0.150,5.000,5,30,191.000,191.000,2099.350,25.000,120.000,52.160,17.370,
0.150,5.000,6,30,186.000,186.000,1993.420,25.000,169.100,49.830,17.020,
0.150,5.000,7,30,166.000,166.000,1888.260,25.000,132.900,43.320,16.230,
0.150,5.000,8,30,141.000,141.000,1640.110,25.000,131.400,36.830,15.740,
0.150,5.000,9,30,129.000,129.000,2009.950,25.000,117.400,36.600,15.790,
0.150,5.500,0,30,132.000,132.000,2161.320,27.500,110.000,38.620,15.790,
0.150,5.500,1,30,151.000,151.000,1876.680,27.500,138.000,48.280,15.140,
0.150,5.500,2,30,151.000,151.000,1887.450,27.500,93.400,38.140,14.370,
0.150,5.500,3,30,166.000,166.000,1902.430,27.500,114.800,45.620,15.190,
0.150,5.500,4,30,197.000,197.000,1851.460,27.500,135.800,46.790,14.720,
0.150,5.500,5,30,193.000,193.000,2099.350,27.500,132.800,53.110,14.250,
0.150,5.500,6,30,189.000,189.000,1927.270,27.500,178.400,49.260,13.100,
0.150,5.500,7,30,167.000,167.000,1812.780,27.500,138.600,48.550,12.600,
0.150,5.500,8,30,190.000,190.000,1615.200,27.500,137.900,42.970,12.640,
0.150,5.500,9,30,164.000,164.000,2061.520,27.500,122.200,41.600,9.050,
0.150,6.000,0,30,151.000,151.000,2171.630,30.000,114.700,40.610,8.040,
0.150,6.000,1,30,169.000,169.000,1871.460,30.000,157.600,48.640,8.650,
0.150,6.000,2,30,182.000,182.000,1782.210,30.000,98.200,44.950,7.440,
0.150,6.000,3,30,222.000,222.000,1902.430,30.000,169.900,50.570,7.700,
0.150,6.000,4,30,253.000,253.000,1866.460,30.000,189.600,51.460,8.270,
0.150,6.000,5,30,198.000,198.000,2171.980,30.000,138.900,59.250,8.330,
0.150,6.000,6,30,257.000,257.000,2004.110,30.000,186.000,55.900,7.820,
0.150,6.000,7,30,166.000,166.000,1848.560,30.000,143.100,50.070,7.310,
0.150,6.000,8,30,188.000,188.000,1574.900,30.000,143.400,48.860,7.700,
0.150,6.000,9,30,155.000,155.000,1944.460,30.000,128.300,47.040,11.960,
0.150,6.500,0,30,147.000,147.000,2142.840,32.500,117.600,43.800,11.890,
0.150,6.500,1,30,174.000,174.000,1852.460,32.500,162.900,56.140,11.650,
0.150,6.500,2,30,161.000,161.000,1753.740,32.500,100.900,46.120,11.270,
0.150,6.500,3,30,315.000,315.000,1899.460,32.500,222.000,63.980,12.290,
0.150,6.500,4,30,255.000,255.000,1869.610,32.500,189.500,59.180,12.520,
0.150,6.500,5,30,248.000,248.000,2073.280,32.500,150.200,66.140,13.350,
0.150,6.500,6,30,259.000,259.000,1955.750,32.500,207.200,60.740,13.140,
0.150,6.500,7,30,187.000,187.000,1845.040,32.500,147.400,54.270,12.400,
0.150,6.500,8,30,168.000,168.000,1658.580,32.500,149.400,53.270,12.930,
0.150,6.500,9,30,189.000,189.000,2054.340,32.500,133.200,52.150,15.490,
0.150,7.000,0,30,141.000,141.000,2098.020,35.000,119.800,45.480,16.320,
0.150,7.000,1,30,179.000,179.000,1854.690,35.000,167.400,58.300,15.070,
0.150,7.000,2,30,165.000,165.000,1708.700,35.000,103.200,48.960,14.120,
0.150,7.000,3,30,344.000,344.000,1899.460,35.000,246.700,72.250,15.830,
0.150,7.000,4,30,265.000,265.000,1900.020,35.000,198.900,60.960,15.570,
0.150,7.000,5,30,202.000,202.000,2080.950,35.000,154.400,64.580,16.050,
0.150,7.000,6,30,234.000,234.000,2060.540,35.000,224.000,60.390,16.350,
0.150,7.000,7,30,201.000,201.000,1845.040,35.000,151.300,55.990,15.140,
0.150,7.000,8,30,229.000,229.000,1614.300,35.000,218.500,59.430,14.530,
0.150,7.000,9,30,190.000,190.000,1981.180,35.000,140.700,56.170,14.160,
0.160,3.000,0,30,105.000,105.000,2151.610,15.000,69.800,23.440,13.900,
0.160,3.000,1,30,130.000,130.000,1846.330,15.000,96.300,35.560,13.120,
0.160,3.000,2,30,125.000,125.000,1859.340,15.000,75.300,26.750,12.850,
0.160,3.000,3,30,123.000,123.000,1881.410,15.000,83.800,30.350,12.270,
0.160,3.000,4,30,158.000,158.000,1807.300,15.000,98.900,28.670,12.250,
0.160,3.000,5,30,125.000,125.000,2074.900,15.000,87.800,30.410,12.230,
0.160,3.000,6,30,161.000,161.000,1936.210,15.000,125.400,30.630,12.050,
0.160,3.000,7,30,115.000,115.000,1790.610,15.000,106.300,27.540,11.710,
0.160,3.000,8,30,102.000,102.000,1577.630,15.000,92.700,24.190,10.670,
0.160,3.000,9,30,125.000,125.000,1909.240,15.000,71.900,25.590,8.010,
0.160,3.500,0,30,110.000,110.000,2069.390,17.500,73.400,25.880,7.880,
0.160,3.500,1,30,142.000,142.000,1828.230,17.500,104.100,37.530,7.310,
0.160,3.500,2,30,153.000,153.000,1879.500,17.500,99.500,26.730,7.700,
0.160,3.500,3,30,147.000,147.000,1919.220,17.500,106.300,35.300,7.800,
0.160,3.500,4,30,165.000,165.000,1824.550,17.500,106.700,30.130,8.230,
0.160,3.500,5,30,130.000,130.000,2115.650,17.500,98.000,37.270,8.670,
0.160,3.500,6,30,182.000,182.000,1973.190,17.500,145.900,39.150,7.970,
0.160,3.500,7,30,134.000,134.000,1796.200,17.500,119.800,34.440,7.510,
0.160,3.500,8,30,123.000,123.000,1608.920,17.500,99.500,30.490,7.630,
0.160,3.500,9,30,118.000,118.000,1990.620,17.500,78.200,29.920,13.510,
0.160,4.000,0,30,128.000,128.000,2168.580,20.000,77.600,31.110,14.240,
0.160,4.000,1,30,152.000,152.000,1839.890,20.000,113.900,39.680,12.830,
0.160,4.000,2,30,151.000,151.000,1877.160,20.000,95.300,29.010,13.310,
0.160,4.000,3,30,191.000,191.000,1878.060,20.000,118.900,39.410,13.860,
0.160,4.000,4,30,168.000,168.000,1770.130,20.000,109.000,35.060,14.200,
0.160,4.000,5,30,188.000,188.000,2039.950,20.000,114.900,45.920,15.030,
0.160,4.000,6,30,161.000,161.000,1899.030,20.000,150.200,43.750,14.570,
0.160,4.000,7,30,153.000,153.000,1823.890,20.000,128.900,36.960,13.480,
0.160,4.000,8,30,124.000,124.000,1630.950,20.000,106.000,33.720,14.440,
0.160,4.000,9,30,123.000,123.000,2000.430,20.000,86.300,32.960,14.320,
0.160,4.500,0,30,134.000,134.000,2170.820,22.500,91.300,31.050,15.160,
0.160,4.500,1,30,166.000,166.000,1820.410,22.500,130.600,43.770,13.960,
0.160,4.500,2,30,128.000,128.000,1953.500,22.500,72.000,30.040,13.270,
0.160,4.500,3,30,175.000,175.000,1902.350,22.500,133.700,44.390,14.260,
0.160,4.500,4,30,178.000,178.000,1816.150,22.500,122.900,42.150,13.550,
0.160,4.500,5,30,192.000,192.000,2046.850,22.500,120.700,51.540,14.340,
0.160,4.500,6,30,181.000,181.000,1971.170,22.500,170.300,48.130,14.570,
0.160,4.500,7,30,182.000,182.000,1799.630,22.500,135.000,45.020,13.090,
0.160,4.500,8,30,141.000,141.000,1688.800,22.500,131.500,39.430,13.640,
0.160,4.500,9,30,129.000,129.000,2022.450,22.500,117.100,35.420,9.590,
0.160,5.000,0,30,123.000,123.000,2216.240,25.000,112.400,35.950,8.690,
0.160,5.000,1,30,162.000,162.000,1840.390,25.000,138.600,50.860,8.550,
0.160,5.000,2,30,157.000,157.000,1830.750,25.000,97.800,38.500,7.740,
0.160,5.000,3,30,167.000,167.000,1888.490,25.000,116.500,44.780,8.660,
0.160,5.000,4,30,196.000,196.000,1782.870,25.000,136.300,43.380,8.150,
0.160,5.000,5,30,213.000,213.000,1967.430,25.000,136.300,56.970,8.110,
0.160,5.000,6,30,224.000,224.000,2019.340,25.000,180.400,53.660,8.000,
0.160,5.000,7,30,169.000,169.000,1886.420,25.000,141.700,45.810,7.550,
0.160,5.000,8,30,148.000,148.000,1623.810,25.000,138.500,39.280,7.070,
0.160,5.000,9,30,135.000,135.000,2007.200,25.000,122.700,38.670,10.220,
0.160,5.500,0,30,127.000,127.000,2119.760,27.500,116.500,38.880,11.480,
0.160,5.500,1,30,172.000,172.000,1854.350,27.500,160.800,54.730,9.560,
0.160,5.500,2,30,187.000,187.000,1743.840,27.500,104.200,43.430,11.210,
0.160,5.500,3,30,219.000,219.000,1948.470,27.500,167.800,52.180,12.610,
0.160,5.500,4,30,254.000,254.000,1865.330,27.500,191.500,54.180,12.090,
0.160,5.500,5,30,218.000,218.000,2055.760,27.500,148.800,62.490,12.430,
0.160,5.500,6,30,202.000,202.000,1927.270,27.500,191.500,52.060,12.160,
0.160,5.500,7,30,177.000,177.000,1812.540,27.500,147.400,50.210,11.170,
0.160,5.500,8,30,196.000,196.000,1615.200,27.500,144.700,44.050,11.030,
0.160,5.500,9,30,167.000,167.000,2018.970,27.500,130.000,44.840,15.000,
0.160,6.000,0,30,130.000,130.000,2122.620,30.000,119.700,40.220,15.430,
0.160,6.000,1,30,178.000,178.000,1854.350,30.000,166.600,53.230,14.660,
0.160,6.000,2,30,187.000,187.000,1782.210,30.000,104.600,46.160,13.640,
0.160,6.000,3,30,241.000,241.000,1948.470,30.000,188.900,58.550,15.570,
0.160,6.000,4,30,262.000,262.000,1865.330,30.000,197.200,59.580,14.620,
0.160,6.000,5,30,242.000,242.000,2151.830,30.000,153.100,65.910,15.980,
0.160,6.000,6,30,268.000,268.000,2004.110,30.000,218.300,61.640,14.310,
0.160,6.000,7,30,183.000,183.000,1838.670,30.000,152.200,54.670,13.900,
0.160,6.000,8,30,225.000,225.000,1595.910,30.000,214.300,53.430,13.840,
0.160,6.000,9,30,159.000,159.000,1944.460,30.000,138.700,48.320,14.850,
0.160,6.500,0,30,135.000,135.000,2098.020,32.500,123.000,44.140,14.630,
0.160,6.500,1,30,240.000,240.000,1865.430,32.500,171.600,62.330,14.220,
0.160,6.500,2,30,165.000,165.000,1753.740,32.500,106.600,47.200,13.620,
0.160,6.500,3,30,335.000,335.000,1899.460,32.500,241.700,67.060,13.950,
0.160,6.500,4,30,268.000,268.000,1900.020,32.500,202.700,61.380,13.640,
0.160,6.500,5,30,255.000,255.000,2056.370,32.500,159.000,69.610,13.500,
0.160,6.500,6,30,271.000,271.000,1955.750,32.500,231.000,63.930,13.140,
0.160,6.500,7,30,195.000,195.000,1838.910,32.500,156.000,56.880,12.650,
0.160,6.500,8,30,232.000,232.000,1656.870,32.500,221.200,58.510,12.130,
0.160,6.500,9,30,226.000,226.000,2047.730,32.500,158.700,55.420,8.420,
0.160,7.000,0,30,185.000,185.000,2145.200,35.000,125.600,49.100,8.540,
0.160,7.000,1,30,242.000,242.000,1870.180,35.000,176.000,65.080,8.160,
0.160,7.000,2,30,215.000,215.000,1708.700,35.000,161.100,52.750,8.010,
0.160,7.000,3,30,369.000,369.000,1899.460,35.000,272.000,75.350,8.870,
0.160,7.000,4,30,277.000,277.000,1900.020,35.000,210.100,63.100,8.560,
0.160,7.000,5,30,225.000,225.000,2108.480,35.000,164.100,68.400,8.870,
0.160,7.000,6,30,291.000,291.000,2023.790,35.000,280.700,65.380,8.650,
0.160,7.000,7,30,219.000,219.000,1845.040,35.000,158.900,58.300,7.850,
0.160,7.000,8,30,238.000,238.000,1587.020,35.000,228.000,62.440,8.150,
0.160,7.000,9,30,238.000,238.000,1981.180,35.000,168.300,59.090,14.200,
0.170,3.000,0,30,109.000,109.000,2152.310,15.000,73.800,24.260,14.200,
0.170,3.000,1,30,146.000,146.000,1856.040,15.000,100.800,38.240,13.320,
0.170,3.000,2,30,152.000,152.000,1857.430,15.000,98.100,28.700,13.540,
0.170,3.000,3,30,148.000,148.000,1882.390,15.000,108.100,32.090,13.920,
0.170,3.000,4,30,119.000,119.000,1764.390,15.000,77.400,26.990,14.490,
0.170,3.000,5,30,156.000,156.000,2074.900,15.000,119.200,34.240,15.750,
0.170,3.000,6,30,168.000,168.000,1948.350,15.000,132.100,35.090,15.190,
0.170,3.000,7,30,121.000,121.000,1762.560,15.000,112.600,30.100,13.880,
0.170,3.000,8,30,107.000,107.000,1548.520,15.000,97.700,26.800,14.000,
0.170,3.000,9,30,115.000,115.000,1921.930,15.000,73.500,27.620,15.430,
0.170,3.500,0,30,118.000,118.000,2069.390,17.500,79.700,26.900,16.200,
0.170,3.500,1,30,147.000,147.000,1808.750,17.500,110.000,40.660,15.240,
0.170,3.500,2,30,149.000,149.000,1879.710,17.500,93.800,28.830,15.390,
0.170,3.500,3,30,188.000,188.000,1894.700,17.500,115.500,39.220,15.520,
0.170,3.500,4,30,136.000,136.000,1794.040,17.500,117.300,35.020,15.260,
0.170,3.500,5,30,193.000,193.000,2062.680,17.500,119.500,45.540,16.620,
0.170,3.500,6,30,190.000,190.000,1950.820,17.500,153.900,40.700,15.760,
0.170,3.500,7,30,137.000,137.000,1769.820,17.500,128.200,36.060,14.610,
0.170,3.500,8,30,119.000,119.000,1501.980,17.500,104.900,30.920,14.790,
0.170,3.500,9,30,122.000,122.000,1937.200,17.500,82.100,31.250,10.620,
0.170,4.000,0,30,131.000,131.000,2168.580,20.000,91.100,32.850,10.930,
0.170,4.000,1,30,161.000,161.000,1824.020,20.000,128.700,42.660,10.300,
0.170,4.000,2,30,117.000,117.000,1838.160,20.000,95.600,31.430,10.250,
0.170,4.000,3,30,198.000,198.000,1876.830,20.000,125.800,42.430,9.900,
0.170,4.000,4,30,176.000,176.000,1814.530,20.000,123.700,43.410,9.700,
0.170,4.000,5,30,193.000,193.000,1967.220,20.000,120.300,50.130,9.840,
0.170,4.000,6,30,179.000,179.000,1899.030,20.000,169.000,49.860,9.630,
0.170,4.000,7,30,144.000,144.000,1769.820,20.000,135.700,36.700,8.650,
0.170,4.000,8,30,140.000,140.000,1630.950,20.000,130.600,35.640,9.220,
0.170,4.000,9,30,129.000,129.000,1937.200,20.000,115.500,35.350,9.200,
0.170,4.500,0,30,185.000,185.000,2153.050,22.500,113.200,33.780,10.340,
0.170,4.500,1,30,178.000,178.000,1824.020,22.500,138.200,48.330,8.950,
0.170,4.500,2,30,118.000,118.000,1829.070,22.500,101.200,32.290,8.470,
0.170,4.500,3,30,181.000,181.000,1933.320,22.500,139.900,44.960,9.540,
0.170,4.500,4,30,187.000,187.000,1755.170,22.500,132.000,45.810,9.980,
0.170,4.500,5,30,163.000,163.000,1973.430,22.500,137.300,54.860,10.070,
0.170,4.500,6,30,217.000,217.000,1952.510,22.500,181.000,51.960,11.270,
0.170,4.500,7,30,189.000,189.000,1799.630,22.500,143.500,47.020,9.780,
0.170,4.500,8,30,148.000,148.000,1688.800,22.500,138.200,41.000,10.850,
0.170,4.500,9,30,156.000,156.000,1925.880,22.500,122.100,39.410,15.520,
0.170,5.000,0,30,128.000,128.000,2216.240,25.000,117.700,37.010,15.940,
0.170,5.000,1,30,174.000,174.000,1840.390,25.000,162.300,54.620,14.840,
0.170,5.000,2,30,167.000,167.000,1830.750,25.000,104.700,40.960,14.450,
0.170,5.000,3,30,211.000,211.000,1882.860,25.000,160.100,47.790,15.090,
0.170,5.000,4,30,252.000,252.000,1822.850,25.000,191.900,49.090,15.220,
0.170,5.000,5,30,221.000,221.000,1973.430,25.000,150.900,60.110,15.040,
0.170,5.000,6,30,253.000,253.000,2019.340,25.000,195.800,59.970,16.020,
0.170,5.000,7,30,183.000,183.000,1890.840,25.000,150.500,52.010,14.490,
0.170,5.000,8,30,215.000,215.000,1627.330,25.000,204.900,44.560,14.520,
0.170,5.000,9,30,163.000,163.000,2029.070,25.000,130.500,42.630,15.060,
0.170,5.500,0,30,132.000,132.000,2092.100,27.500,121.700,40.110,14.640,
0.170,5.500,1,30,180.000,180.000,1840.390,27.500,168.900,57.200,14.720,
0.170,5.500,2,30,191.000,191.000,1691.680,27.500,109.000,46.740,13.850,
0.170,5.500,3,30,238.000,238.000,1948.470,27.500,186.600,55.140,14.940,
0.170,5.500,4,30,266.000,266.000,1912.280,27.500,203.800,57.300,14.260,
0.170,5.500,5,30,243.000,243.000,2032.180,27.500,155.700,63.920,14.790,
0.170,5.500,6,30,262.000,262.000,2000.370,27.500,220.300,62.980,15.380,
0.170,5.500,7,30,185.000,185.000,1812.540,27.500,155.600,53.870,14.100,
0.170,5.500,8,30,226.000,226.000,1624.080,27.500,215.600,49.950,13.430,
0.170,5.500,9,30,179.000,179.000,2018.970,27.500,140.400,46.860,10.980,
0.170,6.000,0,30,136.000,136.000,2122.620,30.000,125.100,41.140,11.050,
0.170,6.000,1,30,210.000,210.000,1867.360,30.000,174.700,60.400,10.380,
0.170,6.000,2,30,240.000,240.000,1691.680,30.000,231.600,53.890,10.230,
0.170,6.000,3,30,327.000,327.000,1948.470,30.000,240.600,67.590,10.130,
0.170,6.000,4,30,271.000,271.000,1872.100,30.000,206.300,63.090,10.450,
0.170,6.000,5,30,245.000,245.000,2060.670,30.000,161.400,69.560,10.180,
0.170,6.000,6,30,277.000,277.000,1995.720,30.000,232.900,65.810,10.470,
0.170,6.000,7,30,191.000,191.000,1838.670,30.000,159.400,57.120,9.230,
0.170,6.000,8,30,234.000,234.000,1529.870,30.000,223.100,57.600,8.700,
0.170,6.000,9,30,170.000,170.000,1976.390,30.000,149.500,52.960,9.070,
0.170,6.500,0,30,147.000,147.000,2087.890,32.500,137.000,48.900,9.050,
0.170,6.500,1,30,215.000,215.000,1868.150,32.500,202.600,67.480,9.020,
0.170,6.500,2,30,262.000,262.000,1753.740,32.500,253.900,56.080,8.300,
0.170,6.500,3,30,351.000,351.000,1915.070,32.500,258.400,74.970,9.290,
0.170,6.500,4,30,270.000,270.000,1900.020,32.500,205.000,63.960,8.480,
0.170,6.500,5,30,247.000,247.000,2056.370,32.500,181.000,71.770,9.340,
0.170,6.500,6,30,292.000,292.000,1955.750,32.500,281.600,68.520,8.840,
0.170,6.500,7,30,200.000,200.000,1838.670,32.500,170.100,59.860,8.090,
0.170,6.500,8,30,242.000,242.000,1654.610,32.500,231.600,60.450,8.680,
0.170,6.500,9,30,241.000,241.000,2020.720,32.500,173.200,60.330,12.350,
0.170,7.000,0,30,190.000,190.000,2120.290,35.000,140.400,50.600,12.830,
0.170,7.000,1,30,220.000,220.000,1835.620,35.000,209.400,72.060,11.870,
0.170,7.000,2,30,285.000,285.000,1708.700,35.000,276.500,60.790,11.770,
0.170,7.000,3,30,386.000,386.000,1915.070,35.000,289.700,78.510,13.270,
0.170,7.000,4,30,290.000,290.000,1801.910,35.000,223.400,67.020,12.810,
0.170,7.000,5,30,246.000,246.000,2079.470,35.000,185.600,71.770,14.070,
0.170,7.000,6,30,305.000,305.000,2023.790,35.000,294.600,74.240,13.740,
0.170,7.000,7,30,228.000,228.000,1844.460,35.000,175.500,64.740,12.820,
0.170,7.000,8,30,249.000,249.000,1576.350,35.000,238.800,72.720,12.730,
0.170,7.000,9,30,245.000,245.000,1981.180,35.000,175.700,62.170,15.170,
0.180,3.000,0,30,117.000,117.000,2152.310,15.000,82.000,25.230,16.220,
0.180,3.000,1,30,140.000,140.000,1819.860,15.000,106.300,39.410,14.360,
0.180,3.000,2,30,147.000,147.000,1857.830,15.000,90.100,32.730,14.940,
0.180,3.000,3,30,151.000,151.000,1897.780,15.000,110.300,34.120,14.890,
0.180,3.000,4,30,126.000,126.000,1792.090,15.000,114.800,33.020,14.720,
0.180,3.000,5,30,164.000,164.000,2004.480,15.000,127.300,36.280,15.000,
0.180,3.000,6,30,185.000,185.000,1948.350,15.000,149.900,37.640,15.510,
0.180,3.000,7,30,133.000,133.000,1789.460,15.000,124.400,32.340,14.140,
0.180,3.000,8,30,112.000,112.000,1531.750,15.000,102.600,28.390,13.000,
0.180,3.000,9,30,119.000,119.000,1921.920,15.000,77.500,30.970,12.950,
0.180,3.500,0,30,128.000,128.000,2152.350,17.500,89.800,29.800,13.150,
0.180,3.500,1,30,156.000,156.000,1808.730,17.500,122.700,43.860,12.280,
0.180,3.500,2,30,129.000,129.000,1864.830,17.500,95.600,31.380,12.410,
0.180,3.500,3,30,195.000,195.000,1910.970,17.500,121.600,41.380,12.020,
0.180,3.500,4,30,141.000,141.000,1846.430,17.500,123.100,37.730,12.040,
0.180,3.500,5,30,198.000,198.000,2060.460,17.500,129.500,48.160,12.490,
0.180,3.500,6,30,201.000,201.000,1950.820,17.500,164.200,45.230,12.070,
0.180,3.500,7,30,149.000,149.000,1773.710,17.500,134.700,40.770,10.970,
0.180,3.500,8,30,127.000,127.000,1527.710,17.500,117.200,33.000,10.550,
0.180,3.500,9,30,127.000,127.000,1922.890,17.500,110.100,34.550,7.880,
0.180,4.000,0,30,134.000,134.000,2168.430,20.000,112.200,34.460,8.240,
0.180,4.000,1,30,174.000,174.000,1835.030,20.000,135.600,48.810,7.930,
0.180,4.000,2,30,167.000,167.000,1793.800,20.000,102.600,36.320,8.020,
0.180,4.000,3,30,204.000,204.000,1948.390,20.000,131.300,44.320,7.940,
0.180,4.000,4,30,182.000,182.000,1800.250,20.000,132.900,44.940,7.890,
0.180,4.000,5,30,209.000,209.000,2001.460,20.000,137.200,56.930,8.720,
0.180,4.000,6,30,190.000,190.000,1952.260,20.000,179.400,53.500,8.050,
0.180,4.000,7,30,152.000,152.000,1773.710,20.000,144.000,39.030,7.720,
0.180,4.000,8,30,146.000,146.000,1556.540,20.000,136.800,35.790,7.270,
0.180,4.000,9,30,134.000,134.000,1937.200,20.000,120.400,38.780,13.140,
0.180,4.500,0,30,189.000,189.000,2157.470,22.500,118.100,37.590,15.110,
0.180,4.500,1,30,186.000,186.000,1873.080,22.500,168.700,54.410,13.940,
0.180,4.500,2,30,204.000,204.000,1882.220,22.500,128.500,38.280,14.500,
0.180,4.500,3,30,226.000,226.000,1887.710,22.500,173.000,53.490,14.590,
0.180,4.500,4,30,247.000,247.000,1789.890,22.500,188.600,49.170,13.840,
0.180,4.500,5,30,218.000,218.000,1936.170,22.500,151.700,62.890,15.100,
0.180,4.500,6,30,250.000,250.000,1952.510,22.500,195.400,58.610,14.960,
0.180,4.500,7,30,195.000,195.000,1769.220,22.500,152.100,47.400,14.200,
0.180,4.500,8,30,211.000,211.000,1644.410,22.500,200.400,49.260,14.800,
0.180,4.500,9,30,160.000,160.000,1925.870,22.500,129.700,42.850,14.530,
0.180,5.000,0,30,133.000,133.000,2193.760,25.000,122.700,37.570,15.250,
0.180,5.000,1,30,189.000,189.000,1840.390,25.000,178.400,60.920,13.900,
0.180,5.000,2,30,171.000,171.000,1776.730,25.000,131.800,44.030,13.820,
0.180,5.000,3,30,239.000,239.000,1909.620,25.000,186.400,51.340,15.480,
0.180,5.000,4,30,260.000,260.000,1770.820,25.000,199.300,52.390,14.200,
0.180,5.000,5,30,234.000,234.000,1969.630,25.000,162.100,65.560,15.290,
0.180,5.000,6,30,262.000,262.000,2031.240,25.000,220.100,63.090,15.020,
0.180,5.000,7,30,182.000,182.000,1881.040,25.000,157.400,53.110,13.340,
0.180,5.000,8,30,226.000,226.000,1610.020,25.000,215.600,49.750,14.120,
0.180,5.000,9,30,179.000,179.000,2018.970,25.000,140.700,47.470,11.060,
0.180,5.500,0,30,146.000,146.000,2100.920,27.500,136.000,42.400,10.620,
0.180,5.500,1,30,202.000,202.000,1839.300,27.500,191.400,63.980,9.920,
0.180,5.500,2,30,241.000,241.000,1691.680,27.500,232.700,53.480,9.570,
0.180,5.500,3,30,246.000,246.000,1948.470,27.500,194.500,59.180,10.240,
0.180,5.500,4,30,278.000,278.000,1814.000,27.500,214.800,66.490,9.910,
0.180,5.500,5,30,256.000,256.000,2017.370,27.500,170.300,73.060,9.960,
0.180,5.500,6,30,273.000,273.000,1935.580,27.500,233.200,65.300,9.790,
0.180,5.500,7,30,200.000,200.000,1870.010,27.500,163.400,58.120,9.030,
0.180,5.500,8,30,234.000,234.000,1624.080,27.500,224.000,52.900,9.040,
0.180,5.500,9,30,172.000,172.000,1981.200,27.500,151.000,54.190,10.130,
0.180,6.000,0,30,157.000,157.000,2122.620,30.000,140.800,44.200,9.800,
0.180,6.000,1,30,237.000,237.000,1862.120,30.000,203.300,67.760,9.390,
0.180,6.000,2,30,278.000,278.000,1691.680,30.000,269.500,59.610,9.630,
0.180,6.000,3,30,343.000,343.000,1948.470,30.000,256.500,75.060,12.020,
0.180,6.000,4,30,278.000,278.000,1830.390,30.000,212.500,66.600,10.740,
0.180,6.000,5,30,318.000,318.000,2041.040,30.000,192.600,83.300,12.190,
0.180,6.000,6,30,291.000,291.000,2020.920,30.000,280.900,68.250,11.440,
0.180,6.000,7,30,198.000,198.000,1845.290,30.000,175.900,63.730,11.420,
0.180,6.000,8,30,244.000,244.000,1594.320,30.000,233.100,61.340,11.480,
0.180,6.000,9,30,185.000,185.000,1970.520,30.000,162.900,56.170,16.010,
0.180,6.500,0,30,160.000,160.000,2087.890,32.500,149.900,50.020,15.430,
0.180,6.500,1,30,244.000,244.000,1869.220,32.500,210.500,72.890,15.620,
0.180,6.500,2,30,295.000,295.000,1764.650,32.500,287.000,62.320,14.740,
0.180,6.500,3,30,375.000,375.000,1915.070,32.500,283.000,78.720,16.010,
0.180,6.500,4,30,284.000,284.000,1847.120,32.500,218.200,70.980,15.410,
0.180,6.500,5,30,325.000,325.000,2044.510,32.500,202.800,87.260,16.300,
0.180,6.500,6,30,306.000,306.000,1962.040,32.500,295.100,71.400,15.410,
0.180,6.500,7,30,219.000,219.000,1845.290,32.500,179.300,66.870,13.590,
0.180,6.500,8,30,283.000,283.000,1541.470,32.500,242.200,84.250,14.770,
0.180,6.500,9,30,248.000,248.000,2028.090,32.500,180.500,65.720,15.370,
0.180,7.000,0,30,165.000,165.000,2149.370,35.000,154.500,51.480,15.040,
0.180,7.000,1,30,285.000,285.000,1839.710,35.000,221.200,78.750,14.780,
0.180,7.000,2,30,308.000,308.000,1708.700,35.000,300.000,65.300,14.410,
0.180,7.000,3,30,401.000,401.000,1915.070,35.000,304.300,82.340,14.490,
0.180,7.000,4,30,302.000,302.000,1796.630,35.000,234.400,75.760,13.710,
0.180,7.000,5,30,283.000,283.000,2092.480,35.000,212.600,81.860,14.010,
0.180,7.000,6,30,333.000,333.000,2030.370,35.000,322.500,81.340,13.480,
0.180,7.000,7,30,257.000,257.000,1845.290,35.000,248.700,70.720,13.020,
0.180,7.000,8,30,310.000,310.000,1587.760,35.000,249.100,92.870,12.910,
0.180,7.000,9,30,253.000,253.000,1981.180,35.000,183.900,66.680,8.690,
0.190,3.000,0,30,121.000,121.000,2144.340,15.000,85.600,27.370,8.940,
0.190,3.000,1,30,154.000,154.000,1819.860,15.000,111.500,45.620,8.190,
0.190,3.000,2,30,126.000,126.000,1809.190,15.000,94.200,34.760,7.870,
0.190,3.000,3,30,117.000,117.000,1899.580,15.000,102.900,36.250,8.080,
0.190,3.000,4,30,132.000,132.000,1823.390,15.000,120.300,33.810,8.200,
0.190,3.000,5,30,172.000,172.000,1986.600,15.000,135.900,39.360,8.390,
0.190,3.000,6,30,196.000,196.000,1969.330,15.000,160.600,40.110,8.170,
0.190,3.000,7,30,140.000,140.000,1789.460,15.000,132.000,39.270,7.720,
0.190,3.000,8,30,123.000,123.000,1549.180,15.000,114.000,31.110,7.870,
0.190,3.000,9,30,144.000,144.000,1971.540,15.000,85.600,36.240,13.300,
0.190,3.500,0,30,132.000,132.000,2168.400,17.500,109.200,33.130,13.820,
0.190,3.500,1,30,179.000,179.000,1787.190,17.500,152.200,51.360,13.200,
0.190,3.500,2,30,134.000,134.000,1864.830,17.500,102.500,33.650,13.480,
0.190,3.500,3,30,203.000,203.000,1874.320,17.500,128.500,47.730,14.190,
0.190,3.500,4,30,180.000,180.000,1818.920,17.500,132.000,44.470,14.020,
0.190,3.500,5,30,211.000,211.000,2057.330,17.500,140.500,54.740,14.750,
0.190,3.500,6,30,212.000,212.000,1948.900,17.500,175.800,48.730,14.540,
0.190,3.500,7,30,152.000,152.000,1753.650,17.500,143.100,42.820,13.330,
0.190,3.500,8,30,143.000,143.000,1522.100,17.500,133.900,35.420,13.280,
0.190,3.500,9,30,173.000,173.000,1931.950,17.500,117.500,43.260,15.890,
0.190,4.000,0,30,186.000,186.000,2168.400,20.000,117.300,36.900,16.890,
0.190,4.000,1,30,183.000,183.000,1874.780,20.000,167.000,52.370,15.770,
0.190,4.000,2,30,200.000,200.000,1856.210,20.000,131.200,43.940,15.460,
0.190,4.000,3,30,208.000,208.000,1902.950,20.000,136.200,47.040,16.340,
0.190,4.000,4,30,199.000,199.000,1828.490,20.000,143.500,48.990,16.330,
0.190,4.000,5,30,230.000,230.000,2001.460,20.000,154.700,62.750,16.650,
0.190,4.000,6,30,245.000,245.000,1953.590,20.000,191.100,59.400,16.280,
0.190,4.000,7,30,165.000,165.000,1794.690,20.000,152.400,47.310,15.290,
0.190,4.000,8,30,209.000,209.000,1557.710,20.000,198.300,48.100,14.780,
0.190,4.000,9,30,185.000,185.000,1936.740,20.000,127.100,45.710,11.080,
0.190,4.500,0,30,194.000,194.000,2166.430,22.500,122.800,38.550,11.110,
0.190,4.500,1,30,198.000,198.000,1873.120,22.500,176.900,57.440,10.250,
0.190,4.500,2,30,222.000,222.000,1879.180,22.500,214.000,43.630,10.200,
0.190,4.500,3,30,216.000,216.000,1901.180,22.500,153.800,56.830,10.650,
0.190,4.500,4,30,260.000,260.000,1789.890,22.500,200.200,58.360,9.560,
0.190,4.500,5,30,237.000,237.000,1941.030,22.500,163.500,68.370,10.000,
0.190,4.500,6,30,274.000,274.000,1952.510,22.500,217.600,66.570,9.860,
0.190,4.500,7,30,202.000,202.000,1774.040,22.500,158.700,50.690,8.830,
0.190,4.500,8,30,225.000,225.000,1567.350,22.500,214.200,49.110,9.020,
0.190,4.500,9,30,164.000,164.000,1957.990,22.500,139.600,44.010,9.170,
0.190,5.000,0,30,149.000,149.000,2052.340,25.000,138.500,40.620,8.990,
0.190,5.000,1,30,201.000,201.000,1852.750,25.000,190.700,64.120,8.740,
0.190,5.000,2,30,241.000,241.000,1787.450,25.000,232.300,54.420,8.880,
0.190,5.000,3,30,227.000,227.000,1895.110,25.000,179.700,56.730,9.240,
0.190,5.000,4,30,272.000,272.000,1840.550,25.000,209.900,59.360,9.170,
0.190,5.000,5,30,244.000,244.000,1969.630,25.000,182.600,72.430,10.340,
0.190,5.000,6,30,273.000,273.000,1965.370,25.000,231.900,68.170,10.340,
0.190,5.000,7,30,196.000,196.000,1881.040,25.000,173.400,56.810,9.360,
0.190,5.000,8,30,261.000,261.000,1629.070,25.000,223.600,58.870,10.200,
0.190,5.000,9,30,178.000,178.000,1978.420,25.000,151.300,52.960,15.510,
0.190,5.500,0,30,154.000,154.000,2100.920,27.500,143.300,44.190,15.340,
0.190,5.500,1,30,213.000,213.000,1879.870,27.500,203.000,66.440,14.990,
0.190,5.500,2,30,280.000,280.000,1691.680,27.500,271.200,61.020,13.750,
0.190,5.500,3,30,249.000,249.000,1948.470,27.500,194.300,68.660,15.700,
0.190,5.500,4,30,286.000,286.000,1814.000,27.500,221.700,70.120,13.940,
0.190,5.500,5,30,267.000,267.000,1969.320,27.500,193.300,74.630,14.850,
0.190,5.500,6,30,289.000,289.000,1935.580,27.500,278.900,71.980,14.610,
0.190,5.500,7,30,251.000,251.000,1901.270,27.500,178.400,66.910,14.580,
0.190,5.500,8,30,274.000,274.000,1460.800,27.500,233.500,66.920,13.430,
0.190,5.500,9,30,203.000,203.000,1975.330,27.500,170.800,58.360,15.410,
0.190,6.000,0,30,165.000,165.000,2107.160,30.000,154.700,47.900,14.110,
0.190,6.000,1,30,234.000,234.000,1860.990,30.000,210.800,73.340,13.880,
0.190,6.000,2,30,298.000,298.000,1691.680,30.000,289.500,64.650,12.990,
0.190,6.000,3,30,368.000,368.000,1917.560,30.000,281.100,79.560,15.240,
0.190,6.000,4,30,291.000,291.000,1830.390,30.000,223.800,79.760,14.640,
0.190,6.000,5,30,349.000,349.000,2000.510,30.000,202.400,91.210,14.930,
0.190,6.000,6,30,304.000,304.000,1963.830,30.000,293.700,76.090,14.580,
0.190,6.000,7,30,257.000,257.000,1836.740,30.000,248.600,72.110,13.610,
0.190,6.000,8,30,278.000,278.000,1568.260,30.000,243.500,77.680,13.720,
0.190,6.000,9,30,254.000,254.000,1970.520,30.000,183.500,64.370,12.210,
0.190,6.500,0,30,173.000,173.000,2087.890,32.500,162.300,53.050,11.680,
0.190,6.500,1,30,240.000,240.000,1897.550,32.500,221.700,77.990,11.190,
0.190,6.500,2,30,313.000,313.000,1762.320,32.500,304.800,65.310,10.800,
0.190,6.500,3,30,391.000,391.000,1915.070,32.500,298.100,86.330,10.960,
0.190,6.500,4,30,299.000,299.000,1871.860,32.500,232.800,80.670,10.780,
0.190,6.500,5,30,377.000,377.000,1988.110,32.500,221.700,94.390,10.700,
0.190,6.500,6,30,333.000,333.000,2030.370,32.500,322.300,86.150,10.830,
0.190,6.500,7,30,268.000,268.000,1836.740,32.500,259.800,70.960,9.740,
0.190,6.500,8,30,329.000,329.000,1540.700,32.500,250.800,88.900,9.870,
0.190,6.500,9,30,264.000,264.000,1928.950,32.500,211.400,70.340,9.170,
0.190,7.000,0,30,176.000,176.000,2149.370,35.000,165.100,54.230,9.480,
0.190,7.000,1,30,263.000,263.000,1863.770,35.000,236.000,85.710,9.390,
0.190,7.000,2,30,324.000,324.000,1708.550,35.000,315.400,77.660,8.010,
0.190,7.000,3,30,414.000,414.000,1915.070,35.000,317.500,89.440,10.470,
0.190,7.000,4,30,302.000,302.000,1785.540,35.000,232.100,77.850,9.930,
0.190,7.000,5,30,364.000,364.000,2022.030,35.000,266.300,99.220,11.420,
0.190,7.000,6,30,448.000,448.000,2026.240,35.000,335.300,105.390,11.110,
0.190,7.000,7,30,274.000,274.000,1845.290,35.000,265.300,77.000,9.410,
0.190,7.000,8,30,341.000,341.000,1603.090,35.000,258.600,105.230,10.180,
0.190,7.000,9,30,264.000,264.000,1970.600,35.000,193.400,74.720,15.230,
0.200,3.000,0,30,127.000,127.000,2144.340,15.000,91.400,28.790,15.570,
0.200,3.000,1,30,158.000,158.000,1871.100,15.000,142.100,51.240,14.110,
0.200,3.000,2,30,131.000,131.000,1738.260,15.000,100.600,37.710,14.280,
0.200,3.000,3,30,203.000,203.000,1823.910,15.000,122.200,45.830,14.590,
0.200,3.000,4,30,137.000,137.000,1777.090,15.000,126.000,36.130,14.920,
0.200,3.000,5,30,201.000,201.000,2064.770,15.000,147.200,50.980,15.850,
0.200,3.000,6,30,204.000,204.000,1911.560,15.000,167.800,44.080,14.590,
0.200,3.000,7,30,149.000,149.000,1815.400,15.000,140.100,41.790,14.180,
0.200,3.000,8,30,186.000,186.000,1596.940,15.000,130.100,39.950,13.610,
0.200,3.000,9,30,162.000,162.000,1899.360,15.000,109.700,41.820,14.320,
0.200,3.500,0,30,139.000,139.000,2168.400,17.500,115.300,34.190,15.710,
0.200,3.500,1,30,184.000,184.000,1787.190,17.500,163.300,54.450,14.160,
0.200,3.500,2,30,146.000,146.000,1864.830,17.500,108.900,36.990,14.150,
0.200,3.500,3,30,229.000,229.000,1819.700,17.500,150.200,49.610,14.220,
0.200,3.500,4,30,196.000,196.000,1800.250,17.500,142.200,49.990,14.210,
0.200,3.500,5,30,210.000,210.000,2057.330,17.500,152.000,59.420,14.440,
0.200,3.500,6,30,195.000,195.000,1872.000,17.500,184.500,54.840,13.930,
0.200,3.500,7,30,160.000,160.000,1754.730,17.500,151.400,45.620,13.780,
0.200,3.500,8,30,204.000,204.000,1522.100,17.500,193.400,46.430,12.990,
0.200,3.500,9,30,181.000,181.000,1930.700,17.500,121.900,45.050,9.290,
0.200,4.000,0,30,192.000,192.000,2168.400,20.000,122.100,38.300,9.720,
0.200,4.000,1,30,194.000,194.000,1851.000,20.000,174.600,60.350,9.310,
0.200,4.000,2,30,212.000,212.000,1791.040,20.000,201.100,51.680,8.210,
0.200,4.000,3,30,217.000,217.000,1885.390,20.000,149.600,52.800,8.310,
0.200,4.000,4,30,254.000,254.000,1828.490,20.000,193.200,59.220,8.130,
0.200,4.000,5,30,233.000,233.000,1993.860,20.000,158.300,67.680,8.400,
0.200,4.000,6,30,270.000,270.000,1935.480,20.000,210.800,65.360,8.850,
0.200,4.000,7,30,170.000,170.000,1773.510,20.000,158.800,51.270,7.280,
0.200,4.000,8,30,221.000,221.000,1517.700,20.000,211.000,58.170,7.420,
0.200,4.000,9,30,196.000,196.000,1931.950,20.000,133.100,47.810,10.130,
0.200,4.500,0,30,265.000,265.000,2166.430,22.500,189.500,42.580,11.720,
0.200,4.500,1,30,210.000,210.000,1818.100,22.500,187.700,60.020,10.710,
0.200,4.500,2,30,239.000,239.000,1704.180,22.500,230.400,54.840,10.590,
0.200,4.500,3,30,224.000,224.000,1912.000,22.500,177.900,61.160,12.010,
0.200,4.500,4,30,267.000,267.000,1789.890,22.500,204.900,61.780,11.030,
0.200,4.500,5,30,241.000,241.000,1941.030,22.500,183.700,72.520,12.400,
0.200,4.500,6,30,289.000,289.000,1965.470,22.500,228.500,72.120,11.310,
0.200,4.500,7,30,196.000,196.000,1865.310,22.500,175.000,56.420,11.890,
0.200,4.500,8,30,259.000,259.000,1534.210,22.500,221.800,63.020,10.660,
0.200,4.500,9,30,194.000,194.000,1999.500,22.500,150.100,49.130,14.530,
0.200,5.000,0,30,161.000,161.000,2049.330,25.000,150.100,44.210,14.950,
0.200,5.000,1,30,244.000,244.000,1876.220,25.000,201.700,69.510,14.960,
0.200,5.000,2,30,279.000,279.000,1818.690,25.000,270.600,69.410,14.690,
0.200,5.000,3,30,239.000,239.000,1915.710,25.000,191.600,60.570,15.120,
0.200,5.000,4,30,278.000,278.000,1848.780,25.000,213.400,67.260,14.210,
0.200,5.000,5,30,312.000,312.000,1931.720,25.000,192.300,82.920,14.530,
0.200,5.000,6,30,286.000,286.000,2022.610,25.000,275.400,71.550,15.100,
0.200,5.000,7,30,253.000,253.000,1889.750,25.000,244.100,65.670,13.700,
0.200,5.000,8,30,270.000,270.000,1577.880,25.000,232.900,64.800,13.410,
0.200,5.000,9,30,200.000,200.000,1923.750,25.000,178.000,59.250,14.240,
0.200,5.500,0,30,186.000,186.000,2110.280,27.500,161.200,50.540,13.590,
0.200,5.500,1,30,251.000,251.000,1880.850,27.500,210.400,78.220,13.400,
0.200,5.500,2,30,303.000,303.000,1740.280,27.500,294.600,69.320,12.900,
0.200,5.500,3,30,265.000,265.000,1927.160,27.500,215.400,72.510,13.810,
0.200,5.500,4,30,287.000,287.000,1872.410,27.500,219.400,76.220,13.640,
0.200,5.500,5,30,351.000,351.000,1985.640,27.500,198.400,100.340,13.460,
0.200,5.500,6,30,301.000,301.000,1939.340,27.500,290.600,82.520,13.100,
0.200,5.500,7,30,266.000,266.000,1901.300,27.500,257.300,68.980,12.870,
0.200,5.500,8,30,284.000,284.000,1477.010,27.500,243.700,69.590,12.460,
0.200,5.500,9,30,260.000,260.000,1975.330,27.500,187.500,70.340,7.770,
0.200,6.000,0,30,175.000,175.000,2107.160,30.000,165.000,52.440,8.270,
0.200,6.000,1,30,259.000,259.000,1815.920,30.000,221.500,80.840,7.980,
0.200,6.000,2,30,316.000,316.000,1740.280,30.000,307.700,71.440,7.350,
0.200,6.000,3,30,384.000,384.000,1930.660,30.000,297.400,83.070,7.950,
0.200,6.000,4,30,306.000,306.000,1829.450,30.000,239.900,82.450,8.180,
0.200,6.000,5,30,365.000,365.000,2016.800,30.000,207.300,101.370,8.560,
0.200,6.000,6,30,330.000,330.000,1961.110,30.000,319.100,87.070,8.280,
0.200,6.000,7,30,273.000,273.000,1846.130,30.000,264.100,78.240,7.420,
0.200,6.000,8,30,333.000,333.000,1537.950,30.000,251.500,90.800,7.350,
0.200,6.000,9,30,378.000,378.000,1920.120,30.000,290.000,79.480,12.470,
0.200,6.500,0,30,207.000,207.000,2087.890,32.500,168.000,59.000,13.340,
0.200,6.500,1,30,264.000,264.000,1841.060,32.500,236.100,88.890,12.990,
0.200,6.500,2,30,329.000,329.000,1823.680,32.500,320.500,74.170,12.980,
0.200,6.500,3,30,405.000,405.000,1915.070,32.500,312.600,86.520,13.400,
0.200,6.500,4,30,306.000,306.000,1894.030,32.500,235.800,84.450,13.940,
0.200,6.500,5,30,392.000,392.000,1993.120,32.500,318.100,101.870,14.420,
0.200,6.500,6,30,345.000,345.000,2030.370,32.500,334.100,97.350,14.300,
0.200,6.500,7,30,286.000,286.000,1787.720,32.500,277.800,79.800,13.880,
0.200,6.500,8,30,346.000,346.000,1540.540,32.500,262.100,99.330,13.670,
0.200,6.500,9,30,367.000,367.000,1973.700,32.500,314.200,84.470,14.490,
0.200,7.000,0,30,214.000,214.000,2149.370,35.000,172.600,60.580,15.560,
0.200,7.000,1,30,319.000,319.000,1832.310,35.000,309.000,96.830,14.100,
0.200,7.000,2,30,340.000,340.000,1720.130,35.000,331.400,95.190,14.540,
0.200,7.000,3,30,433.000,433.000,1935.250,35.000,335.500,88.860,14.680,
0.200,7.000,4,30,319.000,319.000,1838.880,35.000,250.400,87.030,14.400,
0.200,7.000,5,30,422.000,422.000,2091.640,35.000,351.500,119.740,14.710,
0.200,7.000,6,30,463.000,463.000,2012.210,35.000,350.500,110.620,14.590,
0.200,7.000,7,30,332.000,332.000,1846.130,35.000,291.600,87.870,14.020,
0.200,7.000,8,30,338.000,338.000,1531.310,35.000,271.700,101.610,13.510,
0.200,7.000,9,30,314.000,314.000,1962.440,35.000,203.200,84.620,6.930,
